{"type":"FeatureCollection","name":"barlig_parcels","features":[{"type":"Feature","properties":{"source":"barlig map projection 2023.dxf","layer":"MPV LOTS,DECLARED  PROPERTY,declared property","parcel_id":1,"area_m2":43.19},"geometry":{"type":"Polygon","coordinates":[[[121.09706063880495,17.037135662140194],[121.09703028874779,17.037114811012547],[121.09700477022469,17.03711236466023],[121.09699761740237,17.037149570189285],[121.09703347161987,17.037192560424582],[121.09707435488802,17.037159231627268],[121.09706063880495,17.037135662140194]]]}},{"type":"Feature","properties":{"source":"barlig map projection 2023.dxf","layer":"MPV LOTS,DECLARED  PROPERTY,declared property","parcel_id":2,"area_m2":55.57},"geometry":{"type":"Polygon","coordinates":[[[121.09731045897169,17.037284301309324],[121.09734944722739,17.037236154536696],[121.09740921374461,17.037269750884423],[121.09737530882101,17.03732660722504],[121.09733087251274,17.037299527827987],[121.09731045897169,17.037284301309324]]]}},{"type":"Feature","properties":{"source":"barlig map projection 2023.dxf","layer":"MPV LOTS,DECLARED  PROPERTY,declared property","parcel_id":3,"area_m2":265.12},"geometry":{"type":"Polygon","coordinates":[[[121.10001509286089,17.038614208838652],[121.10004573197376,17.0387165881381],[121.10014268173197,17.038683540966005],[121.10021968914447,17.038628701878604],[121.10027482663327,17.038553987810516],[121.10027024629734,17.038533307118726],[121.10001509286089,17.038614208838652]]]}},{"type":"Feature","properties":{"source":"barlig map projection 2023.dxf","layer":"MPV LOTS,DECLARED  PROPERTY,declared property","parcel_id":4,"area_m2":309964.75},"geometry":{"type":"Polygon","coordinates":[[[121.13133708857865,17.02998541763105],[121.13967051164447,17.030681461419977],[121.14028294937452,17.02572362721793],[121.13121440969766,17.028828221369725],[121.13133708857865,17.02998541763105]]]}},{"type":"Feature","properties":{"source":"barlig map projection 2023.dxf","layer":"MPV LOTS,DECLARED  PROPERTY,declared property","parcel_id":5,"area_m2":3763.72},"geometry":{"type":"Polygon","coordinates":[[[121.088151880048,17.04799694536025],[121.08811945480633,17.04859360887328],[121.08806880779295,17.04901196216045],[121.08828611525877,17.048985341327104],[121.08853882907214,17.047935916042498],[121.0883744070893,17.0478414092711],[121.088151880048,17.04799694536025]]]}},{"type":"Feature","properties":{"source":"barlig map projection 2023.dxf","layer":"MPV LOTS,DECLARED  PROPERTY,declared property","parcel_id":6,"area_m2":4696.85},"geometry":{"type":"Polygon","coordinates":[[[121.08613205974183,17.031866165373643],[121.0860867940483,17.031874176271597],[121.08601117592009,17.031936763857967],[121.08588064643862,17.0319863303685],[121.08576910098593,17.031950785744865],[121.08570929273176,17.031937297635892],[121.08549254983397,17.031941568570456],[121.0854340951963,17.03196222945047],[121.08535779520533,17.032046888660098],[121.0852936724468,17.032224431789274],[121.08518628991882,17.032363820151474],[121.08488624088253,17.03251885523194],[121.08508859484013,17.032760948549864],[121.08557721867089,17.03242577434674],[121.08579055288459,17.032320418654535],[121.08613205974183,17.031866165373643]]]}},{"type":"Feature","properties":{"source":"barlig map projection 2023.dxf","layer":"MPV LOTS,DECLARED  PROPERTY,declared property","parcel_id":7,"area_m2":12040.9},"geometry":{"type":"Polygon","coordinates":[[[121.09944300578192,17.033899728594527],[121.09866397542979,17.033713482442753],[121.0986748440009,17.033888926828194],[121.09856787211558,17.03415576892731],[121.098784900126,17.03431986535933],[121.09955546153627,17.034481800351497],[121.10005339756673,17.03465920983453],[121.10011743624068,17.03458704997942],[121.10019734531473,17.034556854712847],[121.10039619684981,17.033918098362328],[121.10001383338052,17.033886203283764],[121.09944300578192,17.033899728594527]]]}},{"type":"Feature","properties":{"source":"barlig map projection 2023.dxf","layer":"MPV LOTS,DECLARED  PROPERTY,declared property","parcel_id":8,"area_m2":10856.33},"geometry":{"type":"Polygon","coordinates":[[[121.10226959115955,17.046497766651466],[121.10293642441655,17.04558125775471],[121.10193638098254,17.045214400564813],[121.101686396269,17.04566435941038],[121.10196958626824,17.046431024712216],[121.10226959115955,17.046497766651466]]]}},{"type":"Feature","properties":{"source":"barlig map projection 2023.dxf","layer":"MPV LOTS,DECLARED  PROPERTY,declared property","parcel_id":9,"area_m2":6021.02},"geometry":{"type":"Polygon","coordinates":[[[121.0816100724462,17.03345672217414],[121.08200066993237,17.03308500382148],[121.08205808554463,17.0322199385171],[121.08164907805161,17.032122048037476],[121.08151286714981,17.032787621435915],[121.0816100724462,17.03345672217414]]]}},{"type":"Feature","properties":{"source":"barlig map projection 2023.dxf","layer":"MPV LOTS,DECLARED  PROPERTY,declared property","parcel_id":10,"area_m2":237.73},"geometry":{"type":"Polygon","coordinates":[[[121.0747314697604,17.02622399764985],[121.07478767795021,17.026077861685735],[121.07474209208826,17.025991580562003],[121.07460990882628,17.026168465677493],[121.0747314697604,17.02622399764985]]]}},{"type":"Feature","properties":{"source":"barlig map projection 2023.dxf","layer":"MPV LOTS,DECLARED  PROPERTY,declared property","parcel_id":11,"area_m2":810.54},"geometry":{"type":"Polygon","coordinates":[[[121.0747314697604,17.02622399764985],[121.0746099087601,17.026168284951638],[121.07449882871,17.026263203654214],[121.07447378001427,17.026344267684276],[121.07453470145339,17.026500574950187],[121.07489501249538,17.0262704789723],[121.0747314697604,17.02622399764985]]]}},{"type":"Feature","properties":{"source":"barlig map projection 2023.dxf","layer":"MPV LOTS,DECLARED  PROPERTY,declared property","parcel_id":12,"area_m2":505.59},"geometry":{"type":"Polygon","coordinates":[[[121.07446062553505,17.026074086944586],[121.07460990882628,17.026168465677493],[121.07474209208826,17.025991580562003],[121.07452771458107,17.025887645497544],[121.07446062553505,17.026074086944586]]]}},{"type":"Feature","properties":{"source":"barlig map projection 2023.dxf","layer":"MPV LOTS,DECLARED  PROPERTY,declared property","parcel_id":13,"area_m2":476.16},"geometry":{"type":"Polygon","coordinates":[[[121.07446062553505,17.026074086944586],[121.07440341567786,17.026049979378534],[121.07433615797667,17.026032019868346],[121.07425124542887,17.026023012220097],[121.07421231548257,17.02615875047871],[121.07431986793709,17.026177690426813],[121.07434971192401,17.0261103599622],[121.07442072947495,17.026135908683905],[121.07449882871,17.026263203654214],[121.0746099087601,17.026168284951638],[121.07446062553505,17.026074086944586]]]}},{"type":"Feature","properties":{"source":"barlig map projection 2023.dxf","layer":"MPV LOTS,DECLARED  PROPERTY,declared property","parcel_id":14,"area_m2":135.16},"geometry":{"type":"Polygon","coordinates":[[[121.07446062553505,17.026074086944586],[121.07452771458107,17.025887645497544],[121.07447773840157,17.025867150020712],[121.07440341567786,17.026049979378534],[121.07446062553505,17.026074086944586]]]}},{"type":"Feature","properties":{"source":"barlig map projection 2023.dxf","layer":"MPV LOTS,DECLARED  PROPERTY,declared property","parcel_id":15,"area_m2":261.26},"geometry":{"type":"Polygon","coordinates":[[[121.07433615797667,17.026032019868346],[121.07440341567786,17.026049979378534],[121.07447773840157,17.025867150020712],[121.07449378430329,17.025824854735298],[121.07440631769374,17.02576614839669],[121.07433615797667,17.026032019868346]]]}},{"type":"Feature","properties":{"source":"barlig map projection 2023.dxf","layer":"MPV LOTS,DECLARED  PROPERTY,declared property","parcel_id":16,"area_m2":304.08},"geometry":{"type":"Polygon","coordinates":[[[121.07425124542887,17.026023012220097],[121.07433615797667,17.026032019868346],[121.07440631769374,17.02576614839669],[121.07430393334094,17.025752538162745],[121.07425124542887,17.026023012220097]]]}},{"type":"Feature","properties":{"source":"barlig map projection 2023.dxf","layer":"MPV LOTS,DECLARED  PROPERTY,declared property","parcel_id":17,"area_m2":234.79},"geometry":{"type":"Polygon","coordinates":[[[121.07425124542887,17.026023012220097],[121.07430393334094,17.025752538162745],[121.07423123387062,17.02575057469398],[121.07417590872134,17.02600126013689],[121.07425124542887,17.026023012220097]]]}},{"type":"Feature","properties":{"source":"barlig map projection 2023.dxf","layer":"MPV LOTS,DECLARED  PROPERTY,declared property","parcel_id":18,"area_m2":211.16},"geometry":{"type":"Polygon","coordinates":[[[121.07410170364444,17.02599188736802],[121.07412073129576,17.026141973811352],[121.07421231548257,17.02615875047871],[121.07425124542887,17.026023012220097],[121.07417590872134,17.02600126013689],[121.07410170364444,17.02599188736802]]]}},{"type":"Feature","properties":{"source":"barlig map projection 2023.dxf","layer":"MPV LOTS,DECLARED  PROPERTY,declared property","parcel_id":19,"area_m2":423.15},"geometry":{"type":"Polygon","coordinates":[[[121.07410170364444,17.02599188736802],[121.07402965982757,17.025985134371055],[121.07391751050294,17.025981015333514],[121.07383939899246,17.026077820236377],[121.07395494852841,17.026133806503584],[121.07412167791728,17.026162214791473],[121.07412073129576,17.026141973811352],[121.07410170364444,17.02599188736802]]]}},{"type":"Feature","properties":{"source":"barlig map projection 2023.dxf","layer":"MPV LOTS,DECLARED  PROPERTY,declared property","parcel_id":20,"area_m2":150.61},"geometry":{"type":"Polygon","coordinates":[[[121.08225550900664,17.031257770710827],[121.08236398924744,17.03123938616175],[121.0823578394738,17.031130410846412],[121.08223639695015,17.031148348458707],[121.08225550900664,17.031257770710827]]]}},{"type":"Feature","properties":{"source":"barlig map projection 2023.dxf","layer":"MPV LOTS,DECLARED  PROPERTY,declared property","parcel_id":21,"area_m2":466.43},"geometry":{"type":"Polygon","coordinates":[[[121.07410170364444,17.02599188736802],[121.07417590872134,17.02600126013689],[121.07423123387062,17.02575057469398],[121.07417929277709,17.025750592193834],[121.07403944463209,17.025771874537018],[121.07402965982757,17.025985134371055],[121.07410170364444,17.02599188736802]]]}},{"type":"Feature","properties":{"source":"barlig map projection 2023.dxf","layer":"MPV LOTS,DECLARED  PROPERTY,declared property","parcel_id":22,"area_m2":274.04},"geometry":{"type":"Polygon","coordinates":[[[121.07391751050294,17.025981015333514],[121.07402965982757,17.025985134371055],[121.07403944463209,17.025771874537018],[121.07402329050159,17.025775042668858],[121.07392279350334,17.025785739240746],[121.07391751050294,17.025981015333514]]]}},{"type":"Feature","properties":{"source":"barlig map projection 2023.dxf","layer":"MPV LOTS,DECLARED  PROPERTY,declared property","parcel_id":23,"area_m2":291.94},"geometry":{"type":"Polygon","coordinates":[[[121.07400127422474,17.02567149413129],[121.07402329050159,17.025775042668858],[121.07403944463209,17.025771874537018],[121.07417929188931,17.025748152394645],[121.07423123387062,17.02575057469398],[121.07417258329401,17.025638634765276],[121.0740490618122,17.02561436869191],[121.07400127422474,17.02567149413129]]]}},{"type":"Feature","properties":{"source":"barlig map projection 2023.dxf","layer":"MPV LOTS,DECLARED  PROPERTY,declared property","parcel_id":24,"area_m2":149.79},"geometry":{"type":"Polygon","coordinates":[[[121.07400127422474,17.02567149413129],[121.0740490618122,17.02561436869191],[121.07387697272459,17.025568251000983],[121.07386742536964,17.025659611140032],[121.07390415445722,17.025670713465384],[121.07400127422474,17.02567149413129]]]}},{"type":"Feature","properties":{"source":"barlig map projection 2023.dxf","layer":"MPV LOTS,DECLARED  PROPERTY,declared property","parcel_id":25,"area_m2":260.06},"geometry":{"type":"Polygon","coordinates":[[[121.07386742536964,17.025659611140032],[121.07387697272459,17.025568251000983],[121.07364109461666,17.025485015317106],[121.07361604418581,17.025562012916623],[121.07386742536964,17.025659611140032]]]}},{"type":"Feature","properties":{"source":"barlig map projection 2023.dxf","layer":"MPV LOTS,DECLARED  PROPERTY,declared property","parcel_id":26,"area_m2":1896.53},"geometry":{"type":"Polygon","coordinates":[[[121.07391751050294,17.025981015333514],[121.07392279350334,17.025785739240746],[121.07402329050159,17.025775042668858],[121.07400127422474,17.02567149413129],[121.07390415445722,17.025670713465384],[121.07386742536964,17.025659611140032],[121.07361604418581,17.025562012916623],[121.0735751370291,17.02568555272345],[121.07369941695829,17.025729337227002],[121.07365014488536,17.025837608506617],[121.07359370770358,17.025871965278228],[121.07350794100641,17.025838198157622],[121.07346395813734,17.0260283364539],[121.07383939899246,17.026077820236377],[121.07391751050294,17.025981015333514]]]}},{"type":"Feature","properties":{"source":"barlig map projection 2023.dxf","layer":"MPV LOTS,DECLARED  PROPERTY,declared property","parcel_id":27,"area_m2":266.42},"geometry":{"type":"Polygon","coordinates":[[[121.07350794100641,17.025838198157622],[121.07359370965959,17.0258773870542],[121.07365014488536,17.025837608506617],[121.07369941695829,17.025729337227002],[121.0735751370291,17.02568555272345],[121.07353120317767,17.025750809431123],[121.07350794100641,17.025838198157622]]]}},{"type":"Feature","properties":{"source":"barlig map projection 2023.dxf","layer":"MPV LOTS,DECLARED  PROPERTY,declared property","parcel_id":28,"area_m2":748.1},"geometry":{"type":"Polygon","coordinates":[[[121.07353120317767,17.025750809431123],[121.0735751370291,17.02568555272345],[121.07361604418581,17.025562012916623],[121.07364109461666,17.025485015317106],[121.07347162398842,17.025406456108545],[121.07329285880218,17.02560043449864],[121.07345678314783,17.025665802712513],[121.07344534223057,17.025715957959576],[121.07353120317767,17.025750809431123]]]}},{"type":"Feature","properties":{"source":"barlig map projection 2023.dxf","layer":"MPV LOTS,DECLARED  PROPERTY,declared property","parcel_id":29,"area_m2":417.42},"geometry":{"type":"Polygon","coordinates":[[[121.07350794100641,17.025838198157622],[121.07353120317767,17.025750809431123],[121.07344534223057,17.025715957959576],[121.07345678314783,17.025665802712513],[121.07329285880218,17.02560043449864],[121.07325924761574,17.025640295728643],[121.07330734703152,17.025666213906835],[121.07327178756184,17.025773396180917],[121.07333866793729,17.02578738020019],[121.0734419082771,17.025830720043786],[121.07350794100641,17.025838198157622]]]}},{"type":"Feature","properties":{"source":"barlig map projection 2023.dxf","layer":"MPV LOTS,DECLARED  PROPERTY,declared property","parcel_id":30,"area_m2":193.07},"geometry":{"type":"Polygon","coordinates":[[[121.07350794100641,17.025838198157622],[121.0734419082771,17.025830720043786],[121.07336232683923,17.02601951473154],[121.07346395813734,17.0260283364539],[121.07350794100641,17.025838198157622]]]}},{"type":"Feature","properties":{"source":"barlig map projection 2023.dxf","layer":"MPV LOTS,DECLARED  PROPERTY,declared property","parcel_id":31,"area_m2":278.97},"geometry":{"type":"Polygon","coordinates":[[[121.08225532114913,17.031257770781576],[121.08223639695015,17.031148348458707],[121.08198399985947,17.03112214773575],[121.08204225588909,17.031172006176114],[121.08203410304635,17.031218726847683],[121.08214100889523,17.03125546436624],[121.08225532114913,17.031257770781576]]]}},{"type":"Feature","properties":{"source":"barlig map projection 2023.dxf","layer":"MPV LOTS,DECLARED  PROPERTY,declared property","parcel_id":32,"area_m2":288.42},"geometry":{"type":"Polygon","coordinates":[[[121.07333866793729,17.02578738020019],[121.07324348643643,17.025953227843786],[121.07336232683923,17.02601951473154],[121.0734419082771,17.025830720043786],[121.07333866793729,17.02578738020019]]]}},{"type":"Feature","properties":{"source":"barlig map projection 2023.dxf","layer":"MPV LOTS,DECLARED  PROPERTY,declared property","parcel_id":33,"area_m2":762.2},"geometry":{"type":"Polygon","coordinates":[[[121.07333866793729,17.02578738020019],[121.07327178756184,17.025773396180917],[121.07311199431194,17.02570350830183],[121.07293526230521,17.02580639985148],[121.07308287854319,17.025969456100018],[121.07324348643643,17.025953227843786],[121.07333866793729,17.02578738020019]]]}},{"type":"Feature","properties":{"source":"barlig map projection 2023.dxf","layer":"MPV LOTS,DECLARED  PROPERTY,declared property","parcel_id":34,"area_m2":186.43},"geometry":{"type":"Polygon","coordinates":[[[121.07311199431194,17.02570350830183],[121.07327178756184,17.025773396180917],[121.07330734703152,17.025666213906835],[121.07325924761574,17.025640295728643],[121.0732227973344,17.025620789440023],[121.07311199431194,17.02570350830183]]]}},{"type":"Feature","properties":{"source":"barlig map projection 2023.dxf","layer":"MPV LOTS,DECLARED  PROPERTY,declared property","parcel_id":35,"area_m2":181.27},"geometry":{"type":"Polygon","coordinates":[[[121.07342795187898,17.025415958769493],[121.07337105980704,17.025491069321383],[121.07325698583435,17.025619241913592],[121.07321010987356,17.025600010175157],[121.07308841406301,17.02569005203929],[121.07288792002291,17.025796475576797],[121.07293526230521,17.02580639985148],[121.07311199431194,17.02570350830183],[121.0732227973344,17.025620789440023],[121.07325924761574,17.025640295728643],[121.07329285880218,17.02560043449864],[121.07347162398842,17.025406456108545],[121.07342795187898,17.025415958769493]]]}},{"type":"Feature","properties":{"source":"barlig map projection 2023.dxf","layer":"MPV LOTS,DECLARED  PROPERTY,declared property","parcel_id":36,"area_m2":1056.77},"geometry":{"type":"Polygon","coordinates":[[[121.07281921924492,17.02568200841375],[121.07255372203886,17.025506611036228],[121.07242735402511,17.025665329883086],[121.07271644676672,17.025896835035862],[121.07288792002291,17.025796475576797],[121.07287033156481,17.025728438089626],[121.07281921924492,17.02568200841375]]]}},{"type":"Feature","properties":{"source":"barlig map projection 2023.dxf","layer":"MPV LOTS,DECLARED  PROPERTY,declared property","parcel_id":37,"area_m2":347.3},"geometry":{"type":"Polygon","coordinates":[[[121.07281921924492,17.02568200841375],[121.07287033156481,17.025728438089626],[121.07288792002291,17.025796475576797],[121.07308841406301,17.02569005203929],[121.07297586335407,17.025613551894267],[121.07288934444468,17.02557689314569],[121.07281921924492,17.02568200841375]]]}},{"type":"Feature","properties":{"source":"barlig map projection 2023.dxf","layer":"MPV LOTS,DECLARED  PROPERTY,declared property","parcel_id":38,"area_m2":279.41},"geometry":{"type":"Polygon","coordinates":[[[121.07314481235785,17.025547079157764],[121.07307124755563,17.025489000170392],[121.07297586335407,17.025613551894267],[121.07308841406301,17.02569005203929],[121.07321010987356,17.025600010175157],[121.07314481235785,17.025547079157764]]]}},{"type":"Feature","properties":{"source":"barlig map projection 2023.dxf","layer":"MPV LOTS,DECLARED  PROPERTY,declared property","parcel_id":39,"area_m2":261.9},"geometry":{"type":"Polygon","coordinates":[[[121.07314481235785,17.025547079157764],[121.07321010987356,17.025600010175157],[121.07325698583435,17.025619241913592],[121.07337105980704,17.025491069321383],[121.07326199221052,17.025436436007457],[121.07323400518621,17.02544448760727],[121.07314481235785,17.025547079157764]]]}},{"type":"Feature","properties":{"source":"barlig map projection 2023.dxf","layer":"MPV LOTS,DECLARED  PROPERTY,declared property","parcel_id":40,"area_m2":133.66},"geometry":{"type":"Polygon","coordinates":[[[121.07326199221052,17.025436436007457],[121.07337105980704,17.025491069321383],[121.07342795187898,17.025415958769493],[121.07330132076268,17.02536295785868],[121.07326199221052,17.025436436007457]]]}},{"type":"Feature","properties":{"source":"barlig map projection 2023.dxf","layer":"MPV LOTS,DECLARED  PROPERTY,declared property","parcel_id":41,"area_m2":434.64},"geometry":{"type":"Polygon","coordinates":[[[121.07314481235785,17.025547079157764],[121.07323400518621,17.02544448760727],[121.07326199221052,17.025436436007457],[121.07330132076268,17.02536295785868],[121.07309804703266,17.02531215099809],[121.07301140147017,17.025446278316192],[121.07307124755563,17.025489000170392],[121.07314481235785,17.025547079157764]]]}},{"type":"Feature","properties":{"source":"barlig map projection 2023.dxf","layer":"MPV LOTS,DECLARED  PROPERTY,declared property","parcel_id":42,"area_m2":313.43},"geometry":{"type":"Polygon","coordinates":[[[121.08225550900664,17.031257770710827],[121.08214100889523,17.03125546436624],[121.08204349592032,17.031218723320197],[121.08200006089713,17.031351844152145],[121.0822290684785,17.031374258419618],[121.08225550900664,17.031257770710827]]]}},{"type":"Feature","properties":{"source":"barlig map projection 2023.dxf","layer":"MPV LOTS,DECLARED  PROPERTY,declared property","parcel_id":43,"area_m2":160.85},"geometry":{"type":"Polygon","coordinates":[[[121.07301140147017,17.025446278316192],[121.07288934444468,17.02557689314569],[121.07297586335407,17.025613551894267],[121.07307124755563,17.025489000170392],[121.07301140147017,17.025446278316192]]]}},{"type":"Feature","properties":{"source":"barlig map projection 2023.dxf","layer":"MPV LOTS,DECLARED  PROPERTY,declared property","parcel_id":44,"area_m2":560.58},"geometry":{"type":"Polygon","coordinates":[[[121.07281921924492,17.02568200841375],[121.07288934444468,17.02557689314569],[121.072781295467,17.02548114409597],[121.07272399069373,17.0254531504792],[121.07258297653624,17.025364821947846],[121.07255372203886,17.025506611036228],[121.07281921924492,17.02568200841375]]]}},{"type":"Feature","properties":{"source":"barlig map projection 2023.dxf","layer":"MPV LOTS,DECLARED  PROPERTY,declared property","parcel_id":45,"area_m2":292.4},"geometry":{"type":"Polygon","coordinates":[[[121.07301140147017,17.025446278316192],[121.07294451055283,17.0254023840557],[121.07286334764791,17.025371687478245],[121.072781295467,17.02548114409597],[121.07288934444468,17.02557689314569],[121.07301140147017,17.025446278316192]]]}},{"type":"Feature","properties":{"source":"barlig map projection 2023.dxf","layer":"MPV LOTS,DECLARED  PROPERTY,declared property","parcel_id":46,"area_m2":103.82},"geometry":{"type":"Polygon","coordinates":[[[121.07301140147017,17.025446278316192],[121.07309804700031,17.02531206063515],[121.0729792445452,17.025350413869972],[121.07294451055283,17.0254023840557],[121.07301140147017,17.025446278316192]]]}},{"type":"Feature","properties":{"source":"barlig map projection 2023.dxf","layer":"MPV LOTS,DECLARED  PROPERTY,declared property","parcel_id":47,"area_m2":90.49},"geometry":{"type":"Polygon","coordinates":[[[121.07284011846814,17.025289013050653],[121.07286334764791,17.025371687478245],[121.07294451055283,17.0254023840557],[121.0729792445452,17.025350413869972],[121.07284011846814,17.025289013050653]]]}},{"type":"Feature","properties":{"source":"barlig map projection 2023.dxf","layer":"MPV LOTS,DECLARED  PROPERTY,declared property","parcel_id":48,"area_m2":430.94},"geometry":{"type":"Polygon","coordinates":[[[121.07284011846814,17.025289013050653],[121.07259844812111,17.025291171053613],[121.07258297653624,17.025364821947846],[121.07272399069373,17.0254531504792],[121.072781295467,17.02548114409597],[121.07286334764791,17.025371687478245],[121.07284011846814,17.025289013050653]]]}},{"type":"Feature","properties":{"source":"barlig map projection 2023.dxf","layer":"MPV LOTS,DECLARED  PROPERTY,declared property","parcel_id":49,"area_m2":1010.53},"geometry":{"type":"Polygon","coordinates":[[[121.07217261681514,17.025637310444772],[121.07236235183107,17.025650079866537],[121.07245456198389,17.02557911469995],[121.07252572399985,17.02548375841375],[121.07257027047675,17.025291451411196],[121.07235893806084,17.025293328061238],[121.07226235005884,17.025467669834192],[121.07217261681514,17.025637310444772]]]}},{"type":"Feature","properties":{"source":"barlig map projection 2023.dxf","layer":"MPV LOTS,DECLARED  PROPERTY,declared property","parcel_id":50,"area_m2":1787.25},"geometry":{"type":"Polygon","coordinates":[[[121.07217261873016,17.025642732221034],[121.07226235005884,17.025467669834192],[121.07235893806084,17.025293328061238],[121.07165356283676,17.025315154827208],[121.07164336469096,17.02542865400199],[121.07217261873016,17.025642732221034]]]}},{"type":"Feature","properties":{"source":"barlig map projection 2023.dxf","layer":"MPV LOTS,DECLARED  PROPERTY,declared property","parcel_id":51,"area_m2":136.63},"geometry":{"type":"Polygon","coordinates":[[[121.08263182729763,17.031354678367737],[121.08266750726774,17.031322947490263],[121.08265434193457,17.031285542242685],[121.08245242976616,17.03137065005173],[121.08238659086088,17.031383416066962],[121.08238829506134,17.03141648823779],[121.08263182729763,17.031354678367737]]]}},{"type":"Feature","properties":{"source":"barlig map projection 2023.dxf","layer":"MPV LOTS,DECLARED  PROPERTY,declared property","parcel_id":52,"area_m2":22033.16},"geometry":{"type":"Polygon","coordinates":[[[121.07883434449968,17.037064121335455],[121.07852287266033,17.037078600888485],[121.07861558144687,17.037800747403136],[121.07944816000564,17.037711258819492],[121.0794484292182,17.03815819326398],[121.08038757486422,17.037950106098688],[121.08038718015894,17.036956295845105],[121.07895538867851,17.03673633172501],[121.07883434449968,17.037064121335455]]]}},{"type":"Feature","properties":{"source":"barlig map projection 2023.dxf","layer":"MPV LOTS,DECLARED  PROPERTY,declared property","parcel_id":53,"area_m2":832.9},"geometry":{"type":"Polygon","coordinates":[[[121.08169672878925,17.03126285998409],[121.08183341144778,17.031303110681954],[121.0819363808284,17.031360904333255],[121.08200006089713,17.031351844152145],[121.08204349592032,17.031218723320197],[121.08204225588909,17.031172006176114],[121.08198399985947,17.03112214773575],[121.08166904371016,17.031089463961234],[121.08169672878925,17.03126285998409]]]}},{"type":"Feature","properties":{"source":"barlig map projection 2023.dxf","layer":"MPV LOTS,DECLARED  PROPERTY,declared property","parcel_id":54,"area_m2":95.23},"geometry":{"type":"Polygon","coordinates":[[[121.07769734184122,17.03716943862409],[121.07781194969749,17.037198494817922],[121.07780703205397,17.037111928965334],[121.07768501696583,17.037117665084917],[121.07769734184122,17.03716943862409]]]}},{"type":"Feature","properties":{"source":"barlig map projection 2023.dxf","layer":"MPV LOTS,DECLARED  PROPERTY,declared property","parcel_id":55,"area_m2":191.96},"geometry":{"type":"Polygon","coordinates":[[[121.07769734184122,17.03716943862409],[121.07767950380705,17.037192939281166],[121.07770923529975,17.037321063248893],[121.07783387270632,17.037294723457048],[121.07781194969749,17.037198494817922],[121.07769734184122,17.03716943862409]]]}},{"type":"Feature","properties":{"source":"barlig map projection 2023.dxf","layer":"MPV LOTS,DECLARED  PROPERTY,declared property","parcel_id":56,"area_m2":192.49},"geometry":{"type":"Polygon","coordinates":[[[121.07769734184122,17.03716943862409],[121.07768501696583,17.037117665084917],[121.07740360256948,17.037130776830637],[121.07747708092377,17.037193010884092],[121.07759928185824,17.0371818530532],[121.07767950380705,17.037192939281166],[121.07769734184122,17.03716943862409]]]}},{"type":"Feature","properties":{"source":"barlig map projection 2023.dxf","layer":"MPV LOTS,DECLARED  PROPERTY,declared property","parcel_id":57,"area_m2":188.2},"geometry":{"type":"Polygon","coordinates":[[[121.07746181256881,17.037304433654356],[121.07747708092377,17.037193010884092],[121.07740360256948,17.037130776830637],[121.07732353709483,17.037283789350937],[121.07746181256881,17.037304433654356]]]}},{"type":"Feature","properties":{"source":"barlig map projection 2023.dxf","layer":"MPV LOTS,DECLARED  PROPERTY,declared property","parcel_id":58,"area_m2":334.4},"geometry":{"type":"Polygon","coordinates":[[[121.07746181256881,17.037304433654356],[121.07743255610688,17.037436192998744],[121.07750941927846,17.037506648861154],[121.07759357731085,17.03749369721727],[121.07761267282584,17.0373195612772],[121.07759397870576,17.037315140113247],[121.07746181256881,17.037304433654356]]]}},{"type":"Feature","properties":{"source":"barlig map projection 2023.dxf","layer":"MPV LOTS,DECLARED  PROPERTY,declared property","parcel_id":59,"area_m2":183.31},"geometry":{"type":"Polygon","coordinates":[[[121.07746181256881,17.037304433654356],[121.07759397870576,17.037315140113247],[121.07759928185824,17.0371818530532],[121.07747708092377,17.037193010884092],[121.07746181256881,17.037304433654356]]]}},{"type":"Feature","properties":{"source":"barlig map projection 2023.dxf","layer":"MPV LOTS,DECLARED  PROPERTY,declared property","parcel_id":60,"area_m2":151.63},"geometry":{"type":"Polygon","coordinates":[[[121.07767950380705,17.037192939281166],[121.07759928185824,17.0371818530532],[121.07759397870576,17.037315140113247],[121.07761267282584,17.0373195612772],[121.07770923529975,17.037321063248893],[121.07767950380705,17.037192939281166]]]}},{"type":"Feature","properties":{"source":"barlig map projection 2023.dxf","layer":"MPV LOTS,DECLARED  PROPERTY,declared property","parcel_id":61,"area_m2":243.9},"geometry":{"type":"Polygon","coordinates":[[[121.07770923529975,17.037321063248893],[121.07761267282584,17.0373195612772],[121.07759357731085,17.03749369721727],[121.07774151680607,17.037485241077306],[121.07770923529975,17.037321063248893]]]}},{"type":"Feature","properties":{"source":"barlig map projection 2023.dxf","layer":"MPV LOTS,DECLARED  PROPERTY,declared property","parcel_id":62,"area_m2":281.87},"geometry":{"type":"Polygon","coordinates":[[[121.07770923529975,17.037321063248893],[121.07774151680607,17.037485241077306],[121.07779890422914,17.03747229883791],[121.0779015560824,17.037431418388028],[121.07783387270632,17.037294723457048],[121.07770923529975,17.037321063248893]]]}},{"type":"Feature","properties":{"source":"barlig map projection 2023.dxf","layer":"MPV LOTS,DECLARED  PROPERTY,declared property","parcel_id":63,"area_m2":247.79},"geometry":{"type":"Polygon","coordinates":[[[121.07781086860919,17.03756365141715],[121.07782581733548,17.037598977979293],[121.07800342872581,17.037562769724506],[121.0779015560824,17.037431418388028],[121.07779890422914,17.03747229883791],[121.07781086860919,17.03756365141715]]]}},{"type":"Feature","properties":{"source":"barlig map projection 2023.dxf","layer":"MPV LOTS,DECLARED  PROPERTY,declared property","parcel_id":64,"area_m2":163.48},"geometry":{"type":"Polygon","coordinates":[[[121.0819363808284,17.031360904333255],[121.08183341144778,17.031303110681954],[121.08177020695032,17.031326809419642],[121.08183326615598,17.031408293129406],[121.08196825713067,17.03144583348273],[121.0819363808284,17.031360904333255]]]}},{"type":"Feature","properties":{"source":"barlig map projection 2023.dxf","layer":"MPV LOTS,DECLARED  PROPERTY,declared property","parcel_id":65,"area_m2":475.89},"geometry":{"type":"Polygon","coordinates":[[[121.07781167651248,17.037710852184695],[121.07780559944942,17.03778522295169],[121.07806595990321,17.037735430836484],[121.07800342872581,17.037562769724506],[121.07782581733548,17.037598977979293],[121.07781167651248,17.037710852184695]]]}},{"type":"Feature","properties":{"source":"barlig map projection 2023.dxf","layer":"MPV LOTS,DECLARED  PROPERTY,declared property","parcel_id":66,"area_m2":110.08},"geometry":{"type":"Polygon","coordinates":[[[121.07781167651248,17.037710852184695],[121.07762503209167,17.0377068520094],[121.07762917591785,17.037735134109038],[121.07780559944942,17.03778522295169],[121.07781167651248,17.037710852184695]]]}},{"type":"Feature","properties":{"source":"barlig map projection 2023.dxf","layer":"MPV LOTS,DECLARED  PROPERTY,declared property","parcel_id":67,"area_m2":434.0},"geometry":{"type":"Polygon","coordinates":[[[121.07781086860919,17.03756365141715],[121.0775271042908,17.037574234010346],[121.0775368992042,17.037642273761247],[121.07762503209167,17.0377068520094],[121.07781167651248,17.037710852184695],[121.07782581733548,17.037598977979293],[121.07781086860919,17.03756365141715]]]}},{"type":"Feature","properties":{"source":"barlig map projection 2023.dxf","layer":"MPV LOTS,DECLARED  PROPERTY,declared property","parcel_id":68,"area_m2":330.9},"geometry":{"type":"Polygon","coordinates":[[[121.07781086860919,17.03756365141715],[121.07779890422914,17.03747229883791],[121.07774151680607,17.037485241077306],[121.07759357731085,17.03749369721727],[121.07750941927846,17.037506648861154],[121.07748295432087,17.03756909893039],[121.0774706759675,17.037639134463507],[121.0775368992042,17.037642273761247],[121.0775271042908,17.037574234010346],[121.07781086860919,17.03756365141715]]]}},{"type":"Feature","properties":{"source":"barlig map projection 2023.dxf","layer":"MPV LOTS,DECLARED  PROPERTY,declared property","parcel_id":69,"area_m2":170.75},"geometry":{"type":"Polygon","coordinates":[[[121.0773323583898,17.037508608976314],[121.07748295432087,17.03756909893039],[121.07750941927846,17.037506648861154],[121.07743255610688,17.037436192998744],[121.07736708326271,17.03743007142845],[121.0773323583898,17.037508608976314]]]}},{"type":"Feature","properties":{"source":"barlig map projection 2023.dxf","layer":"MPV LOTS,DECLARED  PROPERTY,declared property","parcel_id":70,"area_m2":277.02},"geometry":{"type":"Polygon","coordinates":[[[121.0773323583898,17.037508608976314],[121.07728233273072,17.037613808944492],[121.07740823768097,17.037708555163398],[121.0774706759675,17.037639134463507],[121.07748295432087,17.03756909893039],[121.0773323583898,17.037508608976314]]]}},{"type":"Feature","properties":{"source":"barlig map projection 2023.dxf","layer":"MPV LOTS,DECLARED  PROPERTY,declared property","parcel_id":71,"area_m2":206.19},"geometry":{"type":"Polygon","coordinates":[[[121.0773323583898,17.037508608976314],[121.07736708326271,17.03743007142845],[121.07727238616522,17.03739386930854],[121.07721354124914,17.037526271580443],[121.07728233273072,17.037613808944492],[121.0773323583898,17.037508608976314]]]}},{"type":"Feature","properties":{"source":"barlig map projection 2023.dxf","layer":"MPV LOTS,DECLARED  PROPERTY,declared property","parcel_id":72,"area_m2":238.04},"geometry":{"type":"Polygon","coordinates":[[[121.07746181256881,17.037304433654356],[121.07732353709483,17.037283789350937],[121.07727238616522,17.03739386930854],[121.07736708326271,17.03743007142845],[121.07743255610688,17.037436192998744],[121.07746181256881,17.037304433654356]]]}},{"type":"Feature","properties":{"source":"barlig map projection 2023.dxf","layer":"MPV LOTS,DECLARED  PROPERTY,declared property","parcel_id":73,"area_m2":418.09},"geometry":{"type":"Polygon","coordinates":[[[121.07825114079186,17.038328325681157],[121.07844595686653,17.038329521105844],[121.07846431315345,17.038188819613147],[121.07831870246183,17.038148118070453],[121.07817373713047,17.038319407384606],[121.07825114079186,17.038328325681157]]]}},{"type":"Feature","properties":{"source":"barlig map projection 2023.dxf","layer":"MPV LOTS,DECLARED  PROPERTY,declared property","parcel_id":74,"area_m2":629.89},"geometry":{"type":"Polygon","coordinates":[[[121.07825114079186,17.038328325681157],[121.078204209558,17.038662504157333],[121.07834359793468,17.038643297452033],[121.07844595686653,17.038329521105844],[121.07825114079186,17.038328325681157]]]}},{"type":"Feature","properties":{"source":"barlig map projection 2023.dxf","layer":"MPV LOTS,DECLARED  PROPERTY,declared property","parcel_id":75,"area_m2":167.06},"geometry":{"type":"Polygon","coordinates":[[[121.08169672908129,17.031263582887025],[121.0817077845344,17.031426412664914],[121.08177024348869,17.031417172286556],[121.08183341144778,17.031303110681954],[121.08169672908129,17.031263582887025]]]}},{"type":"Feature","properties":{"source":"barlig map projection 2023.dxf","layer":"MPV LOTS,DECLARED  PROPERTY,declared property","parcel_id":76,"area_m2":28162.42},"geometry":{"type":"Polygon","coordinates":[[[121.07381397043589,17.042488719795507],[121.07351863462986,17.043253016757497],[121.07414778256137,17.04343624219043],[121.07468749605624,17.043593381216997],[121.07531664631858,17.043776783741254],[121.07575057927863,17.043902961724832],[121.07663275228832,17.043978469948705],[121.07663232582637,17.043346201715764],[121.07381397043589,17.042488719795507]]]}},{"type":"Feature","properties":{"source":"barlig map projection 2023.dxf","layer":"MPV LOTS,DECLARED  PROPERTY,declared property","parcel_id":77,"area_m2":17570.49},"geometry":{"type":"Polygon","coordinates":[[[121.07414778256137,17.04343624219043],[121.07351863462986,17.043253016757497],[121.07195705180442,17.044820603561526],[121.07268150404816,17.045143593595384],[121.07414778256137,17.04343624219043]]]}},{"type":"Feature","properties":{"source":"barlig map projection 2023.dxf","layer":"MPV LOTS,DECLARED  PROPERTY,declared property","parcel_id":78,"area_m2":19060.71},"geometry":{"type":"Polygon","coordinates":[[[121.07414778256137,17.04343624219043],[121.07268150404816,17.045143593595384],[121.0735340139808,17.045523647568878],[121.07468749605624,17.043593381216997],[121.07414778256137,17.04343624219043]]]}},{"type":"Feature","properties":{"source":"barlig map projection 2023.dxf","layer":"MPV LOTS,DECLARED  PROPERTY,declared property","parcel_id":79,"area_m2":17665.21},"geometry":{"type":"Polygon","coordinates":[[[121.07531664631858,17.043776783741254],[121.07468749605624,17.043593381216997],[121.0735340139808,17.045523647568878],[121.07415296424617,17.045799498160203],[121.07531664631858,17.043776783741254]]]}},{"type":"Feature","properties":{"source":"barlig map projection 2023.dxf","layer":"MPV LOTS,DECLARED  PROPERTY,declared property","parcel_id":80,"area_m2":21141.41},"geometry":{"type":"Polygon","coordinates":[[[121.07531692812364,17.043776783644663],[121.07415296424617,17.045799498160203],[121.07475523375645,17.04669027111093],[121.07575048534355,17.043902961757226],[121.07531692812364,17.043776783644663]]]}},{"type":"Feature","properties":{"source":"barlig map projection 2023.dxf","layer":"MPV LOTS,DECLARED  PROPERTY,declared property","parcel_id":81,"area_m2":775732.7},"geometry":{"type":"Polygon","coordinates":[[[121.07975170940436,17.04905827357796],[121.07663275228832,17.043978469948705],[121.07575048534355,17.043902961757226],[121.07475523375645,17.04669027111093],[121.07415296424617,17.045799498160203],[121.0735340139808,17.045523647568878],[121.07362086117901,17.04514328163725],[121.07195705180442,17.044820603561526],[121.07351863462986,17.043253016757497],[121.07381397043589,17.042488719795507],[121.07256363574268,17.040185064293272],[121.06838124260398,17.040703273090873],[121.0709774413716,17.050895195452775],[121.07779059278005,17.050334900952492],[121.07975170940436,17.04905827357796]]]}},{"type":"Feature","properties":{"source":"barlig map projection 2023.dxf","layer":"MPV LOTS,DECLARED  PROPERTY,declared property","parcel_id":82,"area_m2":172998.57},"geometry":{"type":"Polygon","coordinates":[[[121.06758760603633,17.037587534722174],[121.06838124260398,17.040703273090873],[121.07256363574268,17.040185064293272],[121.07321694797177,17.037325587539232],[121.06758760603633,17.037587534722174]]]}},{"type":"Feature","properties":{"source":"barlig map projection 2023.dxf","layer":"MPV LOTS,DECLARED  PROPERTY,declared property","parcel_id":83,"area_m2":79283.08},"geometry":{"type":"Polygon","coordinates":[[[121.0816100724462,17.03345672217414],[121.0802935091196,17.033113378923815],[121.07895538867851,17.03673633172501],[121.08038718015894,17.036956295845105],[121.0811735467365,17.037118206582623],[121.0816100724462,17.03345672217414]]]}},{"type":"Feature","properties":{"source":"barlig map projection 2023.dxf","layer":"MPV LOTS,DECLARED  PROPERTY,declared property","parcel_id":84,"area_m2":21066.71},"geometry":{"type":"Polygon","coordinates":[[[121.0816100724462,17.03345672217414],[121.08151286714981,17.032787621435915],[121.08164907805161,17.032122048037476],[121.08181129366254,17.031889574046417],[121.08175902799599,17.031787935374226],[121.08178913970406,17.031690241834283],[121.08182648496881,17.031595166103596],[121.08170962259585,17.031558612870526],[121.08143856147763,17.03160272077195],[121.08139759442804,17.031567855960894],[121.08137504661761,17.03155575573064],[121.08129114972931,17.03151006333014],[121.08115635724617,17.031498818051737],[121.081103229102,17.03158766447812],[121.08109988902055,17.031690860125497],[121.08097575837384,17.03179952231307],[121.08079405655639,17.03192700118012],[121.08074013220795,17.031904340012566],[121.0802935091196,17.033113378923815],[121.0816100724462,17.03345672217414]]]}},{"type":"Feature","properties":{"source":"barlig map projection 2023.dxf","layer":"MPV LOTS,DECLARED  PROPERTY,declared property","parcel_id":85,"area_m2":297.54},"geometry":{"type":"Polygon","coordinates":[[[121.08169672908129,17.031263582887025],[121.08152992569391,17.03129861561629],[121.08155121181848,17.031443007558284],[121.0817077845344,17.031426412664914],[121.08169672908129,17.031263582887025]]]}},{"type":"Feature","properties":{"source":"barlig map projection 2023.dxf","layer":"MPV LOTS,DECLARED  PROPERTY,declared property","parcel_id":86,"area_m2":184.26},"geometry":{"type":"Polygon","coordinates":[[[121.08139759442804,17.031567855960894],[121.08146941066958,17.031470056567628],[121.08171342694659,17.031442946962066],[121.08185704182021,17.031437109981738],[121.08214139359806,17.031508751373636],[121.08214147908205,17.031487967879364],[121.08196835105952,17.031445833447496],[121.08183326615598,17.031408293129406],[121.08177024348869,17.031417172286556],[121.0817077845344,17.031426412664914],[121.08155121181848,17.031443007558284],[121.08147663547604,17.031450896943795],[121.08137504661761,17.03155575573064],[121.08139759442804,17.031567855960894]]]}},{"type":"Feature","properties":{"source":"barlig map projection 2023.dxf","layer":"MPV LOTS,DECLARED  PROPERTY,declared property","parcel_id":87,"area_m2":11034.15},"geometry":{"type":"Polygon","coordinates":[[[121.08340389761827,17.03174999336791],[121.08314651902106,17.03149002723781],[121.08302108683709,17.031399712111615],[121.08266750726774,17.031322947490263],[121.08263182729763,17.031354678367737],[121.08238829506134,17.03141648823779],[121.08238659086088,17.031383416066962],[121.0822290684785,17.031374258419618],[121.08200006089713,17.031351844152145],[121.0819363808284,17.031360904333255],[121.08196825713067,17.03144583348273],[121.08214147908205,17.031487967879364],[121.08214139359806,17.031508751373636],[121.08212938964387,17.031555383132783],[121.08204683060816,17.031566438429543],[121.08189008736899,17.0316260463781],[121.08182648496881,17.031595166103596],[121.08178913970406,17.031690241834283],[121.0821341331929,17.031671316921322],[121.08228948769106,17.0316614088908],[121.08232451218836,17.0316343771906],[121.08254956893305,17.031641611620945],[121.08254157453298,17.031846015468382],[121.08245366494099,17.031865657426177],[121.08233475649143,17.031879798900135],[121.08234454580487,17.03193057914478],[121.08210690637038,17.031933560224118],[121.08181129366254,17.031889574046417],[121.08164907805161,17.032122048037476],[121.08205808554463,17.0322199385171],[121.08236707086827,17.032117079621372],[121.08261225087276,17.032177710845968],[121.08271524583077,17.032296227934577],[121.08267848434795,17.032439918823545],[121.08340389761827,17.03174999336791]]]}},{"type":"Feature","properties":{"source":"barlig map projection 2023.dxf","layer":"MPV LOTS,DECLARED  PROPERTY,declared property","parcel_id":88,"area_m2":62989.59},"geometry":{"type":"Polygon","coordinates":[[[121.08218065387675,17.027344452861072],[121.08071837152463,17.028683814571163],[121.08089614489407,17.02884034780946],[121.08099407768455,17.02899094652302],[121.08104699356964,17.029077404215737],[121.08108511783612,17.029285947658295],[121.08095140450787,17.02938557711363],[121.08106070094989,17.029531291982536],[121.08106412948011,17.029648943204283],[121.08099998384509,17.02966685882806],[121.08093846414575,17.030144449506725],[121.0810335231805,17.030153631316782],[121.08109651247736,17.030296833148057],[121.08106547575221,17.03043049137259],[121.08117044243473,17.030551900153025],[121.08152278508322,17.030594420318618],[121.08157154716602,17.03062720385283],[121.08161628722414,17.030701826893957],[121.08171184323109,17.03077787673536],[121.08190778504176,17.03079488195742],[121.08194993514587,17.0307361302755],[121.08192585975829,17.03066285500407],[121.0821374745624,17.03064795602885],[121.08217669018543,17.030764690127423],[121.08223807770842,17.030662105148025],[121.08234264622182,17.030726223397938],[121.082408531102,17.03082677243706],[121.08250325958247,17.0309455638601],[121.08257696614504,17.03110836991189],[121.08259671805692,17.031174146618284],[121.08259174818168,17.03119457050933],[121.08265434193457,17.031285542242685],[121.08267314299515,17.031322945356255],[121.08302108683709,17.031399712111615],[121.08302708457668,17.031366365928065],[121.08315304590205,17.031373095187558],[121.08321410372655,17.031383011829917],[121.08314651902106,17.03149002723781],[121.08340389761827,17.03174999336791],[121.08218065387675,17.027344452861072]]]}},{"type":"Feature","properties":{"source":"barlig map projection 2023.dxf","layer":"MPV LOTS,DECLARED  PROPERTY,declared property","parcel_id":89,"area_m2":3272.98},"geometry":{"type":"Polygon","coordinates":[[[121.08112291336707,17.031017286661346],[121.08125100091978,17.031173657247564],[121.0811546408663,17.031434841769194],[121.08115635724617,17.031498818051737],[121.08129114972931,17.03151006333014],[121.08127835140485,17.031450338225092],[121.08136065494678,17.031271118012896],[121.08143987058219,17.031121447578375],[121.08166904371016,17.031089463961234],[121.08198399985947,17.03112214773575],[121.08223639695015,17.031148348458707],[121.08236535376938,17.0311304080125],[121.08239427470848,17.031108077471057],[121.08257696614504,17.03110836991189],[121.08250325958247,17.0309455638601],[121.08232010973795,17.030972470753017],[121.08216129022001,17.031006416635673],[121.08207102377625,17.031003920408363],[121.08193088525907,17.031011382767],[121.08172581892518,17.03096166961723],[121.08164804683693,17.030963686672916],[121.08154329523185,17.030911134584464],[121.08124008384615,17.030886578420464],[121.08112291336707,17.031017286661346]]]}},{"type":"Feature","properties":{"source":"barlig map projection 2023.dxf","layer":"MPV LOTS,DECLARED  PROPERTY,declared property","parcel_id":90,"area_m2":346.93},"geometry":{"type":"Polygon","coordinates":[[[121.08076545091072,17.028973681392312],[121.08083941987095,17.029093656001713],[121.08099407768455,17.02899094652302],[121.08089614489407,17.02884034780946],[121.08076545091072,17.028973681392312]]]}},{"type":"Feature","properties":{"source":"barlig map projection 2023.dxf","layer":"MPV LOTS,DECLARED  PROPERTY,declared property","parcel_id":91,"area_m2":85785.35},"geometry":{"type":"Polygon","coordinates":[[[121.08087087224276,17.031411000743844],[121.08078780870949,17.03133476517174],[121.08086421126255,17.031195849182843],[121.08112291336707,17.031017286661346],[121.08124008384615,17.030886578420464],[121.08116502137264,17.030618680340336],[121.08117044243473,17.030551900153025],[121.08106547575221,17.03043049137259],[121.08093846414575,17.030144449506725],[121.08099998384509,17.02966685882806],[121.08092064000104,17.02949519869596],[121.08094261178971,17.02947684689645],[121.08090500513643,17.02938803408196],[121.08088206825951,17.029341776761036],[121.08082064813334,17.029363486562264],[121.08074556304581,17.02927134413515],[121.08071626795721,17.02929737946276],[121.08065800292401,17.029222580472208],[121.08065796681703,17.02913194649476],[121.08056234707026,17.028892520033914],[121.08031734878203,17.028803964094003],[121.08012739241377,17.02871583952856],[121.07984260286,17.02871241943633],[121.0791930476471,17.02859337624893],[121.07905271170905,17.02857201092217],[121.07891021371401,17.028546128131428],[121.07872788426235,17.028504084591248],[121.07861712761867,17.028462195954877],[121.07851359748554,17.028404942974568],[121.07810486764323,17.03144299929245],[121.08087087224276,17.031411000743844]]]}},{"type":"Feature","properties":{"source":"barlig map projection 2023.dxf","layer":"MPV LOTS,DECLARED  PROPERTY,declared property","parcel_id":92,"area_m2":269.75},"geometry":{"type":"Polygon","coordinates":[[[121.07940942428168,17.02851115802865],[121.07939254049566,17.028570261492515],[121.0791930476471,17.02859337624893],[121.07957509735706,17.028712516818672],[121.07940942428168,17.02851115802865]]]}},{"type":"Feature","properties":{"source":"barlig map projection 2023.dxf","layer":"MPV LOTS,DECLARED  PROPERTY,declared property","parcel_id":93,"area_m2":401.73},"geometry":{"type":"Polygon","coordinates":[[[121.07940942428168,17.02851115802865],[121.07957509735706,17.028712516818672],[121.07959701276025,17.0285504881583],[121.07960092754523,17.02847367826189],[121.07967893444022,17.028354732300834],[121.07970772843693,17.028248726125867],[121.0797224145866,17.028095103827695],[121.07969414250364,17.028095114119402],[121.07967955029365,17.02824882674434],[121.07965075624554,17.02835474255248],[121.07957274936818,17.0284737788657],[121.07940942428168,17.02851115802865]]]}},{"type":"Feature","properties":{"source":"barlig map projection 2023.dxf","layer":"MPV LOTS,DECLARED  PROPERTY,declared property","parcel_id":94,"area_m2":96969.4},"geometry":{"type":"Polygon","coordinates":[[[121.08218065387675,17.027344452861072],[121.07649654879198,17.025518830887762],[121.0764355132379,17.02581207987257],[121.07637747879006,17.026093761332238],[121.07637658781965,17.02622234810057],[121.07680889852237,17.027132152085183],[121.07694993237601,17.027015715259722],[121.07718370713133,17.026992771381195],[121.07730042752345,17.02715963063603],[121.07760499828456,17.02731738717866],[121.07769421101165,17.027270999427618],[121.07780361113484,17.02745195759472],[121.0778999411637,17.02759523900286],[121.0779201353865,17.027595051104633],[121.07814773219803,17.027869673405373],[121.07823182524949,17.027943108474],[121.0783816975977,17.0280947742871],[121.07841927570196,17.02811346597301],[121.07848813527883,17.028141724923817],[121.07857971683029,17.02814819824468],[121.07868192604239,17.02819045142362],[121.07875520100401,17.02822060631964],[121.07880507542623,17.028218148593027],[121.07889586644939,17.028123957769154],[121.07896875589341,17.02812890147409],[121.0790815613029,17.028125878813],[121.07922245298938,17.02812808698332],[121.07944486247818,17.028102162637364],[121.07969414250364,17.028095114119402],[121.0797224145866,17.028095103827695],[121.07989920753505,17.028150793298995],[121.08006775252554,17.028250853822655],[121.08018341883563,17.02835653608516],[121.08027803537381,17.028436562936903],[121.08054194675243,17.028611047092827],[121.08071837152463,17.028683814571163],[121.08218065387675,17.027344452861072]]]}},{"type":"Feature","properties":{"source":"barlig map projection 2023.dxf","layer":"MPV LOTS,DECLARED  PROPERTY,declared property","parcel_id":95,"area_m2":201.93},"geometry":{"type":"Polygon","coordinates":[[[121.0778999411637,17.02759523900286],[121.07776659916894,17.027684745603363],[121.07762584233815,17.02778871280664],[121.07776694570066,17.027853814503437],[121.07779665802006,17.027690518173188],[121.0779201353865,17.027595051104633],[121.0778999411637,17.02759523900286]]]}},{"type":"Feature","properties":{"source":"barlig map projection 2023.dxf","layer":"MPV LOTS,DECLARED  PROPERTY,declared property","parcel_id":96,"area_m2":664.66},"geometry":{"type":"Polygon","coordinates":[[[121.08169672908129,17.031263582887025],[121.08166904371016,17.031089463961234],[121.08143987058219,17.031121447578375],[121.08136065494678,17.031271118012896],[121.08143019489913,17.031352237985022],[121.08152992569391,17.03129861561629],[121.08169672908129,17.031263582887025]]]}},{"type":"Feature","properties":{"source":"barlig map projection 2023.dxf","layer":"MPV LOTS,DECLARED  PROPERTY,declared property","parcel_id":97,"area_m2":253718.84},"geometry":{"type":"Polygon","coordinates":[[[121.07851359748554,17.028404942974568],[121.07842218428337,17.028348318147476],[121.07833087653877,17.02832142263981],[121.07817847772583,17.028194968947226],[121.07807232145562,17.028146933693332],[121.07798946900738,17.028124462804097],[121.07785079960651,17.02803884801851],[121.07776694570066,17.027853814503437],[121.07762584233815,17.02778871280664],[121.07749259391407,17.027631799509745],[121.07742230045325,17.027537123977208],[121.07737509500232,17.027394999746306],[121.07726947590092,17.027275848255975],[121.07690379322234,17.027208023732317],[121.07680889852237,17.027132152085183],[121.07637658781965,17.02622234810057],[121.07616427999672,17.026130341956073],[121.07600281178877,17.026106180582694],[121.07587156888526,17.026031134317645],[121.07574586624786,17.025952110089094],[121.0756451693474,17.02593036728542],[121.07550944225665,17.025920022192246],[121.07540941754344,17.025937858008685],[121.07529916047747,17.025970878252686],[121.07508417417998,17.02599977750688],[121.07510731227339,17.02608724093549],[121.07514587603289,17.026233615728305],[121.07489501249538,17.0262704789723],[121.07453470145339,17.026500574950187],[121.07294903886995,17.03150251234429],[121.07810486764323,17.03144299929245],[121.07851359748554,17.028404942974568]]]}},{"type":"Feature","properties":{"source":"barlig map projection 2023.dxf","layer":"MPV LOTS,DECLARED  PROPERTY,declared property","parcel_id":98,"area_m2":343844.7},"geometry":{"type":"Polygon","coordinates":[[[121.07453470145339,17.026500574950187],[121.07447378001427,17.026344267684276],[121.07449882871,17.026263203654214],[121.07442072947495,17.026135908683905],[121.07434971192401,17.0261103599622],[121.07431986760761,17.026176786797528],[121.07421231548257,17.02615875047871],[121.07412073129576,17.026141973811352],[121.07412167791728,17.026162214791473],[121.07395494852841,17.026133806503584],[121.07383939899246,17.026077820236377],[121.07346395813734,17.0260283364539],[121.07336232683923,17.02601951473154],[121.07324348643643,17.025953227843786],[121.07308287854319,17.025969456100018],[121.07293526230521,17.02580639985148],[121.07288792002291,17.025796475576797],[121.07271644676672,17.025896835035862],[121.07242735402511,17.025665329883086],[121.07236235183107,17.025650079866537],[121.07217261873016,17.025642732221034],[121.07164336469096,17.02542865400199],[121.07165356283676,17.025315154827208],[121.07103657704063,17.02508194650824],[121.06768960961284,17.027591921723143],[121.067871510351,17.030041876223926],[121.07294903886995,17.03150251234429],[121.07453470145339,17.026500574950187]]]}},{"type":"Feature","properties":{"source":"barlig map projection 2023.dxf","layer":"MPV LOTS,DECLARED  PROPERTY,declared property","parcel_id":99,"area_m2":172.68},"geometry":{"type":"Polygon","coordinates":[[[121.07257027047675,17.025291451411196],[121.07252572399985,17.02548375841375],[121.07245456198389,17.02557911469995],[121.07236235183107,17.025650079866537],[121.07242735402511,17.025665329883086],[121.07255372203886,17.025506611036228],[121.07258297653624,17.025364821947846],[121.07259844812111,17.025291171053613],[121.07257027047675,17.025291451411196]]]}},{"type":"Feature","properties":{"source":"barlig map projection 2023.dxf","layer":"MPV LOTS,DECLARED  PROPERTY,declared property","parcel_id":100,"area_m2":57299.61},"geometry":{"type":"Polygon","coordinates":[[[121.07002189961372,17.023438929154874],[121.07103469852659,17.02508194711184],[121.07165356283676,17.025315154827208],[121.07235893806084,17.025293328061238],[121.07257027047675,17.025291451411196],[121.07259844812111,17.025291171053613],[121.07284011846814,17.025289013050653],[121.0729792445452,17.025350413869972],[121.07309804703266,17.02531215099809],[121.07330132076268,17.02536295785868],[121.07342795187898,17.025415958769493],[121.07347162398842,17.025406456108545],[121.07364109461666,17.025485015317106],[121.07387697272459,17.025568251000983],[121.0740490618122,17.02561436869191],[121.0741631906968,17.025638637928047],[121.07423123387062,17.02575057469398],[121.07430393334094,17.025752538162745],[121.07440631769374,17.02576614839669],[121.07459282784018,17.025692439489358],[121.07487036209297,17.025645898712384],[121.07513482869781,17.025567373537708],[121.07546853270229,17.025527228525235],[121.07523149827664,17.025112453434826],[121.07002189961372,17.023438929154874]]]}},{"type":"Feature","properties":{"source":"barlig map projection 2023.dxf","layer":"MPV LOTS,DECLARED  PROPERTY,declared property","parcel_id":101,"area_m2":1281.12},"geometry":{"type":"Polygon","coordinates":[[[121.07440631769374,17.02576614839669],[121.07449378430329,17.025824854735298],[121.07447773840157,17.025867150020712],[121.07452771458107,17.025887645497544],[121.07474209208826,17.025991580562003],[121.07478767795021,17.026077861685735],[121.07510731227339,17.02608724093549],[121.07508417417998,17.02599977750688],[121.07486378746401,17.025901989527988],[121.07459282784018,17.025692439489358],[121.07440631769374,17.02576614839669]]]}},{"type":"Feature","properties":{"source":"barlig map projection 2023.dxf","layer":"MPV LOTS,DECLARED  PROPERTY,declared property","parcel_id":102,"area_m2":3062.0},"geometry":{"type":"Polygon","coordinates":[[[121.07588000772785,17.025740343464918],[121.0758159689321,17.02553858510834],[121.07602380929681,17.025491163149894],[121.07619360125197,17.025421524889683],[121.07523149827664,17.025112453434826],[121.07546853270229,17.025527228525235],[121.07563403448805,17.025791573639037],[121.07574072579894,17.02576822327653],[121.07588000772785,17.025740343464918]]]}},{"type":"Feature","properties":{"source":"barlig map projection 2023.dxf","layer":"MPV LOTS,DECLARED  PROPERTY,declared property","parcel_id":103,"area_m2":542.25},"geometry":{"type":"Polygon","coordinates":[[[121.07563403448805,17.025791573639037],[121.07546853270229,17.025527228525235],[121.0753344608621,17.025674204630082],[121.07549889521803,17.02584638001666],[121.07563403448805,17.025791573639037]]]}},{"type":"Feature","properties":{"source":"barlig map projection 2023.dxf","layer":"MPV LOTS,DECLARED  PROPERTY,declared property","parcel_id":104,"area_m2":138.17},"geometry":{"type":"Polygon","coordinates":[[[121.08143019526288,17.031353141613696],[121.08145106721535,17.031402200881057],[121.08147663547604,17.031450896943795],[121.08155121181848,17.031443007558284],[121.08152992569391,17.03129861561629],[121.08143019526288,17.031353141613696]]]}},{"type":"Feature","properties":{"source":"barlig map projection 2023.dxf","layer":"MPV LOTS,DECLARED  PROPERTY,declared property","parcel_id":105,"area_m2":4480.17},"geometry":{"type":"Polygon","coordinates":[[[121.08200066993237,17.03308500382148],[121.08267848434795,17.032439918823545],[121.08271524583077,17.032296227934577],[121.08261225087276,17.032177710845968],[121.08236707086827,17.032117079621372],[121.08205808554463,17.0322199385171],[121.08200066993237,17.03308500382148]]]}},{"type":"Feature","properties":{"source":"barlig map projection 2023.dxf","layer":"MPV LOTS,DECLARED  PROPERTY,declared property","parcel_id":106,"area_m2":234.19},"geometry":{"type":"Polygon","coordinates":[[[121.08143019468089,17.031351695807817],[121.08136065494678,17.031271118012896],[121.08127835140485,17.031450338225092],[121.08129114972931,17.03151006333014],[121.08145106721535,17.031402200881057],[121.08143019468089,17.031351695807817]]]}},{"type":"Feature","properties":{"source":"barlig map projection 2023.dxf","layer":"MPV LOTS,DECLARED  PROPERTY,declared property","parcel_id":107,"area_m2":141.29},"geometry":{"type":"Polygon","coordinates":[[[121.08145106721535,17.031402200881057],[121.08129114972931,17.03151006333014],[121.08137504661761,17.03155575573064],[121.08147663547604,17.031450896943795],[121.08145106721535,17.031402200881057]]]}},{"type":"Feature","properties":{"source":"barlig map projection 2023.dxf","layer":"MPV LOTS,DECLARED  PROPERTY,declared property","parcel_id":108,"area_m2":407.83},"geometry":{"type":"Polygon","coordinates":[[[121.08170962259585,17.031558612870526],[121.08171342694659,17.031442946962066],[121.08146941066958,17.031470056567628],[121.08139759442804,17.031567855960894],[121.08143856147763,17.03160272077195],[121.08170962259585,17.031558612870526]]]}},{"type":"Feature","properties":{"source":"barlig map projection 2023.dxf","layer":"MPV LOTS,DECLARED  PROPERTY,declared property","parcel_id":109,"area_m2":213.11},"geometry":{"type":"Polygon","coordinates":[[[121.08170962259585,17.031558612870526],[121.08182648496881,17.031595166103596],[121.08185704182021,17.031437109981738],[121.08171342694659,17.031442946962066],[121.08170962259585,17.031558612870526]]]}},{"type":"Feature","properties":{"source":"barlig map projection 2023.dxf","layer":"MPV LOTS,DECLARED  PROPERTY,declared property","parcel_id":110,"area_m2":409.27},"geometry":{"type":"Polygon","coordinates":[[[121.08185704182021,17.031437109981738],[121.08182648496881,17.031595166103596],[121.08189008736899,17.0316260463781],[121.08204683060816,17.031566438429543],[121.08212938964387,17.031555383132783],[121.08214139359806,17.031508751373636],[121.08185704182021,17.031437109981738]]]}},{"type":"Feature","properties":{"source":"barlig map projection 2023.dxf","layer":"MPV LOTS,DECLARED  PROPERTY,declared property","parcel_id":111,"area_m2":146.58},"geometry":{"type":"Polygon","coordinates":[[[121.08086816016686,17.031675764987433],[121.08082185607111,17.03168301113584],[121.08074013220795,17.031904340012566],[121.08079405655639,17.03192700118012],[121.08086816016686,17.031675764987433]]]}},{"type":"Feature","properties":{"source":"barlig map projection 2023.dxf","layer":"MPV LOTS,DECLARED  PROPERTY,declared property","parcel_id":112,"area_m2":410.76},"geometry":{"type":"Polygon","coordinates":[[[121.08086816016686,17.031675764987433],[121.08097575837384,17.03179952231307],[121.08109988902055,17.031690860125497],[121.08104687174644,17.03158768537638],[121.08095263580348,17.031524646995162],[121.08086816016686,17.031675764987433]]]}},{"type":"Feature","properties":{"source":"barlig map projection 2023.dxf","layer":"MPV LOTS,DECLARED  PROPERTY,declared property","parcel_id":113,"area_m2":111.98},"geometry":{"type":"Polygon","coordinates":[[[121.08086816016686,17.031675764987433],[121.08095263580348,17.031524646995162],[121.08088640939596,17.03150831582082],[121.08082185607111,17.03168301113584],[121.08086816016686,17.031675764987433]]]}},{"type":"Feature","properties":{"source":"barlig map projection 2023.dxf","layer":"MPV LOTS,DECLARED  PROPERTY,declared property","parcel_id":114,"area_m2":421.26},"geometry":{"type":"Polygon","coordinates":[[[121.08100777541813,17.031298357918544],[121.08097494738396,17.031415932187787],[121.08095263580348,17.031524646995162],[121.081103229102,17.03158766447812],[121.08115635724617,17.031498818051737],[121.0811546408663,17.031434841769194],[121.08100777541813,17.031298357918544]]]}},{"type":"Feature","properties":{"source":"barlig map projection 2023.dxf","layer":"MPV LOTS,DECLARED  PROPERTY,declared property","parcel_id":115,"area_m2":424.6},"geometry":{"type":"Polygon","coordinates":[[[121.08100777541813,17.031298357918544],[121.08086421126255,17.031195849182843],[121.08078780870949,17.03133476517174],[121.08087087224276,17.031411000743844],[121.08092253288696,17.03141043945542],[121.08088640939596,17.03150831582082],[121.08095263580348,17.031524646995162],[121.08097494398525,17.031407438078155],[121.08100777541813,17.031298357918544]]]}},{"type":"Feature","properties":{"source":"barlig map projection 2023.dxf","layer":"MPV LOTS,DECLARED  PROPERTY,declared property","parcel_id":116,"area_m2":659.12},"geometry":{"type":"Polygon","coordinates":[[[121.08229724788721,17.031803908222763],[121.08233475649143,17.031879798900135],[121.08245366494099,17.031865657426177],[121.08254157453298,17.031846015468382],[121.08254956893305,17.031641611620945],[121.08232432433047,17.031634377261412],[121.08228948769106,17.0316614088908],[121.08229724788721,17.031803908222763]]]}},{"type":"Feature","properties":{"source":"barlig map projection 2023.dxf","layer":"MPV LOTS,DECLARED  PROPERTY,declared property","parcel_id":117,"area_m2":325.87},"geometry":{"type":"Polygon","coordinates":[[[121.08100777541813,17.031298357918544],[121.08110744129164,17.03108253440426],[121.08112291336707,17.031017286661346],[121.08086421126255,17.031195849182843],[121.08100777541813,17.031298357918544]]]}},{"type":"Feature","properties":{"source":"barlig map projection 2023.dxf","layer":"MPV LOTS,DECLARED  PROPERTY,declared property","parcel_id":118,"area_m2":600.05},"geometry":{"type":"Polygon","coordinates":[[[121.08100777541813,17.031298357918544],[121.08115464108376,17.031435383946402],[121.08125100091978,17.031173657247564],[121.08112291336707,17.031017286661346],[121.08110744346476,17.031087956176513],[121.08100777541813,17.031298357918544]]]}},{"type":"Feature","properties":{"source":"barlig map projection 2023.dxf","layer":"MPV LOTS,DECLARED  PROPERTY,declared property","parcel_id":119,"area_m2":1829.76},"geometry":{"type":"Polygon","coordinates":[[[121.08154329523185,17.030911134584464],[121.08165440902918,17.03090187608264],[121.08190778504176,17.03079488195742],[121.08171184323109,17.03077787673536],[121.08161628722414,17.030701826893957],[121.08157154716602,17.03062720385283],[121.08152278508322,17.030594420318618],[121.08117044243473,17.030551900153025],[121.08116502137264,17.030618680340336],[121.08124008384615,17.030886578420464],[121.08154329523185,17.030911134584464]]]}},{"type":"Feature","properties":{"source":"barlig map projection 2023.dxf","layer":"MPV LOTS,DECLARED  PROPERTY,declared property","parcel_id":120,"area_m2":378.95},"geometry":{"type":"Polygon","coordinates":[[[121.08201713573642,17.03083893802077],[121.08193214328698,17.030870777647582],[121.08172581892518,17.03096166961723],[121.08193088525907,17.031011382767],[121.08207102377625,17.031003920408363],[121.08201713573642,17.03083893802077]]]}},{"type":"Feature","properties":{"source":"barlig map projection 2023.dxf","layer":"MPV LOTS,DECLARED  PROPERTY,declared property","parcel_id":121,"area_m2":178.99},"geometry":{"type":"Polygon","coordinates":[[[121.08201713573642,17.03083893802077],[121.08207102377625,17.031003920408363],[121.08216129022001,17.031006416635673],[121.08208296669933,17.03080701519653],[121.08201713573642,17.03083893802077]]]}},{"type":"Feature","properties":{"source":"barlig map projection 2023.dxf","layer":"MPV LOTS,DECLARED  PROPERTY,declared property","parcel_id":122,"area_m2":331.15},"geometry":{"type":"Polygon","coordinates":[[[121.08217669018543,17.030764690127423],[121.08208296669933,17.03080701519653],[121.08216129022001,17.031006416635673],[121.08232010973795,17.030972470753017],[121.08229961836233,17.030935791145144],[121.08223253077338,17.030880333603772],[121.08217669018543,17.030764690127423]]]}},{"type":"Feature","properties":{"source":"barlig map projection 2023.dxf","layer":"MPV LOTS,DECLARED  PROPERTY,declared property","parcel_id":123,"area_m2":458.96},"geometry":{"type":"Polygon","coordinates":[[[121.08217669018543,17.030764690127423],[121.0821374745624,17.03064795602885],[121.08192585975829,17.03066285500407],[121.08194993514587,17.0307361302755],[121.08190778504176,17.03079488195742],[121.08193214328698,17.030870777647582],[121.08201713573642,17.03083893802077],[121.08208296669933,17.03080701519653],[121.08217669018543,17.030764690127423]]]}},{"type":"Feature","properties":{"source":"barlig map projection 2023.dxf","layer":"MPV LOTS,DECLARED  PROPERTY,declared property","parcel_id":124,"area_m2":415.77},"geometry":{"type":"Polygon","coordinates":[[[121.08217678411395,17.030764690092084],[121.08223253077338,17.030880333603772],[121.08229961836233,17.030935791145144],[121.08240843717348,17.030826772472512],[121.08234264622182,17.030726223397938],[121.08223713842384,17.030662105501683],[121.08217678411395,17.030764690092084]]]}},{"type":"Feature","properties":{"source":"barlig map projection 2023.dxf","layer":"MPV LOTS,DECLARED  PROPERTY,declared property","parcel_id":125,"area_m2":179.43},"geometry":{"type":"Polygon","coordinates":[[[121.082408531102,17.03082677243706],[121.08229961836233,17.030935791145144],[121.08232781188448,17.030972467849725],[121.08250325958247,17.0309455638601],[121.082408531102,17.03082677243706]]]}},{"type":"Feature","properties":{"source":"barlig map projection 2023.dxf","layer":"MPV LOTS,DECLARED  PROPERTY,declared property","parcel_id":126,"area_m2":261.74},"geometry":{"type":"Polygon","coordinates":[[[121.08229724788721,17.031803908222763],[121.08228948769106,17.0316614088908],[121.0821341331929,17.031671316921322],[121.08212977242452,17.03180397126401],[121.08229724788721,17.031803908222763]]]}},{"type":"Feature","properties":{"source":"barlig map projection 2023.dxf","layer":"MPV LOTS,DECLARED  PROPERTY,declared property","parcel_id":127,"area_m2":229.09},"geometry":{"type":"Polygon","coordinates":[[[121.08109651247736,17.030296833148057],[121.0810335231805,17.030153631316782],[121.08093846414575,17.030144449506725],[121.08106547575221,17.03043049137259],[121.08109651247736,17.030296833148057]]]}},{"type":"Feature","properties":{"source":"barlig map projection 2023.dxf","layer":"MPV LOTS,DECLARED  PROPERTY,declared property","parcel_id":128,"area_m2":284.78},"geometry":{"type":"Polygon","coordinates":[[[121.08094623262305,17.02937094023824],[121.08090500513643,17.02938803408196],[121.08094233000607,17.029476847000744],[121.08092064000104,17.02949519869596],[121.08099998384509,17.02966685882806],[121.08106412948011,17.029648943204283],[121.08106070094989,17.029531291982536],[121.08095140450787,17.02938557711363],[121.08094623262305,17.02937094023824]]]}},{"type":"Feature","properties":{"source":"barlig map projection 2023.dxf","layer":"MPV LOTS,DECLARED  PROPERTY,declared property","parcel_id":129,"area_m2":530.48},"geometry":{"type":"Polygon","coordinates":[[[121.08095139865314,17.029370938326036],[121.08108515773341,17.029385527559132],[121.08108511783612,17.029285947658295],[121.08104699356964,17.029077404215737],[121.08089103105385,17.029205958006354],[121.08088263182636,17.029341776552613],[121.08090500513643,17.02938803408196],[121.08095139865314,17.029370938326036]]]}},{"type":"Feature","properties":{"source":"barlig map projection 2023.dxf","layer":"MPV LOTS,DECLARED  PROPERTY,declared property","parcel_id":130,"area_m2":192.12},"geometry":{"type":"Polygon","coordinates":[[[121.08087551987161,17.02917316200951],[121.08075157143145,17.029263841796283],[121.08074556293766,17.02927107304648],[121.08082064813334,17.029363486562264],[121.08088206825951,17.029341776761036],[121.08089103105385,17.029205958006354],[121.08087551987161,17.02917316200951]]]}},{"type":"Feature","properties":{"source":"barlig map projection 2023.dxf","layer":"MPV LOTS,DECLARED  PROPERTY,declared property","parcel_id":131,"area_m2":223.2},"geometry":{"type":"Polygon","coordinates":[[[121.08087551987161,17.02917316200951],[121.08083941987095,17.029093656001713],[121.08065800292401,17.029222580472208],[121.08071626795721,17.02929737946276],[121.08074556304581,17.02927134413515],[121.08075720709746,17.029263839715654],[121.08087551987161,17.02917316200951]]]}},{"type":"Feature","properties":{"source":"barlig map projection 2023.dxf","layer":"MPV LOTS,DECLARED  PROPERTY,declared property","parcel_id":132,"area_m2":265.97},"geometry":{"type":"Polygon","coordinates":[[[121.08087551987161,17.02917316200951],[121.08089103105385,17.029205958006354],[121.08104699356964,17.029077404215737],[121.08099407768455,17.02899094652302],[121.0808394126538,17.029075583423875],[121.08087551987161,17.02917316200951]]]}},{"type":"Feature","properties":{"source":"barlig map projection 2023.dxf","layer":"MPV LOTS,DECLARED  PROPERTY,declared property","parcel_id":133,"area_m2":418.91},"geometry":{"type":"Polygon","coordinates":[[[121.08070965102279,17.02895644267357],[121.08062639383148,17.029098614222654],[121.08056244234481,17.0291319816936],[121.08066363858879,17.02922257839416],[121.08083942008747,17.029094198179045],[121.08076545091072,17.028973681392312],[121.08070965102279,17.02895644267357]]]}},{"type":"Feature","properties":{"source":"barlig map projection 2023.dxf","layer":"MPV LOTS,DECLARED  PROPERTY,declared property","parcel_id":134,"area_m2":973.06},"geometry":{"type":"Polygon","coordinates":[[[121.08070965102279,17.02895644267357],[121.08050112851252,17.028712178208103],[121.08038902686415,17.028832582814275],[121.0803173839358,17.028892610091493],[121.08056244234481,17.0291319816936],[121.08062639383148,17.029098614222654],[121.08070965102279,17.02895644267357]]]}},{"type":"Feature","properties":{"source":"barlig map projection 2023.dxf","layer":"MPV LOTS,DECLARED  PROPERTY,declared property","parcel_id":135,"area_m2":843.38},"geometry":{"type":"Polygon","coordinates":[[[121.08070965102279,17.02895644267357],[121.08076545091072,17.028973681392312],[121.08089614489407,17.02884034780946],[121.08071837152463,17.028683814571163],[121.08054194675243,17.028611047092827],[121.08047294053357,17.0286877002298],[121.08050112851252,17.028712178208103],[121.08070965102279,17.02895644267357]]]}},{"type":"Feature","properties":{"source":"barlig map projection 2023.dxf","layer":"MPV LOTS,DECLARED  PROPERTY,declared property","parcel_id":136,"area_m2":251.05},"geometry":{"type":"Polygon","coordinates":[[[121.08027868553938,17.028655060210745],[121.08038902686415,17.028832582814275],[121.08050112851252,17.028712178208103],[121.08047294053357,17.0286877002298],[121.0804212655277,17.028650218622676],[121.08027868553938,17.028655060210745]]]}},{"type":"Feature","properties":{"source":"barlig map projection 2023.dxf","layer":"MPV LOTS,DECLARED  PROPERTY,declared property","parcel_id":137,"area_m2":312.84},"geometry":{"type":"Polygon","coordinates":[[[121.08229724788721,17.031803908222763],[121.08212977242452,17.03180397126401],[121.08210690637038,17.031933560224118],[121.08234454580487,17.03193057914478],[121.08233475649143,17.031879798900135],[121.08229724788721,17.031803908222763]]]}},{"type":"Feature","properties":{"source":"barlig map projection 2023.dxf","layer":"MPV LOTS,DECLARED  PROPERTY,declared property","parcel_id":138,"area_m2":330.24},"geometry":{"type":"Polygon","coordinates":[[[121.08027868553938,17.028655060210745],[121.0802094144468,17.02877472609916],[121.080152676716,17.028760830998102],[121.08012742729915,17.02880403371275],[121.0803173839358,17.028892610091493],[121.08038902686415,17.028832582814275],[121.08027868553938,17.028655060210745]]]}},{"type":"Feature","properties":{"source":"barlig map projection 2023.dxf","layer":"MPV LOTS,DECLARED  PROPERTY,declared property","parcel_id":139,"area_m2":407.16},"geometry":{"type":"Polygon","coordinates":[[[121.08027868553938,17.028655060210745],[121.08042126556357,17.028650308985576],[121.08047294053357,17.0286877002298],[121.08054194675243,17.028611047092827],[121.08027803537381,17.028436562936903],[121.08027868553938,17.028655060210745]]]}},{"type":"Feature","properties":{"source":"barlig map projection 2023.dxf","layer":"MPV LOTS,DECLARED  PROPERTY,declared property","parcel_id":140,"area_m2":386.89},"geometry":{"type":"Polygon","coordinates":[[[121.08027868553938,17.028655060210745],[121.08027803537381,17.028436562936903],[121.08018341894292,17.02835680717385],[121.08010065958698,17.028570636120772],[121.08027868553938,17.028655060210745]]]}},{"type":"Feature","properties":{"source":"barlig map projection 2023.dxf","layer":"MPV LOTS,DECLARED  PROPERTY,declared property","parcel_id":141,"area_m2":1001.28},"geometry":{"type":"Polygon","coordinates":[[[121.08027868553938,17.028655060210745],[121.08010065958698,17.028570636120772],[121.07995428774892,17.028487284669605],[121.07985508594038,17.028450543173697],[121.07983716649952,17.028503050559642],[121.07989456586151,17.028527698694212],[121.07984260424864,17.028715943589223],[121.08012742729915,17.02880403371275],[121.080152676716,17.028760830998102],[121.0802094144468,17.02877472609916],[121.08027868553938,17.028655060210745]]]}},{"type":"Feature","properties":{"source":"barlig map projection 2023.dxf","layer":"MPV LOTS,DECLARED  PROPERTY,declared property","parcel_id":142,"area_m2":474.51},"geometry":{"type":"Polygon","coordinates":[[[121.07995432340849,17.028577647565633],[121.08010065958698,17.028570636120772],[121.08018341894292,17.02835680717385],[121.08006765859828,17.028250853857017],[121.07995432340849,17.028577647565633]]]}},{"type":"Feature","properties":{"source":"barlig map projection 2023.dxf","layer":"MPV LOTS,DECLARED  PROPERTY,declared property","parcel_id":143,"area_m2":822.8},"geometry":{"type":"Polygon","coordinates":[[[121.07995428774892,17.028487284669605],[121.08006775252554,17.028250853822655],[121.07989920753505,17.028150793298995],[121.07986637158311,17.028248668314127],[121.07970772843693,17.028248726125867],[121.07967893444022,17.028354732300834],[121.07979307641007,17.02840619759342],[121.07985508594038,17.028450543173697],[121.07995428774892,17.028487284669605]]]}},{"type":"Feature","properties":{"source":"barlig map projection 2023.dxf","layer":"MPV LOTS,DECLARED  PROPERTY,declared property","parcel_id":144,"area_m2":256.27},"geometry":{"type":"Polygon","coordinates":[[[121.07970772843693,17.028248726125867],[121.07986637158311,17.028248668314127],[121.07989920753505,17.028150793298995],[121.0797224145866,17.028095103827695],[121.07970772843693,17.028248726125867]]]}},{"type":"Feature","properties":{"source":"barlig map projection 2023.dxf","layer":"MPV LOTS,DECLARED  PROPERTY,declared property","parcel_id":145,"area_m2":264.71},"geometry":{"type":"Polygon","coordinates":[[[121.07982318416889,17.02853567666832],[121.07983716649952,17.028503050559642],[121.07985508594038,17.028450543173697],[121.07979307641007,17.02840619759342],[121.07967893444022,17.028354732300834],[121.07960092754523,17.02847367826189],[121.07973365016139,17.02848185299831],[121.07982318416889,17.02853567666832]]]}},{"type":"Feature","properties":{"source":"barlig map projection 2023.dxf","layer":"MPV LOTS,DECLARED  PROPERTY,declared property","parcel_id":146,"area_m2":281.61},"geometry":{"type":"Polygon","coordinates":[[[121.07982318409766,17.02853549594253],[121.07973365016139,17.02848185299831],[121.07960092754523,17.02847367826189],[121.07959701276025,17.0285504881583],[121.0797633019126,17.028646031604175],[121.07982318409766,17.02853549594253]]]}},{"type":"Feature","properties":{"source":"barlig map projection 2023.dxf","layer":"MPV LOTS,DECLARED  PROPERTY,declared property","parcel_id":147,"area_m2":290.2},"geometry":{"type":"Polygon","coordinates":[[[121.07957509735706,17.028712516818672],[121.07984260424864,17.028715943589223],[121.07981703817285,17.02867077145753],[121.0797633019126,17.028646031604175],[121.07959701276025,17.0285504881583],[121.07957509735706,17.028712516818672]]]}},{"type":"Feature","properties":{"source":"barlig map projection 2023.dxf","layer":"MPV LOTS,DECLARED  PROPERTY,declared property","parcel_id":148,"area_m2":933.95},"geometry":{"type":"Polygon","coordinates":[[[121.08212977242452,17.03180397126401],[121.0821341331929,17.031671316921322],[121.08178913970406,17.031690241834283],[121.08175902799599,17.031787935374226],[121.08181129366254,17.031889574046417],[121.08210690637038,17.031933560224118],[121.08212977242452,17.03180397126401]]]}},{"type":"Feature","properties":{"source":"barlig map projection 2023.dxf","layer":"MPV LOTS,DECLARED  PROPERTY,declared property","parcel_id":149,"area_m2":155.5},"geometry":{"type":"Polygon","coordinates":[[[121.07984260424864,17.028715943589223],[121.07989456586151,17.028527698694212],[121.07983716649952,17.028503050559642],[121.07982318409766,17.02853549594253],[121.0797633019126,17.028646031604175],[121.07981703817285,17.02867077145753],[121.07984260424864,17.028715943589223]]]}},{"type":"Feature","properties":{"source":"barlig map projection 2023.dxf","layer":"MPV LOTS,DECLARED  PROPERTY,declared property","parcel_id":150,"area_m2":1424.47},"geometry":{"type":"Polygon","coordinates":[[[121.07922041307062,17.028195859906273],[121.0793934360303,17.028218749442928],[121.0793683669016,17.02848279895647],[121.07940942428168,17.02851115802865],[121.07957274936818,17.0284737788657],[121.07965075624554,17.02835474255248],[121.07967955029365,17.02824882674434],[121.07969414250364,17.028095114119402],[121.07944486247818,17.028102162637364],[121.07922245298938,17.02812808698332],[121.07922041307062,17.028195859906273]]]}},{"type":"Feature","properties":{"source":"barlig map projection 2023.dxf","layer":"MPV LOTS,DECLARED  PROPERTY,declared property","parcel_id":151,"area_m2":640.76},"geometry":{"type":"Polygon","coordinates":[[[121.07922041307062,17.028195859906273],[121.07922410712129,17.02851529146415],[121.07939254049566,17.028570261492515],[121.07940942428168,17.02851115802865],[121.0793683669016,17.02848279895647],[121.0793934360303,17.028218749442928],[121.07922041307062,17.028195859906273]]]}},{"type":"Feature","properties":{"source":"barlig map projection 2023.dxf","layer":"MPV LOTS,DECLARED  PROPERTY,declared property","parcel_id":152,"area_m2":912.86},"geometry":{"type":"Polygon","coordinates":[[[121.07922041307062,17.028195859906273],[121.07922245298938,17.02812808698332],[121.0790815613029,17.028125878813],[121.07905271170905,17.02857201092217],[121.0791930476471,17.02859337624893],[121.07939254049566,17.028570261492515],[121.07922410712129,17.02851529146415],[121.07922041307062,17.028195859906273]]]}},{"type":"Feature","properties":{"source":"barlig map projection 2023.dxf","layer":"MPV LOTS,DECLARED  PROPERTY,declared property","parcel_id":153,"area_m2":729.59},"geometry":{"type":"Polygon","coordinates":[[[121.07888041921925,17.028495987442803],[121.078933581347,17.028493980315552],[121.07891021371401,17.028546128131428],[121.07905271170905,17.02857201092217],[121.0790815613029,17.028125878813],[121.07896875589341,17.02812890147409],[121.07888041921925,17.028495987442803]]]}},{"type":"Feature","properties":{"source":"barlig map projection 2023.dxf","layer":"MPV LOTS,DECLARED  PROPERTY,declared property","parcel_id":154,"area_m2":92.5},"geometry":{"type":"Polygon","coordinates":[[[121.07888041921925,17.028495987442803],[121.07885251979899,17.028488316636103],[121.07877154920021,17.028474972044126],[121.07874787893978,17.02847353474383],[121.07872788426235,17.028504084591248],[121.07891021371401,17.028546128131428],[121.078933581347,17.028493980315552],[121.07888041921925,17.028495987442803]]]}},{"type":"Feature","properties":{"source":"barlig map projection 2023.dxf","layer":"MPV LOTS,DECLARED  PROPERTY,declared property","parcel_id":155,"area_m2":499.19},"geometry":{"type":"Polygon","coordinates":[[[121.07888041921925,17.028495987442803],[121.07896875589341,17.02812890147409],[121.07889586644939,17.028123957769154],[121.07880507542623,17.028218148593027],[121.07880539326318,17.028310951190935],[121.07877154920021,17.028474972044126],[121.07885251979899,17.028488316636103],[121.07888041921925,17.028495987442803]]]}},{"type":"Feature","properties":{"source":"barlig map projection 2023.dxf","layer":"MPV LOTS,DECLARED  PROPERTY,declared property","parcel_id":156,"area_m2":60.17},"geometry":{"type":"Polygon","coordinates":[[[121.07874133326901,17.028306907884925],[121.07880539326318,17.028310951190935],[121.07880507542623,17.028218148593027],[121.07875520100401,17.02822060631964],[121.07874133326901,17.028306907884925]]]}},{"type":"Feature","properties":{"source":"barlig map projection 2023.dxf","layer":"MPV LOTS,DECLARED  PROPERTY,declared property","parcel_id":157,"area_m2":97.88},"geometry":{"type":"Polygon","coordinates":[[[121.07874133326901,17.028306907884925],[121.07875520100401,17.02822060631964],[121.07868192604239,17.02819045142362],[121.07865407292111,17.028302059619122],[121.07874133326901,17.028306907884925]]]}},{"type":"Feature","properties":{"source":"barlig map projection 2023.dxf","layer":"MPV LOTS,DECLARED  PROPERTY,declared property","parcel_id":158,"area_m2":322.03},"geometry":{"type":"Polygon","coordinates":[[[121.07874133326901,17.028306907884925],[121.07865407292111,17.028302059619122],[121.07861712761867,17.028462195954877],[121.07872788426235,17.028504084591248],[121.07874787893978,17.02847353474383],[121.07877154920021,17.028474972044126],[121.07880539326318,17.028310951190935],[121.07874133326901,17.028306907884925]]]}},{"type":"Feature","properties":{"source":"barlig map projection 2023.dxf","layer":"MPV LOTS,DECLARED  PROPERTY,declared property","parcel_id":159,"area_m2":160.53},"geometry":{"type":"Polygon","coordinates":[[[121.08302108683709,17.031399712111615],[121.08314651902106,17.03149002723781],[121.08321880016746,17.03138301003896],[121.08315304590205,17.031373095187558],[121.08302708457668,17.031366365928065],[121.08302108683709,17.031399712111615]]]}},{"type":"Feature","properties":{"source":"barlig map projection 2023.dxf","layer":"MPV LOTS,DECLARED  PROPERTY,declared property","parcel_id":160,"area_m2":356.65},"geometry":{"type":"Polygon","coordinates":[[[121.07851359748554,17.028404942974568],[121.07861712761867,17.028462195954877],[121.07865407292111,17.028302059619122],[121.07868192604239,17.02819045142362],[121.07857971683029,17.02814819824468],[121.07851359748554,17.028404942974568]]]}},{"type":"Feature","properties":{"source":"barlig map projection 2023.dxf","layer":"MPV LOTS,DECLARED  PROPERTY,declared property","parcel_id":161,"area_m2":274.29},"geometry":{"type":"Polygon","coordinates":[[[121.07851359748554,17.028404942974568],[121.07857971683029,17.02814819824468],[121.07848813527883,17.028141724923817],[121.07842218428337,17.028348318147476],[121.07851359748554,17.028404942974568]]]}},{"type":"Feature","properties":{"source":"barlig map projection 2023.dxf","layer":"MPV LOTS,DECLARED  PROPERTY,declared property","parcel_id":162,"area_m2":220.65},"geometry":{"type":"Polygon","coordinates":[[[121.07833087653877,17.02832142263981],[121.07842218428337,17.028348318147476],[121.07848813527883,17.028141724923817],[121.07841927570196,17.02811346597301],[121.07833087653877,17.02832142263981]]]}},{"type":"Feature","properties":{"source":"barlig map projection 2023.dxf","layer":"MPV LOTS,DECLARED  PROPERTY,declared property","parcel_id":163,"area_m2":328.82},"geometry":{"type":"Polygon","coordinates":[[[121.07833087653877,17.02832142263981],[121.07841927570196,17.02811346597301],[121.07838113403459,17.028094774488572],[121.07831417706049,17.028128774870794],[121.07821442943217,17.028136762409616],[121.07817847772583,17.028194968947226],[121.07833087653877,17.02832142263981]]]}},{"type":"Feature","properties":{"source":"barlig map projection 2023.dxf","layer":"MPV LOTS,DECLARED  PROPERTY,declared property","parcel_id":164,"area_m2":410.35},"geometry":{"type":"Polygon","coordinates":[[[121.07807232145562,17.028146933693332],[121.07817847772583,17.028194968947226],[121.07821442943217,17.028136762409616],[121.07831417706049,17.028128774870794],[121.07838113403459,17.028094774488572],[121.07823182524949,17.027943108474],[121.07807232145562,17.028146933693332]]]}},{"type":"Feature","properties":{"source":"barlig map projection 2023.dxf","layer":"MPV LOTS,DECLARED  PROPERTY,declared property","parcel_id":165,"area_m2":315.28},"geometry":{"type":"Polygon","coordinates":[[[121.07807232145562,17.028146933693332],[121.07823182524949,17.027943108474],[121.07814773219803,17.027869673405373],[121.07798946900738,17.028124462804097],[121.07807232145562,17.028146933693332]]]}},{"type":"Feature","properties":{"source":"barlig map projection 2023.dxf","layer":"MPV LOTS,DECLARED  PROPERTY,declared property","parcel_id":166,"area_m2":1392.04},"geometry":{"type":"Polygon","coordinates":[[[121.07798946900738,17.028124462804097],[121.07814773219803,17.027869673405373],[121.0779201353865,17.027595051104633],[121.07779665802006,17.027690518173188],[121.07776694570066,17.027853814503437],[121.07785079960651,17.02803884801851],[121.07798946900738,17.028124462804097]]]}},{"type":"Feature","properties":{"source":"barlig map projection 2023.dxf","layer":"MPV LOTS,DECLARED  PROPERTY,declared property","parcel_id":167,"area_m2":291.09},"geometry":{"type":"Polygon","coordinates":[[[121.07769356946571,17.02755817302422],[121.07776659916894,17.027684745603363],[121.0778999411637,17.02759523900286],[121.07780361113484,17.02745195759472],[121.07769356946571,17.02755817302422]]]}},{"type":"Feature","properties":{"source":"barlig map projection 2023.dxf","layer":"MPV LOTS,DECLARED  PROPERTY,declared property","parcel_id":168,"area_m2":373.68},"geometry":{"type":"Polygon","coordinates":[[[121.07769356946571,17.02755817302422],[121.07756369299895,17.027622286284178],[121.07749259391407,17.027631799509745],[121.07762584233815,17.02778871280664],[121.07776659916894,17.027684745603363],[121.07769356946571,17.02755817302422]]]}},{"type":"Feature","properties":{"source":"barlig map projection 2023.dxf","layer":"MPV LOTS,DECLARED  PROPERTY,declared property","parcel_id":169,"area_m2":873.26},"geometry":{"type":"Polygon","coordinates":[[[121.07769356946571,17.02755817302422],[121.07780361113484,17.02745195759472],[121.07769421073507,17.02727027652431],[121.07760499828456,17.02731738717866],[121.07752161063205,17.027368110253185],[121.07753957383856,17.027428827791358],[121.07742230045325,17.027537123977208],[121.07749259391407,17.027631799509745],[121.07756369299895,17.027622286284178],[121.07769356946571,17.02755817302422]]]}},{"type":"Feature","properties":{"source":"barlig map projection 2023.dxf","layer":"MPV LOTS,DECLARED  PROPERTY,declared property","parcel_id":170,"area_m2":293.26},"geometry":{"type":"Polygon","coordinates":[[[121.08241602172112,17.03122942661423],[121.08245242976616,17.03137065005173],[121.08265434193457,17.031285542242685],[121.08259174818168,17.03119457050933],[121.08241602172112,17.03122942661423]]]}},{"type":"Feature","properties":{"source":"barlig map projection 2023.dxf","layer":"MPV LOTS,DECLARED  PROPERTY,declared property","parcel_id":171,"area_m2":244.83},"geometry":{"type":"Polygon","coordinates":[[[121.07749613115581,17.027301792866073],[121.07737509500232,17.027394999746306],[121.07742230045325,17.027537123977208],[121.07753957383856,17.027428827791358],[121.07752161063205,17.027368110253185],[121.07749613115581,17.027301792866073]]]}},{"type":"Feature","properties":{"source":"barlig map projection 2023.dxf","layer":"MPV LOTS,DECLARED  PROPERTY,declared property","parcel_id":172,"area_m2":416.25},"geometry":{"type":"Polygon","coordinates":[[[121.07749613115581,17.027301792866073],[121.07752161063205,17.027368110253185],[121.07760499828456,17.02731738717866],[121.07730042752345,17.02715963063603],[121.07726947590092,17.027275848255975],[121.07737509500232,17.027394999746306],[121.07749613115581,17.027301792866073]]]}},{"type":"Feature","properties":{"source":"barlig map projection 2023.dxf","layer":"MPV LOTS,DECLARED  PROPERTY,declared property","parcel_id":173,"area_m2":280.22},"geometry":{"type":"Polygon","coordinates":[[[121.07718370713133,17.026992771381195],[121.07715338474655,17.027034710438258],[121.07714808122368,17.02716718435273],[121.07726947590092,17.027275848255975],[121.07730042752345,17.02715963063603],[121.07718370713133,17.026992771381195]]]}},{"type":"Feature","properties":{"source":"barlig map projection 2023.dxf","layer":"MPV LOTS,DECLARED  PROPERTY,declared property","parcel_id":174,"area_m2":792.39},"geometry":{"type":"Polygon","coordinates":[[[121.07726947590092,17.027275848255975],[121.07714808122368,17.02716718435273],[121.07715338474655,17.027034710438258],[121.07718370713133,17.026992771381195],[121.07694993237601,17.027015715259722],[121.07680889852237,17.027132152085183],[121.07690379322234,17.027208023732317],[121.07726947590092,17.027275848255975]]]}},{"type":"Feature","properties":{"source":"barlig map projection 2023.dxf","layer":"MPV LOTS,DECLARED  PROPERTY,declared property","parcel_id":175,"area_m2":2127.76},"geometry":{"type":"Polygon","coordinates":[[[121.07618375760332,17.025721894721325],[121.07616427999672,17.026130341956073],[121.07637658781965,17.02622234810057],[121.07637747879006,17.026093761332238],[121.0764355132379,17.02581207987257],[121.07649654879198,17.025518830887762],[121.07619360125197,17.025421524889683],[121.07618375760332,17.025721894721325]]]}},{"type":"Feature","properties":{"source":"barlig map projection 2023.dxf","layer":"MPV LOTS,DECLARED  PROPERTY,declared property","parcel_id":176,"area_m2":749.91},"geometry":{"type":"Polygon","coordinates":[[[121.07618375760332,17.025721894721325],[121.07603187404506,17.025708031421367],[121.07600281178877,17.026106180582694],[121.07616427999672,17.026130341956073],[121.07618375760332,17.025721894721325]]]}},{"type":"Feature","properties":{"source":"barlig map projection 2023.dxf","layer":"MPV LOTS,DECLARED  PROPERTY,declared property","parcel_id":177,"area_m2":489.79},"geometry":{"type":"Polygon","coordinates":[[[121.07618375760332,17.025721894721325],[121.07619360125197,17.025421524889683],[121.07602380929681,17.025491163149894],[121.07603187404506,17.025708031421367],[121.07618375760332,17.025721894721325]]]}},{"type":"Feature","properties":{"source":"barlig map projection 2023.dxf","layer":"MPV LOTS,DECLARED  PROPERTY,declared property","parcel_id":178,"area_m2":370.43},"geometry":{"type":"Polygon","coordinates":[[[121.07597017670635,17.02574031232294],[121.07603187404506,17.025708031421367],[121.07602380929681,17.025491163149894],[121.0758159689321,17.02553858510834],[121.07597017670635,17.02574031232294]]]}},{"type":"Feature","properties":{"source":"barlig map projection 2023.dxf","layer":"MPV LOTS,DECLARED  PROPERTY,declared property","parcel_id":179,"area_m2":579.23},"geometry":{"type":"Polygon","coordinates":[[[121.07588000772785,17.025740343464918],[121.07587156888526,17.026031134317645],[121.07600281178877,17.026106180582694],[121.07603187404506,17.025708031421367],[121.07588000772785,17.025740343464918]]]}},{"type":"Feature","properties":{"source":"barlig map projection 2023.dxf","layer":"MPV LOTS,DECLARED  PROPERTY,declared property","parcel_id":180,"area_m2":370.99},"geometry":{"type":"Polygon","coordinates":[[[121.07588000772785,17.025740343464918],[121.07574072579894,17.02576822327653],[121.07574586624786,17.025952110089094],[121.07587156888526,17.026031134317645],[121.07588000772785,17.025740343464918]]]}},{"type":"Feature","properties":{"source":"barlig map projection 2023.dxf","layer":"MPV LOTS,DECLARED  PROPERTY,declared property","parcel_id":181,"area_m2":283.99},"geometry":{"type":"Polygon","coordinates":[[[121.08241602172112,17.03122942661423],[121.08259174818168,17.03119457050933],[121.08259671805692,17.031174146618284],[121.08257696614504,17.03110836991189],[121.08239427470848,17.031108077471057],[121.08236535376938,17.0311304080125],[121.08236398924744,17.03123938616175],[121.08241602172112,17.03122942661423]]]}},{"type":"Feature","properties":{"source":"barlig map projection 2023.dxf","layer":"MPV LOTS,DECLARED  PROPERTY,declared property","parcel_id":182,"area_m2":197.19},"geometry":{"type":"Polygon","coordinates":[[[121.07563403448805,17.025791573639037],[121.0756451693474,17.02593036728542],[121.07574586624786,17.025952110089094],[121.07574072579894,17.02576822327653],[121.07563403448805,17.025791573639037]]]}},{"type":"Feature","properties":{"source":"barlig map projection 2023.dxf","layer":"MPV LOTS,DECLARED  PROPERTY,declared property","parcel_id":183,"area_m2":172.33},"geometry":{"type":"Polygon","coordinates":[[[121.07563403448805,17.025791573639037],[121.07549889521803,17.02584638001666],[121.07550944225665,17.025920022192246],[121.0756451693474,17.02593036728542],[121.07563403448805,17.025791573639037]]]}},{"type":"Feature","properties":{"source":"barlig map projection 2023.dxf","layer":"MPV LOTS,DECLARED  PROPERTY,declared property","parcel_id":184,"area_m2":86.64},"geometry":{"type":"Polygon","coordinates":[[[121.07540591399498,17.02586150252511],[121.07540941754344,17.025937858008685],[121.07550944225665,17.025920022192246],[121.07549889521803,17.02584638001666],[121.07540591399498,17.02586150252511]]]}},{"type":"Feature","properties":{"source":"barlig map projection 2023.dxf","layer":"MPV LOTS,DECLARED  PROPERTY,declared property","parcel_id":185,"area_m2":157.66},"geometry":{"type":"Polygon","coordinates":[[[121.07540591399498,17.02586150252511],[121.07524670644914,17.025853876192826],[121.07529916047747,17.025970878252686],[121.07540941754344,17.025937858008685],[121.07540591399498,17.02586150252511]]]}},{"type":"Feature","properties":{"source":"barlig map projection 2023.dxf","layer":"MPV LOTS,DECLARED  PROPERTY,declared property","parcel_id":186,"area_m2":932.82},"geometry":{"type":"Polygon","coordinates":[[[121.07509392743599,17.02570419699696],[121.07493060932983,17.025756482450507],[121.07486378746401,17.025901989527988],[121.07508417417998,17.02599977750688],[121.07529916047747,17.025970878252686],[121.07524651859698,17.025853876257074],[121.07518929993196,17.025806003461074],[121.07509392743599,17.02570419699696]]]}},{"type":"Feature","properties":{"source":"barlig map projection 2023.dxf","layer":"MPV LOTS,DECLARED  PROPERTY,declared property","parcel_id":187,"area_m2":366.99},"geometry":{"type":"Polygon","coordinates":[[[121.0753344608621,17.025674204630082],[121.07518929993196,17.025806003461074],[121.07524651859698,17.025853876257074],[121.07540591399498,17.02586150252511],[121.07549889521803,17.02584638001666],[121.0753344608621,17.025674204630082]]]}},{"type":"Feature","properties":{"source":"barlig map projection 2023.dxf","layer":"MPV LOTS,DECLARED  PROPERTY,declared property","parcel_id":188,"area_m2":604.99},"geometry":{"type":"Polygon","coordinates":[[[121.07509392743599,17.02570419699696],[121.07518929993196,17.025806003461074],[121.0753344608621,17.025674204630082],[121.07546853270229,17.025527228525235],[121.07513482869781,17.025567373537708],[121.07509392743599,17.02570419699696]]]}},{"type":"Feature","properties":{"source":"barlig map projection 2023.dxf","layer":"MPV LOTS,DECLARED  PROPERTY,declared property","parcel_id":189,"area_m2":319.2},"geometry":{"type":"Polygon","coordinates":[[[121.07509392743599,17.02570419699696],[121.07513482869781,17.025567373537708],[121.07487036209297,17.025645898712384],[121.07493060932983,17.025756482450507],[121.07509392743599,17.02570419699696]]]}},{"type":"Feature","properties":{"source":"barlig map projection 2023.dxf","layer":"MPV LOTS,DECLARED  PROPERTY,declared property","parcel_id":190,"area_m2":512.07},"geometry":{"type":"Polygon","coordinates":[[[121.07486378746401,17.025901989527988],[121.07493060932983,17.025756482450507],[121.07487036209297,17.025645898712384],[121.07459282784018,17.025692439489358],[121.07486378746401,17.025901989527988]]]}},{"type":"Feature","properties":{"source":"barlig map projection 2023.dxf","layer":"MPV LOTS,DECLARED  PROPERTY,declared property","parcel_id":191,"area_m2":737.64},"geometry":{"type":"Polygon","coordinates":[[[121.0747314697604,17.02622399764985],[121.07489501249538,17.0262704789723],[121.07514587603289,17.026233615728305],[121.07510731227339,17.02608724093549],[121.07478767795021,17.026077861685735],[121.0747314697604,17.02622399764985]]]}},{"type":"Feature","properties":{"source":"barlig map projection 2023.dxf","layer":"MPV LOTS,DECLARED  PROPERTY,declared property","parcel_id":192,"area_m2":417.66},"geometry":{"type":"Polygon","coordinates":[[[121.07121224510142,17.05988793879037],[121.07120809936917,17.059752453498636],[121.07094439894631,17.059686630794104],[121.07094854448675,17.059822116092814],[121.07121224510142,17.05988793879037]]]}},{"type":"Feature","properties":{"source":"barlig map projection 2023.dxf","layer":"MPV LOTS,DECLARED  PROPERTY,declared property","parcel_id":193,"area_m2":448.04},"geometry":{"type":"Polygon","coordinates":[[[121.07104005850985,17.056809423739498],[121.07123327497787,17.056796660833044],[121.07123122175416,17.056773884546548],[121.07120570321482,17.05662856150461],[121.07092670343575,17.056673891573986],[121.07104005850985,17.056809423739498]]]}},{"type":"Feature","properties":{"source":"barlig map projection 2023.dxf","layer":"MPV LOTS,DECLARED  PROPERTY,declared property","parcel_id":194,"area_m2":399.94},"geometry":{"type":"Polygon","coordinates":[[[121.07104444051191,17.057171728207063],[121.07115465836776,17.057164475225907],[121.07114460664388,17.05707417691621],[121.07125248417637,17.057067157856753],[121.07124479050393,17.056958975489593],[121.07102238685793,17.05697361100608],[121.07104444051191,17.057171728207063]]]}},{"type":"Feature","properties":{"source":"barlig map projection 2023.dxf","layer":"MPV LOTS,DECLARED  PROPERTY,declared property","parcel_id":195,"area_m2":208.58},"geometry":{"type":"Polygon","coordinates":[[[121.07104005850985,17.056809423739498],[121.07104179256784,17.056899815222515],[121.07123968681395,17.056886812777712],[121.07123327452346,17.05679666086294],[121.07104005850985,17.056809423739498]]]}},{"type":"Feature","properties":{"source":"barlig map projection 2023.dxf","layer":"MPV LOTS,DECLARED  PROPERTY,declared property","parcel_id":196,"area_m2":118.79},"geometry":{"type":"Polygon","coordinates":[[[121.1011938274666,17.040879142368794],[121.10125791676965,17.04083675145499],[121.10114939003547,17.04073673212463],[121.10111014732074,17.040790936823722],[121.10113144518381,17.04081585482305],[121.10114263025531,17.04083855463823],[121.10115476468856,17.040852938288413],[121.1011938274666,17.040879142368794]]]}},{"type":"Feature","properties":{"source":"barlig map projection 2023.dxf","layer":"MPV LOTS,DECLARED  PROPERTY,declared property","parcel_id":197,"area_m2":48.13},"geometry":{"type":"Polygon","coordinates":[[[121.10135601981253,17.040835362641214],[121.10146060308497,17.040886710234062],[121.10144215627004,17.040819992765908],[121.10143961507687,17.040804918394116],[121.10135189712041,17.04082725767742],[121.10135601981253,17.040835362641214]]]}},{"type":"Feature","properties":{"source":"barlig map projection 2023.dxf","layer":"MPV LOTS,DECLARED  PROPERTY,declared property","parcel_id":198,"area_m2":579.34},"geometry":{"type":"Polygon","coordinates":[[[121.10125791676965,17.04083675145499],[121.10135189712041,17.04082725767742],[121.10143961507687,17.040804918394116],[121.10142299959327,17.0407063551926],[121.10132883822752,17.04057093313535],[121.1012998021764,17.04056186349622],[121.10119835718181,17.040669029545167],[121.1011493440828,17.04073672981633],[121.10125791676965,17.04083675145499]]]}},{"type":"Feature","properties":{"source":"barlig map projection 2023.dxf","layer":"MPV LOTS,DECLARED  PROPERTY,declared property","parcel_id":199,"area_m2":301.37},"geometry":{"type":"Polygon","coordinates":[[[121.10125791676965,17.04083675145499],[121.10135189712041,17.04082725767742],[121.1014109205924,17.040812226072738],[121.10122808947726,17.04063762049612],[121.10119835718181,17.040669029545167],[121.1011493440828,17.04073672981633],[121.10125791676965,17.04083675145499]]]}},{"type":"Feature","properties":{"source":"barlig map projection 2023.dxf","layer":"MPV LOTS,DECLARED  PROPERTY,declared property","parcel_id":200,"area_m2":435.54},"geometry":{"type":"Polygon","coordinates":[[[121.07088730137521,17.056544300163587],[121.07090489954881,17.05664820277663],[121.07092670343575,17.056673891573986],[121.07120570321482,17.05662856150461],[121.07118589857828,17.05651594373992],[121.07088730137521,17.056544300163587]]]}},{"type":"Feature","properties":{"source":"barlig map projection 2023.dxf","layer":"MPV LOTS,DECLARED  PROPERTY,declared property","parcel_id":201,"area_m2":704.8},"geometry":{"type":"Polygon","coordinates":[[[121.07118589856012,17.056515943636647],[121.07118527860479,17.056312357407762],[121.07090966003256,17.056329399971187],[121.07088730137521,17.056544300163587],[121.07118589856012,17.056515943636647]]]}},{"type":"Feature","properties":{"source":"barlig map projection 2023.dxf","layer":"MPV LOTS,DECLARED  PROPERTY,declared property","parcel_id":202,"area_m2":1500.93},"geometry":{"type":"Polygon","coordinates":[[[121.09991376786563,17.03810777245734],[121.10010549587385,17.038225754101067],[121.10025690075338,17.03827225321314],[121.10027732368472,17.03815533651031],[121.10036263085345,17.038069025373684],[121.10003393857853,17.037725491180147],[121.09991376786563,17.03810777245734]]]}},{"type":"Feature","properties":{"source":"barlig map projection 2023.dxf","layer":"MPV LOTS,DECLARED  PROPERTY,declared property","parcel_id":203,"area_m2":7120.8},"geometry":{"type":"Polygon","coordinates":[[[121.09213736130124,17.04864697731393],[121.0911339497178,17.04927720567912],[121.09087202001868,17.049605073980583],[121.09091861772758,17.04962105033976],[121.09108405583892,17.049419722506563],[121.09118575472237,17.049497051865046],[121.0921879652431,17.04889677196302],[121.09353806659136,17.048138094572142],[121.09329670060386,17.04804877798129],[121.09213736130124,17.04864697731393]]]}},{"type":"Feature","properties":{"source":"barlig map projection 2023.dxf","layer":"MPV LOTS,DECLARED  PROPERTY,declared property","parcel_id":204,"area_m2":1273.95},"geometry":{"type":"Polygon","coordinates":[[[121.09088614819069,17.049802049133636],[121.0904136236694,17.050160485414462],[121.09091030553371,17.050200676111565],[121.09093322838272,17.049966316356162],[121.09092855049992,17.049870004428346],[121.09091919844816,17.04983864848434],[121.09088614819069,17.049802049133636]]]}},{"type":"Feature","properties":{"source":"barlig map projection 2023.dxf","layer":"MPV LOTS,DECLARED  PROPERTY,declared property","parcel_id":205,"area_m2":5230.01},"geometry":{"type":"Polygon","coordinates":[[[121.09108965739956,17.049614263756098],[121.09117343871996,17.049704269712127],[121.09120970722017,17.049825871663568],[121.09121684921266,17.049972912074967],[121.09119222842587,17.0502246351764],[121.09159868892624,17.05026142151087],[121.09176461385775,17.04915034184465],[121.09118567860773,17.049497097454008],[121.09108965739956,17.049614263756098]]]}},{"type":"Feature","properties":{"source":"barlig map projection 2023.dxf","layer":"MPV LOTS,DECLARED  PROPERTY,declared property","parcel_id":206,"area_m2":125.37},"geometry":{"type":"Polygon","coordinates":[[[121.1894868081624,17.04332641546216],[121.18951032394523,17.043433111133407],[121.18961196753105,17.04338771583081],[121.18953615792367,17.043275720614265],[121.1894868081624,17.04332641546216]]]}},{"type":"Feature","properties":{"source":"barlig map projection 2023.dxf","layer":"MPV LOTS,DECLARED  PROPERTY,declared property","parcel_id":207,"area_m2":206.92},"geometry":{"type":"Polygon","coordinates":[[[121.19748870050651,17.048325875349242],[121.19741555956514,17.048251749898746],[121.19737096964825,17.048269800683105],[121.19738546870207,17.04833935040397],[121.19738790105457,17.048453634782714],[121.19750250129512,17.04842046120667],[121.19748870050651,17.048325875349242]]]}},{"type":"Feature","properties":{"source":"barlig map projection 2023.dxf","layer":"MPV LOTS,DECLARED  PROPERTY,declared property","parcel_id":208,"area_m2":183.87},"geometry":{"type":"Polygon","coordinates":[[[121.09914474110715,17.042342941503637],[121.09901607101568,17.042204879143153],[121.09900381777071,17.042371784002157],[121.09911859275209,17.042402070449764],[121.0991263170148,17.042398342347397],[121.09913917025861,17.042365630796937],[121.09914474110715,17.042342941503637]]]}},{"type":"Feature","properties":{"source":"barlig map projection 2023.dxf","layer":"MPV LOTS,DECLARED  PROPERTY,declared property","parcel_id":209,"area_m2":74.24},"geometry":{"type":"Polygon","coordinates":[[[121.1963451629229,17.05185881934487],[121.19638286370292,17.051922084562868],[121.1964057051562,17.051943559005778],[121.1964641078746,17.051918225430455],[121.19639513396905,17.051837660445397],[121.1963451629229,17.05185881934487]]]}},{"type":"Feature","properties":{"source":"barlig map projection 2023.dxf","layer":"MPV LOTS,DECLARED  PROPERTY,declared property","parcel_id":210,"area_m2":326.56},"geometry":{"type":"Polygon","coordinates":[[[121.19740540291092,17.051208744911282],[121.19721963602152,17.051369771867172],[121.19736177307809,17.05141391687108],[121.19750195421128,17.05131283362485],[121.19740540291092,17.051208744911282]]]}},{"type":"Feature","properties":{"source":"barlig map projection 2023.dxf","layer":"MPV LOTS,DECLARED  PROPERTY,declared property","parcel_id":211,"area_m2":19479.27},"geometry":{"type":"Polygon","coordinates":[[[121.1939628251727,17.061444988133047],[121.19407928901266,17.061795190983617],[121.1944548127894,17.062146998014736],[121.19469059867514,17.062452876450678],[121.19474263745005,17.062599445866123],[121.19471242510035,17.062693745125905],[121.19482789871007,17.06316833485343],[121.19472529116648,17.063593757095042],[121.19554258034125,17.063615409783427],[121.1954226702888,17.062531217191214],[121.19496857793976,17.061557319489687],[121.1939628251727,17.061444988133047]]]}},{"type":"Feature","properties":{"source":"barlig map projection 2023.dxf","layer":"MPV LOTS,DECLARED  PROPERTY,declared property","parcel_id":212,"area_m2":263.72},"geometry":{"type":"Polygon","coordinates":[[[121.1956025643611,17.05942675911363],[121.19541270072507,17.059464155423157],[121.19539876368268,17.059578948571634],[121.19548702463733,17.05962834865909],[121.1956025643611,17.05942675911363]]]}},{"type":"Feature","properties":{"source":"barlig map projection 2023.dxf","layer":"MPV LOTS,DECLARED  PROPERTY,declared property","parcel_id":213,"area_m2":589.54},"geometry":{"type":"Polygon","coordinates":[[[121.08430317894772,17.055407208880958],[121.08396500481325,17.055530817380273],[121.08406901338945,17.0556618011711],[121.08428363249884,17.0555833541853],[121.08432768926741,17.055527374312135],[121.08430317894772,17.055407208880958]]]}},{"type":"Feature","properties":{"source":"barlig map projection 2023.dxf","layer":"MPV LOTS,DECLARED  PROPERTY,declared property","parcel_id":214,"area_m2":1031.38},"geometry":{"type":"Polygon","coordinates":[[[121.08430317894772,17.055407208880958],[121.08428430486583,17.055314725789522],[121.08429503265138,17.055160460033466],[121.08423705456386,17.0551633402374],[121.08386075038753,17.05539951326706],[121.08396500481325,17.055530817380273],[121.08430317894772,17.055407208880958]]]}},{"type":"Feature","properties":{"source":"barlig map projection 2023.dxf","layer":"MPV LOTS,DECLARED  PROPERTY,declared property","parcel_id":215,"area_m2":143.38},"geometry":{"type":"Polygon","coordinates":[[[121.08429503265138,17.055160460033466],[121.08423705456386,17.0551633402374],[121.08417938559728,17.05519953405875],[121.08417364859612,17.055282031523184],[121.0842869780042,17.0552764016297],[121.08429503265138,17.055160460033466]]]}},{"type":"Feature","properties":{"source":"barlig map projection 2023.dxf","layer":"MPV LOTS,DECLARED  PROPERTY,declared property","parcel_id":216,"area_m2":15302.0},"geometry":{"type":"Polygon","coordinates":[[[121.16937480307953,17.07670204061031],[121.16918174833008,17.07664188164297],[121.16927264951067,17.076538186400793],[121.16861063379693,17.076331890161136],[121.16754403431221,17.07754859342089],[121.16839910878625,17.07781505297146],[121.16937480307953,17.07670204061031]]]}},{"type":"Feature","properties":{"source":"barlig map projection 2023.dxf","layer":"MPV LOTS,DECLARED  PROPERTY,declared property","parcel_id":217,"area_m2":223.92},"geometry":{"type":"Polygon","coordinates":[[[121.08493267834365,17.055979903954512],[121.08486534597695,17.055929827704762],[121.08471713311026,17.056103432047447],[121.08480177414368,17.05614263303287],[121.08493267834365,17.055979903954512]]]}},{"type":"Feature","properties":{"source":"barlig map projection 2023.dxf","layer":"MPV LOTS,DECLARED  PROPERTY,declared property","parcel_id":218,"area_m2":959.51},"geometry":{"type":"Polygon","coordinates":[[[121.08455240985036,17.055679699925914],[121.08454416054433,17.055673564741717],[121.08443242126872,17.0555366823745],[121.08439539407102,17.055453340207187],[121.0842344892229,17.055577811740477],[121.08416639280566,17.055673797854425],[121.08432632252985,17.055805623068142],[121.08436632575487,17.055877167636925],[121.08438441201193,17.055861110247562],[121.08451907862752,17.055732893931665],[121.08455240985036,17.055679699925914]]]}},{"type":"Feature","properties":{"source":"barlig map projection 2023.dxf","layer":"MPV LOTS,DECLARED  PROPERTY,declared property","parcel_id":219,"area_m2":225.62},"geometry":{"type":"Polygon","coordinates":[[[121.08461987928078,17.05572985751815],[121.08455240985036,17.055679699925914],[121.08451907862752,17.055732893931665],[121.08438441201193,17.055861110247562],[121.08444097992862,17.055878029072733],[121.0844683323625,17.055901880606783],[121.0844716333566,17.055903409449982],[121.08461987928078,17.05572985751815]]]}},{"type":"Feature","properties":{"source":"barlig map projection 2023.dxf","layer":"MPV LOTS,DECLARED  PROPERTY,declared property","parcel_id":220,"area_m2":1000.21},"geometry":{"type":"Polygon","coordinates":[[[121.08608215899204,17.05507020355997],[121.08537001068673,17.055491195787916],[121.08552740250168,17.055636599619],[121.08608215899204,17.05507020355997]]]}},{"type":"Feature","properties":{"source":"barlig map projection 2023.dxf","layer":"MPV LOTS,DECLARED  PROPERTY,declared property","parcel_id":221,"area_m2":2592.94},"geometry":{"type":"Polygon","coordinates":[[[121.08477592989571,17.055702829788675],[121.08480773906717,17.055730293136584],[121.08488410998257,17.055761895511527],[121.08490067859132,17.05576875161617],[121.08537001068673,17.055491195787916],[121.08608215899204,17.05507020355997],[121.0857945684099,17.054999772879352],[121.08477592989571,17.055702829788675]]]}},{"type":"Feature","properties":{"source":"barlig map projection 2023.dxf","layer":"MPV LOTS,DECLARED  PROPERTY,declared property","parcel_id":222,"area_m2":2592.52},"geometry":{"type":"Polygon","coordinates":[[[121.08470571576765,17.055650291014306],[121.08540124902774,17.054932247484768],[121.08527483290729,17.054940764964755],[121.08448573354626,17.055332367338313],[121.08455786249829,17.055511802746953],[121.08464854106315,17.05560848361148],[121.08470571576765,17.055650291014306]]]}},{"type":"Feature","properties":{"source":"barlig map projection 2023.dxf","layer":"MPV LOTS,DECLARED  PROPERTY,declared property","parcel_id":223,"area_m2":15152.55},"geometry":{"type":"Polygon","coordinates":[[[121.09699049899443,17.04601038896297],[121.09698579721785,17.04595037759758],[121.09699919818262,17.04591114550696],[121.09703920142485,17.04585091162581],[121.09706173834911,17.045830174725072],[121.09707512691213,17.04580797755032],[121.09692942739636,17.045701631399986],[121.09697733209512,17.04560909607871],[121.09703910212359,17.045349789272016],[121.09641845490476,17.04492904013381],[121.09595361931768,17.044789137390833],[121.0958915749726,17.04484058263789],[121.09577968113793,17.045610667752996],[121.09593444774363,17.046131250810344],[121.0963083112703,17.046324278507537],[121.09656603718349,17.04590767086497],[121.09689261583816,17.04602392189305],[121.09693089008492,17.04602943969695],[121.09699049899443,17.04601038896297]]]}},{"type":"Feature","properties":{"source":"barlig map projection 2023.dxf","layer":"MPV LOTS,DECLARED  PROPERTY,declared property","parcel_id":224,"area_m2":733.98},"geometry":{"type":"Polygon","coordinates":[[[121.19688329817328,17.059212756810155],[121.19691895022763,17.05911198546875],[121.19699454379688,17.05913673024956],[121.19697877706821,17.05899258486824],[121.19695416728823,17.058962689151162],[121.19687013976475,17.058953679463112],[121.19678074390768,17.058978021796143],[121.19667589181168,17.058972187708566],[121.19666060595283,17.05913988920377],[121.19688329817328,17.059212756810155]]]}},{"type":"Feature","properties":{"source":"barlig map projection 2023.dxf","layer":"MPV LOTS,DECLARED  PROPERTY,declared property","parcel_id":225,"area_m2":279.62},"geometry":{"type":"Polygon","coordinates":[[[121.10257484634741,17.040553474577862],[121.10235599343628,17.040517846666788],[121.10233538827735,17.04061451138607],[121.10257271101324,17.040660842165263],[121.10257484634741,17.040553474577862]]]}},{"type":"Feature","properties":{"source":"barlig map projection 2023.dxf","layer":"MPV LOTS,DECLARED  PROPERTY,declared property","parcel_id":226,"area_m2":377.93},"geometry":{"type":"Polygon","coordinates":[[[121.10257484634741,17.040553474577862],[121.10257270895113,17.04044252817901],[121.10235648499177,17.040377124153938],[121.10228085592559,17.04035424759824],[121.10230520918628,17.040391819769876],[121.10235599343628,17.040517846666788],[121.10257484634741,17.040553474577862]]]}},{"type":"Feature","properties":{"source":"barlig map projection 2023.dxf","layer":"MPV LOTS,DECLARED  PROPERTY,declared property","parcel_id":227,"area_m2":454.13},"geometry":{"type":"Polygon","coordinates":[[[121.10235648499177,17.040377124153938],[121.10239281361514,17.04018234002975],[121.10215237572326,17.04011896970244],[121.10211865753854,17.04016771972949],[121.10213414185718,17.04022472211437],[121.10220404880326,17.04023566044104],[121.10228085592559,17.04035424759824],[121.10235648499177,17.040377124153938]]]}},{"type":"Feature","properties":{"source":"barlig map projection 2023.dxf","layer":"MPV LOTS,DECLARED  PROPERTY,declared property","parcel_id":228,"area_m2":906.5},"geometry":{"type":"Polygon","coordinates":[[[121.10172701284037,17.040716243927687],[121.10168503674454,17.04050243011941],[121.10148707783837,17.04041828551893],[121.10147809151842,17.040473456532954],[121.10137228998715,17.04056269845583],[121.1014221158912,17.040602996970037],[121.1014786272127,17.0407143195415],[121.10150399783511,17.040783324418488],[121.10172701284037,17.040716243927687]]]}},{"type":"Feature","properties":{"source":"barlig map projection 2023.dxf","layer":"MPV LOTS,DECLARED  PROPERTY,declared property","parcel_id":229,"area_m2":72.49},"geometry":{"type":"Polygon","coordinates":[[[121.10061618094447,17.039454020444538],[121.1006587824761,17.039451634348634],[121.10062142347203,17.03936124129644],[121.10068282177971,17.03930914029746],[121.10058748249094,17.039316571360114],[121.10059902033751,17.039388278726207],[121.10061618094447,17.039454020444538]]]}},{"type":"Feature","properties":{"source":"barlig map projection 2023.dxf","layer":"MPV LOTS,DECLARED  PROPERTY,declared property","parcel_id":230,"area_m2":46.6},"geometry":{"type":"Polygon","coordinates":[[[121.10031943090627,17.03971418481678],[121.10036011014988,17.03966728062081],[121.10032229267517,17.039627080616057],[121.10026831179651,17.039697244542637],[121.10031943090627,17.03971418481678]]]}},{"type":"Feature","properties":{"source":"barlig map projection 2023.dxf","layer":"MPV LOTS,DECLARED  PROPERTY,declared property","parcel_id":231,"area_m2":146.74},"geometry":{"type":"Polygon","coordinates":[[[121.0991441002076,17.039464415324098],[121.09916691665396,17.03940134757117],[121.0991129076918,17.039380875217677],[121.09904814068244,17.039390087583968],[121.09898891187461,17.03937406544375],[121.09896557285253,17.039432233035257],[121.0990768238945,17.03945979010216],[121.0991441002076,17.039464415324098]]]}},{"type":"Feature","properties":{"source":"barlig map projection 2023.dxf","layer":"MPV LOTS,DECLARED  PROPERTY,declared property","parcel_id":232,"area_m2":178.64},"geometry":{"type":"Polygon","coordinates":[[[121.10118205111888,17.039993908265604],[121.10116187735235,17.039944543073094],[121.1011501438691,17.03986400371487],[121.10106866779071,17.03985684024995],[121.10104792941672,17.039928107650017],[121.10106869706848,17.040013545155887],[121.10118205111888,17.039993908265604]]]}},{"type":"Feature","properties":{"source":"barlig map projection 2023.dxf","layer":"MPV LOTS,DECLARED  PROPERTY,declared property","parcel_id":233,"area_m2":70.1},"geometry":{"type":"Polygon","coordinates":[[[121.10118375754581,17.03849783214403],[121.10114881250047,17.038416785286724],[121.10106553918553,17.038440000386426],[121.10108414372075,17.03849849937185],[121.1011178600195,17.038480782430558],[121.10114228780125,17.03847531624583],[121.1011675620544,17.038513611941397],[121.10118375754581,17.03849783214403]]]}},{"type":"Feature","properties":{"source":"barlig map projection 2023.dxf","layer":"MPV LOTS,DECLARED  PROPERTY,declared property","parcel_id":234,"area_m2":617.52},"geometry":{"type":"Polygon","coordinates":[[[121.09960322753969,17.036814130652033],[121.099484042787,17.036932285335535],[121.09962876595839,17.03714391417434],[121.09980861413257,17.037018775462126],[121.09960322753969,17.036814130652033]]]}},{"type":"Feature","properties":{"source":"barlig map projection 2023.dxf","layer":"MPV LOTS,DECLARED  PROPERTY,declared property","parcel_id":235,"area_m2":1500.93},"geometry":{"type":"Polygon","coordinates":[[[121.10281379324331,17.037251656319043],[121.10300552217896,17.037369635231965],[121.10315692707252,17.037416132187502],[121.10317734810971,17.037299215193684],[121.10326265355472,17.0372129028419],[121.1029339575157,17.036869373329765],[121.10281379324331,17.037251656319043]]]}},{"type":"Feature","properties":{"source":"barlig map projection 2023.dxf","layer":"MPV LOTS,DECLARED  PROPERTY,declared property","parcel_id":236,"area_m2":111.43},"geometry":{"type":"Polygon","coordinates":[[[121.10035684389612,17.040137596086858],[121.10034197563581,17.0402093787984],[121.10043779981912,17.0402443310185],[121.10045558212478,17.04019488653168],[121.10047914761546,17.04016520013699],[121.10041755017669,17.040140370558778],[121.10035684389612,17.040137596086858]]]}},{"type":"Feature","properties":{"source":"barlig map projection 2023.dxf","layer":"MPV LOTS,DECLARED  PROPERTY,declared property","parcel_id":237,"area_m2":114.75},"geometry":{"type":"Polygon","coordinates":[[[121.09999006347941,17.040300539715876],[121.09996709551551,17.040304764938675],[121.10001473526847,17.040419572112846],[121.10006793512792,17.04040167235629],[121.10009907770328,17.040423926321832],[121.10012204892044,17.04041358533796],[121.10011537159806,17.04038920617593],[121.10003683895523,17.040317458259995],[121.09999006347941,17.040300539715876]]]}}]}
