{"type":"FeatureCollection","features":[{"type":"Feature","properties":{"name":"2621 Gadgets Shop","kind":"business","kind_label":"Business","source":"google_places","google_place_id":"ChIJSXI5QAArjjMRGc4rnzyDhcg","google_primary_type":"cell_phone_store","google_primary_type_label":"Cell Phone Store","google_types":["cell_phone_store","store","point_of_interest","establishment"],"google_maps_uri":"https://maps.google.com/?cid=14449099275879829017&g_mp=Cilnb29nbGUubWFwcy5wbGFjZXMudjEuUGxhY2VzLlNlYXJjaE5lYXJieRACGAQgAA","google_icon_mask_base_uri":"https://maps.gstatic.com/mapfiles/place_api/icons/v2/shopping_pinlet","google_icon_background_color":"#4B96F3","formatted_address":"XVJ2+WQR, Bauko, Mountain Province, Philippines","business_status":"OPERATIONAL","rating":null,"user_rating_count":null,"barangay_slug":"abatan","barangay_name":"Abatan"},"geometry":{"type":"Point","coordinates":[120.85189690000001,16.9823677]}},{"type":"Feature","properties":{"name":"Abatan","kind":"business","kind_label":"Business","source":"google_places","google_place_id":"ChIJ2_EhaogqjjMRkpdIb6hazxg","google_primary_type":null,"google_primary_type_label":null,"google_types":["sublocality_level_2","sublocality","political"],"google_maps_uri":"https://maps.google.com/?cid=1787747256557410194&g_mp=Cidnb29nbGUubWFwcy5wbGFjZXMudjEuUGxhY2VzLlNlYXJjaFRleHQQAhgEIAA","google_icon_mask_base_uri":"https://maps.gstatic.com/mapfiles/place_api/icons/v2/generic_pinlet","google_icon_background_color":"#7B9EB0","formatted_address":"Abatan, Bauko, Mountain Province, Philippines","business_status":null,"rating":null,"user_rating_count":null,"barangay_slug":"abatan","barangay_name":"Abatan"},"geometry":{"type":"Point","coordinates":[120.85276549999999,16.9888135]}},{"type":"Feature","properties":{"name":"ABATAN AUTO PARTS","kind":"business","kind_label":"Business","source":"google_places","google_place_id":"ChIJ-XNAiogqjjMRTiPulGuxH6w","google_primary_type":"auto_parts_store","google_primary_type_label":"Auto Parts Store","google_types":["auto_parts_store","car_repair","store","service","point_of_interest","establishment"],"google_maps_uri":"https://maps.google.com/?cid=12402826974419886926&g_mp=Cilnb29nbGUubWFwcy5wbGFjZXMudjEuUGxhY2VzLlNlYXJjaE5lYXJieRACGAQgAA","google_icon_mask_base_uri":"https://maps.gstatic.com/mapfiles/place_api/icons/v2/shopping_pinlet","google_icon_background_color":"#4B96F3","formatted_address":"XVJ3+Q4X, Tagudin - Cervantes - Sabangan Rd, Bauko, Mountain Province, Philippines","business_status":"OPERATIONAL","rating":null,"user_rating_count":null,"barangay_slug":"abatan","barangay_name":"Abatan"},"geometry":{"type":"Point","coordinates":[120.85285760000001,16.9819814]}},{"type":"Feature","properties":{"name":"Abatan Hardware","kind":"business","kind_label":"Business","source":"google_places","google_place_id":"ChIJnb_N24cqjjMR7caMgrZTBSg","google_primary_type":"building_materials_store","google_primary_type_label":"Building Materials Store","google_types":["building_materials_store","store","point_of_interest","establishment"],"google_maps_uri":"https://maps.google.com/?cid=2883803179740088045&g_mp=Cilnb29nbGUubWFwcy5wbGFjZXMudjEuUGxhY2VzLlNlYXJjaE5lYXJieRACGAQgAA","google_icon_mask_base_uri":"https://maps.gstatic.com/mapfiles/place_api/icons/v2/shopping_pinlet","google_icon_background_color":"#4B96F3","formatted_address":"XVJ2+8R5, Tagudin - Cervantes - Sabangan Rd, Bauko, Mountain Province, Philippines","business_status":"OPERATIONAL","rating":5,"user_rating_count":2,"barangay_slug":"abatan","barangay_name":"Abatan"},"geometry":{"type":"Point","coordinates":[120.8521082,16.9807713]}},{"type":"Feature","properties":{"name":"Abatan Junction","kind":"business","kind_label":"Business","source":"google_places","google_place_id":"ChIJGXe31ocqjjMRicrh93uzOsg","google_primary_type":"landmark","google_primary_type_label":"Landmark","google_types":["landmark","point_of_interest","establishment"],"google_maps_uri":"https://maps.google.com/?cid=14428041701255924361&g_mp=Cidnb29nbGUubWFwcy5wbGFjZXMudjEuUGxhY2VzLlNlYXJjaFRleHQQAhgEIAA","google_icon_mask_base_uri":"https://maps.gstatic.com/mapfiles/place_api/icons/v2/generic_pinlet","google_icon_background_color":"#7B9EB0","formatted_address":"XVJ2+7WG, Tagudin - Cervantes - Sabangan Rd, Bauko, Mountain Province, Philippines","business_status":"OPERATIONAL","rating":4.2,"user_rating_count":97,"barangay_slug":"abatan","barangay_name":"Abatan"},"geometry":{"type":"Point","coordinates":[120.85232909999999,16.980698699999998]}},{"type":"Feature","properties":{"name":"ANDY AUTO MOTOR PARTS","kind":"business","kind_label":"Business","source":"google_places","google_place_id":"ChIJ-7x-e4gqjjMRWics3c_2Z68","google_primary_type":"auto_parts_store","google_primary_type_label":"Auto Parts Store","google_types":["auto_parts_store","car_repair","service","store","point_of_interest","establishment"],"google_maps_uri":"https://maps.google.com/?cid=12639342251867907930&g_mp=Cilnb29nbGUubWFwcy5wbGFjZXMudjEuUGxhY2VzLlNlYXJjaE5lYXJieRACGAQgAA","google_icon_mask_base_uri":"https://maps.gstatic.com/mapfiles/place_api/icons/v2/shopping_pinlet","google_icon_background_color":"#4B96F3","formatted_address":"XVJ2+HXM, Tagudin - Cervantes - Sabangan Rd, Bauko, Mountain Province, Philippines","business_status":"OPERATIONAL","rating":null,"user_rating_count":null,"barangay_slug":"abatan","barangay_name":"Abatan"},"geometry":{"type":"Point","coordinates":[120.85241810000001,16.9814613]}},{"type":"Feature","properties":{"name":"ANOR'S EATERY","kind":"business","kind_label":"Business","source":"google_places","google_place_id":"ChIJZ3q1e4gqjjMRQGAEwxvMhZE","google_primary_type":"restaurant","google_primary_type_label":"Restaurant","google_types":["restaurant","point_of_interest","food","establishment"],"google_maps_uri":"https://maps.google.com/?cid=10486011727010095168&g_mp=Cilnb29nbGUubWFwcy5wbGFjZXMudjEuUGxhY2VzLlNlYXJjaE5lYXJieRACGAQgAA","google_icon_mask_base_uri":"https://maps.gstatic.com/mapfiles/place_api/icons/v2/restaurant_pinlet","google_icon_background_color":"#FF9E67","formatted_address":"XVJ2+HV8, Tagudin - Cervantes - Sabangan Rd, Bauko, Mountain Province, Philippines","business_status":"OPERATIONAL","rating":null,"user_rating_count":null,"barangay_slug":"abatan","barangay_name":"Abatan"},"geometry":{"type":"Point","coordinates":[120.8521946,16.9814159]}},{"type":"Feature","properties":{"name":"Asogfa Eatery","kind":"business","kind_label":"Business","source":"google_places","google_place_id":"ChIJT8Ek1IcqjjMRyYSQpB0ICpU","google_primary_type":"restaurant","google_primary_type_label":"Restaurant","google_types":["restaurant","point_of_interest","food","establishment"],"google_maps_uri":"https://maps.google.com/?cid=10739405184826377417&g_mp=Cilnb29nbGUubWFwcy5wbGFjZXMudjEuUGxhY2VzLlNlYXJjaE5lYXJieRACGAQgAA","google_icon_mask_base_uri":"https://maps.gstatic.com/mapfiles/place_api/icons/v2/restaurant_pinlet","google_icon_background_color":"#FF9E67","formatted_address":"XVJ2+8X4, Mabaay - Guinzadan - Abatan Rd, Bauko, Mountain Province, Philippines","business_status":"OPERATIONAL","rating":2,"user_rating_count":2,"barangay_slug":"abatan","barangay_name":"Abatan"},"geometry":{"type":"Point","coordinates":[120.85244719999999,16.98075]}},{"type":"Feature","properties":{"name":"BARAKS","kind":"business","kind_label":"Business","source":"google_places","google_place_id":"ChIJM3knzHsrjjMR-tJjvUusIyc","google_primary_type":"bar_and_grill","google_primary_type_label":"Bar & Grill","google_types":["bar_and_grill","bar","restaurant","point_of_interest","food","establishment"],"google_maps_uri":"https://maps.google.com/?cid=2820287232964023034&g_mp=Cilnb29nbGUubWFwcy5wbGFjZXMudjEuUGxhY2VzLlNlYXJjaE5lYXJieRACGAQgAA","google_icon_mask_base_uri":"https://maps.gstatic.com/mapfiles/place_api/icons/v2/restaurant_pinlet","google_icon_background_color":"#FF9E67","formatted_address":"Sugo, Bauko, 2621 Mountain Province, Philippines","business_status":"OPERATIONAL","rating":5,"user_rating_count":1,"barangay_slug":"abatan","barangay_name":"Abatan"},"geometry":{"type":"Point","coordinates":[120.86011019999998,16.9744554]}},{"type":"Feature","properties":{"name":"Bbq Eatery","kind":"business","kind_label":"Business","source":"google_places","google_place_id":"ChIJ6ZiK2ocqjjMRPcnFT_18o_A","google_primary_type":"restaurant","google_primary_type_label":"Restaurant","google_types":["restaurant","point_of_interest","food","establishment"],"google_maps_uri":"https://maps.google.com/?cid=17339840417713473853&g_mp=Cilnb29nbGUubWFwcy5wbGFjZXMudjEuUGxhY2VzLlNlYXJjaE5lYXJieRACGAQgAA","google_icon_mask_base_uri":"https://maps.gstatic.com/mapfiles/place_api/icons/v2/restaurant_pinlet","google_icon_background_color":"#FF9E67","formatted_address":"XVJ2+6Q9, Tagudin - Cervantes - Sabangan Rd, Bauko, Mountain Province, Philippines","business_status":"OPERATIONAL","rating":null,"user_rating_count":null,"barangay_slug":"abatan","barangay_name":"Abatan"},"geometry":{"type":"Point","coordinates":[120.85198299999999,16.9805283]}},{"type":"Feature","properties":{"name":"BDO Network Bank Mountain Province - Bauko","kind":"business","kind_label":"Business","source":"google_places","google_place_id":"ChIJvfQwPoErjjMRYLTWD-VNPn4","google_primary_type":"bank","google_primary_type_label":"Bank","google_types":["bank","insurance_agency","atm","finance","point_of_interest","service","establishment"],"google_maps_uri":"https://maps.google.com/?cid=9096793943543559264&g_mp=Cilnb29nbGUubWFwcy5wbGFjZXMudjEuUGxhY2VzLlNlYXJjaE5lYXJieRACGAQgAA","google_icon_mask_base_uri":"https://maps.gstatic.com/mapfiles/place_api/icons/v2/bank-intl_pinlet","google_icon_background_color":"#909CE1","formatted_address":"G/F, Units 101-104, A&E Boaging Bldg, Brgy, Tagudin - Cervantes - Sabangan Rd, Bauko, 2621 Mountain Province, Philippines","business_status":"OPERATIONAL","rating":null,"user_rating_count":null,"barangay_slug":"abatan","barangay_name":"Abatan"},"geometry":{"type":"Point","coordinates":[120.85287590000002,16.9821885]}},{"type":"Feature","properties":{"name":"Biyaya Panciteria and Resto","kind":"business","kind_label":"Business","source":"google_places","google_place_id":"ChIJV27qCmkrjjMREEtujHZtlY8","google_primary_type":"restaurant","google_primary_type_label":"Restaurant","google_types":["restaurant","point_of_interest","food","establishment"],"google_maps_uri":"https://maps.google.com/?cid=10346296074883189520&g_mp=Cilnb29nbGUubWFwcy5wbGFjZXMudjEuUGxhY2VzLlNlYXJjaE5lYXJieRACGAQgAA","google_icon_mask_base_uri":"https://maps.gstatic.com/mapfiles/place_api/icons/v2/restaurant_pinlet","google_icon_background_color":"#FF9E67","formatted_address":"Junction, Bauko, 2621 Mountain Province, Philippines","business_status":"OPERATIONAL","rating":null,"user_rating_count":null,"barangay_slug":"abatan","barangay_name":"Abatan"},"geometry":{"type":"Point","coordinates":[120.85333059999999,16.9805801]}},{"type":"Feature","properties":{"name":"Bl's Hardware","kind":"business","kind_label":"Business","source":"google_places","google_place_id":"ChIJ1y-SeIgqjjMRr4YLtACacuI","google_primary_type":"hardware_store","google_primary_type_label":"Hardware Store","google_types":["hardware_store","building_materials_store","store","point_of_interest","establishment"],"google_maps_uri":"https://maps.google.com/?cid=16317273727728060079&g_mp=Cilnb29nbGUubWFwcy5wbGFjZXMudjEuUGxhY2VzLlNlYXJjaE5lYXJieRACGAQgAA","google_icon_mask_base_uri":"https://maps.gstatic.com/mapfiles/place_api/icons/v2/shopping_pinlet","google_icon_background_color":"#4B96F3","formatted_address":"XVJ2+CVH, Tagudin - Cervantes - Sabangan Rd, Bauko, Mountain Province, Philippines","business_status":"OPERATIONAL","rating":5,"user_rating_count":1,"barangay_slug":"abatan","barangay_name":"Abatan"},"geometry":{"type":"Point","coordinates":[120.8522205,16.9810575]}},{"type":"Feature","properties":{"name":"Boguen Dry Goods Trading","kind":"business","kind_label":"Business","source":"google_places","google_place_id":"ChIJddnF24cqjjMRzN6oav9cBCc","google_primary_type":"clothing_store","google_primary_type_label":"Clothing Store","google_types":["clothing_store","store","point_of_interest","establishment"],"google_maps_uri":"https://maps.google.com/?cid=2811474319461899980&g_mp=Cilnb29nbGUubWFwcy5wbGFjZXMudjEuUGxhY2VzLlNlYXJjaE5lYXJieRACGAQgAA","google_icon_mask_base_uri":"https://maps.gstatic.com/mapfiles/place_api/icons/v2/shopping_pinlet","google_icon_background_color":"#4B96F3","formatted_address":"XVJ2+7PG, Tagudin - Cervantes - Sabangan Rd, Bauko, Mountain Province, Philippines","business_status":"OPERATIONAL","rating":null,"user_rating_count":null,"barangay_slug":"abatan","barangay_name":"Abatan"},"geometry":{"type":"Point","coordinates":[120.8518158,16.9806857]}},{"type":"Feature","properties":{"name":"Bontoc Abatan Bauko Service Cooperative (BABTSC)","kind":"business","kind_label":"Business","source":"google_places","google_place_id":"ChIJl5Yv0YcqjjMRhoXImj9CRHU","google_primary_type":"transportation_service","google_primary_type_label":"Transportation Service","google_types":["transportation_service","point_of_interest","establishment"],"google_maps_uri":"https://maps.google.com/?cid=8449951641801098630&g_mp=Cidnb29nbGUubWFwcy5wbGFjZXMudjEuUGxhY2VzLlNlYXJjaFRleHQQAhgEIAA","google_icon_mask_base_uri":"https://maps.gstatic.com/mapfiles/place_api/icons/v2/generic_pinlet","google_icon_background_color":"#7B9EB0","formatted_address":"Bauko, Mountain Province, Philippines","business_status":"OPERATIONAL","rating":4,"user_rating_count":4,"barangay_slug":"abatan","barangay_name":"Abatan"},"geometry":{"type":"Point","coordinates":[120.85276549999999,16.9888135]}},{"type":"Feature","properties":{"name":"BRO’S INASAL BAUKO MOUNTAIN PROVINCE","kind":"business","kind_label":"Business","source":"google_places","google_place_id":"ChIJjUfLHwArjjMRRPN_9SrT2Vw","google_primary_type":"restaurant","google_primary_type_label":"Restaurant","google_types":["restaurant","point_of_interest","food","establishment"],"google_maps_uri":"https://maps.google.com/?cid=6690610902896472900&g_mp=Cilnb29nbGUubWFwcy5wbGFjZXMudjEuUGxhY2VzLlNlYXJjaE5lYXJieRACGAQgAA","google_icon_mask_base_uri":"https://maps.gstatic.com/mapfiles/place_api/icons/v2/restaurant_pinlet","google_icon_background_color":"#FF9E67","formatted_address":"Bauko, Mountain Province, Philippines","business_status":"OPERATIONAL","rating":4,"user_rating_count":3,"barangay_slug":"abatan","barangay_name":"Abatan"},"geometry":{"type":"Point","coordinates":[120.85301339999998,16.9822237]}},{"type":"Feature","properties":{"name":"Bsu Multi-Purpose Cooperative","kind":"business","kind_label":"Business","source":"google_places","google_place_id":"ChIJbflKCo8qjjMRNtcLtngbO-4","google_primary_type":"bank","google_primary_type_label":"Bank","google_types":["bank","finance","point_of_interest","establishment"],"google_maps_uri":"https://maps.google.com/?cid=17166344609917032246&g_mp=Cilnb29nbGUubWFwcy5wbGFjZXMudjEuUGxhY2VzLlNlYXJjaE5lYXJieRACGAQgAA","google_icon_mask_base_uri":"https://maps.gstatic.com/mapfiles/place_api/icons/v2/bank-intl_pinlet","google_icon_background_color":"#909CE1","formatted_address":"XVJ5+H8X, Mabaay - Guinzadan - Abatan Rd, Bauko, Mountain Province, Philippines","business_status":"OPERATIONAL","rating":null,"user_rating_count":null,"barangay_slug":"abatan","barangay_name":"Abatan"},"geometry":{"type":"Point","coordinates":[120.8583491,16.9814984]}},{"type":"Feature","properties":{"name":"Bulalohan","kind":"business","kind_label":"Business","source":"google_places","google_place_id":"ChIJSS_lrYgqjjMRxnoySFN-tEE","google_primary_type":"restaurant","google_primary_type_label":"Restaurant","google_types":["restaurant","point_of_interest","food","establishment"],"google_maps_uri":"https://maps.google.com/?cid=4734548004431887046&g_mp=Cilnb29nbGUubWFwcy5wbGFjZXMudjEuUGxhY2VzLlNlYXJjaE5lYXJieRACGAQgAA","google_icon_mask_base_uri":"https://maps.gstatic.com/mapfiles/place_api/icons/v2/restaurant_pinlet","google_icon_background_color":"#FF9E67","formatted_address":"XVJ4+C4P, Mabaay - Guinzadan - Abatan Rd, Bauko, Mountain Province, Philippines","business_status":"OPERATIONAL","rating":null,"user_rating_count":null,"barangay_slug":"abatan","barangay_name":"Abatan"},"geometry":{"type":"Point","coordinates":[120.8553242,16.981085699999998]}},{"type":"Feature","properties":{"name":"Cafe Wichan","kind":"business","kind_label":"Business","source":"google_places","google_place_id":"ChIJcY_fWDsrjjMRXquoktQj3kg","google_primary_type":"cafe","google_primary_type_label":"Cafe","google_types":["cafe","point_of_interest","food","establishment"],"google_maps_uri":"https://maps.google.com/?cid=5250673611461143390&g_mp=Cilnb29nbGUubWFwcy5wbGFjZXMudjEuUGxhY2VzLlNlYXJjaE5lYXJieRACGAQgAA","google_icon_mask_base_uri":"https://maps.gstatic.com/mapfiles/place_api/icons/v2/cafe_pinlet","google_icon_background_color":"#FF9E67","formatted_address":"Loagan, Abatan, Bauko, 2621 Mountain Province, Philippines","business_status":"OPERATIONAL","rating":4.4,"user_rating_count":11,"barangay_slug":"abatan","barangay_name":"Abatan"},"geometry":{"type":"Point","coordinates":[120.85123189999997,16.9831791]}},{"type":"Feature","properties":{"name":"CJ Printing Services","kind":"business","kind_label":"Business","source":"google_places","google_place_id":"ChIJy_kxYS4rjjMRJrG7BC0BfcM","google_primary_type":"manufacturer","google_primary_type_label":"Manufacturer","google_types":["manufacturer","store","service","point_of_interest","establishment"],"google_maps_uri":"https://maps.google.com/?cid=14086416502349345062&g_mp=Cilnb29nbGUubWFwcy5wbGFjZXMudjEuUGxhY2VzLlNlYXJjaE5lYXJieRACGAQgAA","google_icon_mask_base_uri":"https://maps.gstatic.com/mapfiles/place_api/icons/v2/shopping_pinlet","google_icon_background_color":"#4B96F3","formatted_address":"Kaguimongan, Abatan, Bauko, 2621 Mountain Province, Philippines","business_status":"OPERATIONAL","rating":null,"user_rating_count":null,"barangay_slug":"abatan","barangay_name":"Abatan"},"geometry":{"type":"Point","coordinates":[120.85824639999998,16.981515299999998]}},{"type":"Feature","properties":{"name":"Crosstown Inn and Restaurant","kind":"business","kind_label":"Business","source":"google_places","google_place_id":"ChIJGXNtZogqjjMR-CjCJCCgx0M","google_primary_type":"restaurant","google_primary_type_label":"Restaurant","google_types":["restaurant","point_of_interest","food","establishment"],"google_maps_uri":"https://maps.google.com/?cid=4884048380822694136&g_mp=Cilnb29nbGUubWFwcy5wbGFjZXMudjEuUGxhY2VzLlNlYXJjaE5lYXJieRACGAQgAA","google_icon_mask_base_uri":"https://maps.gstatic.com/mapfiles/place_api/icons/v2/restaurant_pinlet","google_icon_background_color":"#FF9E67","formatted_address":"XVJ2+QVV, Bagnen Road, Bauko, Mountain Province, Philippines","business_status":"OPERATIONAL","rating":1,"user_rating_count":1,"barangay_slug":"abatan","barangay_name":"Abatan"},"geometry":{"type":"Point","coordinates":[120.85217890000001,16.9819821]}},{"type":"Feature","properties":{"name":"D'Stephens Drygoods","kind":"business","kind_label":"Business","source":"google_places","google_place_id":"ChIJMc7U8WgrjjMR0eonxndPuho","google_primary_type":"store","google_primary_type_label":"Store","google_types":["store","point_of_interest","establishment"],"google_maps_uri":"https://maps.google.com/?cid=1925939166498515665&g_mp=Cilnb29nbGUubWFwcy5wbGFjZXMudjEuUGxhY2VzLlNlYXJjaE5lYXJieRACGAQgAA","google_icon_mask_base_uri":"https://maps.gstatic.com/mapfiles/place_api/icons/v2/shopping_pinlet","google_icon_background_color":"#4B96F3","formatted_address":"XVJ3+73P Junction, Abatan, Bauko, Mountain Province, Philippines","business_status":"OPERATIONAL","rating":null,"user_rating_count":null,"barangay_slug":"abatan","barangay_name":"Abatan"},"geometry":{"type":"Point","coordinates":[120.85270899999999,16.9807179]}},{"type":"Feature","properties":{"name":"Dha-elan's eatery and coffee hauz","kind":"business","kind_label":"Business","source":"google_places","google_place_id":"ChIJM-fcAP0rjjMRJGW6rvJkCHk","google_primary_type":"restaurant","google_primary_type_label":"Restaurant","google_types":["restaurant","point_of_interest","food","establishment"],"google_maps_uri":"https://maps.google.com/?cid=8721331671879279908&g_mp=Cilnb29nbGUubWFwcy5wbGFjZXMudjEuUGxhY2VzLlNlYXJjaE5lYXJieRACGAQgAA","google_icon_mask_base_uri":"https://maps.gstatic.com/mapfiles/place_api/icons/v2/restaurant_pinlet","google_icon_background_color":"#FF9E67","formatted_address":"junction, Abatan, Bauko, 2621 Mountain Province, Philippines","business_status":"OPERATIONAL","rating":5,"user_rating_count":2,"barangay_slug":"abatan","barangay_name":"Abatan"},"geometry":{"type":"Point","coordinates":[120.85245789999999,16.9807378]}},{"type":"Feature","properties":{"name":"Diesel Cafe and Restobar","kind":"business","kind_label":"Business","source":"google_places","google_place_id":"ChIJAyBsGAArjjMRyNEa0G2hj5o","google_primary_type":"restaurant","google_primary_type_label":"Restaurant","google_types":["restaurant","point_of_interest","food","establishment"],"google_maps_uri":"https://maps.google.com/?cid=11137297896525451720&g_mp=Cilnb29nbGUubWFwcy5wbGFjZXMudjEuUGxhY2VzLlNlYXJjaE5lYXJieRACGAQgAA","google_icon_mask_base_uri":"https://maps.gstatic.com/mapfiles/place_api/icons/v2/restaurant_pinlet","google_icon_background_color":"#FF9E67","formatted_address":"XVP5+3C8, Bauko, Mountain Province, Philippines","business_status":"OPERATIONAL","rating":null,"user_rating_count":null,"barangay_slug":"abatan","barangay_name":"Abatan"},"geometry":{"type":"Point","coordinates":[120.85857299999999,16.985168599999998]}},{"type":"Feature","properties":{"name":"Doma's Snack Corner","kind":"business","kind_label":"Business","source":"google_places","google_place_id":"ChIJqxi3DQArjjMRDkqh2ST5VRM","google_primary_type":"restaurant","google_primary_type_label":"Restaurant","google_types":["restaurant","point_of_interest","food","establishment"],"google_maps_uri":"https://maps.google.com/?cid=1393293596406401550&g_mp=Cilnb29nbGUubWFwcy5wbGFjZXMudjEuUGxhY2VzLlNlYXJjaE5lYXJieRACGAQgAA","google_icon_mask_base_uri":"https://maps.gstatic.com/mapfiles/place_api/icons/v2/restaurant_pinlet","google_icon_background_color":"#FF9E67","formatted_address":"XVM3+F43, Abatan, Bauko, Mountain Province, Philippines","business_status":"OPERATIONAL","rating":null,"user_rating_count":null,"barangay_slug":"abatan","barangay_name":"Abatan"},"geometry":{"type":"Point","coordinates":[120.8528001,16.983633299999997]}},{"type":"Feature","properties":{"name":"Domog Village Inn","kind":"business","kind_label":"Business","source":"google_places","google_place_id":"ChIJrywqdpIqjjMR1li5s9gDv8E","google_primary_type":"cafe","google_primary_type_label":"Cafe","google_types":["cafe","point_of_interest","food","establishment"],"google_maps_uri":"https://maps.google.com/?cid=13960881599134914774&g_mp=Cilnb29nbGUubWFwcy5wbGFjZXMudjEuUGxhY2VzLlNlYXJjaE5lYXJieRACGAQgAA","google_icon_mask_base_uri":"https://maps.gstatic.com/mapfiles/place_api/icons/v2/cafe_pinlet","google_icon_background_color":"#FF9E67","formatted_address":"XVP6+JH6, Tagudin - Cervantes - Sabangan Rd, Bauko, Mountain Province, Philippines","business_status":"OPERATIONAL","rating":4,"user_rating_count":5,"barangay_slug":"abatan","barangay_name":"Abatan"},"geometry":{"type":"Point","coordinates":[120.8613896,16.986532]}},{"type":"Feature","properties":{"name":"ENZL ENTERPRISES CORP","kind":"business","kind_label":"Business","source":"google_places","google_place_id":"ChIJTzKP24cqjjMRve1oH8j2CeU","google_primary_type":"hardware_store","google_primary_type_label":"Hardware Store","google_types":["hardware_store","building_materials_store","home_goods_store","store","point_of_interest","establishment"],"google_maps_uri":"https://maps.google.com/?cid=16503993648856755645&g_mp=Cilnb29nbGUubWFwcy5wbGFjZXMudjEuUGxhY2VzLlNlYXJjaE5lYXJieRACGAQgAA","google_icon_mask_base_uri":"https://maps.gstatic.com/mapfiles/place_api/icons/v2/shopping_pinlet","google_icon_background_color":"#4B96F3","formatted_address":"Junction abatan, Tagudin - Cervantes - Sabangan Rd, Abatan, Bauko, 2621 Mountain Province, Philippines","business_status":"OPERATIONAL","rating":null,"user_rating_count":null,"barangay_slug":"abatan","barangay_name":"Abatan"},"geometry":{"type":"Point","coordinates":[120.85179970000002,16.9806863]}},{"type":"Feature","properties":{"name":"Goodman's Yogurt Hub","kind":"business","kind_label":"Business","source":"google_places","google_place_id":"ChIJuaIujL8rjjMRGSSW2_D3e5g","google_primary_type":"restaurant","google_primary_type_label":"Restaurant","google_types":["restaurant","point_of_interest","food","establishment"],"google_maps_uri":"https://maps.google.com/?cid=10987648329748718617&g_mp=Cilnb29nbGUubWFwcy5wbGFjZXMudjEuUGxhY2VzLlNlYXJjaE5lYXJieRACGAQgAA","google_icon_mask_base_uri":"https://maps.gstatic.com/mapfiles/place_api/icons/v2/restaurant_pinlet","google_icon_background_color":"#FF9E67","formatted_address":"XVJ3+64C, Mabaay - Guinzadan - Abatan Rd, Bauko, Mountain Province, Philippines","business_status":"OPERATIONAL","rating":null,"user_rating_count":null,"barangay_slug":"abatan","barangay_name":"Abatan"},"geometry":{"type":"Point","coordinates":[120.85351569999997,16.9804141]}},{"type":"Feature","properties":{"name":"Happy Hour Restaurant","kind":"business","kind_label":"Business","source":"google_places","google_place_id":"ChIJlfG5exErjjMRf5hURTpyO5E","google_primary_type":"restaurant","google_primary_type_label":"Restaurant","google_types":["restaurant","point_of_interest","food","establishment"],"google_maps_uri":"https://maps.google.com/?cid=10465083753722321023&g_mp=Cilnb29nbGUubWFwcy5wbGFjZXMudjEuUGxhY2VzLlNlYXJjaE5lYXJieRACGAQgAA","google_icon_mask_base_uri":"https://maps.gstatic.com/mapfiles/place_api/icons/v2/restaurant_pinlet","google_icon_background_color":"#FF9E67","formatted_address":"Junction, Abatan, Bauko, 2621 Mountain Province, Philippines","business_status":"OPERATIONAL","rating":null,"user_rating_count":null,"barangay_slug":"abatan","barangay_name":"Abatan"},"geometry":{"type":"Point","coordinates":[120.85262839999999,16.9804675]}},{"type":"Feature","properties":{"name":"HAPPY TEAPOT","kind":"business","kind_label":"Business","source":"google_places","google_place_id":"ChIJjbMxaDMrjjMRvH-XuukIyQE","google_primary_type":"cafe","google_primary_type_label":"Cafe","google_types":["cafe","point_of_interest","food","establishment"],"google_maps_uri":"https://maps.google.com/?cid=128643864307662780&g_mp=Cilnb29nbGUubWFwcy5wbGFjZXMudjEuUGxhY2VzLlNlYXJjaE5lYXJieRACGAQgAA","google_icon_mask_base_uri":"https://maps.gstatic.com/mapfiles/place_api/icons/v2/cafe_pinlet","google_icon_background_color":"#FF9E67","formatted_address":"Bauko, Mountain Province, Philippines","business_status":"OPERATIONAL","rating":5,"user_rating_count":4,"barangay_slug":"abatan","barangay_name":"Abatan"},"geometry":{"type":"Point","coordinates":[120.8527284,16.9817081]}},{"type":"Feature","properties":{"name":"HotSpot Ave. resto/cafe","kind":"business","kind_label":"Business","source":"google_places","google_place_id":"ChIJSVzg-uYrjjMRUB4A_zs-O6w","google_primary_type":"restaurant","google_primary_type_label":"Restaurant","google_types":["restaurant","point_of_interest","food","establishment"],"google_maps_uri":"https://maps.google.com/?cid=12410581625551724112&g_mp=Cilnb29nbGUubWFwcy5wbGFjZXMudjEuUGxhY2VzLlNlYXJjaE5lYXJieRACGAQgAA","google_icon_mask_base_uri":"https://maps.gstatic.com/mapfiles/place_api/icons/v2/restaurant_pinlet","google_icon_background_color":"#FF9E67","formatted_address":"Budaden Building G/F, XVJ3+M3C, Bauko, 2621 Mountain Province, Philippines","business_status":"OPERATIONAL","rating":5,"user_rating_count":3,"barangay_slug":"abatan","barangay_name":"Abatan"},"geometry":{"type":"Point","coordinates":[120.85263320000001,16.981676999999998]}},{"type":"Feature","properties":{"name":"Isabela Cagayan Kasili","kind":"business","kind_label":"Business","source":"google_places","google_place_id":"ChIJr2zGJzErjjMR-Ik1KqqzPPo","google_primary_type":"restaurant","google_primary_type_label":"Restaurant","google_types":["restaurant","point_of_interest","food","establishment"],"google_maps_uri":"https://maps.google.com/?cid=18031484551518587384&g_mp=Cilnb29nbGUubWFwcy5wbGFjZXMudjEuUGxhY2VzLlNlYXJjaE5lYXJieRACGAQgAA","google_icon_mask_base_uri":"https://maps.gstatic.com/mapfiles/place_api/icons/v2/restaurant_pinlet","google_icon_background_color":"#FF9E67","formatted_address":"XVP2+6GJ, Bauko, Mountain Province, Philippines","business_status":"OPERATIONAL","rating":null,"user_rating_count":null,"barangay_slug":"abatan","barangay_name":"Abatan"},"geometry":{"type":"Point","coordinates":[120.85127969999999,16.9855941]}},{"type":"Feature","properties":{"name":"J's Fried Chicken","kind":"business","kind_label":"Business","source":"google_places","google_place_id":"ChIJq0C9RAArjjMRjEb6UmekZ2w","google_primary_type":"chicken_restaurant","google_primary_type_label":"Chicken Restaurant","google_types":["chicken_restaurant","restaurant","point_of_interest","food","establishment"],"google_maps_uri":"https://maps.google.com/?cid=7811392842378135180&g_mp=Cilnb29nbGUubWFwcy5wbGFjZXMudjEuUGxhY2VzLlNlYXJjaE5lYXJieRACGAQgAA","google_icon_mask_base_uri":"https://maps.gstatic.com/mapfiles/place_api/icons/v2/restaurant_pinlet","google_icon_background_color":"#FF9E67","formatted_address":"XVJ2+78W, Bauko, Mountain Province, Philippines","business_status":"OPERATIONAL","rating":null,"user_rating_count":null,"barangay_slug":"abatan","barangay_name":"Abatan"},"geometry":{"type":"Point","coordinates":[120.85083850000001,16.980741599999998]}},{"type":"Feature","properties":{"name":"JAKEV PAINT center","kind":"business","kind_label":"Business","source":"google_places","google_place_id":"ChIJ3TEJ0ZsrjjMR-tE-wY3uhGc","google_primary_type":"building_materials_store","google_primary_type_label":"Building Materials Store","google_types":["home_goods_store","building_materials_store","store","point_of_interest","establishment"],"google_maps_uri":"https://maps.google.com/?cid=7459349175432303098&g_mp=Cilnb29nbGUubWFwcy5wbGFjZXMudjEuUGxhY2VzLlNlYXJjaE5lYXJieRACGAQgAA","google_icon_mask_base_uri":"https://maps.gstatic.com/mapfiles/place_api/icons/v2/shopping_pinlet","google_icon_background_color":"#4B96F3","formatted_address":"Gandew, Bauko, Mountain Province, Philippines","business_status":"OPERATIONAL","rating":5,"user_rating_count":1,"barangay_slug":"abatan","barangay_name":"Abatan"},"geometry":{"type":"Point","coordinates":[120.85118979999999,16.9805986]}},{"type":"Feature","properties":{"name":"Jedz budget me","kind":"business","kind_label":"Business","source":"google_places","google_place_id":"ChIJB3LnQiUrjjMRXmT6CGydcy0","google_primary_type":"restaurant","google_primary_type_label":"Restaurant","google_types":["restaurant","point_of_interest","food","establishment"],"google_maps_uri":"https://maps.google.com/?cid=3275134441361138782&g_mp=Cilnb29nbGUubWFwcy5wbGFjZXMudjEuUGxhY2VzLlNlYXJjaE5lYXJieRACGAQgAA","google_icon_mask_base_uri":"https://maps.gstatic.com/mapfiles/place_api/icons/v2/restaurant_pinlet","google_icon_background_color":"#FF9E67","formatted_address":"XVJ4+C4P, Mabaay - Guinzadan - Abatan Rd, Bauko, Mountain Province, Philippines","business_status":"OPERATIONAL","rating":null,"user_rating_count":null,"barangay_slug":"abatan","barangay_name":"Abatan"},"geometry":{"type":"Point","coordinates":[120.855329,16.981088000000003]}},{"type":"Feature","properties":{"name":"JnT Home BAUKO (Jan's Consumer Goods Store)","kind":"business","kind_label":"Business","source":"google_places","google_place_id":"ChIJF-OvMgArjjMR5vNb_9Jacfc","google_primary_type":"store","google_primary_type_label":"Store","google_types":["store","point_of_interest","establishment"],"google_maps_uri":"https://maps.google.com/?cid=17830132262010352614&g_mp=Cidnb29nbGUubWFwcy5wbGFjZXMudjEuUGxhY2VzLlNlYXJjaFRleHQQAhgEIAA","google_icon_mask_base_uri":"https://maps.gstatic.com/mapfiles/place_api/icons/v2/shopping_pinlet","google_icon_background_color":"#4B96F3","formatted_address":"XVQ3+G4C, Bauko, Mountain Province, Philippines","business_status":"OPERATIONAL","rating":null,"user_rating_count":null,"barangay_slug":"abatan","barangay_name":"Abatan"},"geometry":{"type":"Point","coordinates":[120.85276549999999,16.9888135]}},{"type":"Feature","properties":{"name":"JZONE MARKETING","kind":"business","kind_label":"Business","source":"google_places","google_place_id":"ChIJf8p42ocqjjMRrQORb_eV9cY","google_primary_type":"service","google_primary_type_label":"Services","google_types":["point_of_interest","service","store","supplier","establishment"],"google_maps_uri":"https://maps.google.com/?cid=14336529878765077421&g_mp=Cilnb29nbGUubWFwcy5wbGFjZXMudjEuUGxhY2VzLlNlYXJjaE5lYXJieRACGAQgAA","google_icon_mask_base_uri":"https://maps.gstatic.com/mapfiles/place_api/icons/v2/generic_pinlet","google_icon_background_color":"#7B9EB0","formatted_address":"Tagudin - Cervantes - Sabangan Rd, Bauko, Mountain Province, Philippines","business_status":"OPERATIONAL","rating":1,"user_rating_count":1,"barangay_slug":"abatan","barangay_name":"Abatan"},"geometry":{"type":"Point","coordinates":[120.8520193,16.980553099999998]}},{"type":"Feature","properties":{"name":"Keishas Snack House","kind":"business","kind_label":"Business","source":"google_places","google_place_id":"ChIJwe0f14cqjjMRB_SPraSvlQ4","google_primary_type":"restaurant","google_primary_type_label":"Restaurant","google_types":["restaurant","point_of_interest","food","establishment"],"google_maps_uri":"https://maps.google.com/?cid=1050939209882268679&g_mp=Cilnb29nbGUubWFwcy5wbGFjZXMudjEuUGxhY2VzLlNlYXJjaE5lYXJieRACGAQgAA","google_icon_mask_base_uri":"https://maps.gstatic.com/mapfiles/place_api/icons/v2/restaurant_pinlet","google_icon_background_color":"#FF9E67","formatted_address":"XVJ2+8VQ, Tagudin - Cervantes - Sabangan Rd, Bauko, Mountain Province, Philippines","business_status":"OPERATIONAL","rating":null,"user_rating_count":null,"barangay_slug":"abatan","barangay_name":"Abatan"},"geometry":{"type":"Point","coordinates":[120.85222990000001,16.9808381]}},{"type":"Feature","properties":{"name":"KIBS Delights","kind":"business","kind_label":"Business","source":"google_places","google_place_id":"ChIJvabAAGgrjjMRKzIBt6ElTBc","google_primary_type":"restaurant","google_primary_type_label":"Restaurant","google_types":["restaurant","point_of_interest","food","establishment"],"google_maps_uri":"https://maps.google.com/?cid=1678758137592623659&g_mp=Cilnb29nbGUubWFwcy5wbGFjZXMudjEuUGxhY2VzLlNlYXJjaE5lYXJieRACGAQgAA","google_icon_mask_base_uri":"https://maps.gstatic.com/mapfiles/place_api/icons/v2/restaurant_pinlet","google_icon_background_color":"#FF9E67","formatted_address":"Mabaay - Guinzadan - Abatan Rd, Bauko, Mountain Province, Philippines","business_status":"OPERATIONAL","rating":5,"user_rating_count":3,"barangay_slug":"abatan","barangay_name":"Abatan"},"geometry":{"type":"Point","coordinates":[120.85515280000001,16.9809231]}},{"type":"Feature","properties":{"name":"Kidlaw Bauko Multipurpose Cooperative","kind":"business","kind_label":"Business","source":"google_places","google_place_id":"ChIJc4h0AIkqjjMRyD2wF-g0atg","google_primary_type":"bank","google_primary_type_label":"Bank","google_types":["bank","finance","point_of_interest","establishment"],"google_maps_uri":"https://maps.google.com/?cid=15594334831158246856&g_mp=Cilnb29nbGUubWFwcy5wbGFjZXMudjEuUGxhY2VzLlNlYXJjaE5lYXJieRACGAQgAA","google_icon_mask_base_uri":"https://maps.gstatic.com/mapfiles/place_api/icons/v2/bank-intl_pinlet","google_icon_background_color":"#909CE1","formatted_address":"XVM3+F43, Bauko, 2621 Mountain Province, Philippines","business_status":"OPERATIONAL","rating":null,"user_rating_count":null,"barangay_slug":"abatan","barangay_name":"Abatan"},"geometry":{"type":"Point","coordinates":[120.85278919999999,16.983644400000003]}},{"type":"Feature","properties":{"name":"Kuatro Igorot Bistro","kind":"business","kind_label":"Business","source":"google_places","google_place_id":"ChIJGQowFSsrjjMRFIppDhgs3e8","google_primary_type":"bar","google_primary_type_label":"Bar","google_types":["bar","point_of_interest","establishment"],"google_maps_uri":"https://maps.google.com/?cid=17284019426750466580&g_mp=Cilnb29nbGUubWFwcy5wbGFjZXMudjEuUGxhY2VzLlNlYXJjaE5lYXJieRACGAQgAA","google_icon_mask_base_uri":"https://maps.gstatic.com/mapfiles/place_api/icons/v2/bar_pinlet","google_icon_background_color":"#FF9E67","formatted_address":"2F Old Calde Building, Kagimongan, Abatan, Bauko, Mountain Province, Philippines","business_status":"OPERATIONAL","rating":5,"user_rating_count":1,"barangay_slug":"abatan","barangay_name":"Abatan"},"geometry":{"type":"Point","coordinates":[120.8586684,16.9815596]}},{"type":"Feature","properties":{"name":"Lady's Pocket","kind":"business","kind_label":"Business","source":"google_places","google_place_id":"ChIJp-FJUdYrjjMRQAnOzJ9Jj0E","google_primary_type":"store","google_primary_type_label":"Store","google_types":["store","point_of_interest","establishment"],"google_maps_uri":"https://maps.google.com/?cid=4724075484819622208&g_mp=Cilnb29nbGUubWFwcy5wbGFjZXMudjEuUGxhY2VzLlNlYXJjaE5lYXJieRACGAQgAA","google_icon_mask_base_uri":"https://maps.gstatic.com/mapfiles/place_api/icons/v2/shopping_pinlet","google_icon_background_color":"#4B96F3","formatted_address":"Gandew 2nd Floor Baguil's Building, Bauko, 2621 Mountain Province, Philippines","business_status":"OPERATIONAL","rating":null,"user_rating_count":null,"barangay_slug":"abatan","barangay_name":"Abatan"},"geometry":{"type":"Point","coordinates":[120.85119809999999,16.9806115]}},{"type":"Feature","properties":{"name":"LITTLE BAATENS'S STORE","kind":"business","kind_label":"Business","source":"google_places","google_place_id":"ChIJNZAONn0qjjMR-k4fqgXk1N0","google_primary_type":"point_of_interest","google_primary_type_label":"Point of interest","google_types":["point_of_interest","establishment"],"google_maps_uri":"https://maps.google.com/?cid=15984651690424880890&g_mp=Cidnb29nbGUubWFwcy5wbGFjZXMudjEuUGxhY2VzLlNlYXJjaFRleHQQAhgEIAA","google_icon_mask_base_uri":"https://maps.gstatic.com/mapfiles/place_api/icons/v2/generic_pinlet","google_icon_background_color":"#7B9EB0","formatted_address":"XRJX+G96, Tagudin - Cervantes - Sabangan Rd, Bauko, Mountain Province, Philippines","business_status":"OPERATIONAL","rating":null,"user_rating_count":null,"barangay_slug":"abatan","barangay_name":"Abatan"},"geometry":{"type":"Point","coordinates":[120.84839500000001,16.981289]}},{"type":"Feature","properties":{"name":"Luis Hora Memorial Regional Hospital Employees Multipurpose Cooperative","kind":"business","kind_label":"Business","source":"google_places","google_place_id":"ChIJ__SRqokqjjMR1RNu09sAfEE","google_primary_type":"bank","google_primary_type_label":"Bank","google_types":["bank","finance","point_of_interest","establishment"],"google_maps_uri":"https://maps.google.com/?cid=4718647453722481621&g_mp=Cilnb29nbGUubWFwcy5wbGFjZXMudjEuUGxhY2VzLlNlYXJjaE5lYXJieRACGAQgAA","google_icon_mask_base_uri":"https://maps.gstatic.com/mapfiles/place_api/icons/v2/bank-intl_pinlet","google_icon_background_color":"#909CE1","formatted_address":"XVJ3+FC8, Bauko, 2621 Mountain Province, Philippines","business_status":"OPERATIONAL","rating":3,"user_rating_count":3,"barangay_slug":"abatan","barangay_name":"Abatan"},"geometry":{"type":"Point","coordinates":[120.853568,16.9811651]}},{"type":"Feature","properties":{"name":"Malecdan's Eatery","kind":"business","kind_label":"Business","source":"google_places","google_place_id":"ChIJmwAJ04cqjjMRUAoDxxGwxUw","google_primary_type":"restaurant","google_primary_type_label":"Restaurant","google_types":["restaurant","point_of_interest","food","establishment"],"google_maps_uri":"https://maps.google.com/?cid=5532021307694320208&g_mp=Cilnb29nbGUubWFwcy5wbGFjZXMudjEuUGxhY2VzLlNlYXJjaE5lYXJieRACGAQgAA","google_icon_mask_base_uri":"https://maps.gstatic.com/mapfiles/place_api/icons/v2/restaurant_pinlet","google_icon_background_color":"#FF9E67","formatted_address":"XVJ3+625, Mabaay - Guinzadan - Abatan Rd, Bauko, Mountain Province, Philippines","business_status":"OPERATIONAL","rating":2,"user_rating_count":2,"barangay_slug":"abatan","barangay_name":"Abatan"},"geometry":{"type":"Point","coordinates":[120.8525974,16.9805037]}},{"type":"Feature","properties":{"name":"Malicdan's Restaurant and Water Refilling Station","kind":"business","kind_label":"Business","source":"google_places","google_place_id":"ChIJE3c25LUrjjMR_AvkamaWFXk","google_primary_type":"cafe","google_primary_type_label":"Cafe","google_types":["cafe","point_of_interest","food","establishment"],"google_maps_uri":"https://maps.google.com/?cid=8725045219724364796&g_mp=Cilnb29nbGUubWFwcy5wbGFjZXMudjEuUGxhY2VzLlNlYXJjaE5lYXJieRACGAQgAA","google_icon_mask_base_uri":"https://maps.gstatic.com/mapfiles/place_api/icons/v2/cafe_pinlet","google_icon_background_color":"#FF9E67","formatted_address":"Junction, XVJ3+P2J, Bauko, Mountain Province, Philippines","business_status":"OPERATIONAL","rating":null,"user_rating_count":null,"barangay_slug":"abatan","barangay_name":"Abatan"},"geometry":{"type":"Point","coordinates":[120.8525215,16.9818434]}},{"type":"Feature","properties":{"name":"Manna Cafe","kind":"business","kind_label":"Business","source":"google_places","google_place_id":"ChIJg7L_JwArjjMRXmcGQuedGDM","google_primary_type":"restaurant","google_primary_type_label":"Restaurant","google_types":["restaurant","point_of_interest","food","establishment"],"google_maps_uri":"https://maps.google.com/?cid=3681866311946102622&g_mp=Cilnb29nbGUubWFwcy5wbGFjZXMudjEuUGxhY2VzLlNlYXJjaE5lYXJieRACGAQgAA","google_icon_mask_base_uri":"https://maps.gstatic.com/mapfiles/place_api/icons/v2/restaurant_pinlet","google_icon_background_color":"#FF9E67","formatted_address":"XVJ2+7JH, Bauko, Mountain Province, Philippines","business_status":"OPERATIONAL","rating":null,"user_rating_count":null,"barangay_slug":"abatan","barangay_name":"Abatan"},"geometry":{"type":"Point","coordinates":[120.85160889999999,16.980688]}},{"type":"Feature","properties":{"name":"Mi Casa Bar and Restaurant","kind":"business","kind_label":"Business","source":"google_places","google_place_id":"ChIJ48ameYgqjjMR0IVxlpnoJwg","google_primary_type":"bar","google_primary_type_label":"Bar","google_types":["bar","point_of_interest","establishment"],"google_maps_uri":"https://maps.google.com/?cid=587694022746801616&g_mp=Cilnb29nbGUubWFwcy5wbGFjZXMudjEuUGxhY2VzLlNlYXJjaE5lYXJieRACGAQgAA","google_icon_mask_base_uri":"https://maps.gstatic.com/mapfiles/place_api/icons/v2/bar_pinlet","google_icon_background_color":"#FF9E67","formatted_address":"XVJ2+FVW, Tagudin - Cervantes - Sabangan Rd, Bauko, Mountain Province, Philippines","business_status":"OPERATIONAL","rating":null,"user_rating_count":null,"barangay_slug":"abatan","barangay_name":"Abatan"},"geometry":{"type":"Point","coordinates":[120.8522111,16.9812322]}},{"type":"Feature","properties":{"name":"Mia's Muffin Houzz Cafè and Restaurant 2","kind":"business","kind_label":"Business","source":"google_places","google_place_id":"ChIJj04y2ocqjjMRbmiKEgkehuI","google_primary_type":"restaurant","google_primary_type_label":"Restaurant","google_types":["restaurant","point_of_interest","food","establishment"],"google_maps_uri":"https://maps.google.com/?cid=16322766923765540974&g_mp=Cilnb29nbGUubWFwcy5wbGFjZXMudjEuUGxhY2VzLlNlYXJjaE5lYXJieRACGAQgAA","google_icon_mask_base_uri":"https://maps.gstatic.com/mapfiles/place_api/icons/v2/restaurant_pinlet","google_icon_background_color":"#FF9E67","formatted_address":"XVJ2+7QC, Bauko, Mountain Province, Philippines","business_status":"OPERATIONAL","rating":3,"user_rating_count":1,"barangay_slug":"abatan","barangay_name":"Abatan"},"geometry":{"type":"Point","coordinates":[120.8518832,16.9806852]}},{"type":"Feature","properties":{"name":"Mj General Merchandise","kind":"business","kind_label":"Business","source":"google_places","google_place_id":"ChIJH37qK4YqjjMR5LZ6YQ8oLKc","google_primary_type":"point_of_interest","google_primary_type_label":"Point of interest","google_types":["point_of_interest","establishment"],"google_maps_uri":"https://maps.google.com/?cid=12046047149834286820&g_mp=Cidnb29nbGUubWFwcy5wbGFjZXMudjEuUGxhY2VzLlNlYXJjaFRleHQQAhgEIAA","google_icon_mask_base_uri":"https://maps.gstatic.com/mapfiles/place_api/icons/v2/generic_pinlet","google_icon_background_color":"#7B9EB0","formatted_address":"XVJ3+66V, Mabaay - Guinzadan - Abatan Rd, Bauko, Mountain Province, Philippines","business_status":"OPERATIONAL","rating":null,"user_rating_count":null,"barangay_slug":"abatan","barangay_name":"Abatan"},"geometry":{"type":"Point","coordinates":[120.8530459,16.9806223]}},{"type":"Feature","properties":{"name":"Motoposh Motorcycle Dealer","kind":"business","kind_label":"Business","source":"google_places","google_place_id":"ChIJC3hvJ4kqjjMRE9GJwDMqKPY","google_primary_type":"store","google_primary_type_label":"Store","google_types":["store","point_of_interest","establishment"],"google_maps_uri":"https://maps.google.com/?cid=17737473534160654611&g_mp=Cilnb29nbGUubWFwcy5wbGFjZXMudjEuUGxhY2VzLlNlYXJjaE5lYXJieRACGAQgAA","google_icon_mask_base_uri":"https://maps.gstatic.com/mapfiles/place_api/icons/v2/shopping_pinlet","google_icon_background_color":"#4B96F3","formatted_address":"XVM3+8V7, Tagudin - Cervantes - Sabangan Rd, Bauko, Mountain Province, Philippines","business_status":"OPERATIONAL","rating":5,"user_rating_count":1,"barangay_slug":"abatan","barangay_name":"Abatan"},"geometry":{"type":"Point","coordinates":[120.8546801,16.983288899999998]}},{"type":"Feature","properties":{"name":"Ohana Restaurant","kind":"business","kind_label":"Business","source":"google_places","google_place_id":"ChIJU5HpW2YrjjMRwT5MI8QUMsw","google_primary_type":"restaurant","google_primary_type_label":"Restaurant","google_types":["restaurant","point_of_interest","food","establishment"],"google_maps_uri":"https://maps.google.com/?cid=14713845765211176641&g_mp=Cilnb29nbGUubWFwcy5wbGFjZXMudjEuUGxhY2VzLlNlYXJjaE5lYXJieRACGAQgAA","google_icon_mask_base_uri":"https://maps.gstatic.com/mapfiles/place_api/icons/v2/restaurant_pinlet","google_icon_background_color":"#FF9E67","formatted_address":"XVM5+G4F Tetep-an, Bauko, 2621 Mountain Province, Philippines","business_status":"OPERATIONAL","rating":4.9,"user_rating_count":21,"barangay_slug":"abatan","barangay_name":"Abatan"},"geometry":{"type":"Point","coordinates":[120.85781250000001,16.9838125]}},{"type":"Feature","properties":{"name":"PAENG'S LECHON MANOK","kind":"business","kind_label":"Business","source":"google_places","google_place_id":"ChIJx02YPeQrjjMREPcRDmoP5CI","google_primary_type":"chicken_restaurant","google_primary_type_label":"Chicken Restaurant","google_types":["chicken_restaurant","restaurant","point_of_interest","food","establishment"],"google_maps_uri":"https://maps.google.com/?cid=2514151440156587792&g_mp=Cilnb29nbGUubWFwcy5wbGFjZXMudjEuUGxhY2VzLlNlYXJjaE5lYXJieRACGAQgAA","google_icon_mask_base_uri":"https://maps.gstatic.com/mapfiles/place_api/icons/v2/restaurant_pinlet","google_icon_background_color":"#FF9E67","formatted_address":"Abatan Junction, Bauko, Mountain Province, Philippines","business_status":"OPERATIONAL","rating":5,"user_rating_count":1,"barangay_slug":"abatan","barangay_name":"Abatan"},"geometry":{"type":"Point","coordinates":[120.85228269999999,16.980638799999998]}},{"type":"Feature","properties":{"name":"Panlok dry goods","kind":"business","kind_label":"Business","source":"google_places","google_place_id":"ChIJgy4tPAArjjMRBLvDhZJyOEk","google_primary_type":"clothing_store","google_primary_type_label":"Clothing Store","google_types":["clothing_store","store","point_of_interest","establishment"],"google_maps_uri":"https://maps.google.com/?cid=5276092937099524868&g_mp=Cilnb29nbGUubWFwcy5wbGFjZXMudjEuUGxhY2VzLlNlYXJjaE5lYXJieRACGAQgAA","google_icon_mask_base_uri":"https://maps.gstatic.com/mapfiles/place_api/icons/v2/shopping_pinlet","google_icon_background_color":"#4B96F3","formatted_address":"XVJ2+8X7, Bauko, Mountain Province, Philippines","business_status":"OPERATIONAL","rating":null,"user_rating_count":null,"barangay_slug":"abatan","barangay_name":"Abatan"},"geometry":{"type":"Point","coordinates":[120.85243589999997,16.9807834]}},{"type":"Feature","properties":{"name":"Peter Pot Kitchenette II","kind":"business","kind_label":"Business","source":"google_places","google_place_id":"ChIJexpZIIYqjjMRzyHOCYzvnQo","google_primary_type":"restaurant","google_primary_type_label":"Restaurant","google_types":["restaurant","point_of_interest","food","establishment"],"google_maps_uri":"https://maps.google.com/?cid=765030896461816271&g_mp=Cilnb29nbGUubWFwcy5wbGFjZXMudjEuUGxhY2VzLlNlYXJjaE5lYXJieRACGAQgAA","google_icon_mask_base_uri":"https://maps.gstatic.com/mapfiles/place_api/icons/v2/restaurant_pinlet","google_icon_background_color":"#FF9E67","formatted_address":"XVJ3+6JF, Mabaay - Guinzadan - Abatan Rd, Bauko, Mountain Province, Philippines","business_status":"OPERATIONAL","rating":null,"user_rating_count":null,"barangay_slug":"abatan","barangay_name":"Abatan"},"geometry":{"type":"Point","coordinates":[120.8540338,16.980563999999998]}},{"type":"Feature","properties":{"name":"Radyo Kataguwan 97.3 FM","kind":"business","kind_label":"Business","source":"google_places","google_place_id":"ChIJM4UukTUrjjMRiS0zoybWaCo","google_primary_type":"television_studio","google_primary_type_label":"Television studio","google_types":["television_studio","point_of_interest","establishment"],"google_maps_uri":"https://maps.google.com/?cid=3055927808606023049&g_mp=Cidnb29nbGUubWFwcy5wbGFjZXMudjEuUGxhY2VzLlNlYXJjaFRleHQQAhgEIAA","google_icon_mask_base_uri":"https://maps.gstatic.com/mapfiles/place_api/icons/v2/generic_pinlet","google_icon_background_color":"#7B9EB0","formatted_address":"XVJ5+M5Q, Mabaay - Guinzadan - Abatan Rd, Bauko, Mountain Province, Philippines","business_status":"OPERATIONAL","rating":null,"user_rating_count":null,"barangay_slug":"abatan","barangay_name":"Abatan"},"geometry":{"type":"Point","coordinates":[120.85805099999999,16.981752]}},{"type":"Feature","properties":{"name":"Resto/Bar","kind":"business","kind_label":"Business","source":"google_places","google_place_id":"ChIJS-L_fRIrjjMRQnhXawlbqb4","google_primary_type":"restaurant","google_primary_type_label":"Restaurant","google_types":["restaurant","point_of_interest","food","establishment"],"google_maps_uri":"https://maps.google.com/?cid=13738612234284136514&g_mp=Cilnb29nbGUubWFwcy5wbGFjZXMudjEuUGxhY2VzLlNlYXJjaE5lYXJieRACGAQgAA","google_icon_mask_base_uri":"https://maps.gstatic.com/mapfiles/place_api/icons/v2/restaurant_pinlet","google_icon_background_color":"#FF9E67","formatted_address":"XVJ5+P3X, Mabaay - Guinzadan - Abatan Rd, Bauko, Mountain Province, Philippines","business_status":"OPERATIONAL","rating":null,"user_rating_count":null,"barangay_slug":"abatan","barangay_name":"Abatan"},"geometry":{"type":"Point","coordinates":[120.8577215,16.9818578]}},{"type":"Feature","properties":{"name":"Rural Bank of Baguias - Bauko","kind":"business","kind_label":"Business","source":"google_places","google_place_id":"ChIJQcAHXIgqjjMRdDxQdZH5mAw","google_primary_type":"finance","google_primary_type_label":"Banking and Finance","google_types":["bank","finance","point_of_interest","establishment"],"google_maps_uri":"https://maps.google.com/?cid=907749728048921716&g_mp=Cilnb29nbGUubWFwcy5wbGFjZXMudjEuUGxhY2VzLlNlYXJjaE5lYXJieRACGAQgAA","google_icon_mask_base_uri":"https://maps.gstatic.com/mapfiles/place_api/icons/v2/generic_pinlet","google_icon_background_color":"#7B9EB0","formatted_address":"XVM2+2WX, Bauko, 2621 Mountain Province, Philippines","business_status":"OPERATIONAL","rating":4,"user_rating_count":1,"barangay_slug":"abatan","barangay_name":"Abatan"},"geometry":{"type":"Point","coordinates":[120.85236700000002,16.982623]}},{"type":"Feature","properties":{"name":"SHANREX Consumer Goods Trading -Abatan Bauko","kind":"business","kind_label":"Business","source":"google_places","google_place_id":"ChIJx0wcmHQrjjMRSJ5gcG5wGJg","google_primary_type":"service","google_primary_type_label":"Services","google_types":["service","health","point_of_interest","establishment"],"google_maps_uri":"https://maps.google.com/?cid=10959633312840195656&g_mp=Cidnb29nbGUubWFwcy5wbGFjZXMudjEuUGxhY2VzLlNlYXJjaFRleHQQAhgEIAA","google_icon_mask_base_uri":"https://maps.gstatic.com/mapfiles/place_api/icons/v2/generic_pinlet","google_icon_background_color":"#7B9EB0","formatted_address":"Bauko, 2621 Mountain Province, Philippines","business_status":"OPERATIONAL","rating":null,"user_rating_count":null,"barangay_slug":"abatan","barangay_name":"Abatan"},"geometry":{"type":"Point","coordinates":[120.85276549999999,16.9888135]}},{"type":"Feature","properties":{"name":"SISIGAN CENTER BAUKO","kind":"business","kind_label":"Business","source":"google_places","google_place_id":"ChIJQ4-WJQArjjMRPxN8Bobqn2E","google_primary_type":"restaurant","google_primary_type_label":"Restaurant","google_types":["restaurant","point_of_interest","food","establishment"],"google_maps_uri":"https://maps.google.com/?cid=7034599004331316031&g_mp=Cilnb29nbGUubWFwcy5wbGFjZXMudjEuUGxhY2VzLlNlYXJjaE5lYXJieRACGAQgAA","google_icon_mask_base_uri":"https://maps.gstatic.com/mapfiles/place_api/icons/v2/restaurant_pinlet","google_icon_background_color":"#FF9E67","formatted_address":"XVJ3+M3P, Bauko, Mountain Province, Philippines","business_status":"OPERATIONAL","rating":5,"user_rating_count":3,"barangay_slug":"abatan","barangay_name":"Abatan"},"geometry":{"type":"Point","coordinates":[120.852688,16.981707699999998]}},{"type":"Feature","properties":{"name":"SQUAB RESTAURANT","kind":"business","kind_label":"Business","source":"google_places","google_place_id":"ChIJxwZiYx0rjjMRW8XOhugQn3o","google_primary_type":"restaurant","google_primary_type_label":"Restaurant","google_types":["restaurant","point_of_interest","food","establishment"],"google_maps_uri":"https://maps.google.com/?cid=8835799584804357467&g_mp=Cilnb29nbGUubWFwcy5wbGFjZXMudjEuUGxhY2VzLlNlYXJjaE5lYXJieRACGAQgAA","google_icon_mask_base_uri":"https://maps.gstatic.com/mapfiles/place_api/icons/v2/restaurant_pinlet","google_icon_background_color":"#FF9E67","formatted_address":"Gandew, Tadian road, Bauko, Mountain Province, Philippines","business_status":"OPERATIONAL","rating":4.1,"user_rating_count":17,"barangay_slug":"abatan","barangay_name":"Abatan"},"geometry":{"type":"Point","coordinates":[120.8512192,16.9806094]}},{"type":"Feature","properties":{"name":"Sugo Farmer’s Market","kind":"business","kind_label":"Business","source":"google_places","google_place_id":"ChIJ9bRSKhArjjMRWCMfoA3IxoQ","google_primary_type":"flea_market","google_primary_type_label":"Flea Market","google_types":["flea_market","market","point_of_interest","establishment"],"google_maps_uri":"https://maps.google.com/?cid=9567554419241722712&g_mp=Cidnb29nbGUubWFwcy5wbGFjZXMudjEuUGxhY2VzLlNlYXJjaFRleHQQAhgEIAA","google_icon_mask_base_uri":"https://maps.gstatic.com/mapfiles/place_api/icons/v2/shopping_pinlet","google_icon_background_color":"#4B96F3","formatted_address":"290, Guinzadan Central, Bauko, 2621 Mountain Province, Philippines","business_status":"OPERATIONAL","rating":null,"user_rating_count":null,"barangay_slug":"abatan","barangay_name":"Abatan"},"geometry":{"type":"Point","coordinates":[120.860079,16.974437299999998]}},{"type":"Feature","properties":{"name":"SUGO PINES - BAKAHAN","kind":"business","kind_label":"Business","source":"google_places","google_place_id":"ChIJqTk8IgArjjMRZtcYEPdCr3k","google_primary_type":null,"google_primary_type_label":null,"google_types":["point_of_interest","establishment"],"google_maps_uri":"https://maps.google.com/?cid=8768300628408063846&g_mp=Cidnb29nbGUubWFwcy5wbGFjZXMudjEuUGxhY2VzLlNlYXJjaFRleHQQAhgEIAA","google_icon_mask_base_uri":"https://maps.gstatic.com/mapfiles/place_api/icons/v2/generic_pinlet","google_icon_background_color":"#7B9EB0","formatted_address":"Sugo, Bauko, 2621 Mountain Province, Philippines","business_status":"OPERATIONAL","rating":null,"user_rating_count":null,"barangay_slug":"abatan","barangay_name":"Abatan"},"geometry":{"type":"Point","coordinates":[120.8601022,16.9744884]}},{"type":"Feature","properties":{"name":"The Basement Bar & Café","kind":"business","kind_label":"Business","source":"google_places","google_place_id":"ChIJtbdR_wQrjjMRed_wQAWpZxw","google_primary_type":"restaurant","google_primary_type_label":"Restaurant","google_types":["restaurant","point_of_interest","food","establishment"],"google_maps_uri":"https://maps.google.com/?cid=2046790395692638073&g_mp=Cilnb29nbGUubWFwcy5wbGFjZXMudjEuUGxhY2VzLlNlYXJjaE5lYXJieRACGAQgAA","google_icon_mask_base_uri":"https://maps.gstatic.com/mapfiles/place_api/icons/v2/restaurant_pinlet","google_icon_background_color":"#FF9E67","formatted_address":"Junction, XVJ3+92F, Bauko, 2621 Mountain Province, Philippines","business_status":"OPERATIONAL","rating":null,"user_rating_count":null,"barangay_slug":"abatan","barangay_name":"Abatan"},"geometry":{"type":"Point","coordinates":[120.8525427,16.980933399999998]}},{"type":"Feature","properties":{"name":"third place by egan jhem","kind":"business","kind_label":"Business","source":"google_places","google_place_id":"ChIJIbnf5UErjjMR3wZGPlK8bGA","google_primary_type":"cafe","google_primary_type_label":"Cafe","google_types":["cafe","point_of_interest","food","establishment"],"google_maps_uri":"https://maps.google.com/?cid=6948135386543949535&g_mp=Cilnb29nbGUubWFwcy5wbGFjZXMudjEuUGxhY2VzLlNlYXJjaE5lYXJieRACGAQgAA","google_icon_mask_base_uri":"https://maps.gstatic.com/mapfiles/place_api/icons/v2/cafe_pinlet","google_icon_background_color":"#FF9E67","formatted_address":"Loagan, Abatan - Bagnen Rd, Abatan, Bauko, 2621 Mountain Province, Philippines","business_status":"OPERATIONAL","rating":5,"user_rating_count":3,"barangay_slug":"abatan","barangay_name":"Abatan"},"geometry":{"type":"Point","coordinates":[120.85151800000001,16.9834666]}},{"type":"Feature","properties":{"name":"Torogi Truck-Heavy Equipment sales","kind":"business","kind_label":"Business","source":"google_places","google_place_id":"ChIJgwAbHRUrjjMRT_ZuEZ2RGyk","google_primary_type":"truck_dealer","google_primary_type_label":"Truck Dealer","google_types":["truck_dealer","store","point_of_interest","establishment"],"google_maps_uri":"https://maps.google.com/?cid=2962121283714610767&g_mp=Cilnb29nbGUubWFwcy5wbGFjZXMudjEuUGxhY2VzLlNlYXJjaE5lYXJieRACGAQgAA","google_icon_mask_base_uri":"https://maps.gstatic.com/mapfiles/place_api/icons/v2/shopping_pinlet","google_icon_background_color":"#4B96F3","formatted_address":"Bontoc Road, Abatan, Bauko, Mountain Province, Philippines","business_status":"OPERATIONAL","rating":null,"user_rating_count":null,"barangay_slug":"abatan","barangay_name":"Abatan"},"geometry":{"type":"Point","coordinates":[120.8528001,16.983633299999997]}},{"type":"Feature","properties":{"name":"TREASURE LINK COOPERATIVE SOCIETY","kind":"business","kind_label":"Business","source":"google_places","google_place_id":"ChIJI97-C48qjjMRPr1Y8kwSCfk","google_primary_type":"bank","google_primary_type_label":"Bank","google_types":["bank","finance","point_of_interest","establishment"],"google_maps_uri":"https://maps.google.com/?cid=17944894311927168318&g_mp=Cilnb29nbGUubWFwcy5wbGFjZXMudjEuUGxhY2VzLlNlYXJjaE5lYXJieRACGAQgAA","google_icon_mask_base_uri":"https://maps.gstatic.com/mapfiles/place_api/icons/v2/bank-intl_pinlet","google_icon_background_color":"#909CE1","formatted_address":"XVJ5+M77, Mabaay - Guinzadan - Abatan Rd, Bauko, Mountain Province, Philippines","business_status":"OPERATIONAL","rating":null,"user_rating_count":null,"barangay_slug":"abatan","barangay_name":"Abatan"},"geometry":{"type":"Point","coordinates":[120.8581606,16.9816648]}},{"type":"Feature","properties":{"name":"Zabor Resto","kind":"business","kind_label":"Business","source":"google_places","google_place_id":"ChIJ4RgAfIgqjjMRj-WrBJkmeR4","google_primary_type":"restaurant","google_primary_type_label":"Restaurant","google_types":["restaurant","point_of_interest","food","establishment"],"google_maps_uri":"https://maps.google.com/?cid=2195828731970053519&g_mp=Cilnb29nbGUubWFwcy5wbGFjZXMudjEuUGxhY2VzLlNlYXJjaE5lYXJieRACGAQgAA","google_icon_mask_base_uri":"https://maps.gstatic.com/mapfiles/place_api/icons/v2/restaurant_pinlet","google_icon_background_color":"#FF9E67","formatted_address":"XVJ2+GXF, Bauko, Mountain Province, Philippines","business_status":"OPERATIONAL","rating":5,"user_rating_count":1,"barangay_slug":"abatan","barangay_name":"Abatan"},"geometry":{"type":"Point","coordinates":[120.8524116,16.9813066]}},{"type":"Feature","properties":{"name":"ZT FOOD HOUSE","kind":"business","kind_label":"Business","source":"google_places","google_place_id":"ChIJNTIjXsQrjjMRHRWyz8LhZfA","google_primary_type":"restaurant","google_primary_type_label":"Restaurant","google_types":["restaurant","point_of_interest","food","establishment"],"google_maps_uri":"https://maps.google.com/?cid=17322499768574940445&g_mp=Cilnb29nbGUubWFwcy5wbGFjZXMudjEuUGxhY2VzLlNlYXJjaE5lYXJieRACGAQgAA","google_icon_mask_base_uri":"https://maps.gstatic.com/mapfiles/place_api/icons/v2/restaurant_pinlet","google_icon_background_color":"#FF9E67","formatted_address":"Kaguimongan, Bauko, 2621 Mountain Province, Philippines","business_status":"OPERATIONAL","rating":5,"user_rating_count":1,"barangay_slug":"abatan","barangay_name":"Abatan"},"geometry":{"type":"Point","coordinates":[120.8572088,16.9813452]}},{"type":"Feature","properties":{"name":"Abatan Generic Pharmacy","kind":"clinic","kind_label":"Clinic","source":"google_places","google_place_id":"ChIJF0MleYgqjjMR0irojWoYNeQ","google_primary_type":"pharmacy","google_primary_type_label":"Pharmacy","google_types":["pharmacy","health","store","point_of_interest","establishment"],"google_maps_uri":"https://maps.google.com/?cid=16444076460339636946&g_mp=Cilnb29nbGUubWFwcy5wbGFjZXMudjEuUGxhY2VzLlNlYXJjaE5lYXJieRACGAQgAA","google_icon_mask_base_uri":"https://maps.gstatic.com/mapfiles/place_api/icons/v2/pharmacy_pinlet","google_icon_background_color":"#F88181","formatted_address":"XVJ2+FXF, Tagudin - Cervantes - Sabangan Rd, Bauko, Mountain Province, Philippines","business_status":"OPERATIONAL","rating":null,"user_rating_count":null,"barangay_slug":"abatan","barangay_name":"Abatan"},"geometry":{"type":"Point","coordinates":[120.85243179999999,16.981195]}},{"type":"Feature","properties":{"name":"Dolimay Pharmacy","kind":"clinic","kind_label":"Clinic","source":"google_places","google_place_id":"ChIJk7qnoI8qjjMRBRemv93atjU","google_primary_type":"pharmacy","google_primary_type_label":"Pharmacy","google_types":["pharmacy","store","health","point_of_interest","establishment"],"google_maps_uri":"https://maps.google.com/?cid=3870521575709480709&g_mp=Cilnb29nbGUubWFwcy5wbGFjZXMudjEuUGxhY2VzLlNlYXJjaE5lYXJieRACGAQgAA","google_icon_mask_base_uri":"https://maps.gstatic.com/mapfiles/place_api/icons/v2/pharmacy_pinlet","google_icon_background_color":"#F88181","formatted_address":"XVJ5+JCP, Mabaay - Guinzadan - Abatan Rd, Bauko, Mountain Province, Philippines","business_status":"OPERATIONAL","rating":null,"user_rating_count":null,"barangay_slug":"abatan","barangay_name":"Abatan"},"geometry":{"type":"Point","coordinates":[120.85859140000001,16.9815778]}},{"type":"Feature","properties":{"name":"Dr. Charita Bernardez","kind":"clinic","kind_label":"Clinic","source":"google_places","google_place_id":"ChIJKwvfm4gqjjMR9wEh_AGk-E4","google_primary_type":"doctor","google_primary_type_label":"Doctor","google_types":["doctor","health","point_of_interest","establishment"],"google_maps_uri":"https://maps.google.com/?cid=5690478457614565879&g_mp=Cilnb29nbGUubWFwcy5wbGFjZXMudjEuUGxhY2VzLlNlYXJjaE5lYXJieRACGAQgAA","google_icon_mask_base_uri":"https://maps.gstatic.com/mapfiles/place_api/icons/v2/generic_pinlet","google_icon_background_color":"#7B9EB0","formatted_address":"XVJ3+FG8 Luis Hora Memorial Regional Hospital, Hospital Rd, Bauko, 2621 Mountain Province, Philippines","business_status":"OPERATIONAL","rating":null,"user_rating_count":null,"barangay_slug":"abatan","barangay_name":"Abatan"},"geometry":{"type":"Point","coordinates":[120.8538365,16.9811604]}},{"type":"Feature","properties":{"name":"Dr. Epifanio Pagalilauan, Jr.","kind":"clinic","kind_label":"Clinic","source":"google_places","google_place_id":"ChIJ2zTqmogqjjMRUDp-pLXO63s","google_primary_type":"doctor","google_primary_type_label":"Doctor","google_types":["doctor","health","point_of_interest","establishment"],"google_maps_uri":"https://maps.google.com/?cid=8929457965736278608&g_mp=Cilnb29nbGUubWFwcy5wbGFjZXMudjEuUGxhY2VzLlNlYXJjaE5lYXJieRACGAQgAA","google_icon_mask_base_uri":"https://maps.gstatic.com/mapfiles/place_api/icons/v2/generic_pinlet","google_icon_background_color":"#7B9EB0","formatted_address":"XVJ3+GCP Luis Hora Memorial Hospital, Hospital Rd, Bauko, 2621 Mountain Province, Philippines","business_status":"OPERATIONAL","rating":null,"user_rating_count":null,"barangay_slug":"abatan","barangay_name":"Abatan"},"geometry":{"type":"Point","coordinates":[120.85358399999998,16.9813399]}},{"type":"Feature","properties":{"name":"Dr. Maria Jocelyn Saquing","kind":"clinic","kind_label":"Clinic","source":"google_places","google_place_id":"ChIJqX1VnIgqjjMRAn9ZodgOYzc","google_primary_type":"doctor","google_primary_type_label":"Doctor","google_types":["doctor","health","point_of_interest","establishment"],"google_maps_uri":"https://maps.google.com/?cid=3991050018363113218&g_mp=Cilnb29nbGUubWFwcy5wbGFjZXMudjEuUGxhY2VzLlNlYXJjaE5lYXJieRACGAQgAA","google_icon_mask_base_uri":"https://maps.gstatic.com/mapfiles/place_api/icons/v2/generic_pinlet","google_icon_background_color":"#7B9EB0","formatted_address":"XVJ3+9FF Luis Hora Memorial Regional Hospital, Hospital Rd, Bauko, 2621 Mountain Province, Philippines","business_status":"OPERATIONAL","rating":null,"user_rating_count":null,"barangay_slug":"abatan","barangay_name":"Abatan"},"geometry":{"type":"Point","coordinates":[120.8536633,16.98094]}},{"type":"Feature","properties":{"name":"Sabata Parmacia","kind":"clinic","kind_label":"Clinic","source":"google_places","google_place_id":"ChIJDXbM1IcqjjMROMYCCKzet4A","google_primary_type":"pharmacy","google_primary_type_label":"Pharmacy","google_types":["pharmacy","health","store","point_of_interest","establishment"],"google_maps_uri":"https://maps.google.com/?cid=9275126788042966584&g_mp=Cilnb29nbGUubWFwcy5wbGFjZXMudjEuUGxhY2VzLlNlYXJjaE5lYXJieRACGAQgAA","google_icon_mask_base_uri":"https://maps.gstatic.com/mapfiles/place_api/icons/v2/pharmacy_pinlet","google_icon_background_color":"#F88181","formatted_address":"XVJ3+74C, Mabaay - Guinzadan - Abatan Rd, Bauko, Mountain Province, Philippines","business_status":"OPERATIONAL","rating":null,"user_rating_count":null,"barangay_slug":"abatan","barangay_name":"Abatan"},"geometry":{"type":"Point","coordinates":[120.85275019999999,16.9806935]}},{"type":"Feature","properties":{"name":"SOBIMED PHARMACEUTICAL PRODUCT DISTRIBUTION","kind":"clinic","kind_label":"Clinic","source":"google_places","google_place_id":"ChIJr2CNe4gqjjMReLECZJ5BQus","google_primary_type":"pharmacy","google_primary_type_label":"Pharmacy","google_types":["pharmacy","point_of_interest","health","store","establishment"],"google_maps_uri":"https://maps.google.com/?cid=16952184095914504568&g_mp=Cilnb29nbGUubWFwcy5wbGFjZXMudjEuUGxhY2VzLlNlYXJjaE5lYXJieRACGAQgAA","google_icon_mask_base_uri":"https://maps.gstatic.com/mapfiles/place_api/icons/v2/pharmacy_pinlet","google_icon_background_color":"#F88181","formatted_address":"XVJ2+HX2, Tagudin - Cervantes - Sabangan Rd, Bauko, Mountain Province, Philippines","business_status":"OPERATIONAL","rating":null,"user_rating_count":null,"barangay_slug":"abatan","barangay_name":"Abatan"},"geometry":{"type":"Point","coordinates":[120.85239609999999,16.981390600000005]}},{"type":"Feature","properties":{"name":"Abatan Police Assistance Center","kind":"govt","kind_label":"Government","source":"google_places","google_place_id":"ChIJ3RiC1ocqjjMR1CGml1zYNZA","google_primary_type":"government_office","google_primary_type_label":"Government Office","google_types":["police","government_office","point_of_interest","service","establishment"],"google_maps_uri":"https://maps.google.com/?cid=10391449607420125652&g_mp=Cilnb29nbGUubWFwcy5wbGFjZXMudjEuUGxhY2VzLlNlYXJjaE5lYXJieRACGAQgAA","google_icon_mask_base_uri":"https://maps.gstatic.com/mapfiles/place_api/icons/v2/police_pinlet","google_icon_background_color":"#F88181","formatted_address":"XVJ2+8X7, Tagudin - Cervantes - Sabangan Rd, Bauko, Mountain Province, Philippines","business_status":"OPERATIONAL","rating":null,"user_rating_count":null,"barangay_slug":"abatan","barangay_name":"Abatan"},"geometry":{"type":"Point","coordinates":[120.85242860000001,16.980778]}},{"type":"Feature","properties":{"name":"Abatan Police Outpost","kind":"govt","kind_label":"Government","source":"google_places","google_place_id":"ChIJx6gj1IcqjjMRGYGpS7UI584","google_primary_type":"government_office","google_primary_type_label":"Government Office","google_types":["police","government_office","point_of_interest","service","establishment"],"google_maps_uri":"https://maps.google.com/?cid=14908894666184818969&g_mp=Cilnb29nbGUubWFwcy5wbGFjZXMudjEuUGxhY2VzLlNlYXJjaE5lYXJieRACGAQgAA","google_icon_mask_base_uri":"https://maps.gstatic.com/mapfiles/place_api/icons/v2/police_pinlet","google_icon_background_color":"#F88181","formatted_address":"XVJ2+7XW, Mabaay - Guinzadan - Abatan Rd, Bauko, Mountain Province, Philippines","business_status":"OPERATIONAL","rating":null,"user_rating_count":null,"barangay_slug":"abatan","barangay_name":"Abatan"},"geometry":{"type":"Point","coordinates":[120.85243910000001,16.9807371]}},{"type":"Feature","properties":{"name":"Bauko - LIGA Building","kind":"govt","kind_label":"Government","source":"google_places","google_place_id":"ChIJT5E7FQArjjMRAChWjhK35fM","google_primary_type":"government_office","google_primary_type_label":"Government Office","google_types":["government_office","point_of_interest","establishment"],"google_maps_uri":"https://maps.google.com/?cid=17574654411208534016&g_mp=Cilnb29nbGUubWFwcy5wbGFjZXMudjEuUGxhY2VzLlNlYXJjaE5lYXJieRACGAQgAA","google_icon_mask_base_uri":"https://maps.gstatic.com/mapfiles/place_api/icons/v2/civic-bldg_pinlet","google_icon_background_color":"#7B9EB0","formatted_address":"XVJ5+R93, Bauko, Mountain Province, Philippines","business_status":"OPERATIONAL","rating":null,"user_rating_count":null,"barangay_slug":"abatan","barangay_name":"Abatan"},"geometry":{"type":"Point","coordinates":[120.85840770000001,16.982010499999998]}},{"type":"Feature","properties":{"name":"Bauko Fire Station","kind":"govt","kind_label":"Government","source":"google_places","google_place_id":"ChIJ322IEo8qjjMRIIO8BuRK0mY","google_primary_type":"fire_station","google_primary_type_label":"Fire Station","google_types":["fire_station","government_office","point_of_interest","service","establishment"],"google_maps_uri":"https://maps.google.com/?cid=7409066680203903776&g_mp=Cilnb29nbGUubWFwcy5wbGFjZXMudjEuUGxhY2VzLlNlYXJjaE5lYXJieRACGAQgAA","google_icon_mask_base_uri":"https://maps.gstatic.com/mapfiles/place_api/icons/v2/civic-bldg_pinlet","google_icon_background_color":"#7B9EB0","formatted_address":"XVJ5+J36, Mabaay - Guinzadan - Abatan Rd, Bauko, Mountain Province, Philippines","business_status":"OPERATIONAL","rating":null,"user_rating_count":null,"barangay_slug":"abatan","barangay_name":"Abatan"},"geometry":{"type":"Point","coordinates":[120.8576288,16.981538699999998]}},{"type":"Feature","properties":{"name":"Bauko Municipal Hall","kind":"govt","kind_label":"Government","source":"google_places","google_place_id":"ChIJmQa0Do8qjjMRAreheljdYBI","google_primary_type":"city_hall","google_primary_type_label":"City Hall","google_types":["city_hall","local_government_office","government_office","point_of_interest","service","establishment"],"google_maps_uri":"https://maps.google.com/?cid=1324301662531204866&g_mp=Cilnb29nbGUubWFwcy5wbGFjZXMudjEuUGxhY2VzLlNlYXJjaE5lYXJieRACGAQgAA","google_icon_mask_base_uri":"https://maps.gstatic.com/mapfiles/place_api/icons/v2/civic-bldg_pinlet","google_icon_background_color":"#7B9EB0","formatted_address":"XVJ5+M7R, Tagudin - Cervantes - Sabangan Rd, Bauko, Mountain Province, Philippines","business_status":"OPERATIONAL","rating":4.3,"user_rating_count":27,"barangay_slug":"abatan","barangay_name":"Abatan"},"geometry":{"type":"Point","coordinates":[120.85812809999999,16.981729899999998]}},{"type":"Feature","properties":{"name":"Bauko Municipal Police Station","kind":"govt","kind_label":"Government","source":"google_places","google_place_id":"ChIJ0wX4CI8qjjMR1fgpi11Irxc","google_primary_type":"government_office","google_primary_type_label":"Government Office","google_types":["police","government_office","point_of_interest","service","establishment"],"google_maps_uri":"https://maps.google.com/?cid=1706662350400649429&g_mp=Cilnb29nbGUubWFwcy5wbGFjZXMudjEuUGxhY2VzLlNlYXJjaE5lYXJieRACGAQgAA","google_icon_mask_base_uri":"https://maps.gstatic.com/mapfiles/place_api/icons/v2/police_pinlet","google_icon_background_color":"#F88181","formatted_address":"Mabaay - Guinzadan - Abatan Rd, Bauko, Mountain Province, Philippines","business_status":"OPERATIONAL","rating":null,"user_rating_count":null,"barangay_slug":"abatan","barangay_name":"Abatan"},"geometry":{"type":"Point","coordinates":[120.85829310000001,16.9819387]}},{"type":"Feature","properties":{"name":"Bauko Post Office","kind":"govt","kind_label":"Government","source":"google_places","google_place_id":"ChIJ1-qFEo8qjjMRU5t2YyXv2P4","google_primary_type":"post_office","google_primary_type_label":"Post Office","google_types":["post_office","shipping_service","finance","government_office","service","association_or_organization","point_of_interest","establishment"],"google_maps_uri":"https://maps.google.com/?cid=18363690424464743251&g_mp=Cidnb29nbGUubWFwcy5wbGFjZXMudjEuUGxhY2VzLlNlYXJjaFRleHQQAhgEIAA","google_icon_mask_base_uri":"https://maps.gstatic.com/mapfiles/place_api/icons/v2/postoffice_pinlet","google_icon_background_color":"#909CE1","formatted_address":"XVJ5+M77, Mabaay - Guinzadan - Abatan Rd, Bauko, Mountain Province, Philippines","business_status":"OPERATIONAL","rating":null,"user_rating_count":null,"barangay_slug":"abatan","barangay_name":"Abatan"},"geometry":{"type":"Point","coordinates":[120.8581586,16.9816648]}},{"type":"Feature","properties":{"name":"GNSS LAND SURVEYING, BAUKO BRANCH","kind":"govt","kind_label":"Government","source":"google_places","google_place_id":"ChIJX7NSE_TVjzMRkGUMI8sHIm0","google_primary_type":"local_government_office","google_primary_type_label":"Local Government Office","google_types":["local_government_office","government_office","point_of_interest","establishment"],"google_maps_uri":"https://maps.google.com/?cid=7863856468390077840&g_mp=Cilnb29nbGUubWFwcy5wbGFjZXMudjEuUGxhY2VzLlNlYXJjaE5lYXJieRACGAQgAA","google_icon_mask_base_uri":"https://maps.gstatic.com/mapfiles/place_api/icons/v2/civic-bldg_pinlet","google_icon_background_color":"#7B9EB0","formatted_address":"Bauko, Mountain Province, Philippines","business_status":"OPERATIONAL","rating":null,"user_rating_count":null,"barangay_slug":"abatan","barangay_name":"Abatan"},"geometry":{"type":"Point","coordinates":[120.856951,16.981470599999998]}},{"type":"Feature","properties":{"name":"datrc- Mountain Province","kind":"hospital","kind_label":"Hospital","source":"google_places","google_place_id":"ChIJ78-uPZUrjjMRJ9VVzglxuPE","google_primary_type":"hospital","google_primary_type_label":"Hospital","google_types":["hospital","point_of_interest","health","service","establishment"],"google_maps_uri":"https://maps.google.com/?cid=17417795845785769255&g_mp=Cilnb29nbGUubWFwcy5wbGFjZXMudjEuUGxhY2VzLlNlYXJjaE5lYXJieRACGAQgAA","google_icon_mask_base_uri":"https://maps.gstatic.com/mapfiles/place_api/icons/v2/hospital-H_pinlet","google_icon_background_color":"#F88181","formatted_address":"LHMRH Compound, Abatan, Bauko, 2621 Mountain Province, Philippines","business_status":"OPERATIONAL","rating":null,"user_rating_count":null,"barangay_slug":"abatan","barangay_name":"Abatan"},"geometry":{"type":"Point","coordinates":[120.8547933,16.9813862]}},{"type":"Feature","properties":{"name":"LHMRH","kind":"hospital","kind_label":"Hospital","source":"google_places","google_place_id":"ChIJJyQ16KQrjjMR4-hWOotxG6U","google_primary_type":"hospital","google_primary_type_label":"Hospital","google_types":["hospital","health","point_of_interest","service","establishment"],"google_maps_uri":"https://maps.google.com/?cid=11897227683422464227&g_mp=Cilnb29nbGUubWFwcy5wbGFjZXMudjEuUGxhY2VzLlNlYXJjaE5lYXJieRACGAQgAA","google_icon_mask_base_uri":"https://maps.gstatic.com/mapfiles/place_api/icons/v2/hospital-H_pinlet","google_icon_background_color":"#F88181","formatted_address":"Bauko, 2621 Mountain Province, Philippines","business_status":"OPERATIONAL","rating":null,"user_rating_count":null,"barangay_slug":"abatan","barangay_name":"Abatan"},"geometry":{"type":"Point","coordinates":[120.85276549999999,16.9888135]}},{"type":"Feature","properties":{"name":"Luis Hora Memorial Regional Hospital","kind":"hospital","kind_label":"Hospital","source":"google_places","google_place_id":"ChIJLxgSnIgqjjMRWBAq1jqd_qQ","google_primary_type":"hospital","google_primary_type_label":"Hospital","google_types":["hospital","point_of_interest","health","service","establishment"],"google_maps_uri":"https://maps.google.com/?cid=11889112942331433048&g_mp=Cilnb29nbGUubWFwcy5wbGFjZXMudjEuUGxhY2VzLlNlYXJjaE5lYXJieRACGAQgAA","google_icon_mask_base_uri":"https://maps.gstatic.com/mapfiles/place_api/icons/v2/hospital-H_pinlet","google_icon_background_color":"#F88181","formatted_address":"XVJ3+FF9, Tagudin - Cervantes - Sabangan Rd, Bauko, Mountain Province, Philippines","business_status":"OPERATIONAL","rating":4.5,"user_rating_count":22,"barangay_slug":"abatan","barangay_name":"Abatan"},"geometry":{"type":"Point","coordinates":[120.8537489,16.9811628]}},{"type":"Feature","properties":{"name":"OPD Complex","kind":"hospital","kind_label":"Hospital","source":"google_places","google_place_id":"ChIJOZo-oogqjjMRzHFGepNNdks","google_primary_type":"hospital","google_primary_type_label":"Hospital","google_types":["hospital","health","point_of_interest","service","establishment"],"google_maps_uri":"https://maps.google.com/?cid=5437618895903420876&g_mp=Cilnb29nbGUubWFwcy5wbGFjZXMudjEuUGxhY2VzLlNlYXJjaE5lYXJieRACGAQgAA","google_icon_mask_base_uri":"https://maps.gstatic.com/mapfiles/place_api/icons/v2/hospital-H_pinlet","google_icon_background_color":"#F88181","formatted_address":"Luis Hora Memorial Regional Hospital, XVJ3+CPF, Mabaay - Guinzadan - Abatan Rd, Bauko, Lalawigang Bulubundukin, Philippines","business_status":"OPERATIONAL","rating":null,"user_rating_count":null,"barangay_slug":"abatan","barangay_name":"Abatan"},"geometry":{"type":"Point","coordinates":[120.8543059,16.9810527]}},{"type":"Feature","properties":{"name":"3J Sari-Sari Store Fish And Frozen Foods Retailer","kind":"market","kind_label":"Market","source":"google_places","google_place_id":"ChIJrwtnJ4kqjjMRo9xEFhjM1rU","google_primary_type":"grocery_store","google_primary_type_label":"Grocery Store","google_types":["grocery_store","food_store","store","point_of_interest","food","establishment"],"google_maps_uri":"https://maps.google.com/?cid=13102884569705929891&g_mp=Cilnb29nbGUubWFwcy5wbGFjZXMudjEuUGxhY2VzLlNlYXJjaE5lYXJieRACGAQgAA","google_icon_mask_base_uri":"https://maps.gstatic.com/mapfiles/place_api/icons/v2/shoppingcart_pinlet","google_icon_background_color":"#4B96F3","formatted_address":"XVM3+8V6, Tagudin - Cervantes - Sabangan Rd, Bauko, Mountain Province, Philippines","business_status":"OPERATIONAL","rating":null,"user_rating_count":null,"barangay_slug":"abatan","barangay_name":"Abatan"},"geometry":{"type":"Point","coordinates":[120.8546513,16.983283699999998]}},{"type":"Feature","properties":{"name":"ATO Cafe","kind":"market","kind_label":"Market","source":"google_places","google_place_id":"ChIJdaWzGm8rjjMRCqc_4ND2EpE","google_primary_type":"coffee_shop","google_primary_type_label":"Coffee Shop","google_types":["coffee_shop","cafe","food_store","store","point_of_interest","food","establishment"],"google_maps_uri":"https://maps.google.com/?cid=10453689062056240906&g_mp=Cilnb29nbGUubWFwcy5wbGFjZXMudjEuUGxhY2VzLlNlYXJjaE5lYXJieRACGAQgAA","google_icon_mask_base_uri":"https://maps.gstatic.com/mapfiles/place_api/icons/v2/cafe_pinlet","google_icon_background_color":"#FF9E67","formatted_address":"Sugo, Bauko, 2621 Mountain Province, Philippines","business_status":"OPERATIONAL","rating":null,"user_rating_count":null,"barangay_slug":"abatan","barangay_name":"Abatan"},"geometry":{"type":"Point","coordinates":[120.86011040000001,16.9745015]}},{"type":"Feature","properties":{"name":"Bantic’s General Merchandise","kind":"market","kind_label":"Market","source":"google_places","google_place_id":"ChIJNTHsaAArjjMRR90aEJbBHrE","google_primary_type":"general_store","google_primary_type_label":"General Store","google_types":["general_store","food_store","food","point_of_interest","store","establishment"],"google_maps_uri":"https://maps.google.com/?cid=12762851244274015559&g_mp=Cilnb29nbGUubWFwcy5wbGFjZXMudjEuUGxhY2VzLlNlYXJjaE5lYXJieRACGAQgAA","google_icon_mask_base_uri":"https://maps.gstatic.com/mapfiles/place_api/icons/v2/shopping_pinlet","google_icon_background_color":"#4B96F3","formatted_address":"XVJ3+67C, Bauko, Mountain Province, Philippines","business_status":"OPERATIONAL","rating":5,"user_rating_count":1,"barangay_slug":"abatan","barangay_name":"Abatan"},"geometry":{"type":"Point","coordinates":[120.85315409999998,16.9805745]}},{"type":"Feature","properties":{"name":"Boaging's Bakery","kind":"market","kind_label":"Market","source":"google_places","google_place_id":"ChIJsZRP0YcqjjMR4i8gUqkE63c","google_primary_type":"bakery","google_primary_type_label":"Bakery","google_types":["bakery","food_store","store","point_of_interest","food","establishment"],"google_maps_uri":"https://maps.google.com/?cid=8641005435314253794&g_mp=Cilnb29nbGUubWFwcy5wbGFjZXMudjEuUGxhY2VzLlNlYXJjaE5lYXJieRACGAQgAA","google_icon_mask_base_uri":"https://maps.gstatic.com/mapfiles/place_api/icons/v2/restaurant_pinlet","google_icon_background_color":"#FF9E67","formatted_address":"XVJ2+6WW, Mabaay - Guinzadan - Abatan Rd, Bauko, Mountain Province, Philippines","business_status":"OPERATIONAL","rating":5,"user_rating_count":1,"barangay_slug":"abatan","barangay_name":"Abatan"},"geometry":{"type":"Point","coordinates":[120.85233699999999,16.9806082]}},{"type":"Feature","properties":{"name":"CORA'S BREAD","kind":"market","kind_label":"Market","source":"google_places","google_place_id":"ChIJt3xD1ocqjjMRxGmvtRENNSM","google_primary_type":"bakery","google_primary_type_label":"Bakery","google_types":["bakery","food_store","store","point_of_interest","food","establishment"],"google_maps_uri":"https://maps.google.com/?cid=2536948334806919620&g_mp=Cilnb29nbGUubWFwcy5wbGFjZXMudjEuUGxhY2VzLlNlYXJjaE5lYXJieRACGAQgAA","google_icon_mask_base_uri":"https://maps.gstatic.com/mapfiles/place_api/icons/v2/restaurant_pinlet","google_icon_background_color":"#FF9E67","formatted_address":"XVJ2+8VX, Tagudin - Cervantes - Sabangan Rd, Bauko, Mountain Province, Philippines","business_status":"OPERATIONAL","rating":null,"user_rating_count":null,"barangay_slug":"abatan","barangay_name":"Abatan"},"geometry":{"type":"Point","coordinates":[120.85223560000001,16.9808561]}},{"type":"Feature","properties":{"name":"Gandew","kind":"market","kind_label":"Market","source":"google_places","google_place_id":"ChIJ2X64UH0qjjMRijjv-4NMv5o","google_primary_type":"bakery","google_primary_type_label":"Bakery","google_types":["bakery","food_store","store","point_of_interest","food","establishment"],"google_maps_uri":"https://maps.google.com/?cid=11150715332143822986&g_mp=Cilnb29nbGUubWFwcy5wbGFjZXMudjEuUGxhY2VzLlNlYXJjaE5lYXJieRACGAQgAA","google_icon_mask_base_uri":"https://maps.gstatic.com/mapfiles/place_api/icons/v2/restaurant_pinlet","google_icon_background_color":"#FF9E67","formatted_address":"XRJX+FWV, Tagudin - Cervantes - Sabangan Rd, Bauko, Mountain Province, Philippines","business_status":"OPERATIONAL","rating":5,"user_rating_count":3,"barangay_slug":"abatan","barangay_name":"Abatan"},"geometry":{"type":"Point","coordinates":[120.8497993,16.981240800000002]}},{"type":"Feature","properties":{"name":"Jane Calde’s General Merchandise","kind":"market","kind_label":"Market","source":"google_places","google_place_id":"ChIJLZC0EgArjjMR15DYShwLGp8","google_primary_type":"general_store","google_primary_type_label":"General Store","google_types":["general_store","food_store","store","point_of_interest","food","establishment"],"google_maps_uri":"https://maps.google.com/?cid=11464488017567715543&g_mp=Cilnb29nbGUubWFwcy5wbGFjZXMudjEuUGxhY2VzLlNlYXJjaE5lYXJieRACGAQgAA","google_icon_mask_base_uri":"https://maps.gstatic.com/mapfiles/place_api/icons/v2/shopping_pinlet","google_icon_background_color":"#4B96F3","formatted_address":"XVJ2+VM9 Luagan, Bauko, Mountain Province, Philippines","business_status":"OPERATIONAL","rating":null,"user_rating_count":null,"barangay_slug":"abatan","barangay_name":"Abatan"},"geometry":{"type":"Point","coordinates":[120.85173589999998,16.9821654]}},{"type":"Feature","properties":{"name":"JOMAR GENERAL MERCHANDISE","kind":"market","kind_label":"Market","source":"google_places","google_place_id":"ChIJfyhxNtArjjMRBjiAcw7kjrI","google_primary_type":"grocery_store","google_primary_type_label":"Grocery Store","google_types":["grocery_store","food_store","store","point_of_interest","food","establishment"],"google_maps_uri":"https://maps.google.com/?cid=12866471936162543622&g_mp=Cilnb29nbGUubWFwcy5wbGFjZXMudjEuUGxhY2VzLlNlYXJjaE5lYXJieRACGAQgAA","google_icon_mask_base_uri":"https://maps.gstatic.com/mapfiles/place_api/icons/v2/shoppingcart_pinlet","google_icon_background_color":"#4B96F3","formatted_address":"JUNCTION, Bauko, 2621 Mountain Province, Philippines","business_status":"OPERATIONAL","rating":null,"user_rating_count":null,"barangay_slug":"abatan","barangay_name":"Abatan"},"geometry":{"type":"Point","coordinates":[120.8531628,16.982409099999998]}},{"type":"Feature","properties":{"name":"JOMAR Grocery Store","kind":"market","kind_label":"Market","source":"google_places","google_place_id":"ChIJmZibK4YqjjMRf96Qja59Vhc","google_primary_type":"general_store","google_primary_type_label":"General Store","google_types":["general_store","food_store","store","point_of_interest","food","establishment"],"google_maps_uri":"https://maps.google.com/?cid=1681669699522322047&g_mp=Cilnb29nbGUubWFwcy5wbGFjZXMudjEuUGxhY2VzLlNlYXJjaE5lYXJieRACGAQgAA","google_icon_mask_base_uri":"https://maps.gstatic.com/mapfiles/place_api/icons/v2/shopping_pinlet","google_icon_background_color":"#4B96F3","formatted_address":"XVJ3+64C, Mabaay - Guinzadan - Abatan Rd, Bauko, Mountain Province, Philippines","business_status":"OPERATIONAL","rating":null,"user_rating_count":null,"barangay_slug":"abatan","barangay_name":"Abatan"},"geometry":{"type":"Point","coordinates":[120.85277509999999,16.9805509]}},{"type":"Feature","properties":{"name":"Ka Tea's Milktea","kind":"market","kind_label":"Market","source":"google_places","google_place_id":"ChIJYUxzEQArjjMRR5neZav7x9Y","google_primary_type":"coffee_shop","google_primary_type_label":"Coffee Shop","google_types":["coffee_shop","cafe","food_store","store","point_of_interest","food","establishment"],"google_maps_uri":"https://maps.google.com/?cid=15476615358049065287&g_mp=Cilnb29nbGUubWFwcy5wbGFjZXMudjEuUGxhY2VzLlNlYXJjaE5lYXJieRACGAQgAA","google_icon_mask_base_uri":"https://maps.gstatic.com/mapfiles/place_api/icons/v2/cafe_pinlet","google_icon_background_color":"#FF9E67","formatted_address":"XVJ2+VM9, Bauko, Mountain Province, Philippines","business_status":"OPERATIONAL","rating":null,"user_rating_count":null,"barangay_slug":"abatan","barangay_name":"Abatan"},"geometry":{"type":"Point","coordinates":[120.85187049999999,16.9824066]}},{"type":"Feature","properties":{"name":"Maugay Cafe","kind":"market","kind_label":"Market","source":"google_places","google_place_id":"ChIJ4yhg-a8rjjMRCCPOmA8Da4A","google_primary_type":"coffee_shop","google_primary_type_label":"Coffee Shop","google_types":["coffee_shop","cafe","food_store","store","point_of_interest","food","establishment"],"google_maps_uri":"https://maps.google.com/?cid=9253493224885854984&g_mp=Cilnb29nbGUubWFwcy5wbGFjZXMudjEuUGxhY2VzLlNlYXJjaE5lYXJieRACGAQgAA","google_icon_mask_base_uri":"https://maps.gstatic.com/mapfiles/place_api/icons/v2/cafe_pinlet","google_icon_background_color":"#FF9E67","formatted_address":"XVJ4+HW3, Bauko, Mountain Province, Philippines","business_status":"OPERATIONAL","rating":4.5,"user_rating_count":2,"barangay_slug":"abatan","barangay_name":"Abatan"},"geometry":{"type":"Point","coordinates":[120.8572993,16.981395799999998]}},{"type":"Feature","properties":{"name":"Mister Donut Abatan Bauko","kind":"market","kind_label":"Market","source":"google_places","google_place_id":"ChIJcy_xZ9YrjjMRIpOZFCjCvfg","google_primary_type":"coffee_shop","google_primary_type_label":"Coffee Shop","google_types":["coffee_shop","cafe","food_store","store","point_of_interest","food","establishment"],"google_maps_uri":"https://maps.google.com/?cid=17923695569404531490&g_mp=Cilnb29nbGUubWFwcy5wbGFjZXMudjEuUGxhY2VzLlNlYXJjaE5lYXJieRACGAQgAA","google_icon_mask_base_uri":"https://maps.gstatic.com/mapfiles/place_api/icons/v2/cafe_pinlet","google_icon_background_color":"#FF9E67","formatted_address":"XVJ2+FXF, Tagudin - Cervantes - Sabangan Rd, Bauko, Mountain Province, Philippines","business_status":"OPERATIONAL","rating":null,"user_rating_count":null,"barangay_slug":"abatan","barangay_name":"Abatan"},"geometry":{"type":"Point","coordinates":[120.85244030000001,16.9812282]}},{"type":"Feature","properties":{"name":"NILIGAN’S","kind":"market","kind_label":"Market","source":"google_places","google_place_id":"ChIJH46U1CYrjjMR815qXiP_Ux8","google_primary_type":"grocery_store","google_primary_type_label":"Grocery Store","google_types":["grocery_store","food_store","store","point_of_interest","food","establishment"],"google_maps_uri":"https://maps.google.com/?cid=2257428365615718131&g_mp=Cilnb29nbGUubWFwcy5wbGFjZXMudjEuUGxhY2VzLlNlYXJjaE5lYXJieRACGAQgAA","google_icon_mask_base_uri":"https://maps.gstatic.com/mapfiles/place_api/icons/v2/shoppingcart_pinlet","google_icon_background_color":"#4B96F3","formatted_address":"1 Mabaay - Guinzadan - Abatan Rd, Bauko, Mountain Province, Philippines","business_status":"OPERATIONAL","rating":null,"user_rating_count":null,"barangay_slug":"abatan","barangay_name":"Abatan"},"geometry":{"type":"Point","coordinates":[120.85811129999999,16.9815163]}},{"type":"Feature","properties":{"name":"V-Cafè","kind":"market","kind_label":"Market","source":"google_places","google_place_id":"ChIJ6deASwArjjMR2v9k3p9MZHE","google_primary_type":"coffee_shop","google_primary_type_label":"Coffee Shop","google_types":["coffee_shop","cafe","food_store","store","point_of_interest","food","establishment"],"google_maps_uri":"https://maps.google.com/?cid=8170739873471594458&g_mp=Cilnb29nbGUubWFwcy5wbGFjZXMudjEuUGxhY2VzLlNlYXJjaE5lYXJieRACGAQgAA","google_icon_mask_base_uri":"https://maps.gstatic.com/mapfiles/place_api/icons/v2/cafe_pinlet","google_icon_background_color":"#FF9E67","formatted_address":"XVJ2+8R5, Tagudin - Cervantes - Sabangan Rd, Bauko, Mountain Province, Philippines","business_status":"OPERATIONAL","rating":5,"user_rating_count":2,"barangay_slug":"abatan","barangay_name":"Abatan"},"geometry":{"type":"Point","coordinates":[120.85212560000001,16.980804499999998]}},{"type":"Feature","properties":{"name":"Abatan Elementary School","kind":"school","kind_label":"School","source":"google_places","google_place_id":"ChIJ___vZIgqjjMRq0uv4oz2R8Q","google_primary_type":"primary_school","google_primary_type_label":"Elementary School","google_types":["primary_school","school","educational_institution","point_of_interest","establishment"],"google_maps_uri":"https://maps.google.com/?cid=14143544239739325355&g_mp=Cilnb29nbGUubWFwcy5wbGFjZXMudjEuUGxhY2VzLlNlYXJjaE5lYXJieRACGAQgAA","google_icon_mask_base_uri":"https://maps.gstatic.com/mapfiles/place_api/icons/v2/school_pinlet","google_icon_background_color":"#7B9EB0","formatted_address":"XVJ2+PW6, Abatan - Bagnen Rd, Bauko, Mountain Province, Philippines","business_status":"OPERATIONAL","rating":null,"user_rating_count":null,"barangay_slug":"abatan","barangay_name":"Abatan"},"geometry":{"type":"Point","coordinates":[120.8522721,16.981780600000004]}},{"type":"Feature","properties":{"name":"3house Abatan","kind":"tourism","kind_label":"Tourism","source":"google_places","google_place_id":"ChIJXXDS2I0rjjMR0UYa0JVMt5U","google_primary_type":"lodging","google_primary_type_label":"Lodging","google_types":["bed_and_breakfast","lodging","point_of_interest","establishment"],"google_maps_uri":"https://maps.google.com/?cid=10788175638714533585&g_mp=Cilnb29nbGUubWFwcy5wbGFjZXMudjEuUGxhY2VzLlNlYXJjaE5lYXJieRACGAQgAA","google_icon_mask_base_uri":"https://maps.gstatic.com/mapfiles/place_api/icons/v2/hotel_pinlet","google_icon_background_color":"#909CE1","formatted_address":"Abatan Junction, Bauko, 2621 Mountain Province, Philippines","business_status":"OPERATIONAL","rating":4.7,"user_rating_count":6,"barangay_slug":"abatan","barangay_name":"Abatan"},"geometry":{"type":"Point","coordinates":[120.8525566,16.9801817]}},{"type":"Feature","properties":{"name":"Abatan Bauko transients","kind":"tourism","kind_label":"Tourism","source":"google_places","google_place_id":"ChIJg9ibaAArjjMRXBJNSA-MDbE","google_primary_type":"lodging","google_primary_type_label":"Lodging","google_types":["lodging","point_of_interest","establishment"],"google_maps_uri":"https://maps.google.com/?cid=12758007316675891804&g_mp=Cilnb29nbGUubWFwcy5wbGFjZXMudjEuUGxhY2VzLlNlYXJjaE5lYXJieRACGAQgAA","google_icon_mask_base_uri":"https://maps.gstatic.com/mapfiles/place_api/icons/v2/hotel_pinlet","google_icon_background_color":"#909CE1","formatted_address":"XVJ3+32F, Abatan Junction, Bauko, Mountain Province, Philippines","business_status":"OPERATIONAL","rating":5,"user_rating_count":1,"barangay_slug":"abatan","barangay_name":"Abatan"},"geometry":{"type":"Point","coordinates":[120.8525581,16.9801856]}},{"type":"Feature","properties":{"name":"Ba-ey Passion Arc","kind":"tourism","kind_label":"Tourism","source":"google_places","google_place_id":"ChIJj4rw3psrjjMR3uhHuSRSbgA","google_primary_type":"private_guest_room","google_primary_type_label":"Homestay","google_types":["private_guest_room","lodging","point_of_interest","establishment"],"google_maps_uri":"https://maps.google.com/?cid=31052565118970078&g_mp=Cilnb29nbGUubWFwcy5wbGFjZXMudjEuUGxhY2VzLlNlYXJjaE5lYXJieRACGAQgAA","google_icon_mask_base_uri":"https://maps.gstatic.com/mapfiles/place_api/icons/v2/hotel_pinlet","google_icon_background_color":"#909CE1","formatted_address":"Gandew, Bauko, Mountain Province, Philippines","business_status":"OPERATIONAL","rating":4.8,"user_rating_count":4,"barangay_slug":"abatan","barangay_name":"Abatan"},"geometry":{"type":"Point","coordinates":[120.85108729999997,16.9808819]}},{"type":"Feature","properties":{"name":"James Sepulchre I Ranch and Homestead","kind":"tourism","kind_label":"Tourism","source":"google_places","google_place_id":"ChIJXdLy6-QrjjMRA5V_YiR7jHc","google_primary_type":"campground","google_primary_type_label":"Campground","google_types":["campground","lodging","point_of_interest","establishment"],"google_maps_uri":"https://maps.google.com/?cid=8614395583454483715&g_mp=Cilnb29nbGUubWFwcy5wbGFjZXMudjEuUGxhY2VzLlNlYXJjaE5lYXJieRACGAQgAA","google_icon_mask_base_uri":"https://maps.gstatic.com/mapfiles/place_api/icons/v2/camping_pinlet","google_icon_background_color":"#4DB546","formatted_address":"XVR5+X5X, Bagnen Road, Bauko, Mountain Province, Philippines","business_status":"OPERATIONAL","rating":5,"user_rating_count":1,"barangay_slug":"abatan","barangay_name":"Abatan"},"geometry":{"type":"Point","coordinates":[120.85799189999999,16.9924976]}},{"type":"Feature","properties":{"name":"Longayban Transient","kind":"tourism","kind_label":"Tourism","source":"google_places","google_place_id":"ChIJQUX2LAArjjMRM5_F6_SmsOc","google_primary_type":"private_guest_room","google_primary_type_label":"Homestay","google_types":["private_guest_room","lodging","point_of_interest","establishment"],"google_maps_uri":"https://maps.google.com/?cid=16695027389520256819&g_mp=Cilnb29nbGUubWFwcy5wbGFjZXMudjEuUGxhY2VzLlNlYXJjaE5lYXJieRACGAQgAA","google_icon_mask_base_uri":"https://maps.gstatic.com/mapfiles/place_api/icons/v2/hotel_pinlet","google_icon_background_color":"#909CE1","formatted_address":"Junction, Bauko, Mountain Province, Philippines","business_status":"OPERATIONAL","rating":null,"user_rating_count":null,"barangay_slug":"abatan","barangay_name":"Abatan"},"geometry":{"type":"Point","coordinates":[120.8524635,16.9805729]}},{"type":"Feature","properties":{"name":"Mountain view guest house","kind":"tourism","kind_label":"Tourism","source":"google_places","google_place_id":"ChIJc5H61wgrjjMRnhGhUv-2QcQ","google_primary_type":"bed_and_breakfast","google_primary_type_label":"Bed & Breakfast","google_types":["bed_and_breakfast","lodging","point_of_interest","establishment"],"google_maps_uri":"https://maps.google.com/?cid=14141785512639271326&g_mp=Cilnb29nbGUubWFwcy5wbGFjZXMudjEuUGxhY2VzLlNlYXJjaE5lYXJieRACGAQgAA","google_icon_mask_base_uri":"https://maps.gstatic.com/mapfiles/place_api/icons/v2/hotel_pinlet","google_icon_background_color":"#909CE1","formatted_address":"Abatan Junction, abatan Bauko Bauko, Baguio, 2621 Mountain Province, Philippines","business_status":"OPERATIONAL","rating":null,"user_rating_count":null,"barangay_slug":"abatan","barangay_name":"Abatan"},"geometry":{"type":"Point","coordinates":[120.8524351,16.9804547]}},{"type":"Feature","properties":{"name":"Ohana Guest House","kind":"tourism","kind_label":"Tourism","source":"google_places","google_place_id":"ChIJw_-i950rjjMRR2iIiPGyARE","google_primary_type":"hotel","google_primary_type_label":"Hotel","google_types":["hotel","guest_house","lounge_bar","night_club","bar","lodging","point_of_interest","establishment"],"google_maps_uri":"https://maps.google.com/?cid=1225457324068988999&g_mp=Cilnb29nbGUubWFwcy5wbGFjZXMudjEuUGxhY2VzLlNlYXJjaE5lYXJieRACGAQgAA","google_icon_mask_base_uri":"https://maps.gstatic.com/mapfiles/place_api/icons/v2/hotel_pinlet","google_icon_background_color":"#909CE1","formatted_address":"XVM5+G4F Tetep-an, Bauko, 2621 Mountain Province, Philippines","business_status":"OPERATIONAL","rating":4.8,"user_rating_count":4,"barangay_slug":"abatan","barangay_name":"Abatan"},"geometry":{"type":"Point","coordinates":[120.85781250000001,16.9838125]}},{"type":"Feature","properties":{"name":"Soleil De Sagada (Bauko extension)","kind":"tourism","kind_label":"Tourism","source":"google_places","google_place_id":"ChIJIUGic2YrjjMRceXE_vfOktY","google_primary_type":"hotel","google_primary_type_label":"Hotel","google_types":["hotel","lodging","point_of_interest","establishment"],"google_maps_uri":"https://maps.google.com/?cid=15461648035242894705&g_mp=Cilnb29nbGUubWFwcy5wbGFjZXMudjEuUGxhY2VzLlNlYXJjaE5lYXJieRACGAQgAA","google_icon_mask_base_uri":"https://maps.gstatic.com/mapfiles/place_api/icons/v2/hotel_pinlet","google_icon_background_color":"#909CE1","formatted_address":"XVJ2+XPH, Abatan, Bauko, Mountain Province, Philippines","business_status":"OPERATIONAL","rating":null,"user_rating_count":null,"barangay_slug":"abatan","barangay_name":"Abatan"},"geometry":{"type":"Point","coordinates":[120.8518562,16.9824284]}},{"type":"Feature","properties":{"name":"Exxan Fuel","kind":"transport","kind_label":"Transport","source":"google_places","google_place_id":"ChIJGyEN9Y0qjjMRrvev9HZ7j6U","google_primary_type":"gas_station","google_primary_type_label":"Gas Station","google_types":["gas_station","point_of_interest","service","establishment"],"google_maps_uri":"https://maps.google.com/?cid=11929889688769263534&g_mp=Cilnb29nbGUubWFwcy5wbGFjZXMudjEuUGxhY2VzLlNlYXJjaE5lYXJieRACGAQgAA","google_icon_mask_base_uri":"https://maps.gstatic.com/mapfiles/place_api/icons/v2/gas_pinlet","google_icon_background_color":"#909CE1","formatted_address":"XVP6+9GF, Tagudin - Cervantes - Sabangan Rd, Bauko, Mountain Province, Philippines","business_status":"OPERATIONAL","rating":null,"user_rating_count":null,"barangay_slug":"abatan","barangay_name":"Abatan"},"geometry":{"type":"Point","coordinates":[120.8612841,16.9859424]}},{"type":"Feature","properties":{"name":"LHRMH Parking Area","kind":"transport","kind_label":"Transport","source":"google_places","google_place_id":"ChIJI8_HoYgqjjMRcrNvTWzJDNM","google_primary_type":"parking_lot","google_primary_type_label":"Parking Lot","google_types":["parking_lot","parking","transportation_service","point_of_interest","service","establishment"],"google_maps_uri":"https://maps.google.com/?cid=15207751508716139378&g_mp=Cilnb29nbGUubWFwcy5wbGFjZXMudjEuUGxhY2VzLlNlYXJjaE5lYXJieRACGAQgAA","google_icon_mask_base_uri":"https://maps.gstatic.com/mapfiles/place_api/icons/v2/parking_pinlet","google_icon_background_color":"#7B9EB0","formatted_address":"XVJ3+8PV, Mabaay - Guinzadan - Abatan Rd, Bauko, Mountain Province, Philippines","business_status":"OPERATIONAL","rating":null,"user_rating_count":null,"barangay_slug":"abatan","barangay_name":"Abatan"},"geometry":{"type":"Point","coordinates":[120.85428180000001,16.9808731]}},{"type":"Feature","properties":{"name":"MBL GASOLINE STATION","kind":"transport","kind_label":"Transport","source":"google_places","google_place_id":"ChIJbQi9XIUrjjMREznWJo4czjc","google_primary_type":"gas_station","google_primary_type_label":"Gas Station","google_types":["gas_station","point_of_interest","service","establishment"],"google_maps_uri":"https://maps.google.com/?cid=4021182914150938899&g_mp=Cilnb29nbGUubWFwcy5wbGFjZXMudjEuUGxhY2VzLlNlYXJjaE5lYXJieRACGAQgAA","google_icon_mask_base_uri":"https://maps.gstatic.com/mapfiles/place_api/icons/v2/gas_pinlet","google_icon_background_color":"#909CE1","formatted_address":"XVJ2+7M5, Bauko, Mountain Province, Philippines","business_status":"OPERATIONAL","rating":5,"user_rating_count":2,"barangay_slug":"abatan","barangay_name":"Abatan"},"geometry":{"type":"Point","coordinates":[120.85173069999999,16.9806284]}},{"type":"Feature","properties":{"name":"Petron","kind":"transport","kind_label":"Transport","source":"google_places","google_place_id":"ChIJb--peYgqjjMR3gnTCBBjlO0","google_primary_type":"gas_station","google_primary_type_label":"Gas Station","google_types":["gas_station","point_of_interest","service","establishment"],"google_maps_uri":"https://maps.google.com/?cid=17119417004060772830&g_mp=Cilnb29nbGUubWFwcy5wbGFjZXMudjEuUGxhY2VzLlNlYXJjaE5lYXJieRACGAQgAA","google_icon_mask_base_uri":"https://maps.gstatic.com/mapfiles/place_api/icons/v2/gas_pinlet","google_icon_background_color":"#909CE1","formatted_address":"XVJ2+FVH, Bauko, Mountain Province, Philippines","business_status":"OPERATIONAL","rating":5,"user_rating_count":3,"barangay_slug":"abatan","barangay_name":"Abatan"},"geometry":{"type":"Point","coordinates":[120.8522242,16.981195700000004]}},{"type":"Feature","properties":{"name":"V-Fuel","kind":"transport","kind_label":"Transport","source":"google_places","google_place_id":"ChIJxVj-BQArjjMRqSZwDWZfdrs","google_primary_type":"gas_station","google_primary_type_label":"Gas Station","google_types":["gas_station","service","point_of_interest","establishment"],"google_maps_uri":"https://maps.google.com/?cid=13508089024261138089&g_mp=Cilnb29nbGUubWFwcy5wbGFjZXMudjEuUGxhY2VzLlNlYXJjaE5lYXJieRACGAQgAA","google_icon_mask_base_uri":"https://maps.gstatic.com/mapfiles/place_api/icons/v2/gas_pinlet","google_icon_background_color":"#909CE1","formatted_address":"XVP6+FG7, Bauko, Mountain Province, Philippines","business_status":"OPERATIONAL","rating":5,"user_rating_count":1,"barangay_slug":"abatan","barangay_name":"Abatan"},"geometry":{"type":"Point","coordinates":[120.8613031,16.986152]}},{"type":"Feature","properties":{"name":"Abatan Bethel Church","kind":"worship","kind_label":"Worship","source":"google_places","google_place_id":"ChIJe7AP_ogqjjMRPltGBpolPB8","google_primary_type":"church","google_primary_type_label":"Church","google_types":["church","place_of_worship","association_or_organization","point_of_interest","establishment"],"google_maps_uri":"https://maps.google.com/?cid=2250715257238870846&g_mp=Cilnb29nbGUubWFwcy5wbGFjZXMudjEuUGxhY2VzLlNlYXJjaE5lYXJieRACGAQgAA","google_icon_mask_base_uri":"https://maps.gstatic.com/mapfiles/place_api/icons/v2/worship_christian_pinlet","google_icon_background_color":"#7B9EB0","formatted_address":"XVM3+96G, Abatan - Bagnen Rd, Abatan, Bauko, 2621 Mountain Province, Philippines","business_status":"OPERATIONAL","rating":null,"user_rating_count":null,"barangay_slug":"abatan","barangay_name":"Abatan"},"geometry":{"type":"Point","coordinates":[120.85308739999999,16.9834464]}},{"type":"Feature","properties":{"name":"Abatan Bible Church","kind":"worship","kind_label":"Worship","source":"google_places","google_place_id":"ChIJ2S-dTH0qjjMReptZSkexJLA","google_primary_type":"church","google_primary_type_label":"Church","google_types":["church","place_of_worship","association_or_organization","point_of_interest","establishment"],"google_maps_uri":"https://maps.google.com/?cid=12692464569585081210&g_mp=Cilnb29nbGUubWFwcy5wbGFjZXMudjEuUGxhY2VzLlNlYXJjaE5lYXJieRACGAQgAA","google_icon_mask_base_uri":"https://maps.gstatic.com/mapfiles/place_api/icons/v2/worship_christian_pinlet","google_icon_background_color":"#7B9EB0","formatted_address":"XRJX+JJ5, Tagudin - Cervantes - Sabangan Rd, Bauko, Mountain Province, Philippines","business_status":"OPERATIONAL","rating":5,"user_rating_count":3,"barangay_slug":"abatan","barangay_name":"Abatan"},"geometry":{"type":"Point","coordinates":[120.84910579999999,16.9815062]}},{"type":"Feature","properties":{"name":"Abatan Bible Church","kind":"worship","kind_label":"Worship","source":"google_places","google_place_id":"ChIJVVVVVYgqjjMRMruDLhQroYM","google_primary_type":"church","google_primary_type_label":"Church","google_types":["church","place_of_worship","association_or_organization","point_of_interest","establishment"],"google_maps_uri":"https://maps.google.com/?cid=9484909655898700594&g_mp=Cilnb29nbGUubWFwcy5wbGFjZXMudjEuUGxhY2VzLlNlYXJjaE5lYXJieRACGAQgAA","google_icon_mask_base_uri":"https://maps.gstatic.com/mapfiles/place_api/icons/v2/worship_christian_pinlet","google_icon_background_color":"#7B9EB0","formatted_address":"Abatan-Bagnen Road, Abatan, XVM3+F43, Bauko, 2621 Mountain Province, Philippines","business_status":"OPERATIONAL","rating":null,"user_rating_count":null,"barangay_slug":"abatan","barangay_name":"Abatan"},"geometry":{"type":"Point","coordinates":[120.8528001,16.983633299999997]}},{"type":"Feature","properties":{"name":"Abatan Christian Fellowship Church","kind":"worship","kind_label":"Worship","source":"google_places","google_place_id":"ChIJkdmXao8qjjMRoiuWwimguwg","google_primary_type":"church","google_primary_type_label":"Church","google_types":["church","place_of_worship","association_or_organization","point_of_interest","establishment"],"google_maps_uri":"https://maps.google.com/?cid=629272674167040930&g_mp=Cidnb29nbGUubWFwcy5wbGFjZXMudjEuUGxhY2VzLlNlYXJjaFRleHQQAhgEIAA","google_icon_mask_base_uri":"https://maps.gstatic.com/mapfiles/place_api/icons/v2/worship_christian_pinlet","google_icon_background_color":"#7B9EB0","formatted_address":"XVJ4+HR7, Mabaay - Guinzadan - Abatan Rd, Bauko, Mountain Province, Philippines","business_status":"OPERATIONAL","rating":null,"user_rating_count":null,"barangay_slug":"abatan","barangay_name":"Abatan"},"geometry":{"type":"Point","coordinates":[120.8570583,16.981424399999998]}},{"type":"Feature","properties":{"name":"Christ The King Church","kind":"worship","kind_label":"Worship","source":"google_places","google_place_id":"ChIJIzsv34gqjjMR1QlDca5kpDk","google_primary_type":"church","google_primary_type_label":"Church","google_types":["church","place_of_worship","association_or_organization","point_of_interest","establishment"],"google_maps_uri":"https://maps.google.com/?cid=4153555456729745877&g_mp=Cilnb29nbGUubWFwcy5wbGFjZXMudjEuUGxhY2VzLlNlYXJjaE5lYXJieRACGAQgAA","google_icon_mask_base_uri":"https://maps.gstatic.com/mapfiles/place_api/icons/v2/worship_christian_pinlet","google_icon_background_color":"#7B9EB0","formatted_address":"XVM3+6RR, Tagudin - Cervantes - Sabangan Rd, Bauko, Mountain Province, Philippines","business_status":"OPERATIONAL","rating":5,"user_rating_count":1,"barangay_slug":"abatan","barangay_name":"Abatan"},"geometry":{"type":"Point","coordinates":[120.85452319999997,16.9831151]}},{"type":"Feature","properties":{"name":"Doling Community Fellowship","kind":"worship","kind_label":"Worship","source":"google_places","google_place_id":"ChIJVVVVVYgqjjMR4-YQA50EPGQ","google_primary_type":"church","google_primary_type_label":"Church","google_types":["church","place_of_worship","association_or_organization","point_of_interest","establishment"],"google_maps_uri":"https://maps.google.com/?cid=7222652974803248867&g_mp=Cilnb29nbGUubWFwcy5wbGFjZXMudjEuUGxhY2VzLlNlYXJjaE5lYXJieRACGAQgAA","google_icon_mask_base_uri":"https://maps.gstatic.com/mapfiles/place_api/icons/v2/worship_christian_pinlet","google_icon_background_color":"#7B9EB0","formatted_address":"Abatan-Bagnen Road, Mayag, Barangay Abatan, XVM3+F43, Bauko, 2621 Mountain Province, Philippines","business_status":"OPERATIONAL","rating":null,"user_rating_count":null,"barangay_slug":"abatan","barangay_name":"Abatan"},"geometry":{"type":"Point","coordinates":[120.8528001,16.983633299999997]}},{"type":"Feature","properties":{"name":"Free Believer's Christian Fellowship Inc.","kind":"worship","kind_label":"Worship","source":"google_places","google_place_id":"ChIJc2k2f5IqjjMRlgEhUReUk0Y","google_primary_type":"church","google_primary_type_label":"Church","google_types":["church","place_of_worship","association_or_organization","point_of_interest","establishment"],"google_maps_uri":"https://maps.google.com/?cid=5085571232097698198&g_mp=Cilnb29nbGUubWFwcy5wbGFjZXMudjEuUGxhY2VzLlNlYXJjaE5lYXJieRACGAQgAA","google_icon_mask_base_uri":"https://maps.gstatic.com/mapfiles/place_api/icons/v2/worship_christian_pinlet","google_icon_background_color":"#7B9EB0","formatted_address":"XVP6+RHV, Tagudin - Cervantes - Sabangan Rd, Bauko, Mountain Province, Philippines","business_status":"OPERATIONAL","rating":null,"user_rating_count":null,"barangay_slug":"abatan","barangay_name":"Abatan"},"geometry":{"type":"Point","coordinates":[120.8614213,16.9871053]}},{"type":"Feature","properties":{"name":"Holy Apostle's Parish","kind":"worship","kind_label":"Worship","source":"google_places","google_place_id":"ChIJzQb8z4cqjjMRO7hy9MBUOrI","google_primary_type":"church","google_primary_type_label":"Church","google_types":["church","place_of_worship","association_or_organization","point_of_interest","establishment"],"google_maps_uri":"https://maps.google.com/?cid=12842670475112003643&g_mp=Cilnb29nbGUubWFwcy5wbGFjZXMudjEuUGxhY2VzLlNlYXJjaE5lYXJieRACGAQgAA","google_icon_mask_base_uri":"https://maps.gstatic.com/mapfiles/place_api/icons/v2/worship_christian_pinlet","google_icon_background_color":"#7B9EB0","formatted_address":"Holy Apostle's Rectory, Tagudin - Cervantes - Sabangan Rd, Bauko, Mountain Province, Philippines","business_status":"OPERATIONAL","rating":5,"user_rating_count":2,"barangay_slug":"abatan","barangay_name":"Abatan"},"geometry":{"type":"Point","coordinates":[120.85213939999998,16.9803097]}},{"type":"Feature","properties":{"name":"Bagnen Oriente","kind":"business","kind_label":"Business","source":"google_places","google_place_id":"ChIJdxZ3-0grjjMR-wJfJymbckY","google_primary_type":null,"google_primary_type_label":null,"google_types":["sublocality_level_2","sublocality","political"],"google_maps_uri":"https://maps.google.com/?cid=5076290331056472827&g_mp=Cidnb29nbGUubWFwcy5wbGFjZXMudjEuUGxhY2VzLlNlYXJjaFRleHQQAhgEIAA","google_icon_mask_base_uri":"https://maps.gstatic.com/mapfiles/place_api/icons/v2/generic_pinlet","google_icon_background_color":"#7B9EB0","formatted_address":"Bagnen Oriente, Bauko, Mountain Province, Philippines","business_status":null,"rating":null,"user_rating_count":null,"barangay_slug":"bagnen-oriente","barangay_name":"Bagnen Oriente"},"geometry":{"type":"Point","coordinates":[120.887746,17.0295913]}},{"type":"Feature","properties":{"name":"Balangkaag","kind":"business","kind_label":"Business","source":"google_places","google_place_id":"ChIJaXEAUwArjjMRkl9z5DucmGc","google_primary_type":"car_repair","google_primary_type_label":"Car repair and maintenance service","google_types":["car_repair","point_of_interest","service","establishment"],"google_maps_uri":"https://maps.google.com/?cid=7464888163416366994&g_mp=Cidnb29nbGUubWFwcy5wbGFjZXMudjEuUGxhY2VzLlNlYXJjaFRleHQQAhgEIAA","google_icon_mask_base_uri":"https://maps.gstatic.com/mapfiles/place_api/icons/v2/generic_pinlet","google_icon_background_color":"#7B9EB0","formatted_address":"2VMV+845, Bagnen - Sabangan Rd, Bauko, Mountain Province, Philippines","business_status":"OPERATIONAL","rating":null,"user_rating_count":null,"barangay_slug":"bagnen-oriente","barangay_name":"Bagnen Oriente"},"geometry":{"type":"Point","coordinates":[120.89286879999999,17.033261]}},{"type":"Feature","properties":{"name":"Bonat Di Ibangnen","kind":"business","kind_label":"Business","source":"google_places","google_place_id":"ChIJ_RIkjrcrjjMRfu8kOJR25j0","google_primary_type":"association_or_organization","google_primary_type_label":"Association / Organization","google_types":["association_or_organization","point_of_interest","service","establishment"],"google_maps_uri":"https://maps.google.com/?cid=4460382859926237054&g_mp=Cidnb29nbGUubWFwcy5wbGFjZXMudjEuUGxhY2VzLlNlYXJjaFRleHQQAhgEIAA","google_icon_mask_base_uri":"https://maps.gstatic.com/mapfiles/place_api/icons/v2/generic_pinlet","google_icon_background_color":"#7B9EB0","formatted_address":"Bagnen Oriente, Bauko, 2616 Mountain Province, Philippines","business_status":"OPERATIONAL","rating":null,"user_rating_count":null,"barangay_slug":"bagnen-oriente","barangay_name":"Bagnen Oriente"},"geometry":{"type":"Point","coordinates":[120.8876717,17.0296205]}},{"type":"Feature","properties":{"name":"Bagnen Oriente Elementary School","kind":"school","kind_label":"School","source":"google_places","google_place_id":"ChIJJWTqrkkrjjMRjdLhEJtNeaU","google_primary_type":"primary_school","google_primary_type_label":"Elementary School","google_types":["primary_school","school","educational_institution","point_of_interest","establishment"],"google_maps_uri":"https://maps.google.com/?cid=11923646816838603405&g_mp=Cilnb29nbGUubWFwcy5wbGFjZXMudjEuUGxhY2VzLlNlYXJjaE5lYXJieRACGAQgAA","google_icon_mask_base_uri":"https://maps.gstatic.com/mapfiles/place_api/icons/v2/school_pinlet","google_icon_background_color":"#7B9EB0","formatted_address":"2VHQ+X3F, Bagnen - Sabangan Rd, Bauko, Mountain Province, Philippines","business_status":"OPERATIONAL","rating":null,"user_rating_count":null,"barangay_slug":"bagnen-oriente","barangay_name":"Bagnen Oriente"},"geometry":{"type":"Point","coordinates":[120.8876753,17.0299403]}},{"type":"Feature","properties":{"name":"Hiker's Nook Homestay","kind":"tourism","kind_label":"Tourism","source":"google_places","google_place_id":"ChIJP6Oz2vYrjjMRGhHOZfzjOi0","google_primary_type":"private_guest_room","google_primary_type_label":"Homestay","google_types":["private_guest_room","lodging","point_of_interest","establishment"],"google_maps_uri":"https://maps.google.com/?cid=3259167953535242522&g_mp=Cilnb29nbGUubWFwcy5wbGFjZXMudjEuUGxhY2VzLlNlYXJjaE5lYXJieRACGAQgAA","google_icon_mask_base_uri":"https://maps.gstatic.com/mapfiles/place_api/icons/v2/hotel_pinlet","google_icon_background_color":"#909CE1","formatted_address":"2VJR+63R, Bauko, Mountain Province, Philippines","business_status":"OPERATIONAL","rating":3.5,"user_rating_count":2,"barangay_slug":"bagnen-oriente","barangay_name":"Bagnen Oriente"},"geometry":{"type":"Point","coordinates":[120.8901274,17.0306015]}},{"type":"Feature","properties":{"name":"Matalaw Spring","kind":"tourism","kind_label":"Tourism","source":"google_places","google_place_id":"ChIJx1PvnRorjjMRLJvy5WVQtDg","google_primary_type":"hiking_area","google_primary_type_label":"Hiking Area","google_types":["hiking_area","sports_activity_location","point_of_interest","establishment"],"google_maps_uri":"https://maps.google.com/?cid=4085979160511683372&g_mp=Cilnb29nbGUubWFwcy5wbGFjZXMudjEuUGxhY2VzLlNlYXJjaE5lYXJieRACGAQgAA","google_icon_mask_base_uri":"https://maps.gstatic.com/mapfiles/place_api/icons/v2/hiking_pinlet","google_icon_background_color":"#4DB546","formatted_address":"2VMR+VC, Bauko, Mountain Province, Philippines","business_status":"OPERATIONAL","rating":4,"user_rating_count":1,"barangay_slug":"bagnen-oriente","barangay_name":"Bagnen Oriente"},"geometry":{"type":"Point","coordinates":[120.8911102,17.0346546]}},{"type":"Feature","properties":{"name":"Toking Viewpoint","kind":"tourism","kind_label":"Tourism","source":"google_places","google_place_id":"ChIJV-t-rTgrjjMR4ofS0VvqxCM","google_primary_type":"hiking_area","google_primary_type_label":"Hiking Area","google_types":["hiking_area","sports_activity_location","point_of_interest","establishment"],"google_maps_uri":"https://maps.google.com/?cid=2577442566845925346&g_mp=Cilnb29nbGUubWFwcy5wbGFjZXMudjEuUGxhY2VzLlNlYXJjaE5lYXJieRACGAQgAA","google_icon_mask_base_uri":"https://maps.gstatic.com/mapfiles/place_api/icons/v2/hiking_pinlet","google_icon_background_color":"#4DB546","formatted_address":"2V9J+PX, Bauko, Mountain Province, Philippines","business_status":"OPERATIONAL","rating":4,"user_rating_count":1,"barangay_slug":"bagnen-oriente","barangay_name":"Bagnen Oriente"},"geometry":{"type":"Point","coordinates":[120.88248189999999,17.019338899999997]}},{"type":"Feature","properties":{"name":"Two Cook","kind":"transport","kind_label":"Transport","source":"google_places","google_place_id":"ChIJg0NC7C8rjjMRYiGKgilw5x8","google_primary_type":"parking_lot","google_primary_type_label":"Parking Lot","google_types":["parking_lot","noodle_shop","parking","transportation_service","service","restaurant","point_of_interest","food","establishment"],"google_maps_uri":"https://maps.google.com/?cid=2298929458381988194&g_mp=Cilnb29nbGUubWFwcy5wbGFjZXMudjEuUGxhY2VzLlNlYXJjaE5lYXJieRACGAQgAA","google_icon_mask_base_uri":"https://maps.gstatic.com/mapfiles/place_api/icons/v2/parking_pinlet","google_icon_background_color":"#7B9EB0","formatted_address":"Bagnen Oriente, Bauko, 2621 Mountain Province, Philippines","business_status":"OPERATIONAL","rating":null,"user_rating_count":null,"barangay_slug":"bagnen-oriente","barangay_name":"Bagnen Oriente"},"geometry":{"type":"Point","coordinates":[120.89276710000001,17.0327919]}},{"type":"Feature","properties":{"name":"Bagnen Anglican Cemetery","kind":"business","kind_label":"Business","source":"google_places","google_place_id":"ChIJAQAAeUUrjjMRIzoWV-HKtQg","google_primary_type":"cemetery","google_primary_type_label":"Cemetery","google_types":["cemetery","service","point_of_interest","establishment"],"google_maps_uri":"https://maps.google.com/?cid=627630792265579043&g_mp=Cilnb29nbGUubWFwcy5wbGFjZXMudjEuUGxhY2VzLlNlYXJjaE5lYXJieRACGAQgAA","google_icon_mask_base_uri":"https://maps.gstatic.com/mapfiles/place_api/icons/v2/cemetery_pinlet","google_icon_background_color":"#7B9EB0","formatted_address":"2VPM+HGF, Bagnen - Sabangan Rd, Bauko, Mountain Province, Philippines","business_status":"OPERATIONAL","rating":null,"user_rating_count":null,"barangay_slug":"bagnen-proper","barangay_name":"Bagnen Proper"},"geometry":{"type":"Point","coordinates":[120.88380519999998,17.036432599999998]}},{"type":"Feature","properties":{"name":"Bagnen Proper","kind":"business","kind_label":"Business","source":"google_places","google_place_id":"ChIJ3-_0BmsrjjMRfFsVxBIiUUk","google_primary_type":null,"google_primary_type_label":null,"google_types":["sublocality_level_2","sublocality","political"],"google_maps_uri":"https://maps.google.com/?cid=5283041301876792188&g_mp=Cidnb29nbGUubWFwcy5wbGFjZXMudjEuUGxhY2VzLlNlYXJjaFRleHQQAhgEIAA","google_icon_mask_base_uri":"https://maps.gstatic.com/mapfiles/place_api/icons/v2/generic_pinlet","google_icon_background_color":"#7B9EB0","formatted_address":"Bagnen Proper, Bauko, Mountain Province, Philippines","business_status":null,"rating":null,"user_rating_count":null,"barangay_slug":"bagnen-proper","barangay_name":"Bagnen Proper"},"geometry":{"type":"Point","coordinates":[120.86999080000001,17.0333169]}},{"type":"Feature","properties":{"name":"Bagnen Proper Barangay Hall","kind":"govt","kind_label":"Government","source":"google_places","google_place_id":"ChIJ77K2n0UrjjMR-QMvJEAjLWY","google_primary_type":"government_office","google_primary_type_label":"Government Office","google_types":["government_office","point_of_interest","establishment"],"google_maps_uri":"https://maps.google.com/?cid=7362579724212569081&g_mp=Cilnb29nbGUubWFwcy5wbGFjZXMudjEuUGxhY2VzLlNlYXJjaE5lYXJieRACGAQgAA","google_icon_mask_base_uri":"https://maps.gstatic.com/mapfiles/place_api/icons/v2/civic-bldg_pinlet","google_icon_background_color":"#7B9EB0","formatted_address":"2VPM+G69, Sabangan Road, Bauko, Mountain Province, Philippines","business_status":"OPERATIONAL","rating":null,"user_rating_count":null,"barangay_slug":"bagnen-proper","barangay_name":"Bagnen Proper"},"geometry":{"type":"Point","coordinates":[120.883098,17.036282399999997]}},{"type":"Feature","properties":{"name":"Church of St. Gregory the Great","kind":"worship","kind_label":"Worship","source":"google_places","google_place_id":"ChIJuxPBm0UrjjMRY0dbsY2qL1M","google_primary_type":"church","google_primary_type_label":"Church","google_types":["church","place_of_worship","association_or_organization","point_of_interest","establishment"],"google_maps_uri":"https://maps.google.com/?cid=5994197154596079459&g_mp=Cilnb29nbGUubWFwcy5wbGFjZXMudjEuUGxhY2VzLlNlYXJjaE5lYXJieRACGAQgAA","google_icon_mask_base_uri":"https://maps.gstatic.com/mapfiles/place_api/icons/v2/worship_christian_pinlet","google_icon_background_color":"#7B9EB0","formatted_address":"2VPJ+GV7, Bauko, Mountain Province, Philippines","business_status":"OPERATIONAL","rating":2.7,"user_rating_count":3,"barangay_slug":"bagnen-proper","barangay_name":"Bagnen Proper"},"geometry":{"type":"Point","coordinates":[120.8821627,17.0362784]}},{"type":"Feature","properties":{"name":"Balintaugan","kind":"business","kind_label":"Business","source":"google_places","google_place_id":"ChIJz8DwhagsjjMRJXqT68O7z9E","google_primary_type":null,"google_primary_type_label":null,"google_types":["sublocality_level_2","sublocality","political"],"google_maps_uri":"https://maps.google.com/?cid=15118508924251372069&g_mp=Cidnb29nbGUubWFwcy5wbGFjZXMudjEuUGxhY2VzLlNlYXJjaFRleHQQAhgEIAA","google_icon_mask_base_uri":"https://maps.gstatic.com/mapfiles/place_api/icons/v2/generic_pinlet","google_icon_background_color":"#7B9EB0","formatted_address":"Balintaugan, Bauko, Mountain Province, Philippines","business_status":null,"rating":null,"user_rating_count":null,"barangay_slug":"balintaugan","barangay_name":"Balintaugan"},"geometry":{"type":"Point","coordinates":[120.87573200000001,17.053416]}},{"type":"Feature","properties":{"name":"Ambatukam's school","kind":"school","kind_label":"School","source":"google_places","google_place_id":"ChIJ7VpeMAAtjjMRR77Uo2zXnMA","google_primary_type":"school","google_primary_type_label":"School","google_types":["school","educational_institution","point_of_interest","establishment"],"google_maps_uri":"https://maps.google.com/?cid=13879205013254094407&g_mp=Cilnb29nbGUubWFwcy5wbGFjZXMudjEuUGxhY2VzLlNlYXJjaE5lYXJieRACGAQgAA","google_icon_mask_base_uri":"https://maps.gstatic.com/mapfiles/place_api/icons/v2/school_pinlet","google_icon_background_color":"#7B9EB0","formatted_address":"3V2H+R5P, Bauko, Mountain Province, Philippines","business_status":"OPERATIONAL","rating":null,"user_rating_count":null,"barangay_slug":"balintaugan","barangay_name":"Balintaugan"},"geometry":{"type":"Point","coordinates":[120.87398800000001,17.050373099999998]}},{"type":"Feature","properties":{"name":"GVH Scientific and Professional Training Institute Co. and Optimates Review Center","kind":"business","kind_label":"Business","source":"google_places","google_place_id":"ChIJG6a3nJMrjjMRNTu9bNYidp8","google_primary_type":null,"google_primary_type_label":null,"google_types":["point_of_interest","establishment"],"google_maps_uri":"https://maps.google.com/?cid=11490409803625085749&g_mp=Cidnb29nbGUubWFwcy5wbGFjZXMudjEuUGxhY2VzLlNlYXJjaFRleHQQAhgEIAA","google_icon_mask_base_uri":"https://maps.gstatic.com/mapfiles/place_api/icons/v2/school_pinlet","google_icon_background_color":"#7B9EB0","formatted_address":"Intersection Going to Banao Elementary School, Baang, Banao, Bauko, 2621 Mountain Province, Philippines","business_status":"OPERATIONAL","rating":5,"user_rating_count":1,"barangay_slug":"banao","barangay_name":"Banao"},"geometry":{"type":"Point","coordinates":[120.8715492,16.9836255]}},{"type":"Feature","properties":{"name":"PAKIL BANAO, LIZARDO RESIDENCE","kind":"business","kind_label":"Business","source":"google_places","google_place_id":"ChIJfXQ-o7srjjMRqpkekRKcxEA","google_primary_type":"travel_agency","google_primary_type_label":"Travel Agency","google_types":["real_estate_agency","travel_agency","service","point_of_interest","establishment"],"google_maps_uri":"https://maps.google.com/?cid=4667026717420722602&g_mp=Cilnb29nbGUubWFwcy5wbGFjZXMudjEuUGxhY2VzLlNlYXJjaE5lYXJieRACGAQgAA","google_icon_mask_base_uri":"https://maps.gstatic.com/mapfiles/place_api/icons/v2/generic_pinlet","google_icon_background_color":"#7B9EB0","formatted_address":"H-37, PAKIL, Banao, Bauko, 2621 Mountain Province, Philippines","business_status":"OPERATIONAL","rating":null,"user_rating_count":null,"barangay_slug":"banao","barangay_name":"Banao"},"geometry":{"type":"Point","coordinates":[120.8751022,16.981386099999998]}},{"type":"Feature","properties":{"name":"Banao National High School","kind":"govt","kind_label":"Government","source":"google_places","google_place_id":"ChIJ94-iUZEqjjMRUCZwYCX-NZo","google_primary_type":"government_office","google_primary_type_label":"Government Office","google_types":["government_office","school","educational_institution","point_of_interest","establishment"],"google_maps_uri":"https://maps.google.com/?cid=11112067092091774544&g_mp=Cilnb29nbGUubWFwcy5wbGFjZXMudjEuUGxhY2VzLlNlYXJjaE5lYXJieRACGAQgAA","google_icon_mask_base_uri":"https://maps.gstatic.com/mapfiles/place_api/icons/v2/school_pinlet","google_icon_background_color":"#7B9EB0","formatted_address":"XV9G+P56, Banao, Bauko, Mountain Province, Philippines","business_status":"OPERATIONAL","rating":null,"user_rating_count":null,"barangay_slug":"banao","barangay_name":"Banao"},"geometry":{"type":"Point","coordinates":[120.875383,16.9692893]}},{"type":"Feature","properties":{"name":"EROS CAFE","kind":"market","kind_label":"Market","source":"google_places","google_place_id":"ChIJy7aJGxvTkTMRUNcInJXfQcw","google_primary_type":"coffee_shop","google_primary_type_label":"Coffee Shop","google_types":["coffee_shop","cafe","food_store","store","point_of_interest","food","establishment"],"google_maps_uri":"https://maps.google.com/?cid=14718290890884437840&g_mp=Cilnb29nbGUubWFwcy5wbGFjZXMudjEuUGxhY2VzLlNlYXJjaE5lYXJieRACGAQgAA","google_icon_mask_base_uri":"https://maps.gstatic.com/mapfiles/place_api/icons/v2/cafe_pinlet","google_icon_background_color":"#FF9E67","formatted_address":"Banao Mangeyba, Bauko, 2621 Mountain Province, Philippines","business_status":"OPERATIONAL","rating":null,"user_rating_count":null,"barangay_slug":"banao","barangay_name":"Banao"},"geometry":{"type":"Point","coordinates":[120.88147300000001,16.973492999999998]}},{"type":"Feature","properties":{"name":"Montañosa Coffee Center","kind":"market","kind_label":"Market","source":"google_places","google_place_id":"ChIJ3TAH6MkrjjMRZzg6ZxQpcl4","google_primary_type":"coffee_shop","google_primary_type_label":"Coffee Shop","google_types":["coffee_shop","cafe","food_store","store","point_of_interest","food","establishment"],"google_maps_uri":"https://maps.google.com/?cid=6805547154518194279&g_mp=Cilnb29nbGUubWFwcy5wbGFjZXMudjEuUGxhY2VzLlNlYXJjaE5lYXJieRACGAQgAA","google_icon_mask_base_uri":"https://maps.gstatic.com/mapfiles/place_api/icons/v2/cafe_pinlet","google_icon_background_color":"#FF9E67","formatted_address":"Ba-ang, Banao, Bauko, 2621 Mountain Province, Philippines","business_status":"OPERATIONAL","rating":null,"user_rating_count":null,"barangay_slug":"banao","barangay_name":"Banao"},"geometry":{"type":"Point","coordinates":[120.87316990000001,16.9841549]}},{"type":"Feature","properties":{"name":"Banao Bauko Mt Province","kind":"school","kind_label":"School","source":"google_places","google_place_id":"ChIJXcwaBqEqjjMR8gL9bbv7hCM","google_primary_type":"primary_school","google_primary_type_label":"Elementary School","google_types":["primary_school","school","educational_institution","point_of_interest","establishment"],"google_maps_uri":"https://maps.google.com/?cid=2559447270676038386&g_mp=Cilnb29nbGUubWFwcy5wbGFjZXMudjEuUGxhY2VzLlNlYXJjaE5lYXJieRACGAQgAA","google_icon_mask_base_uri":"https://maps.gstatic.com/mapfiles/place_api/icons/v2/school_pinlet","google_icon_background_color":"#7B9EB0","formatted_address":"XV9G+V99, Bauko, Mountain Province, Philippines","business_status":"OPERATIONAL","rating":null,"user_rating_count":null,"barangay_slug":"banao","barangay_name":"Banao"},"geometry":{"type":"Point","coordinates":[120.87597579999998,16.969674299999998]}},{"type":"Feature","properties":{"name":"MPSPC","kind":"school","kind_label":"School","source":"google_places","google_place_id":"ChIJLZrzEL4qjjMRF7kfcoESe40","google_primary_type":"university","google_primary_type_label":"College","google_types":["university","educational_institution","point_of_interest","establishment"],"google_maps_uri":"https://maps.google.com/?cid=10194762528658012439&g_mp=Cilnb29nbGUubWFwcy5wbGFjZXMudjEuUGxhY2VzLlNlYXJjaE5lYXJieRACGAQgAA","google_icon_mask_base_uri":"https://maps.gstatic.com/mapfiles/place_api/icons/v2/school_pinlet","google_icon_background_color":"#7B9EB0","formatted_address":"MPSPC Baang Compound, Tagudin - Cervantes - Sabangan Rd, Bauko, Mountain Province, Philippines","business_status":"OPERATIONAL","rating":4,"user_rating_count":3,"barangay_slug":"banao","barangay_name":"Banao"},"geometry":{"type":"Point","coordinates":[120.8736153,16.9834832]}},{"type":"Feature","properties":{"name":"Gawec Tree Farm Heritage","kind":"tourism","kind_label":"Tourism","source":"google_places","google_place_id":"ChIJGe2keoIrjjMRc5r0WgGRJ8c","google_primary_type":"park","google_primary_type_label":"Park","google_types":["park","point_of_interest","establishment"],"google_maps_uri":"https://maps.google.com/?cid=14350598172646349427&g_mp=Cilnb29nbGUubWFwcy5wbGFjZXMudjEuUGxhY2VzLlNlYXJjaE5lYXJieRACGAQgAA","google_icon_mask_base_uri":"https://maps.gstatic.com/mapfiles/place_api/icons/v2/tree_pinlet","google_icon_background_color":"#4DB546","formatted_address":"XVCG+CH8, Banao, Bauko, Mountain Province, Philippines","business_status":"OPERATIONAL","rating":5,"user_rating_count":1,"barangay_slug":"banao","barangay_name":"Banao"},"geometry":{"type":"Point","coordinates":[120.87644970000001,16.9710426]}},{"type":"Feature","properties":{"name":"Assembly of god","kind":"worship","kind_label":"Worship","source":"google_places","google_place_id":"ChIJifuywqMqjjMRqMim0QF1qFU","google_primary_type":"church","google_primary_type_label":"Church","google_types":["church","place_of_worship","association_or_organization","point_of_interest","establishment"],"google_maps_uri":"https://maps.google.com/?cid=6172311939984050344&g_mp=Cilnb29nbGUubWFwcy5wbGFjZXMudjEuUGxhY2VzLlNlYXJjaE5lYXJieRACGAQgAA","google_icon_mask_base_uri":"https://maps.gstatic.com/mapfiles/place_api/icons/v2/worship_christian_pinlet","google_icon_background_color":"#7B9EB0","formatted_address":"XVCG+WR5, Bauko, Mountain Province, Philippines","business_status":"OPERATIONAL","rating":3,"user_rating_count":1,"barangay_slug":"banao","barangay_name":"Banao"},"geometry":{"type":"Point","coordinates":[120.8771084,16.9722689]}},{"type":"Feature","properties":{"name":"Banao Roman Catholic Church","kind":"worship","kind_label":"Worship","source":"google_places","google_place_id":"ChIJA20zRaIqjjMRMssdNTJQjH4","google_primary_type":"church","google_primary_type_label":"Church","google_types":["church","place_of_worship","association_or_organization","point_of_interest","establishment"],"google_maps_uri":"https://maps.google.com/?cid=9118751522088143666&g_mp=Cilnb29nbGUubWFwcy5wbGFjZXMudjEuUGxhY2VzLlNlYXJjaE5lYXJieRACGAQgAA","google_icon_mask_base_uri":"https://maps.gstatic.com/mapfiles/place_api/icons/v2/worship_christian_pinlet","google_icon_background_color":"#7B9EB0","formatted_address":"XVFF+HXC, Bauko, Mountain Province, Philippines","business_status":"OPERATIONAL","rating":4.5,"user_rating_count":4,"barangay_slug":"banao","barangay_name":"Banao"},"geometry":{"type":"Point","coordinates":[120.87489719999998,16.973926199999998]}},{"type":"Feature","properties":{"name":"Lutheran Church","kind":"worship","kind_label":"Worship","source":"google_places","google_place_id":"ChIJ21jaVaEqjjMRwwQPKZskA5Q","google_primary_type":"church","google_primary_type_label":"Church","google_types":["church","place_of_worship","association_or_organization","point_of_interest","establishment"],"google_maps_uri":"https://maps.google.com/?cid=10665408591370847427&g_mp=Cilnb29nbGUubWFwcy5wbGFjZXMudjEuUGxhY2VzLlNlYXJjaE5lYXJieRACGAQgAA","google_icon_mask_base_uri":"https://maps.gstatic.com/mapfiles/place_api/icons/v2/worship_christian_pinlet","google_icon_background_color":"#7B9EB0","formatted_address":"XVCH+G79, Bauko, Mountain Province, Philippines","business_status":"OPERATIONAL","rating":3,"user_rating_count":1,"barangay_slug":"banao","barangay_name":"Banao"},"geometry":{"type":"Point","coordinates":[120.87824509999999,16.971295599999998]}},{"type":"Feature","properties":{"name":"Apapen's Corner","kind":"business","kind_label":"Business","source":"google_places","google_place_id":"ChIJTZhTogErjjMRD0Tex26sIG0","google_primary_type":"restaurant","google_primary_type_label":"Restaurant","google_types":["restaurant","point_of_interest","food","establishment"],"google_maps_uri":"https://maps.google.com/?cid=7863474541188498447&g_mp=Cilnb29nbGUubWFwcy5wbGFjZXMudjEuUGxhY2VzLlNlYXJjaE5lYXJieRACGAQgAA","google_icon_mask_base_uri":"https://maps.gstatic.com/mapfiles/place_api/icons/v2/restaurant_pinlet","google_icon_background_color":"#FF9E67","formatted_address":"Pak-as, Otucan Sur, Bauko, 2621 Mountain Province, Philippines","business_status":"OPERATIONAL","rating":null,"user_rating_count":null,"barangay_slug":"bila","barangay_name":"Bila (Bua)"},"geometry":{"type":"Point","coordinates":[120.8792905,17.0000768]}},{"type":"Feature","properties":{"name":"Bila Barangay Hall","kind":"business","kind_label":"Business","source":"google_places","google_place_id":"ChIJFfaSKt8qjjMReRiWVX277jE","google_primary_type":"event_venue","google_primary_type_label":"Event Venue","google_types":["event_venue","point_of_interest","establishment"],"google_maps_uri":"https://maps.google.com/?cid=3598019299296811129&g_mp=Cidnb29nbGUubWFwcy5wbGFjZXMudjEuUGxhY2VzLlNlYXJjaFRleHQQAhgEIAA","google_icon_mask_base_uri":"https://maps.gstatic.com/mapfiles/place_api/icons/v2/generic_pinlet","google_icon_background_color":"#7B9EB0","formatted_address":"2V4H+79G, Bila - Otucan Road, Bauko, Mountain Province, Philippines","business_status":"OPERATIONAL","rating":4.3,"user_rating_count":19,"barangay_slug":"bila","barangay_name":"Bila (Bua)"},"geometry":{"type":"Point","coordinates":[120.87846209999998,17.005697100000003]}},{"type":"Feature","properties":{"name":"𝑩𝒊𝒍𝒂 𝒃𝒂𝒖𝒌𝒐","kind":"business","kind_label":"Business","source":"google_places","google_place_id":"ChIJ55CMCPErjjMRou3C4jjxyIg","google_primary_type":"housing_complex","google_primary_type_label":"Housing Complex","google_types":["housing_complex","service","point_of_interest","establishment"],"google_maps_uri":"https://maps.google.com/?cid=9856393011125218722&g_mp=Cidnb29nbGUubWFwcy5wbGFjZXMudjEuUGxhY2VzLlNlYXJjaFRleHQQAhgEIAA","google_icon_mask_base_uri":"https://maps.gstatic.com/mapfiles/place_api/icons/v2/generic_pinlet","google_icon_background_color":"#7B9EB0","formatted_address":"2V4H+5XV, Bauko, Mountain Province, Philippines","business_status":"OPERATIONAL","rating":null,"user_rating_count":null,"barangay_slug":"bila","barangay_name":"Bila (Bua)"},"geometry":{"type":"Point","coordinates":[120.8799257,17.005491199999998]}},{"type":"Feature","properties":{"name":"Bila Community Cemetery","kind":"business","kind_label":"Business","source":"google_places","google_place_id":"ChIJecaPtdgqjjMRwLFJ-DljYR4","google_primary_type":"cemetery","google_primary_type_label":"Cemetery","google_types":["cemetery","service","point_of_interest","establishment"],"google_maps_uri":"https://maps.google.com/?cid=2189139994508636608&g_mp=Cilnb29nbGUubWFwcy5wbGFjZXMudjEuUGxhY2VzLlNlYXJjaE5lYXJieRACGAQgAA","google_icon_mask_base_uri":"https://maps.gstatic.com/mapfiles/place_api/icons/v2/cemetery_pinlet","google_icon_background_color":"#7B9EB0","formatted_address":"2V4H+PGW, Kebasan, Bauko, Mountain Province, Philippines","business_status":"OPERATIONAL","rating":null,"user_rating_count":null,"barangay_slug":"bila","barangay_name":"Bila (Bua)"},"geometry":{"type":"Point","coordinates":[120.8788347,17.0068678]}},{"type":"Feature","properties":{"name":"Bila Open Gym","kind":"business","kind_label":"Business","source":"google_places","google_place_id":"ChIJhX_Jy9gqjjMRlV44hXusXv4","google_primary_type":null,"google_primary_type_label":null,"google_types":["premise","street_address"],"google_maps_uri":"https://maps.google.com/?cid=18329277179960516245&g_mp=Cidnb29nbGUubWFwcy5wbGFjZXMudjEuUGxhY2VzLlNlYXJjaFRleHQQAhgEIAA","google_icon_mask_base_uri":"https://maps.gstatic.com/mapfiles/place_api/icons/v2/generic_pinlet","google_icon_background_color":"#7B9EB0","formatted_address":"Bila Open Gym, Bila - Otucan Road, Bauko, Mountain Province, Philippines","business_status":null,"rating":null,"user_rating_count":null,"barangay_slug":"bila","barangay_name":"Bila (Bua)"},"geometry":{"type":"Point","coordinates":[120.87891649999999,17.0066112]}},{"type":"Feature","properties":{"name":"jordyn's variety store","kind":"business","kind_label":"Business","source":"google_places","google_place_id":"ChIJaebWdAArjjMR0CmdMRIqoQU","google_primary_type":"store","google_primary_type_label":"Store","google_types":["point_of_interest","home_goods_store","store","supplier","manufacturer","establishment"],"google_maps_uri":"https://maps.google.com/?cid=405651699070216656&g_mp=Cilnb29nbGUubWFwcy5wbGFjZXMudjEuUGxhY2VzLlNlYXJjaE5lYXJieRACGAQgAA","google_icon_mask_base_uri":"https://maps.gstatic.com/mapfiles/place_api/icons/v2/shopping_pinlet","google_icon_background_color":"#4B96F3","formatted_address":"Bila (Bua), Bauko, Mountain Province, Philippines","business_status":"OPERATIONAL","rating":null,"user_rating_count":null,"barangay_slug":"bila","barangay_name":"Bila (Bua)"},"geometry":{"type":"Point","coordinates":[120.87845449999999,17.005538299999998]}},{"type":"Feature","properties":{"name":"Ylang's Snack House","kind":"business","kind_label":"Business","source":"google_places","google_place_id":"ChIJm0-kdt0rjjMRxz-e0_Lvi9Y","google_primary_type":"restaurant","google_primary_type_label":"Restaurant","google_types":["restaurant","point_of_interest","food","establishment"],"google_maps_uri":"https://maps.google.com/?cid=15459713972090847175&g_mp=Cilnb29nbGUubWFwcy5wbGFjZXMudjEuUGxhY2VzLlNlYXJjaE5lYXJieRACGAQgAA","google_icon_mask_base_uri":"https://maps.gstatic.com/mapfiles/place_api/icons/v2/restaurant_pinlet","google_icon_background_color":"#FF9E67","formatted_address":"Bila (Bua, Bauko, Mountain Province, Philippines","business_status":"OPERATIONAL","rating":null,"user_rating_count":null,"barangay_slug":"bila","barangay_name":"Bila (Bua)"},"geometry":{"type":"Point","coordinates":[120.8671201,17.0153702]}},{"type":"Feature","properties":{"name":"Kebasan Cafe","kind":"market","kind_label":"Market","source":"google_places","google_place_id":"ChIJV2gCLQArjjMRCqHAUs8CDaw","google_primary_type":"coffee_shop","google_primary_type_label":"Coffee Shop","google_types":["coffee_shop","cafe","food_store","store","point_of_interest","food","establishment"],"google_maps_uri":"https://maps.google.com/?cid=12397568438690685194&g_mp=Cilnb29nbGUubWFwcy5wbGFjZXMudjEuUGxhY2VzLlNlYXJjaE5lYXJieRACGAQgAA","google_icon_mask_base_uri":"https://maps.gstatic.com/mapfiles/place_api/icons/v2/cafe_pinlet","google_icon_background_color":"#FF9E67","formatted_address":"Kebasan, 2V4J+827, Bila - Otucan Road, Bauko, Mountain Province, Philippines","business_status":"OPERATIONAL","rating":5,"user_rating_count":3,"barangay_slug":"bila","barangay_name":"Bila (Bua)"},"geometry":{"type":"Point","coordinates":[120.8800409,17.0057977]}},{"type":"Feature","properties":{"name":"Bila Elementary School","kind":"school","kind_label":"School","source":"google_places","google_place_id":"ChIJWTW7ztgqjjMRy22cEIkSCiY","google_primary_type":"primary_school","google_primary_type_label":"Elementary School","google_types":["primary_school","school","educational_institution","point_of_interest","establishment"],"google_maps_uri":"https://maps.google.com/?cid=2741023703106874827&g_mp=Cidnb29nbGUubWFwcy5wbGFjZXMudjEuUGxhY2VzLlNlYXJjaFRleHQQAhgEIAA","google_icon_mask_base_uri":"https://maps.gstatic.com/mapfiles/place_api/icons/v2/school_pinlet","google_icon_background_color":"#7B9EB0","formatted_address":"2V4H+GHR, Bauko, Mountain Province, Philippines","business_status":"CLOSED_PERMANENTLY","rating":null,"user_rating_count":null,"barangay_slug":"bila","barangay_name":"Bila (Bua)"},"geometry":{"type":"Point","coordinates":[120.878898,17.0063662]}},{"type":"Feature","properties":{"name":"Iyaman Farm","kind":"tourism","kind_label":"Tourism","source":"google_places","google_place_id":"ChIJTZdTB78rjjMR5KpzobOlcWU","google_primary_type":"hiking_area","google_primary_type_label":"Hiking Area","google_types":["hiking_area","sports_activity_location","point_of_interest","establishment"],"google_maps_uri":"https://maps.google.com/?cid=7309805861125466852&g_mp=Cilnb29nbGUubWFwcy5wbGFjZXMudjEuUGxhY2VzLlNlYXJjaE5lYXJieRACGAQgAA","google_icon_mask_base_uri":"https://maps.gstatic.com/mapfiles/place_api/icons/v2/hiking_pinlet","google_icon_background_color":"#4DB546","formatted_address":"Sanguan, Bauko, Mountain Province, Philippines","business_status":"OPERATIONAL","rating":4.8,"user_rating_count":24,"barangay_slug":"bila","barangay_name":"Bila (Bua)"},"geometry":{"type":"Point","coordinates":[120.8734696,17.012940399999998]}},{"type":"Feature","properties":{"name":"IYAMAN FARM NEAR SAGADA MOUNTAIN PROVINCE, PH - Double Room With Mountain View","kind":"tourism","kind_label":"Tourism","source":"google_places","google_place_id":"ChIJ366p2yErjjMRoFLaHYdPCts","google_primary_type":"lodging","google_primary_type_label":"Lodging","google_types":["lodging","point_of_interest","establishment"],"google_maps_uri":"https://maps.google.com/?cid=15783515285813351072&g_mp=Cilnb29nbGUubWFwcy5wbGFjZXMudjEuUGxhY2VzLlNlYXJjaE5lYXJieRACGAQgAA","google_icon_mask_base_uri":"https://maps.gstatic.com/mapfiles/place_api/icons/v2/hotel_pinlet","google_icon_background_color":"#909CE1","formatted_address":"Bauko, Mountain Province, Philippines","business_status":"OPERATIONAL","rating":null,"user_rating_count":null,"barangay_slug":"bila","barangay_name":"Bila (Bua)"},"geometry":{"type":"Point","coordinates":[120.87339019999997,17.0125408]}},{"type":"Feature","properties":{"name":"Iyaman farm, Palace of the Gods, Rice terraces,Pottery","kind":"tourism","kind_label":"Tourism","source":"google_places","google_place_id":"ChIJSyy4RAArjjMRemoxmzyT7xg","google_primary_type":"tourist_attraction","google_primary_type_label":"Tourist Attraction","google_types":["tourist_attraction","point_of_interest","establishment"],"google_maps_uri":"https://maps.google.com/?cid=1796816664855145082&g_mp=Cilnb29nbGUubWFwcy5wbGFjZXMudjEuUGxhY2VzLlNlYXJjaE5lYXJieRACGAQgAA","google_icon_mask_base_uri":"https://maps.gstatic.com/mapfiles/place_api/icons/v2/generic_pinlet","google_icon_background_color":"#13B5C7","formatted_address":"2V88+4RX Bila (Bua, Bauko, Mountain Province, Philippines","business_status":"OPERATIONAL","rating":null,"user_rating_count":null,"barangay_slug":"bila","barangay_name":"Bila (Bua)"},"geometry":{"type":"Point","coordinates":[120.8671201,17.0153702]}},{"type":"Feature","properties":{"name":"Soyosoyan Pueblo, Bila Bauko, Mountain Province","kind":"tourism","kind_label":"Tourism","source":"google_places","google_place_id":"ChIJa0YC1t8qjjMRXhbC4NvB04k","google_primary_type":"lodging","google_primary_type_label":"Lodging","google_types":["lodging","point_of_interest","establishment"],"google_maps_uri":"https://maps.google.com/?cid=9931494753394890334&g_mp=Cilnb29nbGUubWFwcy5wbGFjZXMudjEuUGxhY2VzLlNlYXJjaE5lYXJieRACGAQgAA","google_icon_mask_base_uri":"https://maps.gstatic.com/mapfiles/place_api/icons/v2/hotel_pinlet","google_icon_background_color":"#909CE1","formatted_address":"2V4C+, Bauko, Mountain Province, Philippines","business_status":"OPERATIONAL","rating":null,"user_rating_count":null,"barangay_slug":"bila","barangay_name":"Bila (Bua)"},"geometry":{"type":"Point","coordinates":[120.87206870000001,17.0074178]}},{"type":"Feature","properties":{"name":"Tuyakap","kind":"tourism","kind_label":"Tourism","source":"google_places","google_place_id":"ChIJEfP_JgArjjMRn43Lmx3vHPs","google_primary_type":"hiking_area","google_primary_type_label":"Hiking Area","google_types":["hiking_area","sports_activity_location","point_of_interest","establishment"],"google_maps_uri":"https://maps.google.com/?cid=18094600313314708895&g_mp=Cilnb29nbGUubWFwcy5wbGFjZXMudjEuUGxhY2VzLlNlYXJjaE5lYXJieRACGAQgAA","google_icon_mask_base_uri":"https://maps.gstatic.com/mapfiles/place_api/icons/v2/hiking_pinlet","google_icon_background_color":"#4DB546","formatted_address":"2V5F+8G, Bauko, Mountain Province, Philippines","business_status":"OPERATIONAL","rating":null,"user_rating_count":null,"barangay_slug":"bila","barangay_name":"Bila (Bua)"},"geometry":{"type":"Point","coordinates":[120.87381619999998,17.008326699999998]}},{"type":"Feature","properties":{"name":"Sacred Heart of Jesus Church","kind":"worship","kind_label":"Worship","source":"google_places","google_place_id":"ChIJg8YK0dgqjjMRHGtQSVpPkJg","google_primary_type":"church","google_primary_type_label":"Church","google_types":["church","place_of_worship","association_or_organization","point_of_interest","establishment"],"google_maps_uri":"https://maps.google.com/?cid=10993373939607038748&g_mp=Cilnb29nbGUubWFwcy5wbGFjZXMudjEuUGxhY2VzLlNlYXJjaE5lYXJieRACGAQgAA","google_icon_mask_base_uri":"https://maps.gstatic.com/mapfiles/place_api/icons/v2/worship_christian_pinlet","google_icon_background_color":"#7B9EB0","formatted_address":"2V4H+9JM, Bila - Otucan Road, Bauko, Mountain Province, Philippines","business_status":"OPERATIONAL","rating":4.6,"user_rating_count":5,"barangay_slug":"bila","barangay_name":"Bila (Bua)"},"geometry":{"type":"Point","coordinates":[120.8790547,17.005968499999998]}},{"type":"Feature","properties":{"name":"St. John the Evangelist Church","kind":"worship","kind_label":"Worship","source":"google_places","google_place_id":"ChIJdbMp6dgqjjMRBbQ791IFoVU","google_primary_type":"church","google_primary_type_label":"Church","google_types":["church","place_of_worship","association_or_organization","point_of_interest","establishment"],"google_maps_uri":"https://maps.google.com/?cid=6170218818367632389&g_mp=Cilnb29nbGUubWFwcy5wbGFjZXMudjEuUGxhY2VzLlNlYXJjaE5lYXJieRACGAQgAA","google_icon_mask_base_uri":"https://maps.gstatic.com/mapfiles/place_api/icons/v2/worship_christian_pinlet","google_icon_background_color":"#7B9EB0","formatted_address":"2V4J+C4Q, Kebasan, Bauko, Mountain Province, Philippines","business_status":"OPERATIONAL","rating":4,"user_rating_count":2,"barangay_slug":"bila","barangay_name":"Bila (Bua)"},"geometry":{"type":"Point","coordinates":[120.88036360000001,17.006088]}},{"type":"Feature","properties":{"name":"5js metal fabrication","kind":"business","kind_label":"Business","source":"google_places","google_place_id":"ChIJ4Rh2uzrVkTMRoTa8inoMllU","google_primary_type":"service","google_primary_type_label":"Services","google_types":["service","point_of_interest","establishment"],"google_maps_uri":"https://maps.google.com/?cid=6167130460183606945&g_mp=Cidnb29nbGUubWFwcy5wbGFjZXMudjEuUGxhY2VzLlNlYXJjaFRleHQQAhgEIAA","google_icon_mask_base_uri":"https://maps.gstatic.com/mapfiles/place_api/icons/v2/generic_pinlet","google_icon_background_color":"#7B9EB0","formatted_address":"Mabaay - Guinzadan - Abatan Rd, Bauko, Mountain Province, Philippines","business_status":"OPERATIONAL","rating":null,"user_rating_count":null,"barangay_slug":"guinzadan-central","barangay_name":"Guinzadan Central"},"geometry":{"type":"Point","coordinates":[120.86039549999998,16.967993099999997]}},{"type":"Feature","properties":{"name":"A's Bistro","kind":"business","kind_label":"Business","source":"google_places","google_place_id":"ChIJqVBnP1rVkTMRUeYYTTnZoFE","google_primary_type":"bistro","google_primary_type_label":"Bistro","google_types":["bistro","bar","restaurant","point_of_interest","food","establishment"],"google_maps_uri":"https://maps.google.com/?cid=5881939953475708497&g_mp=Cilnb29nbGUubWFwcy5wbGFjZXMudjEuUGxhY2VzLlNlYXJjaE5lYXJieRACGAQgAA","google_icon_mask_base_uri":"https://maps.gstatic.com/mapfiles/place_api/icons/v2/restaurant_pinlet","google_icon_background_color":"#FF9E67","formatted_address":"Sugo, Bauko, 2621 Mountain Province, Philippines","business_status":"OPERATIONAL","rating":null,"user_rating_count":null,"barangay_slug":"guinzadan-central","barangay_name":"Guinzadan Central"},"geometry":{"type":"Point","coordinates":[120.8585076,16.9667992]}},{"type":"Feature","properties":{"name":"ChaTea","kind":"business","kind_label":"Business","source":"google_places","google_place_id":"ChIJV18Xb1vVkTMR374ZFYj2svw","google_primary_type":"cafe","google_primary_type_label":"Cafe","google_types":["cafe","point_of_interest","food","establishment"],"google_maps_uri":"https://maps.google.com/?cid=18208887307742330591&g_mp=Cilnb29nbGUubWFwcy5wbGFjZXMudjEuUGxhY2VzLlNlYXJjaE5lYXJieRACGAQgAA","google_icon_mask_base_uri":"https://maps.gstatic.com/mapfiles/place_api/icons/v2/cafe_pinlet","google_icon_background_color":"#FF9E67","formatted_address":"Guinzadan Central, Bauko, 2621 Mountain Province, Philippines","business_status":"OPERATIONAL","rating":null,"user_rating_count":null,"barangay_slug":"guinzadan-central","barangay_name":"Guinzadan Central"},"geometry":{"type":"Point","coordinates":[120.86701670000001,16.9635039]}},{"type":"Feature","properties":{"name":"Dalingay's Cafe and Resto","kind":"business","kind_label":"Business","source":"google_places","google_place_id":"ChIJu_u9DAArjjMRIpc0p2m9q1M","google_primary_type":"family_restaurant","google_primary_type_label":"Family Restaurant","google_types":["family_restaurant","restaurant","point_of_interest","food","establishment"],"google_maps_uri":"https://maps.google.com/?cid=6029120787639998242&g_mp=Cilnb29nbGUubWFwcy5wbGFjZXMudjEuUGxhY2VzLlNlYXJjaE5lYXJieRACGAQgAA","google_icon_mask_base_uri":"https://maps.gstatic.com/mapfiles/place_api/icons/v2/restaurant_pinlet","google_icon_background_color":"#FF9E67","formatted_address":"XVC5+3P7, Mabaay - Guinzadan - Abatan Rd, Bauko, Mountain Province, Philippines","business_status":"OPERATIONAL","rating":5,"user_rating_count":1,"barangay_slug":"guinzadan-central","barangay_name":"Guinzadan Central"},"geometry":{"type":"Point","coordinates":[120.85930649999999,16.9701572]}},{"type":"Feature","properties":{"name":"Guinzadan Central","kind":"business","kind_label":"Business","source":"google_places","google_place_id":"ChIJGcA-MHzVkTMRGa0QFXq7Yug","google_primary_type":null,"google_primary_type_label":null,"google_types":["sublocality_level_2","sublocality","political"],"google_maps_uri":"https://maps.google.com/?cid=16745152497530744089&g_mp=Cidnb29nbGUubWFwcy5wbGFjZXMudjEuUGxhY2VzLlNlYXJjaFRleHQQAhgEIAA","google_icon_mask_base_uri":"https://maps.gstatic.com/mapfiles/place_api/icons/v2/generic_pinlet","google_icon_background_color":"#7B9EB0","formatted_address":"Guinzadan Central, Bauko, Mountain Province, Philippines","business_status":null,"rating":null,"user_rating_count":null,"barangay_slug":"guinzadan-central","barangay_name":"Guinzadan Central"},"geometry":{"type":"Point","coordinates":[120.8585076,16.9667992]}},{"type":"Feature","properties":{"name":"GUSLAB RESIDENCE","kind":"business","kind_label":"Business","source":"google_places","google_place_id":"ChIJ03703yHVkTMRnp-VK6qmSds","google_primary_type":"apartment_building","google_primary_type_label":"Apartment Building","google_types":["apartment_building","service","point_of_interest","establishment"],"google_maps_uri":"https://maps.google.com/?cid=15801344017411973022&g_mp=Cidnb29nbGUubWFwcy5wbGFjZXMudjEuUGxhY2VzLlNlYXJjaFRleHQQAhgEIAA","google_icon_mask_base_uri":"https://maps.gstatic.com/mapfiles/place_api/icons/v2/generic_pinlet","google_icon_background_color":"#7B9EB0","formatted_address":"XV85+6C4, Cagubatan Road, Bauko, Mountain Province, Philippines","business_status":"OPERATIONAL","rating":null,"user_rating_count":null,"barangay_slug":"guinzadan-central","barangay_name":"Guinzadan Central"},"geometry":{"type":"Point","coordinates":[120.858568,16.965518799999998]}},{"type":"Feature","properties":{"name":"Inabe Weaving and Textiles","kind":"business","kind_label":"Business","source":"google_places","google_place_id":"ChIJXzMh1XzVkTMRZJGMN8paEQU","google_primary_type":"store","google_primary_type_label":"Store","google_types":["store","point_of_interest","establishment"],"google_maps_uri":"https://maps.google.com/?cid=365172869355573604&g_mp=Cilnb29nbGUubWFwcy5wbGFjZXMudjEuUGxhY2VzLlNlYXJjaE5lYXJieRACGAQgAA","google_icon_mask_base_uri":"https://maps.gstatic.com/mapfiles/place_api/icons/v2/shopping_pinlet","google_icon_background_color":"#4B96F3","formatted_address":"XV86+FG7, Cagubatan Road, Bauko, Mountain Province, Philippines","business_status":"OPERATIONAL","rating":3.3,"user_rating_count":4,"barangay_slug":"guinzadan-central","barangay_name":"Guinzadan Central"},"geometry":{"type":"Point","coordinates":[120.8613034,16.9661612]}},{"type":"Feature","properties":{"name":"SHANREX Consumer Goods Trading - Guinzadan","kind":"business","kind_label":"Business","source":"google_places","google_place_id":"ChIJeX6CITPVkTMRnaVEIhwl0PI","google_primary_type":"store","google_primary_type_label":"Store","google_types":["store","point_of_interest","establishment"],"google_maps_uri":"https://maps.google.com/?cid=17496525355098613149&g_mp=Cilnb29nbGUubWFwcy5wbGFjZXMudjEuUGxhY2VzLlNlYXJjaE5lYXJieRACGAQgAA","google_icon_mask_base_uri":"https://maps.gstatic.com/mapfiles/place_api/icons/v2/shopping_pinlet","google_icon_background_color":"#4B96F3","formatted_address":"Guinzadan Central, Bauko, 2621 Mountain Province, Philippines","business_status":"OPERATIONAL","rating":null,"user_rating_count":null,"barangay_slug":"guinzadan-central","barangay_name":"Guinzadan Central"},"geometry":{"type":"Point","coordinates":[120.8638417,16.964362299999998]}},{"type":"Feature","properties":{"name":"Sweet Creation Guinzadan Central","kind":"business","kind_label":"Business","source":"google_places","google_place_id":"ChIJhRlKKu3VkTMRQK_KPTJxvBo","google_primary_type":"cafe","google_primary_type_label":"Cafe","google_types":["cafe","point_of_interest","food","establishment"],"google_maps_uri":"https://maps.google.com/?cid=1926539201206726464&g_mp=Cilnb29nbGUubWFwcy5wbGFjZXMudjEuUGxhY2VzLlNlYXJjaE5lYXJieRACGAQgAA","google_icon_mask_base_uri":"https://maps.gstatic.com/mapfiles/place_api/icons/v2/cafe_pinlet","google_icon_background_color":"#FF9E67","formatted_address":"XV77+RHX, Bauko, 2621 Mountain Province, Philippines","business_status":"OPERATIONAL","rating":5,"user_rating_count":3,"barangay_slug":"guinzadan-central","barangay_name":"Guinzadan Central"},"geometry":{"type":"Point","coordinates":[120.86397239999998,16.964624099999998]}},{"type":"Feature","properties":{"name":"Thumbayan","kind":"business","kind_label":"Business","source":"google_places","google_place_id":"ChIJUzQUHdvVkTMRIigrJjkEX7k","google_primary_type":"restaurant","google_primary_type_label":"Restaurant","google_types":["restaurant","point_of_interest","food","establishment"],"google_maps_uri":"https://maps.google.com/?cid=13357399663304189986&g_mp=Cilnb29nbGUubWFwcy5wbGFjZXMudjEuUGxhY2VzLlNlYXJjaE5lYXJieRACGAQgAA","google_icon_mask_base_uri":"https://maps.gstatic.com/mapfiles/place_api/icons/v2/restaurant_pinlet","google_icon_background_color":"#FF9E67","formatted_address":"XV85+PC6, Bauko, Mountain Province, Philippines","business_status":"OPERATIONAL","rating":null,"user_rating_count":null,"barangay_slug":"guinzadan-central","barangay_name":"Guinzadan Central"},"geometry":{"type":"Point","coordinates":[120.8585076,16.9667992]}},{"type":"Feature","properties":{"name":"Guinzadan National High School","kind":"govt","kind_label":"Government","source":"google_places","google_place_id":"ChIJYRiohBPVkTMRWw-1c3CQgIc","google_primary_type":"government_office","google_primary_type_label":"Government Office","google_types":["government_office","school","educational_institution","point_of_interest","establishment"],"google_maps_uri":"https://maps.google.com/?cid=9763962804791218011&g_mp=Cilnb29nbGUubWFwcy5wbGFjZXMudjEuUGxhY2VzLlNlYXJjaE5lYXJieRACGAQgAA","google_icon_mask_base_uri":"https://maps.gstatic.com/mapfiles/place_api/icons/v2/school_pinlet","google_icon_background_color":"#7B9EB0","formatted_address":"XV77+CMC, Bauko, Mountain Province, Philippines","business_status":"OPERATIONAL","rating":null,"user_rating_count":null,"barangay_slug":"guinzadan-central","barangay_name":"Guinzadan Central"},"geometry":{"type":"Point","coordinates":[120.86413829999998,16.9635605]}},{"type":"Feature","properties":{"name":"Lucia Gawaban's Store","kind":"market","kind_label":"Market","source":"google_places","google_place_id":"ChIJecCKPwDVkTMRrHDkpTPOLXo","google_primary_type":"general_store","google_primary_type_label":"General Store","google_types":["general_store","food_store","food","point_of_interest","store","establishment"],"google_maps_uri":"https://maps.google.com/?cid=8803919567801053356&g_mp=Cilnb29nbGUubWFwcy5wbGFjZXMudjEuUGxhY2VzLlNlYXJjaE5lYXJieRACGAQgAA","google_icon_mask_base_uri":"https://maps.gstatic.com/mapfiles/place_api/icons/v2/shopping_pinlet","google_icon_background_color":"#4B96F3","formatted_address":"XV78+CQG 21, Guinzadan Central, Bauko, Mountain Province, Philippines","business_status":"OPERATIONAL","rating":null,"user_rating_count":null,"barangay_slug":"guinzadan-central","barangay_name":"Guinzadan Central"},"geometry":{"type":"Point","coordinates":[120.866953,16.963556]}},{"type":"Feature","properties":{"name":"Abatan bauko mountain province","kind":"school","kind_label":"School","source":"google_places","google_place_id":"ChIJeZ_ZiXvVkTMR5QSDHzpAnrY","google_primary_type":"secondary_school","google_primary_type_label":"High school","google_types":["secondary_school","school","educational_institution","point_of_interest","establishment"],"google_maps_uri":"https://maps.google.com/?cid=13159025779604128997&g_mp=Cilnb29nbGUubWFwcy5wbGFjZXMudjEuUGxhY2VzLlNlYXJjaE5lYXJieRACGAQgAA","google_icon_mask_base_uri":"https://maps.gstatic.com/mapfiles/place_api/icons/v2/school_pinlet","google_icon_background_color":"#7B9EB0","formatted_address":"XV77+CMC, Bauko, Mountain Province, Philippines","business_status":"OPERATIONAL","rating":null,"user_rating_count":null,"barangay_slug":"guinzadan-central","barangay_name":"Guinzadan Central"},"geometry":{"type":"Point","coordinates":[120.86414389999999,16.9635622]}},{"type":"Feature","properties":{"name":"Kaotit Primary School","kind":"school","kind_label":"School","source":"google_places","google_place_id":"ChIJMwmQRoPVkTMRZcKAg1yXuHg","google_primary_type":"primary_school","google_primary_type_label":"Elementary School","google_types":["primary_school","school","educational_institution","point_of_interest","establishment"],"google_maps_uri":"https://maps.google.com/?cid=8698869103865152101&g_mp=Cilnb29nbGUubWFwcy5wbGFjZXMudjEuUGxhY2VzLlNlYXJjaE5lYXJieRACGAQgAA","google_icon_mask_base_uri":"https://maps.gstatic.com/mapfiles/place_api/icons/v2/school_pinlet","google_icon_background_color":"#7B9EB0","formatted_address":"XR6W+Q4J, Cagubatan Road, Bauko, Mountain Province, Philippines","business_status":"OPERATIONAL","rating":null,"user_rating_count":null,"barangay_slug":"guinzadan-central","barangay_name":"Guinzadan Central"},"geometry":{"type":"Point","coordinates":[120.8452577,16.9619718]}},{"type":"Feature","properties":{"name":"Payopay","kind":"tourism","kind_label":"Tourism","source":"google_places","google_place_id":"ChIJFUnsBubVkTMRL5udHKvuijU","google_primary_type":"sports_activity_location","google_primary_type_label":"Sports Activity Location","google_types":["sports_activity_location","point_of_interest","establishment"],"google_maps_uri":"https://maps.google.com/?cid=3858158449483160367&g_mp=Cilnb29nbGUubWFwcy5wbGFjZXMudjEuUGxhY2VzLlNlYXJjaE5lYXJieRACGAQgAA","google_icon_mask_base_uri":"https://maps.gstatic.com/mapfiles/place_api/icons/v2/generic_pinlet","google_icon_background_color":"#7B9EB0","formatted_address":"Guinzadan Central, Bauko, 2621 Mountain Province, Philippines","business_status":"OPERATIONAL","rating":null,"user_rating_count":null,"barangay_slug":"guinzadan-central","barangay_name":"Guinzadan Central"},"geometry":{"type":"Point","coordinates":[120.8585076,16.9667992]}},{"type":"Feature","properties":{"name":"Holy Trinity Church(Caotit)","kind":"worship","kind_label":"Worship","source":"google_places","google_place_id":"ChIJR-VHIADVkTMR_uIpQ92UZlg","google_primary_type":"church","google_primary_type_label":"Church","google_types":["church","place_of_worship","association_or_organization","point_of_interest","establishment"],"google_maps_uri":"https://maps.google.com/?cid=6369942400997647102&g_mp=Cilnb29nbGUubWFwcy5wbGFjZXMudjEuUGxhY2VzLlNlYXJjaE5lYXJieRACGAQgAA","google_icon_mask_base_uri":"https://maps.gstatic.com/mapfiles/place_api/icons/v2/worship_christian_pinlet","google_icon_background_color":"#7B9EB0","formatted_address":"XR7W+37R Guinzadan Central, Bauko, Mountain Province, Philippines","business_status":"OPERATIONAL","rating":null,"user_rating_count":null,"barangay_slug":"guinzadan-central","barangay_name":"Guinzadan Central"},"geometry":{"type":"Point","coordinates":[120.8456307,16.9627354]}},{"type":"Feature","properties":{"name":"Bayagen Residence","kind":"business","kind_label":"Business","source":"google_places","google_place_id":"ChIJ3WnlUQArjjMRrmazM76O974","google_primary_type":"store","google_primary_type_label":"Store","google_types":["store","point_of_interest","establishment"],"google_maps_uri":"https://maps.google.com/?cid=13760624134016165550&g_mp=Cilnb29nbGUubWFwcy5wbGFjZXMudjEuUGxhY2VzLlNlYXJjaE5lYXJieRACGAQgAA","google_icon_mask_base_uri":"https://maps.gstatic.com/mapfiles/place_api/icons/v2/shopping_pinlet","google_icon_background_color":"#4B96F3","formatted_address":"XV99+R5G, Road, Bauko, Mountain Province, Philippines","business_status":"OPERATIONAL","rating":null,"user_rating_count":null,"barangay_slug":"guinzadan-norte","barangay_name":"Guinzadan Norte"},"geometry":{"type":"Point","coordinates":[120.8675862,16.9692562]}},{"type":"Feature","properties":{"name":"Guinzadan norte barangay hall","kind":"business","kind_label":"Business","source":"google_places","google_place_id":"ChIJbcPOCwDVkTMRpl7Z9N24G20","google_primary_type":"community_center","google_primary_type_label":"Community Center","google_types":["community_center","event_venue","point_of_interest","service","establishment"],"google_maps_uri":"https://maps.google.com/?cid=7862080837940502182&g_mp=Cidnb29nbGUubWFwcy5wbGFjZXMudjEuUGxhY2VzLlNlYXJjaFRleHQQAhgEIAA","google_icon_mask_base_uri":"https://maps.gstatic.com/mapfiles/place_api/icons/v2/generic_pinlet","google_icon_background_color":"#7B9EB0","formatted_address":"XV79+P9H Guinzadan Norte, Bauko, Mountain Province, Philippines","business_status":"OPERATIONAL","rating":null,"user_rating_count":null,"barangay_slug":"guinzadan-norte","barangay_name":"Guinzadan Norte"},"geometry":{"type":"Point","coordinates":[120.8684938,16.9643075]}},{"type":"Feature","properties":{"name":"Hyang-gi Online and One Stop Pay","kind":"business","kind_label":"Business","source":"google_places","google_place_id":"ChIJhXyxrm3VkTMRDno6-uW4RjY","google_primary_type":"store","google_primary_type_label":"Store","google_types":["store","point_of_interest","establishment"],"google_maps_uri":"https://maps.google.com/?cid=3911016624303012366&g_mp=Cilnb29nbGUubWFwcy5wbGFjZXMudjEuUGxhY2VzLlNlYXJjaE5lYXJieRACGAQgAA","google_icon_mask_base_uri":"https://maps.gstatic.com/mapfiles/place_api/icons/v2/shopping_pinlet","google_icon_background_color":"#4B96F3","formatted_address":"Linggayo-Utangan, Bauko, 2621 Mountain Province, Philippines","business_status":"OPERATIONAL","rating":null,"user_rating_count":null,"barangay_slug":"guinzadan-norte","barangay_name":"Guinzadan Norte"},"geometry":{"type":"Point","coordinates":[120.8664993,16.9659852]}},{"type":"Feature","properties":{"name":"Reyvey Coffee Trading","kind":"market","kind_label":"Market","source":"google_places","google_place_id":"ChIJqTvTDmzVkTMRQ2tMRDn70PU","google_primary_type":"food_store","google_primary_type_label":"Food Store","google_types":["food_store","food","point_of_interest","store","establishment"],"google_maps_uri":"https://maps.google.com/?cid=17712933557825727299&g_mp=Cilnb29nbGUubWFwcy5wbGFjZXMudjEuUGxhY2VzLlNlYXJjaE5lYXJieRACGAQgAA","google_icon_mask_base_uri":"https://maps.gstatic.com/mapfiles/place_api/icons/v2/shopping_pinlet","google_icon_background_color":"#4B96F3","formatted_address":"Guinzadan Norte, Bauko, 2621 Mountain Province, Philippines","business_status":"OPERATIONAL","rating":null,"user_rating_count":null,"barangay_slug":"guinzadan-norte","barangay_name":"Guinzadan Norte"},"geometry":{"type":"Point","coordinates":[120.8714262,16.9633285]}},{"type":"Feature","properties":{"name":"Zirclezs Cafe and Guest Hauzs","kind":"market","kind_label":"Market","source":"google_places","google_place_id":"ChIJ3WDtmNkrjjMRVqfs79ORCcc","google_primary_type":"coffee_shop","google_primary_type_label":"Coffee Shop","google_types":["coffee_shop","cafe","food_store","store","point_of_interest","food","establishment"],"google_maps_uri":"https://maps.google.com/?cid=14342154827787446102&g_mp=Cilnb29nbGUubWFwcy5wbGFjZXMudjEuUGxhY2VzLlNlYXJjaE5lYXJieRACGAQgAA","google_icon_mask_base_uri":"https://maps.gstatic.com/mapfiles/place_api/icons/v2/cafe_pinlet","google_icon_background_color":"#FF9E67","formatted_address":"XV99+R5G, Road, Bauko, Mountain Province, Philippines","business_status":"OPERATIONAL","rating":4.5,"user_rating_count":8,"barangay_slug":"guinzadan-norte","barangay_name":"Guinzadan Norte"},"geometry":{"type":"Point","coordinates":[120.86794349999998,16.9695657]}},{"type":"Feature","properties":{"name":"Guinzadan Norte Elementary School","kind":"school","kind_label":"School","source":"google_places","google_place_id":"ChIJ1YfheXfVkTMRcANtChUY72Y","google_primary_type":"primary_school","google_primary_type_label":"Elementary School","google_types":["primary_school","school","educational_institution","point_of_interest","establishment"],"google_maps_uri":"https://maps.google.com/?cid=7417173589950792560&g_mp=Cilnb29nbGUubWFwcy5wbGFjZXMudjEuUGxhY2VzLlNlYXJjaE5lYXJieRACGAQgAA","google_icon_mask_base_uri":"https://maps.gstatic.com/mapfiles/place_api/icons/v2/school_pinlet","google_icon_background_color":"#7B9EB0","formatted_address":"XV89+CRM, Guinzadan Norte, Bauko, Mountain Province, Philippines","business_status":"OPERATIONAL","rating":null,"user_rating_count":null,"barangay_slug":"guinzadan-norte","barangay_name":"Guinzadan Norte"},"geometry":{"type":"Point","coordinates":[120.8695623,16.9660829]}},{"type":"Feature","properties":{"name":"VA Freelancer","kind":"tourism","kind_label":"Tourism","source":"google_places","google_place_id":"ChIJD0JxRELVkTMRrg3BwRFOggI","google_primary_type":"lodging","google_primary_type_label":"Lodging","google_types":["lodging","point_of_interest","establishment"],"google_maps_uri":"https://maps.google.com/?cid=180792773220306350&g_mp=Cilnb29nbGUubWFwcy5wbGFjZXMudjEuUGxhY2VzLlNlYXJjaE5lYXJieRACGAQgAA","google_icon_mask_base_uri":"https://maps.gstatic.com/mapfiles/place_api/icons/v2/hotel_pinlet","google_icon_background_color":"#909CE1","formatted_address":"Guinzadan Norte, Bauko, 2621 Mountain Province, Philippines","business_status":"OPERATIONAL","rating":null,"user_rating_count":null,"barangay_slug":"guinzadan-norte","barangay_name":"Guinzadan Norte"},"geometry":{"type":"Point","coordinates":[120.8714262,16.9633285]}},{"type":"Feature","properties":{"name":"FBCFI","kind":"worship","kind_label":"Worship","source":"google_places","google_place_id":"ChIJU3TQuILVkTMRQfLAbfR-m5E","google_primary_type":"church","google_primary_type_label":"Church","google_types":["church","place_of_worship","association_or_organization","point_of_interest","establishment"],"google_maps_uri":"https://maps.google.com/?cid=10492119345168183873&g_mp=Cilnb29nbGUubWFwcy5wbGFjZXMudjEuUGxhY2VzLlNlYXJjaE5lYXJieRACGAQgAA","google_icon_mask_base_uri":"https://maps.gstatic.com/mapfiles/place_api/icons/v2/worship_christian_pinlet","google_icon_background_color":"#7B9EB0","formatted_address":"XV88+9FX, Guinzadan Norte, Bauko, Mountain Province, Philippines","business_status":"OPERATIONAL","rating":null,"user_rating_count":null,"barangay_slug":"guinzadan-norte","barangay_name":"Guinzadan Norte"},"geometry":{"type":"Point","coordinates":[120.86622899999999,16.9659917]}},{"type":"Feature","properties":{"name":"St. Paul's Lutheran Church","kind":"worship","kind_label":"Worship","source":"google_places","google_place_id":"ChIJe58b1WPVkTMRhuk9enkdJAc","google_primary_type":"church","google_primary_type_label":"Church","google_types":["church","place_of_worship","association_or_organization","point_of_interest","establishment"],"google_maps_uri":"https://maps.google.com/?cid=514568665006205318&g_mp=Cilnb29nbGUubWFwcy5wbGFjZXMudjEuUGxhY2VzLlNlYXJjaE5lYXJieRACGAQgAA","google_icon_mask_base_uri":"https://maps.gstatic.com/mapfiles/place_api/icons/v2/worship_christian_pinlet","google_icon_background_color":"#7B9EB0","formatted_address":"XV88+4Q8, Mabaay - Guinzadan - Abatan Rd, Bauko, Mountain Province, Philippines","business_status":"OPERATIONAL","rating":4.5,"user_rating_count":2,"barangay_slug":"guinzadan-norte","barangay_name":"Guinzadan Norte"},"geometry":{"type":"Point","coordinates":[120.86696859999999,16.965275600000002]}},{"type":"Feature","properties":{"name":"Anidoan de Guinzadan Cafe","kind":"business","kind_label":"Business","source":"google_places","google_place_id":"ChIJU4Fvm23VkTMRABNPP8RS0uY","google_primary_type":"restaurant","google_primary_type_label":"Restaurant","google_types":["restaurant","point_of_interest","food","establishment"],"google_maps_uri":"https://maps.google.com/?cid=16632447376661877504&g_mp=Cilnb29nbGUubWFwcy5wbGFjZXMudjEuUGxhY2VzLlNlYXJjaE5lYXJieRACGAQgAA","google_icon_mask_base_uri":"https://maps.gstatic.com/mapfiles/place_api/icons/v2/restaurant_pinlet","google_icon_background_color":"#FF9E67","formatted_address":"XV68+V4G, Guinzadan Sur, Bauko, Mountain Province, Philippines","business_status":"OPERATIONAL","rating":null,"user_rating_count":null,"barangay_slug":"guinzadan-sur","barangay_name":"Guinzadan Sur"},"geometry":{"type":"Point","coordinates":[120.8653355,16.9621951]}},{"type":"Feature","properties":{"name":"Dirks SSS","kind":"business","kind_label":"Business","source":"google_places","google_place_id":"ChIJxXZcC7fVkTMRRK1RosDjRtY","google_primary_type":"store","google_primary_type_label":"Store","google_types":["store","point_of_interest","establishment"],"google_maps_uri":"https://maps.google.com/?cid=15440278788982811972&g_mp=Cilnb29nbGUubWFwcy5wbGFjZXMudjEuUGxhY2VzLlNlYXJjaE5lYXJieRACGAQgAA","google_icon_mask_base_uri":"https://maps.gstatic.com/mapfiles/place_api/icons/v2/shopping_pinlet","google_icon_background_color":"#4B96F3","formatted_address":"XV58+QPF Pesnadan, Guinzadan Sur, Bauko, Mountain Province, Philippines","business_status":"OPERATIONAL","rating":null,"user_rating_count":null,"barangay_slug":"guinzadan-sur","barangay_name":"Guinzadan Sur"},"geometry":{"type":"Point","coordinates":[120.86678289999999,16.9594427]}},{"type":"Feature","properties":{"name":"Ferdie Angdasan","kind":"business","kind_label":"Business","source":"google_places","google_place_id":"ChIJ0xgDpXvVkTMRw7odrMjSG80","google_primary_type":null,"google_primary_type_label":null,"google_types":["point_of_interest","establishment"],"google_maps_uri":"https://maps.google.com/?cid=14779638361469336259&g_mp=Cidnb29nbGUubWFwcy5wbGFjZXMudjEuUGxhY2VzLlNlYXJjaFRleHQQAhgEIAA","google_icon_mask_base_uri":"https://maps.gstatic.com/mapfiles/place_api/icons/v2/generic_pinlet","google_icon_background_color":"#7B9EB0","formatted_address":"XV58+HWM, Bauko, Mountain Province, Philippines","business_status":"OPERATIONAL","rating":null,"user_rating_count":null,"barangay_slug":"guinzadan-sur","barangay_name":"Guinzadan Sur"},"geometry":{"type":"Point","coordinates":[120.86730320000001,16.9589558]}},{"type":"Feature","properties":{"name":"Guinzadan Central BHS","kind":"business","kind_label":"Business","source":"google_places","google_place_id":"ChIJJ9sJ3v7VkTMR2J0Jbk6bkT4","google_primary_type":"medical_clinic","google_primary_type_label":"Medical Clinic","google_types":["medical_clinic","health","point_of_interest","establishment"],"google_maps_uri":"https://maps.google.com/?cid=4508555463130455512&g_mp=Cidnb29nbGUubWFwcy5wbGFjZXMudjEuUGxhY2VzLlNlYXJjaFRleHQQAhgEIAA","google_icon_mask_base_uri":"https://maps.gstatic.com/mapfiles/place_api/icons/v2/generic_pinlet","google_icon_background_color":"#7B9EB0","formatted_address":"XV67+RVG, Mabaay - Guinzadan - Abatan Rd, Bauko, Mountain Province, Philippines","business_status":"OPERATIONAL","rating":null,"user_rating_count":null,"barangay_slug":"guinzadan-sur","barangay_name":"Guinzadan Sur"},"geometry":{"type":"Point","coordinates":[120.8647091,16.962074299999998]}},{"type":"Feature","properties":{"name":"Guinzadan Weaving","kind":"business","kind_label":"Business","source":"google_places","google_place_id":"ChIJ33BlMebVkTMRhQFhqFQto2I","google_primary_type":"gift_shop","google_primary_type_label":"Gift Shop","google_types":["gift_shop","point_of_interest","store","establishment"],"google_maps_uri":"https://maps.google.com/?cid=7107574478546207109&g_mp=Cilnb29nbGUubWFwcy5wbGFjZXMudjEuUGxhY2VzLlNlYXJjaE5lYXJieRACGAQgAA","google_icon_mask_base_uri":"https://maps.gstatic.com/mapfiles/place_api/icons/v2/shopping_pinlet","google_icon_background_color":"#4B96F3","formatted_address":"XV68+HHP, Bauko, Mountain Province, Philippines","business_status":"OPERATIONAL","rating":3.5,"user_rating_count":2,"barangay_slug":"guinzadan-sur","barangay_name":"Guinzadan Sur"},"geometry":{"type":"Point","coordinates":[120.8664573,16.961465099999998]}},{"type":"Feature","properties":{"name":"Orange Store","kind":"business","kind_label":"Business","source":"google_places","google_place_id":"ChIJrbLCdADVkTMRiWjym4XZ9Eo","google_primary_type":"store","google_primary_type_label":"Store","google_types":["store","point_of_interest","establishment"],"google_maps_uri":"https://maps.google.com/?cid=5401181020994300041&g_mp=Cilnb29nbGUubWFwcy5wbGFjZXMudjEuUGxhY2VzLlNlYXJjaE5lYXJieRACGAQgAA","google_icon_mask_base_uri":"https://maps.gstatic.com/mapfiles/place_api/icons/v2/shopping_pinlet","google_icon_background_color":"#4B96F3","formatted_address":"XV68+5PP, Bauko, Mountain Province, Philippines","business_status":"OPERATIONAL","rating":null,"user_rating_count":null,"barangay_slug":"guinzadan-sur","barangay_name":"Guinzadan Sur"},"geometry":{"type":"Point","coordinates":[120.86654519999999,16.960626899999998]}},{"type":"Feature","properties":{"name":"SYUDAD NG GUINZADAN","kind":"business","kind_label":"Business","source":"google_places","google_place_id":"ChIJ7XzHWADVkTMR5CF1mlkkAcc","google_primary_type":"garden","google_primary_type_label":"Garden","google_types":["garden","point_of_interest","establishment"],"google_maps_uri":"https://maps.google.com/?cid=14339782655786426852&g_mp=Cidnb29nbGUubWFwcy5wbGFjZXMudjEuUGxhY2VzLlNlYXJjaFRleHQQAhgEIAA","google_icon_mask_base_uri":"https://maps.gstatic.com/mapfiles/place_api/icons/v2/generic_pinlet","google_icon_background_color":"#7B9EB0","formatted_address":"XV58+RF5 Guinzadan Sur, Bauko, Mountain Province, Philippines","business_status":"OPERATIONAL","rating":5,"user_rating_count":1,"barangay_slug":"guinzadan-sur","barangay_name":"Guinzadan Sur"},"geometry":{"type":"Point","coordinates":[120.86623739999999,16.9595041]}},{"type":"Feature","properties":{"name":"Baungot’s Kahve","kind":"market","kind_label":"Market","source":"google_places","google_place_id":"ChIJ-UNC9dDVkTMRK8qB_zdSE7U","google_primary_type":"coffee_shop","google_primary_type_label":"Coffee Shop","google_types":["coffee_shop","cafe","food_store","store","point_of_interest","food","establishment"],"google_maps_uri":"https://maps.google.com/?cid=13047862945885833771&g_mp=Cilnb29nbGUubWFwcy5wbGFjZXMudjEuUGxhY2VzLlNlYXJjaE5lYXJieRACGAQgAA","google_icon_mask_base_uri":"https://maps.gstatic.com/mapfiles/place_api/icons/v2/cafe_pinlet","google_icon_background_color":"#FF9E67","formatted_address":"Lamagan, Bauko, 2621 Mountain Province, Philippines","business_status":"OPERATIONAL","rating":null,"user_rating_count":null,"barangay_slug":"guinzadan-sur","barangay_name":"Guinzadan Sur"},"geometry":{"type":"Point","coordinates":[120.8664036,16.9608545]}},{"type":"Feature","properties":{"name":"Boangan's Cafe","kind":"market","kind_label":"Market","source":"google_places","google_place_id":"ChIJNZzHb7jVkTMR7kw7Wzebh_g","google_primary_type":"coffee_shop","google_primary_type_label":"Coffee Shop","google_types":["coffee_shop","cafe","food_store","store","point_of_interest","food","establishment"],"google_maps_uri":"https://maps.google.com/?cid=17908453105318186222&g_mp=Cilnb29nbGUubWFwcy5wbGFjZXMudjEuUGxhY2VzLlNlYXJjaE5lYXJieRACGAQgAA","google_icon_mask_base_uri":"https://maps.gstatic.com/mapfiles/place_api/icons/v2/cafe_pinlet","google_icon_background_color":"#FF9E67","formatted_address":"Bauko, 2621 Mountain Province, Philippines","business_status":"OPERATIONAL","rating":5,"user_rating_count":5,"barangay_slug":"guinzadan-sur","barangay_name":"Guinzadan Sur"},"geometry":{"type":"Point","coordinates":[120.8663125,16.9624375]}},{"type":"Feature","properties":{"name":"Mangiwet’s Store","kind":"market","kind_label":"Market","source":"google_places","google_place_id":"ChIJ_0onbADVkTMRvGwxFLjHwts","google_primary_type":"convenience_store","google_primary_type_label":"Convenience Store","google_types":["convenience_store","food_store","food","point_of_interest","store","establishment"],"google_maps_uri":"https://maps.google.com/?cid=15835438833214778556&g_mp=Cilnb29nbGUubWFwcy5wbGFjZXMudjEuUGxhY2VzLlNlYXJjaE5lYXJieRACGAQgAA","google_icon_mask_base_uri":"https://maps.gstatic.com/mapfiles/place_api/icons/v2/convenience_pinlet","google_icon_background_color":"#4B96F3","formatted_address":"XV7C+8HM, Bauko, Mountain Province, Philippines","business_status":"OPERATIONAL","rating":null,"user_rating_count":null,"barangay_slug":"guinzadan-sur","barangay_name":"Guinzadan Sur"},"geometry":{"type":"Point","coordinates":[120.86582529999998,16.9613869]}},{"type":"Feature","properties":{"name":"Rosita Cadwising's Store","kind":"market","kind_label":"Market","source":"google_places","google_place_id":"ChIJAa0TEC_VkTMRDIaNlNcnVJU","google_primary_type":"general_store","google_primary_type_label":"General Store","google_types":["general_store","food_store","food","point_of_interest","store","establishment"],"google_maps_uri":"https://maps.google.com/?cid=10760269216558712332&g_mp=Cilnb29nbGUubWFwcy5wbGFjZXMudjEuUGxhY2VzLlNlYXJjaE5lYXJieRACGAQgAA","google_icon_mask_base_uri":"https://maps.gstatic.com/mapfiles/place_api/icons/v2/shopping_pinlet","google_icon_background_color":"#4B96F3","formatted_address":"Tabbacan, Guinzadan Sur, Bauko, 2621 Mountain Province, Philippines","business_status":"OPERATIONAL","rating":3,"user_rating_count":1,"barangay_slug":"guinzadan-sur","barangay_name":"Guinzadan Sur"},"geometry":{"type":"Point","coordinates":[120.866625,16.960882299999998]}},{"type":"Feature","properties":{"name":"TMP RICE TRADING","kind":"market","kind_label":"Market","source":"google_places","google_place_id":"ChIJLdf6CvjVkTMRMp7n2pcYLlU","google_primary_type":"food_store","google_primary_type_label":"Food Store","google_types":["food_store","food","point_of_interest","store","establishment"],"google_maps_uri":"https://maps.google.com/?cid=6137870382644305458&g_mp=Cilnb29nbGUubWFwcy5wbGFjZXMudjEuUGxhY2VzLlNlYXJjaE5lYXJieRACGAQgAA","google_icon_mask_base_uri":"https://maps.gstatic.com/mapfiles/place_api/icons/v2/shopping_pinlet","google_icon_background_color":"#4B96F3","formatted_address":"Lamagan, Bauko, 2621 Mountain Province, Philippines","business_status":"OPERATIONAL","rating":5,"user_rating_count":1,"barangay_slug":"guinzadan-sur","barangay_name":"Guinzadan Sur"},"geometry":{"type":"Point","coordinates":[120.86424929999998,16.9553151]}},{"type":"Feature","properties":{"name":"Evangeline's","kind":"tourism","kind_label":"Tourism","source":"google_places","google_place_id":"ChIJ-5-QWQDVkTMRa_9obhylhf0","google_primary_type":"private_guest_room","google_primary_type_label":"Homestay","google_types":["private_guest_room","lodging","point_of_interest","establishment"],"google_maps_uri":"https://maps.google.com/?cid=18268189005028327275&g_mp=Cilnb29nbGUubWFwcy5wbGFjZXMudjEuUGxhY2VzLlNlYXJjaE5lYXJieRACGAQgAA","google_icon_mask_base_uri":"https://maps.gstatic.com/mapfiles/place_api/icons/v2/hotel_pinlet","google_icon_background_color":"#909CE1","formatted_address":"XV68+5PP, Bauko, Mountain Province, Philippines","business_status":"OPERATIONAL","rating":null,"user_rating_count":null,"barangay_slug":"guinzadan-sur","barangay_name":"Guinzadan Sur"},"geometry":{"type":"Point","coordinates":[120.8667683,16.9605748]}},{"type":"Feature","properties":{"name":"Pengsaen Falls","kind":"tourism","kind_label":"Tourism","source":"google_places","google_place_id":"ChIJMxOxcQAtjjMRKhTx-EL-lIk","google_primary_type":"hiking_area","google_primary_type_label":"Hiking Area","google_types":["hiking_area","sports_activity_location","point_of_interest","establishment"],"google_maps_uri":"https://maps.google.com/?cid=9913828243347149866&g_mp=Cilnb29nbGUubWFwcy5wbGFjZXMudjEuUGxhY2VzLlNlYXJjaE5lYXJieRACGAQgAA","google_icon_mask_base_uri":"https://maps.gstatic.com/mapfiles/place_api/icons/v2/hiking_pinlet","google_icon_background_color":"#4DB546","formatted_address":"Bauko, Mountain Province, Philippines","business_status":"OPERATIONAL","rating":null,"user_rating_count":null,"barangay_slug":"guinzadan-sur","barangay_name":"Guinzadan Sur"},"geometry":{"type":"Point","coordinates":[120.86424929999998,16.9553151]}},{"type":"Feature","properties":{"name":"Guinzadan Roman Catholic Church","kind":"worship","kind_label":"Worship","source":"google_places","google_place_id":"ChIJHUphGmTVkTMRqOLLZgfm8Uo","google_primary_type":"church","google_primary_type_label":"Church","google_types":["church","place_of_worship","association_or_organization","point_of_interest","establishment"],"google_maps_uri":"https://maps.google.com/?cid=5400350347657732776&g_mp=Cilnb29nbGUubWFwcy5wbGFjZXMudjEuUGxhY2VzLlNlYXJjaE5lYXJieRACGAQgAA","google_icon_mask_base_uri":"https://maps.gstatic.com/mapfiles/place_api/icons/v2/worship_christian_pinlet","google_icon_background_color":"#7B9EB0","formatted_address":"XV68+RH8, Mabaay - Guinzadan - Abatan Rd, Bauko, Mountain Province, Philippines","business_status":"OPERATIONAL","rating":4.2,"user_rating_count":10,"barangay_slug":"guinzadan-sur","barangay_name":"Guinzadan Sur"},"geometry":{"type":"Point","coordinates":[120.8664429,16.9620431]}},{"type":"Feature","properties":{"name":"Pentecostal Holiness Church","kind":"worship","kind_label":"Worship","source":"google_places","google_place_id":"ChIJP9oSKgDVkTMRqRj99ka3bVI","google_primary_type":"church","google_primary_type_label":"Church","google_types":["church","place_of_worship","association_or_organization","point_of_interest","establishment"],"google_maps_uri":"https://maps.google.com/?cid=5939604998990928041&g_mp=Cilnb29nbGUubWFwcy5wbGFjZXMudjEuUGxhY2VzLlNlYXJjaE5lYXJieRACGAQgAA","google_icon_mask_base_uri":"https://maps.gstatic.com/mapfiles/place_api/icons/v2/worship_christian_pinlet","google_icon_background_color":"#7B9EB0","formatted_address":"157 Mabaay - Guinzadan - Abatan Rd, Bauko, Mountain Province, Philippines","business_status":"OPERATIONAL","rating":5,"user_rating_count":1,"barangay_slug":"guinzadan-sur","barangay_name":"Guinzadan Sur"},"geometry":{"type":"Point","coordinates":[120.86625989999999,16.958798299999998]}},{"type":"Feature","properties":{"name":"Coputan","kind":"business","kind_label":"Business","source":"google_places","google_place_id":"ChIJN_4nNADVkTMR4UlVUrKP0F8","google_primary_type":"association_or_organization","google_primary_type_label":"Association / Organization","google_types":["association_or_organization","service","point_of_interest","establishment"],"google_maps_uri":"https://maps.google.com/?cid=6904176224807242209&g_mp=Cidnb29nbGUubWFwcy5wbGFjZXMudjEuUGxhY2VzLlNlYXJjaFRleHQQAhgEIAA","google_icon_mask_base_uri":"https://maps.gstatic.com/mapfiles/place_api/icons/v2/generic_pinlet","google_icon_background_color":"#7B9EB0","formatted_address":"XV2R+PF8, Bauko, Mountain Province, Philippines","business_status":"OPERATIONAL","rating":null,"user_rating_count":null,"barangay_slug":"lagawa","barangay_name":"Lagawa"},"geometry":{"type":"Point","coordinates":[120.8911906,16.9517922]}},{"type":"Feature","properties":{"name":"Coputan Lagawa Bauko Mountain Province","kind":"business","kind_label":"Business","source":"google_places","google_place_id":"ChIJR3wCCQArjjMR8rpIZ9sp6LQ","google_primary_type":"service","google_primary_type_label":"Services","google_types":["point_of_interest","service","establishment"],"google_maps_uri":"https://maps.google.com/?cid=13035715143731297010&g_mp=Cidnb29nbGUubWFwcy5wbGFjZXMudjEuUGxhY2VzLlNlYXJjaFRleHQQAhgEIAA","google_icon_mask_base_uri":"https://maps.gstatic.com/mapfiles/place_api/icons/v2/generic_pinlet","google_icon_background_color":"#7B9EB0","formatted_address":"XV8M+49X, Coputan- Lagawa Rd, Bauko, Mountain Province, Philippines","business_status":"OPERATIONAL","rating":null,"user_rating_count":null,"barangay_slug":"lagawa","barangay_name":"Lagawa"},"geometry":{"type":"Point","coordinates":[120.8834722,16.9653576]}},{"type":"Feature","properties":{"name":"Lagawa","kind":"business","kind_label":"Business","source":"google_places","google_place_id":"ChIJRwWN9acqjjMRua39eMMSPWE","google_primary_type":null,"google_primary_type_label":null,"google_types":["sublocality_level_2","sublocality","political"],"google_maps_uri":"https://maps.google.com/?cid=7006777226016173497&g_mp=Cidnb29nbGUubWFwcy5wbGFjZXMudjEuUGxhY2VzLlNlYXJjaFRleHQQAhgEIAA","google_icon_mask_base_uri":"https://maps.gstatic.com/mapfiles/place_api/icons/v2/generic_pinlet","google_icon_background_color":"#7B9EB0","formatted_address":"Lagawa, Bauko, Mountain Province, Philippines","business_status":null,"rating":null,"user_rating_count":null,"barangay_slug":"lagawa","barangay_name":"Lagawa"},"geometry":{"type":"Point","coordinates":[120.8827461,16.965939199999998]}},{"type":"Feature","properties":{"name":"Lagawa health clinic","kind":"business","kind_label":"Business","source":"google_places","google_place_id":"ChIJFzCSA1jVkTMRVyeVA3uO0q4","google_primary_type":"medical_clinic","google_primary_type_label":"Medical Clinic","google_types":["medical_clinic","point_of_interest","health","establishment"],"google_maps_uri":"https://maps.google.com/?cid=12597287766700926807&g_mp=Cidnb29nbGUubWFwcy5wbGFjZXMudjEuUGxhY2VzLlNlYXJjaFRleHQQAhgEIAA","google_icon_mask_base_uri":"https://maps.gstatic.com/mapfiles/place_api/icons/v2/generic_pinlet","google_icon_background_color":"#7B9EB0","formatted_address":"XV7M+WJ3, Bauko, Mountain Province, Philippines","business_status":"OPERATIONAL","rating":3,"user_rating_count":1,"barangay_slug":"lagawa","barangay_name":"Lagawa"},"geometry":{"type":"Point","coordinates":[120.88403760000001,16.964753299999998]}},{"type":"Feature","properties":{"name":"Amerra's Store","kind":"market","kind_label":"Market","source":"google_places","google_place_id":"ChIJ3QM9VwDVkTMRXiWAAPtZfgc","google_primary_type":"convenience_store","google_primary_type_label":"Convenience Store","google_types":["convenience_store","food_store","food","point_of_interest","store","establishment"],"google_maps_uri":"https://maps.google.com/?cid=539967939911099742&g_mp=Cilnb29nbGUubWFwcy5wbGFjZXMudjEuUGxhY2VzLlNlYXJjaE5lYXJieRACGAQgAA","google_icon_mask_base_uri":"https://maps.gstatic.com/mapfiles/place_api/icons/v2/convenience_pinlet","google_icon_background_color":"#4B96F3","formatted_address":"Sitio Coputan- Lagawa Rd, Bauko, 2621 Mountain Province, Philippines","business_status":"OPERATIONAL","rating":null,"user_rating_count":null,"barangay_slug":"lagawa","barangay_name":"Lagawa"},"geometry":{"type":"Point","coordinates":[120.89073359999999,16.9519844]}},{"type":"Feature","properties":{"name":"Baniaga Store","kind":"market","kind_label":"Market","source":"google_places","google_place_id":"ChIJm2OHEQDVkTMRSznXSbMmrt8","google_primary_type":"convenience_store","google_primary_type_label":"Convenience Store","google_types":["convenience_store","food_store","food","point_of_interest","store","establishment"],"google_maps_uri":"https://maps.google.com/?cid=16117862667885427019&g_mp=Cilnb29nbGUubWFwcy5wbGFjZXMudjEuUGxhY2VzLlNlYXJjaE5lYXJieRACGAQgAA","google_icon_mask_base_uri":"https://maps.gstatic.com/mapfiles/place_api/icons/v2/convenience_pinlet","google_icon_background_color":"#4B96F3","formatted_address":"Bauko, Mountain Province, Philippines","business_status":"OPERATIONAL","rating":5,"user_rating_count":2,"barangay_slug":"lagawa","barangay_name":"Lagawa"},"geometry":{"type":"Point","coordinates":[120.8846648,16.964969699999997]}},{"type":"Feature","properties":{"name":"Benito Declasen","kind":"market","kind_label":"Market","source":"google_places","google_place_id":"ChIJh3yNAgDVkTMRbBEOKEfza6E","google_primary_type":"bakery","google_primary_type_label":"Bakery","google_types":["bakery","food_store","food","point_of_interest","store","establishment"],"google_maps_uri":"https://maps.google.com/?cid=11631657949554676076&g_mp=Cilnb29nbGUubWFwcy5wbGFjZXMudjEuUGxhY2VzLlNlYXJjaE5lYXJieRACGAQgAA","google_icon_mask_base_uri":"https://maps.gstatic.com/mapfiles/place_api/icons/v2/restaurant_pinlet","google_icon_background_color":"#FF9E67","formatted_address":"Coputan- Lagawa Rd, Bauko, Mountain Province, Philippines","business_status":"OPERATIONAL","rating":null,"user_rating_count":null,"barangay_slug":"lagawa","barangay_name":"Lagawa"},"geometry":{"type":"Point","coordinates":[120.8911906,16.9517922]}},{"type":"Feature","properties":{"name":"LUZADA store","kind":"market","kind_label":"Market","source":"google_places","google_place_id":"ChIJEUXKOwArjjMR9A6lez6qGxA","google_primary_type":"grocery_store","google_primary_type_label":"Grocery Store","google_types":["grocery_store","food_store","food","point_of_interest","store","establishment"],"google_maps_uri":"https://maps.google.com/?cid=1160708514317143796&g_mp=Cilnb29nbGUubWFwcy5wbGFjZXMudjEuUGxhY2VzLlNlYXJjaE5lYXJieRACGAQgAA","google_icon_mask_base_uri":"https://maps.gstatic.com/mapfiles/place_api/icons/v2/shoppingcart_pinlet","google_icon_background_color":"#4B96F3","formatted_address":"XV8M+49G, Coputan- Lagawa Rd, Bauko, Mountain Province, Philippines","business_status":"OPERATIONAL","rating":5,"user_rating_count":1,"barangay_slug":"lagawa","barangay_name":"Lagawa"},"geometry":{"type":"Point","coordinates":[120.88346799999998,16.9653086]}},{"type":"Feature","properties":{"name":"Lagawa Elementary School","kind":"school","kind_label":"School","source":"google_places","google_place_id":"ChIJBY7oD1jVkTMRwrBUer_EIPY","google_primary_type":"primary_school","google_primary_type_label":"Elementary School","google_types":["primary_school","school","educational_institution","point_of_interest","establishment"],"google_maps_uri":"https://maps.google.com/?cid=17735391659255181506&g_mp=Cilnb29nbGUubWFwcy5wbGFjZXMudjEuUGxhY2VzLlNlYXJjaE5lYXJieRACGAQgAA","google_icon_mask_base_uri":"https://maps.gstatic.com/mapfiles/place_api/icons/v2/school_pinlet","google_icon_background_color":"#7B9EB0","formatted_address":"XV7M+RCR, Bauko, Mountain Province, Philippines","business_status":"OPERATIONAL","rating":null,"user_rating_count":null,"barangay_slug":"lagawa","barangay_name":"Lagawa"},"geometry":{"type":"Point","coordinates":[120.88352880000001,16.9646159]}},{"type":"Feature","properties":{"name":"Coputan Catholic Church","kind":"worship","kind_label":"Worship","source":"google_places","google_place_id":"ChIJiVMJ6HnVkTMRU7XRaoQgdJw","google_primary_type":"church","google_primary_type_label":"Church","google_types":["church","place_of_worship","association_or_organization","point_of_interest","establishment"],"google_maps_uri":"https://maps.google.com/?cid=11273671520315094355&g_mp=Cilnb29nbGUubWFwcy5wbGFjZXMudjEuUGxhY2VzLlNlYXJjaE5lYXJieRACGAQgAA","google_icon_mask_base_uri":"https://maps.gstatic.com/mapfiles/place_api/icons/v2/worship_christian_pinlet","google_icon_background_color":"#7B9EB0","formatted_address":"XV2R+Q8Q, Bauko, Mountain Province, Philippines","business_status":"OPERATIONAL","rating":5,"user_rating_count":2,"barangay_slug":"lagawa","barangay_name":"Lagawa"},"geometry":{"type":"Point","coordinates":[120.89086739999999,16.951953500000002]}},{"type":"Feature","properties":{"name":"Lagawa Pentecostal Church","kind":"worship","kind_label":"Worship","source":"google_places","google_place_id":"ChIJYcr1jacqjjMRSFizM7qtIBw","google_primary_type":"church","google_primary_type_label":"Church","google_types":["church","place_of_worship","association_or_organization","point_of_interest","establishment"],"google_maps_uri":"https://maps.google.com/?cid=2026810847559637064&g_mp=Cilnb29nbGUubWFwcy5wbGFjZXMudjEuUGxhY2VzLlNlYXJjaE5lYXJieRACGAQgAA","google_icon_mask_base_uri":"https://maps.gstatic.com/mapfiles/place_api/icons/v2/worship_christian_pinlet","google_icon_background_color":"#7B9EB0","formatted_address":"XV8M+C3J, Bauko, Mountain Province, Philippines","business_status":"OPERATIONAL","rating":5,"user_rating_count":1,"barangay_slug":"lagawa","barangay_name":"Lagawa"},"geometry":{"type":"Point","coordinates":[120.88264249999999,16.9660778]}},{"type":"Feature","properties":{"name":"Leseb","kind":"business","kind_label":"Business","source":"google_places","google_place_id":"ChIJIZ7wXt7UkTMRrkoV3rArM5Q","google_primary_type":null,"google_primary_type_label":null,"google_types":["sublocality_level_2","sublocality","political"],"google_maps_uri":"https://maps.google.com/?cid=10678927180065753774&g_mp=Cidnb29nbGUubWFwcy5wbGFjZXMudjEuUGxhY2VzLlNlYXJjaFRleHQQAhgEIAA","google_icon_mask_base_uri":"https://maps.gstatic.com/mapfiles/place_api/icons/v2/generic_pinlet","google_icon_background_color":"#7B9EB0","formatted_address":"Leseb, Bauko, Mountain Province, Philippines","business_status":null,"rating":null,"user_rating_count":null,"barangay_slug":"leseb","barangay_name":"Leseb"},"geometry":{"type":"Point","coordinates":[120.87789610000002,16.927836499999998]}},{"type":"Feature","properties":{"name":"Kinuday / Pinuneg Place","kind":"market","kind_label":"Market","source":"google_places","google_place_id":"ChIJ6_lrWwDVkTMR6sXo3dbAZ3c","google_primary_type":"butcher_shop","google_primary_type_label":"Butcher Shop","google_types":["butcher_shop","food_store","food","point_of_interest","service","store","manufacturer","establishment"],"google_maps_uri":"https://maps.google.com/?cid=8604057642193176042&g_mp=Cilnb29nbGUubWFwcy5wbGFjZXMudjEuUGxhY2VzLlNlYXJjaE5lYXJieRACGAQgAA","google_icon_mask_base_uri":"https://maps.gstatic.com/mapfiles/place_api/icons/v2/shopping_pinlet","google_icon_background_color":"#4B96F3","formatted_address":"WVMC+FC, Bauko, Mountain Province, Philippines","business_status":"OPERATIONAL","rating":null,"user_rating_count":null,"barangay_slug":"leseb","barangay_name":"Leseb"},"geometry":{"type":"Point","coordinates":[120.87099189999999,16.9336727]}},{"type":"Feature","properties":{"name":"Leseb National High School","kind":"school","kind_label":"School","source":"google_places","google_place_id":"ChIJ_Uj-HNzUkTMRb3INGgWlttI","google_primary_type":"secondary_school","google_primary_type_label":"High school","google_types":["secondary_school","school","educational_institution","point_of_interest","establishment"],"google_maps_uri":"https://maps.google.com/?cid=15183504635056714351&g_mp=Cilnb29nbGUubWFwcy5wbGFjZXMudjEuUGxhY2VzLlNlYXJjaE5lYXJieRACGAQgAA","google_icon_mask_base_uri":"https://maps.gstatic.com/mapfiles/place_api/icons/v2/school_pinlet","google_icon_background_color":"#7B9EB0","formatted_address":"WV9H+F3H, Bauko, Mountain Province, Philippines","business_status":"OPERATIONAL","rating":null,"user_rating_count":null,"barangay_slug":"leseb","barangay_name":"Leseb"},"geometry":{"type":"Point","coordinates":[120.8777189,16.918696]}},{"type":"Feature","properties":{"name":"COLOR LAND PAINT CENTER","kind":"business","kind_label":"Business","source":"google_places","google_place_id":"ChIJxUIjPtHUkTMR9_9bMg4mcSs","google_primary_type":"building_materials_store","google_primary_type_label":"Building Materials Store","google_types":["building_materials_store","point_of_interest","home_goods_store","store","establishment"],"google_maps_uri":"https://maps.google.com/?cid=3130325058415493111&g_mp=Cilnb29nbGUubWFwcy5wbGFjZXMudjEuUGxhY2VzLlNlYXJjaE5lYXJieRACGAQgAA","google_icon_mask_base_uri":"https://maps.gstatic.com/mapfiles/place_api/icons/v2/shopping_pinlet","google_icon_background_color":"#4B96F3","formatted_address":"Bauko, Mountain Province, Philippines","business_status":"OPERATIONAL","rating":null,"user_rating_count":null,"barangay_slug":"mabaay","barangay_name":"Mabaay"},"geometry":{"type":"Point","coordinates":[120.88839919999998,16.9158091]}},{"type":"Feature","properties":{"name":"Fuel Your Tummy","kind":"business","kind_label":"Business","source":"google_places","google_place_id":"ChIJ_4tV09HUkTMRSNMWfSzm9hQ","google_primary_type":"restaurant","google_primary_type_label":"Restaurant","google_types":["restaurant","point_of_interest","food","establishment"],"google_maps_uri":"https://maps.google.com/?cid=1510647803780977480&g_mp=Cilnb29nbGUubWFwcy5wbGFjZXMudjEuUGxhY2VzLlNlYXJjaE5lYXJieRACGAQgAA","google_icon_mask_base_uri":"https://maps.gstatic.com/mapfiles/place_api/icons/v2/restaurant_pinlet","google_icon_background_color":"#FF9E67","formatted_address":"Bauko, Mountain Province, Philippines","business_status":"OPERATIONAL","rating":null,"user_rating_count":null,"barangay_slug":"mabaay","barangay_name":"Mabaay"},"geometry":{"type":"Point","coordinates":[120.88734149999999,16.9126374]}},{"type":"Feature","properties":{"name":"G - Speed Motor Parts Center","kind":"business","kind_label":"Business","source":"google_places","google_place_id":"ChIJD4TfZNTUkTMRaj8hAqKxeVo","google_primary_type":"auto_parts_store","google_primary_type_label":"Auto Parts Store","google_types":["auto_parts_store","car_repair","point_of_interest","service","store","establishment"],"google_maps_uri":"https://maps.google.com/?cid=6519437244974055274&g_mp=Cilnb29nbGUubWFwcy5wbGFjZXMudjEuUGxhY2VzLlNlYXJjaE5lYXJieRACGAQgAA","google_icon_mask_base_uri":"https://maps.gstatic.com/mapfiles/place_api/icons/v2/shopping_pinlet","google_icon_background_color":"#4B96F3","formatted_address":"Bauko, Mountain Province, Philippines","business_status":"OPERATIONAL","rating":null,"user_rating_count":null,"barangay_slug":"mabaay","barangay_name":"Mabaay"},"geometry":{"type":"Point","coordinates":[120.8924175,16.9171496]}},{"type":"Feature","properties":{"name":"Khai Academy Inc.","kind":"business","kind_label":"Business","source":"google_places","google_place_id":"ChIJMYbFHQDVkTMRpUVy6K1gqls","google_primary_type":"association_or_organization","google_primary_type_label":"Association / Organization","google_types":["association_or_organization","point_of_interest","establishment"],"google_maps_uri":"https://maps.google.com/?cid=6605198103537665445&g_mp=Cidnb29nbGUubWFwcy5wbGFjZXMudjEuUGxhY2VzLlNlYXJjaFRleHQQAhgEIAA","google_icon_mask_base_uri":"https://maps.gstatic.com/mapfiles/place_api/icons/v2/generic_pinlet","google_icon_background_color":"#7B9EB0","formatted_address":"WV8Q+85F, Halsema Highway, Bauko, Mountain Province, Philippines","business_status":"OPERATIONAL","rating":null,"user_rating_count":null,"barangay_slug":"mabaay","barangay_name":"Mabaay"},"geometry":{"type":"Point","coordinates":[120.88810899999999,16.915596]}},{"type":"Feature","properties":{"name":"Mabaay","kind":"business","kind_label":"Business","source":"google_places","google_place_id":"ChIJp47VZCPVkTMRjN7YvUMlUJU","google_primary_type":null,"google_primary_type_label":null,"google_types":["sublocality_level_2","sublocality","political"],"google_maps_uri":"https://maps.google.com/?cid=10759140482666258060&g_mp=Cidnb29nbGUubWFwcy5wbGFjZXMudjEuUGxhY2VzLlNlYXJjaFRleHQQAhgEIAA","google_icon_mask_base_uri":"https://maps.gstatic.com/mapfiles/place_api/icons/v2/generic_pinlet","google_icon_background_color":"#7B9EB0","formatted_address":"Mabaay, Bauko, Mountain Province, Philippines","business_status":null,"rating":null,"user_rating_count":null,"barangay_slug":"mabaay","barangay_name":"Mabaay"},"geometry":{"type":"Point","coordinates":[120.86999080000001,16.9175219]}},{"type":"Feature","properties":{"name":"Mabaay Junction","kind":"business","kind_label":"Business","source":"google_places","google_place_id":"ChIJTfdSH9HUkTMR0FW1_j9eMc8","google_primary_type":"point_of_interest","google_primary_type_label":"Point of interest","google_types":["point_of_interest","establishment"],"google_maps_uri":"https://maps.google.com/?cid=14929817868659152336&g_mp=Cidnb29nbGUubWFwcy5wbGFjZXMudjEuUGxhY2VzLlNlYXJjaFRleHQQAhgEIAA","google_icon_mask_base_uri":"https://maps.gstatic.com/mapfiles/place_api/icons/v2/generic_pinlet","google_icon_background_color":"#7B9EB0","formatted_address":"Mabaay - Guinzadan - Abatan Rd, Bauko, Mountain Province, Philippines","business_status":"OPERATIONAL","rating":4.2,"user_rating_count":16,"barangay_slug":"mabaay","barangay_name":"Mabaay"},"geometry":{"type":"Point","coordinates":[120.88756260000001,16.9158784]}},{"type":"Feature","properties":{"name":"Mabaay zioncafe","kind":"business","kind_label":"Business","source":"google_places","google_place_id":"ChIJ3c9C6KHVkTMRjGC8vmTBD-I","google_primary_type":"restaurant","google_primary_type_label":"Restaurant","google_types":["restaurant","point_of_interest","food","establishment"],"google_maps_uri":"https://maps.google.com/?cid=16289451015663280268&g_mp=Cilnb29nbGUubWFwcy5wbGFjZXMudjEuUGxhY2VzLlNlYXJjaE5lYXJieRACGAQgAA","google_icon_mask_base_uri":"https://maps.gstatic.com/mapfiles/place_api/icons/v2/restaurant_pinlet","google_icon_background_color":"#FF9E67","formatted_address":"WV8P+FXP, Bauko, Mountain Province, Philippines","business_status":"OPERATIONAL","rating":null,"user_rating_count":null,"barangay_slug":"mabaay","barangay_name":"Mabaay"},"geometry":{"type":"Point","coordinates":[120.8874388,16.9162027]}},{"type":"Feature","properties":{"name":"Mountain View Cafe","kind":"business","kind_label":"Business","source":"google_places","google_place_id":"ChIJaeN91NHUkTMRfsK27o_TbSg","google_primary_type":"cafe","google_primary_type_label":"Cafe","google_types":["cafe","point_of_interest","food","establishment"],"google_maps_uri":"https://maps.google.com/?cid=2913217149117317758&g_mp=Cilnb29nbGUubWFwcy5wbGFjZXMudjEuUGxhY2VzLlNlYXJjaE5lYXJieRACGAQgAA","google_icon_mask_base_uri":"https://maps.gstatic.com/mapfiles/place_api/icons/v2/cafe_pinlet","google_icon_background_color":"#FF9E67","formatted_address":"WV6P+XWH, Baguio - La Trinidad - Bontoc Rd, Bauko, Mountain Province, Philippines","business_status":"OPERATIONAL","rating":4.4,"user_rating_count":47,"barangay_slug":"mabaay","barangay_name":"Mabaay"},"geometry":{"type":"Point","coordinates":[120.8873536,16.9124256]}},{"type":"Feature","properties":{"name":"PAK TRES MARIA'S EATERY","kind":"business","kind_label":"Business","source":"google_places","google_place_id":"ChIJRUPXGNHUkTMR7DYqiFrROKk","google_primary_type":"restaurant","google_primary_type_label":"Restaurant","google_types":["restaurant","point_of_interest","food","establishment"],"google_maps_uri":"https://maps.google.com/?cid=12193726177867347692&g_mp=Cilnb29nbGUubWFwcy5wbGFjZXMudjEuUGxhY2VzLlNlYXJjaE5lYXJieRACGAQgAA","google_icon_mask_base_uri":"https://maps.gstatic.com/mapfiles/place_api/icons/v2/restaurant_pinlet","google_icon_background_color":"#FF9E67","formatted_address":"Bauko, Mountain Province, Philippines","business_status":"OPERATIONAL","rating":null,"user_rating_count":null,"barangay_slug":"mabaay","barangay_name":"Mabaay"},"geometry":{"type":"Point","coordinates":[120.88761429999998,16.915755500000003]}},{"type":"Feature","properties":{"name":"Pangkikan Restaurant/ Mt.Prov.junction Milktea","kind":"business","kind_label":"Business","source":"google_places","google_place_id":"ChIJ3wfAa9qjkTMRBXnfKx_rmio","google_primary_type":"restaurant","google_primary_type_label":"Restaurant","google_types":["restaurant","point_of_interest","food","establishment"],"google_maps_uri":"https://maps.google.com/?cid=3070024615118993669&g_mp=Cilnb29nbGUubWFwcy5wbGFjZXMudjEuUGxhY2VzLlNlYXJjaE5lYXJieRACGAQgAA","google_icon_mask_base_uri":"https://maps.gstatic.com/mapfiles/place_api/icons/v2/restaurant_pinlet","google_icon_background_color":"#FF9E67","formatted_address":"H.way, Km.109 Halsema Highway, Bauko, 2621 Mountain Province, Philippines","business_status":"OPERATIONAL","rating":4,"user_rating_count":1,"barangay_slug":"mabaay","barangay_name":"Mabaay"},"geometry":{"type":"Point","coordinates":[120.8876112,16.915767799999998]}},{"type":"Feature","properties":{"name":"Roxanne's Store","kind":"business","kind_label":"Business","source":"google_places","google_place_id":"ChIJ8fS-zL3VkTMRA7fRlbjESSI","google_primary_type":"store","google_primary_type_label":"Store","google_types":["store","point_of_interest","establishment"],"google_maps_uri":"https://maps.google.com/?cid=2470722167656003331&g_mp=Cilnb29nbGUubWFwcy5wbGFjZXMudjEuUGxhY2VzLlNlYXJjaE5lYXJieRACGAQgAA","google_icon_mask_base_uri":"https://maps.gstatic.com/mapfiles/place_api/icons/v2/shopping_pinlet","google_icon_background_color":"#4B96F3","formatted_address":"Central, Bauko, Mountain Province, Philippines","business_status":"OPERATIONAL","rating":null,"user_rating_count":null,"barangay_slug":"mabaay","barangay_name":"Mabaay"},"geometry":{"type":"Point","coordinates":[120.88753849999999,16.9155531]}},{"type":"Feature","properties":{"name":"Treasure Link Cooperative Society","kind":"business","kind_label":"Business","source":"google_places","google_place_id":"ChIJnRdbK9DUkTMRSkK8imV5doA","google_primary_type":"bank","google_primary_type_label":"Bank","google_types":["bank","finance","point_of_interest","establishment"],"google_maps_uri":"https://maps.google.com/?cid=9256719561132884554&g_mp=Cilnb29nbGUubWFwcy5wbGFjZXMudjEuUGxhY2VzLlNlYXJjaE5lYXJieRACGAQgAA","google_icon_mask_base_uri":"https://maps.gstatic.com/mapfiles/place_api/icons/v2/bank-intl_pinlet","google_icon_background_color":"#909CE1","formatted_address":"Bauko, Mountain Province, Philippines","business_status":"OPERATIONAL","rating":null,"user_rating_count":null,"barangay_slug":"mabaay","barangay_name":"Mabaay"},"geometry":{"type":"Point","coordinates":[120.88715459999999,16.9123277]}},{"type":"Feature","properties":{"name":"JAP'S PHARMACY","kind":"clinic","kind_label":"Clinic","source":"google_places","google_place_id":"ChIJt4gpGdHUkTMRhiVgFLeSCiU","google_primary_type":"pharmacy","google_primary_type_label":"Pharmacy","google_types":["pharmacy","point_of_interest","health","store","establishment"],"google_maps_uri":"https://maps.google.com/?cid=2669107044188956038&g_mp=Cilnb29nbGUubWFwcy5wbGFjZXMudjEuUGxhY2VzLlNlYXJjaE5lYXJieRACGAQgAA","google_icon_mask_base_uri":"https://maps.gstatic.com/mapfiles/place_api/icons/v2/pharmacy_pinlet","google_icon_background_color":"#F88181","formatted_address":"Bauko, Mountain Province, Philippines","business_status":"OPERATIONAL","rating":null,"user_rating_count":null,"barangay_slug":"mabaay","barangay_name":"Mabaay"},"geometry":{"type":"Point","coordinates":[120.8875961,16.9157346]}},{"type":"Feature","properties":{"name":"Mabaay Barangay Hall","kind":"govt","kind_label":"Government","source":"google_places","google_place_id":"ChIJOwjiBQDVkTMR1RB2t0drvsU","google_primary_type":"government_office","google_primary_type_label":"Government Office","google_types":["government_office","point_of_interest","establishment"],"google_maps_uri":"https://maps.google.com/?cid=14248944226811646165&g_mp=Cilnb29nbGUubWFwcy5wbGFjZXMudjEuUGxhY2VzLlNlYXJjaE5lYXJieRACGAQgAA","google_icon_mask_base_uri":"https://maps.gstatic.com/mapfiles/place_api/icons/v2/civic-bldg_pinlet","google_icon_background_color":"#7B9EB0","formatted_address":"WV8P+MRH, Bauko, Mountain Province, Philippines","business_status":"OPERATIONAL","rating":null,"user_rating_count":null,"barangay_slug":"mabaay","barangay_name":"Mabaay"},"geometry":{"type":"Point","coordinates":[120.887107,16.9166964]}},{"type":"Feature","properties":{"name":"Mabaay Police Outpost","kind":"govt","kind_label":"Government","source":"google_places","google_place_id":"ChIJ6QU8H9HUkTMRRpXISULI-Ys","google_primary_type":"government_office","google_primary_type_label":"Government Office","google_types":["police","government_office","point_of_interest","service","establishment"],"google_maps_uri":"https://maps.google.com/?cid=10086313027504215366&g_mp=Cilnb29nbGUubWFwcy5wbGFjZXMudjEuUGxhY2VzLlNlYXJjaE5lYXJieRACGAQgAA","google_icon_mask_base_uri":"https://maps.gstatic.com/mapfiles/place_api/icons/v2/police_pinlet","google_icon_background_color":"#F88181","formatted_address":"WV8P+8X7, Halsema Highway, Bauko, Mountain Province, Philippines","business_status":"OPERATIONAL","rating":null,"user_rating_count":null,"barangay_slug":"mabaay","barangay_name":"Mabaay"},"geometry":{"type":"Point","coordinates":[120.8874371,16.9157866]}},{"type":"Feature","properties":{"name":"PUYONGAN STORE","kind":"market","kind_label":"Market","source":"google_places","google_place_id":"ChIJN0o8H9HUkTMRkn6VnEJshkM","google_primary_type":"grocery_store","google_primary_type_label":"Grocery Store","google_types":["grocery_store","food_store","food","point_of_interest","store","establishment"],"google_maps_uri":"https://maps.google.com/?cid=4865695480771083922&g_mp=Cilnb29nbGUubWFwcy5wbGFjZXMudjEuUGxhY2VzLlNlYXJjaE5lYXJieRACGAQgAA","google_icon_mask_base_uri":"https://maps.gstatic.com/mapfiles/place_api/icons/v2/shoppingcart_pinlet","google_icon_background_color":"#4B96F3","formatted_address":"Bauko, Mountain Province, Philippines","business_status":"OPERATIONAL","rating":null,"user_rating_count":null,"barangay_slug":"mabaay","barangay_name":"Mabaay"},"geometry":{"type":"Point","coordinates":[120.8874643,16.9158184]}},{"type":"Feature","properties":{"name":"Mabaay Elementary School","kind":"school","kind_label":"School","source":"google_places","google_place_id":"ChIJ__-_KdHUkTMR810L7MI8AWM","google_primary_type":"primary_school","google_primary_type_label":"Elementary School","google_types":["primary_school","school","educational_institution","point_of_interest","establishment"],"google_maps_uri":"https://maps.google.com/?cid=7134050092613066227&g_mp=Cilnb29nbGUubWFwcy5wbGFjZXMudjEuUGxhY2VzLlNlYXJjaE5lYXJieRACGAQgAA","google_icon_mask_base_uri":"https://maps.gstatic.com/mapfiles/place_api/icons/v2/school_pinlet","google_icon_background_color":"#7B9EB0","formatted_address":"WV8P+PWV, Mabaay - Guinzadan - Abatan Rd, Bauko, Mountain Province, Philippines","business_status":"OPERATIONAL","rating":null,"user_rating_count":null,"barangay_slug":"mabaay","barangay_name":"Mabaay"},"geometry":{"type":"Point","coordinates":[120.88730340000001,16.9168594]}},{"type":"Feature","properties":{"name":"Mabaay National High School","kind":"school","kind_label":"School","source":"google_places","google_place_id":"ChIJVVWVAtTUkTMRLT5ICMES7_c","google_primary_type":"secondary_school","google_primary_type_label":"High school","google_types":["secondary_school","school","educational_institution","point_of_interest","establishment"],"google_maps_uri":"https://maps.google.com/?cid=17865518867078987309&g_mp=Cilnb29nbGUubWFwcy5wbGFjZXMudjEuUGxhY2VzLlNlYXJjaE5lYXJieRACGAQgAA","google_icon_mask_base_uri":"https://maps.gstatic.com/mapfiles/place_api/icons/v2/school_pinlet","google_icon_background_color":"#7B9EB0","formatted_address":"WV8R+W3V, Halsema Highway, Bauko, Mountain Province, Philippines","business_status":"OPERATIONAL","rating":null,"user_rating_count":null,"barangay_slug":"mabaay","barangay_name":"Mabaay"},"geometry":{"type":"Point","coordinates":[120.8901736,16.9173678]}},{"type":"Feature","properties":{"name":"Pangao Elementary School","kind":"school","kind_label":"School","source":"google_places","google_place_id":"ChIJ__9v0-bUkTMRQxWgVcH05G8","google_primary_type":"primary_school","google_primary_type_label":"Elementary School","google_types":["primary_school","school","educational_institution","point_of_interest","establishment"],"google_maps_uri":"https://maps.google.com/?cid=8062838344102450499&g_mp=Cilnb29nbGUubWFwcy5wbGFjZXMudjEuUGxhY2VzLlNlYXJjaE5lYXJieRACGAQgAA","google_icon_mask_base_uri":"https://maps.gstatic.com/mapfiles/place_api/icons/v2/school_pinlet","google_icon_background_color":"#7B9EB0","formatted_address":"WVC9+2RP, Bauko, Mountain Province, Philippines","business_status":"OPERATIONAL","rating":null,"user_rating_count":null,"barangay_slug":"mabaay","barangay_name":"Mabaay"},"geometry":{"type":"Point","coordinates":[120.86958709999998,16.9200967]}},{"type":"Feature","properties":{"name":"Caltex","kind":"transport","kind_label":"Transport","source":"google_places","google_place_id":"ChIJmaNR09HUkTMRRB5XVfoWUFw","google_primary_type":"gas_station","google_primary_type_label":"Gas Station","google_types":["gas_station","service","point_of_interest","establishment"],"google_maps_uri":"https://maps.google.com/?cid=6651841914055630404&g_mp=Cilnb29nbGUubWFwcy5wbGFjZXMudjEuUGxhY2VzLlNlYXJjaE5lYXJieRACGAQgAA","google_icon_mask_base_uri":"https://maps.gstatic.com/mapfiles/place_api/icons/v2/gas_pinlet","google_icon_background_color":"#909CE1","formatted_address":"WV6P+XWH, Baguio - La Trinidad - Bontoc Rd, Bauko, Mountain Province, Philippines","business_status":"OPERATIONAL","rating":4.2,"user_rating_count":22,"barangay_slug":"mabaay","barangay_name":"Mabaay"},"geometry":{"type":"Point","coordinates":[120.8873593,16.9124348]}},{"type":"Feature","properties":{"name":"Green Fuel Station","kind":"transport","kind_label":"Transport","source":"google_places","google_place_id":"ChIJDVveievVkTMRXLi4BYKtRsE","google_primary_type":"gas_station","google_primary_type_label":"Gas Station","google_types":["gas_station","service","point_of_interest","establishment"],"google_maps_uri":"https://maps.google.com/?cid=13927009671643183196&g_mp=Cilnb29nbGUubWFwcy5wbGFjZXMudjEuUGxhY2VzLlNlYXJjaE5lYXJieRACGAQgAA","google_icon_mask_base_uri":"https://maps.gstatic.com/mapfiles/place_api/icons/v2/gas_pinlet","google_icon_background_color":"#909CE1","formatted_address":"WV7P+WVM, Baguio - La Trinidad - Bontoc Rd, Bauko, Mountain Province, Philippines","business_status":"OPERATIONAL","rating":null,"user_rating_count":null,"barangay_slug":"mabaay","barangay_name":"Mabaay"},"geometry":{"type":"Point","coordinates":[120.8871626,16.9148452]}},{"type":"Feature","properties":{"name":"Gaogao Assembly Of GOD church","kind":"worship","kind_label":"Worship","source":"google_places","google_place_id":"ChIJHwY4rtfUkTMRzn52KN_4VPg","google_primary_type":"church","google_primary_type_label":"Church","google_types":["church","place_of_worship","association_or_organization","point_of_interest","establishment"],"google_maps_uri":"https://maps.google.com/?cid=17894200856790073038&g_mp=Cilnb29nbGUubWFwcy5wbGFjZXMudjEuUGxhY2VzLlNlYXJjaE5lYXJieRACGAQgAA","google_icon_mask_base_uri":"https://maps.gstatic.com/mapfiles/place_api/icons/v2/worship_christian_pinlet","google_icon_background_color":"#7B9EB0","formatted_address":"WVCP+6MH, Bauko, Mountain Province, Philippines","business_status":"OPERATIONAL","rating":null,"user_rating_count":null,"barangay_slug":"mabaay","barangay_name":"Mabaay"},"geometry":{"type":"Point","coordinates":[120.8867231,16.9205741]}},{"type":"Feature","properties":{"name":"GaoGao Mabaay Bauko Mountain Province","kind":"worship","kind_label":"Worship","source":"google_places","google_place_id":"ChIJdZ_E1V3VkTMRoWRTo9qJzzs","google_primary_type":"church","google_primary_type_label":"Church","google_types":["church","place_of_worship","association_or_organization","point_of_interest","establishment"],"google_maps_uri":"https://maps.google.com/?cid=4309814940552881313&g_mp=Cilnb29nbGUubWFwcy5wbGFjZXMudjEuUGxhY2VzLlNlYXJjaE5lYXJieRACGAQgAA","google_icon_mask_base_uri":"https://maps.gstatic.com/mapfiles/place_api/icons/v2/worship_christian_pinlet","google_icon_background_color":"#7B9EB0","formatted_address":"WV9J+RHQ, Bauko, Mountain Province, Philippines","business_status":"OPERATIONAL","rating":5,"user_rating_count":1,"barangay_slug":"mabaay","barangay_name":"Mabaay"},"geometry":{"type":"Point","coordinates":[120.8814987,16.919588600000004]}},{"type":"Feature","properties":{"name":"Hillside Believer Church Assembly of God HBCAG Gao-gao","kind":"worship","kind_label":"Worship","source":"google_places","google_place_id":"ChIJzQ8MFwDVkTMR04LkKMwESy8","google_primary_type":"church","google_primary_type_label":"Church","google_types":["church","place_of_worship","association_or_organization","point_of_interest","establishment"],"google_maps_uri":"https://maps.google.com/?cid=3407822817941816019&g_mp=Cilnb29nbGUubWFwcy5wbGFjZXMudjEuUGxhY2VzLlNlYXJjaE5lYXJieRACGAQgAA","google_icon_mask_base_uri":"https://maps.gstatic.com/mapfiles/place_api/icons/v2/worship_christian_pinlet","google_icon_background_color":"#7B9EB0","formatted_address":"WV7G+VHX, Gawgaw-Sumey-ang Rd, Bauko, Mountain Province, Philippines","business_status":"OPERATIONAL","rating":null,"user_rating_count":null,"barangay_slug":"mabaay","barangay_name":"Mabaay"},"geometry":{"type":"Point","coordinates":[120.87647009999999,16.914748499999998]}},{"type":"Feature","properties":{"name":"Immaculate Conception Chapel","kind":"worship","kind_label":"Worship","source":"google_places","google_place_id":"ChIJDejnLdHUkTMR5QqhQwUxgXw","google_primary_type":"church","google_primary_type_label":"Church","google_types":["church","place_of_worship","association_or_organization","point_of_interest","establishment"],"google_maps_uri":"https://maps.google.com/?cid=8971505831377963749&g_mp=Cilnb29nbGUubWFwcy5wbGFjZXMudjEuUGxhY2VzLlNlYXJjaE5lYXJieRACGAQgAA","google_icon_mask_base_uri":"https://maps.gstatic.com/mapfiles/place_api/icons/v2/worship_christian_pinlet","google_icon_background_color":"#7B9EB0","formatted_address":"WV8Q+Q52, Mabaay - Guinzadan - Abatan Rd, Bauko, Mountain Province, Philippines","business_status":"OPERATIONAL","rating":null,"user_rating_count":null,"barangay_slug":"mabaay","barangay_name":"Mabaay"},"geometry":{"type":"Point","coordinates":[120.8878823,16.9168947]}},{"type":"Feature","properties":{"name":"Mabaay Catholic Church","kind":"worship","kind_label":"Worship","source":"google_places","google_place_id":"ChIJMehczdbUkTMRlSQZywgpDnU","google_primary_type":"church","google_primary_type_label":"Church","google_types":["church","place_of_worship","association_or_organization","point_of_interest","establishment"],"google_maps_uri":"https://maps.google.com/?cid=8434724269855417493&g_mp=Cilnb29nbGUubWFwcy5wbGFjZXMudjEuUGxhY2VzLlNlYXJjaE5lYXJieRACGAQgAA","google_icon_mask_base_uri":"https://maps.gstatic.com/mapfiles/place_api/icons/v2/worship_christian_pinlet","google_icon_background_color":"#7B9EB0","formatted_address":"WV8Q+V5X, Mabaay - Guinzadan - Abatan Rd, Bauko, Mountain Province, Philippines","business_status":"OPERATIONAL","rating":null,"user_rating_count":null,"barangay_slug":"mabaay","barangay_name":"Mabaay"},"geometry":{"type":"Point","coordinates":[120.88797029999999,16.917228200000004]}},{"type":"Feature","properties":{"name":"Batakagan Construction","kind":"business","kind_label":"Business","source":"google_places","google_place_id":"ChIJXRzBkDbVkTMRrvf1k1szJkQ","google_primary_type":"building_materials_store","google_primary_type_label":"Building Materials Store","google_types":["building_materials_store","point_of_interest","store","establishment"],"google_maps_uri":"https://maps.google.com/?cid=4910668912111515566&g_mp=Cilnb29nbGUubWFwcy5wbGFjZXMudjEuUGxhY2VzLlNlYXJjaE5lYXJieRACGAQgAA","google_icon_mask_base_uri":"https://maps.gstatic.com/mapfiles/place_api/icons/v2/shopping_pinlet","google_icon_background_color":"#4B96F3","formatted_address":"Bauko, Mountain Province, Philippines","business_status":"OPERATIONAL","rating":null,"user_rating_count":null,"barangay_slug":"mayag","barangay_name":"Mayag"},"geometry":{"type":"Point","coordinates":[120.859481,16.9730641]}},{"type":"Feature","properties":{"name":"Barangay Hall","kind":"govt","kind_label":"Government","source":"google_places","google_place_id":"ChIJVY-9q4fVkTMRLga2lESC5YI","google_primary_type":"city_hall","google_primary_type_label":"City Hall","google_types":["city_hall","local_government_office","government_office","service","point_of_interest","establishment"],"google_maps_uri":"https://maps.google.com/?cid=9432088225661716014&g_mp=Cilnb29nbGUubWFwcy5wbGFjZXMudjEuUGxhY2VzLlNlYXJjaE5lYXJieRACGAQgAA","google_icon_mask_base_uri":"https://maps.gstatic.com/mapfiles/place_api/icons/v2/civic-bldg_pinlet","google_icon_background_color":"#7B9EB0","formatted_address":"XR9R+XCF, Bauko, Mountain Province, Philippines","business_status":"OPERATIONAL","rating":4,"user_rating_count":1,"barangay_slug":"mayag","barangay_name":"Mayag"},"geometry":{"type":"Point","coordinates":[120.84104470000001,16.969942]}},{"type":"Feature","properties":{"name":"Mayag Dap-ay","kind":"govt","kind_label":"Government","source":"google_places","google_place_id":"ChIJhdyOq4fVkTMRFnJYd3KS_xo","google_primary_type":"community_center","google_primary_type_label":"Community Center","google_types":["community_center","event_venue","government_office","service","point_of_interest","establishment"],"google_maps_uri":"https://maps.google.com/?cid=1945434584373555734&g_mp=Cilnb29nbGUubWFwcy5wbGFjZXMudjEuUGxhY2VzLlNlYXJjaE5lYXJieRACGAQgAA","google_icon_mask_base_uri":"https://maps.gstatic.com/mapfiles/place_api/icons/v2/generic_pinlet","google_icon_background_color":"#7B9EB0","formatted_address":"XR9R+X9G, Bauko, Mountain Province, Philippines","business_status":"OPERATIONAL","rating":null,"user_rating_count":null,"barangay_slug":"mayag","barangay_name":"Mayag"},"geometry":{"type":"Point","coordinates":[120.84094849999998,16.9699447]}},{"type":"Feature","properties":{"name":"Mayag National High School","kind":"school","kind_label":"School","source":"google_places","google_place_id":"ChIJXZ_LVX8qjjMRToYZ3I4c2cM","google_primary_type":"secondary_school","google_primary_type_label":"High school","google_types":["secondary_school","government_office","school","educational_institution","point_of_interest","establishment"],"google_maps_uri":"https://maps.google.com/?cid=14112342307245753934&g_mp=Cilnb29nbGUubWFwcy5wbGFjZXMudjEuUGxhY2VzLlNlYXJjaE5lYXJieRACGAQgAA","google_icon_mask_base_uri":"https://maps.gstatic.com/mapfiles/place_api/icons/v2/school_pinlet","google_icon_background_color":"#7B9EB0","formatted_address":"XRCV+QQG, Bauko, Mountain Province, Philippines","business_status":"CLOSED_TEMPORARILY","rating":null,"user_rating_count":null,"barangay_slug":"mayag","barangay_name":"Mayag"},"geometry":{"type":"Point","coordinates":[120.8444381,16.971930399999998]}},{"type":"Feature","properties":{"name":"Sabbekan Lake","kind":"tourism","kind_label":"Tourism","source":"google_places","google_place_id":"ChIJReLiK34qjjMRgfUGvDe5UFE","google_primary_type":"park","google_primary_type_label":"Park","google_types":["park","point_of_interest","establishment"],"google_maps_uri":"https://maps.google.com/?cid=5859386764237927809&g_mp=Cilnb29nbGUubWFwcy5wbGFjZXMudjEuUGxhY2VzLlNlYXJjaE5lYXJieRACGAQgAA","google_icon_mask_base_uri":"https://maps.gstatic.com/mapfiles/place_api/icons/v2/tree_pinlet","google_icon_background_color":"#4DB546","formatted_address":"XRFX+GRW, Bauko, Mountain Province, Philippines","business_status":"OPERATIONAL","rating":3,"user_rating_count":1,"barangay_slug":"mayag","barangay_name":"Mayag"},"geometry":{"type":"Point","coordinates":[120.84958789999999,16.9738698]}},{"type":"Feature","properties":{"name":"Enclean Fuel","kind":"transport","kind_label":"Transport","source":"google_places","google_place_id":"ChIJKTSwEYMqjjMRQ6EGCf60ctY","google_primary_type":"gas_station","google_primary_type_label":"Gas Station","google_types":["gas_station","point_of_interest","service","establishment"],"google_maps_uri":"https://maps.google.com/?cid=15452612274627715395&g_mp=Cilnb29nbGUubWFwcy5wbGFjZXMudjEuUGxhY2VzLlNlYXJjaE5lYXJieRACGAQgAA","google_icon_mask_base_uri":"https://maps.gstatic.com/mapfiles/place_api/icons/v2/gas_pinlet","google_icon_background_color":"#909CE1","formatted_address":"XVF5+4P9, Mabaay - Guinzadan - Abatan Rd, Bauko, Mountain Province, Philippines","business_status":"OPERATIONAL","rating":null,"user_rating_count":null,"barangay_slug":"mayag","barangay_name":"Mayag"},"geometry":{"type":"Point","coordinates":[120.85935509999997,16.9727761]}},{"type":"Feature","properties":{"name":"Mayag Church of the Nazarene","kind":"worship","kind_label":"Worship","source":"google_places","google_place_id":"ChIJ7zRXdYfVkTMRYxZ8lVRyWNM","google_primary_type":"church","google_primary_type_label":"Church","google_types":["church","place_of_worship","association_or_organization","point_of_interest","establishment"],"google_maps_uri":"https://maps.google.com/?cid=15229047847564088931&g_mp=Cilnb29nbGUubWFwcy5wbGFjZXMudjEuUGxhY2VzLlNlYXJjaE5lYXJieRACGAQgAA","google_icon_mask_base_uri":"https://maps.gstatic.com/mapfiles/place_api/icons/v2/worship_christian_pinlet","google_icon_background_color":"#7B9EB0","formatted_address":"XRCR+9GR, Bauko, Mountain Province, Philippines","business_status":"OPERATIONAL","rating":5,"user_rating_count":1,"barangay_slug":"mayag","barangay_name":"Mayag"},"geometry":{"type":"Point","coordinates":[120.84126710000001,16.970985199999998]}},{"type":"Feature","properties":{"name":"Roman Catholic Church","kind":"worship","kind_label":"Worship","source":"google_places","google_place_id":"ChIJgQV4TobVkTMRhupf3D4ublg","google_primary_type":"church","google_primary_type_label":"Church","google_types":["church","place_of_worship","association_or_organization","point_of_interest","establishment"],"google_maps_uri":"https://maps.google.com/?cid=6372081370295954054&g_mp=Cilnb29nbGUubWFwcy5wbGFjZXMudjEuUGxhY2VzLlNlYXJjaE5lYXJieRACGAQgAA","google_icon_mask_base_uri":"https://maps.gstatic.com/mapfiles/place_api/icons/v2/worship_christian_pinlet","google_icon_background_color":"#7B9EB0","formatted_address":"XR9R+R49, Bauko, Mountain Province, Philippines","business_status":"OPERATIONAL","rating":null,"user_rating_count":null,"barangay_slug":"mayag","barangay_name":"Mayag"},"geometry":{"type":"Point","coordinates":[120.8403668,16.9695383]}},{"type":"Feature","properties":{"name":"Bansa Elementary School","kind":"business","kind_label":"Business","source":"google_places","google_place_id":"ChIJNX-YxbXUkTMRPgKsRlbCYN4","google_primary_type":"premise","google_primary_type_label":"Building","google_types":["premise","street_address"],"google_maps_uri":"https://maps.google.com/?cid=16024021149992878654&g_mp=Cidnb29nbGUubWFwcy5wbGFjZXMudjEuUGxhY2VzLlNlYXJjaFRleHQQAhgEIAA","google_icon_mask_base_uri":"https://maps.gstatic.com/mapfiles/place_api/icons/v2/generic_pinlet","google_icon_background_color":"#7B9EB0","formatted_address":"Bansa Elementary School, Bauko, Mountain Province, Philippines","business_status":null,"rating":null,"user_rating_count":null,"barangay_slug":"monamon-norte","barangay_name":"Monamon Norte"},"geometry":{"type":"Point","coordinates":[120.8910706,16.8989707]}},{"type":"Feature","properties":{"name":"Iglesia Ni Cristo [Mountain Province] - Tubo","kind":"business","kind_label":"Business","source":"google_places","google_place_id":"ChIJmQISbAAtkDMRhPIaN1tGRjs","google_primary_type":"place_of_worship","google_primary_type_label":"Place of Worship","google_types":["place_of_worship","association_or_organization","point_of_interest","establishment"],"google_maps_uri":"https://maps.google.com/?cid=4271178654187975300&g_mp=Cidnb29nbGUubWFwcy5wbGFjZXMudjEuUGxhY2VzLlNlYXJjaFRleHQQAhgEIAA","google_icon_mask_base_uri":"https://maps.gstatic.com/mapfiles/place_api/icons/v2/generic_pinlet","google_icon_background_color":"#7B9EB0","formatted_address":"VV9X+PP4, Bauko, Mountain Province, Philippines","business_status":"OPERATIONAL","rating":null,"user_rating_count":null,"barangay_slug":"monamon-norte","barangay_name":"Monamon Norte"},"geometry":{"type":"Point","coordinates":[120.8993498,16.8692515]}},{"type":"Feature","properties":{"name":"Tamog-o Burial Cave","kind":"business","kind_label":"Business","source":"google_places","google_place_id":"ChIJ6c5eAarUkTMRm9qQnBBTNV0","google_primary_type":"cemetery","google_primary_type_label":"Cemetery","google_types":["cemetery","service","point_of_interest","establishment"],"google_maps_uri":"https://maps.google.com/?cid=6716365750104283803&g_mp=Cilnb29nbGUubWFwcy5wbGFjZXMudjEuUGxhY2VzLlNlYXJjaE5lYXJieRACGAQgAA","google_icon_mask_base_uri":"https://maps.gstatic.com/mapfiles/place_api/icons/v2/cemetery_pinlet","google_icon_background_color":"#7B9EB0","formatted_address":"VVJR+445, Suyo Rd, Bauko, Mountain Province, Philippines","business_status":"OPERATIONAL","rating":4,"user_rating_count":3,"barangay_slug":"monamon-norte","barangay_name":"Monamon Norte"},"geometry":{"type":"Point","coordinates":[120.8903736,16.880251700000002]}},{"type":"Feature","properties":{"name":"DARWIN","kind":"market","kind_label":"Market","source":"google_places","google_place_id":"ChIJCyAiTADTkTMRgDu4iQBxm-o","google_primary_type":"coffee_shop","google_primary_type_label":"Coffee Shop","google_types":["coffee_shop","cafe","food_store","food","point_of_interest","store","establishment"],"google_maps_uri":"https://maps.google.com/?cid=16905229873389779840&g_mp=Cilnb29nbGUubWFwcy5wbGFjZXMudjEuUGxhY2VzLlNlYXJjaE5lYXJieRACGAQgAA","google_icon_mask_base_uri":"https://maps.gstatic.com/mapfiles/place_api/icons/v2/cafe_pinlet","google_icon_background_color":"#FF9E67","formatted_address":"VV6R+6XV, Tipunan-Bebe Rd, Bauko, Mountain Province, Philippines","business_status":"OPERATIONAL","rating":null,"user_rating_count":null,"barangay_slug":"monamon-norte","barangay_name":"Monamon Norte"},"geometry":{"type":"Point","coordinates":[120.89242699999998,16.860599999999998]}},{"type":"Feature","properties":{"name":"Bansa Monamin Norte Bauko Mountain Province","kind":"school","kind_label":"School","source":"google_places","google_place_id":"ChIJdziPJADVkTMRvmPz9oHmYAw","google_primary_type":"primary_school","google_primary_type_label":"Elementary School","google_types":["primary_school","school","educational_institution","point_of_interest","establishment"],"google_maps_uri":"https://maps.google.com/?cid=891966172087673790&g_mp=Cilnb29nbGUubWFwcy5wbGFjZXMudjEuUGxhY2VzLlNlYXJjaE5lYXJieRACGAQgAA","google_icon_mask_base_uri":"https://maps.gstatic.com/mapfiles/place_api/icons/v2/school_pinlet","google_icon_background_color":"#7B9EB0","formatted_address":"VWR5+Q72, Sadsadan - Bansa Rd, Bauko, Mountain Province, Philippines","business_status":"OPERATIONAL","rating":null,"user_rating_count":null,"barangay_slug":"monamon-norte","barangay_name":"Monamon Norte"},"geometry":{"type":"Point","coordinates":[120.9081402,16.8918984]}},{"type":"Feature","properties":{"name":"Tipunan-bebe road","kind":"school","kind_label":"School","source":"google_places","google_place_id":"ChIJ9fwDK1PTkTMRVrEIApMjUqU","google_primary_type":"secondary_school","google_primary_type_label":"High school","google_types":["secondary_school","school","educational_institution","point_of_interest","establishment"],"google_maps_uri":"https://maps.google.com/?cid=11912623078649672022&g_mp=Cilnb29nbGUubWFwcy5wbGFjZXMudjEuUGxhY2VzLlNlYXJjaE5lYXJieRACGAQgAA","google_icon_mask_base_uri":"https://maps.gstatic.com/mapfiles/place_api/icons/v2/school_pinlet","google_icon_background_color":"#7B9EB0","formatted_address":"VVCW+G7V, Bauko, Mountain Province, Philippines","business_status":"OPERATIONAL","rating":null,"user_rating_count":null,"barangay_slug":"monamon-norte","barangay_name":"Monamon Norte"},"geometry":{"type":"Point","coordinates":[120.8956683,16.8713503]}},{"type":"Feature","properties":{"name":"tamog-o","kind":"tourism","kind_label":"Tourism","source":"google_places","google_place_id":"ChIJE8-75tHTkTMRX7gsqzhuaPo","google_primary_type":"hiking_area","google_primary_type_label":"Hiking Area","google_types":["hiking_area","sports_activity_location","point_of_interest","establishment"],"google_maps_uri":"https://maps.google.com/?cid=18043793096728950879&g_mp=Cilnb29nbGUubWFwcy5wbGFjZXMudjEuUGxhY2VzLlNlYXJjaE5lYXJieRACGAQgAA","google_icon_mask_base_uri":"https://maps.gstatic.com/mapfiles/place_api/icons/v2/hiking_pinlet","google_icon_background_color":"#4DB546","formatted_address":"VVFV+W66, Suyo Rd, Bauko, Mountain Province, Philippines","business_status":"OPERATIONAL","rating":null,"user_rating_count":null,"barangay_slug":"monamon-norte","barangay_name":"Monamon Norte"},"geometry":{"type":"Point","coordinates":[120.89301889999999,16.8747984]}},{"type":"Feature","properties":{"name":"Kingdom Hall of Jehovah's Witnesses","kind":"worship","kind_label":"Worship","source":"google_places","google_place_id":"ChIJ5Vi621LTkTMRtYTKYu4IxrA","google_primary_type":"church","google_primary_type_label":"Church","google_types":["church","place_of_worship","association_or_organization","point_of_interest","establishment"],"google_maps_uri":"https://maps.google.com/?cid=12737878416016704693&g_mp=Cilnb29nbGUubWFwcy5wbGFjZXMudjEuUGxhY2VzLlNlYXJjaE5lYXJieRACGAQgAA","google_icon_mask_base_uri":"https://maps.gstatic.com/mapfiles/place_api/icons/v2/worship_christian_pinlet","google_icon_background_color":"#7B9EB0","formatted_address":"VVCV+8WP, Bauko, Mountain Province, Philippines","business_status":"OPERATIONAL","rating":5,"user_rating_count":1,"barangay_slug":"monamon-norte","barangay_name":"Monamon Norte"},"geometry":{"type":"Point","coordinates":[120.8948384,16.870848499999997]}},{"type":"Feature","properties":{"name":"St. Bernard's Church","kind":"worship","kind_label":"Worship","source":"google_places","google_place_id":"ChIJq1ITYq4skDMRUuACJLz13qY","google_primary_type":"church","google_primary_type_label":"Church","google_types":["church","place_of_worship","association_or_organization","point_of_interest","establishment"],"google_maps_uri":"https://maps.google.com/?cid=12024318243532628050&g_mp=Cilnb29nbGUubWFwcy5wbGFjZXMudjEuUGxhY2VzLlNlYXJjaE5lYXJieRACGAQgAA","google_icon_mask_base_uri":"https://maps.gstatic.com/mapfiles/place_api/icons/v2/worship_christian_pinlet","google_icon_background_color":"#7B9EB0","formatted_address":"VWC3+226, Bauko, Mountain Province, Philippines","business_status":"OPERATIONAL","rating":null,"user_rating_count":null,"barangay_slug":"monamon-norte","barangay_name":"Monamon Norte"},"geometry":{"type":"Point","coordinates":[120.90252269999999,16.870026100000004]}},{"type":"Feature","properties":{"name":"Chico River Agricultural Producers Cooperative","kind":"business","kind_label":"Business","source":"google_places","google_place_id":"ChIJK2HpxN_SkTMRhwzbJGdUk5Q","google_primary_type":"bank","google_primary_type_label":"Bank","google_types":["bank","finance","point_of_interest","establishment"],"google_maps_uri":"https://maps.google.com/?cid=10705993541166500999&g_mp=Cilnb29nbGUubWFwcy5wbGFjZXMudjEuUGxhY2VzLlNlYXJjaE5lYXJieRACGAQgAA","google_icon_mask_base_uri":"https://maps.gstatic.com/mapfiles/place_api/icons/v2/bank-intl_pinlet","google_icon_background_color":"#909CE1","formatted_address":"RVQF+HF3, Bauko, 2621 Mountain Province, Philippines","business_status":"OPERATIONAL","rating":4,"user_rating_count":1,"barangay_slug":"monamon-sur","barangay_name":"Monamon Sur"},"geometry":{"type":"Point","coordinates":[120.8736849,16.8388831]}},{"type":"Feature","properties":{"name":"Iglesia Ni Cristo [Mountain Province] - Monamon Ext","kind":"business","kind_label":"Business","source":"google_places","google_place_id":"ChIJXanvm3jTkTMRHf5pEaRZxh4","google_primary_type":"place_of_worship","google_primary_type_label":"Place of Worship","google_types":["place_of_worship","association_or_organization","point_of_interest","establishment"],"google_maps_uri":"https://maps.google.com/?cid=2217558427728215581&g_mp=Cidnb29nbGUubWFwcy5wbGFjZXMudjEuUGxhY2VzLlNlYXJjaFRleHQQAhgEIAA","google_icon_mask_base_uri":"https://maps.gstatic.com/mapfiles/place_api/icons/v2/generic_pinlet","google_icon_background_color":"#7B9EB0","formatted_address":"RVRF+JRM, Bauko, Mountain Province, Philippines","business_status":"OPERATIONAL","rating":1,"user_rating_count":1,"barangay_slug":"monamon-sur","barangay_name":"Monamon Sur"},"geometry":{"type":"Point","coordinates":[120.87455980000001,16.8415756]}},{"type":"Feature","properties":{"name":"Monamon Sur Barangay Hall","kind":"business","kind_label":"Business","source":"google_places","google_place_id":"ChIJP1x_gEHTkTMRJVxMk-pBbHA","google_primary_type":"point_of_interest","google_primary_type_label":"Point of interest","google_types":["point_of_interest","establishment"],"google_maps_uri":"https://maps.google.com/?cid=8100922305482087461&g_mp=Cidnb29nbGUubWFwcy5wbGFjZXMudjEuUGxhY2VzLlNlYXJjaFRleHQQAhgEIAA","google_icon_mask_base_uri":"https://maps.gstatic.com/mapfiles/place_api/icons/v2/generic_pinlet","google_icon_background_color":"#7B9EB0","formatted_address":"VV8G+J58, Halsema Highway, Bauko, Mountain Province, Philippines","business_status":"OPERATIONAL","rating":5,"user_rating_count":1,"barangay_slug":"monamon-sur","barangay_name":"Monamon Sur"},"geometry":{"type":"Point","coordinates":[120.87545150000001,16.866528199999998]}},{"type":"Feature","properties":{"name":"Mount Data Cliff","kind":"business","kind_label":"Business","source":"google_places","google_place_id":"ChIJzbDETkHTkTMRwQfQMyrHqGY","google_primary_type":"historical_landmark","google_primary_type_label":"Historical Landmark","google_types":["historical_landmark","historical_place","point_of_interest","establishment"],"google_maps_uri":"https://maps.google.com/?cid=7397381372027865025&g_mp=Cidnb29nbGUubWFwcy5wbGFjZXMudjEuUGxhY2VzLlNlYXJjaFRleHQQAhgEIAA","google_icon_mask_base_uri":"https://maps.gstatic.com/mapfiles/place_api/icons/v2/historic_pinlet","google_icon_background_color":"#13B5C7","formatted_address":"VVCH+66V, Bauko, Mountain Province, Philippines","business_status":"OPERATIONAL","rating":4.8,"user_rating_count":4,"barangay_slug":"monamon-sur","barangay_name":"Monamon Sur"},"geometry":{"type":"Point","coordinates":[120.8780472,16.8706182]}},{"type":"Feature","properties":{"name":"Mount Data Cliff","kind":"business","kind_label":"Business","source":"google_places","google_place_id":"ChIJ_Xvhm0TTkTMRFcZl1D6C6qI","google_primary_type":"natural_feature","google_primary_type_label":"Natural Feature","google_types":["natural_feature","establishment"],"google_maps_uri":"https://maps.google.com/?cid=11739338585057642005&g_mp=Cidnb29nbGUubWFwcy5wbGFjZXMudjEuUGxhY2VzLlNlYXJjaFRleHQQAhgEIAA","google_icon_mask_base_uri":"https://maps.gstatic.com/mapfiles/place_api/icons/v2/generic_pinlet","google_icon_background_color":"#7B9EB0","formatted_address":"Mt. Data Cliff, Bauko, Mountain Province, Philippines","business_status":null,"rating":5,"user_rating_count":2,"barangay_slug":"monamon-sur","barangay_name":"Monamon Sur"},"geometry":{"type":"Point","coordinates":[120.8789614,16.8696694]}},{"type":"Feature","properties":{"name":"QURVA Hardware","kind":"business","kind_label":"Business","source":"google_places","google_place_id":"ChIJBZfm-UHTkTMRer2f5s40hXo","google_primary_type":"hardware_store","google_primary_type_label":"Hardware Store","google_types":["hardware_store","building_materials_store","store","point_of_interest","establishment"],"google_maps_uri":"https://maps.google.com/?cid=8828520707766861178&g_mp=Cilnb29nbGUubWFwcy5wbGFjZXMudjEuUGxhY2VzLlNlYXJjaE5lYXJieRACGAQgAA","google_icon_mask_base_uri":"https://maps.gstatic.com/mapfiles/place_api/icons/v2/shopping_pinlet","google_icon_background_color":"#4B96F3","formatted_address":"Bauko, Mountain Province, Philippines","business_status":"OPERATIONAL","rating":null,"user_rating_count":null,"barangay_slug":"monamon-sur","barangay_name":"Monamon Sur"},"geometry":{"type":"Point","coordinates":[120.8735503,16.866687499999998]}},{"type":"Feature","properties":{"name":"Rnz's Coffee & Pizza Hauz","kind":"business","kind_label":"Business","source":"google_places","google_place_id":"ChIJ4RjFIVvTkTMRWOmWa8C-A_I","google_primary_type":"restaurant","google_primary_type_label":"Restaurant","google_types":["restaurant","food","point_of_interest","establishment"],"google_maps_uri":"https://maps.google.com/?cid=17438991915756743000&g_mp=Cilnb29nbGUubWFwcy5wbGFjZXMudjEuUGxhY2VzLlNlYXJjaE5lYXJieRACGAQgAA","google_icon_mask_base_uri":"https://maps.gstatic.com/mapfiles/place_api/icons/v2/restaurant_pinlet","google_icon_background_color":"#FF9E67","formatted_address":"Bauko, Mountain Province, Philippines","business_status":"OPERATIONAL","rating":null,"user_rating_count":null,"barangay_slug":"monamon-sur","barangay_name":"Monamon Sur"},"geometry":{"type":"Point","coordinates":[120.88123929999999,16.872202899999998]}},{"type":"Feature","properties":{"name":"Sumyaan - Pangao","kind":"business","kind_label":"Business","source":"google_places","google_place_id":"ChIJC3XQOADTkTMR4bi7HdId6Kc","google_primary_type":"asian_restaurant","google_primary_type_label":"Asian Restaurant","google_types":["asian_restaurant","restaurant","point_of_interest","food","establishment"],"google_maps_uri":"https://maps.google.com/?cid=12098953187210016993&g_mp=Cilnb29nbGUubWFwcy5wbGFjZXMudjEuUGxhY2VzLlNlYXJjaE5lYXJieRACGAQgAA","google_icon_mask_base_uri":"https://maps.gstatic.com/mapfiles/place_api/icons/v2/restaurant_pinlet","google_icon_background_color":"#FF9E67","formatted_address":"RVMF+9VC Gambo Arctic Place, Bangao, Bauko, Mountain Province, Philippines","business_status":"OPERATIONAL","rating":null,"user_rating_count":null,"barangay_slug":"monamon-sur","barangay_name":"Monamon Sur"},"geometry":{"type":"Point","coordinates":[120.87462699999999,16.833433799999998]}},{"type":"Feature","properties":{"name":"Tiffany Restaurant","kind":"business","kind_label":"Business","source":"google_places","google_place_id":"ChIJxVeR90HTkTMRrwd-arLhmwM","google_primary_type":"restaurant","google_primary_type_label":"Restaurant","google_types":["restaurant","food","point_of_interest","establishment"],"google_maps_uri":"https://maps.google.com/?cid=260049559911008175&g_mp=Cilnb29nbGUubWFwcy5wbGFjZXMudjEuUGxhY2VzLlNlYXJjaE5lYXJieRACGAQgAA","google_icon_mask_base_uri":"https://maps.gstatic.com/mapfiles/place_api/icons/v2/restaurant_pinlet","google_icon_background_color":"#FF9E67","formatted_address":"Bauko, Mountain Province, Philippines","business_status":"OPERATIONAL","rating":null,"user_rating_count":null,"barangay_slug":"monamon-sur","barangay_name":"Monamon Sur"},"geometry":{"type":"Point","coordinates":[120.87364409999999,16.866833]}},{"type":"Feature","properties":{"name":"Dallapas-Abibico Dental Clinic","kind":"clinic","kind_label":"Clinic","source":"google_places","google_place_id":"ChIJk9iraQDTkTMRK5JQY5kQSf8","google_primary_type":"dentist","google_primary_type_label":"Dentist","google_types":["dentist","health","point_of_interest","establishment"],"google_maps_uri":"https://maps.google.com/?cid=18395252403953766955&g_mp=Cilnb29nbGUubWFwcy5wbGFjZXMudjEuUGxhY2VzLlNlYXJjaE5lYXJieRACGAQgAA","google_icon_mask_base_uri":"https://maps.gstatic.com/mapfiles/place_api/icons/v2/generic_pinlet","google_icon_background_color":"#7B9EB0","formatted_address":"VVCJ+MHC, Mt Data Cliff-Tipunan Rd, Bauko, Mountain Province, Philippines","business_status":"OPERATIONAL","rating":null,"user_rating_count":null,"barangay_slug":"monamon-sur","barangay_name":"Monamon Sur"},"geometry":{"type":"Point","coordinates":[120.8813991,16.8716833]}},{"type":"Feature","properties":{"name":"Hydrumed Pharmacy","kind":"clinic","kind_label":"Clinic","source":"google_places","google_place_id":"ChIJm-zm-UHTkTMR--LNzT_e16E","google_primary_type":"pharmacy","google_primary_type_label":"Pharmacy","google_types":["pharmacy","store","health","point_of_interest","establishment"],"google_maps_uri":"https://maps.google.com/?cid=11662034125716316923&g_mp=Cilnb29nbGUubWFwcy5wbGFjZXMudjEuUGxhY2VzLlNlYXJjaE5lYXJieRACGAQgAA","google_icon_mask_base_uri":"https://maps.gstatic.com/mapfiles/place_api/icons/v2/pharmacy_pinlet","google_icon_background_color":"#F88181","formatted_address":"Bauko, Mountain Province, Philippines","business_status":"OPERATIONAL","rating":null,"user_rating_count":null,"barangay_slug":"monamon-sur","barangay_name":"Monamon Sur"},"geometry":{"type":"Point","coordinates":[120.8734213,16.866659]}},{"type":"Feature","properties":{"name":"Alvin Store","kind":"market","kind_label":"Market","source":"google_places","google_place_id":"ChIJlZKySgDTkTMR3osqLsntxcY","google_primary_type":"grocery_store","google_primary_type_label":"Grocery Store","google_types":["grocery_store","food_store","store","point_of_interest","food","establishment"],"google_maps_uri":"https://maps.google.com/?cid=14323115638240480222&g_mp=Cilnb29nbGUubWFwcy5wbGFjZXMudjEuUGxhY2VzLlNlYXJjaE5lYXJieRACGAQgAA","google_icon_mask_base_uri":"https://maps.gstatic.com/mapfiles/place_api/icons/v2/shoppingcart_pinlet","google_icon_background_color":"#4B96F3","formatted_address":"VVMH+25Q, Lukib Barangay Rd, Bauko, Mountain Province, Philippines","business_status":"OPERATIONAL","rating":null,"user_rating_count":null,"barangay_slug":"monamon-sur","barangay_name":"Monamon Sur"},"geometry":{"type":"Point","coordinates":[120.8776187,16.8814747]}},{"type":"Feature","properties":{"name":"Crizelle Kate Store","kind":"market","kind_label":"Market","source":"google_places","google_place_id":"ChIJc5pkZEXTkTMRJ7woQKkhK0w","google_primary_type":"convenience_store","google_primary_type_label":"Convenience Store","google_types":["convenience_store","food_store","store","point_of_interest","food","establishment"],"google_maps_uri":"https://maps.google.com/?cid=5488517581690682407&g_mp=Cilnb29nbGUubWFwcy5wbGFjZXMudjEuUGxhY2VzLlNlYXJjaE5lYXJieRACGAQgAA","google_icon_mask_base_uri":"https://maps.gstatic.com/mapfiles/place_api/icons/v2/convenience_pinlet","google_icon_background_color":"#4B96F3","formatted_address":"VV8G+G2J, Halsema Highway, Bauko, Mountain Province, Philippines","business_status":"OPERATIONAL","rating":null,"user_rating_count":null,"barangay_slug":"monamon-sur","barangay_name":"Monamon Sur"},"geometry":{"type":"Point","coordinates":[120.87502499999998,16.8663283]}},{"type":"Feature","properties":{"name":"Dreamers Delight","kind":"market","kind_label":"Market","source":"google_places","google_place_id":"ChIJ1_SMTgDTkTMRO30E3gAzG5g","google_primary_type":"bakery","google_primary_type_label":"Bakery","google_types":["bakery","food_store","store","point_of_interest","food","establishment"],"google_maps_uri":"https://maps.google.com/?cid=10960410196954086715&g_mp=Cilnb29nbGUubWFwcy5wbGFjZXMudjEuUGxhY2VzLlNlYXJjaE5lYXJieRACGAQgAA","google_icon_mask_base_uri":"https://maps.gstatic.com/mapfiles/place_api/icons/v2/restaurant_pinlet","google_icon_background_color":"#FF9E67","formatted_address":"RVQF+FC6, Monamon Sur, Bauko, Mountain Province, Philippines","business_status":"OPERATIONAL","rating":null,"user_rating_count":null,"barangay_slug":"monamon-sur","barangay_name":"Monamon Sur"},"geometry":{"type":"Point","coordinates":[120.87351550000001,16.8386531]}},{"type":"Feature","properties":{"name":"Ganga-Ey Sari Sari Store","kind":"market","kind_label":"Market","source":"google_places","google_place_id":"ChIJtyg88UHTkTMRPXRRltnWDPc","google_primary_type":"grocery_store","google_primary_type_label":"Grocery Store","google_types":["grocery_store","food_store","store","point_of_interest","food","establishment"],"google_maps_uri":"https://maps.google.com/?cid=17801839657106895933&g_mp=Cilnb29nbGUubWFwcy5wbGFjZXMudjEuUGxhY2VzLlNlYXJjaE5lYXJieRACGAQgAA","google_icon_mask_base_uri":"https://maps.gstatic.com/mapfiles/place_api/icons/v2/shoppingcart_pinlet","google_icon_background_color":"#4B96F3","formatted_address":"Bauko, Mountain Province, Philippines","business_status":"OPERATIONAL","rating":null,"user_rating_count":null,"barangay_slug":"monamon-sur","barangay_name":"Monamon Sur"},"geometry":{"type":"Point","coordinates":[120.8738246,16.8665076]}},{"type":"Feature","properties":{"name":"Owayet livestock trading and grocery store","kind":"market","kind_label":"Market","source":"google_places","google_place_id":"ChIJJwiD5iDTkTMRQMf89PRzDcU","google_primary_type":"grocery_store","google_primary_type_label":"Grocery Store","google_types":["grocery_store","food_store","store","point_of_interest","food","establishment"],"google_maps_uri":"https://maps.google.com/?cid=14199132696088463168&g_mp=Cilnb29nbGUubWFwcy5wbGFjZXMudjEuUGxhY2VzLlNlYXJjaE5lYXJieRACGAQgAA","google_icon_mask_base_uri":"https://maps.gstatic.com/mapfiles/place_api/icons/v2/shoppingcart_pinlet","google_icon_background_color":"#4B96F3","formatted_address":"102 Mt.Data,Bauko, Baguio, 2621 Mountain Province, Philippines","business_status":"OPERATIONAL","rating":null,"user_rating_count":null,"barangay_slug":"monamon-sur","barangay_name":"Monamon Sur"},"geometry":{"type":"Point","coordinates":[120.87383639999999,16.866888799999998]}},{"type":"Feature","properties":{"name":"Saybong Delman Store","kind":"market","kind_label":"Market","source":"google_places","google_place_id":"ChIJSb5fdQDTkTMRBmKhw_CDQtg","google_primary_type":"general_store","google_primary_type_label":"General Store","google_types":["general_store","food_store","food","point_of_interest","store","establishment"],"google_maps_uri":"https://maps.google.com/?cid=15583162730752860678&g_mp=Cilnb29nbGUubWFwcy5wbGFjZXMudjEuUGxhY2VzLlNlYXJjaE5lYXJieRACGAQgAA","google_icon_mask_base_uri":"https://maps.gstatic.com/mapfiles/place_api/icons/v2/shopping_pinlet","google_icon_background_color":"#4B96F3","formatted_address":"RVQF+2HP, Monamon Sur, Buguias, Benguet, Philippines","business_status":"OPERATIONAL","rating":null,"user_rating_count":null,"barangay_slug":"monamon-sur","barangay_name":"Monamon Sur"},"geometry":{"type":"Point","coordinates":[120.87396849999999,16.8375998]}},{"type":"Feature","properties":{"name":"Sumyaan MekusMekus - Tradicional Cupartner","kind":"market","kind_label":"Market","source":"google_places","google_place_id":"ChIJs9BduI7TkTMRJpKacSGwMEI","google_primary_type":"coffee_shop","google_primary_type_label":"Coffee Shop","google_types":["coffee_shop","cafe","food_store","store","point_of_interest","food","establishment"],"google_maps_uri":"https://maps.google.com/?cid=4769505663071719974&g_mp=Cilnb29nbGUubWFwcy5wbGFjZXMudjEuUGxhY2VzLlNlYXJjaE5lYXJieRACGAQgAA","google_icon_mask_base_uri":"https://maps.gstatic.com/mapfiles/place_api/icons/v2/cafe_pinlet","google_icon_background_color":"#FF9E67","formatted_address":"RVRF+54R, Bauko, Mountain Province, Philippines","business_status":"OPERATIONAL","rating":5,"user_rating_count":1,"barangay_slug":"monamon-sur","barangay_name":"Monamon Sur"},"geometry":{"type":"Point","coordinates":[120.87276219999998,16.840478]}},{"type":"Feature","properties":{"name":"Pactil Elementary School","kind":"school","kind_label":"School","source":"google_places","google_place_id":"ChIJr2arw0LTkTMRzbEqgj7j_Ds","google_primary_type":"primary_school","google_primary_type_label":"Elementary School","google_types":["primary_school","school","educational_institution","point_of_interest","establishment"],"google_maps_uri":"https://maps.google.com/?cid=4322579599980147149&g_mp=Cilnb29nbGUubWFwcy5wbGFjZXMudjEuUGxhY2VzLlNlYXJjaE5lYXJieRACGAQgAA","google_icon_mask_base_uri":"https://maps.gstatic.com/mapfiles/place_api/icons/v2/school_pinlet","google_icon_background_color":"#7B9EB0","formatted_address":"VVCF+9W3, Halsema Highway, Bauko, Mountain Province, Philippines","business_status":"OPERATIONAL","rating":null,"user_rating_count":null,"barangay_slug":"monamon-sur","barangay_name":"Monamon Sur"},"geometry":{"type":"Point","coordinates":[120.8748037,16.8708979]}},{"type":"Feature","properties":{"name":"Gambo Arctic Place","kind":"tourism","kind_label":"Tourism","source":"google_places","google_place_id":"ChIJz8Vr1zPTkTMR0PzP2XEEhdw","google_primary_type":"tourist_attraction","google_primary_type_label":"Tourist Attraction","google_types":["tourist_attraction","point_of_interest","establishment"],"google_maps_uri":"https://maps.google.com/?cid=15890111747278765264&g_mp=Cilnb29nbGUubWFwcy5wbGFjZXMudjEuUGxhY2VzLlNlYXJjaE5lYXJieRACGAQgAA","google_icon_mask_base_uri":"https://maps.gstatic.com/mapfiles/place_api/icons/v2/generic_pinlet","google_icon_background_color":"#13B5C7","formatted_address":"RVMF+9VC, Buguias, Benguet, Philippines","business_status":"OPERATIONAL","rating":4.5,"user_rating_count":2,"barangay_slug":"monamon-sur","barangay_name":"Monamon Sur"},"geometry":{"type":"Point","coordinates":[120.87462699999999,16.833433799999998]}},{"type":"Feature","properties":{"name":"Monamon Proper","kind":"tourism","kind_label":"Tourism","source":"google_places","google_place_id":"ChIJveqHQwDTkTMRafJCVEIm6Ng","google_primary_type":"tourist_attraction","google_primary_type_label":"Tourist Attraction","google_types":["tourist_attraction","community_center","event_venue","school","educational_institution","point_of_interest","service","establishment"],"google_maps_uri":"https://maps.google.com/?cid=15629784573112676969&g_mp=Cilnb29nbGUubWFwcy5wbGFjZXMudjEuUGxhY2VzLlNlYXJjaE5lYXJieRACGAQgAA","google_icon_mask_base_uri":"https://maps.gstatic.com/mapfiles/place_api/icons/v2/generic_pinlet","google_icon_background_color":"#13B5C7","formatted_address":"Bauko, 2621 Mountain Province, Philippines","business_status":"OPERATIONAL","rating":5,"user_rating_count":2,"barangay_slug":"monamon-sur","barangay_name":"Monamon Sur"},"geometry":{"type":"Point","coordinates":[120.87293749999999,16.8404375]}},{"type":"Feature","properties":{"name":"mt. Bauko_BLG","kind":"tourism","kind_label":"Tourism","source":"google_places","google_place_id":"ChIJEQt-VADTkTMRnzuBxljjHrs","google_primary_type":"hiking_area","google_primary_type_label":"Hiking Area","google_types":["hiking_area","sports_activity_location","point_of_interest","establishment"],"google_maps_uri":"https://maps.google.com/?cid=13483464304820829087&g_mp=Cilnb29nbGUubWFwcy5wbGFjZXMudjEuUGxhY2VzLlNlYXJjaE5lYXJieRACGAQgAA","google_icon_mask_base_uri":"https://maps.gstatic.com/mapfiles/place_api/icons/v2/hiking_pinlet","google_icon_background_color":"#4DB546","formatted_address":"VVJF+X3Q, Bauko, Mountain Province, Philippines","business_status":"OPERATIONAL","rating":null,"user_rating_count":null,"barangay_slug":"monamon-sur","barangay_name":"Monamon Sur"},"geometry":{"type":"Point","coordinates":[120.87279869999999,16.8822684]}},{"type":"Feature","properties":{"name":"Binaka Church of the Nazarene","kind":"worship","kind_label":"Worship","source":"google_places","google_place_id":"ChIJK36ajFrTkTMRtYvVRwhXvDU","google_primary_type":"church","google_primary_type_label":"Church","google_types":["church","place_of_worship","association_or_organization","point_of_interest","establishment"],"google_maps_uri":"https://maps.google.com/?cid=3872065472708316085&g_mp=Cilnb29nbGUubWFwcy5wbGFjZXMudjEuUGxhY2VzLlNlYXJjaE5lYXJieRACGAQgAA","google_icon_mask_base_uri":"https://maps.gstatic.com/mapfiles/place_api/icons/v2/worship_christian_pinlet","google_icon_background_color":"#7B9EB0","formatted_address":"VVGQ+2FH, Bauko, Mountain Province, Philippines","business_status":"OPERATIONAL","rating":null,"user_rating_count":null,"barangay_slug":"monamon-sur","barangay_name":"Monamon Sur"},"geometry":{"type":"Point","coordinates":[120.8887431,16.875073099999998]}},{"type":"Feature","properties":{"name":"Binaka Roman Catholic Church","kind":"worship","kind_label":"Worship","source":"google_places","google_place_id":"ChIJVUE9YlHTkTMRtlNR3o6ljOQ","google_primary_type":"church","google_primary_type_label":"Church","google_types":["church","place_of_worship","association_or_organization","point_of_interest","establishment"],"google_maps_uri":"https://maps.google.com/?cid=16468719970420872118&g_mp=Cilnb29nbGUubWFwcy5wbGFjZXMudjEuUGxhY2VzLlNlYXJjaE5lYXJieRACGAQgAA","google_icon_mask_base_uri":"https://maps.gstatic.com/mapfiles/place_api/icons/v2/worship_christian_pinlet","google_icon_background_color":"#7B9EB0","formatted_address":"Binaka, Monamon Sur, VVFQ+6XH, Bauko, Lalawigang Bulubundukin, Philippines","business_status":"OPERATIONAL","rating":null,"user_rating_count":null,"barangay_slug":"monamon-sur","barangay_name":"Monamon Sur"},"geometry":{"type":"Point","coordinates":[120.88999,16.8730521]}},{"type":"Feature","properties":{"name":"Holy Innocents Episcopal Church","kind":"worship","kind_label":"Worship","source":"google_places","google_place_id":"ChIJGSxMEzPTkTMRWG6uwok3QUc","google_primary_type":"church","google_primary_type_label":"Church","google_types":["church","place_of_worship","association_or_organization","point_of_interest","establishment"],"google_maps_uri":"https://maps.google.com/?cid=5134446114995334744&g_mp=Cilnb29nbGUubWFwcy5wbGFjZXMudjEuUGxhY2VzLlNlYXJjaE5lYXJieRACGAQgAA","google_icon_mask_base_uri":"https://maps.gstatic.com/mapfiles/place_api/icons/v2/worship_christian_pinlet","google_icon_background_color":"#7B9EB0","formatted_address":"VV2V+PH5 Bebe, Tipunan-Bebe Rd, Bauko, Lalawigang Bulubundukin, Philippines","business_status":"OPERATIONAL","rating":null,"user_rating_count":null,"barangay_slug":"monamon-sur","barangay_name":"Monamon Sur"},"geometry":{"type":"Point","coordinates":[120.89398320000001,16.8517683]}},{"type":"Feature","properties":{"name":"100 Pine Cone","kind":"business","kind_label":"Business","source":"google_places","google_place_id":"ChIJga3OAnzTkTMRs_SRQFKsda4","google_primary_type":"restaurant","google_primary_type_label":"Restaurant","google_types":["restaurant","point_of_interest","food","establishment"],"google_maps_uri":"https://maps.google.com/?cid=12571143404145210547&g_mp=Cilnb29nbGUubWFwcy5wbGFjZXMudjEuUGxhY2VzLlNlYXJjaE5lYXJieRACGAQgAA","google_icon_mask_base_uri":"https://maps.gstatic.com/mapfiles/place_api/icons/v2/restaurant_pinlet","google_icon_background_color":"#FF9E67","formatted_address":"Bauko, 2624 Mountain Province, Philippines","business_status":"OPERATIONAL","rating":null,"user_rating_count":null,"barangay_slug":"mount-data","barangay_name":"Mount Data"},"geometry":{"type":"Point","coordinates":[120.86280379999998,16.850880099999998]}},{"type":"Feature","properties":{"name":"Diesel cafe and restobar","kind":"business","kind_label":"Business","source":"google_places","google_place_id":"ChIJj0LtH3HTkTMRIVgCCGNZY8s","google_primary_type":"restaurant","google_primary_type_label":"Restaurant","google_types":["restaurant","point_of_interest","food","establishment"],"google_maps_uri":"https://maps.google.com/?cid=14655655894264731681&g_mp=Cilnb29nbGUubWFwcy5wbGFjZXMudjEuUGxhY2VzLlNlYXJjaE5lYXJieRACGAQgAA","google_icon_mask_base_uri":"https://maps.gstatic.com/mapfiles/place_api/icons/v2/restaurant_pinlet","google_icon_background_color":"#FF9E67","formatted_address":"VV37+2XF, Baguio - La Trinidad - Bontoc Rd, Bauko, Mountain Province, Philippines","business_status":"OPERATIONAL","rating":null,"user_rating_count":null,"barangay_slug":"mount-data","barangay_name":"Mount Data"},"geometry":{"type":"Point","coordinates":[120.86493630000001,16.8525623]}},{"type":"Feature","properties":{"name":"Five Star Sinto","kind":"business","kind_label":"Business","source":"google_places","google_place_id":"ChIJHZ_cCQDTkTMRoutNQyvdTIM","google_primary_type":"chicken_restaurant","google_primary_type_label":"Chicken Restaurant","google_types":["chicken_restaurant","restaurant","point_of_interest","food","establishment"],"google_maps_uri":"https://maps.google.com/?cid=9461180095081081762&g_mp=Cilnb29nbGUubWFwcy5wbGFjZXMudjEuUGxhY2VzLlNlYXJjaE5lYXJieRACGAQgAA","google_icon_mask_base_uri":"https://maps.gstatic.com/mapfiles/place_api/icons/v2/restaurant_pinlet","google_icon_background_color":"#FF9E67","formatted_address":"VV27+XXJ, Bauko, Mountain Province, Philippines","business_status":"OPERATIONAL","rating":5,"user_rating_count":1,"barangay_slug":"mount-data","barangay_name":"Mount Data"},"geometry":{"type":"Point","coordinates":[120.8648916,16.8524635]}},{"type":"Feature","properties":{"name":"Green Amkaweng Inn and Restaurant","kind":"business","kind_label":"Business","source":"google_places","google_place_id":"ChIJ7a2eOhfTkTMRgbJbbHhry40","google_primary_type":"restaurant","google_primary_type_label":"Restaurant","google_types":["restaurant","point_of_interest","food","establishment"],"google_maps_uri":"https://maps.google.com/?cid=10217378344578298497&g_mp=Cilnb29nbGUubWFwcy5wbGFjZXMudjEuUGxhY2VzLlNlYXJjaE5lYXJieRACGAQgAA","google_icon_mask_base_uri":"https://maps.gstatic.com/mapfiles/place_api/icons/v2/restaurant_pinlet","google_icon_background_color":"#FF9E67","formatted_address":"VV39+H4X, Halsema Highway, Bauko, Mountain Province, Philippines","business_status":"OPERATIONAL","rating":3.8,"user_rating_count":6,"barangay_slug":"mount-data","barangay_name":"Mount Data"},"geometry":{"type":"Point","coordinates":[120.86785909999999,16.8539879]}},{"type":"Feature","properties":{"name":"HF Cups & Cakes","kind":"business","kind_label":"Business","source":"google_places","google_place_id":"ChIJBTtsUBXTkTMRkjILA8TVA0A","google_primary_type":"cafe","google_primary_type_label":"Cafe","google_types":["cafe","food","point_of_interest","establishment"],"google_maps_uri":"https://maps.google.com/?cid=4612765481198891666&g_mp=Cilnb29nbGUubWFwcy5wbGFjZXMudjEuUGxhY2VzLlNlYXJjaE5lYXJieRACGAQgAA","google_icon_mask_base_uri":"https://maps.gstatic.com/mapfiles/place_api/icons/v2/cafe_pinlet","google_icon_background_color":"#FF9E67","formatted_address":"km. 102, Mount Data Multi-Purpose Hall, Halsema Highway, Bauko, Mountain Province, Philippines","business_status":"OPERATIONAL","rating":3.7,"user_rating_count":3,"barangay_slug":"mount-data","barangay_name":"Mount Data"},"geometry":{"type":"Point","coordinates":[120.87239160000001,16.8613331]}},{"type":"Feature","properties":{"name":"Kherryn's Snack House","kind":"business","kind_label":"Business","source":"google_places","google_place_id":"ChIJ2Q8gBADTkTMRuGdMQZbdYgI","google_primary_type":"snack_bar","google_primary_type_label":"Snack Bar","google_types":["snack_bar","meal_takeaway","restaurant","point_of_interest","food","establishment"],"google_maps_uri":"https://maps.google.com/?cid=171943373203859384&g_mp=Cilnb29nbGUubWFwcy5wbGFjZXMudjEuUGxhY2VzLlNlYXJjaE5lYXJieRACGAQgAA","google_icon_mask_base_uri":"https://maps.gstatic.com/mapfiles/place_api/icons/v2/restaurant_pinlet","google_icon_background_color":"#FF9E67","formatted_address":"VV67+6MX Mount Data, Bauko, Mountain Province, Philippines","business_status":"OPERATIONAL","rating":null,"user_rating_count":null,"barangay_slug":"mount-data","barangay_name":"Mount Data"},"geometry":{"type":"Point","coordinates":[120.86424929999998,16.8606047]}},{"type":"Feature","properties":{"name":"Lala Anita's Mt. Data Water Refilling Station","kind":"business","kind_label":"Business","source":"google_places","google_place_id":"ChIJv6Qe9RrTkTMRLH9HJQfpmxc","google_primary_type":"point_of_interest","google_primary_type_label":"Point of interest","google_types":["point_of_interest","establishment"],"google_maps_uri":"https://maps.google.com/?cid=1701209501161979692&g_mp=Cidnb29nbGUubWFwcy5wbGFjZXMudjEuUGxhY2VzLlNlYXJjaFRleHQQAhgEIAA","google_icon_mask_base_uri":"https://maps.gstatic.com/mapfiles/place_api/icons/v2/generic_pinlet","google_icon_background_color":"#7B9EB0","formatted_address":"Bauko, Mountain Province, Philippines","business_status":"OPERATIONAL","rating":null,"user_rating_count":null,"barangay_slug":"mount-data","barangay_name":"Mount Data"},"geometry":{"type":"Point","coordinates":[120.86408849999998,16.8513256]}},{"type":"Feature","properties":{"name":"Lang-ay Restaurant","kind":"business","kind_label":"Business","source":"google_places","google_place_id":"ChIJcV7FPgDTkTMRW0uYbOnu3ww","google_primary_type":"restaurant","google_primary_type_label":"Restaurant","google_types":["restaurant","point_of_interest","food","establishment"],"google_maps_uri":"https://maps.google.com/?cid=927722734578322267&g_mp=Cilnb29nbGUubWFwcy5wbGFjZXMudjEuUGxhY2VzLlNlYXJjaE5lYXJieRACGAQgAA","google_icon_mask_base_uri":"https://maps.gstatic.com/mapfiles/place_api/icons/v2/restaurant_pinlet","google_icon_background_color":"#FF9E67","formatted_address":"VV37+47G, Mt Data Rd, Bauko, Mountain Province, Philippines","business_status":"OPERATIONAL","rating":3.8,"user_rating_count":4,"barangay_slug":"mount-data","barangay_name":"Mount Data"},"geometry":{"type":"Point","coordinates":[120.86321319999999,16.8528017]}},{"type":"Feature","properties":{"name":"Mount Data","kind":"business","kind_label":"Business","source":"google_places","google_place_id":"ChIJT-EGthbTkTMRxwI387Vs454","google_primary_type":null,"google_primary_type_label":null,"google_types":["premise","street_address"],"google_maps_uri":"https://maps.google.com/?cid=11449114206431281863&g_mp=Cidnb29nbGUubWFwcy5wbGFjZXMudjEuUGxhY2VzLlNlYXJjaFRleHQQAhgEIAA","google_icon_mask_base_uri":"https://maps.gstatic.com/mapfiles/place_api/icons/v2/generic_pinlet","google_icon_background_color":"#7B9EB0","formatted_address":"Mount Data, 102 Halsema Highway, Sabangan, 2622 Mountain Province, Philippines","business_status":null,"rating":null,"user_rating_count":null,"barangay_slug":"mount-data","barangay_name":"Mount Data"},"geometry":{"type":"Point","coordinates":[120.86749139999998,16.8561485]}},{"type":"Feature","properties":{"name":"Mount Data","kind":"business","kind_label":"Business","source":"google_places","google_place_id":"ChIJSZNnzGrTkTMRUuTzd9aPnDg","google_primary_type":null,"google_primary_type_label":null,"google_types":["sublocality_level_2","sublocality","political"],"google_maps_uri":"https://maps.google.com/?cid=4079293513789072466&g_mp=Cidnb29nbGUubWFwcy5wbGFjZXMudjEuUGxhY2VzLlNlYXJjaFRleHQQAhgEIAA","google_icon_mask_base_uri":"https://maps.gstatic.com/mapfiles/place_api/icons/v2/generic_pinlet","google_icon_background_color":"#7B9EB0","formatted_address":"Mount Data, Bauko, Mountain Province, Philippines","business_status":null,"rating":null,"user_rating_count":null,"barangay_slug":"mount-data","barangay_name":"Mount Data"},"geometry":{"type":"Point","coordinates":[120.86424929999998,16.8606047]}},{"type":"Feature","properties":{"name":"Panganan","kind":"business","kind_label":"Business","source":"google_places","google_place_id":"ChIJuQsbWwDTkTMRjWOLmWI9un4","google_primary_type":"restaurant","google_primary_type_label":"Restaurant","google_types":["restaurant","point_of_interest","food","establishment"],"google_maps_uri":"https://maps.google.com/?cid=9131678688139240333&g_mp=Cilnb29nbGUubWFwcy5wbGFjZXMudjEuUGxhY2VzLlNlYXJjaE5lYXJieRACGAQgAA","google_icon_mask_base_uri":"https://maps.gstatic.com/mapfiles/place_api/icons/v2/restaurant_pinlet","google_icon_background_color":"#FF9E67","formatted_address":"Mt Data Rd, Bauko, Mountain Province, Philippines","business_status":"OPERATIONAL","rating":null,"user_rating_count":null,"barangay_slug":"mount-data","barangay_name":"Mount Data"},"geometry":{"type":"Point","coordinates":[120.8700258,16.860304799999998]}},{"type":"Feature","properties":{"name":"ROUTE 101 RESTAURANT","kind":"business","kind_label":"Business","source":"google_places","google_place_id":"ChIJFRssMgDTkTMRxgu8jHZo3Mg","google_primary_type":"restaurant","google_primary_type_label":"Restaurant","google_types":["restaurant","cafe","point_of_interest","food","establishment"],"google_maps_uri":"https://maps.google.com/?cid=14473558160838495174&g_mp=Cilnb29nbGUubWFwcy5wbGFjZXMudjEuUGxhY2VzLlNlYXJjaE5lYXJieRACGAQgAA","google_icon_mask_base_uri":"https://maps.gstatic.com/mapfiles/place_api/icons/v2/restaurant_pinlet","google_icon_background_color":"#FF9E67","formatted_address":"VV39+H4X, Halsema Highway, Bauko, Mountain Province, Philippines","business_status":"OPERATIONAL","rating":5,"user_rating_count":7,"barangay_slug":"mount-data","barangay_name":"Mount Data"},"geometry":{"type":"Point","coordinates":[120.86780729999998,16.8545718]}},{"type":"Feature","properties":{"name":"Sawmill Cemetery","kind":"business","kind_label":"Business","source":"google_places","google_place_id":"ChIJi7hQd0DTkTMRlzlrosoFtiU","google_primary_type":"cemetery","google_primary_type_label":"Cemetery","google_types":["cemetery","service","point_of_interest","establishment"],"google_maps_uri":"https://maps.google.com/?cid=2717365793031141783&g_mp=Cilnb29nbGUubWFwcy5wbGFjZXMudjEuUGxhY2VzLlNlYXJjaE5lYXJieRACGAQgAA","google_icon_mask_base_uri":"https://maps.gstatic.com/mapfiles/place_api/icons/v2/cemetery_pinlet","google_icon_background_color":"#7B9EB0","formatted_address":"VV6F+MXX, Halsema Highway, Bauko, Mountain Province, Philippines","business_status":"OPERATIONAL","rating":null,"user_rating_count":null,"barangay_slug":"mount-data","barangay_name":"Mount Data"},"geometry":{"type":"Point","coordinates":[120.87498839999998,16.8617453]}},{"type":"Feature","properties":{"name":"Usok Sinto Bauko","kind":"business","kind_label":"Business","source":"google_places","google_place_id":"ChIJW1aGSwDTkTMRbf8vhsPPmWo","google_primary_type":"garden","google_primary_type_label":"Garden","google_types":["garden","point_of_interest","establishment"],"google_maps_uri":"https://maps.google.com/?cid=7681399078133956461&g_mp=Cidnb29nbGUubWFwcy5wbGFjZXMudjEuUGxhY2VzLlNlYXJjaFRleHQQAhgEIAA","google_icon_mask_base_uri":"https://maps.gstatic.com/mapfiles/place_api/icons/v2/generic_pinlet","google_icon_background_color":"#7B9EB0","formatted_address":"VV47+2RQ, Mt. Data Farm to Market Rd, Bauko, Mountain Province, Philippines","business_status":"OPERATIONAL","rating":null,"user_rating_count":null,"barangay_slug":"mount-data","barangay_name":"Mount Data"},"geometry":{"type":"Point","coordinates":[120.8646147,16.8550978]}},{"type":"Feature","properties":{"name":"Mount Data Elementary School","kind":"govt","kind_label":"Government","source":"google_places","google_place_id":"ChIJYRiohBPVkTMRcz991yMw9xk","google_primary_type":"government_office","google_primary_type_label":"Government Office","google_types":["school","educational_institution","government_office","point_of_interest","establishment"],"google_maps_uri":"https://maps.google.com/?cid=1871017100693028723&g_mp=Cilnb29nbGUubWFwcy5wbGFjZXMudjEuUGxhY2VzLlNlYXJjaE5lYXJieRACGAQgAA","google_icon_mask_base_uri":"https://maps.gstatic.com/mapfiles/place_api/icons/v2/school_pinlet","google_icon_background_color":"#7B9EB0","formatted_address":"VV7C+6P4, Tapapan Diversion Rd, Bauko, 2621 Mountain Province, Philippines","business_status":"OPERATIONAL","rating":null,"user_rating_count":null,"barangay_slug":"mount-data","barangay_name":"Mount Data"},"geometry":{"type":"Point","coordinates":[120.8718336,16.8630231]}},{"type":"Feature","properties":{"name":"Mt. Data Barangay Hall","kind":"govt","kind_label":"Government","source":"google_places","google_place_id":"ChIJ_1mF-D_TkTMR4BsPNsIcT2g","google_primary_type":"government_office","google_primary_type_label":"Government Office","google_types":["government_office","point_of_interest","establishment"],"google_maps_uri":"https://maps.google.com/?cid=7516257923560840160&g_mp=Cilnb29nbGUubWFwcy5wbGFjZXMudjEuUGxhY2VzLlNlYXJjaE5lYXJieRACGAQgAA","google_icon_mask_base_uri":"https://maps.gstatic.com/mapfiles/place_api/icons/v2/civic-bldg_pinlet","google_icon_background_color":"#7B9EB0","formatted_address":"VV6F+J6Q Mount Data Multi-Purpose Hall, Halsema Highway, Bauko, Mountain Province, Philippines","business_status":"OPERATIONAL","rating":null,"user_rating_count":null,"barangay_slug":"mount-data","barangay_name":"Mount Data"},"geometry":{"type":"Point","coordinates":[120.87309750000001,16.8615656]}},{"type":"Feature","properties":{"name":"Mt.Data Post Office","kind":"govt","kind_label":"Government","source":"google_places","google_place_id":"ChIJJU98VRXTkTMRCKHHwOwUMFU","google_primary_type":"post_office","google_primary_type_label":"Post Office","google_types":["post_office","shipping_service","finance","government_office","service","association_or_organization","point_of_interest","establishment"],"google_maps_uri":"https://maps.google.com/?cid=6138429299185131784&g_mp=Cilnb29nbGUubWFwcy5wbGFjZXMudjEuUGxhY2VzLlNlYXJjaE5lYXJieRACGAQgAA","google_icon_mask_base_uri":"https://maps.gstatic.com/mapfiles/place_api/icons/v2/postoffice_pinlet","google_icon_background_color":"#909CE1","formatted_address":"VV6C+GWW, Halsema Highway, Bauko, Mountain Province, Philippines","business_status":"OPERATIONAL","rating":3.5,"user_rating_count":2,"barangay_slug":"mount-data","barangay_name":"Mount Data"},"geometry":{"type":"Point","coordinates":[120.87233339999999,16.861352699999998]}},{"type":"Feature","properties":{"name":"ALBONS STORE","kind":"market","kind_label":"Market","source":"google_places","google_place_id":"ChIJv0QlVxXTkTMRNTywKBwZ4-Q","google_primary_type":"grocery_store","google_primary_type_label":"Grocery Store","google_types":["grocery_store","food_store","store","point_of_interest","food","establishment"],"google_maps_uri":"https://maps.google.com/?cid=16493053869093305397&g_mp=Cilnb29nbGUubWFwcy5wbGFjZXMudjEuUGxhY2VzLlNlYXJjaE5lYXJieRACGAQgAA","google_icon_mask_base_uri":"https://maps.gstatic.com/mapfiles/place_api/icons/v2/shoppingcart_pinlet","google_icon_background_color":"#4B96F3","formatted_address":"Bauko, Mountain Province, Philippines","business_status":"OPERATIONAL","rating":null,"user_rating_count":null,"barangay_slug":"mount-data","barangay_name":"Mount Data"},"geometry":{"type":"Point","coordinates":[120.87255060000001,16.8613268]}},{"type":"Feature","properties":{"name":"KHATLYN'S STORE","kind":"market","kind_label":"Market","source":"google_places","google_place_id":"ChIJ7-SrYxrTkTMRNOz7rd-oVQM","google_primary_type":"grocery_store","google_primary_type_label":"Grocery Store","google_types":["grocery_store","food_store","food","point_of_interest","store","establishment"],"google_maps_uri":"https://maps.google.com/?cid=240283833784331316&g_mp=Cilnb29nbGUubWFwcy5wbGFjZXMudjEuUGxhY2VzLlNlYXJjaE5lYXJieRACGAQgAA","google_icon_mask_base_uri":"https://maps.gstatic.com/mapfiles/place_api/icons/v2/shoppingcart_pinlet","google_icon_background_color":"#4B96F3","formatted_address":"Bauko, Mountain Province, Philippines","business_status":"OPERATIONAL","rating":null,"user_rating_count":null,"barangay_slug":"mount-data","barangay_name":"Mount Data"},"geometry":{"type":"Point","coordinates":[120.86444929999999,16.8518418]}},{"type":"Feature","properties":{"name":"College of Forestry","kind":"school","kind_label":"School","source":"google_places","google_place_id":"ChIJ04jpeRXTkTMR4DQz3R-iSP8","google_primary_type":"university","google_primary_type_label":"College","google_types":["university","educational_institution","point_of_interest","establishment"],"google_maps_uri":"https://maps.google.com/?cid=18395130935733597408&g_mp=Cilnb29nbGUubWFwcy5wbGFjZXMudjEuUGxhY2VzLlNlYXJjaE5lYXJieRACGAQgAA","google_icon_mask_base_uri":"https://maps.gstatic.com/mapfiles/place_api/icons/v2/school_pinlet","google_icon_background_color":"#7B9EB0","formatted_address":"VV5C+RV8, Halsema Highway, Bauko, Mountain Province, Philippines","business_status":"OPERATIONAL","rating":5,"user_rating_count":1,"barangay_slug":"mount-data","barangay_name":"Mount Data"},"geometry":{"type":"Point","coordinates":[120.8722097,16.8595377]}},{"type":"Feature","properties":{"name":"Mt. Data National High School","kind":"school","kind_label":"School","source":"google_places","google_place_id":"ChIJm5pCOUDTkTMRsCGH3NU6Un4","google_primary_type":"secondary_school","google_primary_type_label":"High school","google_types":["secondary_school","school","educational_institution","point_of_interest","establishment"],"google_maps_uri":"https://maps.google.com/?cid=9102402487071482288&g_mp=Cilnb29nbGUubWFwcy5wbGFjZXMudjEuUGxhY2VzLlNlYXJjaE5lYXJieRACGAQgAA","google_icon_mask_base_uri":"https://maps.gstatic.com/mapfiles/place_api/icons/v2/school_pinlet","google_icon_background_color":"#7B9EB0","formatted_address":"VV7F+8HQ, Halsema Highway, Bauko, Mountain Province, Philippines","business_status":"OPERATIONAL","rating":null,"user_rating_count":null,"barangay_slug":"mount-data","barangay_name":"Mount Data"},"geometry":{"type":"Point","coordinates":[120.8739907,16.863341899999998]}},{"type":"Feature","properties":{"name":"DENR Guest House","kind":"tourism","kind_label":"Tourism","source":"google_places","google_place_id":"ChIJf56oVBXTkTMR5yJuQljUwJQ","google_primary_type":"guest_house","google_primary_type_label":"Guest House","google_types":["guest_house","lodging","point_of_interest","establishment"],"google_maps_uri":"https://maps.google.com/?cid=10718800588678505191&g_mp=Cilnb29nbGUubWFwcy5wbGFjZXMudjEuUGxhY2VzLlNlYXJjaE5lYXJieRACGAQgAA","google_icon_mask_base_uri":"https://maps.gstatic.com/mapfiles/place_api/icons/v2/hotel_pinlet","google_icon_background_color":"#909CE1","formatted_address":"VV6F+P2C, Halsema Highway, Bauko, Mountain Province, Philippines","business_status":"OPERATIONAL","rating":5,"user_rating_count":1,"barangay_slug":"mount-data","barangay_name":"Mount Data"},"geometry":{"type":"Point","coordinates":[120.8725181,16.8618223]}},{"type":"Feature","properties":{"name":"Mount Data Hotel","kind":"tourism","kind_label":"Tourism","source":"google_places","google_place_id":"ChIJYbiJmxrTkTMRLiBj8P02_PQ","google_primary_type":"hotel","google_primary_type_label":"Hotel","google_types":["hotel","coffee_shop","cafe","food_store","lodging","store","restaurant","point_of_interest","food","establishment"],"google_maps_uri":"https://maps.google.com/?cid=17653045103673155630&g_mp=Cilnb29nbGUubWFwcy5wbGFjZXMudjEuUGxhY2VzLlNlYXJjaE5lYXJieRACGAQgAA","google_icon_mask_base_uri":"https://maps.gstatic.com/mapfiles/place_api/icons/v2/hotel_pinlet","google_icon_background_color":"#909CE1","formatted_address":"Mount Data, Bauko, 2621 Mountain Province, Philippines","business_status":"OPERATIONAL","rating":4.5,"user_rating_count":104,"barangay_slug":"mount-data","barangay_name":"Mount Data"},"geometry":{"type":"Point","coordinates":[120.8635194,16.8523841]}},{"type":"Feature","properties":{"name":"Promise Haven by Igorottis","kind":"tourism","kind_label":"Tourism","source":"google_places","google_place_id":"ChIJKZETMgDTkTMRzLlHtyOX7Y0","google_primary_type":"hostel","google_primary_type_label":"Hostel","google_types":["hostel","lodging","point_of_interest","establishment"],"google_maps_uri":"https://maps.google.com/?cid=10226996508482845132&g_mp=Cilnb29nbGUubWFwcy5wbGFjZXMudjEuUGxhY2VzLlNlYXJjaE5lYXJieRACGAQgAA","google_icon_mask_base_uri":"https://maps.gstatic.com/mapfiles/place_api/icons/v2/hotel_pinlet","google_icon_background_color":"#909CE1","formatted_address":"VV69+4X5 Mount Data, Bauko, Mountain Province, Philippines","business_status":"OPERATIONAL","rating":null,"user_rating_count":null,"barangay_slug":"mount-data","barangay_name":"Mount Data"},"geometry":{"type":"Point","coordinates":[120.86998829999999,16.8602581]}},{"type":"Feature","properties":{"name":"Sawmill Guesthouse","kind":"tourism","kind_label":"Tourism","source":"google_places","google_place_id":"ChIJXXNHdGjTkTMRnvnGQ1HfIWM","google_primary_type":"lodging","google_primary_type_label":"Lodging","google_types":["lodging","point_of_interest","establishment"],"google_maps_uri":"https://maps.google.com/?cid=7143236024108775838&g_mp=Cilnb29nbGUubWFwcy5wbGFjZXMudjEuUGxhY2VzLlNlYXJjaE5lYXJieRACGAQgAA","google_icon_mask_base_uri":"https://maps.gstatic.com/mapfiles/place_api/icons/v2/hotel_pinlet","google_icon_background_color":"#909CE1","formatted_address":"VV6C+422, Bauko, Mountain Province, Philippines","business_status":"CLOSED_TEMPORARILY","rating":null,"user_rating_count":null,"barangay_slug":"mount-data","barangay_name":"Mount Data"},"geometry":{"type":"Point","coordinates":[120.87000400000001,16.860257]}},{"type":"Feature","properties":{"name":"DUPINGAY FUEL REFILLING STATION","kind":"transport","kind_label":"Transport","source":"google_places","google_place_id":"ChIJ41g69RrTkTMRmVwWVMu3GYk","google_primary_type":"gas_station","google_primary_type_label":"Gas Station","google_types":["gas_station","service","point_of_interest","establishment"],"google_maps_uri":"https://maps.google.com/?cid=9879129341530889369&g_mp=Cilnb29nbGUubWFwcy5wbGFjZXMudjEuUGxhY2VzLlNlYXJjaE5lYXJieRACGAQgAA","google_icon_mask_base_uri":"https://maps.gstatic.com/mapfiles/place_api/icons/v2/gas_pinlet","google_icon_background_color":"#909CE1","formatted_address":"Bauko, Mountain Province, Philippines","business_status":"OPERATIONAL","rating":null,"user_rating_count":null,"barangay_slug":"mount-data","barangay_name":"Mount Data"},"geometry":{"type":"Point","coordinates":[120.8641267,16.8513718]}},{"type":"Feature","properties":{"name":"Petron","kind":"transport","kind_label":"Transport","source":"google_places","google_place_id":"ChIJcfZ4URXTkTMRVVwdcquLQs0","google_primary_type":"gas_station","google_primary_type_label":"Gas Station","google_types":["gas_station","service","point_of_interest","establishment"],"google_maps_uri":"https://maps.google.com/?cid=14790537694708325461&g_mp=Cilnb29nbGUubWFwcy5wbGFjZXMudjEuUGxhY2VzLlNlYXJjaE5lYXJieRACGAQgAA","google_icon_mask_base_uri":"https://maps.gstatic.com/mapfiles/place_api/icons/v2/gas_pinlet","google_icon_background_color":"#909CE1","formatted_address":"VV6C+JX6, Halsema Highway, Bauko, Mountain Province, Philippines","business_status":"OPERATIONAL","rating":4,"user_rating_count":6,"barangay_slug":"mount-data","barangay_name":"Mount Data"},"geometry":{"type":"Point","coordinates":[120.87239729999999,16.8615366]}},{"type":"Feature","properties":{"name":"Church of the Nazarene - Mt. Data","kind":"worship","kind_label":"Worship","source":"google_places","google_place_id":"ChIJT-EGthbTkTMRf8xEShWW6do","google_primary_type":"church","google_primary_type_label":"Church","google_types":["church","place_of_worship","association_or_organization","point_of_interest","establishment"],"google_maps_uri":"https://maps.google.com/?cid=15774304188026375295&g_mp=Cilnb29nbGUubWFwcy5wbGFjZXMudjEuUGxhY2VzLlNlYXJjaE5lYXJieRACGAQgAA","google_icon_mask_base_uri":"https://maps.gstatic.com/mapfiles/place_api/icons/v2/worship_christian_pinlet","google_icon_background_color":"#7B9EB0","formatted_address":"Mount Data, 102 Halsema Highway, Sabangan, 2622 Mountain Province, Philippines","business_status":"OPERATIONAL","rating":null,"user_rating_count":null,"barangay_slug":"mount-data","barangay_name":"Mount Data"},"geometry":{"type":"Point","coordinates":[120.86749139999998,16.8561485]}},{"type":"Feature","properties":{"name":"Mountaintop Chapel","kind":"worship","kind_label":"Worship","source":"google_places","google_place_id":"ChIJyRT4w9XTkTMRN7xi4DXaokA","google_primary_type":"church","google_primary_type_label":"Church","google_types":["church","place_of_worship","point_of_interest","association_or_organization","establishment"],"google_maps_uri":"https://maps.google.com/?cid=4657524889587203127&g_mp=Cilnb29nbGUubWFwcy5wbGFjZXMudjEuUGxhY2VzLlNlYXJjaE5lYXJieRACGAQgAA","google_icon_mask_base_uri":"https://maps.gstatic.com/mapfiles/place_api/icons/v2/worship_christian_pinlet","google_icon_background_color":"#7B9EB0","formatted_address":"VV37+P33, Mt. Data Lodge Rd, Bauko, Mountain Province, Philippines","business_status":"OPERATIONAL","rating":5,"user_rating_count":1,"barangay_slug":"mount-data","barangay_name":"Mount Data"},"geometry":{"type":"Point","coordinates":[120.86267009999999,16.854258899999998]}},{"type":"Feature","properties":{"name":"Nazarene Church","kind":"worship","kind_label":"Worship","source":"google_places","google_place_id":"ChIJ-66IMkDTkTMR8ZnJ25NwEOU","google_primary_type":"church","google_primary_type_label":"Church","google_types":["church","place_of_worship","association_or_organization","point_of_interest","establishment"],"google_maps_uri":"https://maps.google.com/?cid=16505816414662793713&g_mp=Cilnb29nbGUubWFwcy5wbGFjZXMudjEuUGxhY2VzLlNlYXJjaE5lYXJieRACGAQgAA","google_icon_mask_base_uri":"https://maps.gstatic.com/mapfiles/place_api/icons/v2/worship_christian_pinlet","google_icon_background_color":"#7B9EB0","formatted_address":"VV7F+MF6, Halsema Highway, Bauko, Mountain Province, Philippines","business_status":"OPERATIONAL","rating":3.3,"user_rating_count":3,"barangay_slug":"mount-data","barangay_name":"Mount Data"},"geometry":{"type":"Point","coordinates":[120.87362590000001,16.864163299999998]}},{"type":"Feature","properties":{"name":"Roman Catholic Church","kind":"worship","kind_label":"Worship","source":"google_places","google_place_id":"ChIJP07gTRXTkTMR_muRaXjLpWA","google_primary_type":"church","google_primary_type_label":"Church","google_types":["church","place_of_worship","association_or_organization","point_of_interest","establishment"],"google_maps_uri":"https://maps.google.com/?cid=6964196116825992190&g_mp=Cilnb29nbGUubWFwcy5wbGFjZXMudjEuUGxhY2VzLlNlYXJjaE5lYXJieRACGAQgAA","google_icon_mask_base_uri":"https://maps.gstatic.com/mapfiles/place_api/icons/v2/worship_christian_pinlet","google_icon_background_color":"#7B9EB0","formatted_address":"VV6C+MR4, Halsema Highway, Bauko, Mountain Province, Philippines","business_status":"OPERATIONAL","rating":null,"user_rating_count":null,"barangay_slug":"mount-data","barangay_name":"Mount Data"},"geometry":{"type":"Point","coordinates":[120.87207360000001,16.8616276]}},{"type":"Feature","properties":{"name":"St. Mary In The Forest Church","kind":"worship","kind_label":"Worship","source":"google_places","google_place_id":"ChIJGS62smrTkTMReV8Qc18EICo","google_primary_type":"church","google_primary_type_label":"Church","google_types":["church","place_of_worship","association_or_organization","point_of_interest","establishment"],"google_maps_uri":"https://maps.google.com/?cid=3035430956846571385&g_mp=Cilnb29nbGUubWFwcy5wbGFjZXMudjEuUGxhY2VzLlNlYXJjaE5lYXJieRACGAQgAA","google_icon_mask_base_uri":"https://maps.gstatic.com/mapfiles/place_api/icons/v2/worship_christian_pinlet","google_icon_background_color":"#7B9EB0","formatted_address":"102 Halsema Highway, Bauko, Mountain Province, Philippines","business_status":"OPERATIONAL","rating":3,"user_rating_count":1,"barangay_slug":"mount-data","barangay_name":"Mount Data"},"geometry":{"type":"Point","coordinates":[120.8720297,16.8619715]}},{"type":"Feature","properties":{"name":"Bila-Otucan Norte Common Cemetry","kind":"business","kind_label":"Business","source":"google_places","google_place_id":"ChIJXWojJtgqjjMRIlgH3WuBibo","google_primary_type":"cemetery","google_primary_type_label":"Cemetery","google_types":["cemetery","service","point_of_interest","establishment"],"google_maps_uri":"https://maps.google.com/?cid=13441416863133685794&g_mp=Cilnb29nbGUubWFwcy5wbGFjZXMudjEuUGxhY2VzLlNlYXJjaE5lYXJieRACGAQgAA","google_icon_mask_base_uri":"https://maps.gstatic.com/mapfiles/place_api/icons/v2/cemetery_pinlet","google_icon_background_color":"#7B9EB0","formatted_address":"2V4M+4JP, Kebasan, Bauko, Mountain Province, Philippines","business_status":"OPERATIONAL","rating":null,"user_rating_count":null,"barangay_slug":"otucan-norte","barangay_name":"Otucan Norte"},"geometry":{"type":"Point","coordinates":[120.88409190000002,17.0053288]}},{"type":"Feature","properties":{"name":"Baey Alapo Vintage Homestay","kind":"tourism","kind_label":"Tourism","source":"google_places","google_place_id":"ChIJ7ajt8qArjjMRX9mepgsAwRw","google_primary_type":"private_guest_room","google_primary_type_label":"Homestay","google_types":["private_guest_room","lodging","point_of_interest","establishment"],"google_maps_uri":"https://maps.google.com/?cid=2071937353607207263&g_mp=Cilnb29nbGUubWFwcy5wbGFjZXMudjEuUGxhY2VzLlNlYXJjaE5lYXJieRACGAQgAA","google_icon_mask_base_uri":"https://maps.gstatic.com/mapfiles/place_api/icons/v2/hotel_pinlet","google_icon_background_color":"#909CE1","formatted_address":"184 Kebasan, Otucan Norte, Bauko, Mountain Province, Philippines","business_status":"OPERATIONAL","rating":null,"user_rating_count":null,"barangay_slug":"otucan-norte","barangay_name":"Otucan Norte"},"geometry":{"type":"Point","coordinates":[120.88481949999999,17.001846999999998]}},{"type":"Feature","properties":{"name":"LOCONG GAS STATION","kind":"transport","kind_label":"Transport","source":"google_places","google_place_id":"ChIJ4ypowLgrjjMRrGhu2S_enPM","google_primary_type":"gas_station","google_primary_type_label":"Gas Station","google_types":["gas_station","service","point_of_interest","establishment"],"google_maps_uri":"https://maps.google.com/?cid=17554149744676071596&g_mp=Cilnb29nbGUubWFwcy5wbGFjZXMudjEuUGxhY2VzLlNlYXJjaE5lYXJieRACGAQgAA","google_icon_mask_base_uri":"https://maps.gstatic.com/mapfiles/place_api/icons/v2/gas_pinlet","google_icon_background_color":"#909CE1","formatted_address":"2V2R+CV7, Bauko, Mountain Province, Philippines","business_status":"OPERATIONAL","rating":null,"user_rating_count":null,"barangay_slug":"otucan-norte","barangay_name":"Otucan Norte"},"geometry":{"type":"Point","coordinates":[120.892173,17.0010254]}},{"type":"Feature","properties":{"name":"Polistoan","kind":"worship","kind_label":"Worship","source":"google_places","google_place_id":"ChIJQ7fdVNcqjjMRc-kx8QuO7sQ","google_primary_type":"church","google_primary_type_label":"Church","google_types":["church","place_of_worship","association_or_organization","point_of_interest","establishment"],"google_maps_uri":"https://maps.google.com/?cid=14190435657833376115&g_mp=Cilnb29nbGUubWFwcy5wbGFjZXMudjEuUGxhY2VzLlNlYXJjaE5lYXJieRACGAQgAA","google_icon_mask_base_uri":"https://maps.gstatic.com/mapfiles/place_api/icons/v2/worship_christian_pinlet","google_icon_background_color":"#7B9EB0","formatted_address":"2V2M+RR3, Kebasan, Bauko, Mountain Province, Philippines","business_status":"OPERATIONAL","rating":null,"user_rating_count":null,"barangay_slug":"otucan-norte","barangay_name":"Otucan Norte"},"geometry":{"type":"Point","coordinates":[120.8845519,17.002000799999998]}},{"type":"Feature","properties":{"name":"Acogga Dry Goods Trading","kind":"business","kind_label":"Business","source":"google_places","google_place_id":"ChIJCSX48n4rjjMRs0uCy917Pn8","google_primary_type":"store","google_primary_type_label":"Store","google_types":["store","wholesaler","supplier","point_of_interest","establishment"],"google_maps_uri":"https://maps.google.com/?cid=9168902083905211315&g_mp=Cilnb29nbGUubWFwcy5wbGFjZXMudjEuUGxhY2VzLlNlYXJjaE5lYXJieRACGAQgAA","google_icon_mask_base_uri":"https://maps.gstatic.com/mapfiles/place_api/icons/v2/shopping_pinlet","google_icon_background_color":"#4B96F3","formatted_address":"Otucan, Bauko, 2621 Mountain Province, Philippines","business_status":"OPERATIONAL","rating":null,"user_rating_count":null,"barangay_slug":"otucan-sur","barangay_name":"Otucan Sur"},"geometry":{"type":"Point","coordinates":[120.89151899999999,16.991550699999998]}},{"type":"Feature","properties":{"name":"Andanom","kind":"business","kind_label":"Business","source":"google_places","google_place_id":"ChIJiRBXLAArjjMRT6dL9v5jbU4","google_primary_type":"bar","google_primary_type_label":"Bar","google_types":["bar","point_of_interest","establishment"],"google_maps_uri":"https://maps.google.com/?cid=5651283054124836687&g_mp=Cilnb29nbGUubWFwcy5wbGFjZXMudjEuUGxhY2VzLlNlYXJjaE5lYXJieRACGAQgAA","google_icon_mask_base_uri":"https://maps.gstatic.com/mapfiles/place_api/icons/v2/bar_pinlet","google_icon_background_color":"#FF9E67","formatted_address":"XVQF+643, Bauko, Mountain Province, Philippines","business_status":"OPERATIONAL","rating":null,"user_rating_count":null,"barangay_slug":"otucan-sur","barangay_name":"Otucan Sur"},"geometry":{"type":"Point","coordinates":[120.872809,16.9880058]}},{"type":"Feature","properties":{"name":"Bauko mt province","kind":"business","kind_label":"Business","source":"google_places","google_place_id":"ChIJjW2TWgArjjMRMrckclNFah0","google_primary_type":"car_repair","google_primary_type_label":"Car repair and maintenance service","google_types":["car_repair","service","point_of_interest","establishment"],"google_maps_uri":"https://maps.google.com/?cid=2119582799330850610&g_mp=Cidnb29nbGUubWFwcy5wbGFjZXMudjEuUGxhY2VzLlNlYXJjaFRleHQQAhgEIAA","google_icon_mask_base_uri":"https://maps.gstatic.com/mapfiles/place_api/icons/v2/generic_pinlet","google_icon_background_color":"#7B9EB0","formatted_address":"XVQF+643, Bauko, Mountain Province, Philippines","business_status":"OPERATIONAL","rating":null,"user_rating_count":null,"barangay_slug":"otucan-sur","barangay_name":"Otucan Sur"},"geometry":{"type":"Point","coordinates":[120.872809,16.9880058]}},{"type":"Feature","properties":{"name":"Early Bird's Electrical Supply","kind":"business","kind_label":"Business","source":"google_places","google_place_id":"ChIJ-QA65D4rjjMRvvFcyOtYGvQ","google_primary_type":"service","google_primary_type_label":"Services","google_types":["point_of_interest","service","store","establishment"],"google_maps_uri":"https://maps.google.com/?cid=17589469064350986686&g_mp=Cilnb29nbGUubWFwcy5wbGFjZXMudjEuUGxhY2VzLlNlYXJjaE5lYXJieRACGAQgAA","google_icon_mask_base_uri":"https://maps.gstatic.com/mapfiles/place_api/icons/v2/shopping_pinlet","google_icon_background_color":"#4B96F3","formatted_address":"XVWG+FWP, Bauko, Mountain Province, Philippines","business_status":"OPERATIONAL","rating":null,"user_rating_count":null,"barangay_slug":"otucan-sur","barangay_name":"Otucan Sur"},"geometry":{"type":"Point","coordinates":[120.87733589999999,16.9962202]}},{"type":"Feature","properties":{"name":"Enclean Diesel Refilling Station","kind":"business","kind_label":"Business","source":"google_places","google_place_id":"ChIJBwAmzcMqjjMRYeL-FEcOr8I","google_primary_type":null,"google_primary_type_label":null,"google_types":["point_of_interest","establishment"],"google_maps_uri":"https://maps.google.com/?cid=14028447062740099681&g_mp=Cidnb29nbGUubWFwcy5wbGFjZXMudjEuUGxhY2VzLlNlYXJjaFRleHQQAhgEIAA","google_icon_mask_base_uri":"https://maps.gstatic.com/mapfiles/place_api/icons/v2/generic_pinlet","google_icon_background_color":"#7B9EB0","formatted_address":"XVVG+M95, Tagudin - Cervantes - Sabangan Rd, Bauko, Mountain Province, Philippines","business_status":"OPERATIONAL","rating":4,"user_rating_count":1,"barangay_slug":"otucan-sur","barangay_name":"Otucan Sur"},"geometry":{"type":"Point","coordinates":[120.87599000000002,16.9941472]}},{"type":"Feature","properties":{"name":"Ganday's Eatery","kind":"business","kind_label":"Business","source":"google_places","google_place_id":"ChIJpUF1JAArjjMRRSPvje2TLRM","google_primary_type":"restaurant","google_primary_type_label":"Restaurant","google_types":["restaurant","fast_food_restaurant","point_of_interest","food","establishment"],"google_maps_uri":"https://maps.google.com/?cid=1381923309170402117&g_mp=Cilnb29nbGUubWFwcy5wbGFjZXMudjEuUGxhY2VzLlNlYXJjaE5lYXJieRACGAQgAA","google_icon_mask_base_uri":"https://maps.gstatic.com/mapfiles/place_api/icons/v2/restaurant_pinlet","google_icon_background_color":"#FF9E67","formatted_address":"Bawi Banao, 330, Bauko, 2621 Mountain Province, Philippines","business_status":"OPERATIONAL","rating":null,"user_rating_count":null,"barangay_slug":"otucan-sur","barangay_name":"Otucan Sur"},"geometry":{"type":"Point","coordinates":[120.89086329999998,16.9831757]}},{"type":"Feature","properties":{"name":"GB House Ware Trading","kind":"business","kind_label":"Business","source":"google_places","google_place_id":"ChIJK4byVgArjjMRaNJbsy2GQPw","google_primary_type":"home_goods_store","google_primary_type_label":"Home Goods Store","google_types":["home_goods_store","point_of_interest","store","establishment"],"google_maps_uri":"https://maps.google.com/?cid=18176675626908111464&g_mp=Cilnb29nbGUubWFwcy5wbGFjZXMudjEuUGxhY2VzLlNlYXJjaE5lYXJieRACGAQgAA","google_icon_mask_base_uri":"https://maps.gstatic.com/mapfiles/place_api/icons/v2/shopping_pinlet","google_icon_background_color":"#4B96F3","formatted_address":"XVQF+643, Bauko, Mountain Province, Philippines","business_status":"OPERATIONAL","rating":null,"user_rating_count":null,"barangay_slug":"otucan-sur","barangay_name":"Otucan Sur"},"geometry":{"type":"Point","coordinates":[120.872809,16.9880058]}},{"type":"Feature","properties":{"name":"Iglesia Ni Cristo [Mountain Province] - Otucan","kind":"business","kind_label":"Business","source":"google_places","google_place_id":"ChIJNzIonsEqjjMRannZ3ovQc5M","google_primary_type":"place_of_worship","google_primary_type_label":"Place of Worship","google_types":["place_of_worship","association_or_organization","point_of_interest","establishment"],"google_maps_uri":"https://maps.google.com/?cid=10625065245054957930&g_mp=Cidnb29nbGUubWFwcy5wbGFjZXMudjEuUGxhY2VzLlNlYXJjaFRleHQQAhgEIAA","google_icon_mask_base_uri":"https://maps.gstatic.com/mapfiles/place_api/icons/v2/generic_pinlet","google_icon_background_color":"#7B9EB0","formatted_address":"XVRG+P74, Tagudin - Cervantes - Sabangan Rd, Bauko, Mountain Province, Philippines","business_status":"OPERATIONAL","rating":4.8,"user_rating_count":5,"barangay_slug":"otucan-sur","barangay_name":"Otucan Sur"},"geometry":{"type":"Point","coordinates":[120.87571369999999,16.991752899999998]}},{"type":"Feature","properties":{"name":"Iron Will Trading OPC","kind":"business","kind_label":"Business","source":"google_places","google_place_id":"ChIJEUjiZ-4rjjMRvOlpXHEOZXE","google_primary_type":"store","google_primary_type_label":"Store","google_types":["store","point_of_interest","establishment"],"google_maps_uri":"https://maps.google.com/?cid=8170952978978171324&g_mp=Cilnb29nbGUubWFwcy5wbGFjZXMudjEuUGxhY2VzLlNlYXJjaE5lYXJieRACGAQgAA","google_icon_mask_base_uri":"https://maps.gstatic.com/mapfiles/place_api/icons/v2/shopping_pinlet","google_icon_background_color":"#4B96F3","formatted_address":"Kaguimongan, Bauko, 2621 Mountain Province, Philippines","business_status":"OPERATIONAL","rating":null,"user_rating_count":null,"barangay_slug":"otucan-sur","barangay_name":"Otucan Sur"},"geometry":{"type":"Point","coordinates":[120.872809,16.9880058]}},{"type":"Feature","properties":{"name":"Jeff palpal","kind":"business","kind_label":"Business","source":"google_places","google_place_id":"ChIJh4Votr0rjjMRKtS4ebLC61s","google_primary_type":"store","google_primary_type_label":"Store","google_types":["store","point_of_interest","establishment"],"google_maps_uri":"https://maps.google.com/?cid=6623601748780569642&g_mp=Cilnb29nbGUubWFwcy5wbGFjZXMudjEuUGxhY2VzLlNlYXJjaE5lYXJieRACGAQgAA","google_icon_mask_base_uri":"https://maps.gstatic.com/mapfiles/place_api/icons/v2/shopping_pinlet","google_icon_background_color":"#4B96F3","formatted_address":"XVXJ+4V5, Bauko, Mountain Province, Philippines","business_status":"OPERATIONAL","rating":null,"user_rating_count":null,"barangay_slug":"otucan-sur","barangay_name":"Otucan Sur"},"geometry":{"type":"Point","coordinates":[120.8822324,16.9977545]}},{"type":"Feature","properties":{"name":"Jian Junzen Stop N' Shop","kind":"business","kind_label":"Business","source":"google_places","google_place_id":"ChIJIeTKYLgrjjMRsA1wNK5XDI8","google_primary_type":"clothing_store","google_primary_type_label":"Clothing Store","google_types":["clothing_store","point_of_interest","store","establishment"],"google_maps_uri":"https://maps.google.com/?cid=10307710052859907504&g_mp=Cilnb29nbGUubWFwcy5wbGFjZXMudjEuUGxhY2VzLlNlYXJjaE5lYXJieRACGAQgAA","google_icon_mask_base_uri":"https://maps.gstatic.com/mapfiles/place_api/icons/v2/shopping_pinlet","google_icon_background_color":"#4B96F3","formatted_address":"XVRF+JWH, Bauko, Mountain Province, Philippines","business_status":"OPERATIONAL","rating":5,"user_rating_count":1,"barangay_slug":"otucan-sur","barangay_name":"Otucan Sur"},"geometry":{"type":"Point","coordinates":[120.87486,16.9915657]}},{"type":"Feature","properties":{"name":"Lamagan Sari-Sari Store","kind":"business","kind_label":"Business","source":"google_places","google_place_id":"ChIJY-FioiYrjjMROE3gsRGJKoU","google_primary_type":"store","google_primary_type_label":"Store","google_types":["store","point_of_interest","establishment"],"google_maps_uri":"https://maps.google.com/?cid=9595632665157979448&g_mp=Cilnb29nbGUubWFwcy5wbGFjZXMudjEuUGxhY2VzLlNlYXJjaE5lYXJieRACGAQgAA","google_icon_mask_base_uri":"https://maps.gstatic.com/mapfiles/place_api/icons/v2/shopping_pinlet","google_icon_background_color":"#4B96F3","formatted_address":"Lamagan, Bauko, 2621 Mountain Province, Philippines","business_status":"OPERATIONAL","rating":null,"user_rating_count":null,"barangay_slug":"otucan-sur","barangay_name":"Otucan Sur"},"geometry":{"type":"Point","coordinates":[120.8728615,16.9880897]}},{"type":"Feature","properties":{"name":"Malupa Auto Parts and Shop","kind":"business","kind_label":"Business","source":"google_places","google_place_id":"ChIJk1qjqkIrjjMRjRkh1Jf-Z-Y","google_primary_type":"auto_parts_store","google_primary_type_label":"Auto Parts Store","google_types":["auto_parts_store","car_repair","point_of_interest","service","store","establishment"],"google_maps_uri":"https://maps.google.com/?cid=16602518479377078669&g_mp=Cilnb29nbGUubWFwcy5wbGFjZXMudjEuUGxhY2VzLlNlYXJjaE5lYXJieRACGAQgAA","google_icon_mask_base_uri":"https://maps.gstatic.com/mapfiles/place_api/icons/v2/shopping_pinlet","google_icon_background_color":"#4B96F3","formatted_address":"Malupa, Bauko, 2621 Mountain Province, Philippines","business_status":"OPERATIONAL","rating":null,"user_rating_count":null,"barangay_slug":"otucan-sur","barangay_name":"Otucan Sur"},"geometry":{"type":"Point","coordinates":[120.8724241,16.9874372]}},{"type":"Feature","properties":{"name":"Otucan Farmers Multipurpose Cooperative","kind":"business","kind_label":"Business","source":"google_places","google_place_id":"ChIJy--V0NoqjjMRce_v63-F8UY","google_primary_type":"bank","google_primary_type_label":"Bank","google_types":["bank","finance","point_of_interest","establishment"],"google_maps_uri":"https://maps.google.com/?cid=5112013836507934577&g_mp=Cilnb29nbGUubWFwcy5wbGFjZXMudjEuUGxhY2VzLlNlYXJjaE5lYXJieRACGAQgAA","google_icon_mask_base_uri":"https://maps.gstatic.com/mapfiles/place_api/icons/v2/bank-intl_pinlet","google_icon_background_color":"#909CE1","formatted_address":"XVXJ+3QC, Bauko, 2621 Mountain Province, Philippines","business_status":"OPERATIONAL","rating":null,"user_rating_count":null,"barangay_slug":"otucan-sur","barangay_name":"Otucan Sur"},"geometry":{"type":"Point","coordinates":[120.88190189999997,16.9976943]}},{"type":"Feature","properties":{"name":"Otucan Sur Barangay Hall","kind":"business","kind_label":"Business","source":"google_places","google_place_id":"ChIJHeVe6NoqjjMRQyPvDRNQfj8","google_primary_type":"event_venue","google_primary_type_label":"Event Venue","google_types":["event_venue","point_of_interest","establishment"],"google_maps_uri":"https://maps.google.com/?cid=4575182314223379267&g_mp=Cidnb29nbGUubWFwcy5wbGFjZXMudjEuUGxhY2VzLlNlYXJjaFRleHQQAhgEIAA","google_icon_mask_base_uri":"https://maps.gstatic.com/mapfiles/place_api/icons/v2/generic_pinlet","google_icon_background_color":"#7B9EB0","formatted_address":"XVXJ+9WR, Tagudin - Cervantes - Sabangan Rd, Bauko, Mountain Province, Philippines","business_status":"OPERATIONAL","rating":5,"user_rating_count":1,"barangay_slug":"otucan-sur","barangay_name":"Otucan Sur"},"geometry":{"type":"Point","coordinates":[120.8822595,16.9984938]}},{"type":"Feature","properties":{"name":"Our Lady Of Lourdes Multipurpose Cooperative","kind":"business","kind_label":"Business","source":"google_places","google_place_id":"ChIJ__8iZMEqjjMR4nmjYd8KQpw","google_primary_type":"bank","google_primary_type_label":"Bank","google_types":["bank","finance","point_of_interest","establishment"],"google_maps_uri":"https://maps.google.com/?cid=11259573972911749602&g_mp=Cilnb29nbGUubWFwcy5wbGFjZXMudjEuUGxhY2VzLlNlYXJjaE5lYXJieRACGAQgAA","google_icon_mask_base_uri":"https://maps.gstatic.com/mapfiles/place_api/icons/v2/bank-intl_pinlet","google_icon_background_color":"#909CE1","formatted_address":"XVRG+VPV, National Highway, Bauko, 2621 Mountain Province, Philippines","business_status":"OPERATIONAL","rating":null,"user_rating_count":null,"barangay_slug":"otucan-sur","barangay_name":"Otucan Sur"},"geometry":{"type":"Point","coordinates":[120.8767968,16.9922334]}},{"type":"Feature","properties":{"name":"R&G Fish trading","kind":"business","kind_label":"Business","source":"google_places","google_place_id":"ChIJO_LL27orjjMRPAOwtIHqFwg","google_primary_type":"store","google_primary_type_label":"Store","google_types":["point_of_interest","store","establishment"],"google_maps_uri":"https://maps.google.com/?cid=583192519570883388&g_mp=Cilnb29nbGUubWFwcy5wbGFjZXMudjEuUGxhY2VzLlNlYXJjaE5lYXJieRACGAQgAA","google_icon_mask_base_uri":"https://maps.gstatic.com/mapfiles/place_api/icons/v2/shopping_pinlet","google_icon_background_color":"#4B96F3","formatted_address":"Usok, Bauko, 2621 Mountain Province, Philippines","business_status":"OPERATIONAL","rating":null,"user_rating_count":null,"barangay_slug":"otucan-sur","barangay_name":"Otucan Sur"},"geometry":{"type":"Point","coordinates":[120.872809,16.9880058]}},{"type":"Feature","properties":{"name":"Rosalina's Sari-Sari Store","kind":"business","kind_label":"Business","source":"google_places","google_place_id":"ChIJdWZoIfgrjjMRlOCnsdR3KFg","google_primary_type":"store","google_primary_type_label":"Store","google_types":["store","point_of_interest","establishment"],"google_maps_uri":"https://maps.google.com/?cid=6352459029803425940&g_mp=Cilnb29nbGUubWFwcy5wbGFjZXMudjEuUGxhY2VzLlNlYXJjaE5lYXJieRACGAQgAA","google_icon_mask_base_uri":"https://maps.gstatic.com/mapfiles/place_api/icons/v2/shopping_pinlet","google_icon_background_color":"#4B96F3","formatted_address":"XVQF+534, Bauko, Mountain Province, Philippines","business_status":"OPERATIONAL","rating":null,"user_rating_count":null,"barangay_slug":"otucan-sur","barangay_name":"Otucan Sur"},"geometry":{"type":"Point","coordinates":[120.8727072,16.9878973]}},{"type":"Feature","properties":{"name":"Saint Paul's Credit Cooperative","kind":"business","kind_label":"Business","source":"google_places","google_place_id":"ChIJn_BSJ9sqjjMRgPWjRP6y59o","google_primary_type":"bank","google_primary_type_label":"Bank","google_types":["bank","finance","point_of_interest","establishment"],"google_maps_uri":"https://maps.google.com/?cid=15773773025031484800&g_mp=Cilnb29nbGUubWFwcy5wbGFjZXMudjEuUGxhY2VzLlNlYXJjaE5lYXJieRACGAQgAA","google_icon_mask_base_uri":"https://maps.gstatic.com/mapfiles/place_api/icons/v2/bank-intl_pinlet","google_icon_background_color":"#909CE1","formatted_address":"XVXJ+7HF, Tagudin - Cervantes - Sabangan Rd, Bauko, Mountain Province, Philippines","business_status":"OPERATIONAL","rating":5,"user_rating_count":1,"barangay_slug":"otucan-sur","barangay_name":"Otucan Sur"},"geometry":{"type":"Point","coordinates":[120.88143699999999,16.9981832]}},{"type":"Feature","properties":{"name":"Salin sad-sadan,bauko","kind":"business","kind_label":"Business","source":"google_places","google_place_id":"ChIJeTLrJpYrjjMRXR4OAv6Iic8","google_primary_type":null,"google_primary_type_label":null,"google_types":["point_of_interest","establishment"],"google_maps_uri":"https://maps.google.com/?cid=14954634662197993053&g_mp=Cidnb29nbGUubWFwcy5wbGFjZXMudjEuUGxhY2VzLlNlYXJjaFRleHQQAhgEIAA","google_icon_mask_base_uri":"https://maps.gstatic.com/mapfiles/place_api/icons/v2/generic_pinlet","google_icon_background_color":"#7B9EB0","formatted_address":"XVQF+643, Bauko, Mountain Province, Philippines","business_status":"OPERATIONAL","rating":null,"user_rating_count":null,"barangay_slug":"otucan-sur","barangay_name":"Otucan Sur"},"geometry":{"type":"Point","coordinates":[120.872809,16.9880058]}},{"type":"Feature","properties":{"name":"Shanshan palpal sarisari store","kind":"business","kind_label":"Business","source":"google_places","google_place_id":"ChIJEyfkM80rjjMRUiHaIemBPLY","google_primary_type":"store","google_primary_type_label":"Store","google_types":["store","point_of_interest","establishment"],"google_maps_uri":"https://maps.google.com/?cid=13131513451800830290&g_mp=Cilnb29nbGUubWFwcy5wbGFjZXMudjEuUGxhY2VzLlNlYXJjaE5lYXJieRACGAQgAA","google_icon_mask_base_uri":"https://maps.gstatic.com/mapfiles/place_api/icons/v2/shopping_pinlet","google_icon_background_color":"#4B96F3","formatted_address":"XVWH+Q42, Bauko, Mountain Province, Philippines","business_status":"OPERATIONAL","rating":null,"user_rating_count":null,"barangay_slug":"otucan-sur","barangay_name":"Otucan Sur"},"geometry":{"type":"Point","coordinates":[120.87777220000001,16.9968784]}},{"type":"Feature","properties":{"name":"Sjoreyll Iron Works and Auto Repair Shop","kind":"business","kind_label":"Business","source":"google_places","google_place_id":"ChIJC33cmnkrjjMRKYVWg6i-6e4","google_primary_type":"store","google_primary_type_label":"Store","google_types":["store","point_of_interest","establishment"],"google_maps_uri":"https://maps.google.com/?cid=17215500681567700265&g_mp=Cilnb29nbGUubWFwcy5wbGFjZXMudjEuUGxhY2VzLlNlYXJjaE5lYXJieRACGAQgAA","google_icon_mask_base_uri":"https://maps.gstatic.com/mapfiles/place_api/icons/v2/shopping_pinlet","google_icon_background_color":"#4B96F3","formatted_address":"XVXP+F26, Bauko, Mountain Province, Philippines","business_status":"OPERATIONAL","rating":null,"user_rating_count":null,"barangay_slug":"otucan-sur","barangay_name":"Otucan Sur"},"geometry":{"type":"Point","coordinates":[120.88502729999999,16.998655400000004]}},{"type":"Feature","properties":{"name":"Susana vegestable store","kind":"business","kind_label":"Business","source":"google_places","google_place_id":"ChIJJ31PngQrjjMRC3ZFUcFfspg","google_primary_type":"wholesaler","google_primary_type_label":"Wholesaler","google_types":["wholesaler","point_of_interest","establishment"],"google_maps_uri":"https://maps.google.com/?cid=11002962123516376587&g_mp=Cidnb29nbGUubWFwcy5wbGFjZXMudjEuUGxhY2VzLlNlYXJjaFRleHQQAhgEIAA","google_icon_mask_base_uri":"https://maps.gstatic.com/mapfiles/place_api/icons/v2/generic_pinlet","google_icon_background_color":"#7B9EB0","formatted_address":"Sur, Bauko, 2621 Mountain Province, Philippines","business_status":"OPERATIONAL","rating":null,"user_rating_count":null,"barangay_slug":"otucan-sur","barangay_name":"Otucan Sur"},"geometry":{"type":"Point","coordinates":[120.872809,16.9880058]}},{"type":"Feature","properties":{"name":"WinC Trading","kind":"business","kind_label":"Business","source":"google_places","google_place_id":"ChIJ60UQFLcrjjMRysch17OJ_pk","google_primary_type":"home_goods_store","google_primary_type_label":"Home Goods Store","google_types":["home_goods_store","point_of_interest","store","establishment"],"google_maps_uri":"https://maps.google.com/?cid=11096457937388947402&g_mp=Cilnb29nbGUubWFwcy5wbGFjZXMudjEuUGxhY2VzLlNlYXJjaE5lYXJieRACGAQgAA","google_icon_mask_base_uri":"https://maps.gstatic.com/mapfiles/place_api/icons/v2/shopping_pinlet","google_icon_background_color":"#4B96F3","formatted_address":"1, Ata-at Otucan Sur, Bauko, 2621 Mountain Province, Philippines","business_status":"OPERATIONAL","rating":null,"user_rating_count":null,"barangay_slug":"otucan-sur","barangay_name":"Otucan Sur"},"geometry":{"type":"Point","coordinates":[120.87518840000001,16.991633699999998]}},{"type":"Feature","properties":{"name":"Banao Barangay Health Station ‐ Mcp","kind":"clinic","kind_label":"Clinic","source":"google_places","google_place_id":"ChIJx8z2-r8qjjMR5kRunfuSFMo","google_primary_type":"doctor","google_primary_type_label":"Doctor","google_types":["doctor","health","point_of_interest","establishment"],"google_maps_uri":"https://maps.google.com/?cid=14561425104571352294&g_mp=Cilnb29nbGUubWFwcy5wbGFjZXMudjEuUGxhY2VzLlNlYXJjaE5lYXJieRACGAQgAA","google_icon_mask_base_uri":"https://maps.gstatic.com/mapfiles/place_api/icons/v2/generic_pinlet","google_icon_background_color":"#7B9EB0","formatted_address":"Banao National Highway, Bauko, 2621 Mountain Province, Philippines","business_status":"OPERATIONAL","rating":null,"user_rating_count":null,"barangay_slug":"otucan-sur","barangay_name":"Otucan Sur"},"geometry":{"type":"Point","coordinates":[120.87345959999999,16.987476]}},{"type":"Feature","properties":{"name":"Bauko Rural Health Unit ‐ Mcp","kind":"clinic","kind_label":"Clinic","source":"google_places","google_place_id":"ChIJh4125L8qjjMR0mk3OH6Trlw","google_primary_type":"doctor","google_primary_type_label":"Doctor","google_types":["doctor","point_of_interest","health","establishment"],"google_maps_uri":"https://maps.google.com/?cid=6678437467755342290&g_mp=Cilnb29nbGUubWFwcy5wbGFjZXMudjEuUGxhY2VzLlNlYXJjaE5lYXJieRACGAQgAA","google_icon_mask_base_uri":"https://maps.gstatic.com/mapfiles/place_api/icons/v2/generic_pinlet","google_icon_background_color":"#7B9EB0","formatted_address":"National Highway, Banao, XVPF+V7F, Bauko, 2621 Mountain Province, Philippines","business_status":"OPERATIONAL","rating":5,"user_rating_count":1,"barangay_slug":"otucan-sur","barangay_name":"Otucan Sur"},"geometry":{"type":"Point","coordinates":[120.8731655,16.9871965]}},{"type":"Feature","properties":{"name":"Botika ni Chychy","kind":"clinic","kind_label":"Clinic","source":"google_places","google_place_id":"ChIJ_TLmPAArjjMR6WIT2FDvPkI","google_primary_type":"pharmacy","google_primary_type_label":"Pharmacy","google_types":["pharmacy","point_of_interest","health","store","establishment"],"google_maps_uri":"https://maps.google.com/?cid=4773515785560875753&g_mp=Cilnb29nbGUubWFwcy5wbGFjZXMudjEuUGxhY2VzLlNlYXJjaE5lYXJieRACGAQgAA","google_icon_mask_base_uri":"https://maps.gstatic.com/mapfiles/place_api/icons/v2/pharmacy_pinlet","google_icon_background_color":"#F88181","formatted_address":"Saint Augustine Church, Tagudin, Ilocos Sur, Philippines","business_status":"OPERATIONAL","rating":null,"user_rating_count":null,"barangay_slug":"otucan-sur","barangay_name":"Otucan Sur"},"geometry":{"type":"Point","coordinates":[120.8797498,16.9967433]}},{"type":"Feature","properties":{"name":"TGP The Generics Pharmacy (Bauko)","kind":"clinic","kind_label":"Clinic","source":"google_places","google_place_id":"ChIJL6ckc8AqjjMR0wXx4KU_GF0","google_primary_type":"pharmacy","google_primary_type_label":"Pharmacy","google_types":["pharmacy","health","store","point_of_interest","establishment"],"google_maps_uri":"https://maps.google.com/?cid=6708181626644399571&g_mp=Cilnb29nbGUubWFwcy5wbGFjZXMudjEuUGxhY2VzLlNlYXJjaE5lYXJieRACGAQgAA","google_icon_mask_base_uri":"https://maps.gstatic.com/mapfiles/place_api/icons/v2/pharmacy_pinlet","google_icon_background_color":"#F88181","formatted_address":"JUNCTION, ABATAN, BAUKO, MOUNTAIN PROVINCE, Bauko,, Bauko, 2621 Mountain Province, Philippines","business_status":"OPERATIONAL","rating":null,"user_rating_count":null,"barangay_slug":"otucan-sur","barangay_name":"Otucan Sur"},"geometry":{"type":"Point","coordinates":[120.8743635,16.9882949]}},{"type":"Feature","properties":{"name":"Bauko PESO","kind":"govt","kind_label":"Government","source":"google_places","google_place_id":"ChIJJ0yC_78qjjMRThtbG9bus80","google_primary_type":"local_government_office","google_primary_type_label":"Local Government Office","google_types":["local_government_office","government_office","point_of_interest","establishment"],"google_maps_uri":"https://maps.google.com/?cid=14822453401955801934&g_mp=Cilnb29nbGUubWFwcy5wbGFjZXMudjEuUGxhY2VzLlNlYXJjaE5lYXJieRACGAQgAA","google_icon_mask_base_uri":"https://maps.gstatic.com/mapfiles/place_api/icons/v2/civic-bldg_pinlet","google_icon_background_color":"#7B9EB0","formatted_address":"XVQF+57R Municipal Hall, Tagudin - Cervantes - Sabangan Rd, Bauko, 2621 Mountain Province, Philippines","business_status":"OPERATIONAL","rating":null,"user_rating_count":null,"barangay_slug":"otucan-sur","barangay_name":"Otucan Sur"},"geometry":{"type":"Point","coordinates":[120.8731251,16.987995299999998]}},{"type":"Feature","properties":{"name":"Dap-ay de Lacbaben","kind":"govt","kind_label":"Government","source":"google_places","google_place_id":"ChIJY1GwJsIqjjMRw7Kbi1CBF8k","google_primary_type":"government_office","google_primary_type_label":"Government Office","google_types":["government_office","point_of_interest","service","establishment"],"google_maps_uri":"https://maps.google.com/?cid=14490192509027463875&g_mp=Cilnb29nbGUubWFwcy5wbGFjZXMudjEuUGxhY2VzLlNlYXJjaE5lYXJieRACGAQgAA","google_icon_mask_base_uri":"https://maps.gstatic.com/mapfiles/place_api/icons/v2/civic-bldg_pinlet","google_icon_background_color":"#7B9EB0","formatted_address":"XVVF+8VV, Tagudin - Cervantes - Sabangan Rd, Bauko, Mountain Province, Philippines","business_status":"OPERATIONAL","rating":null,"user_rating_count":null,"barangay_slug":"otucan-sur","barangay_name":"Otucan Sur"},"geometry":{"type":"Point","coordinates":[120.87467810000001,16.9933653]}},{"type":"Feature","properties":{"name":"HPG","kind":"govt","kind_label":"Government","source":"google_places","google_place_id":"ChIJaYqKNNorjjMR-c77zm3kzOM","google_primary_type":"government_office","google_primary_type_label":"Government Office","google_types":["government_office","point_of_interest","establishment"],"google_maps_uri":"https://maps.google.com/?cid=16414745902133792505&g_mp=Cilnb29nbGUubWFwcy5wbGFjZXMudjEuUGxhY2VzLlNlYXJjaE5lYXJieRACGAQgAA","google_icon_mask_base_uri":"https://maps.gstatic.com/mapfiles/place_api/icons/v2/civic-bldg_pinlet","google_icon_background_color":"#7B9EB0","formatted_address":"Tagudin - Cervantes - Sabangan Rd, Bauko, Mountain Province, Philippines","business_status":"OPERATIONAL","rating":null,"user_rating_count":null,"barangay_slug":"otucan-sur","barangay_name":"Otucan Sur"},"geometry":{"type":"Point","coordinates":[120.87531369999999,16.9932202]}},{"type":"Feature","properties":{"name":"Bauko","kind":"market","kind_label":"Market","source":"google_places","google_place_id":"ChIJJ7xJGgArjjMRQGuHeqjOAUY","google_primary_type":"coffee_shop","google_primary_type_label":"Coffee Shop","google_types":["coffee_shop","cafe","food_store","store","point_of_interest","food","establishment"],"google_maps_uri":"https://maps.google.com/?cid=5044540280637188928&g_mp=Cilnb29nbGUubWFwcy5wbGFjZXMudjEuUGxhY2VzLlNlYXJjaE5lYXJieRACGAQgAA","google_icon_mask_base_uri":"https://maps.gstatic.com/mapfiles/place_api/icons/v2/cafe_pinlet","google_icon_background_color":"#FF9E67","formatted_address":"XVQF+6R5, Bauko, Mountain Province, Philippines","business_status":"OPERATIONAL","rating":null,"user_rating_count":null,"barangay_slug":"otucan-sur","barangay_name":"Otucan Sur"},"geometry":{"type":"Point","coordinates":[120.87460100000001,16.9880013]}},{"type":"Feature","properties":{"name":"Canaan by Happy Teapot","kind":"market","kind_label":"Market","source":"google_places","google_place_id":"ChIJCaO1ewArjjMR_I_Oc0iVotQ","google_primary_type":"coffee_shop","google_primary_type_label":"Coffee Shop","google_types":["coffee_shop","cafe","food_store","store","point_of_interest","food","establishment"],"google_maps_uri":"https://maps.google.com/?cid=15321973020680949756&g_mp=Cilnb29nbGUubWFwcy5wbGFjZXMudjEuUGxhY2VzLlNlYXJjaE5lYXJieRACGAQgAA","google_icon_mask_base_uri":"https://maps.gstatic.com/mapfiles/place_api/icons/v2/cafe_pinlet","google_icon_background_color":"#FF9E67","formatted_address":"Kalimbatawa, Bauko, Mountain Province, Philippines","business_status":"OPERATIONAL","rating":4.3,"user_rating_count":3,"barangay_slug":"otucan-sur","barangay_name":"Otucan Sur"},"geometry":{"type":"Point","coordinates":[120.88219819999999,16.9943134]}},{"type":"Feature","properties":{"name":"Claire Astudillo Marquez Store","kind":"market","kind_label":"Market","source":"google_places","google_place_id":"ChIJq6P73D0rjjMRqYxNg2sOA5Y","google_primary_type":"general_store","google_primary_type_label":"General Store","google_types":["general_store","food_store","food","point_of_interest","store","establishment"],"google_maps_uri":"https://maps.google.com/?cid=10809499385546509481&g_mp=Cilnb29nbGUubWFwcy5wbGFjZXMudjEuUGxhY2VzLlNlYXJjaE5lYXJieRACGAQgAA","google_icon_mask_base_uri":"https://maps.gstatic.com/mapfiles/place_api/icons/v2/shopping_pinlet","google_icon_background_color":"#4B96F3","formatted_address":"Tagudin-Sabangan-Cervantes Road, Upper Tinda-an, Barangay, Bauko, 2621 Mountain Province, Philippines","business_status":"OPERATIONAL","rating":null,"user_rating_count":null,"barangay_slug":"otucan-sur","barangay_name":"Otucan Sur"},"geometry":{"type":"Point","coordinates":[120.88277420000001,16.9987297]}},{"type":"Feature","properties":{"name":"E and J Store","kind":"market","kind_label":"Market","source":"google_places","google_place_id":"ChIJEfU-idoqjjMRoT65c8wqSW8","google_primary_type":"convenience_store","google_primary_type_label":"Convenience Store","google_types":["convenience_store","food_store","food","point_of_interest","store","establishment"],"google_maps_uri":"https://maps.google.com/?cid=8018987669113093793&g_mp=Cilnb29nbGUubWFwcy5wbGFjZXMudjEuUGxhY2VzLlNlYXJjaE5lYXJieRACGAQgAA","google_icon_mask_base_uri":"https://maps.gstatic.com/mapfiles/place_api/icons/v2/convenience_pinlet","google_icon_background_color":"#4B96F3","formatted_address":"XVXM+P89, Tagudin - Cervantes - Sabangan Rd, Bauko, Mountain Province, Philippines","business_status":"OPERATIONAL","rating":null,"user_rating_count":null,"barangay_slug":"otucan-sur","barangay_name":"Otucan Sur"},"geometry":{"type":"Point","coordinates":[120.8833696,16.9992762]}},{"type":"Feature","properties":{"name":"Kodallan/Downtown Store","kind":"market","kind_label":"Market","source":"google_places","google_place_id":"ChIJM6_Lb6MrjjMRdNc-CwtC9_A","google_primary_type":"convenience_store","google_primary_type_label":"Convenience Store","google_types":["convenience_store","food_store","food","point_of_interest","store","establishment"],"google_maps_uri":"https://maps.google.com/?cid=17363419503550977908&g_mp=Cilnb29nbGUubWFwcy5wbGFjZXMudjEuUGxhY2VzLlNlYXJjaE5lYXJieRACGAQgAA","google_icon_mask_base_uri":"https://maps.gstatic.com/mapfiles/place_api/icons/v2/convenience_pinlet","google_icon_background_color":"#4B96F3","formatted_address":"Lower Tindaan, Bauko, 2621 Mountain Province, Philippines","business_status":"OPERATIONAL","rating":null,"user_rating_count":null,"barangay_slug":"otucan-sur","barangay_name":"Otucan Sur"},"geometry":{"type":"Point","coordinates":[120.88374159999998,16.9994291]}},{"type":"Feature","properties":{"name":"Slyvia's Store","kind":"market","kind_label":"Market","source":"google_places","google_place_id":"ChIJ6bbM8toqjjMR9uuBsViJhhc","google_primary_type":"convenience_store","google_primary_type_label":"Convenience Store","google_types":["convenience_store","food_store","food","point_of_interest","store","establishment"],"google_maps_uri":"https://maps.google.com/?cid=1695193323779779574&g_mp=Cilnb29nbGUubWFwcy5wbGFjZXMudjEuUGxhY2VzLlNlYXJjaE5lYXJieRACGAQgAA","google_icon_mask_base_uri":"https://maps.gstatic.com/mapfiles/place_api/icons/v2/convenience_pinlet","google_icon_background_color":"#4B96F3","formatted_address":"XVXM+J53, Tagudin - Cervantes - Sabangan Rd, Bauko, Mountain Province, Philippines","business_status":"OPERATIONAL","rating":null,"user_rating_count":null,"barangay_slug":"otucan-sur","barangay_name":"Otucan Sur"},"geometry":{"type":"Point","coordinates":[120.8829063,16.999019]}},{"type":"Feature","properties":{"name":"TIBAY STORE","kind":"market","kind_label":"Market","source":"google_places","google_place_id":"ChIJDbDS7doqjjMRhJq04w33iO4","google_primary_type":"grocery_store","google_primary_type_label":"Grocery Store","google_types":["grocery_store","food_store","food","point_of_interest","store","establishment"],"google_maps_uri":"https://maps.google.com/?cid=17188259616886397572&g_mp=Cilnb29nbGUubWFwcy5wbGFjZXMudjEuUGxhY2VzLlNlYXJjaE5lYXJieRACGAQgAA","google_icon_mask_base_uri":"https://maps.gstatic.com/mapfiles/place_api/icons/v2/shoppingcart_pinlet","google_icon_background_color":"#4B96F3","formatted_address":"XVXM+G2P, Tagudin - Cervantes - Sabangan Rd, Sabangan, Mountain Province, Philippines","business_status":"OPERATIONAL","rating":null,"user_rating_count":null,"barangay_slug":"otucan-sur","barangay_name":"Otucan Sur"},"geometry":{"type":"Point","coordinates":[120.8825793,16.9988252]}},{"type":"Feature","properties":{"name":"Winluck Ice Cream","kind":"market","kind_label":"Market","source":"google_places","google_place_id":"ChIJUSwtVQArjjMRXJpX6JPKvRI","google_primary_type":"ice_cream_shop","google_primary_type_label":"Ice Cream Shop","google_types":["ice_cream_shop","dessert_shop","confectionery","food_store","food","point_of_interest","store","establishment"],"google_maps_uri":"https://maps.google.com/?cid=1350458199888075356&g_mp=Cilnb29nbGUubWFwcy5wbGFjZXMudjEuUGxhY2VzLlNlYXJjaE5lYXJieRACGAQgAA","google_icon_mask_base_uri":"https://maps.gstatic.com/mapfiles/place_api/icons/v2/shopping_pinlet","google_icon_background_color":"#4B96F3","formatted_address":"XVVG+F7Q, Bauko, Mountain Province, Philippines","business_status":"OPERATIONAL","rating":null,"user_rating_count":null,"barangay_slug":"otucan-sur","barangay_name":"Otucan Sur"},"geometry":{"type":"Point","coordinates":[120.8757311,16.9937379]}},{"type":"Feature","properties":{"name":"Otucan Bila National High School","kind":"school","kind_label":"School","source":"google_places","google_place_id":"ChIJDflDqtwqjjMROEeUiRr54bU","google_primary_type":"secondary_school","google_primary_type_label":"High school","google_types":["secondary_school","school","educational_institution","point_of_interest","establishment"],"google_maps_uri":"https://maps.google.com/?cid=13106030282997516088&g_mp=Cilnb29nbGUubWFwcy5wbGFjZXMudjEuUGxhY2VzLlNlYXJjaE5lYXJieRACGAQgAA","google_icon_mask_base_uri":"https://maps.gstatic.com/mapfiles/place_api/icons/v2/school_pinlet","google_icon_background_color":"#7B9EB0","formatted_address":"XVXH+39C, Tagudin - Cervantes - Sabangan Rd, Bauko, Mountain Province, Philippines","business_status":"OPERATIONAL","rating":null,"user_rating_count":null,"barangay_slug":"otucan-sur","barangay_name":"Otucan Sur"},"geometry":{"type":"Point","coordinates":[120.8783826,16.9976961]}},{"type":"Feature","properties":{"name":"Kalimbatawa","kind":"tourism","kind_label":"Tourism","source":"google_places","google_place_id":"ChIJlTr7psgqjjMRdxoKWOmvXm8","google_primary_type":"park","google_primary_type_label":"Park","google_types":["park","point_of_interest","establishment"],"google_maps_uri":"https://maps.google.com/?cid=8025045002760100471&g_mp=Cilnb29nbGUubWFwcy5wbGFjZXMudjEuUGxhY2VzLlNlYXJjaE5lYXJieRACGAQgAA","google_icon_mask_base_uri":"https://maps.gstatic.com/mapfiles/place_api/icons/v2/tree_pinlet","google_icon_background_color":"#4DB546","formatted_address":"XVRM+6R7, Bauko, Mountain Province, Philippines","business_status":"OPERATIONAL","rating":4.7,"user_rating_count":33,"barangay_slug":"otucan-sur","barangay_name":"Otucan Sur"},"geometry":{"type":"Point","coordinates":[120.8845532,16.9905388]}},{"type":"Feature","properties":{"name":"Otucan Rice Terraces","kind":"tourism","kind_label":"Tourism","source":"google_places","google_place_id":"ChIJowIvm9EqjjMRoxH03J72erY","google_primary_type":"tourist_attraction","google_primary_type_label":"Tourist Attraction","google_types":["tourist_attraction","point_of_interest","establishment"],"google_maps_uri":"https://maps.google.com/?cid=13149093224233832867&g_mp=Cilnb29nbGUubWFwcy5wbGFjZXMudjEuUGxhY2VzLlNlYXJjaE5lYXJieRACGAQgAA","google_icon_mask_base_uri":"https://maps.gstatic.com/mapfiles/place_api/icons/v2/generic_pinlet","google_icon_background_color":"#13B5C7","formatted_address":"XVXQ+6P8, Bauko, Mountain Province, Philippines","business_status":"OPERATIONAL","rating":4.5,"user_rating_count":2,"barangay_slug":"otucan-sur","barangay_name":"Otucan Sur"},"geometry":{"type":"Point","coordinates":[120.88933259999997,16.9980303]}},{"type":"Feature","properties":{"name":"Rising Sun Bus Terminal","kind":"transport","kind_label":"Transport","source":"google_places","google_place_id":"ChIJEzm259oqjjMRcCMtIgzu-QE","google_primary_type":"bus_station","google_primary_type_label":"Bus Station","google_types":["bus_station","transit_station","transportation_service","point_of_interest","establishment"],"google_maps_uri":"https://maps.google.com/?cid=142406599119283056&g_mp=Cilnb29nbGUubWFwcy5wbGFjZXMudjEuUGxhY2VzLlNlYXJjaE5lYXJieRACGAQgAA","google_icon_mask_base_uri":"https://maps.gstatic.com/mapfiles/place_api/icons/v2/bus_share_taxi_pinlet","google_icon_background_color":"#10BDFF","formatted_address":"Tagudin - Cervantes - Sabangan Rd, Bauko, Mountain Province, Philippines","business_status":"OPERATIONAL","rating":null,"user_rating_count":null,"barangay_slug":"otucan-sur","barangay_name":"Otucan Sur"},"geometry":{"type":"Point","coordinates":[120.88264880000001,16.998839399999998]}},{"type":"Feature","properties":{"name":"Jesus Reigns Ministries Bauko, Mountain Province","kind":"worship","kind_label":"Worship","source":"google_places","google_place_id":"ChIJR0GZxUsrjjMRh2OnLRb7d9w","google_primary_type":"church","google_primary_type_label":"Church","google_types":["church","place_of_worship","association_or_organization","point_of_interest","establishment"],"google_maps_uri":"https://maps.google.com/?cid=15886442283246510983&g_mp=Cilnb29nbGUubWFwcy5wbGFjZXMudjEuUGxhY2VzLlNlYXJjaE5lYXJieRACGAQgAA","google_icon_mask_base_uri":"https://maps.gstatic.com/mapfiles/place_api/icons/v2/worship_christian_pinlet","google_icon_background_color":"#7B9EB0","formatted_address":"XVVJ+2X4, Bauko, Mountain Province, Philippines","business_status":"OPERATIONAL","rating":null,"user_rating_count":null,"barangay_slug":"otucan-sur","barangay_name":"Otucan Sur"},"geometry":{"type":"Point","coordinates":[120.88246739999998,16.9925095]}},{"type":"Feature","properties":{"name":"Otucan Sur Seventh-Day Adventist Church","kind":"worship","kind_label":"Worship","source":"google_places","google_place_id":"ChIJk-QkPgArjjMRSWIQLDvqd7c","google_primary_type":"church","google_primary_type_label":"Church","google_types":["church","place_of_worship","association_or_organization","point_of_interest","establishment"],"google_maps_uri":"https://maps.google.com/?cid=13220292771032621641&g_mp=Cilnb29nbGUubWFwcy5wbGFjZXMudjEuUGxhY2VzLlNlYXJjaE5lYXJieRACGAQgAA","google_icon_mask_base_uri":"https://maps.gstatic.com/mapfiles/place_api/icons/v2/worship_christian_pinlet","google_icon_background_color":"#7B9EB0","formatted_address":"XVXM+5X7, Bauko, Mountain Province, Philippines","business_status":"OPERATIONAL","rating":5,"user_rating_count":1,"barangay_slug":"otucan-sur","barangay_name":"Otucan Sur"},"geometry":{"type":"Point","coordinates":[120.88492429999998,16.997903]}},{"type":"Feature","properties":{"name":"Saint Teresita's Church","kind":"worship","kind_label":"Worship","source":"google_places","google_place_id":"ChIJPbIMbNoqjjMREz7sEPn8jKs","google_primary_type":"church","google_primary_type_label":"Church","google_types":["church","place_of_worship","association_or_organization","point_of_interest","establishment"],"google_maps_uri":"https://maps.google.com/?cid=12361533223886142995&g_mp=Cilnb29nbGUubWFwcy5wbGFjZXMudjEuUGxhY2VzLlNlYXJjaE5lYXJieRACGAQgAA","google_icon_mask_base_uri":"https://maps.gstatic.com/mapfiles/place_api/icons/v2/worship_christian_pinlet","google_icon_background_color":"#7B9EB0","formatted_address":"2V2M+68F, Kebasan, Bauko, Mountain Province, Philippines","business_status":"OPERATIONAL","rating":5,"user_rating_count":2,"barangay_slug":"otucan-sur","barangay_name":"Otucan Sur"},"geometry":{"type":"Point","coordinates":[120.88329259999999,17.0005734]}},{"type":"Feature","properties":{"name":"St. Paul's Church","kind":"worship","kind_label":"Worship","source":"google_places","google_place_id":"ChIJyVvIaNsqjjMR9Ybpj-6CH_w","google_primary_type":"church","google_primary_type_label":"Church","google_types":["church","place_of_worship","association_or_organization","point_of_interest","establishment"],"google_maps_uri":"https://maps.google.com/?cid=18167383382964143861&g_mp=Cilnb29nbGUubWFwcy5wbGFjZXMudjEuUGxhY2VzLlNlYXJjaE5lYXJieRACGAQgAA","google_icon_mask_base_uri":"https://maps.gstatic.com/mapfiles/place_api/icons/v2/worship_christian_pinlet","google_icon_background_color":"#7B9EB0","formatted_address":"XVXH+MQH, Tagudin - Cervantes - Sabangan Rd, Bauko, Mountain Province, Philippines","business_status":"OPERATIONAL","rating":4,"user_rating_count":3,"barangay_slug":"otucan-sur","barangay_name":"Otucan Sur"},"geometry":{"type":"Point","coordinates":[120.879481,16.999188]}},{"type":"Feature","properties":{"name":"A.H.B. Construction and Supply","kind":"business","kind_label":"Business","source":"google_places","google_place_id":"ChIJS3nnEtwqjjMRkyRc6JeZvN4","google_primary_type":"building_materials_store","google_primary_type_label":"Building Materials Store","google_types":["building_materials_store","point_of_interest","store","establishment"],"google_maps_uri":"https://maps.google.com/?cid=16049872049759069331&g_mp=Cilnb29nbGUubWFwcy5wbGFjZXMudjEuUGxhY2VzLlNlYXJjaE5lYXJieRACGAQgAA","google_icon_mask_base_uri":"https://maps.gstatic.com/mapfiles/place_api/icons/v2/shopping_pinlet","google_icon_background_color":"#4B96F3","formatted_address":"Otucan Sur, Bauko Mt. Province, XVM8+GMX, Bauko, Mountain Province, Philippines","business_status":"OPERATIONAL","rating":null,"user_rating_count":null,"barangay_slug":"poblacion","barangay_name":"Poblacion (Bauko)"},"geometry":{"type":"Point","coordinates":[120.866733,16.983864]}},{"type":"Feature","properties":{"name":"Andanum Refilling Station","kind":"business","kind_label":"Business","source":"google_places","google_place_id":"ChIJZwfTbJUqjjMR19MOloQVxvA","google_primary_type":null,"google_primary_type_label":null,"google_types":["point_of_interest","establishment"],"google_maps_uri":"https://maps.google.com/?cid=17349578273688835031&g_mp=Cidnb29nbGUubWFwcy5wbGFjZXMudjEuUGxhY2VzLlNlYXJjaFRleHQQAhgEIAA","google_icon_mask_base_uri":"https://maps.gstatic.com/mapfiles/place_api/icons/v2/generic_pinlet","google_icon_background_color":"#7B9EB0","formatted_address":"XVPC+JH7, Tagudin - Cervantes - Sabangan Rd, Bauko, Mountain Province, Philippines","business_status":"OPERATIONAL","rating":5,"user_rating_count":1,"barangay_slug":"poblacion","barangay_name":"Poblacion (Bauko)"},"geometry":{"type":"Point","coordinates":[120.87143719999999,16.986547400000003]}},{"type":"Feature","properties":{"name":"Aw adi graphix print shop","kind":"business","kind_label":"Business","source":"google_places","google_place_id":"ChIJ6bes4wkrjjMRePHuJMj8t28","google_primary_type":"manufacturer","google_primary_type_label":"Manufacturer","google_types":["point_of_interest","service","store","manufacturer","establishment"],"google_maps_uri":"https://maps.google.com/?cid=8050180795491348856&g_mp=Cilnb29nbGUubWFwcy5wbGFjZXMudjEuUGxhY2VzLlNlYXJjaE5lYXJieRACGAQgAA","google_icon_mask_base_uri":"https://maps.gstatic.com/mapfiles/place_api/icons/v2/shopping_pinlet","google_icon_background_color":"#4B96F3","formatted_address":"Poblacion, Bauko, 2621 Mountain Province, Philippines","business_status":"OPERATIONAL","rating":null,"user_rating_count":null,"barangay_slug":"poblacion","barangay_name":"Poblacion (Bauko)"},"geometry":{"type":"Point","coordinates":[120.86867400000001,16.987747199999998]}},{"type":"Feature","properties":{"name":"Bauko Central School Playground","kind":"business","kind_label":"Business","source":"google_places","google_place_id":"ChIJLenB5ZQqjjMRXm3o0Y1Mb4o","google_primary_type":"playground","google_primary_type_label":"Playground","google_types":["playground","point_of_interest","establishment"],"google_maps_uri":"https://maps.google.com/?cid=9975275871644708190&g_mp=Cidnb29nbGUubWFwcy5wbGFjZXMudjEuUGxhY2VzLlNlYXJjaFRleHQQAhgEIAA","google_icon_mask_base_uri":"https://maps.gstatic.com/mapfiles/place_api/icons/v2/generic_pinlet","google_icon_background_color":"#7B9EB0","formatted_address":"Bauko, Mountain Province, Philippines","business_status":"OPERATIONAL","rating":null,"user_rating_count":null,"barangay_slug":"poblacion","barangay_name":"Poblacion (Bauko)"},"geometry":{"type":"Point","coordinates":[120.86936649999998,16.986963]}},{"type":"Feature","properties":{"name":"Bauko Drinking Water","kind":"business","kind_label":"Business","source":"google_places","google_place_id":"ChIJLeepwuwqjjMRbw5DaF8_9NM","google_primary_type":"natural_feature","google_primary_type_label":"Natural Feature","google_types":["natural_feature","establishment"],"google_maps_uri":"https://maps.google.com/?cid=15272901915323862639&g_mp=Cidnb29nbGUubWFwcy5wbGFjZXMudjEuUGxhY2VzLlNlYXJjaFRleHQQAhgEIAA","google_icon_mask_base_uri":"https://maps.gstatic.com/mapfiles/place_api/icons/v2/generic_pinlet","google_icon_background_color":"#7B9EB0","formatted_address":"Bauko Drinking Water, Bauko, Mountain Province, Philippines","business_status":null,"rating":4.7,"user_rating_count":3,"barangay_slug":"poblacion","barangay_name":"Poblacion (Bauko)"},"geometry":{"type":"Point","coordinates":[120.86499450000001,16.9907184]}},{"type":"Feature","properties":{"name":"Bauko Poblacion Cemetery","kind":"business","kind_label":"Business","source":"google_places","google_place_id":"ChIJAQAA3-oqjjMR3mkrbl0Z_-E","google_primary_type":"cemetery","google_primary_type_label":"Cemetery","google_types":["cemetery","service","point_of_interest","establishment"],"google_maps_uri":"https://maps.google.com/?cid=16284762666665994718&g_mp=Cilnb29nbGUubWFwcy5wbGFjZXMudjEuUGxhY2VzLlNlYXJjaE5lYXJieRACGAQgAA","google_icon_mask_base_uri":"https://maps.gstatic.com/mapfiles/place_api/icons/v2/cemetery_pinlet","google_icon_background_color":"#7B9EB0","formatted_address":"XVQC+V3M, Tagudin - Cervantes - Sabangan Rd, Bauko, Mountain Province, Philippines","business_status":"OPERATIONAL","rating":null,"user_rating_count":null,"barangay_slug":"poblacion","barangay_name":"Poblacion (Bauko)"},"geometry":{"type":"Point","coordinates":[120.87017019999999,16.9896907]}},{"type":"Feature","properties":{"name":"Clark Hardware","kind":"business","kind_label":"Business","source":"google_places","google_place_id":"ChIJU-GGhpQqjjMRpMUSHY4eNPE","google_primary_type":"hardware_store","google_primary_type_label":"Hardware Store","google_types":["hardware_store","building_materials_store","store","point_of_interest","establishment"],"google_maps_uri":"https://maps.google.com/?cid=17380550457651545508&g_mp=Cilnb29nbGUubWFwcy5wbGFjZXMudjEuUGxhY2VzLlNlYXJjaE5lYXJieRACGAQgAA","google_icon_mask_base_uri":"https://maps.gstatic.com/mapfiles/place_api/icons/v2/shopping_pinlet","google_icon_background_color":"#4B96F3","formatted_address":"XVP9+M32, Tagudin - Cervantes - Sabangan Rd, Bauko, Mountain Province, Philippines","business_status":"OPERATIONAL","rating":4.7,"user_rating_count":3,"barangay_slug":"poblacion","barangay_name":"Poblacion (Bauko)"},"geometry":{"type":"Point","coordinates":[120.86762660000001,16.9866301]}},{"type":"Feature","properties":{"name":"Department of Education Office, District 1","kind":"business","kind_label":"Business","source":"google_places","google_place_id":"ChIJvRmZwZQqjjMRnlwhH7NE8-w","google_primary_type":null,"google_primary_type_label":null,"google_types":["point_of_interest","establishment"],"google_maps_uri":"https://maps.google.com/?cid=17074066148403797150&g_mp=Cidnb29nbGUubWFwcy5wbGFjZXMudjEuUGxhY2VzLlNlYXJjaFRleHQQAhgEIAA","google_icon_mask_base_uri":"https://maps.gstatic.com/mapfiles/place_api/icons/v2/generic_pinlet","google_icon_background_color":"#7B9EB0","formatted_address":"XVQ9+2GP, Tagudin - Cervantes - Sabangan Rd, Bauko, Mountain Province, Philippines","business_status":"OPERATIONAL","rating":2,"user_rating_count":1,"barangay_slug":"poblacion","barangay_name":"Poblacion (Bauko)"},"geometry":{"type":"Point","coordinates":[120.86883809999999,16.9875837]}},{"type":"Feature","properties":{"name":"Luthgarda's mini sari-sari store","kind":"business","kind_label":"Business","source":"google_places","google_place_id":"ChIJ8chJQd0rjjMRbwf1rMvjJZU","google_primary_type":"store","google_primary_type_label":"Store","google_types":["store","point_of_interest","establishment"],"google_maps_uri":"https://maps.google.com/?cid=10747246549709162351&g_mp=Cilnb29nbGUubWFwcy5wbGFjZXMudjEuUGxhY2VzLlNlYXJjaE5lYXJieRACGAQgAA","google_icon_mask_base_uri":"https://maps.gstatic.com/mapfiles/place_api/icons/v2/shopping_pinlet","google_icon_background_color":"#4B96F3","formatted_address":"Lilicden poblacion, Bauko, 2621 Mountain Province, Philippines","business_status":"OPERATIONAL","rating":null,"user_rating_count":null,"barangay_slug":"poblacion","barangay_name":"Poblacion (Bauko)"},"geometry":{"type":"Point","coordinates":[120.86425159999999,16.9974469]}},{"type":"Feature","properties":{"name":"none","kind":"business","kind_label":"Business","source":"google_places","google_place_id":"ChIJNbL7XlkrjjMRfPzIzLPKOIc","google_primary_type":"restaurant","google_primary_type_label":"Restaurant","google_types":["restaurant","point_of_interest","food","establishment"],"google_maps_uri":"https://maps.google.com/?cid=9743760667399748732&g_mp=Cilnb29nbGUubWFwcy5wbGFjZXMudjEuUGxhY2VzLlNlYXJjaE5lYXJieRACGAQgAA","google_icon_mask_base_uri":"https://maps.gstatic.com/mapfiles/place_api/icons/v2/restaurant_pinlet","google_icon_background_color":"#FF9E67","formatted_address":"Cotcot, Bauko Poblacion, Mountain Province Rural, Bauko, 2621 Mountain Province, Philippines","business_status":"OPERATIONAL","rating":null,"user_rating_count":null,"barangay_slug":"poblacion","barangay_name":"Poblacion (Bauko)"},"geometry":{"type":"Point","coordinates":[120.861064,16.994052399999998]}},{"type":"Feature","properties":{"name":"OneSky Restaurant","kind":"business","kind_label":"Business","source":"google_places","google_place_id":"ChIJleb6Ye0rjjMRQLbLpCyquPQ","google_primary_type":"restaurant","google_primary_type_label":"Restaurant","google_types":["restaurant","point_of_interest","food","establishment"],"google_maps_uri":"https://maps.google.com/?cid=17634031449689273920&g_mp=Cilnb29nbGUubWFwcy5wbGFjZXMudjEuUGxhY2VzLlNlYXJjaE5lYXJieRACGAQgAA","google_icon_mask_base_uri":"https://maps.gstatic.com/mapfiles/place_api/icons/v2/restaurant_pinlet","google_icon_background_color":"#FF9E67","formatted_address":"XVPC+JGH, Tagudin - Cervantes - Sabangan Rd, Bauko, Mountain Province, Philippines","business_status":"OPERATIONAL","rating":3.7,"user_rating_count":3,"barangay_slug":"poblacion","barangay_name":"Poblacion (Bauko)"},"geometry":{"type":"Point","coordinates":[120.8712216,16.9865426]}},{"type":"Feature","properties":{"name":"Tardam'z LPG store","kind":"business","kind_label":"Business","source":"google_places","google_place_id":"ChIJeyYqgkYrjjMRXNnCthGWoLU","google_primary_type":"store","google_primary_type_label":"Store","google_types":["store","point_of_interest","establishment"],"google_maps_uri":"https://maps.google.com/?cid=13087625519963494748&g_mp=Cilnb29nbGUubWFwcy5wbGFjZXMudjEuUGxhY2VzLlNlYXJjaE5lYXJieRACGAQgAA","google_icon_mask_base_uri":"https://maps.gstatic.com/mapfiles/place_api/icons/v2/shopping_pinlet","google_icon_background_color":"#4B96F3","formatted_address":"dalep-ey, Bauko, Mountain Province, Philippines","business_status":"OPERATIONAL","rating":null,"user_rating_count":null,"barangay_slug":"poblacion","barangay_name":"Poblacion (Bauko)"},"geometry":{"type":"Point","coordinates":[120.8660987,16.9908301]}},{"type":"Feature","properties":{"name":"Bauko Central School","kind":"govt","kind_label":"Government","source":"google_places","google_place_id":"ChIJc9OwfBPVkTMRCpFx5WZRRMk","google_primary_type":"government_office","google_primary_type_label":"Government Office","google_types":["government_office","school","educational_institution","point_of_interest","establishment"],"google_maps_uri":"https://maps.google.com/?cid=14502806202417778954&g_mp=Cilnb29nbGUubWFwcy5wbGFjZXMudjEuUGxhY2VzLlNlYXJjaE5lYXJieRACGAQgAA","google_icon_mask_base_uri":"https://maps.gstatic.com/mapfiles/place_api/icons/v2/school_pinlet","google_icon_background_color":"#7B9EB0","formatted_address":"Tapapan Diversion Road, Bauko, 2621 Mountain Province, Philippines","business_status":"CLOSED_TEMPORARILY","rating":null,"user_rating_count":null,"barangay_slug":"poblacion","barangay_name":"Poblacion (Bauko)"},"geometry":{"type":"Point","coordinates":[120.8687954,16.9873177]}},{"type":"Feature","properties":{"name":"Bauko Municipal Health Center","kind":"govt","kind_label":"Government","source":"google_places","google_place_id":"ChIJkez9NOsqjjMRstcTo3lnZGM","google_primary_type":"health","google_primary_type_label":"Health","google_types":["local_government_office","government_office","point_of_interest","health","establishment"],"google_maps_uri":"https://maps.google.com/?cid=7161963079550621618&g_mp=Cilnb29nbGUubWFwcy5wbGFjZXMudjEuUGxhY2VzLlNlYXJjaE5lYXJieRACGAQgAA","google_icon_mask_base_uri":"https://maps.gstatic.com/mapfiles/place_api/icons/v2/civic-bldg_pinlet","google_icon_background_color":"#7B9EB0","formatted_address":"XVQ9+HF9, Tagudin - Cervantes - Sabangan Rd, Bauko, Mountain Province, Philippines","business_status":"OPERATIONAL","rating":4.5,"user_rating_count":2,"barangay_slug":"poblacion","barangay_name":"Poblacion (Bauko)"},"geometry":{"type":"Point","coordinates":[120.8687389,16.9889176]}},{"type":"Feature","properties":{"name":"NCIP, HPG, CIDG and Evacuation Center","kind":"govt","kind_label":"Government","source":"google_places","google_place_id":"ChIJ139g71YrjjMRt6ZSL3d_b7w","google_primary_type":"government_office","google_primary_type_label":"Government Office","google_types":["government_office","point_of_interest","establishment"],"google_maps_uri":"https://maps.google.com/?cid=13578211551417116343&g_mp=Cilnb29nbGUubWFwcy5wbGFjZXMudjEuUGxhY2VzLlNlYXJjaE5lYXJieRACGAQgAA","google_icon_mask_base_uri":"https://maps.gstatic.com/mapfiles/place_api/icons/v2/civic-bldg_pinlet","google_icon_background_color":"#7B9EB0","formatted_address":"XVP9+RXV, Tagudin - Cervantes - Sabangan Rd, Bauko, Mountain Province, Philippines","business_status":"OPERATIONAL","rating":5,"user_rating_count":1,"barangay_slug":"poblacion","barangay_name":"Poblacion (Bauko)"},"geometry":{"type":"Point","coordinates":[120.86991809999999,16.9871144]}},{"type":"Feature","properties":{"name":"Poblacion Bauko Barangay Hall","kind":"govt","kind_label":"Government","source":"google_places","google_place_id":"ChIJabRgPlkrjjMRJRYyqTYd8Vw","google_primary_type":"government_office","google_primary_type_label":"Government Office","google_types":["government_office","point_of_interest","establishment"],"google_maps_uri":"https://maps.google.com/?cid=6697166241480709669&g_mp=Cilnb29nbGUubWFwcy5wbGFjZXMudjEuUGxhY2VzLlNlYXJjaE5lYXJieRACGAQgAA","google_icon_mask_base_uri":"https://maps.gstatic.com/mapfiles/place_api/icons/v2/civic-bldg_pinlet","google_icon_background_color":"#7B9EB0","formatted_address":"XVQ8+WPM, Tagudin - Cervantes - Sabangan Rd, Bauko, Mountain Province, Philippines","business_status":"OPERATIONAL","rating":null,"user_rating_count":null,"barangay_slug":"poblacion","barangay_name":"Poblacion (Bauko)"},"geometry":{"type":"Point","coordinates":[120.86680720000001,16.989827899999998]}},{"type":"Feature","properties":{"name":"D' Backyard Café","kind":"market","kind_label":"Market","source":"google_places","google_place_id":"ChIJFxGyaK0rjjMRDhf6AM3p9V0","google_primary_type":"coffee_shop","google_primary_type_label":"Coffee Shop","google_types":["coffee_shop","cafe","food_store","store","point_of_interest","food","establishment"],"google_maps_uri":"https://maps.google.com/?cid=6770574681515366158&g_mp=Cilnb29nbGUubWFwcy5wbGFjZXMudjEuUGxhY2VzLlNlYXJjaE5lYXJieRACGAQgAA","google_icon_mask_base_uri":"https://maps.gstatic.com/mapfiles/place_api/icons/v2/cafe_pinlet","google_icon_background_color":"#FF9E67","formatted_address":"XVR8+CP4 Poblacion (Back of Boaging Grocery, Bauko, 2621 Mountain Province, Philippines","business_status":"OPERATIONAL","rating":5,"user_rating_count":1,"barangay_slug":"poblacion","barangay_name":"Poblacion (Bauko)"},"geometry":{"type":"Point","coordinates":[120.86683389999999,16.991024]}},{"type":"Feature","properties":{"name":"Domyaan store","kind":"market","kind_label":"Market","source":"google_places","google_place_id":"ChIJt2koYgArjjMRMzFsHcj1Ly8","google_primary_type":"grocery_store","google_primary_type_label":"Grocery Store","google_types":["grocery_store","food_store","food","point_of_interest","store","establishment"],"google_maps_uri":"https://maps.google.com/?cid=3400206483523907891&g_mp=Cilnb29nbGUubWFwcy5wbGFjZXMudjEuUGxhY2VzLlNlYXJjaE5lYXJieRACGAQgAA","google_icon_mask_base_uri":"https://maps.gstatic.com/mapfiles/place_api/icons/v2/shoppingcart_pinlet","google_icon_background_color":"#4B96F3","formatted_address":"XVR7+FWC, Tagudin - Cervantes - Sabangan Rd, Bauko, Mountain Province, Philippines","business_status":"OPERATIONAL","rating":null,"user_rating_count":null,"barangay_slug":"poblacion","barangay_name":"Poblacion (Bauko)"},"geometry":{"type":"Point","coordinates":[120.86475859999999,16.991179]}},{"type":"Feature","properties":{"name":"Four Sister's Bakeshop","kind":"market","kind_label":"Market","source":"google_places","google_place_id":"ChIJ3e09LOUrjjMR1evf-j2vC3w","google_primary_type":"bakery","google_primary_type_label":"Bakery","google_types":["bakery","food_store","store","point_of_interest","food","establishment"],"google_maps_uri":"https://maps.google.com/?cid=8938430566183726037&g_mp=Cilnb29nbGUubWFwcy5wbGFjZXMudjEuUGxhY2VzLlNlYXJjaE5lYXJieRACGAQgAA","google_icon_mask_base_uri":"https://maps.gstatic.com/mapfiles/place_api/icons/v2/restaurant_pinlet","google_icon_background_color":"#FF9E67","formatted_address":"XVR7+4MH, Bauko, Mountain Province, Philippines","business_status":"OPERATIONAL","rating":null,"user_rating_count":null,"barangay_slug":"poblacion","barangay_name":"Poblacion (Bauko)"},"geometry":{"type":"Point","coordinates":[120.86424720000001,16.9903153]}},{"type":"Feature","properties":{"name":"Lilicden Poblacion Bauko","kind":"market","kind_label":"Market","source":"google_places","google_place_id":"ChIJT3p_KgArjjMRfQrWo897YTo","google_primary_type":"grocery_store","google_primary_type_label":"Grocery Store","google_types":["grocery_store","food_store","store","point_of_interest","food","establishment"],"google_maps_uri":"https://maps.google.com/?cid=4206779658677914237&g_mp=Cilnb29nbGUubWFwcy5wbGFjZXMudjEuUGxhY2VzLlNlYXJjaE5lYXJieRACGAQgAA","google_icon_mask_base_uri":"https://maps.gstatic.com/mapfiles/place_api/icons/v2/shoppingcart_pinlet","google_icon_background_color":"#4B96F3","formatted_address":"XVR7+6FR, Tagudin - Cervantes - Sabangan Rd, Bauko, Mountain Province, Philippines","business_status":"OPERATIONAL","rating":5,"user_rating_count":1,"barangay_slug":"poblacion","barangay_name":"Poblacion (Bauko)"},"geometry":{"type":"Point","coordinates":[120.8636289,16.9906158]}},{"type":"Feature","properties":{"name":"Merinos Store","kind":"market","kind_label":"Market","source":"google_places","google_place_id":"ChIJb2v65-wqjjMRuJlraryUzrA","google_primary_type":"grocery_store","google_primary_type_label":"Grocery Store","google_types":["grocery_store","food_store","food","point_of_interest","store","establishment"],"google_maps_uri":"https://maps.google.com/?cid=12740283932837910968&g_mp=Cilnb29nbGUubWFwcy5wbGFjZXMudjEuUGxhY2VzLlNlYXJjaE5lYXJieRACGAQgAA","google_icon_mask_base_uri":"https://maps.gstatic.com/mapfiles/place_api/icons/v2/shoppingcart_pinlet","google_icon_background_color":"#4B96F3","formatted_address":"XVR7+7XV, Tagudin - Cervantes - Sabangan Rd, Bauko, Mountain Province, Philippines","business_status":"OPERATIONAL","rating":null,"user_rating_count":null,"barangay_slug":"poblacion","barangay_name":"Poblacion (Bauko)"},"geometry":{"type":"Point","coordinates":[120.8649092,16.9907385]}},{"type":"Feature","properties":{"name":"Sido's House","kind":"market","kind_label":"Market","source":"google_places","google_place_id":"ChIJA_hucJErjjMRS8D9FMWkx_0","google_primary_type":"bakery","google_primary_type_label":"Bakery","google_types":["bakery","food_store","store","point_of_interest","food","establishment"],"google_maps_uri":"https://maps.google.com/?cid=18286765978328875083&g_mp=Cilnb29nbGUubWFwcy5wbGFjZXMudjEuUGxhY2VzLlNlYXJjaE5lYXJieRACGAQgAA","google_icon_mask_base_uri":"https://maps.gstatic.com/mapfiles/place_api/icons/v2/restaurant_pinlet","google_icon_background_color":"#FF9E67","formatted_address":"XVR7+4MQ, Bauko, Mountain Province, Philippines","business_status":"OPERATIONAL","rating":null,"user_rating_count":null,"barangay_slug":"poblacion","barangay_name":"Poblacion (Bauko)"},"geometry":{"type":"Point","coordinates":[120.8642452,16.9903269]}},{"type":"Feature","properties":{"name":"Bauko Catholic School","kind":"school","kind_label":"School","source":"google_places","google_place_id":"ChIJeQdwe-wqjjMRK2XWqHQH2Pc","google_primary_type":"school","google_primary_type_label":"School","google_types":["school","educational_institution","point_of_interest","establishment"],"google_maps_uri":"https://maps.google.com/?cid=17859032519967925547&g_mp=Cilnb29nbGUubWFwcy5wbGFjZXMudjEuUGxhY2VzLlNlYXJjaE5lYXJieRACGAQgAA","google_icon_mask_base_uri":"https://maps.gstatic.com/mapfiles/place_api/icons/v2/school_pinlet","google_icon_background_color":"#7B9EB0","formatted_address":"Poblacion (Bauko) , 2621 Bauko , Mountain Province, Bauko, Mountain Province, Philippines","business_status":"OPERATIONAL","rating":null,"user_rating_count":null,"barangay_slug":"poblacion","barangay_name":"Poblacion (Bauko)"},"geometry":{"type":"Point","coordinates":[120.86791749999999,16.9913491]}},{"type":"Feature","properties":{"name":"Caotit Primary School","kind":"school","kind_label":"School","source":"google_places","google_place_id":"ChIJ94-iUZEqjjMRazfS22L7VT0","google_primary_type":"primary_school","google_primary_type_label":"Primary School","google_types":["primary_school","school","educational_institution","point_of_interest","establishment"],"google_maps_uri":"https://maps.google.com/?cid=4419715011347363691&g_mp=Cilnb29nbGUubWFwcy5wbGFjZXMudjEuUGxhY2VzLlNlYXJjaE5lYXJieRACGAQgAA","google_icon_mask_base_uri":"https://maps.gstatic.com/mapfiles/place_api/icons/v2/school_pinlet","google_icon_background_color":"#7B9EB0","formatted_address":"Guinzadan Central, Bauko, Mountain Province, Philippines","business_status":"OPERATIONAL","rating":null,"user_rating_count":null,"barangay_slug":"poblacion","barangay_name":"Poblacion (Bauko)"},"geometry":{"type":"Point","coordinates":[120.8666687,16.983333599999998]}},{"type":"Feature","properties":{"name":"Mountain Province State Polytechnic College-Mt. Data","kind":"school","kind_label":"School","source":"google_places","google_place_id":"ChIJA6jjUpEqjjMR5UNGvZzn0e4","google_primary_type":"university","google_primary_type_label":"College","google_types":["university","educational_institution","point_of_interest","establishment"],"google_maps_uri":"https://maps.google.com/?cid=17208790311535789029&g_mp=Cilnb29nbGUubWFwcy5wbGFjZXMudjEuUGxhY2VzLlNlYXJjaE5lYXJieRACGAQgAA","google_icon_mask_base_uri":"https://maps.gstatic.com/mapfiles/place_api/icons/v2/school_pinlet","google_icon_background_color":"#7B9EB0","formatted_address":"Mt. Data, XVM8+8Q9, Bauko, Mountain Province, Philippines","business_status":"OPERATIONAL","rating":null,"user_rating_count":null,"barangay_slug":"poblacion","barangay_name":"Poblacion (Bauko)"},"geometry":{"type":"Point","coordinates":[120.8669968,16.9832993]}},{"type":"Feature","properties":{"name":"Mt. Data National High School - Tipunan Annex","kind":"school","kind_label":"School","source":"google_places","google_place_id":"ChIJ94-iUZEqjjMRbuJlz3Znkrs","google_primary_type":"secondary_school","google_primary_type_label":"High school","google_types":["secondary_school","school","educational_institution","point_of_interest","establishment"],"google_maps_uri":"https://maps.google.com/?cid=13515979191675642478&g_mp=Cilnb29nbGUubWFwcy5wbGFjZXMudjEuUGxhY2VzLlNlYXJjaE5lYXJieRACGAQgAA","google_icon_mask_base_uri":"https://maps.gstatic.com/mapfiles/place_api/icons/v2/school_pinlet","google_icon_background_color":"#7B9EB0","formatted_address":"Monamon Sur, XVM8+8MM, Bauko, Mountain Province, Philippines","business_status":"OPERATIONAL","rating":null,"user_rating_count":null,"barangay_slug":"poblacion","barangay_name":"Poblacion (Bauko)"},"geometry":{"type":"Point","coordinates":[120.8666687,16.983333599999998]}},{"type":"Feature","properties":{"name":"Salin Primary School","kind":"school","kind_label":"School","source":"google_places","google_place_id":"ChIJ94-iUZEqjjMRCcjgXFMpbTU","google_primary_type":"primary_school","google_primary_type_label":"Primary School","google_types":["primary_school","school","educational_institution","point_of_interest","establishment"],"google_maps_uri":"https://maps.google.com/?cid=3849778694488901641&g_mp=Cilnb29nbGUubWFwcy5wbGFjZXMudjEuUGxhY2VzLlNlYXJjaE5lYXJieRACGAQgAA","google_icon_mask_base_uri":"https://maps.gstatic.com/mapfiles/place_api/icons/v2/school_pinlet","google_icon_background_color":"#7B9EB0","formatted_address":"Sadsadsan, XVM8+8MM, Bauko, Mountain Province, Philippines","business_status":"OPERATIONAL","rating":null,"user_rating_count":null,"barangay_slug":"poblacion","barangay_name":"Poblacion (Bauko)"},"geometry":{"type":"Point","coordinates":[120.8666687,16.983333599999998]}},{"type":"Feature","properties":{"name":"Tamog-o Primary School","kind":"school","kind_label":"School","source":"google_places","google_place_id":"ChIJ94-iUZEqjjMR8WYdtalTmYk","google_primary_type":"primary_school","google_primary_type_label":"Primary School","google_types":["primary_school","school","educational_institution","point_of_interest","establishment"],"google_maps_uri":"https://maps.google.com/?cid=9915048042986039025&g_mp=Cilnb29nbGUubWFwcy5wbGFjZXMudjEuUGxhY2VzLlNlYXJjaE5lYXJieRACGAQgAA","google_icon_mask_base_uri":"https://maps.gstatic.com/mapfiles/place_api/icons/v2/school_pinlet","google_icon_background_color":"#7B9EB0","formatted_address":"Monamon Norte, XVM8+8MM, Bauko, Mountain Province, Philippines","business_status":"OPERATIONAL","rating":null,"user_rating_count":null,"barangay_slug":"poblacion","barangay_name":"Poblacion (Bauko)"},"geometry":{"type":"Point","coordinates":[120.8666687,16.983333599999998]}},{"type":"Feature","properties":{"name":"Bauko Catholic School Dormitory","kind":"tourism","kind_label":"Tourism","source":"google_places","google_place_id":"ChIJm1bscOsqjjMRlzCz8v8Z4yo","google_primary_type":"lodging","google_primary_type_label":"Lodging","google_types":["lodging","point_of_interest","establishment"],"google_maps_uri":"https://maps.google.com/?cid=3090342356385476759&g_mp=Cilnb29nbGUubWFwcy5wbGFjZXMudjEuUGxhY2VzLlNlYXJjaE5lYXJieRACGAQgAA","google_icon_mask_base_uri":"https://maps.gstatic.com/mapfiles/place_api/icons/v2/hotel_pinlet","google_icon_background_color":"#909CE1","formatted_address":"XVR9+C5W, Tagudin - Cervantes - Sabangan Rd, Bauko, Mountain Province, Philippines","business_status":"OPERATIONAL","rating":4,"user_rating_count":2,"barangay_slug":"poblacion","barangay_name":"Poblacion (Bauko)"},"geometry":{"type":"Point","coordinates":[120.8679396,16.9911031]}},{"type":"Feature","properties":{"name":"CLARK GRAND RESORT HOTEL (PIKAW)","kind":"tourism","kind_label":"Tourism","source":"google_places","google_place_id":"ChIJKw2BJHkrjjMRJD_JvE8XKN4","google_primary_type":"resort_hotel","google_primary_type_label":"Resort hotel","google_types":["resort_hotel","hotel","lodging","point_of_interest","establishment"],"google_maps_uri":"https://maps.google.com/?cid=16008070506725588772&g_mp=Cilnb29nbGUubWFwcy5wbGFjZXMudjEuUGxhY2VzLlNlYXJjaE5lYXJieRACGAQgAA","google_icon_mask_base_uri":"https://maps.gstatic.com/mapfiles/place_api/icons/v2/hotel_pinlet","google_icon_background_color":"#909CE1","formatted_address":"Pikaw, Bauko, Mountain Province, Philippines","business_status":"OPERATIONAL","rating":4.2,"user_rating_count":56,"barangay_slug":"poblacion","barangay_name":"Poblacion (Bauko)"},"geometry":{"type":"Point","coordinates":[120.87058640000001,16.987433799999998]}},{"type":"Feature","properties":{"name":"Clark Fuel Station","kind":"transport","kind_label":"Transport","source":"google_places","google_place_id":"ChIJM_cqOWIrjjMRISeR-IuRzg8","google_primary_type":"gas_station","google_primary_type_label":"Gas Station","google_types":["gas_station","point_of_interest","service","establishment"],"google_maps_uri":"https://maps.google.com/?cid=1139007786128058145&g_mp=Cilnb29nbGUubWFwcy5wbGFjZXMudjEuUGxhY2VzLlNlYXJjaE5lYXJieRACGAQgAA","google_icon_mask_base_uri":"https://maps.gstatic.com/mapfiles/place_api/icons/v2/gas_pinlet","google_icon_background_color":"#909CE1","formatted_address":"XVPC+J33, Tagudin - Cervantes - Sabangan Rd, Bauko, Mountain Province, Philippines","business_status":"OPERATIONAL","rating":5,"user_rating_count":2,"barangay_slug":"poblacion","barangay_name":"Poblacion (Bauko)"},"geometry":{"type":"Point","coordinates":[120.8701736,16.986505]}},{"type":"Feature","properties":{"name":"Church of the Nazarene - Mayag","kind":"worship","kind_label":"Worship","source":"google_places","google_place_id":"ChIJKwTzbpQqjjMRrZOmDkVvrJ8","google_primary_type":"church","google_primary_type_label":"Church","google_types":["church","place_of_worship","association_or_organization","point_of_interest","establishment"],"google_maps_uri":"https://maps.google.com/?cid=11505693490413999021&g_mp=Cilnb29nbGUubWFwcy5wbGFjZXMudjEuUGxhY2VzLlNlYXJjaE5lYXJieRACGAQgAA","google_icon_mask_base_uri":"https://maps.gstatic.com/mapfiles/place_api/icons/v2/worship_christian_pinlet","google_icon_background_color":"#7B9EB0","formatted_address":"XVP9+46V, Tagudin - Cervantes - Sabangan Rd, Bauko, 2621 Mountain Province, Philippines","business_status":"OPERATIONAL","rating":null,"user_rating_count":null,"barangay_slug":"poblacion","barangay_name":"Poblacion (Bauko)"},"geometry":{"type":"Point","coordinates":[120.86804879999998,16.985365899999998]}},{"type":"Feature","properties":{"name":"Our lady of lourdes","kind":"worship","kind_label":"Worship","source":"google_places","google_place_id":"ChIJn4ID9AQrjjMRxqtlhZigQkQ","google_primary_type":"church","google_primary_type_label":"Church","google_types":["church","place_of_worship","association_or_organization","point_of_interest","establishment"],"google_maps_uri":"https://maps.google.com/?cid=4918670319975508934&g_mp=Cilnb29nbGUubWFwcy5wbGFjZXMudjEuUGxhY2VzLlNlYXJjaE5lYXJieRACGAQgAA","google_icon_mask_base_uri":"https://maps.gstatic.com/mapfiles/place_api/icons/v2/worship_christian_pinlet","google_icon_background_color":"#7B9EB0","formatted_address":"XVR9+F4R, Bauko, Mountain Province, Philippines","business_status":"OPERATIONAL","rating":null,"user_rating_count":null,"barangay_slug":"poblacion","barangay_name":"Poblacion (Bauko)"},"geometry":{"type":"Point","coordinates":[120.8677585,16.991239399999998]}},{"type":"Feature","properties":{"name":"Pentecostal Freewill Baptist Church in the Philippines - Pandayan Church","kind":"worship","kind_label":"Worship","source":"google_places","google_place_id":"ChIJpRZTV5EqjjMRzLsAdhkUWgs","google_primary_type":"church","google_primary_type_label":"Church","google_types":["church","place_of_worship","association_or_organization","point_of_interest","establishment"],"google_maps_uri":"https://maps.google.com/?cid=817988381907663820&g_mp=Cilnb29nbGUubWFwcy5wbGFjZXMudjEuUGxhY2VzLlNlYXJjaE5lYXJieRACGAQgAA","google_icon_mask_base_uri":"https://maps.gstatic.com/mapfiles/place_api/icons/v2/worship_christian_pinlet","google_icon_background_color":"#7B9EB0","formatted_address":"XVM8+CHM, Suysuyoc, Bauko, Mountain Province, Philippines","business_status":"OPERATIONAL","rating":null,"user_rating_count":null,"barangay_slug":"poblacion","barangay_name":"Poblacion (Bauko)"},"geometry":{"type":"Point","coordinates":[120.866432,16.983577]}},{"type":"Feature","properties":{"name":"BFP Station","kind":"business","kind_label":"Business","source":"google_places","google_place_id":"ChIJpddIhLnUkTMRl1bdWf4cZiM","google_primary_type":"corporate_office","google_primary_type_label":"Corporate Office","google_types":["corporate_office","point_of_interest","establishment"],"google_maps_uri":"https://maps.google.com/?cid=2550758117706913431&g_mp=Cidnb29nbGUubWFwcy5wbGFjZXMudjEuUGxhY2VzLlNlYXJjaFRleHQQAhgEIAA","google_icon_mask_base_uri":"https://maps.gstatic.com/mapfiles/place_api/icons/v2/generic_pinlet","google_icon_background_color":"#7B9EB0","formatted_address":"VVWJ+XQX, Baguio - La Trinidad - Bontoc Rd, Bauko, Mountain Province, Philippines","business_status":"OPERATIONAL","rating":null,"user_rating_count":null,"barangay_slug":"sadsadan","barangay_name":"Sadsadan"},"geometry":{"type":"Point","coordinates":[120.8819886,16.8974858]}},{"type":"Feature","properties":{"name":"DJ Snack & Cafe","kind":"business","kind_label":"Business","source":"google_places","google_place_id":"ChIJ0-klVwDVkTMRmG3MfCK9doo","google_primary_type":"asian_restaurant","google_primary_type_label":"Asian Restaurant","google_types":["asian_restaurant","restaurant","point_of_interest","food","establishment"],"google_maps_uri":"https://maps.google.com/?cid=9977369980306222488&g_mp=Cilnb29nbGUubWFwcy5wbGFjZXMudjEuUGxhY2VzLlNlYXJjaE5lYXJieRACGAQgAA","google_icon_mask_base_uri":"https://maps.gstatic.com/mapfiles/place_api/icons/v2/restaurant_pinlet","google_icon_background_color":"#FF9E67","formatted_address":"VVRG+6CJ, Sadsadan, Bauko, Mountain Province, Philippines","business_status":"OPERATIONAL","rating":5,"user_rating_count":1,"barangay_slug":"sadsadan","barangay_name":"Sadsadan"},"geometry":{"type":"Point","coordinates":[120.87600300000001,16.8905972]}},{"type":"Feature","properties":{"name":"EJJ’s Chicken Inasal House","kind":"business","kind_label":"Business","source":"google_places","google_place_id":"ChIJ52wEUgDVkTMR2DERTfz6ys0","google_primary_type":"barbecue_restaurant","google_primary_type_label":"Barbecue Restaurant","google_types":["barbecue_restaurant","restaurant","point_of_interest","food","establishment"],"google_maps_uri":"https://maps.google.com/?cid=14828940684602454488&g_mp=Cilnb29nbGUubWFwcy5wbGFjZXMudjEuUGxhY2VzLlNlYXJjaE5lYXJieRACGAQgAA","google_icon_mask_base_uri":"https://maps.gstatic.com/mapfiles/place_api/icons/v2/restaurant_pinlet","google_icon_background_color":"#FF9E67","formatted_address":"VVVG+96G Sadsadan Trail, Bauko, Mountain Province, Philippines","business_status":"OPERATIONAL","rating":null,"user_rating_count":null,"barangay_slug":"sadsadan","barangay_name":"Sadsadan"},"geometry":{"type":"Point","coordinates":[120.87559340000001,16.8934456]}},{"type":"Feature","properties":{"name":"Five Star Chicen","kind":"business","kind_label":"Business","source":"google_places","google_place_id":"ChIJl-kPNQDVkTMRmhsop3Sij3Q","google_primary_type":"chicken_restaurant","google_primary_type_label":"Chicken Restaurant","google_types":["chicken_restaurant","restaurant","point_of_interest","food","establishment"],"google_maps_uri":"https://maps.google.com/?cid=8399110451973594010&g_mp=Cilnb29nbGUubWFwcy5wbGFjZXMudjEuUGxhY2VzLlNlYXJjaE5lYXJieRACGAQgAA","google_icon_mask_base_uri":"https://maps.gstatic.com/mapfiles/place_api/icons/v2/restaurant_pinlet","google_icon_background_color":"#FF9E67","formatted_address":"VVXJ+5W3 Karatula, Bauko, Mountain Province, Philippines","business_status":"OPERATIONAL","rating":null,"user_rating_count":null,"barangay_slug":"sadsadan","barangay_name":"Sadsadan"},"geometry":{"type":"Point","coordinates":[120.8822974,16.8978783]}},{"type":"Feature","properties":{"name":"JSP TRADING AUTOMOTIVE SHOP","kind":"business","kind_label":"Business","source":"google_places","google_place_id":"ChIJX5DQEQDVkTMReefVj3WyQc4","google_primary_type":"car_repair","google_primary_type_label":"Car repair and maintenance service","google_types":["car_repair","service","point_of_interest","establishment"],"google_maps_uri":"https://maps.google.com/?cid=14862356463293425529&g_mp=Cidnb29nbGUubWFwcy5wbGFjZXMudjEuUGxhY2VzLlNlYXJjaFRleHQQAhgEIAA","google_icon_mask_base_uri":"https://maps.gstatic.com/mapfiles/place_api/icons/v2/generic_pinlet","google_icon_background_color":"#7B9EB0","formatted_address":"VVXJ+5W3 Karatula, Bauko, Mountain Province, Philippines","business_status":"OPERATIONAL","rating":null,"user_rating_count":null,"barangay_slug":"sadsadan","barangay_name":"Sadsadan"},"geometry":{"type":"Point","coordinates":[120.8822974,16.8978783]}},{"type":"Feature","properties":{"name":"LAWIN'S CAFE","kind":"business","kind_label":"Business","source":"google_places","google_place_id":"ChIJhWCZj7nUkTMRURwYeTFrnD4","google_primary_type":"cafe","google_primary_type_label":"Cafe","google_types":["cafe","point_of_interest","food","establishment"],"google_maps_uri":"https://maps.google.com/?cid=4511598786947587153&g_mp=Cilnb29nbGUubWFwcy5wbGFjZXMudjEuUGxhY2VzLlNlYXJjaE5lYXJieRACGAQgAA","google_icon_mask_base_uri":"https://maps.gstatic.com/mapfiles/place_api/icons/v2/cafe_pinlet","google_icon_background_color":"#FF9E67","formatted_address":"Bauko, Mountain Province, Philippines","business_status":"OPERATIONAL","rating":5,"user_rating_count":3,"barangay_slug":"sadsadan","barangay_name":"Sadsadan"},"geometry":{"type":"Point","coordinates":[120.8822587,16.8975857]}},{"type":"Feature","properties":{"name":"Mount Horeb Assembly of God","kind":"business","kind_label":"Business","source":"google_places","google_place_id":"ChIJf2ZpEOrVkTMRNVYkD__NkCU","google_primary_type":"place_of_worship","google_primary_type_label":"Place of Worship","google_types":["place_of_worship","point_of_interest","association_or_organization","establishment"],"google_maps_uri":"https://maps.google.com/?cid=2706889871404062261&g_mp=Cidnb29nbGUubWFwcy5wbGFjZXMudjEuUGxhY2VzLlNlYXJjaFRleHQQAhgEIAA","google_icon_mask_base_uri":"https://maps.gstatic.com/mapfiles/place_api/icons/v2/generic_pinlet","google_icon_background_color":"#7B9EB0","formatted_address":"Lengen, Bauko, 2616 Mountain Province, Philippines","business_status":"OPERATIONAL","rating":null,"user_rating_count":null,"barangay_slug":"sadsadan","barangay_name":"Sadsadan"},"geometry":{"type":"Point","coordinates":[120.87099679999999,16.888634000000003]}},{"type":"Feature","properties":{"name":"Proper","kind":"business","kind_label":"Business","source":"google_places","google_place_id":"ChIJXaghUQDVkTMRKCImfBuANW4","google_primary_type":null,"google_primary_type_label":null,"google_types":["point_of_interest","establishment"],"google_maps_uri":"https://maps.google.com/?cid=7941394373473083944&g_mp=Cidnb29nbGUubWFwcy5wbGFjZXMudjEuUGxhY2VzLlNlYXJjaFRleHQQAhgEIAA","google_icon_mask_base_uri":"https://maps.gstatic.com/mapfiles/place_api/icons/v2/generic_pinlet","google_icon_background_color":"#7B9EB0","formatted_address":"VVVG+MGC, Sadsadan, Bauko, Mountain Province, Philippines","business_status":"OPERATIONAL","rating":5,"user_rating_count":1,"barangay_slug":"sadsadan","barangay_name":"Sadsadan"},"geometry":{"type":"Point","coordinates":[120.8762782,16.894188]}},{"type":"Feature","properties":{"name":"Sadsadan Barangay Hall","kind":"business","kind_label":"Business","source":"google_places","google_place_id":"ChIJXZB-9LzUkTMR5UJzgUcfu4U","google_primary_type":"community_center","google_primary_type_label":"Community Center","google_types":["community_center","event_venue","point_of_interest","service","establishment"],"google_maps_uri":"https://maps.google.com/?cid=9636330219664261861&g_mp=Cidnb29nbGUubWFwcy5wbGFjZXMudjEuUGxhY2VzLlNlYXJjaFRleHQQAhgEIAA","google_icon_mask_base_uri":"https://maps.gstatic.com/mapfiles/place_api/icons/v2/generic_pinlet","google_icon_background_color":"#7B9EB0","formatted_address":"VVWG+2Q5, Halsema Highway, Bauko, Mountain Province, Philippines","business_status":"OPERATIONAL","rating":4.6,"user_rating_count":29,"barangay_slug":"sadsadan","barangay_name":"Sadsadan"},"geometry":{"type":"Point","coordinates":[120.8769733,16.8950041]}},{"type":"Feature","properties":{"name":"Sadsadan Growing in Grace Church","kind":"business","kind_label":"Business","source":"google_places","google_place_id":"ChIJP7lKmLnUkTMR2LzvBFEPX_Y","google_primary_type":"health","google_primary_type_label":"Health","google_types":["point_of_interest","health","establishment"],"google_maps_uri":"https://maps.google.com/?cid=17752925096767372504&g_mp=Cidnb29nbGUubWFwcy5wbGFjZXMudjEuUGxhY2VzLlNlYXJjaFRleHQQAhgEIAA","google_icon_mask_base_uri":"https://maps.gstatic.com/mapfiles/place_api/icons/v2/generic_pinlet","google_icon_background_color":"#7B9EB0","formatted_address":"VVXM+33P, Halsema Highway, Bauko, Mountain Province, Philippines","business_status":"OPERATIONAL","rating":null,"user_rating_count":null,"barangay_slug":"sadsadan","barangay_name":"Sadsadan"},"geometry":{"type":"Point","coordinates":[120.88268839999999,16.8977149]}},{"type":"Feature","properties":{"name":"Sadsadan Longen","kind":"business","kind_label":"Business","source":"google_places","google_place_id":"ChIJJYqzVADVkTMROWKI-x3JrM0","google_primary_type":"association_or_organization","google_primary_type_label":"Association / Organization","google_types":["association_or_organization","point_of_interest","service","establishment"],"google_maps_uri":"https://maps.google.com/?cid=14820441604380713529&g_mp=Cidnb29nbGUubWFwcy5wbGFjZXMudjEuUGxhY2VzLlNlYXJjaFRleHQQAhgEIAA","google_icon_mask_base_uri":"https://maps.gstatic.com/mapfiles/place_api/icons/v2/generic_pinlet","google_icon_background_color":"#7B9EB0","formatted_address":"VVQC+23F, Sadsadan Train - Balicanao Rd, Bauko, Mountain Province, Philippines","business_status":"OPERATIONAL","rating":5,"user_rating_count":1,"barangay_slug":"sadsadan","barangay_name":"Sadsadan"},"geometry":{"type":"Point","coordinates":[120.87018429999999,16.8875633]}},{"type":"Feature","properties":{"name":"Sadsadan mabilig","kind":"business","kind_label":"Business","source":"google_places","google_place_id":"ChIJkT7w8WPVkTMRmOsK1h8AfrE","google_primary_type":"association_or_organization","google_primary_type_label":"Association / Organization","google_types":["association_or_organization","point_of_interest","service","establishment"],"google_maps_uri":"https://maps.google.com/?cid=12789660128513813400&g_mp=Cidnb29nbGUubWFwcy5wbGFjZXMudjEuUGxhY2VzLlNlYXJjaFRleHQQAhgEIAA","google_icon_mask_base_uri":"https://maps.gstatic.com/mapfiles/place_api/icons/v2/generic_pinlet","google_icon_background_color":"#7B9EB0","formatted_address":"VVXH+3C9, Sadsadan, Bauko, Mountain Province, Philippines","business_status":"OPERATIONAL","rating":null,"user_rating_count":null,"barangay_slug":"sadsadan","barangay_name":"Sadsadan"},"geometry":{"type":"Point","coordinates":[120.87860979999999,16.8976649]}},{"type":"Feature","properties":{"name":"Sadsadan Store, Lino's Resident","kind":"business","kind_label":"Business","source":"google_places","google_place_id":"ChIJYVS7QCrVkTMRNXR4r_e_jjg","google_primary_type":"home_goods_store","google_primary_type_label":"Home Goods Store","google_types":["home_goods_store","store","point_of_interest","establishment"],"google_maps_uri":"https://maps.google.com/?cid=4075405783338611765&g_mp=Cilnb29nbGUubWFwcy5wbGFjZXMudjEuUGxhY2VzLlNlYXJjaE5lYXJieRACGAQgAA","google_icon_mask_base_uri":"https://maps.gstatic.com/mapfiles/place_api/icons/v2/shopping_pinlet","google_icon_background_color":"#4B96F3","formatted_address":"VVVG+XH8, Bauko, Mountain Province, Philippines","business_status":"OPERATIONAL","rating":null,"user_rating_count":null,"barangay_slug":"sadsadan","barangay_name":"Sadsadan"},"geometry":{"type":"Point","coordinates":[120.87645999999998,16.8949024]}},{"type":"Feature","properties":{"name":"sadsadan trail","kind":"business","kind_label":"Business","source":"google_places","google_place_id":"ChIJSXNxOgDVkTMRD1jEsTYwebA","google_primary_type":"association_or_organization","google_primary_type_label":"Association / Organization","google_types":["association_or_organization","service","point_of_interest","establishment"],"google_maps_uri":"https://maps.google.com/?cid=12716248034326108175&g_mp=Cidnb29nbGUubWFwcy5wbGFjZXMudjEuUGxhY2VzLlNlYXJjaFRleHQQAhgEIAA","google_icon_mask_base_uri":"https://maps.gstatic.com/mapfiles/place_api/icons/v2/generic_pinlet","google_icon_background_color":"#7B9EB0","formatted_address":"VVVG+PX7 Sadsadan Trail Elementary School, Bauko, Mountain Province, Philippines","business_status":"OPERATIONAL","rating":null,"user_rating_count":null,"barangay_slug":"sadsadan","barangay_name":"Sadsadan"},"geometry":{"type":"Point","coordinates":[120.87741849999999,16.8942984]}},{"type":"Feature","properties":{"name":"Warren's motorcycle parts and accessories","kind":"business","kind_label":"Business","source":"google_places","google_place_id":"ChIJwyfG8mnVkTMREJgGxSKWunU","google_primary_type":"store","google_primary_type_label":"Store","google_types":["store","point_of_interest","establishment"],"google_maps_uri":"https://maps.google.com/?cid=8483257924184348688&g_mp=Cilnb29nbGUubWFwcy5wbGFjZXMudjEuUGxhY2VzLlNlYXJjaE5lYXJieRACGAQgAA","google_icon_mask_base_uri":"https://maps.gstatic.com/mapfiles/place_api/icons/v2/shopping_pinlet","google_icon_background_color":"#4B96F3","formatted_address":"Sadsadan Trail Bauko bontoc, Bauko, 2621 Mountain Province, Philippines","business_status":"OPERATIONAL","rating":null,"user_rating_count":null,"barangay_slug":"sadsadan","barangay_name":"Sadsadan"},"geometry":{"type":"Point","coordinates":[120.8764226,16.8946056]}},{"type":"Feature","properties":{"name":"William´s Motorcycle Parts & Accessories","kind":"business","kind_label":"Business","source":"google_places","google_place_id":"ChIJxXRm5bzUkTMRSeqiT92iYBU","google_primary_type":"auto_parts_store","google_primary_type_label":"Auto Parts Store","google_types":["auto_parts_store","store","point_of_interest","car_repair","service","establishment"],"google_maps_uri":"https://maps.google.com/?cid=1540410143968258633&g_mp=Cilnb29nbGUubWFwcy5wbGFjZXMudjEuUGxhY2VzLlNlYXJjaE5lYXJieRACGAQgAA","google_icon_mask_base_uri":"https://maps.gstatic.com/mapfiles/place_api/icons/v2/shopping_pinlet","google_icon_background_color":"#4B96F3","formatted_address":"Bauko, Mountain Province, Philippines","business_status":"OPERATIONAL","rating":null,"user_rating_count":null,"barangay_slug":"sadsadan","barangay_name":"Sadsadan"},"geometry":{"type":"Point","coordinates":[120.8764107,16.894649299999998]}},{"type":"Feature","properties":{"name":"Hydromed Pharmacy","kind":"clinic","kind_label":"Clinic","source":"google_places","google_place_id":"ChIJ57gW1bzUkTMRbY_6F_3rFHE","google_primary_type":"pharmacy","google_primary_type_label":"Pharmacy","google_types":["pharmacy","store","health","point_of_interest","establishment"],"google_maps_uri":"https://maps.google.com/?cid=8148397098081619821&g_mp=Cilnb29nbGUubWFwcy5wbGFjZXMudjEuUGxhY2VzLlNlYXJjaE5lYXJieRACGAQgAA","google_icon_mask_base_uri":"https://maps.gstatic.com/mapfiles/place_api/icons/v2/pharmacy_pinlet","google_icon_background_color":"#F88181","formatted_address":"Bauko, Mountain Province, Philippines","business_status":"OPERATIONAL","rating":null,"user_rating_count":null,"barangay_slug":"sadsadan","barangay_name":"Sadsadan"},"geometry":{"type":"Point","coordinates":[120.87585840000001,16.892988900000002]}},{"type":"Feature","properties":{"name":"AJA'S CONVENIENCE STORE (jeheil andrie awal)","kind":"market","kind_label":"Market","source":"google_places","google_place_id":"ChIJrUpPpeXTkTMRl4M_tS4wMhg","google_primary_type":"grocery_store","google_primary_type_label":"Grocery Store","google_types":["grocery_store","food_store","store","point_of_interest","food","establishment"],"google_maps_uri":"https://maps.google.com/?cid=1743508982913270679&g_mp=Cilnb29nbGUubWFwcy5wbGFjZXMudjEuUGxhY2VzLlNlYXJjaE5lYXJieRACGAQgAA","google_icon_mask_base_uri":"https://maps.gstatic.com/mapfiles/place_api/icons/v2/shoppingcart_pinlet","google_icon_background_color":"#4B96F3","formatted_address":"Mankingao cada, Cada, Balili, Mankayan, 2608 Benguet, Philippines","business_status":"OPERATIONAL","rating":null,"user_rating_count":null,"barangay_slug":"sadsadan","barangay_name":"Sadsadan"},"geometry":{"type":"Point","coordinates":[120.852201,16.8588233]}},{"type":"Feature","properties":{"name":"Judhel’s Farm Supply","kind":"market","kind_label":"Market","source":"google_places","google_place_id":"ChIJMTCm57zUkTMRCxiPcN4m15Q","google_primary_type":"general_store","google_primary_type_label":"General Store","google_types":["general_store","food_store","food","store","point_of_interest","establishment"],"google_maps_uri":"https://maps.google.com/?cid=10725083774419146763&g_mp=Cilnb29nbGUubWFwcy5wbGFjZXMudjEuUGxhY2VzLlNlYXJjaE5lYXJieRACGAQgAA","google_icon_mask_base_uri":"https://maps.gstatic.com/mapfiles/place_api/icons/v2/shopping_pinlet","google_icon_background_color":"#4B96F3","formatted_address":"VVVG+MFH, Sadsadan, Bauko, Mountain Province, Philippines","business_status":"OPERATIONAL","rating":5,"user_rating_count":1,"barangay_slug":"sadsadan","barangay_name":"Sadsadan"},"geometry":{"type":"Point","coordinates":[120.87624909999998,16.894190599999998]}},{"type":"Feature","properties":{"name":"Mauricio Arabica coffee farm","kind":"market","kind_label":"Market","source":"google_places","google_place_id":"ChIJ30Tr-0nVkTMRBvLuNycJ2ZQ","google_primary_type":"coffee_shop","google_primary_type_label":"Coffee Shop","google_types":["coffee_shop","cafe","farm","food_store","store","service","point_of_interest","food","establishment"],"google_maps_uri":"https://maps.google.com/?cid=10725614051606327814&g_mp=Cilnb29nbGUubWFwcy5wbGFjZXMudjEuUGxhY2VzLlNlYXJjaE5lYXJieRACGAQgAA","google_icon_mask_base_uri":"https://maps.gstatic.com/mapfiles/place_api/icons/v2/cafe_pinlet","google_icon_background_color":"#FF9E67","formatted_address":"Bauko, Mountain Province, Philippines","business_status":"OPERATIONAL","rating":null,"user_rating_count":null,"barangay_slug":"sadsadan","barangay_name":"Sadsadan"},"geometry":{"type":"Point","coordinates":[120.8649745,16.89883]}},{"type":"Feature","properties":{"name":"Ngayaan Coffe Farm","kind":"market","kind_label":"Market","source":"google_places","google_place_id":"ChIJNYHlUnXVkTMRGPYXrdVt_ck","google_primary_type":"coffee_shop","google_primary_type_label":"Coffee Shop","google_types":["coffee_shop","cafe","food_store","store","point_of_interest","food","establishment"],"google_maps_uri":"https://maps.google.com/?cid=14554910335230801432&g_mp=Cilnb29nbGUubWFwcy5wbGFjZXMudjEuUGxhY2VzLlNlYXJjaE5lYXJieRACGAQgAA","google_icon_mask_base_uri":"https://maps.gstatic.com/mapfiles/place_api/icons/v2/cafe_pinlet","google_icon_background_color":"#FF9E67","formatted_address":"VVW8+H64 Sadsadan Farm to, Market Road, Bauko, Mountain Province, Philippines","business_status":"OPERATIONAL","rating":5,"user_rating_count":1,"barangay_slug":"sadsadan","barangay_name":"Sadsadan"},"geometry":{"type":"Point","coordinates":[120.86558219999999,16.896383999999998]}},{"type":"Feature","properties":{"name":"bansa national highschool","kind":"school","kind_label":"School","source":"google_places","google_place_id":"ChIJacDn6QrVkTMRmAqrS0uowMI","google_primary_type":"secondary_school","google_primary_type_label":"High school","google_types":["secondary_school","school","educational_institution","point_of_interest","establishment"],"google_maps_uri":"https://maps.google.com/?cid=14033401480231979672&g_mp=Cilnb29nbGUubWFwcy5wbGFjZXMudjEuUGxhY2VzLlNlYXJjaE5lYXJieRACGAQgAA","google_icon_mask_base_uri":"https://maps.gstatic.com/mapfiles/place_api/icons/v2/school_pinlet","google_icon_background_color":"#7B9EB0","formatted_address":"VVXP+H25, Bauko, Mountain Province, Philippines","business_status":"OPERATIONAL","rating":null,"user_rating_count":null,"barangay_slug":"sadsadan","barangay_name":"Sadsadan"},"geometry":{"type":"Point","coordinates":[120.88510679999999,16.8988783]}},{"type":"Feature","properties":{"name":"Sadsadan Bato Elementary School","kind":"school","kind_label":"School","source":"google_places","google_place_id":"ChIJ2fXMGJLVkTMRXH-zwDVgvtE","google_primary_type":"primary_school","google_primary_type_label":"Elementary School","google_types":["primary_school","school","educational_institution","point_of_interest","establishment"],"google_maps_uri":"https://maps.google.com/?cid=15113623183484485468&g_mp=Cilnb29nbGUubWFwcy5wbGFjZXMudjEuUGxhY2VzLlNlYXJjaE5lYXJieRACGAQgAA","google_icon_mask_base_uri":"https://maps.gstatic.com/mapfiles/place_api/icons/v2/school_pinlet","google_icon_background_color":"#7B9EB0","formatted_address":"WV28+VJ, Bauko, Mountain Province, Philippines","business_status":"OPERATIONAL","rating":null,"user_rating_count":null,"barangay_slug":"sadsadan","barangay_name":"Sadsadan"},"geometry":{"type":"Point","coordinates":[120.86656429999998,16.902191]}},{"type":"Feature","properties":{"name":"Data Falls","kind":"tourism","kind_label":"Tourism","source":"google_places","google_place_id":"ChIJd76EnobUkTMR1CPIZU9Gg6g","google_primary_type":"park","google_primary_type_label":"Park","google_types":["park","point_of_interest","establishment"],"google_maps_uri":"https://maps.google.com/?cid=12142626327144965076&g_mp=Cilnb29nbGUubWFwcy5wbGFjZXMudjEuUGxhY2VzLlNlYXJjaE5lYXJieRACGAQgAA","google_icon_mask_base_uri":"https://maps.gstatic.com/mapfiles/place_api/icons/v2/tree_pinlet","google_icon_background_color":"#4DB546","formatted_address":"VVV4+353, Bauko, Mountain Province, Philippines","business_status":"OPERATIONAL","rating":5,"user_rating_count":1,"barangay_slug":"sadsadan","barangay_name":"Sadsadan"},"geometry":{"type":"Point","coordinates":[120.85541740000001,16.8926257]}},{"type":"Feature","properties":{"name":"Talimpayok spring falls","kind":"tourism","kind_label":"Tourism","source":"google_places","google_place_id":"ChIJ47jmi_TVkTMRCftwVvKBl8c","google_primary_type":"tourist_attraction","google_primary_type_label":"Tourist Attraction","google_types":["tourist_attraction","point_of_interest","establishment"],"google_maps_uri":"https://maps.google.com/?cid=14382106812863281929&g_mp=Cilnb29nbGUubWFwcy5wbGFjZXMudjEuUGxhY2VzLlNlYXJjaE5lYXJieRACGAQgAA","google_icon_mask_base_uri":"https://maps.gstatic.com/mapfiles/place_api/icons/v2/generic_pinlet","google_icon_background_color":"#13B5C7","formatted_address":"VVW7+VCW, Bauko, Mountain Province, Philippines","business_status":"OPERATIONAL","rating":5,"user_rating_count":1,"barangay_slug":"sadsadan","barangay_name":"Sadsadan"},"geometry":{"type":"Point","coordinates":[120.8635836,16.8972429]}},{"type":"Feature","properties":{"name":"Green Fuel","kind":"transport","kind_label":"Transport","source":"google_places","google_place_id":"ChIJ12OB3rzUkTMRVuuyygO6ftE","google_primary_type":"gas_station","google_primary_type_label":"Gas Station","google_types":["gas_station","point_of_interest","service","establishment"],"google_maps_uri":"https://maps.google.com/?cid=15095707526440872790&g_mp=Cilnb29nbGUubWFwcy5wbGFjZXMudjEuUGxhY2VzLlNlYXJjaE5lYXJieRACGAQgAA","google_icon_mask_base_uri":"https://maps.gstatic.com/mapfiles/place_api/icons/v2/gas_pinlet","google_icon_background_color":"#909CE1","formatted_address":"Bauko, Mountain Province, Philippines","business_status":"OPERATIONAL","rating":5,"user_rating_count":2,"barangay_slug":"sadsadan","barangay_name":"Sadsadan"},"geometry":{"type":"Point","coordinates":[120.8760755,16.8939652]}},{"type":"Feature","properties":{"name":"JAL Fuel Station","kind":"transport","kind_label":"Transport","source":"google_places","google_place_id":"ChIJMWOd5avVkTMRBWq9hpSmjmY","google_primary_type":"gas_station","google_primary_type_label":"Gas Station","google_types":["gas_station","point_of_interest","service","establishment"],"google_maps_uri":"https://maps.google.com/?cid=7390027195407493637&g_mp=Cilnb29nbGUubWFwcy5wbGFjZXMudjEuUGxhY2VzLlNlYXJjaE5lYXJieRACGAQgAA","google_icon_mask_base_uri":"https://maps.gstatic.com/mapfiles/place_api/icons/v2/gas_pinlet","google_icon_background_color":"#909CE1","formatted_address":"VVRG+QCH, Baguio - La Trinidad - Bontoc Rd, Bauko, Mountain Province, Philippines","business_status":"OPERATIONAL","rating":5,"user_rating_count":1,"barangay_slug":"sadsadan","barangay_name":"Sadsadan"},"geometry":{"type":"Point","coordinates":[120.87611940000001,16.8919458]}},{"type":"Feature","properties":{"name":"Sox Gas ‘n Go","kind":"transport","kind_label":"Transport","source":"google_places","google_place_id":"ChIJIbHiBwDVkTMRns6WkSNIkok","google_primary_type":"gas_station","google_primary_type_label":"Gas Station","google_types":["gas_station","service","point_of_interest","establishment"],"google_maps_uri":"https://maps.google.com/?cid=9913065047399517854&g_mp=Cilnb29nbGUubWFwcy5wbGFjZXMudjEuUGxhY2VzLlNlYXJjaE5lYXJieRACGAQgAA","google_icon_mask_base_uri":"https://maps.gstatic.com/mapfiles/place_api/icons/v2/gas_pinlet","google_icon_background_color":"#909CE1","formatted_address":"CHVP+JHW, La Trinidad, Benguet, Philippines","business_status":"OPERATIONAL","rating":null,"user_rating_count":null,"barangay_slug":"sadsadan","barangay_name":"Sadsadan"},"geometry":{"type":"Point","coordinates":[120.8563729,16.8900316]}},{"type":"Feature","properties":{"name":"Family Catholic Church","kind":"worship","kind_label":"Worship","source":"google_places","google_place_id":"ChIJHTd7Pr3UkTMR15vrJTkYGLY","google_primary_type":"church","google_primary_type_label":"Church","google_types":["church","place_of_worship","association_or_organization","point_of_interest","establishment"],"google_maps_uri":"https://maps.google.com/?cid=13121264148072340439&g_mp=Cilnb29nbGUubWFwcy5wbGFjZXMudjEuUGxhY2VzLlNlYXJjaE5lYXJieRACGAQgAA","google_icon_mask_base_uri":"https://maps.gstatic.com/mapfiles/place_api/icons/v2/worship_christian_pinlet","google_icon_background_color":"#7B9EB0","formatted_address":"VVVF+PR5, Halsema Highway, Bauko, Mountain Province, Philippines","business_status":"OPERATIONAL","rating":5,"user_rating_count":1,"barangay_slug":"sadsadan","barangay_name":"Sadsadan"},"geometry":{"type":"Point","coordinates":[120.87460349999998,16.894266400000003]}},{"type":"Feature","properties":{"name":"Growing in Grace Church","kind":"worship","kind_label":"Worship","source":"google_places","google_place_id":"ChIJZ5ioQhHVkTMRupf-SArLyDU","google_primary_type":"church","google_primary_type_label":"Church","google_types":["church","place_of_worship","association_or_organization","point_of_interest","establishment"],"google_maps_uri":"https://maps.google.com/?cid=3875570724387067834&g_mp=Cilnb29nbGUubWFwcy5wbGFjZXMudjEuUGxhY2VzLlNlYXJjaE5lYXJieRACGAQgAA","google_icon_mask_base_uri":"https://maps.gstatic.com/mapfiles/place_api/icons/v2/worship_christian_pinlet","google_icon_background_color":"#7B9EB0","formatted_address":"VVXJ+8RJ Karatula, Bauko, Mountain Province, Philippines","business_status":"OPERATIONAL","rating":null,"user_rating_count":null,"barangay_slug":"sadsadan","barangay_name":"Sadsadan"},"geometry":{"type":"Point","coordinates":[120.88201880000001,16.8983411]}},{"type":"Feature","properties":{"name":"Holy Family Catholic Mission","kind":"worship","kind_label":"Worship","source":"google_places","google_place_id":"ChIJwcomPL3UkTMRTO25uTxImVQ","google_primary_type":"church","google_primary_type_label":"Church","google_types":["church","place_of_worship","association_or_organization","point_of_interest","establishment"],"google_maps_uri":"https://maps.google.com/?cid=6095982996273884492&g_mp=Cilnb29nbGUubWFwcy5wbGFjZXMudjEuUGxhY2VzLlNlYXJjaE5lYXJieRACGAQgAA","google_icon_mask_base_uri":"https://maps.gstatic.com/mapfiles/place_api/icons/v2/worship_christian_pinlet","google_icon_background_color":"#7B9EB0","formatted_address":"VVVF+MV7, Bauko, 2621 Mountain Province, Philippines","business_status":"OPERATIONAL","rating":5,"user_rating_count":8,"barangay_slug":"sadsadan","barangay_name":"Sadsadan"},"geometry":{"type":"Point","coordinates":[120.87467199999999,16.894157]}},{"type":"Feature","properties":{"name":"Sadsadan Assembly of God Church","kind":"worship","kind_label":"Worship","source":"google_places","google_place_id":"ChIJlZJez5jUkTMRIIN4PXCJsVY","google_primary_type":"church","google_primary_type_label":"Church","google_types":["church","place_of_worship","association_or_organization","point_of_interest","establishment"],"google_maps_uri":"https://maps.google.com/?cid=6246925273300239136&g_mp=Cilnb29nbGUubWFwcy5wbGFjZXMudjEuUGxhY2VzLlNlYXJjaE5lYXJieRACGAQgAA","google_icon_mask_base_uri":"https://maps.gstatic.com/mapfiles/place_api/icons/v2/worship_christian_pinlet","google_icon_background_color":"#7B9EB0","formatted_address":"VVQC+H9W, Sadsadan Train - Balicanao Rd, Bauko, Mountain Province, Philippines","business_status":"OPERATIONAL","rating":5,"user_rating_count":1,"barangay_slug":"sadsadan","barangay_name":"Sadsadan"},"geometry":{"type":"Point","coordinates":[120.8709597,16.8889916]}},{"type":"Feature","properties":{"name":"Sadsadan Karatula","kind":"worship","kind_label":"Worship","source":"google_places","google_place_id":"ChIJoa2ohw_VkTMR70c3NAevAhU","google_primary_type":"church","google_primary_type_label":"Church","google_types":["church","place_of_worship","association_or_organization","point_of_interest","establishment"],"google_maps_uri":"https://maps.google.com/?cid=1513964870225577967&g_mp=Cilnb29nbGUubWFwcy5wbGFjZXMudjEuUGxhY2VzLlNlYXJjaE5lYXJieRACGAQgAA","google_icon_mask_base_uri":"https://maps.gstatic.com/mapfiles/place_api/icons/v2/worship_christian_pinlet","google_icon_background_color":"#7B9EB0","formatted_address":"VVXJ+5W3, Halsema Highway, Bauko, Mountain Province, Philippines","business_status":"OPERATIONAL","rating":4,"user_rating_count":1,"barangay_slug":"sadsadan","barangay_name":"Sadsadan"},"geometry":{"type":"Point","coordinates":[120.8822974,16.8978783]}},{"type":"Feature","properties":{"name":"St. Leo's Church","kind":"worship","kind_label":"Worship","source":"google_places","google_place_id":"ChIJEYgRl7zUkTMRSkH_DlX0Tqs","google_primary_type":"church","google_primary_type_label":"Church","google_types":["church","place_of_worship","association_or_organization","point_of_interest","establishment"],"google_maps_uri":"https://maps.google.com/?cid=12344072274830115146&g_mp=Cilnb29nbGUubWFwcy5wbGFjZXMudjEuUGxhY2VzLlNlYXJjaE5lYXJieRACGAQgAA","google_icon_mask_base_uri":"https://maps.gstatic.com/mapfiles/place_api/icons/v2/worship_christian_pinlet","google_icon_background_color":"#7B9EB0","formatted_address":"VVVH+J4J, Halsema Highway, Bauko, Mountain Province, Philippines","business_status":"OPERATIONAL","rating":5,"user_rating_count":1,"barangay_slug":"sadsadan","barangay_name":"Sadsadan"},"geometry":{"type":"Point","coordinates":[120.8777726,16.894080199999998]}},{"type":"Feature","properties":{"name":"Athj. W.G Coffee Shop","kind":"business","kind_label":"Business","source":"google_places","google_place_id":"ChIJwfXjqRzTkTMRG_0k2avjWyU","google_primary_type":"cafe","google_primary_type_label":"Cafe","google_types":["cafe","point_of_interest","food","establishment"],"google_maps_uri":"https://maps.google.com/?cid=2691995529505996059&g_mp=Cilnb29nbGUubWFwcy5wbGFjZXMudjEuUGxhY2VzLlNlYXJjaE5lYXJieRACGAQgAA","google_icon_mask_base_uri":"https://maps.gstatic.com/mapfiles/place_api/icons/v2/cafe_pinlet","google_icon_background_color":"#FF9E67","formatted_address":"Bauko, Mountain Province, Philippines","business_status":"OPERATIONAL","rating":null,"user_rating_count":null,"barangay_slug":"sinto","barangay_name":"Sinto"},"geometry":{"type":"Point","coordinates":[120.86180010000001,16.847840299999998]}},{"type":"Feature","properties":{"name":"Baak’s Auto MotorShop","kind":"business","kind_label":"Business","source":"google_places","google_place_id":"ChIJa7UTDQDTkTMRafIACTtOEoo","google_primary_type":"car_repair","google_primary_type_label":"Car repair and maintenance service","google_types":["car_repair","service","point_of_interest","establishment"],"google_maps_uri":"https://maps.google.com/?cid=9949100542275940969&g_mp=Cidnb29nbGUubWFwcy5wbGFjZXMudjEuUGxhY2VzLlNlYXJjaFRleHQQAhgEIAA","google_icon_mask_base_uri":"https://maps.gstatic.com/mapfiles/place_api/icons/v2/generic_pinlet","google_icon_background_color":"#7B9EB0","formatted_address":"RVX7+V8X, Sinto, Bauko, Mountain Province, Philippines","business_status":"OPERATIONAL","rating":null,"user_rating_count":null,"barangay_slug":"sinto","barangay_name":"Sinto"},"geometry":{"type":"Point","coordinates":[120.8633465,16.8497448]}},{"type":"Feature","properties":{"name":"Happy house cafe","kind":"business","kind_label":"Business","source":"google_places","google_place_id":"ChIJkYm0h57TkTMRjSdNzwMnwtg","google_primary_type":"restaurant","google_primary_type_label":"Restaurant","google_types":["restaurant","point_of_interest","food","establishment"],"google_maps_uri":"https://maps.google.com/?cid=15619089354990626701&g_mp=Cilnb29nbGUubWFwcy5wbGFjZXMudjEuUGxhY2VzLlNlYXJjaE5lYXJieRACGAQgAA","google_icon_mask_base_uri":"https://maps.gstatic.com/mapfiles/place_api/icons/v2/restaurant_pinlet","google_icon_background_color":"#FF9E67","formatted_address":"RVX6+FQQ, Bauko, Mountain Province, Philippines","business_status":"OPERATIONAL","rating":4.3,"user_rating_count":33,"barangay_slug":"sinto","barangay_name":"Sinto"},"geometry":{"type":"Point","coordinates":[120.8619767,16.848703999999998]}},{"type":"Feature","properties":{"name":"Lala anita cafe and restaurant","kind":"business","kind_label":"Business","source":"google_places","google_place_id":"ChIJhR_KzfLTkTMRjRAntGjaarI","google_primary_type":"restaurant","google_primary_type_label":"Restaurant","google_types":["restaurant","point_of_interest","food","establishment"],"google_maps_uri":"https://maps.google.com/?cid=12856328229516415117&g_mp=Cilnb29nbGUubWFwcy5wbGFjZXMudjEuUGxhY2VzLlNlYXJjaE5lYXJieRACGAQgAA","google_icon_mask_base_uri":"https://maps.gstatic.com/mapfiles/place_api/icons/v2/restaurant_pinlet","google_icon_background_color":"#FF9E67","formatted_address":"VV27+347, Halsema Highway, Bauko, Mountain Province, Philippines","business_status":"OPERATIONAL","rating":4.7,"user_rating_count":15,"barangay_slug":"sinto","barangay_name":"Sinto"},"geometry":{"type":"Point","coordinates":[120.86279,16.850165099999998]}},{"type":"Feature","properties":{"name":"Maindrive motorcycle parts","kind":"business","kind_label":"Business","source":"google_places","google_place_id":"ChIJd0Y-oirTkTMREXxh8qN6QJU","google_primary_type":"store","google_primary_type_label":"Store","google_types":["point_of_interest","store","establishment"],"google_maps_uri":"https://maps.google.com/?cid=10754730754725477393&g_mp=Cilnb29nbGUubWFwcy5wbGFjZXMudjEuUGxhY2VzLlNlYXJjaE5lYXJieRACGAQgAA","google_icon_mask_base_uri":"https://maps.gstatic.com/mapfiles/place_api/icons/v2/shopping_pinlet","google_icon_background_color":"#4B96F3","formatted_address":"Sinto, Bauko, Mountain Province, Philippines","business_status":"OPERATIONAL","rating":null,"user_rating_count":null,"barangay_slug":"sinto","barangay_name":"Sinto"},"geometry":{"type":"Point","coordinates":[120.86186479999999,16.8475832]}},{"type":"Feature","properties":{"name":"Mountain water Refilling station","kind":"business","kind_label":"Business","source":"google_places","google_place_id":"ChIJE9__7DnTkTMR09N1wpmKHRs","google_primary_type":null,"google_primary_type_label":null,"google_types":["point_of_interest","establishment"],"google_maps_uri":"https://maps.google.com/?cid=1953870206345794515&g_mp=Cidnb29nbGUubWFwcy5wbGFjZXMudjEuUGxhY2VzLlNlYXJjaFRleHQQAhgEIAA","google_icon_mask_base_uri":"https://maps.gstatic.com/mapfiles/place_api/icons/v2/generic_pinlet","google_icon_background_color":"#7B9EB0","formatted_address":"VV27+6XW, Bauko, Mountain Province, Philippines","business_status":"OPERATIONAL","rating":null,"user_rating_count":null,"barangay_slug":"sinto","barangay_name":"Sinto"},"geometry":{"type":"Point","coordinates":[120.86496699999998,16.850622899999998]}},{"type":"Feature","properties":{"name":"RONA'S DRYGOODS","kind":"business","kind_label":"Business","source":"google_places","google_place_id":"ChIJ83isTxvTkTMRX9I4P0Ar6vc","google_primary_type":"clothing_store","google_primary_type_label":"Clothing Store","google_types":["clothing_store","point_of_interest","store","establishment"],"google_maps_uri":"https://maps.google.com/?cid=17864138426857083487&g_mp=Cilnb29nbGUubWFwcy5wbGFjZXMudjEuUGxhY2VzLlNlYXJjaE5lYXJieRACGAQgAA","google_icon_mask_base_uri":"https://maps.gstatic.com/mapfiles/place_api/icons/v2/shopping_pinlet","google_icon_background_color":"#4B96F3","formatted_address":"Bauko, Mountain Province, Philippines","business_status":"OPERATIONAL","rating":null,"user_rating_count":null,"barangay_slug":"sinto","barangay_name":"Sinto"},"geometry":{"type":"Point","coordinates":[120.86192989999999,16.8486399]}},{"type":"Feature","properties":{"name":"Sinto","kind":"business","kind_label":"Business","source":"google_places","google_place_id":"ChIJ87KXdADTkTMRMvFPkhcMlr8","google_primary_type":"association_or_organization","google_primary_type_label":"Association / Organization","google_types":["association_or_organization","service","point_of_interest","establishment"],"google_maps_uri":"https://maps.google.com/?cid=13805235003129327922&g_mp=Cidnb29nbGUubWFwcy5wbGFjZXMudjEuUGxhY2VzLlNlYXJjaFRleHQQAhgEIAA","google_icon_mask_base_uri":"https://maps.gstatic.com/mapfiles/place_api/icons/v2/generic_pinlet","google_icon_background_color":"#7B9EB0","formatted_address":"RVX6+6FP, Sinto, Bauko, Mountain Province, Philippines","business_status":"OPERATIONAL","rating":5,"user_rating_count":1,"barangay_slug":"sinto","barangay_name":"Sinto"},"geometry":{"type":"Point","coordinates":[120.86119439999999,16.8480879]}},{"type":"Feature","properties":{"name":"Sinto","kind":"business","kind_label":"Business","source":"google_places","google_place_id":"ChIJmb4OThrTkTMR7QEioMiX50Q","google_primary_type":null,"google_primary_type_label":null,"google_types":["sublocality_level_2","sublocality","political"],"google_maps_uri":"https://maps.google.com/?cid=4965104002135097837&g_mp=Cidnb29nbGUubWFwcy5wbGFjZXMudjEuUGxhY2VzLlNlYXJjaFRleHQQAhgEIAA","google_icon_mask_base_uri":"https://maps.gstatic.com/mapfiles/place_api/icons/v2/generic_pinlet","google_icon_background_color":"#7B9EB0","formatted_address":"Sinto, Bauko, Mountain Province, Philippines","business_status":null,"rating":null,"user_rating_count":null,"barangay_slug":"sinto","barangay_name":"Sinto"},"geometry":{"type":"Point","coordinates":[120.86424929999998,16.8500844]}},{"type":"Feature","properties":{"name":"Sinto Barangay Hall","kind":"business","kind_label":"Business","source":"google_places","google_place_id":"ChIJy6hhHBvTkTMR369682MHcMU","google_primary_type":"event_venue","google_primary_type_label":"Event Venue","google_types":["event_venue","point_of_interest","establishment"],"google_maps_uri":"https://maps.google.com/?cid=14226879348731457503&g_mp=Cidnb29nbGUubWFwcy5wbGFjZXMudjEuUGxhY2VzLlNlYXJjaFRleHQQAhgEIAA","google_icon_mask_base_uri":"https://maps.gstatic.com/mapfiles/place_api/icons/v2/generic_pinlet","google_icon_background_color":"#7B9EB0","formatted_address":"VV27+2FC, Halsema Highway, Bauko, Mountain Province, Philippines","business_status":"OPERATIONAL","rating":4.2,"user_rating_count":6,"barangay_slug":"sinto","barangay_name":"Sinto"},"geometry":{"type":"Point","coordinates":[120.86364320000001,16.8500501]}},{"type":"Feature","properties":{"name":"Sinto Public Market","kind":"business","kind_label":"Business","source":"google_places","google_place_id":"ChIJ7UZRHhvTkTMRgKuzqYf3IkM","google_primary_type":"market","google_primary_type_label":"Market","google_types":["market","point_of_interest","establishment"],"google_maps_uri":"https://maps.google.com/?cid=4837701111789104000&g_mp=Cidnb29nbGUubWFwcy5wbGFjZXMudjEuUGxhY2VzLlNlYXJjaFRleHQQAhgEIAA","google_icon_mask_base_uri":"https://maps.gstatic.com/mapfiles/place_api/icons/v2/shopping_pinlet","google_icon_background_color":"#4B96F3","formatted_address":"VV27+362, Halsema Highway, Bauko, Mountain Province, Philippines","business_status":"OPERATIONAL","rating":4.5,"user_rating_count":2,"barangay_slug":"sinto","barangay_name":"Sinto"},"geometry":{"type":"Point","coordinates":[120.86302039999998,16.8501477]}},{"type":"Feature","properties":{"name":"Ten Commandments Marker","kind":"business","kind_label":"Business","source":"google_places","google_place_id":"ChIJr_AXRwPTkTMRguVVn8pC7vs","google_primary_type":"point_of_interest","google_primary_type_label":"Point of interest","google_types":["point_of_interest","establishment"],"google_maps_uri":"https://maps.google.com/?cid=18153520586001081730&g_mp=Cidnb29nbGUubWFwcy5wbGFjZXMudjEuUGxhY2VzLlNlYXJjaFRleHQQAhgEIAA","google_icon_mask_base_uri":"https://maps.gstatic.com/mapfiles/place_api/icons/v2/generic_pinlet","google_icon_background_color":"#7B9EB0","formatted_address":"RVW6+Q56, Halsema Highway, Bauko, Mountain Province, Philippines","business_status":"OPERATIONAL","rating":5,"user_rating_count":3,"barangay_slug":"sinto","barangay_name":"Sinto"},"geometry":{"type":"Point","coordinates":[120.86039450000001,16.846900299999998]}},{"type":"Feature","properties":{"name":"Hydrumed Pharmacy","kind":"clinic","kind_label":"Clinic","source":"google_places","google_place_id":"ChIJ5SD56QrTkTMRnqKyC_bgbcM","google_primary_type":"drugstore","google_primary_type_label":"Drug Store","google_types":["drugstore","point_of_interest","health","store","establishment"],"google_maps_uri":"https://maps.google.com/?cid=14082158957220242078&g_mp=Cilnb29nbGUubWFwcy5wbGFjZXMudjEuUGxhY2VzLlNlYXJjaE5lYXJieRACGAQgAA","google_icon_mask_base_uri":"https://maps.gstatic.com/mapfiles/place_api/icons/v2/generic_pinlet","google_icon_background_color":"#4B96F3","formatted_address":"RVX7+X5F, Halsema Highway, Bauko, Mountain Province, Philippines","business_status":"OPERATIONAL","rating":null,"user_rating_count":null,"barangay_slug":"sinto","barangay_name":"Sinto"},"geometry":{"type":"Point","coordinates":[120.8629346,16.8499372]}},{"type":"Feature","properties":{"name":"THORENCARE PHARMACY","kind":"clinic","kind_label":"Clinic","source":"google_places","google_place_id":"ChIJ8_vNVxvTkTMRlUmsbHTVWbc","google_primary_type":"pharmacy","google_primary_type_label":"Pharmacy","google_types":["pharmacy","point_of_interest","health","store","establishment"],"google_maps_uri":"https://maps.google.com/?cid=13211825677884213653&g_mp=Cilnb29nbGUubWFwcy5wbGFjZXMudjEuUGxhY2VzLlNlYXJjaE5lYXJieRACGAQgAA","google_icon_mask_base_uri":"https://maps.gstatic.com/mapfiles/place_api/icons/v2/pharmacy_pinlet","google_icon_background_color":"#F88181","formatted_address":"Bauko, Mountain Province, Philippines","business_status":"OPERATIONAL","rating":null,"user_rating_count":null,"barangay_slug":"sinto","barangay_name":"Sinto"},"geometry":{"type":"Point","coordinates":[120.8619376,16.8478803]}},{"type":"Feature","properties":{"name":"Asting Mini Mart","kind":"market","kind_label":"Market","source":"google_places","google_place_id":"ChIJXeDj5HPTkTMRkPJfhjZWvYM","google_primary_type":"grocery_store","google_primary_type_label":"Grocery Store","google_types":["grocery_store","food_store","food","point_of_interest","store","establishment"],"google_maps_uri":"https://maps.google.com/?cid=9492838381749531280&g_mp=Cilnb29nbGUubWFwcy5wbGFjZXMudjEuUGxhY2VzLlNlYXJjaE5lYXJieRACGAQgAA","google_icon_mask_base_uri":"https://maps.gstatic.com/mapfiles/place_api/icons/v2/shoppingcart_pinlet","google_icon_background_color":"#4B96F3","formatted_address":"VV27+222, Bauko, Mountain Province, Philippines","business_status":"OPERATIONAL","rating":5,"user_rating_count":1,"barangay_slug":"sinto","barangay_name":"Sinto"},"geometry":{"type":"Point","coordinates":[120.86251030000001,16.8500232]}},{"type":"Feature","properties":{"name":"Bacdangan Store","kind":"market","kind_label":"Market","source":"google_places","google_place_id":"ChIJE4bmAhvTkTMRtGqj8y52A9E","google_primary_type":"grocery_store","google_primary_type_label":"Grocery Store","google_types":["grocery_store","food_store","food","point_of_interest","store","establishment"],"google_maps_uri":"https://maps.google.com/?cid=15061011522885216948&g_mp=Cilnb29nbGUubWFwcy5wbGFjZXMudjEuUGxhY2VzLlNlYXJjaE5lYXJieRACGAQgAA","google_icon_mask_base_uri":"https://maps.gstatic.com/mapfiles/place_api/icons/v2/shoppingcart_pinlet","google_icon_background_color":"#4B96F3","formatted_address":"VV27+2FC, Sinto Farm - Market Rd, Bauko, Mountain Province, Philippines","business_status":"OPERATIONAL","rating":null,"user_rating_count":null,"barangay_slug":"sinto","barangay_name":"Sinto"},"geometry":{"type":"Point","coordinates":[120.8636413,16.8500505]}},{"type":"Feature","properties":{"name":"Edlyn's Store","kind":"market","kind_label":"Market","source":"google_places","google_place_id":"ChIJm3LPGBvTkTMRhFER8XeRIGU","google_primary_type":"general_store","google_primary_type_label":"General Store","google_types":["general_store","food_store","food","point_of_interest","store","establishment"],"google_maps_uri":"https://maps.google.com/?cid=7286984141417042308&g_mp=Cilnb29nbGUubWFwcy5wbGFjZXMudjEuUGxhY2VzLlNlYXJjaE5lYXJieRACGAQgAA","google_icon_mask_base_uri":"https://maps.gstatic.com/mapfiles/place_api/icons/v2/shopping_pinlet","google_icon_background_color":"#4B96F3","formatted_address":"RVX7+X5F, Halsema Highway, Bauko, Mountain Province, Philippines","business_status":"OPERATIONAL","rating":5,"user_rating_count":1,"barangay_slug":"sinto","barangay_name":"Sinto"},"geometry":{"type":"Point","coordinates":[120.8629346,16.8499372]}},{"type":"Feature","properties":{"name":"FJN Store","kind":"market","kind_label":"Market","source":"google_places","google_place_id":"ChIJg_M7VhvTkTMR1qh5goztzww","google_primary_type":"general_store","google_primary_type_label":"General Store","google_types":["general_store","food_store","food","point_of_interest","store","establishment"],"google_maps_uri":"https://maps.google.com/?cid=923217636374456534&g_mp=Cilnb29nbGUubWFwcy5wbGFjZXMudjEuUGxhY2VzLlNlYXJjaE5lYXJieRACGAQgAA","google_icon_mask_base_uri":"https://maps.gstatic.com/mapfiles/place_api/icons/v2/shopping_pinlet","google_icon_background_color":"#4B96F3","formatted_address":"RVX6+5P9, Halsema Highway, Bauko, Mountain Province, Philippines","business_status":"OPERATIONAL","rating":5,"user_rating_count":1,"barangay_slug":"sinto","barangay_name":"Sinto"},"geometry":{"type":"Point","coordinates":[120.8618525,16.8479109]}},{"type":"Feature","properties":{"name":"IGLINA FARM CAFE","kind":"market","kind_label":"Market","source":"google_places","google_place_id":"ChIJfQieWSjTkTMRhilkfdfJnOk","google_primary_type":"coffee_shop","google_primary_type_label":"Coffee Shop","google_types":["coffee_shop","cafe","food_store","store","point_of_interest","food","establishment"],"google_maps_uri":"https://maps.google.com/?cid=16833551434562939270&g_mp=Cilnb29nbGUubWFwcy5wbGFjZXMudjEuUGxhY2VzLlNlYXJjaE5lYXJieRACGAQgAA","google_icon_mask_base_uri":"https://maps.gstatic.com/mapfiles/place_api/icons/v2/cafe_pinlet","google_icon_background_color":"#FF9E67","formatted_address":"Bauko, 2621 Mountain Province, Philippines","business_status":"OPERATIONAL","rating":3.3,"user_rating_count":3,"barangay_slug":"sinto","barangay_name":"Sinto"},"geometry":{"type":"Point","coordinates":[120.8635501,16.8502775]}},{"type":"Feature","properties":{"name":"Longboan's Store","kind":"market","kind_label":"Market","source":"google_places","google_place_id":"ChIJDYXCURvTkTMRYW1GCS4VnKc","google_primary_type":"general_store","google_primary_type_label":"General Store","google_types":["general_store","food_store","food","point_of_interest","store","establishment"],"google_maps_uri":"https://maps.google.com/?cid=12077551588169117025&g_mp=Cilnb29nbGUubWFwcy5wbGFjZXMudjEuUGxhY2VzLlNlYXJjaE5lYXJieRACGAQgAA","google_icon_mask_base_uri":"https://maps.gstatic.com/mapfiles/place_api/icons/v2/shopping_pinlet","google_icon_background_color":"#4B96F3","formatted_address":"RVX6+9PP, Halsema Highway, Bauko, Mountain Province, Philippines","business_status":"OPERATIONAL","rating":5,"user_rating_count":1,"barangay_slug":"sinto","barangay_name":"Sinto"},"geometry":{"type":"Point","coordinates":[120.86182950000001,16.8484637]}},{"type":"Feature","properties":{"name":"SINTO CHILD DEVELOPMENT CENTER","kind":"school","kind_label":"School","source":"google_places","google_place_id":"ChIJ41zdHRvTkTMRB1bGQHDaZcQ","google_primary_type":"preschool","google_primary_type_label":"Preschool","google_types":["preschool","child_care_agency","school","educational_institution","service","point_of_interest","establishment"],"google_maps_uri":"https://maps.google.com/?cid=14151957579739584007&g_mp=Cilnb29nbGUubWFwcy5wbGFjZXMudjEuUGxhY2VzLlNlYXJjaE5lYXJieRACGAQgAA","google_icon_mask_base_uri":"https://maps.gstatic.com/mapfiles/place_api/icons/v2/school_pinlet","google_icon_background_color":"#7B9EB0","formatted_address":"Bauko, Mountain Province, Philippines","business_status":"OPERATIONAL","rating":null,"user_rating_count":null,"barangay_slug":"sinto","barangay_name":"Sinto"},"geometry":{"type":"Point","coordinates":[120.8632128,16.8501719]}},{"type":"Feature","properties":{"name":"Bangao Viewdeck","kind":"tourism","kind_label":"Tourism","source":"google_places","google_place_id":"ChIJqSOFuVXTkTMR68HnVCPTU4g","google_primary_type":"park","google_primary_type_label":"Park","google_types":["park","point_of_interest","establishment"],"google_maps_uri":"https://maps.google.com/?cid=9823427360926974443&g_mp=Cilnb29nbGUubWFwcy5wbGFjZXMudjEuUGxhY2VzLlNlYXJjaE5lYXJieRACGAQgAA","google_icon_mask_base_uri":"https://maps.gstatic.com/mapfiles/place_api/icons/v2/tree_pinlet","google_icon_background_color":"#4DB546","formatted_address":"RVQ6+FPC, Bauko, Benguet, Philippines","business_status":"OPERATIONAL","rating":4,"user_rating_count":2,"barangay_slug":"sinto","barangay_name":"Sinto"},"geometry":{"type":"Point","coordinates":[120.86176979999999,16.8386848]}},{"type":"Feature","properties":{"name":"Marky Cielo Park","kind":"tourism","kind_label":"Tourism","source":"google_places","google_place_id":"ChIJVfvXJBvTkTMRcaMK6dQEAVU","google_primary_type":"park","google_primary_type_label":"Park","google_types":["park","point_of_interest","establishment"],"google_maps_uri":"https://maps.google.com/?cid=6125182280689951601&g_mp=Cilnb29nbGUubWFwcy5wbGFjZXMudjEuUGxhY2VzLlNlYXJjaE5lYXJieRACGAQgAA","google_icon_mask_base_uri":"https://maps.gstatic.com/mapfiles/place_api/icons/v2/tree_pinlet","google_icon_background_color":"#4DB546","formatted_address":"RVX6+WW6, Bauko, Mountain Province, Philippines","business_status":"OPERATIONAL","rating":4,"user_rating_count":6,"barangay_slug":"sinto","barangay_name":"Sinto"},"geometry":{"type":"Point","coordinates":[120.86227710000001,16.8497924]}},{"type":"Feature","properties":{"name":"Welcome Arc Mt Province","kind":"tourism","kind_label":"Tourism","source":"google_places","google_place_id":"ChIJ96ztkcjTkTMRDMwlZlal0hE","google_primary_type":"tourist_attraction","google_primary_type_label":"Tourist Attraction","google_types":["tourist_attraction","point_of_interest","establishment"],"google_maps_uri":"https://maps.google.com/?cid=1284270634253536268&g_mp=Cilnb29nbGUubWFwcy5wbGFjZXMudjEuUGxhY2VzLlNlYXJjaE5lYXJieRACGAQgAA","google_icon_mask_base_uri":"https://maps.gstatic.com/mapfiles/place_api/icons/v2/generic_pinlet","google_icon_background_color":"#13B5C7","formatted_address":"RVQ6+FPQ, Halsema Highway, Buguias, Mountain Province, Philippines","business_status":"OPERATIONAL","rating":4.8,"user_rating_count":10,"barangay_slug":"sinto","barangay_name":"Sinto"},"geometry":{"type":"Point","coordinates":[120.8618511,16.838703]}},{"type":"Feature","properties":{"name":"Sinto Refilling Station","kind":"transport","kind_label":"Transport","source":"google_places","google_place_id":"ChIJQYSkVhvTkTMRTIXVp7cVnvU","google_primary_type":"gas_station","google_primary_type_label":"Gas Station","google_types":["gas_station","service","point_of_interest","establishment"],"google_maps_uri":"https://maps.google.com/?cid=17698607464151614796&g_mp=Cilnb29nbGUubWFwcy5wbGFjZXMudjEuUGxhY2VzLlNlYXJjaE5lYXJieRACGAQgAA","google_icon_mask_base_uri":"https://maps.gstatic.com/mapfiles/place_api/icons/v2/gas_pinlet","google_icon_background_color":"#909CE1","formatted_address":"RVX6+7P2, Bauko, Mountain Province, Philippines","business_status":"OPERATIONAL","rating":5,"user_rating_count":1,"barangay_slug":"sinto","barangay_name":"Sinto"},"geometry":{"type":"Point","coordinates":[120.86177280000001,16.848133699999998]}},{"type":"Feature","properties":{"name":"Roman catholic church","kind":"worship","kind_label":"Worship","source":"google_places","google_place_id":"ChIJkSWSjavTkTMRiQRiHOiLOzs","google_primary_type":"church","google_primary_type_label":"Church","google_types":["church","place_of_worship","association_or_organization","point_of_interest","establishment"],"google_maps_uri":"https://maps.google.com/?cid=4268158900888536201&g_mp=Cilnb29nbGUubWFwcy5wbGFjZXMudjEuUGxhY2VzLlNlYXJjaE5lYXJieRACGAQgAA","google_icon_mask_base_uri":"https://maps.gstatic.com/mapfiles/place_api/icons/v2/worship_christian_pinlet","google_icon_background_color":"#7B9EB0","formatted_address":"RVR6+WFW, Halsema Highway, Bauko, Mountain Province, Philippines","business_status":"OPERATIONAL","rating":null,"user_rating_count":null,"barangay_slug":"sinto","barangay_name":"Sinto"},"geometry":{"type":"Point","coordinates":[120.8612089,16.8423581]}},{"type":"Feature","properties":{"name":"St Mark's Church","kind":"worship","kind_label":"Worship","source":"google_places","google_place_id":"ChIJPZRL4RrTkTMR_DiVXS1yAMk","google_primary_type":"church","google_primary_type_label":"Church","google_types":["church","place_of_worship","association_or_organization","point_of_interest","establishment"],"google_maps_uri":"https://maps.google.com/?cid=14483701940792670460&g_mp=Cilnb29nbGUubWFwcy5wbGFjZXMudjEuUGxhY2VzLlNlYXJjaE5lYXJieRACGAQgAA","google_icon_mask_base_uri":"https://maps.gstatic.com/mapfiles/place_api/icons/v2/worship_christian_pinlet","google_icon_background_color":"#7B9EB0","formatted_address":"VV27+66X, Halsema Highway, Bauko, Mountain Province, Philippines","business_status":"OPERATIONAL","rating":5,"user_rating_count":2,"barangay_slug":"sinto","barangay_name":"Sinto"},"geometry":{"type":"Point","coordinates":[120.863111,16.8506215]}},{"type":"Feature","properties":{"name":"United Church of Christ in the Philippines","kind":"worship","kind_label":"Worship","source":"google_places","google_place_id":"ChIJqw1CTBvTkTMRdiDEiWzkt7Y","google_primary_type":"church","google_primary_type_label":"Church","google_types":["church","place_of_worship","association_or_organization","point_of_interest","establishment"],"google_maps_uri":"https://maps.google.com/?cid=13166243190459867254&g_mp=Cilnb29nbGUubWFwcy5wbGFjZXMudjEuUGxhY2VzLlNlYXJjaE5lYXJieRACGAQgAA","google_icon_mask_base_uri":"https://maps.gstatic.com/mapfiles/place_api/icons/v2/worship_christian_pinlet","google_icon_background_color":"#7B9EB0","formatted_address":"RVX6+GJ9, Halsema Highway, Bauko, Mountain Province, Philippines","business_status":"OPERATIONAL","rating":null,"user_rating_count":null,"barangay_slug":"sinto","barangay_name":"Sinto"},"geometry":{"type":"Point","coordinates":[120.8616203,16.8487923]}},{"type":"Feature","properties":{"name":"Badcao Store","kind":"business","kind_label":"Business","source":"google_places","google_place_id":"ChIJbZZV9hTVkTMRjIi1MnFfD1g","google_primary_type":"point_of_interest","google_primary_type_label":"Point of interest","google_types":["point_of_interest","establishment"],"google_maps_uri":"https://maps.google.com/?cid=6345395339775019148&g_mp=Cidnb29nbGUubWFwcy5wbGFjZXMudjEuUGxhY2VzLlNlYXJjaFRleHQQAhgEIAA","google_icon_mask_base_uri":"https://maps.gstatic.com/mapfiles/place_api/icons/v2/generic_pinlet","google_icon_background_color":"#7B9EB0","formatted_address":"WVV9+MJ4, Mabaay - Guinzadan - Abatan Rd, Bauko, Mountain Province, Philippines","business_status":"OPERATIONAL","rating":null,"user_rating_count":null,"barangay_slug":"tapapan","barangay_name":"Tapapan"},"geometry":{"type":"Point","coordinates":[120.8690785,16.9441442]}},{"type":"Feature","properties":{"name":"Domansi Store","kind":"business","kind_label":"Business","source":"google_places","google_place_id":"ChIJeS3uSgDVkTMRhX7BHdIfLiA","google_primary_type":"point_of_interest","google_primary_type_label":"Point of interest","google_types":["point_of_interest","establishment"],"google_maps_uri":"https://maps.google.com/?cid=2318825845445197445&g_mp=Cidnb29nbGUubWFwcy5wbGFjZXMudjEuUGxhY2VzLlNlYXJjaFRleHQQAhgEIAA","google_icon_mask_base_uri":"https://maps.gstatic.com/mapfiles/place_api/icons/v2/generic_pinlet","google_icon_background_color":"#7B9EB0","formatted_address":"2V2R+CV7, Bauko, Mountain Province, Philippines","business_status":"OPERATIONAL","rating":null,"user_rating_count":null,"barangay_slug":"tapapan","barangay_name":"Tapapan"},"geometry":{"type":"Point","coordinates":[120.869623,16.946417999999998]}},{"type":"Feature","properties":{"name":"Ops","kind":"business","kind_label":"Business","source":"google_places","google_place_id":"ChIJP2jQDxPVkTMRUR6bCW66upQ","google_primary_type":"farmers_market","google_primary_type_label":"Farmers' Market","google_types":["farmers_market","market","point_of_interest","establishment"],"google_maps_uri":"https://maps.google.com/?cid=10717083245051846225&g_mp=Cidnb29nbGUubWFwcy5wbGFjZXMudjEuUGxhY2VzLlNlYXJjaFRleHQQAhgEIAA","google_icon_mask_base_uri":"https://maps.gstatic.com/mapfiles/place_api/icons/v2/shopping_pinlet","google_icon_background_color":"#4B96F3","formatted_address":"Tapapan, Bauko, 2621 Mountain Province, Philippines","business_status":"OPERATIONAL","rating":null,"user_rating_count":null,"barangay_slug":"tapapan","barangay_name":"Tapapan"},"geometry":{"type":"Point","coordinates":[120.8714262,16.942277699999998]}},{"type":"Feature","properties":{"name":"Tapapan","kind":"business","kind_label":"Business","source":"google_places","google_place_id":"ChIJuWBTrhXVkTMRwXeoL7t96To","google_primary_type":null,"google_primary_type_label":null,"google_types":["sublocality_level_2","sublocality","political"],"google_maps_uri":"https://maps.google.com/?cid=4245062366685329345&g_mp=Cidnb29nbGUubWFwcy5wbGFjZXMudjEuUGxhY2VzLlNlYXJjaFRleHQQAhgEIAA","google_icon_mask_base_uri":"https://maps.gstatic.com/mapfiles/place_api/icons/v2/generic_pinlet","google_icon_background_color":"#7B9EB0","formatted_address":"Tapapan, Bauko, Mountain Province, Philippines","business_status":null,"rating":null,"user_rating_count":null,"barangay_slug":"tapapan","barangay_name":"Tapapan"},"geometry":{"type":"Point","coordinates":[120.8671201,16.9416796]}},{"type":"Feature","properties":{"name":"Zachduan purified water refilling station","kind":"business","kind_label":"Business","source":"google_places","google_place_id":"ChIJL1uL_MrVkTMR3DG3iVWE4Ms","google_primary_type":null,"google_primary_type_label":null,"google_types":["point_of_interest","establishment"],"google_maps_uri":"https://maps.google.com/?cid=14690887487400128988&g_mp=Cidnb29nbGUubWFwcy5wbGFjZXMudjEuUGxhY2VzLlNlYXJjaFRleHQQAhgEIAA","google_icon_mask_base_uri":"https://maps.gstatic.com/mapfiles/place_api/icons/v2/generic_pinlet","google_icon_background_color":"#7B9EB0","formatted_address":"Bauko, Mountain Province, Philippines","business_status":"OPERATIONAL","rating":null,"user_rating_count":null,"barangay_slug":"tapapan","barangay_name":"Tapapan"},"geometry":{"type":"Point","coordinates":[120.87048199999998,16.9474081]}},{"type":"Feature","properties":{"name":"Abatan Elementary School","kind":"govt","kind_label":"Government","source":"google_places","google_place_id":"ChIJYRiohBPVkTMRAm8KzEhsy1k","google_primary_type":"government_office","google_primary_type_label":"Government Office","google_types":["government_office","school","educational_institution","point_of_interest","establishment"],"google_maps_uri":"https://maps.google.com/?cid=6470384349564530434&g_mp=Cilnb29nbGUubWFwcy5wbGFjZXMudjEuUGxhY2VzLlNlYXJjaE5lYXJieRACGAQgAA","google_icon_mask_base_uri":"https://maps.gstatic.com/mapfiles/place_api/icons/v2/school_pinlet","google_icon_background_color":"#7B9EB0","formatted_address":"WVV8+JHP, Tapapan Diversion Rd, Bauko, 2621 Mountain Province, Philippines","business_status":"CLOSED_TEMPORARILY","rating":null,"user_rating_count":null,"barangay_slug":"tapapan","barangay_name":"Tapapan"},"geometry":{"type":"Point","coordinates":[120.86644199999999,16.944093]}},{"type":"Feature","properties":{"name":"Bagnen Oriente Elementary School","kind":"govt","kind_label":"Government","source":"google_places","google_place_id":"ChIJYRiohBPVkTMRtDSSF1U97oc","google_primary_type":"government_office","google_primary_type_label":"Government Office","google_types":["government_office","school","educational_institution","point_of_interest","establishment"],"google_maps_uri":"https://maps.google.com/?cid=9794833675254379700&g_mp=Cilnb29nbGUubWFwcy5wbGFjZXMudjEuUGxhY2VzLlNlYXJjaE5lYXJieRACGAQgAA","google_icon_mask_base_uri":"https://maps.gstatic.com/mapfiles/place_api/icons/v2/school_pinlet","google_icon_background_color":"#7B9EB0","formatted_address":"WVV8+JHP, Tapapan Diversion Rd, Bauko, 2621 Mountain Province, Philippines","business_status":"CLOSED_TEMPORARILY","rating":null,"user_rating_count":null,"barangay_slug":"tapapan","barangay_name":"Tapapan"},"geometry":{"type":"Point","coordinates":[120.86644199999999,16.944093]}},{"type":"Feature","properties":{"name":"Gotang Primary School","kind":"govt","kind_label":"Government","source":"google_places","google_place_id":"ChIJc9OwfBPVkTMRVJiuYTOu7Ts","google_primary_type":"government_office","google_primary_type_label":"Government Office","google_types":["government_office","school","educational_institution","point_of_interest","establishment"],"google_maps_uri":"https://maps.google.com/?cid=4318299153423571028&g_mp=Cilnb29nbGUubWFwcy5wbGFjZXMudjEuUGxhY2VzLlNlYXJjaE5lYXJieRACGAQgAA","google_icon_mask_base_uri":"https://maps.gstatic.com/mapfiles/place_api/icons/v2/school_pinlet","google_icon_background_color":"#7B9EB0","formatted_address":"WVV8+XPW, Tapapan Diversion Rd, Bauko, 2621 Mountain Province, Philippines","business_status":"CLOSED_TEMPORARILY","rating":null,"user_rating_count":null,"barangay_slug":"tapapan","barangay_name":"Tapapan"},"geometry":{"type":"Point","coordinates":[120.86682799999998,16.944985]}},{"type":"Feature","properties":{"name":"Monamon Proper Elementary School","kind":"govt","kind_label":"Government","source":"google_places","google_place_id":"ChIJYRiohBPVkTMRUTaQOSwhbzg","google_primary_type":"government_office","google_primary_type_label":"Government Office","google_types":["government_office","school","educational_institution","point_of_interest","establishment"],"google_maps_uri":"https://maps.google.com/?cid=4066505462366877265&g_mp=Cilnb29nbGUubWFwcy5wbGFjZXMudjEuUGxhY2VzLlNlYXJjaE5lYXJieRACGAQgAA","google_icon_mask_base_uri":"https://maps.gstatic.com/mapfiles/place_api/icons/v2/school_pinlet","google_icon_background_color":"#7B9EB0","formatted_address":"WVV8+JHP, Tapapan Diversion Rd, Bauko, 2621 Mountain Province, Philippines","business_status":"CLOSED_TEMPORARILY","rating":null,"user_rating_count":null,"barangay_slug":"tapapan","barangay_name":"Tapapan"},"geometry":{"type":"Point","coordinates":[120.86644199999999,16.944093]}},{"type":"Feature","properties":{"name":"Nanggawa Primary School","kind":"govt","kind_label":"Government","source":"google_places","google_place_id":"ChIJc9OwfBPVkTMRKewZZ2lECEs","google_primary_type":"government_office","google_primary_type_label":"Government Office","google_types":["school","educational_institution","government_office","point_of_interest","establishment"],"google_maps_uri":"https://maps.google.com/?cid=5406646572150287401&g_mp=Cilnb29nbGUubWFwcy5wbGFjZXMudjEuUGxhY2VzLlNlYXJjaE5lYXJieRACGAQgAA","google_icon_mask_base_uri":"https://maps.gstatic.com/mapfiles/place_api/icons/v2/school_pinlet","google_icon_background_color":"#7B9EB0","formatted_address":"WVV8+XPW, Tapapan Diversion Rd, Bauko, 2621 Mountain Province, Philippines","business_status":"CLOSED_TEMPORARILY","rating":null,"user_rating_count":null,"barangay_slug":"tapapan","barangay_name":"Tapapan"},"geometry":{"type":"Point","coordinates":[120.86682799999998,16.944985]}},{"type":"Feature","properties":{"name":"Pangao Elementary School","kind":"govt","kind_label":"Government","source":"google_places","google_place_id":"ChIJYRiohBPVkTMRKOcJre620sQ","google_primary_type":"government_office","google_primary_type_label":"Government Office","google_types":["government_office","school","educational_institution","point_of_interest","establishment"],"google_maps_uri":"https://maps.google.com/?cid=14182599312764692264&g_mp=Cilnb29nbGUubWFwcy5wbGFjZXMudjEuUGxhY2VzLlNlYXJjaE5lYXJieRACGAQgAA","google_icon_mask_base_uri":"https://maps.gstatic.com/mapfiles/place_api/icons/v2/school_pinlet","google_icon_background_color":"#7B9EB0","formatted_address":"WVV8+JHP, Tapapan Diversion Rd, Bauko, 2621 Mountain Province, Philippines","business_status":"CLOSED_TEMPORARILY","rating":null,"user_rating_count":null,"barangay_slug":"tapapan","barangay_name":"Tapapan"},"geometry":{"type":"Point","coordinates":[120.86644199999999,16.944093]}},{"type":"Feature","properties":{"name":"Pitpitan Primary School","kind":"govt","kind_label":"Government","source":"google_places","google_place_id":"ChIJc9OwfBPVkTMR41beMRN1g-Q","google_primary_type":"government_office","google_primary_type_label":"Government Office","google_types":["school","educational_institution","government_office","point_of_interest","establishment"],"google_maps_uri":"https://maps.google.com/?cid=16466133387898148579&g_mp=Cilnb29nbGUubWFwcy5wbGFjZXMudjEuUGxhY2VzLlNlYXJjaE5lYXJieRACGAQgAA","google_icon_mask_base_uri":"https://maps.gstatic.com/mapfiles/place_api/icons/v2/school_pinlet","google_icon_background_color":"#7B9EB0","formatted_address":"WVV8+XPW, Tapapan Diversion Rd, Bauko, 2621 Mountain Province, Philippines","business_status":"CLOSED_TEMPORARILY","rating":null,"user_rating_count":null,"barangay_slug":"tapapan","barangay_name":"Tapapan"},"geometry":{"type":"Point","coordinates":[120.86682799999998,16.944985]}},{"type":"Feature","properties":{"name":"Tapapan Baranggay Hall","kind":"govt","kind_label":"Government","source":"google_places","google_place_id":"ChIJpc1KcwDVkTMRlhDt-aUyUlA","google_primary_type":"government_office","google_primary_type_label":"Government Office","google_types":["government_office","point_of_interest","establishment"],"google_maps_uri":"https://maps.google.com/?cid=5787744159568564374&g_mp=Cilnb29nbGUubWFwcy5wbGFjZXMudjEuUGxhY2VzLlNlYXJjaE5lYXJieRACGAQgAA","google_icon_mask_base_uri":"https://maps.gstatic.com/mapfiles/place_api/icons/v2/civic-bldg_pinlet","google_icon_background_color":"#7B9EB0","formatted_address":"WVV8+7CX, Tapapan, Bauko, Mountain Province, Philippines","business_status":"OPERATIONAL","rating":null,"user_rating_count":null,"barangay_slug":"tapapan","barangay_name":"Tapapan"},"geometry":{"type":"Point","coordinates":[120.86610459999999,16.9432275]}},{"type":"Feature","properties":{"name":"Pating's Store","kind":"market","kind_label":"Market","source":"google_places","google_place_id":"ChIJmSLNNgDVkTMRIMxJ96FxrkI","google_primary_type":"convenience_store","google_primary_type_label":"Convenience Store","google_types":["convenience_store","food_store","food","point_of_interest","store","establishment"],"google_maps_uri":"https://maps.google.com/?cid=4804902792903380000&g_mp=Cilnb29nbGUubWFwcy5wbGFjZXMudjEuUGxhY2VzLlNlYXJjaE5lYXJieRACGAQgAA","google_icon_mask_base_uri":"https://maps.gstatic.com/mapfiles/place_api/icons/v2/convenience_pinlet","google_icon_background_color":"#4B96F3","formatted_address":"WVX9+4FC, Bauko, Mountain Province, Philippines","business_status":"OPERATIONAL","rating":null,"user_rating_count":null,"barangay_slug":"tapapan","barangay_name":"Tapapan"},"geometry":{"type":"Point","coordinates":[120.868628,16.9478235]}},{"type":"Feature","properties":{"name":"Tapapan Farm Supply","kind":"market","kind_label":"Market","source":"google_places","google_place_id":"ChIJ-WnUPgDVkTMR65vZ-b9ERQo","google_primary_type":"convenience_store","google_primary_type_label":"Convenience Store","google_types":["convenience_store","food_store","food","point_of_interest","store","establishment"],"google_maps_uri":"https://maps.google.com/?cid=740073305093544939&g_mp=Cilnb29nbGUubWFwcy5wbGFjZXMudjEuUGxhY2VzLlNlYXJjaE5lYXJieRACGAQgAA","google_icon_mask_base_uri":"https://maps.gstatic.com/mapfiles/place_api/icons/v2/convenience_pinlet","google_icon_background_color":"#4B96F3","formatted_address":"2V2R+CV7, Bauko, Mountain Province, Philippines","business_status":"OPERATIONAL","rating":5,"user_rating_count":1,"barangay_slug":"tapapan","barangay_name":"Tapapan"},"geometry":{"type":"Point","coordinates":[120.869623,16.946417999999998]}},{"type":"Feature","properties":{"name":"Letang Primary School","kind":"school","kind_label":"School","source":"google_places","google_place_id":"ChIJaS3Kmz_VkTMR9hTGzUFqUXI","google_primary_type":"primary_school","google_primary_type_label":"Primary School","google_types":["primary_school","school","educational_institution","point_of_interest","establishment"],"google_maps_uri":"https://maps.google.com/?cid=8237482024295077110&g_mp=Cilnb29nbGUubWFwcy5wbGFjZXMudjEuUGxhY2VzLlNlYXJjaE5lYXJieRACGAQgAA","google_icon_mask_base_uri":"https://maps.gstatic.com/mapfiles/place_api/icons/v2/school_pinlet","google_icon_background_color":"#7B9EB0","formatted_address":"WVVG+V29, Bauko, Mountain Province, Philippines","business_status":"OPERATIONAL","rating":null,"user_rating_count":null,"barangay_slug":"tapapan","barangay_name":"Tapapan"},"geometry":{"type":"Point","coordinates":[120.87510139999999,16.9446653]}},{"type":"Feature","properties":{"name":"Tapapan National High School","kind":"school","kind_label":"School","source":"google_places","google_place_id":"ChIJlUPUoWzVkTMRK8ZFQUvHaxI","google_primary_type":"secondary_school","google_primary_type_label":"High school","google_types":["secondary_school","school","educational_institution","point_of_interest","establishment"],"google_maps_uri":"https://maps.google.com/?cid=1327373641222309419&g_mp=Cilnb29nbGUubWFwcy5wbGFjZXMudjEuUGxhY2VzLlNlYXJjaE5lYXJieRACGAQgAA","google_icon_mask_base_uri":"https://maps.gstatic.com/mapfiles/place_api/icons/v2/school_pinlet","google_icon_background_color":"#7B9EB0","formatted_address":"WVX8+8QF, Bauko, Mountain Province, Philippines","business_status":"OPERATIONAL","rating":null,"user_rating_count":null,"barangay_slug":"tapapan","barangay_name":"Tapapan"},"geometry":{"type":"Point","coordinates":[120.86692289999999,16.9483101]}},{"type":"Feature","properties":{"name":"Tramline","kind":"tourism","kind_label":"Tourism","source":"google_places","google_place_id":"ChIJ8yWeFQDVkTMRBVGtslg98gc","google_primary_type":"tourist_attraction","google_primary_type_label":"Tourist Attraction","google_types":["tourist_attraction","point_of_interest","establishment"],"google_maps_uri":"https://maps.google.com/?cid=572587553793593605&g_mp=Cilnb29nbGUubWFwcy5wbGFjZXMudjEuUGxhY2VzLlNlYXJjaE5lYXJieRACGAQgAA","google_icon_mask_base_uri":"https://maps.gstatic.com/mapfiles/place_api/icons/v2/generic_pinlet","google_icon_background_color":"#13B5C7","formatted_address":"WVXC+R4G, Tapapan Farm to Market Rd, Bauko, Mountain Province, Philippines","business_status":"OPERATIONAL","rating":null,"user_rating_count":null,"barangay_slug":"tapapan","barangay_name":"Tapapan"},"geometry":{"type":"Point","coordinates":[120.87033040000001,16.9495687]}},{"type":"Feature","properties":{"name":"View Hill Tapapan","kind":"tourism","kind_label":"Tourism","source":"google_places","google_place_id":"ChIJM6y4gWvVkTMRTlm--uG7_pU","google_primary_type":"park","google_primary_type_label":"Park","google_types":["park","point_of_interest","establishment"],"google_maps_uri":"https://maps.google.com/?cid=10808282734984583502&g_mp=Cilnb29nbGUubWFwcy5wbGFjZXMudjEuUGxhY2VzLlNlYXJjaE5lYXJieRACGAQgAA","google_icon_mask_base_uri":"https://maps.gstatic.com/mapfiles/place_api/icons/v2/tree_pinlet","google_icon_background_color":"#4DB546","formatted_address":"View Hill, WVX8+RWX, Bauko, Mountain Province, Philippines","business_status":"OPERATIONAL","rating":4.3,"user_rating_count":9,"barangay_slug":"tapapan","barangay_name":"Tapapan"},"geometry":{"type":"Point","coordinates":[120.86736560000001,16.949616799999998]}},{"type":"Feature","properties":{"name":"Bible Baptist Mission (Baguio City)","kind":"worship","kind_label":"Worship","source":"google_places","google_place_id":"ChIJkYGsUl3VkTMRpFqGlYQML8E","google_primary_type":"church","google_primary_type_label":"Church","google_types":["church","place_of_worship","association_or_organization","point_of_interest","establishment"],"google_maps_uri":"https://maps.google.com/?cid=13920358736809319076&g_mp=Cilnb29nbGUubWFwcy5wbGFjZXMudjEuUGxhY2VzLlNlYXJjaE5lYXJieRACGAQgAA","google_icon_mask_base_uri":"https://maps.gstatic.com/mapfiles/place_api/icons/v2/worship_christian_pinlet","google_icon_background_color":"#7B9EB0","formatted_address":"Guinzadan, Bauko, Mountain Province, Bauko, Mountain Province, Philippines","business_status":"OPERATIONAL","rating":5,"user_rating_count":1,"barangay_slug":"tapapan","barangay_name":"Tapapan"},"geometry":{"type":"Point","coordinates":[120.8700371,16.9485633]}},{"type":"Feature","properties":{"name":"PENTECOST RUA CHURCH","kind":"worship","kind_label":"Worship","source":"google_places","google_place_id":"ChIJXQTVWvHVkTMRLikjUfOAB6w","google_primary_type":"church","google_primary_type_label":"Church","google_types":["church","place_of_worship","association_or_organization","point_of_interest","establishment"],"google_maps_uri":"https://maps.google.com/?cid=12396018281887246638&g_mp=Cilnb29nbGUubWFwcy5wbGFjZXMudjEuUGxhY2VzLlNlYXJjaE5lYXJieRACGAQgAA","google_icon_mask_base_uri":"https://maps.gstatic.com/mapfiles/place_api/icons/v2/worship_christian_pinlet","google_icon_background_color":"#7B9EB0","formatted_address":"Suysoyoc, Mabaay - Guinzadan - Abatan Rd, Bauko, Mountain Province, Philippines","business_status":"OPERATIONAL","rating":null,"user_rating_count":null,"barangay_slug":"tapapan","barangay_name":"Tapapan"},"geometry":{"type":"Point","coordinates":[120.8711442,16.9368212]}},{"type":"Feature","properties":{"name":"St. Luke Lutheran Church","kind":"worship","kind_label":"Worship","source":"google_places","google_place_id":"ChIJv2sS5xTVkTMRsDCbm5l7LCU","google_primary_type":"church","google_primary_type_label":"Church","google_types":["church","place_of_worship","association_or_organization","point_of_interest","establishment"],"google_maps_uri":"https://maps.google.com/?cid=2678651778049454256&g_mp=Cilnb29nbGUubWFwcy5wbGFjZXMudjEuUGxhY2VzLlNlYXJjaE5lYXJieRACGAQgAA","google_icon_mask_base_uri":"https://maps.gstatic.com/mapfiles/place_api/icons/v2/worship_christian_pinlet","google_icon_background_color":"#7B9EB0","formatted_address":"Tapapan - Letang Road, Tapapan, WVW9+3Q5, Bauko, 2621 Mountain Province, Philippines","business_status":"OPERATIONAL","rating":5,"user_rating_count":1,"barangay_slug":"tapapan","barangay_name":"Tapapan"},"geometry":{"type":"Point","coordinates":[120.869494,16.9451401]}},{"type":"Feature","properties":{"name":"Tapapan Lutheran Church","kind":"worship","kind_label":"Worship","source":"google_places","google_place_id":"ChIJDyMG5xTVkTMR5NDSIgH-ASs","google_primary_type":"church","google_primary_type_label":"Church","google_types":["church","place_of_worship","association_or_organization","point_of_interest","establishment"],"google_maps_uri":"https://maps.google.com/?cid=3099037299440275684&g_mp=Cilnb29nbGUubWFwcy5wbGFjZXMudjEuUGxhY2VzLlNlYXJjaE5lYXJieRACGAQgAA","google_icon_mask_base_uri":"https://maps.gstatic.com/mapfiles/place_api/icons/v2/worship_christian_pinlet","google_icon_background_color":"#7B9EB0","formatted_address":"WVW9+2QW, Mabaay - Guinzadan - Abatan Rd, Bauko, Mountain Province, Philippines","business_status":"OPERATIONAL","rating":null,"user_rating_count":null,"barangay_slug":"tapapan","barangay_name":"Tapapan"},"geometry":{"type":"Point","coordinates":[120.86946599999999,16.945111999999998]}},{"type":"Feature","properties":{"name":"Tapapan Roman Catholic Church","kind":"worship","kind_label":"Worship","source":"google_places","google_place_id":"ChIJu2C3VmvVkTMR6_vsq1kA-wU","google_primary_type":"church","google_primary_type_label":"Church","google_types":["church","place_of_worship","association_or_organization","point_of_interest","establishment"],"google_maps_uri":"https://maps.google.com/?cid=430938574480538603&g_mp=Cilnb29nbGUubWFwcy5wbGFjZXMudjEuUGxhY2VzLlNlYXJjaE5lYXJieRACGAQgAA","google_icon_mask_base_uri":"https://maps.gstatic.com/mapfiles/place_api/icons/v2/worship_christian_pinlet","google_icon_background_color":"#7B9EB0","formatted_address":"WVW8+WX7, Mabaay - Guinzadan - Abatan Rd, Bauko, Mountain Province, Philippines","business_status":"OPERATIONAL","rating":null,"user_rating_count":null,"barangay_slug":"tapapan","barangay_name":"Tapapan"},"geometry":{"type":"Point","coordinates":[120.8674353,16.9472856]}}]}
