{"type":"FeatureCollection","features":[{"type":"Feature","properties":{"barangay_slug":"banguitan","barangay_name":"Banguitan","osm_id":"w184131647","osm_type":"way","building":"school","name":null,"addr":null,"area_m2":189},"geometry":{"type":"Polygon","coordinates":[[[120.8540549,17.0755648],[120.8541496,17.0755893],[120.8541939,17.0754321],[120.8540991,17.0754078],[120.8540549,17.0755648]]]}},{"type":"Feature","properties":{"barangay_slug":"banguitan","barangay_name":"Banguitan","osm_id":"w184131648","osm_type":"way","building":"school","name":null,"addr":null,"area_m2":212},"geometry":{"type":"Polygon","coordinates":[[[120.8538853,17.0756031],[120.8539443,17.0756185],[120.8539532,17.0755875],[120.8539775,17.0755938],[120.8540188,17.0754497],[120.8539154,17.0754227],[120.8538742,17.0755663],[120.8538944,17.0755716],[120.8538853,17.0756031]]]}},{"type":"Feature","properties":{"barangay_slug":"kin-iway","barangay_name":"Kin-iway (Pob.)","osm_id":"w185653267","osm_type":"way","building":"school","name":null,"addr":null,"area_m2":277},"geometry":{"type":"Polygon","coordinates":[[[120.8559487,17.094759],[120.8561886,17.0948364],[120.8562196,17.0947487],[120.8559797,17.0946713],[120.8559487,17.094759]]]}},{"type":"Feature","properties":{"barangay_slug":"kin-iway","barangay_name":"Kin-iway (Pob.)","osm_id":"w185653275","osm_type":"way","building":"school","name":null,"addr":null,"area_m2":260},"geometry":{"type":"Polygon","coordinates":[[[120.8562935,17.0947345],[120.8565192,17.0948019],[120.8565483,17.094713],[120.8563226,17.0946456],[120.8562935,17.0947345]]]}},{"type":"Feature","properties":{"barangay_slug":"kin-iway","barangay_name":"Kin-iway (Pob.)","osm_id":"w237021638","osm_type":"way","building":"yes","name":"Besao District Hospital","addr":null,"area_m2":1206},"geometry":{"type":"Polygon","coordinates":[[[120.8555306,17.095335],[120.8555309,17.0953437],[120.8558059,17.0953359],[120.8558013,17.0951876],[120.8555243,17.0951954],[120.8555243,17.0951962],[120.8550855,17.0952087],[120.8550899,17.0953475],[120.8555306,17.095335]]]}},{"type":"Feature","properties":{"barangay_slug":"kin-iway","barangay_name":"Kin-iway (Pob.)","osm_id":"w237021969","osm_type":"way","building":"public","name":null,"addr":null,"area_m2":193},"geometry":{"type":"Polygon","coordinates":[[[120.8558283,17.0953351],[120.8558224,17.095192],[120.8558217,17.0951749],[120.8558208,17.0951529],[120.8559102,17.0951495],[120.8559111,17.0951717],[120.8559177,17.0953317],[120.8558283,17.0953351]]]}},{"type":"Feature","properties":{"barangay_slug":"kin-iway","barangay_name":"Kin-iway (Pob.)","osm_id":"w237021974","osm_type":"way","building":"yes","name":"Senior Citizens Center","addr":null,"area_m2":202},"geometry":{"type":"Polygon","coordinates":[[[120.8562215,17.0951366],[120.8562193,17.0950055],[120.8563494,17.0950035],[120.8563516,17.0951345],[120.8562215,17.0951366]]]}},{"type":"Feature","properties":{"barangay_slug":"kin-iway","barangay_name":"Kin-iway (Pob.)","osm_id":"w237022001","osm_type":"way","building":"yes","name":"Besao Municipal Police Station","addr":null,"area_m2":107},"geometry":{"type":"Polygon","coordinates":[[[120.8562117,17.0951006],[120.8562092,17.095017],[120.8561006,17.09502],[120.8561032,17.0951037],[120.8562117,17.0951006]]]}},{"type":"Feature","properties":{"barangay_slug":"kin-iway","barangay_name":"Kin-iway (Pob.)","osm_id":"w237022007","osm_type":"way","building":"yes","name":null,"addr":null,"area_m2":141},"geometry":{"type":"Polygon","coordinates":[[[120.8560927,17.0951091],[120.8560896,17.0950401],[120.8559173,17.0950472],[120.8559204,17.095116],[120.8560927,17.0951091]]]}},{"type":"Feature","properties":{"barangay_slug":"kin-iway","barangay_name":"Kin-iway (Pob.)","osm_id":"w237022044","osm_type":"way","building":"yes","name":null,"addr":null,"area_m2":90},"geometry":{"type":"Polygon","coordinates":[[[120.855909,17.0951366],[120.8558031,17.0951507],[120.8557929,17.0950806],[120.8558988,17.0950664],[120.855909,17.0951366]]]}},{"type":"Feature","properties":{"barangay_slug":"kin-iway","barangay_name":"Kin-iway (Pob.)","osm_id":"w237022200","osm_type":"way","building":"yes","name":null,"addr":null,"area_m2":201},"geometry":{"type":"Polygon","coordinates":[[[120.8559507,17.0949351],[120.8559531,17.0948352],[120.8561235,17.094839],[120.8561211,17.0949389],[120.8559507,17.0949351]]]}},{"type":"Feature","properties":{"barangay_slug":"kin-iway","barangay_name":"Kin-iway (Pob.)","osm_id":"w237022239","osm_type":"way","building":"yes","name":null,"addr":null,"area_m2":127},"geometry":{"type":"Polygon","coordinates":[[[120.8561319,17.0949975],[120.8561311,17.0949471],[120.8563451,17.0949441],[120.8563458,17.0949945],[120.8561319,17.0949975]]]}},{"type":"Feature","properties":{"barangay_slug":"kin-iway","barangay_name":"Kin-iway (Pob.)","osm_id":"w237022253","osm_type":"way","building":"yes","name":null,"addr":null,"area_m2":180},"geometry":{"type":"Polygon","coordinates":[[[120.8561291,17.0949232],[120.8561275,17.0948538],[120.856347,17.0948494],[120.8563485,17.0949187],[120.8561291,17.0949232]]]}},{"type":"Feature","properties":{"barangay_slug":"kin-iway","barangay_name":"Kin-iway (Pob.)","osm_id":"w237022264","osm_type":"way","building":"roof","name":null,"addr":null,"area_m2":716},"geometry":{"type":"Polygon","coordinates":[[[120.8563919,17.0951885],[120.8563886,17.0949002],[120.8565987,17.094898],[120.856602,17.0951863],[120.8563919,17.0951885]]]}},{"type":"Feature","properties":{"barangay_slug":"tamboan","barangay_name":"Tamboan","osm_id":"w273654829","osm_type":"way","building":"school","name":null,"addr":null,"area_m2":199},"geometry":{"type":"Polygon","coordinates":[[[120.797703,17.1199317],[120.7976869,17.119824],[120.7978451,17.1198035],[120.7978532,17.1199112],[120.797703,17.1199317]]]}},{"type":"Feature","properties":{"barangay_slug":"tamboan","barangay_name":"Tamboan","osm_id":"w273654904","osm_type":"way","building":"school","name":null,"addr":null,"area_m2":206},"geometry":{"type":"Polygon","coordinates":[[[120.7977714,17.1199649],[120.7977017,17.1199598],[120.7976668,17.1201905],[120.7977446,17.1202008],[120.7977714,17.1199649]]]}},{"type":"Feature","properties":{"barangay_slug":"tamboan","barangay_name":"Tamboan","osm_id":"w273654914","osm_type":"way","building":"school","name":null,"addr":null,"area_m2":71},"geometry":{"type":"Polygon","coordinates":[[[120.7978009,17.120502],[120.7977312,17.1204738],[120.7977714,17.120402],[120.7978385,17.1204328],[120.7978009,17.120502]]]}},{"type":"Feature","properties":{"barangay_slug":"tamboan","barangay_name":"Tamboan","osm_id":"w273654920","osm_type":"way","building":"school","name":null,"addr":null,"area_m2":68},"geometry":{"type":"Polygon","coordinates":[[[120.7977419,17.1203251],[120.7977231,17.1202533],[120.7977955,17.1202328],[120.797817,17.1203072],[120.7977419,17.1203251]]]}},{"type":"Feature","properties":{"barangay_slug":"kin-iway","barangay_name":"Kin-iway (Pob.)","osm_id":"w358803278","osm_type":"way","building":"school","name":"St. James' High School","addr":null,"area_m2":385},"geometry":{"type":"Polygon","coordinates":[[[120.8570999,17.0963281],[120.8572185,17.0962999],[120.8571346,17.0960327],[120.8570259,17.0960615],[120.8570999,17.0963281]]]}},{"type":"Feature","properties":{"barangay_slug":"kin-iway","barangay_name":"Kin-iway (Pob.)","osm_id":"w358807138","osm_type":"way","building":"school","name":null,"addr":null,"area_m2":231},"geometry":{"type":"Polygon","coordinates":[[[120.8568399,17.0958132],[120.857058,17.095813],[120.8570579,17.0957233],[120.8568397,17.0957236],[120.8568399,17.0958132]]]}},{"type":"Feature","properties":{"barangay_slug":"kin-iway","barangay_name":"Kin-iway (Pob.)","osm_id":"w358807139","osm_type":"way","building":"school","name":"St. James' High School","addr":null,"area_m2":492},"geometry":{"type":"Polygon","coordinates":[[[120.8564761,17.0960323],[120.8565999,17.0963476],[120.8567156,17.0963062],[120.8565917,17.0959909],[120.8564761,17.0960323]]]}},{"type":"Feature","properties":{"barangay_slug":"kin-iway","barangay_name":"Kin-iway (Pob.)","osm_id":"w358807140","osm_type":"way","building":"yes","name":"Besao Credit Cooperative, Inc.","addr":null,"area_m2":168},"geometry":{"type":"Polygon","coordinates":[[[120.8572265,17.0957796],[120.8573329,17.0958625],[120.8574014,17.0957823],[120.857295,17.0956993],[120.8572265,17.0957796]]]}},{"type":"Feature","properties":{"barangay_slug":"kin-iway","barangay_name":"Kin-iway (Pob.)","osm_id":"w358807143","osm_type":"way","building":"yes","name":"St. Benedict's Parish Church","addr":null,"area_m2":314},"geometry":{"type":"Polygon","coordinates":[[[120.8577089,17.096901],[120.8577455,17.0967863],[120.8579575,17.096848],[120.8579209,17.0969628],[120.8578856,17.0969525],[120.8577089,17.096901]]]}},{"type":"Feature","properties":{"barangay_slug":"kin-iway","barangay_name":"Kin-iway (Pob.)","osm_id":"w358890269","osm_type":"way","building":"house","name":null,"addr":null,"area_m2":115},"geometry":{"type":"Polygon","coordinates":[[[120.8581666,17.0947515],[120.8582273,17.0948197],[120.8583046,17.0947534],[120.8582429,17.094679],[120.8581666,17.0947515]]]}},{"type":"Feature","properties":{"barangay_slug":"kin-iway","barangay_name":"Kin-iway (Pob.)","osm_id":"w358890271","osm_type":"way","building":"house","name":null,"addr":null,"area_m2":71},"geometry":{"type":"Polygon","coordinates":[[[120.8581545,17.0949365],[120.8582257,17.0948927],[120.858266,17.0949525],[120.8581949,17.0949963],[120.8581545,17.0949365]]]}},{"type":"Feature","properties":{"barangay_slug":"kin-iway","barangay_name":"Kin-iway (Pob.)","osm_id":"w358890272","osm_type":"way","building":"house","name":null,"addr":null,"area_m2":58},"geometry":{"type":"Polygon","coordinates":[[[120.8580604,17.0947474],[120.8581063,17.0948063],[120.85816,17.0947682],[120.858114,17.0947092],[120.8580604,17.0947474]]]}},{"type":"Feature","properties":{"barangay_slug":"kin-iway","barangay_name":"Kin-iway (Pob.)","osm_id":"w358890273","osm_type":"way","building":"house","name":null,"addr":null,"area_m2":69},"geometry":{"type":"Polygon","coordinates":[[[120.8580288,17.095067],[120.8580641,17.0951234],[120.8581409,17.0950795],[120.8581055,17.0950231],[120.8580288,17.095067]]]}},{"type":"Feature","properties":{"barangay_slug":"kin-iway","barangay_name":"Kin-iway (Pob.)","osm_id":"w358890274","osm_type":"way","building":"house","name":null,"addr":null,"area_m2":43},"geometry":{"type":"Polygon","coordinates":[[[120.8580452,17.094858],[120.8580941,17.0948204],[120.8580558,17.0947749],[120.8580069,17.0948126],[120.8580452,17.094858]]]}},{"type":"Feature","properties":{"barangay_slug":"kin-iway","barangay_name":"Kin-iway (Pob.)","osm_id":"w358890275","osm_type":"way","building":"house","name":null,"addr":null,"area_m2":78},"geometry":{"type":"Polygon","coordinates":[[[120.8583338,17.0947614],[120.8583445,17.0946704],[120.8584142,17.0946716],[120.8584089,17.0947626],[120.8583338,17.0947614]]]}},{"type":"Feature","properties":{"barangay_slug":"kin-iway","barangay_name":"Kin-iway (Pob.)","osm_id":"w358890276","osm_type":"way","building":"house","name":null,"addr":null,"area_m2":82},"geometry":{"type":"Polygon","coordinates":[[[120.858205,17.094605],[120.8583016,17.0945896],[120.8582895,17.0945191],[120.8581943,17.0945345],[120.858205,17.094605]]]}},{"type":"Feature","properties":{"barangay_slug":"kin-iway","barangay_name":"Kin-iway (Pob.)","osm_id":"w358890277","osm_type":"way","building":"house","name":null,"addr":null,"area_m2":75},"geometry":{"type":"Polygon","coordinates":[[[120.8583499,17.0946075],[120.8584075,17.094614],[120.8584142,17.0945011],[120.8583606,17.0944947],[120.8583499,17.0946075]]]}},{"type":"Feature","properties":{"barangay_slug":"kin-iway","barangay_name":"Kin-iway (Pob.)","osm_id":"w358890278","osm_type":"way","building":"house","name":null,"addr":null,"area_m2":57},"geometry":{"type":"Polygon","coordinates":[[[120.8583594,17.0944379],[120.8584035,17.0944755],[120.8584439,17.0944071],[120.8584077,17.0943597],[120.8583594,17.0944379]]]}},{"type":"Feature","properties":{"barangay_slug":"kin-iway","barangay_name":"Kin-iway (Pob.)","osm_id":"w358890279","osm_type":"way","building":"house","name":null,"addr":null,"area_m2":63},"geometry":{"type":"Polygon","coordinates":[[[120.8584129,17.0943307],[120.8584491,17.0943871],[120.8585162,17.0943486],[120.8584813,17.0942896],[120.8584129,17.0943307]]]}},{"type":"Feature","properties":{"barangay_slug":"kin-iway","barangay_name":"Kin-iway (Pob.)","osm_id":"w358890280","osm_type":"way","building":"house","name":null,"addr":null,"area_m2":112},"geometry":{"type":"Polygon","coordinates":[[[120.8586033,17.0943473],[120.8586999,17.0943525],[120.8587053,17.0942563],[120.858606,17.0942512],[120.8586033,17.0943473]]]}},{"type":"Feature","properties":{"barangay_slug":"kin-iway","barangay_name":"Kin-iway (Pob.)","osm_id":"w358890281","osm_type":"way","building":"house","name":null,"addr":null,"area_m2":101},"geometry":{"type":"Polygon","coordinates":[[[120.8581594,17.0943409],[120.8582399,17.0944165],[120.8582909,17.0943614],[120.8582131,17.094282],[120.8581594,17.0943409]]]}},{"type":"Feature","properties":{"barangay_slug":"kin-iway","barangay_name":"Kin-iway (Pob.)","osm_id":"w358890283","osm_type":"way","building":"house","name":null,"addr":null,"area_m2":136},"geometry":{"type":"Polygon","coordinates":[[[120.8585397,17.0946075],[120.8586336,17.0945716],[120.8585954,17.0944635],[120.8584992,17.0945058],[120.8585397,17.0946075]]]}},{"type":"Feature","properties":{"barangay_slug":"kin-iway","barangay_name":"Kin-iway (Pob.)","osm_id":"w358890284","osm_type":"way","building":"house","name":null,"addr":null,"area_m2":23},"geometry":{"type":"Polygon","coordinates":[[[120.8588429,17.0946023],[120.8588858,17.0945894],[120.8588858,17.0946343],[120.8588456,17.0946484],[120.8588429,17.0946023]]]}},{"type":"Feature","properties":{"barangay_slug":"kin-iway","barangay_name":"Kin-iway (Pob.)","osm_id":"w358890285","osm_type":"way","building":"house","name":null,"addr":null,"area_m2":48},"geometry":{"type":"Polygon","coordinates":[[[120.8587156,17.0943735],[120.8587263,17.0943093],[120.858787,17.0943379],[120.8587721,17.0943997],[120.8587156,17.0943735]]]}},{"type":"Feature","properties":{"barangay_slug":"kin-iway","barangay_name":"Kin-iway (Pob.)","osm_id":"w358890286","osm_type":"way","building":"house","name":null,"addr":null,"area_m2":26},"geometry":{"type":"Polygon","coordinates":[[[120.858797,17.0944092],[120.8588219,17.0943664],[120.8588617,17.094387],[120.8588351,17.0944298],[120.858797,17.0944092]]]}},{"type":"Feature","properties":{"barangay_slug":"kin-iway","barangay_name":"Kin-iway (Pob.)","osm_id":"w358890287","osm_type":"way","building":"house","name":null,"addr":null,"area_m2":54},"geometry":{"type":"Polygon","coordinates":[[[120.8591287,17.094655],[120.8590922,17.0945789],[120.8591437,17.0945583],[120.8591768,17.0946391],[120.8591287,17.094655]]]}},{"type":"Feature","properties":{"barangay_slug":"kin-iway","barangay_name":"Kin-iway (Pob.)","osm_id":"w358890288","osm_type":"way","building":"house","name":null,"addr":null,"area_m2":16},"geometry":{"type":"Polygon","coordinates":[[[120.8588805,17.0946933],[120.8588577,17.0946664],[120.8588912,17.0946458],[120.858914,17.0946753],[120.8588805,17.0946933]]]}},{"type":"Feature","properties":{"barangay_slug":"kin-iway","barangay_name":"Kin-iway (Pob.)","osm_id":"w358890289","osm_type":"way","building":"house","name":null,"addr":null,"area_m2":23},"geometry":{"type":"Polygon","coordinates":[[[120.8589079,17.094701],[120.8589267,17.0946458],[120.8589589,17.0946561],[120.8589395,17.0947119],[120.8589079,17.094701]]]}},{"type":"Feature","properties":{"barangay_slug":"kin-iway","barangay_name":"Kin-iway (Pob.)","osm_id":"w358890290","osm_type":"way","building":"house","name":null,"addr":null,"area_m2":15},"geometry":{"type":"Polygon","coordinates":[[[120.8588999,17.0946407],[120.8589247,17.0946369],[120.8589227,17.0945856],[120.8588979,17.0945901],[120.8588999,17.0946407]]]}},{"type":"Feature","properties":{"barangay_slug":"kin-iway","barangay_name":"Kin-iway (Pob.)","osm_id":"w358897629","osm_type":"way","building":"house","name":null,"addr":null,"area_m2":71},"geometry":{"type":"Polygon","coordinates":[[[120.8584704,17.0948845],[120.8584999,17.0948102],[120.858567,17.0948461],[120.8585402,17.0949179],[120.8584704,17.0948845]]]}},{"type":"Feature","properties":{"barangay_slug":"kin-iway","barangay_name":"Kin-iway (Pob.)","osm_id":"w358897630","osm_type":"way","building":"house","name":null,"addr":null,"area_m2":49},"geometry":{"type":"Polygon","coordinates":[[[120.8585415,17.0947743],[120.8585965,17.0947756],[120.8585938,17.0947012],[120.8585388,17.0946987],[120.8585415,17.0947743]]]}},{"type":"Feature","properties":{"barangay_slug":"kin-iway","barangay_name":"Kin-iway (Pob.)","osm_id":"w358897631","osm_type":"way","building":"house","name":null,"addr":null,"area_m2":88},"geometry":{"type":"Polygon","coordinates":[[[120.8584919,17.0949922],[120.8585804,17.0949409],[120.858618,17.095005],[120.8585321,17.0950537],[120.8584919,17.0949922]]]}},{"type":"Feature","properties":{"barangay_slug":"kin-iway","barangay_name":"Kin-iway (Pob.)","osm_id":"w358897632","osm_type":"way","building":"house","name":null,"addr":null,"area_m2":69},"geometry":{"type":"Polygon","coordinates":[[[120.8584892,17.0951204],[120.8585563,17.0950717],[120.8586019,17.0951255],[120.8585348,17.0951742],[120.8584892,17.0951204]]]}},{"type":"Feature","properties":{"barangay_slug":"kin-iway","barangay_name":"Kin-iway (Pob.)","osm_id":"w358897633","osm_type":"way","building":"yes","name":null,"addr":null,"area_m2":23},"geometry":{"type":"Polygon","coordinates":[[[120.8585777,17.0950589],[120.8586153,17.0950307],[120.8586394,17.0950614],[120.8586019,17.0950922],[120.8585777,17.0950589]]]}},{"type":"Feature","properties":{"barangay_slug":"kin-iway","barangay_name":"Kin-iway (Pob.)","osm_id":"w358897634","osm_type":"way","building":"house","name":null,"addr":null,"area_m2":89},"geometry":{"type":"Polygon","coordinates":[[[120.8582304,17.0952178],[120.8581821,17.0951563],[120.8582626,17.0951025],[120.8583082,17.0951704],[120.8582304,17.0952178]]]}},{"type":"Feature","properties":{"barangay_slug":"kin-iway","barangay_name":"Kin-iway (Pob.)","osm_id":"w358897635","osm_type":"way","building":"house","name":null,"addr":null,"area_m2":82},"geometry":{"type":"Polygon","coordinates":[[[120.8584711,17.0952576],[120.8585248,17.0952063],[120.8585945,17.0952652],[120.8585409,17.0953191],[120.8584711,17.0952576]]]}},{"type":"Feature","properties":{"barangay_slug":"kin-iway","barangay_name":"Kin-iway (Pob.)","osm_id":"w358897636","osm_type":"way","building":"house","name":null,"addr":null,"area_m2":143},"geometry":{"type":"Polygon","coordinates":[[[120.8578817,17.0952195],[120.8579775,17.0952484],[120.8579394,17.0953632],[120.8578436,17.0953342],[120.8578817,17.0952195]]]}},{"type":"Feature","properties":{"barangay_slug":"kin-iway","barangay_name":"Kin-iway (Pob.)","osm_id":"w358897637","osm_type":"way","building":"house","name":null,"addr":null,"area_m2":70},"geometry":{"type":"Polygon","coordinates":[[[120.8577578,17.0952454],[120.857784,17.0951828],[120.8578661,17.0952142],[120.85784,17.0952768],[120.8577578,17.0952454]]]}},{"type":"Feature","properties":{"barangay_slug":"kin-iway","barangay_name":"Kin-iway (Pob.)","osm_id":"w358897638","osm_type":"way","building":"yes","name":null,"addr":null,"area_m2":152},"geometry":{"type":"Polygon","coordinates":[[[120.8574217,17.0950734],[120.8575263,17.0950863],[120.8575611,17.0949683],[120.8574619,17.0949504],[120.8574217,17.0950734]]]}},{"type":"Feature","properties":{"barangay_slug":"kin-iway","barangay_name":"Kin-iway (Pob.)","osm_id":"w358897639","osm_type":"way","building":"yes","name":null,"addr":null,"area_m2":68},"geometry":{"type":"Polygon","coordinates":[[[120.8575598,17.0950837],[120.8576269,17.0950811],[120.8576081,17.0949658],[120.8575759,17.0949683],[120.8575598,17.0950837]]]}},{"type":"Feature","properties":{"barangay_slug":"kin-iway","barangay_name":"Kin-iway (Pob.)","osm_id":"w358897640","osm_type":"way","building":"yes","name":null,"addr":null,"area_m2":81},"geometry":{"type":"Polygon","coordinates":[[[120.8576269,17.0950811],[120.8577047,17.0950734],[120.8576805,17.0949709],[120.8576269,17.0949786],[120.8576269,17.0950811]]]}},{"type":"Feature","properties":{"barangay_slug":"kin-iway","barangay_name":"Kin-iway (Pob.)","osm_id":"w358897641","osm_type":"way","building":"yes","name":null,"addr":null,"area_m2":72},"geometry":{"type":"Polygon","coordinates":[[[120.8577208,17.0950606],[120.8576993,17.0949709],[120.857761,17.0949683],[120.8577905,17.0950632],[120.8577208,17.0950606]]]}},{"type":"Feature","properties":{"barangay_slug":"kin-iway","barangay_name":"Kin-iway (Pob.)","osm_id":"w358897642","osm_type":"way","building":"house","name":null,"addr":null,"area_m2":68},"geometry":{"type":"Polygon","coordinates":[[[120.8577852,17.0949478],[120.8578576,17.0949427],[120.8578576,17.0948658],[120.8577798,17.0948709],[120.8577852,17.0949478]]]}},{"type":"Feature","properties":{"barangay_slug":"kin-iway","barangay_name":"Kin-iway (Pob.)","osm_id":"w358897643","osm_type":"way","building":"house","name":null,"addr":null,"area_m2":49},"geometry":{"type":"Polygon","coordinates":[[[120.8576886,17.0949171],[120.8577503,17.0949171],[120.8577583,17.0948504],[120.8576966,17.0948504],[120.8576886,17.0949171]]]}},{"type":"Feature","properties":{"barangay_slug":"kin-iway","barangay_name":"Kin-iway (Pob.)","osm_id":"w358897644","osm_type":"way","building":"house","name":null,"addr":null,"area_m2":67},"geometry":{"type":"Polygon","coordinates":[[[120.8578415,17.0948119],[120.8579166,17.0947863],[120.8579032,17.0947171],[120.8578281,17.0947376],[120.8578415,17.0948119]]]}},{"type":"Feature","properties":{"barangay_slug":"kin-iway","barangay_name":"Kin-iway (Pob.)","osm_id":"w358897645","osm_type":"way","building":"house","name":null,"addr":null,"area_m2":88},"geometry":{"type":"Polygon","coordinates":[[[120.8576564,17.0947709],[120.8577557,17.0947581],[120.8577422,17.0946863],[120.857643,17.0946966],[120.8576564,17.0947709]]]}},{"type":"Feature","properties":{"barangay_slug":"kin-iway","barangay_name":"Kin-iway (Pob.)","osm_id":"w358897646","osm_type":"way","building":"house","name":null,"addr":null,"area_m2":152},"geometry":{"type":"Polygon","coordinates":[[[120.8575657,17.0952012],[120.8576541,17.095198],[120.8576599,17.0953429],[120.8575715,17.0953462],[120.8575679,17.0952563],[120.8575657,17.0952012]]]}},{"type":"Feature","properties":{"barangay_slug":"kin-iway","barangay_name":"Kin-iway (Pob.)","osm_id":"w358897647","osm_type":"way","building":"house","name":null,"addr":null,"area_m2":123},"geometry":{"type":"Polygon","coordinates":[[[120.8575732,17.0954156],[120.8576295,17.0953594],[120.8577262,17.0954478],[120.8576699,17.0955041],[120.8575732,17.0954156]]]}},{"type":"Feature","properties":{"barangay_slug":"kin-iway","barangay_name":"Kin-iway (Pob.)","osm_id":"w358897648","osm_type":"way","building":"house","name":null,"addr":null,"area_m2":80},"geometry":{"type":"Polygon","coordinates":[[[120.8574584,17.0953185],[120.857545,17.0953161],[120.8575427,17.0952381],[120.8574561,17.0952405],[120.8574584,17.0953185]]]}},{"type":"Feature","properties":{"barangay_slug":"kin-iway","barangay_name":"Kin-iway (Pob.)","osm_id":"w358897649","osm_type":"way","building":"house","name":null,"addr":null,"area_m2":85},"geometry":{"type":"Polygon","coordinates":[[[120.8573709,17.0952171],[120.8574488,17.0952206],[120.8574444,17.0953128],[120.8573665,17.0953093],[120.8573709,17.0952171]]]}},{"type":"Feature","properties":{"barangay_slug":"kin-iway","barangay_name":"Kin-iway (Pob.)","osm_id":"w358897650","osm_type":"way","building":"yes","name":null,"addr":null,"area_m2":163},"geometry":{"type":"Polygon","coordinates":[[[120.8570455,17.095322],[120.8569657,17.0952931],[120.856965,17.0952694],[120.8570482,17.0952502],[120.8571602,17.0952521],[120.8571427,17.0953329],[120.8571347,17.095379],[120.8570951,17.0953726],[120.8571032,17.0953303],[120.8570455,17.095322]]]}},{"type":"Feature","properties":{"barangay_slug":"kin-iway","barangay_name":"Kin-iway (Pob.)","osm_id":"w358897651","osm_type":"way","building":"yes","name":null,"addr":null,"area_m2":76},"geometry":{"type":"Polygon","coordinates":[[[120.8572132,17.0952368],[120.8572925,17.0952493],[120.8572788,17.0953286],[120.8571995,17.0953161],[120.8572132,17.0952368]]]}},{"type":"Feature","properties":{"barangay_slug":"kin-iway","barangay_name":"Kin-iway (Pob.)","osm_id":"w358897652","osm_type":"way","building":"yes","name":null,"addr":null,"area_m2":47},"geometry":{"type":"Polygon","coordinates":[[[120.8571669,17.0953706],[120.857179,17.0953136],[120.8572031,17.0953168],[120.8572004,17.0953335],[120.8572547,17.0953437],[120.857244,17.0953892],[120.8571669,17.0953706]]]}},{"type":"Feature","properties":{"barangay_slug":"kin-iway","barangay_name":"Kin-iway (Pob.)","osm_id":"w359178438","osm_type":"way","building":"house","name":null,"addr":null,"area_m2":154},"geometry":{"type":"Polygon","coordinates":[[[120.8571944,17.0947084],[120.8572587,17.0948239],[120.8573468,17.094779],[120.8572826,17.0946636],[120.8571944,17.0947084]]]}},{"type":"Feature","properties":{"barangay_slug":"kin-iway","barangay_name":"Kin-iway (Pob.)","osm_id":"w359178439","osm_type":"way","building":"house","name":null,"addr":null,"area_m2":68},"geometry":{"type":"Polygon","coordinates":[[[120.8573791,17.0948026],[120.8573563,17.0947295],[120.8574301,17.0947051],[120.8574475,17.0947821],[120.8573791,17.0948026]]]}},{"type":"Feature","properties":{"barangay_slug":"kin-iway","barangay_name":"Kin-iway (Pob.)","osm_id":"w359178440","osm_type":"way","building":"house","name":null,"addr":null,"area_m2":41},"geometry":{"type":"Polygon","coordinates":[[[120.8574975,17.0948192],[120.8574983,17.0947492],[120.8575482,17.0947497],[120.8575474,17.0948197],[120.8574975,17.0948192]]]}},{"type":"Feature","properties":{"barangay_slug":"kin-iway","barangay_name":"Kin-iway (Pob.)","osm_id":"w359178441","osm_type":"way","building":"house","name":null,"addr":null,"area_m2":45},"geometry":{"type":"Polygon","coordinates":[[[120.8575521,17.0948423],[120.8575736,17.0947641],[120.8576191,17.0947782],[120.857599,17.0948538],[120.8575521,17.0948423]]]}},{"type":"Feature","properties":{"barangay_slug":"kin-iway","barangay_name":"Kin-iway (Pob.)","osm_id":"w359178442","osm_type":"way","building":"house","name":null,"addr":null,"area_m2":73},"geometry":{"type":"Polygon","coordinates":[[[120.8574479,17.0947131],[120.8574632,17.0946563],[120.8575649,17.0946814],[120.8575495,17.0947382],[120.8574479,17.0947131]]]}},{"type":"Feature","properties":{"barangay_slug":"kin-iway","barangay_name":"Kin-iway (Pob.)","osm_id":"w359178443","osm_type":"way","building":"house","name":null,"addr":null,"area_m2":141},"geometry":{"type":"Polygon","coordinates":[[[120.857417,17.0949277],[120.8575169,17.0949045],[120.8574884,17.0947918],[120.8573884,17.094815],[120.857417,17.0949277]]]}},{"type":"Feature","properties":{"barangay_slug":"kin-iway","barangay_name":"Kin-iway (Pob.)","osm_id":"w359178444","osm_type":"way","building":"house","name":null,"addr":null,"area_m2":63},"geometry":{"type":"Polygon","coordinates":[[[120.8573328,17.0949569],[120.8574005,17.094929],[120.8573707,17.094863],[120.857303,17.0948909],[120.8573328,17.0949569]]]}},{"type":"Feature","properties":{"barangay_slug":"kin-iway","barangay_name":"Kin-iway (Pob.)","osm_id":"w359178446","osm_type":"way","building":"house","name":null,"addr":null,"area_m2":45},"geometry":{"type":"Polygon","coordinates":[[[120.857803,17.0946429],[120.8578051,17.0945798],[120.8578658,17.0945816],[120.8578637,17.0946447],[120.857803,17.0946429]]]}},{"type":"Feature","properties":{"barangay_slug":"kin-iway","barangay_name":"Kin-iway (Pob.)","osm_id":"w359374201","osm_type":"way","building":"house","name":null,"addr":null,"area_m2":100},"geometry":{"type":"Polygon","coordinates":[[[120.8572563,17.0954381],[120.8573219,17.0953694],[120.8573888,17.0954279],[120.8573232,17.0954965],[120.8572563,17.0954381]]]}},{"type":"Feature","properties":{"barangay_slug":"kin-iway","barangay_name":"Kin-iway (Pob.)","osm_id":"w359374202","osm_type":"way","building":"house","name":null,"addr":null,"area_m2":142},"geometry":{"type":"Polygon","coordinates":[[[120.8573335,17.0955386],[120.8574244,17.0954496],[120.857456,17.0954791],[120.8574775,17.095458],[120.8575078,17.0954864],[120.8573953,17.0955964],[120.8573335,17.0955386]]]}},{"type":"Feature","properties":{"barangay_slug":"kin-iway","barangay_name":"Kin-iway (Pob.)","osm_id":"w359374203","osm_type":"way","building":"house","name":null,"addr":null,"area_m2":26},"geometry":{"type":"Polygon","coordinates":[[[120.8574798,17.0955618],[120.8574999,17.0955041],[120.8575334,17.0955157],[120.857516,17.0955733],[120.8574798,17.0955618]]]}},{"type":"Feature","properties":{"barangay_slug":"kin-iway","barangay_name":"Kin-iway (Pob.)","osm_id":"w359374204","osm_type":"way","building":"house","name":null,"addr":null,"area_m2":134},"geometry":{"type":"Polygon","coordinates":[[[120.8575488,17.0956932],[120.8575502,17.0956099],[120.857687,17.0956009],[120.8576803,17.0956868],[120.8575488,17.0956932]]]}},{"type":"Feature","properties":{"barangay_slug":"kin-iway","barangay_name":"Kin-iway (Pob.)","osm_id":"w359374205","osm_type":"way","building":"house","name":null,"addr":null,"area_m2":150},"geometry":{"type":"Polygon","coordinates":[[[120.8576971,17.095574],[120.8577811,17.0956135],[120.8578437,17.0954919],[120.8577598,17.0954524],[120.8576971,17.095574]]]}},{"type":"Feature","properties":{"barangay_slug":"kin-iway","barangay_name":"Kin-iway (Pob.)","osm_id":"w359374206","osm_type":"way","building":"house","name":null,"addr":null,"area_m2":113},"geometry":{"type":"Polygon","coordinates":[[[120.8579612,17.0958496],[120.8579827,17.0957394],[120.8580658,17.0957512],[120.858047,17.0958616],[120.8579612,17.0958496]]]}},{"type":"Feature","properties":{"barangay_slug":"kin-iway","barangay_name":"Kin-iway (Pob.)","osm_id":"w359374207","osm_type":"way","building":"house","name":null,"addr":null,"area_m2":110},"geometry":{"type":"Polygon","coordinates":[[[120.8581859,17.0957034],[120.8582395,17.0956035],[120.8583146,17.0956387],[120.8582583,17.0957381],[120.8581859,17.0957034]]]}},{"type":"Feature","properties":{"barangay_slug":"kin-iway","barangay_name":"Kin-iway (Pob.)","osm_id":"w359374208","osm_type":"way","building":"yes","name":null,"addr":null,"area_m2":91},"geometry":{"type":"Polygon","coordinates":[[[120.8580957,17.0960326],[120.858097,17.0959351],[120.8581775,17.0959416],[120.8581721,17.096039],[120.8580957,17.0960326]]]}},{"type":"Feature","properties":{"barangay_slug":"kin-iway","barangay_name":"Kin-iway (Pob.)","osm_id":"w359374209","osm_type":"way","building":"yes","name":null,"addr":null,"area_m2":65},"geometry":{"type":"Polygon","coordinates":[[[120.8581815,17.0960338],[120.8581842,17.0959595],[120.858258,17.0959608],[120.8582553,17.0960351],[120.8581815,17.0960338]]]}},{"type":"Feature","properties":{"barangay_slug":"kin-iway","barangay_name":"Kin-iway (Pob.)","osm_id":"w359374210","osm_type":"way","building":"yes","name":null,"addr":null,"area_m2":57},"geometry":{"type":"Polygon","coordinates":[[[120.8582633,17.0960377],[120.8583304,17.0960441],[120.8583304,17.095971],[120.858266,17.0959633],[120.8582633,17.0960377]]]}},{"type":"Feature","properties":{"barangay_slug":"kin-iway","barangay_name":"Kin-iway (Pob.)","osm_id":"w359374211","osm_type":"way","building":"house","name":null,"addr":null,"area_m2":74},"geometry":{"type":"Polygon","coordinates":[[[120.8584148,17.0959774],[120.8583869,17.0958968],[120.8584572,17.0958746],[120.8584851,17.0959552],[120.8584148,17.0959774]]]}},{"type":"Feature","properties":{"barangay_slug":"kin-iway","barangay_name":"Kin-iway (Pob.)","osm_id":"w359374212","osm_type":"way","building":"house","name":null,"addr":null,"area_m2":74},"geometry":{"type":"Polygon","coordinates":[[[120.8582207,17.0958646],[120.8582834,17.0958054],[120.8583354,17.0958557],[120.8582727,17.0959149],[120.8582207,17.0958646]]]}},{"type":"Feature","properties":{"barangay_slug":"kin-iway","barangay_name":"Kin-iway (Pob.)","osm_id":"w359374214","osm_type":"way","building":"house","name":null,"addr":null,"area_m2":49},"geometry":{"type":"Polygon","coordinates":[[[120.8584692,17.0957531],[120.8585121,17.0957275],[120.8585523,17.0957993],[120.8585094,17.0958249],[120.8584692,17.0957531]]]}},{"type":"Feature","properties":{"barangay_slug":"kin-iway","barangay_name":"Kin-iway (Pob.)","osm_id":"w359374217","osm_type":"way","building":"house","name":null,"addr":null,"area_m2":79},"geometry":{"type":"Polygon","coordinates":[[[120.8588045,17.0954006],[120.8588125,17.0953032],[120.8588769,17.0952955],[120.8588742,17.095398],[120.8588045,17.0954006]]]}},{"type":"Feature","properties":{"barangay_slug":"kin-iway","barangay_name":"Kin-iway (Pob.)","osm_id":"w359374218","osm_type":"way","building":"house","name":null,"addr":null,"area_m2":79},"geometry":{"type":"Polygon","coordinates":[[[120.8589439,17.0953776],[120.859003,17.0953225],[120.8590619,17.0953801],[120.8590029,17.0954352],[120.8589439,17.0953776]]]}},{"type":"Feature","properties":{"barangay_slug":"kin-iway","barangay_name":"Kin-iway (Pob.)","osm_id":"w359374219","osm_type":"way","building":"house","name":null,"addr":null,"area_m2":119},"geometry":{"type":"Polygon","coordinates":[[[120.8591638,17.0956058],[120.8591348,17.0954928],[120.8592188,17.0954732],[120.8592478,17.0955861],[120.8591638,17.0956058]]]}},{"type":"Feature","properties":{"barangay_slug":"kin-iway","barangay_name":"Kin-iway (Pob.)","osm_id":"w359374220","osm_type":"way","building":"house","name":null,"addr":null,"area_m2":64},"geometry":{"type":"Polygon","coordinates":[[[120.8592577,17.0956083],[120.8592765,17.0955314],[120.8593422,17.0955519],[120.8593261,17.0956262],[120.8592577,17.0956083]]]}},{"type":"Feature","properties":{"barangay_slug":"kin-iway","barangay_name":"Kin-iway (Pob.)","osm_id":"w359374221","osm_type":"way","building":"house","name":null,"addr":null,"area_m2":82},"geometry":{"type":"Polygon","coordinates":[[[120.8588715,17.0957044],[120.8589319,17.0957275],[120.8589775,17.0956339],[120.8589117,17.0956096],[120.8588715,17.0957044]]]}},{"type":"Feature","properties":{"barangay_slug":"kin-iway","barangay_name":"Kin-iway (Pob.)","osm_id":"w359374222","osm_type":"way","building":"yes","name":null,"addr":null,"area_m2":57},"geometry":{"type":"Polygon","coordinates":[[[120.858661,17.0957582],[120.8587428,17.0957121],[120.8587696,17.0957544],[120.8586891,17.0958031],[120.858661,17.0957582]]]}},{"type":"Feature","properties":{"barangay_slug":"kin-iway","barangay_name":"Kin-iway (Pob.)","osm_id":"w359374223","osm_type":"way","building":"house","name":null,"addr":null,"area_m2":75},"geometry":{"type":"Polygon","coordinates":[[[120.8587877,17.0959845],[120.8588587,17.0959358],[120.8588172,17.0958742],[120.8587448,17.0959294],[120.8587877,17.0959845]]]}},{"type":"Feature","properties":{"barangay_slug":"kin-iway","barangay_name":"Kin-iway (Pob.)","osm_id":"w359374224","osm_type":"way","building":"house","name":null,"addr":null,"area_m2":94},"geometry":{"type":"Polygon","coordinates":[[[120.8582251,17.0961402],[120.8582962,17.0961146],[120.858327,17.0962159],[120.8582533,17.0962389],[120.8582251,17.0961402]]]}},{"type":"Feature","properties":{"barangay_slug":"kin-iway","barangay_name":"Kin-iway (Pob.)","osm_id":"w359374225","osm_type":"way","building":"yes","name":null,"addr":null,"area_m2":77},"geometry":{"type":"Polygon","coordinates":[[[120.8581232,17.0961415],[120.8581996,17.0961441],[120.8581983,17.0962287],[120.8581205,17.0962261],[120.8581232,17.0961415]]]}},{"type":"Feature","properties":{"barangay_slug":"kin-iway","barangay_name":"Kin-iway (Pob.)","osm_id":"w359374226","osm_type":"way","building":"house","name":null,"addr":null,"area_m2":63},"geometry":{"type":"Polygon","coordinates":[[[120.8580668,17.096321],[120.8580803,17.0962479],[120.8581487,17.0962607],[120.8581366,17.0963364],[120.8580668,17.096321]]]}},{"type":"Feature","properties":{"barangay_slug":"kin-iway","barangay_name":"Kin-iway (Pob.)","osm_id":"w359374227","osm_type":"way","building":"house","name":null,"addr":null,"area_m2":60},"geometry":{"type":"Polygon","coordinates":[[[120.8580333,17.0964389],[120.8580508,17.0963697],[120.8581191,17.0963902],[120.8581004,17.0964607],[120.8580333,17.0964389]]]}},{"type":"Feature","properties":{"barangay_slug":"kin-iway","barangay_name":"Kin-iway (Pob.)","osm_id":"w359374228","osm_type":"way","building":"house","name":null,"addr":null,"area_m2":59},"geometry":{"type":"Polygon","coordinates":[[[120.8581259,17.0964428],[120.8581487,17.0963787],[120.8582144,17.0964094],[120.8581916,17.0964761],[120.8581259,17.0964428]]]}},{"type":"Feature","properties":{"barangay_slug":"kin-iway","barangay_name":"Kin-iway (Pob.)","osm_id":"w359374229","osm_type":"way","building":"house","name":null,"addr":null,"area_m2":199},"geometry":{"type":"Polygon","coordinates":[[[120.8595729,17.095485],[120.8596595,17.095376],[120.8597573,17.0954469],[120.8596707,17.095556],[120.8595729,17.095485]]]}},{"type":"Feature","properties":{"barangay_slug":"kin-iway","barangay_name":"Kin-iway (Pob.)","osm_id":"w359374230","osm_type":"way","building":"house","name":null,"addr":null,"area_m2":62},"geometry":{"type":"Polygon","coordinates":[[[120.8595632,17.0954637],[120.8596222,17.0953984],[120.8595766,17.0953599],[120.8595176,17.0954214],[120.8595632,17.0954637]]]}},{"type":"Feature","properties":{"barangay_slug":"kin-iway","barangay_name":"Kin-iway (Pob.)","osm_id":"w359374231","osm_type":"way","building":"house","name":null,"addr":null,"area_m2":68},"geometry":{"type":"Polygon","coordinates":[[[120.8595511,17.0957201],[120.8596249,17.095665],[120.8595793,17.0956188],[120.8595095,17.095674],[120.8595511,17.0957201]]]}},{"type":"Feature","properties":{"barangay_slug":"kin-iway","barangay_name":"Kin-iway (Pob.)","osm_id":"w359374232","osm_type":"way","building":"yes","name":null,"addr":null,"area_m2":95},"geometry":{"type":"Polygon","coordinates":[[[120.8599233,17.0954702],[120.8599474,17.0954035],[120.860056,17.0954343],[120.8600306,17.0955022],[120.8599233,17.0954702]]]}},{"type":"Feature","properties":{"barangay_slug":"kin-iway","barangay_name":"Kin-iway (Pob.)","osm_id":"w359374233","osm_type":"way","building":"house","name":null,"addr":null,"area_m2":112},"geometry":{"type":"Polygon","coordinates":[[[120.8601647,17.0955599],[120.8602465,17.095483],[120.8603028,17.0955407],[120.8602223,17.095624],[120.8601647,17.0955599]]]}},{"type":"Feature","properties":{"barangay_slug":"kin-iway","barangay_name":"Kin-iway (Pob.)","osm_id":"w359374234","osm_type":"way","building":"yes","name":null,"addr":null,"area_m2":80},"geometry":{"type":"Polygon","coordinates":[[[120.8599206,17.095656],[120.859938,17.0955753],[120.8600171,17.0955932],[120.8600011,17.095674],[120.8599206,17.095656]]]}},{"type":"Feature","properties":{"barangay_slug":"kin-iway","barangay_name":"Kin-iway (Pob.)","osm_id":"w359374235","osm_type":"way","building":"house","name":null,"addr":null,"area_m2":57},"geometry":{"type":"Polygon","coordinates":[[[120.8596504,17.0942808],[120.859724,17.0942419],[120.859753,17.094292],[120.8596794,17.0943309],[120.8596504,17.0942808]]]}},{"type":"Feature","properties":{"barangay_slug":"kin-iway","barangay_name":"Kin-iway (Pob.)","osm_id":"w359374236","osm_type":"way","building":"house","name":null,"addr":null,"area_m2":128},"geometry":{"type":"Polygon","coordinates":[[[120.8597865,17.0942062],[120.8598911,17.0941191],[120.8599394,17.0941806],[120.8598348,17.0942703],[120.8597865,17.0942062]]]}},{"type":"Feature","properties":{"barangay_slug":"payeo","barangay_name":"Payeo","osm_id":"w359374239","osm_type":"way","building":"house","name":null,"addr":null,"area_m2":80},"geometry":{"type":"Polygon","coordinates":[[[120.8597618,17.0941002],[120.8598236,17.0940307],[120.8597721,17.0939783],[120.8597102,17.0940507],[120.8597618,17.0941002]]]}},{"type":"Feature","properties":{"barangay_slug":"payeo","barangay_name":"Payeo","osm_id":"w359374240","osm_type":"way","building":"house","name":null,"addr":null,"area_m2":99},"geometry":{"type":"Polygon","coordinates":[[[120.8596241,17.0941197],[120.859693,17.0941033],[120.8596689,17.0939881],[120.8596,17.0940013],[120.8596241,17.0941197]]]}},{"type":"Feature","properties":{"barangay_slug":"kin-iway","barangay_name":"Kin-iway (Pob.)","osm_id":"w359374241","osm_type":"way","building":"house","name":null,"addr":null,"area_m2":130},"geometry":{"type":"Polygon","coordinates":[[[120.8592558,17.0942612],[120.859335,17.0941888],[120.8594004,17.0942678],[120.8593246,17.0943402],[120.8592558,17.0942612]]]}},{"type":"Feature","properties":{"barangay_slug":"payeo","barangay_name":"Payeo","osm_id":"w359374242","osm_type":"way","building":"house","name":null,"addr":null,"area_m2":98},"geometry":{"type":"Polygon","coordinates":[[[120.8592208,17.0940538],[120.8592869,17.0940103],[120.8593481,17.0940952],[120.859282,17.0941387],[120.8592208,17.0940538]]]}},{"type":"Feature","properties":{"barangay_slug":"kin-iway","barangay_name":"Kin-iway (Pob.)","osm_id":"w359374243","osm_type":"way","building":"house","name":null,"addr":null,"area_m2":127},"geometry":{"type":"Polygon","coordinates":[[[120.8590027,17.0944488],[120.859087,17.0944224],[120.8590475,17.0943073],[120.8589632,17.0943337],[120.8590027,17.0944488]]]}},{"type":"Feature","properties":{"barangay_slug":"payeo","barangay_name":"Payeo","osm_id":"w359374244","osm_type":"way","building":"house","name":null,"addr":null,"area_m2":55},"geometry":{"type":"Polygon","coordinates":[[[120.8593976,17.0937839],[120.8594418,17.0937459],[120.8594965,17.0938038],[120.8594523,17.0938419],[120.8593976,17.0937839]]]}},{"type":"Feature","properties":{"barangay_slug":"besao-east","barangay_name":"Besao East (Besao Proper)","osm_id":"w359808496","osm_type":"way","building":"school","name":null,"addr":null,"area_m2":359},"geometry":{"type":"Polygon","coordinates":[[[120.8682148,17.0854161],[120.8682989,17.0854842],[120.8684754,17.0852662],[120.8683913,17.0851981],[120.8682148,17.0854161]]]}},{"type":"Feature","properties":{"barangay_slug":"besao-east","barangay_name":"Besao East (Besao Proper)","osm_id":"w359808499","osm_type":"way","building":"school","name":null,"addr":null,"area_m2":89},"geometry":{"type":"Polygon","coordinates":[[[120.8681709,17.0852786],[120.8682416,17.0852665],[120.8682224,17.0851637],[120.8681516,17.0851758],[120.8681567,17.085203],[120.8681709,17.0852786]]]}},{"type":"Feature","properties":{"barangay_slug":"besao-east","barangay_name":"Besao East (Besao Proper)","osm_id":"w359808501","osm_type":"way","building":"school","name":null,"addr":null,"area_m2":265},"geometry":{"type":"Polygon","coordinates":[[[120.8679121,17.0852457],[120.8681379,17.0851866],[120.8681136,17.0850937],[120.8678878,17.0851529],[120.8679121,17.0852457]]]}},{"type":"Feature","properties":{"barangay_slug":"besao-east","barangay_name":"Besao East (Besao Proper)","osm_id":"w359808503","osm_type":"way","building":"school","name":null,"addr":null,"area_m2":322},"geometry":{"type":"Polygon","coordinates":[[[120.8676351,17.0852729],[120.867877,17.0852252],[120.8678556,17.0851168],[120.8676137,17.0851644],[120.8676351,17.0852729]]]}},{"type":"Feature","properties":{"barangay_slug":"besao-west","barangay_name":"Besao West","osm_id":"w359825752","osm_type":"way","building":"yes","name":"St. Anne's Church","addr":null,"area_m2":269},"geometry":{"type":"Polygon","coordinates":[[[120.8634204,17.0853644],[120.8633944,17.0852916],[120.8636746,17.0852003],[120.8637006,17.0852731],[120.8634204,17.0853644]]]}},{"type":"Feature","properties":{"barangay_slug":"kin-iway","barangay_name":"Kin-iway (Pob.)","osm_id":"w359825753","osm_type":"way","building":"school","name":null,"addr":null,"area_m2":801},"geometry":{"type":"Polygon","coordinates":[[[120.8569961,17.0950893],[120.8571861,17.0950363],[120.8570932,17.094732],[120.8567956,17.0948151],[120.8568296,17.0949265],[120.8570089,17.0948765],[120.8570401,17.0949788],[120.8569684,17.0949988],[120.8569961,17.0950893]]]}},{"type":"Feature","properties":{"barangay_slug":"kin-iway","barangay_name":"Kin-iway (Pob.)","osm_id":"w359825754","osm_type":"way","building":"school","name":null,"addr":null,"area_m2":225},"geometry":{"type":"Polygon","coordinates":[[[120.8570779,17.0951651],[120.857066,17.0950719],[120.8572676,17.0950483],[120.8572796,17.0951415],[120.8570779,17.0951651]]]}},{"type":"Feature","properties":{"barangay_slug":"tamboan","barangay_name":"Tamboan","osm_id":"w444284036","osm_type":"way","building":"yes","name":null,"addr":null,"area_m2":64},"geometry":{"type":"Polygon","coordinates":[[[120.7958914,17.1225872],[120.7958314,17.1226315],[120.795877,17.1226879],[120.795937,17.1226435],[120.7958914,17.1225872]]]}},{"type":"Feature","properties":{"barangay_slug":"tamboan","barangay_name":"Tamboan","osm_id":"w444284046","osm_type":"way","building":"yes","name":null,"addr":null,"area_m2":51},"geometry":{"type":"Polygon","coordinates":[[[120.7943612,17.1222251],[120.7943654,17.1222823],[120.7944405,17.1222772],[120.7944363,17.12222],[120.7943612,17.1222251]]]}},{"type":"Feature","properties":{"barangay_slug":"tamboan","barangay_name":"Tamboan","osm_id":"w444284095","osm_type":"way","building":"yes","name":null,"addr":null,"area_m2":39},"geometry":{"type":"Polygon","coordinates":[[[120.7939132,17.1188761],[120.7939562,17.1189094],[120.7939955,17.1188632],[120.7939525,17.1188298],[120.7939132,17.1188761]]]}},{"type":"Feature","properties":{"barangay_slug":"laylaya","barangay_name":"Laylaya","osm_id":"w444284100","osm_type":"way","building":"yes","name":null,"addr":null,"area_m2":128},"geometry":{"type":"Polygon","coordinates":[[[120.7764306,17.1078789],[120.7765459,17.1079147],[120.7765748,17.1078299],[120.7764595,17.107794],[120.7764306,17.1078789]]]}},{"type":"Feature","properties":{"barangay_slug":"tamboan","barangay_name":"Tamboan","osm_id":"w444284118","osm_type":"way","building":"yes","name":null,"addr":null,"area_m2":82},"geometry":{"type":"Polygon","coordinates":[[[120.794742,17.1220508],[120.7948252,17.1220303],[120.7948042,17.1219525],[120.794721,17.121973],[120.794742,17.1220508]]]}},{"type":"Feature","properties":{"barangay_slug":"tamboan","barangay_name":"Tamboan","osm_id":"w444284148","osm_type":"way","building":"yes","name":null,"addr":null,"area_m2":67},"geometry":{"type":"Polygon","coordinates":[[[120.7952651,17.1218201],[120.7952013,17.1218719],[120.7952469,17.1219231],[120.7953107,17.1218713],[120.7952651,17.1218201]]]}},{"type":"Feature","properties":{"barangay_slug":"laylaya","barangay_name":"Laylaya","osm_id":"w444284661","osm_type":"way","building":"yes","name":null,"addr":null,"area_m2":31},"geometry":{"type":"Polygon","coordinates":[[[120.781525,17.0943623],[120.7815354,17.0944296],[120.7815708,17.0944246],[120.7815589,17.0943476],[120.781525,17.0943623]]]}},{"type":"Feature","properties":{"barangay_slug":"laylaya","barangay_name":"Laylaya","osm_id":"w444284663","osm_type":"way","building":"yes","name":null,"addr":null,"area_m2":47},"geometry":{"type":"Polygon","coordinates":[[[120.7846368,17.0978531],[120.7846426,17.0979171],[120.7847043,17.097912],[120.7846985,17.097848],[120.7846368,17.0978531]]]}},{"type":"Feature","properties":{"barangay_slug":"laylaya","barangay_name":"Laylaya","osm_id":"w444284667","osm_type":"way","building":"yes","name":null,"addr":null,"area_m2":87},"geometry":{"type":"Polygon","coordinates":[[[120.7846663,17.0976788],[120.7846514,17.0977519],[120.784748,17.0977698],[120.7847628,17.0976967],[120.7846663,17.0976788]]]}},{"type":"Feature","properties":{"barangay_slug":"laylaya","barangay_name":"Laylaya","osm_id":"w444284668","osm_type":"way","building":"yes","name":null,"addr":null,"area_m2":56},"geometry":{"type":"Polygon","coordinates":[[[120.7750989,17.0788938],[120.7751396,17.0789587],[120.7751932,17.0789279],[120.7751525,17.078863],[120.7750989,17.0788938]]]}},{"type":"Feature","properties":{"barangay_slug":"laylaya","barangay_name":"Laylaya","osm_id":"w444284670","osm_type":"way","building":"yes","name":null,"addr":null,"area_m2":25},"geometry":{"type":"Polygon","coordinates":[[[120.7844598,17.0977069],[120.7844866,17.0976711],[120.7844478,17.0976446],[120.784421,17.0976804],[120.7844598,17.0977069]]]}},{"type":"Feature","properties":{"barangay_slug":"laylaya","barangay_name":"Laylaya","osm_id":"w444284673","osm_type":"way","building":"yes","name":null,"addr":null,"area_m2":68},"geometry":{"type":"Polygon","coordinates":[[[120.7721002,17.0792412],[120.7721558,17.0793037],[120.7722094,17.0792601],[120.7721538,17.0791976],[120.7721002,17.0792412]]]}},{"type":"Feature","properties":{"barangay_slug":"tamboan","barangay_name":"Tamboan","osm_id":"w647739849","osm_type":"way","building":"yes","name":null,"addr":null,"area_m2":28},"geometry":{"type":"Polygon","coordinates":[[[120.7875804,17.1092284],[120.7876323,17.109232],[120.7876289,17.1092775],[120.787577,17.1092739],[120.7875804,17.1092284]]]}},{"type":"Feature","properties":{"barangay_slug":"tamboan","barangay_name":"Tamboan","osm_id":"w647749387","osm_type":"way","building":"yes","name":null,"addr":null,"area_m2":65},"geometry":{"type":"Polygon","coordinates":[[[120.7929756,17.1253165],[120.7930415,17.1252963],[120.7930135,17.125213],[120.7929525,17.125248],[120.7929756,17.1253165]]]}},{"type":"Feature","properties":{"barangay_slug":"tamboan","barangay_name":"Tamboan","osm_id":"w647749388","osm_type":"way","building":"yes","name":null,"addr":null,"area_m2":48},"geometry":{"type":"Polygon","coordinates":[[[120.7928409,17.1251625],[120.7928894,17.1251706],[120.7929042,17.12509],[120.7928557,17.1250819],[120.7928409,17.1251625]]]}},{"type":"Feature","properties":{"barangay_slug":"tamboan","barangay_name":"Tamboan","osm_id":"w647749389","osm_type":"way","building":"yes","name":null,"addr":null,"area_m2":76},"geometry":{"type":"Polygon","coordinates":[[[120.7930017,17.124836],[120.7930498,17.1248587],[120.7931053,17.1247512],[120.7930572,17.1247285],[120.7930017,17.124836]]]}},{"type":"Feature","properties":{"barangay_slug":"tamboan","barangay_name":"Tamboan","osm_id":"w647749390","osm_type":"way","building":"yes","name":null,"addr":null,"area_m2":86},"geometry":{"type":"Polygon","coordinates":[[[120.7932749,17.1246487],[120.7933393,17.1246912],[120.7933944,17.1246149],[120.79333,17.1245724],[120.7932749,17.1246487]]]}},{"type":"Feature","properties":{"barangay_slug":"tamboan","barangay_name":"Tamboan","osm_id":"w647749391","osm_type":"way","building":"yes","name":null,"addr":null,"area_m2":53},"geometry":{"type":"Polygon","coordinates":[[[120.7944831,17.1253655],[120.7945365,17.1253852],[120.794566,17.125312],[120.7945126,17.1252923],[120.7944831,17.1253655]]]}},{"type":"Feature","properties":{"barangay_slug":"tamboan","barangay_name":"Tamboan","osm_id":"w647749392","osm_type":"way","building":"yes","name":null,"addr":null,"area_m2":57},"geometry":{"type":"Polygon","coordinates":[[[120.7940546,17.1247152],[120.7941275,17.1247041],[120.7941168,17.1246398],[120.7940439,17.1246509],[120.7940546,17.1247152]]]}},{"type":"Feature","properties":{"barangay_slug":"tamboan","barangay_name":"Tamboan","osm_id":"w647749393","osm_type":"way","building":"yes","name":null,"addr":null,"area_m2":70},"geometry":{"type":"Polygon","coordinates":[[[120.7944916,17.1246454],[120.794571,17.1246208],[120.7945479,17.1245529],[120.7944685,17.1245775],[120.7944916,17.1246454]]]}},{"type":"Feature","properties":{"barangay_slug":"tamboan","barangay_name":"Tamboan","osm_id":"w647749394","osm_type":"way","building":"yes","name":null,"addr":null,"area_m2":76},"geometry":{"type":"Polygon","coordinates":[[[120.7941744,17.1246287],[120.7942508,17.1246742],[120.7942901,17.1246138],[120.7942137,17.1245683],[120.7941744,17.1246287]]]}},{"type":"Feature","properties":{"barangay_slug":"tamboan","barangay_name":"Tamboan","osm_id":"w647749395","osm_type":"way","building":"yes","name":null,"addr":null,"area_m2":79},"geometry":{"type":"Polygon","coordinates":[[[120.7940116,17.1245113],[120.7940857,17.1245385],[120.7941171,17.1244603],[120.794043,17.1244331],[120.7940116,17.1245113]]]}},{"type":"Feature","properties":{"barangay_slug":"tamboan","barangay_name":"Tamboan","osm_id":"w647749396","osm_type":"way","building":"yes","name":null,"addr":null,"area_m2":51},"geometry":{"type":"Polygon","coordinates":[[[120.7934374,17.1242019],[120.7935083,17.124206],[120.7935122,17.1241457],[120.7934412,17.1241416],[120.7934374,17.1242019]]]}},{"type":"Feature","properties":{"barangay_slug":"tamboan","barangay_name":"Tamboan","osm_id":"w647749397","osm_type":"way","building":"yes","name":null,"addr":null,"area_m2":49},"geometry":{"type":"Polygon","coordinates":[[[120.7941478,17.1241358],[120.7941962,17.1240987],[120.794152,17.1240462],[120.7941037,17.1240834],[120.7941478,17.1241358]]]}},{"type":"Feature","properties":{"barangay_slug":"laylaya","barangay_name":"Laylaya","osm_id":"w647753801","osm_type":"way","building":"yes","name":null,"addr":null,"area_m2":14},"geometry":{"type":"Polygon","coordinates":[[[120.7830163,17.084472],[120.7830492,17.0844603],[120.7830369,17.0844287],[120.783004,17.0844404],[120.7830163,17.084472]]]}},{"type":"Feature","properties":{"barangay_slug":"laylaya","barangay_name":"Laylaya","osm_id":"w647768051","osm_type":"way","building":"yes","name":null,"addr":null,"area_m2":99},"geometry":{"type":"Polygon","coordinates":[[[120.785136,17.0971015],[120.7852264,17.097089],[120.7852126,17.0969986],[120.7851223,17.0970112],[120.785136,17.0971015]]]}},{"type":"Feature","properties":{"barangay_slug":"laylaya","barangay_name":"Laylaya","osm_id":"w647768055","osm_type":"way","building":"yes","name":null,"addr":null,"area_m2":71},"geometry":{"type":"Polygon","coordinates":[[[120.7871162,17.0978597],[120.7872036,17.0978269],[120.7871792,17.0977675],[120.7870918,17.0978003],[120.7871162,17.0978597]]]}},{"type":"Feature","properties":{"barangay_slug":"laylaya","barangay_name":"Laylaya","osm_id":"w647768057","osm_type":"way","building":"yes","name":null,"addr":null,"area_m2":47},"geometry":{"type":"Polygon","coordinates":[[[120.7866017,17.0972499],[120.7866524,17.0972494],[120.7866515,17.0971715],[120.7866009,17.097172],[120.7866017,17.0972499]]]}},{"type":"Feature","properties":{"barangay_slug":"laylaya","barangay_name":"Laylaya","osm_id":"w647768058","osm_type":"way","building":"yes","name":null,"addr":null,"area_m2":76},"geometry":{"type":"Polygon","coordinates":[[[120.7868387,17.0971394],[120.7869195,17.097099],[120.7868853,17.0970365],[120.7868045,17.0970769],[120.7868387,17.0971394]]]}},{"type":"Feature","properties":{"barangay_slug":"laylaya","barangay_name":"Laylaya","osm_id":"w647768060","osm_type":"way","building":"yes","name":null,"addr":null,"area_m2":73},"geometry":{"type":"Polygon","coordinates":[[[120.7866965,17.0928745],[120.7867715,17.0928732],[120.7867699,17.0927907],[120.7866948,17.092792],[120.7866965,17.0928745]]]}},{"type":"Feature","properties":{"barangay_slug":"laylaya","barangay_name":"Laylaya","osm_id":"w647768062","osm_type":"way","building":"yes","name":null,"addr":null,"area_m2":89},"geometry":{"type":"Polygon","coordinates":[[[120.7860592,17.0892355],[120.7861137,17.0892835],[120.7861856,17.0892089],[120.7861311,17.0891609],[120.7860592,17.0892355]]]}},{"type":"Feature","properties":{"barangay_slug":"laylaya","barangay_name":"Laylaya","osm_id":"w647770707","osm_type":"way","building":"yes","name":null,"addr":null,"area_m2":66},"geometry":{"type":"Polygon","coordinates":[[[120.7882085,17.0960601],[120.7882915,17.096106],[120.7883278,17.096046],[120.7882735,17.0960159],[120.7882569,17.0960431],[120.7882284,17.0960273],[120.7882085,17.0960601]]]}},{"type":"Feature","properties":{"barangay_slug":"laylaya","barangay_name":"Laylaya","osm_id":"w647770708","osm_type":"way","building":"school","name":null,"addr":null,"area_m2":389},"geometry":{"type":"Polygon","coordinates":[[[120.7881191,17.0949907],[120.7884394,17.0950438],[120.788455,17.0949581],[120.7883475,17.0949403],[120.7883538,17.0949055],[120.7882662,17.094891],[120.788262,17.0949143],[120.7881619,17.0948977],[120.7881367,17.0948935],[120.7881191,17.0949907]]]}},{"type":"Feature","properties":{"barangay_slug":"laylaya","barangay_name":"Laylaya","osm_id":"w647770709","osm_type":"way","building":"school","name":null,"addr":null,"area_m2":250},"geometry":{"type":"Polygon","coordinates":[[[120.7880023,17.0948761],[120.7881228,17.0948945],[120.7881514,17.0947235],[120.7880308,17.0947051],[120.7880023,17.0948761]]]}},{"type":"Feature","properties":{"barangay_slug":"laylaya","barangay_name":"Laylaya","osm_id":"w647770710","osm_type":"way","building":"school","name":null,"addr":null,"area_m2":102},"geometry":{"type":"Polygon","coordinates":[[[120.788092,17.0946197],[120.7881451,17.0946857],[120.7882273,17.0946252],[120.7881741,17.0945593],[120.788092,17.0946197]]]}},{"type":"Feature","properties":{"barangay_slug":"laylaya","barangay_name":"Laylaya","osm_id":"w647770711","osm_type":"way","building":"school","name":null,"addr":null,"area_m2":78},"geometry":{"type":"Polygon","coordinates":[[[120.7882768,17.094507],[120.7883182,17.094563],[120.7882398,17.0946161],[120.7881983,17.0945601],[120.7882768,17.094507]]]}},{"type":"Feature","properties":{"barangay_slug":"laylaya","barangay_name":"Laylaya","osm_id":"w647770712","osm_type":"way","building":"school","name":null,"addr":null,"area_m2":181},"geometry":{"type":"Polygon","coordinates":[[[120.7886136,17.0945496],[120.7885458,17.0944936],[120.7886627,17.0943642],[120.7887305,17.0944202],[120.7886136,17.0945496]]]}},{"type":"Feature","properties":{"barangay_slug":"laylaya","barangay_name":"Laylaya","osm_id":"w647770713","osm_type":"way","building":"school","name":null,"addr":null,"area_m2":156},"geometry":{"type":"Polygon","coordinates":[[[120.7887117,17.0943324],[120.788774,17.0943753],[120.7888791,17.0942359],[120.7888167,17.094193],[120.7887117,17.0943324]]]}},{"type":"Feature","properties":{"barangay_slug":"laylaya","barangay_name":"Laylaya","osm_id":"w647770714","osm_type":"way","building":"yes","name":null,"addr":null,"area_m2":64},"geometry":{"type":"Polygon","coordinates":[[[120.7876096,17.0939896],[120.7876668,17.0939869],[120.7876619,17.0938928],[120.7876048,17.0938955],[120.7876096,17.0939896]]]}},{"type":"Feature","properties":{"barangay_slug":"laylaya","barangay_name":"Laylaya","osm_id":"w647770715","osm_type":"way","building":"yes","name":null,"addr":null,"area_m2":100},"geometry":{"type":"Polygon","coordinates":[[[120.7881579,17.0941594],[120.7882309,17.094207],[120.7882873,17.0941281],[120.7882143,17.0940805],[120.7881579,17.0941594]]]}},{"type":"Feature","properties":{"barangay_slug":"laylaya","barangay_name":"Laylaya","osm_id":"w647770716","osm_type":"way","building":"yes","name":null,"addr":null,"area_m2":22},"geometry":{"type":"Polygon","coordinates":[[[120.7883645,17.0941099],[120.7883442,17.0941387],[120.7882989,17.0941095],[120.7883191,17.0940807],[120.7883645,17.0941099]]]}},{"type":"Feature","properties":{"barangay_slug":"laylaya","barangay_name":"Laylaya","osm_id":"w647770717","osm_type":"way","building":"yes","name":null,"addr":null,"area_m2":85},"geometry":{"type":"Polygon","coordinates":[[[120.7880167,17.0938934],[120.7880836,17.0938556],[120.7880342,17.0937758],[120.7879673,17.0938136],[120.7880167,17.0938934]]]}},{"type":"Feature","properties":{"barangay_slug":"laylaya","barangay_name":"Laylaya","osm_id":"w647770718","osm_type":"way","building":"yes","name":null,"addr":null,"area_m2":47},"geometry":{"type":"Polygon","coordinates":[[[120.788183,17.0938903],[120.7882222,17.0938597],[120.7881705,17.0937992],[120.7881313,17.0938299],[120.788183,17.0938903]]]}},{"type":"Feature","properties":{"barangay_slug":"laylaya","barangay_name":"Laylaya","osm_id":"w647770719","osm_type":"way","building":"yes","name":null,"addr":null,"area_m2":166},"geometry":{"type":"Polygon","coordinates":[[[120.7887752,17.0939189],[120.7888104,17.0938634],[120.7887758,17.0938434],[120.7888322,17.0937546],[120.7887938,17.0937323],[120.7887441,17.0938106],[120.7887017,17.093786],[120.7886598,17.093852],[120.7887752,17.0939189]]]}},{"type":"Feature","properties":{"barangay_slug":"laylaya","barangay_name":"Laylaya","osm_id":"w647770720","osm_type":"way","building":"yes","name":null,"addr":null,"area_m2":129},"geometry":{"type":"Polygon","coordinates":[[[120.7885318,17.0938479],[120.7885982,17.0937296],[120.788679,17.0937712],[120.7886319,17.093855],[120.7886001,17.0938387],[120.7885808,17.093873],[120.7885318,17.0938479]]]}},{"type":"Feature","properties":{"barangay_slug":"laylaya","barangay_name":"Laylaya","osm_id":"w647770721","osm_type":"way","building":"yes","name":null,"addr":null,"area_m2":110},"geometry":{"type":"Polygon","coordinates":[[[120.7883088,17.0937908],[120.7882464,17.0937601],[120.7882844,17.0936898],[120.7883154,17.0936575],[120.7883813,17.0937154],[120.7883088,17.0937908]]]}},{"type":"Feature","properties":{"barangay_slug":"laylaya","barangay_name":"Laylaya","osm_id":"w647770722","osm_type":"way","building":"yes","name":null,"addr":null,"area_m2":139},"geometry":{"type":"Polygon","coordinates":[[[120.7885409,17.0936748],[120.7886193,17.093713],[120.7886828,17.0935939],[120.7886045,17.0935558],[120.7885409,17.0936748]]]}},{"type":"Feature","properties":{"barangay_slug":"laylaya","barangay_name":"Laylaya","osm_id":"w647770723","osm_type":"way","building":"yes","name":null,"addr":null,"area_m2":67},"geometry":{"type":"Polygon","coordinates":[[[120.7874182,17.092596],[120.7873507,17.0925751],[120.7873248,17.0926514],[120.7873923,17.0926723],[120.7874182,17.092596]]]}},{"type":"Feature","properties":{"barangay_slug":"laylaya","barangay_name":"Laylaya","osm_id":"w647770724","osm_type":"way","building":"yes","name":null,"addr":null,"area_m2":35},"geometry":{"type":"Polygon","coordinates":[[[120.7875476,17.0930838],[120.7875849,17.0930576],[120.7876246,17.0931093],[120.7875872,17.0931355],[120.7875476,17.0930838]]]}},{"type":"Feature","properties":{"barangay_slug":"laylaya","barangay_name":"Laylaya","osm_id":"w647770725","osm_type":"way","building":"yes","name":null,"addr":null,"area_m2":150},"geometry":{"type":"Polygon","coordinates":[[[120.7874832,17.0927881],[120.7875969,17.0927646],[120.7876211,17.0928712],[120.7875074,17.0928947],[120.7874832,17.0927881]]]}},{"type":"Feature","properties":{"barangay_slug":"laylaya","barangay_name":"Laylaya","osm_id":"w647770726","osm_type":"way","building":"yes","name":null,"addr":null,"area_m2":76},"geometry":{"type":"Polygon","coordinates":[[[120.7877734,17.0927871],[120.7878547,17.0927876],[120.7878552,17.0927089],[120.7877739,17.0927084],[120.7877734,17.0927871]]]}},{"type":"Feature","properties":{"barangay_slug":"laylaya","barangay_name":"Laylaya","osm_id":"w647770727","osm_type":"way","building":"yes","name":null,"addr":null,"area_m2":110},"geometry":{"type":"Polygon","coordinates":[[[120.7878076,17.0930241],[120.7878889,17.0930159],[120.7878762,17.0929021],[120.787795,17.0929104],[120.7878076,17.0930241]]]}},{"type":"Feature","properties":{"barangay_slug":"laylaya","barangay_name":"Laylaya","osm_id":"w647770728","osm_type":"way","building":"yes","name":null,"addr":null,"area_m2":119},"geometry":{"type":"Polygon","coordinates":[[[120.7879062,17.0927809],[120.7880088,17.0927912],[120.7880194,17.092694],[120.7879168,17.0926838],[120.7879062,17.0927809]]]}},{"type":"Feature","properties":{"barangay_slug":"laylaya","barangay_name":"Laylaya","osm_id":"w647770729","osm_type":"way","building":"yes","name":null,"addr":null,"area_m2":65},"geometry":{"type":"Polygon","coordinates":[[[120.7880333,17.0927987],[120.7880941,17.092812],[120.7881146,17.0927267],[120.7880538,17.0927134],[120.7880333,17.0927987]]]}},{"type":"Feature","properties":{"barangay_slug":"laylaya","barangay_name":"Laylaya","osm_id":"w647770730","osm_type":"way","building":"yes","name":null,"addr":null,"area_m2":49},"geometry":{"type":"Polygon","coordinates":[[[120.7880607,17.092631],[120.7881085,17.09263],[120.7881065,17.0925426],[120.7880587,17.0925436],[120.7880607,17.092631]]]}},{"type":"Feature","properties":{"barangay_slug":"laylaya","barangay_name":"Laylaya","osm_id":"w647770731","osm_type":"way","building":"yes","name":null,"addr":null,"area_m2":71},"geometry":{"type":"Polygon","coordinates":[[[120.7880785,17.0925134],[120.7881415,17.0924949],[120.7881134,17.0924073],[120.7880503,17.0924258],[120.7880785,17.0925134]]]}},{"type":"Feature","properties":{"barangay_slug":"laylaya","barangay_name":"Laylaya","osm_id":"w647770732","osm_type":"way","building":"yes","name":null,"addr":null,"area_m2":59},"geometry":{"type":"Polygon","coordinates":[[[120.7881474,17.0928181],[120.7882267,17.0928186],[120.7882272,17.0927555],[120.7881479,17.092755],[120.7881474,17.0928181]]]}},{"type":"Feature","properties":{"barangay_slug":"laylaya","barangay_name":"Laylaya","osm_id":"w647770733","osm_type":"way","building":"yes","name":null,"addr":null,"area_m2":40},"geometry":{"type":"Polygon","coordinates":[[[120.7881817,17.0929429],[120.7882361,17.0929367],[120.7882284,17.0928759],[120.7881741,17.0928822],[120.7881817,17.0929429]]]}},{"type":"Feature","properties":{"barangay_slug":"laylaya","barangay_name":"Laylaya","osm_id":"w647770734","osm_type":"way","building":"yes","name":null,"addr":null,"area_m2":46},"geometry":{"type":"Polygon","coordinates":[[[120.7882286,17.0931297],[120.7883052,17.0931005],[120.788287,17.093057],[120.7882105,17.0930863],[120.7882286,17.0931297]]]}},{"type":"Feature","properties":{"barangay_slug":"laylaya","barangay_name":"Laylaya","osm_id":"w647770735","osm_type":"way","building":"yes","name":null,"addr":null,"area_m2":66},"geometry":{"type":"Polygon","coordinates":[[[120.7880078,17.0932719],[120.7880709,17.0932448],[120.7880363,17.0931713],[120.7879733,17.0931984],[120.7880078,17.0932719]]]}},{"type":"Feature","properties":{"barangay_slug":"laylaya","barangay_name":"Laylaya","osm_id":"w647770736","osm_type":"way","building":"yes","name":null,"addr":null,"area_m2":59},"geometry":{"type":"Polygon","coordinates":[[[120.7882861,17.0933061],[120.7883571,17.0932759],[120.7883298,17.0932174],[120.7882588,17.0932477],[120.7882861,17.0933061]]]}},{"type":"Feature","properties":{"barangay_slug":"laylaya","barangay_name":"Laylaya","osm_id":"w647770737","osm_type":"way","building":"yes","name":null,"addr":null,"area_m2":69},"geometry":{"type":"Polygon","coordinates":[[[120.7883662,17.0934292],[120.7884364,17.0934781],[120.7884776,17.0934241],[120.7884073,17.0933752],[120.7883662,17.0934292]]]}},{"type":"Feature","properties":{"barangay_slug":"laylaya","barangay_name":"Laylaya","osm_id":"w647770738","osm_type":"way","building":"yes","name":null,"addr":null,"area_m2":16},"geometry":{"type":"Polygon","coordinates":[[[120.7884881,17.0935152],[120.7885044,17.0934889],[120.7885419,17.0935101],[120.7885255,17.0935365],[120.7884881,17.0935152]]]}},{"type":"Feature","properties":{"barangay_slug":"laylaya","barangay_name":"Laylaya","osm_id":"w647770739","osm_type":"way","building":"yes","name":null,"addr":null,"area_m2":54},"geometry":{"type":"Polygon","coordinates":[[[120.7888974,17.094188],[120.788945,17.0942165],[120.7889901,17.0941477],[120.7889425,17.0941192],[120.7888974,17.094188]]]}},{"type":"Feature","properties":{"barangay_slug":"laylaya","barangay_name":"Laylaya","osm_id":"w647770740","osm_type":"way","building":"yes","name":null,"addr":null,"area_m2":61},"geometry":{"type":"Polygon","coordinates":[[[120.7889921,17.0940355],[120.7890474,17.0940702],[120.7890027,17.0941353],[120.7889474,17.0941007],[120.7889921,17.0940355]]]}},{"type":"Feature","properties":{"barangay_slug":"laylaya","barangay_name":"Laylaya","osm_id":"w647771747","osm_type":"way","building":"yes","name":null,"addr":null,"area_m2":70},"geometry":{"type":"Polygon","coordinates":[[[120.7893061,17.0953642],[120.7892849,17.0952882],[120.789212,17.0953067],[120.7892332,17.0953828],[120.7893061,17.0953642]]]}},{"type":"Feature","properties":{"barangay_slug":"laylaya","barangay_name":"Laylaya","osm_id":"w647771748","osm_type":"way","building":"yes","name":null,"addr":null,"area_m2":204},"geometry":{"type":"Polygon","coordinates":[[[120.7891149,17.0941497],[120.7891707,17.0941775],[120.7892398,17.0941153],[120.7892804,17.0941231],[120.7892995,17.094088],[120.7892752,17.0940759],[120.7892932,17.0940429],[120.7891988,17.0939959],[120.7891149,17.0941497]]]}},{"type":"Feature","properties":{"barangay_slug":"laylaya","barangay_name":"Laylaya","osm_id":"w647771749","osm_type":"way","building":"yes","name":null,"addr":null,"area_m2":74},"geometry":{"type":"Polygon","coordinates":[[[120.7892673,17.0944404],[120.7893517,17.0944302],[120.7893421,17.0943574],[120.7892576,17.0943676],[120.7892673,17.0944404]]]}},{"type":"Feature","properties":{"barangay_slug":"laylaya","barangay_name":"Laylaya","osm_id":"w647771750","osm_type":"way","building":"yes","name":null,"addr":null,"area_m2":61},"geometry":{"type":"Polygon","coordinates":[[[120.7893604,17.094614],[120.7894417,17.0946134],[120.7894412,17.0945503],[120.78936,17.0945508],[120.7893604,17.094614]]]}},{"type":"Feature","properties":{"barangay_slug":"laylaya","barangay_name":"Laylaya","osm_id":"w647771751","osm_type":"way","building":"yes","name":null,"addr":null,"area_m2":65},"geometry":{"type":"Polygon","coordinates":[[[120.7892681,17.0945993],[120.7893401,17.094596],[120.7893363,17.0945201],[120.7892643,17.0945234],[120.7892681,17.0945993]]]}},{"type":"Feature","properties":{"barangay_slug":"laylaya","barangay_name":"Laylaya","osm_id":"w647771752","osm_type":"way","building":"yes","name":null,"addr":null,"area_m2":57},"geometry":{"type":"Polygon","coordinates":[[[120.789543,17.0947763],[120.7896097,17.0947779],[120.7896117,17.0947059],[120.789545,17.0947042],[120.789543,17.0947763]]]}},{"type":"Feature","properties":{"barangay_slug":"laylaya","barangay_name":"Laylaya","osm_id":"w647771753","osm_type":"way","building":"yes","name":null,"addr":null,"area_m2":65},"geometry":{"type":"Polygon","coordinates":[[[120.7895426,17.0945097],[120.7896036,17.0944942],[120.7895813,17.0944087],[120.7895203,17.0944262],[120.7895426,17.0945097]]]}},{"type":"Feature","properties":{"barangay_slug":"laylaya","barangay_name":"Laylaya","osm_id":"w647771754","osm_type":"way","building":"yes","name":null,"addr":null,"area_m2":76},"geometry":{"type":"Polygon","coordinates":[[[120.7893089,17.093956],[120.7893943,17.093958],[120.7893917,17.0938868],[120.7893338,17.0938761],[120.7893089,17.0938763],[120.7893099,17.0939268],[120.7893089,17.093956]]]}},{"type":"Feature","properties":{"barangay_slug":"laylaya","barangay_name":"Laylaya","osm_id":"w647771755","osm_type":"way","building":"yes","name":null,"addr":null,"area_m2":123},"geometry":{"type":"Polygon","coordinates":[[[120.7893354,17.0937864],[120.7894564,17.0937912],[120.7894528,17.0938751],[120.7893338,17.0938761],[120.7893354,17.0937864]]]}},{"type":"Feature","properties":{"barangay_slug":"laylaya","barangay_name":"Laylaya","osm_id":"w647771756","osm_type":"way","building":"yes","name":null,"addr":null,"area_m2":45},"geometry":{"type":"Polygon","coordinates":[[[120.78941,17.0939524],[120.7894128,17.093896],[120.7894797,17.0938991],[120.7894769,17.0939555],[120.78941,17.0939524]]]}},{"type":"Feature","properties":{"barangay_slug":"laylaya","barangay_name":"Laylaya","osm_id":"w647771757","osm_type":"way","building":"yes","name":null,"addr":null,"area_m2":82},"geometry":{"type":"Polygon","coordinates":[[[120.7893186,17.0951406],[120.7894032,17.0951808],[120.7894374,17.095115],[120.7893528,17.0950748],[120.7893186,17.0951406]]]}},{"type":"Feature","properties":{"barangay_slug":"laylaya","barangay_name":"Laylaya","osm_id":"w647771758","osm_type":"way","building":"yes","name":null,"addr":null,"area_m2":64},"geometry":{"type":"Polygon","coordinates":[[[120.7894181,17.0949554],[120.7894757,17.0949982],[120.7894281,17.0950568],[120.7893704,17.0950139],[120.7894181,17.0949554]]]}},{"type":"Feature","properties":{"barangay_slug":"laylaya","barangay_name":"Laylaya","osm_id":"w647771759","osm_type":"way","building":"yes","name":null,"addr":null,"area_m2":30},"geometry":{"type":"Polygon","coordinates":[[[120.7895456,17.0951615],[120.7895439,17.0951053],[120.7894981,17.0951066],[120.7894998,17.0951628],[120.7895456,17.0951615]]]}},{"type":"Feature","properties":{"barangay_slug":"laylaya","barangay_name":"Laylaya","osm_id":"w647771760","osm_type":"way","building":"yes","name":null,"addr":null,"area_m2":38},"geometry":{"type":"Polygon","coordinates":[[[120.7895402,17.0939438],[120.7895957,17.0939459],[120.7895933,17.0940041],[120.7895378,17.094002],[120.7895402,17.0939438]]]}},{"type":"Feature","properties":{"barangay_slug":"laylaya","barangay_name":"Laylaya","osm_id":"w647771761","osm_type":"way","building":"yes","name":null,"addr":null,"area_m2":33},"geometry":{"type":"Polygon","coordinates":[[[120.7892959,17.0936575],[120.7892964,17.0937051],[120.7892375,17.0937057],[120.7892371,17.093658],[120.7892959,17.0936575]]]}},{"type":"Feature","properties":{"barangay_slug":"laylaya","barangay_name":"Laylaya","osm_id":"w647771762","osm_type":"way","building":"yes","name":null,"addr":null,"area_m2":38},"geometry":{"type":"Polygon","coordinates":[[[120.7896058,17.0946018],[120.7896449,17.094599],[120.7896511,17.0946805],[120.789612,17.0946832],[120.7896058,17.0946018]]]}},{"type":"Feature","properties":{"barangay_slug":"laylaya","barangay_name":"Laylaya","osm_id":"w647775302","osm_type":"way","building":"yes","name":null,"addr":null,"area_m2":36},"geometry":{"type":"Polygon","coordinates":[[[120.7878786,17.0918569],[120.7879201,17.0918819],[120.7879544,17.09183],[120.787913,17.091805],[120.7878786,17.0918569]]]}},{"type":"Feature","properties":{"barangay_slug":"laylaya","barangay_name":"Laylaya","osm_id":"w647775303","osm_type":"way","building":"yes","name":null,"addr":null,"area_m2":41},"geometry":{"type":"Polygon","coordinates":[[[120.7880298,17.0920383],[120.7880608,17.0920577],[120.788007,17.092136],[120.787976,17.0921165],[120.7880298,17.0920383]]]}},{"type":"Feature","properties":{"barangay_slug":"laylaya","barangay_name":"Laylaya","osm_id":"w647775304","osm_type":"way","building":"yes","name":null,"addr":null,"area_m2":40},"geometry":{"type":"Polygon","coordinates":[[[120.7880438,17.0922037],[120.7880855,17.0922219],[120.7881173,17.092155],[120.7880756,17.0921368],[120.7880438,17.0922037]]]}},{"type":"Feature","properties":{"barangay_slug":"laylaya","barangay_name":"Laylaya","osm_id":"w647775305","osm_type":"way","building":"yes","name":null,"addr":null,"area_m2":62},"geometry":{"type":"Polygon","coordinates":[[[120.7881258,17.0922481],[120.7881888,17.0922715],[120.7882234,17.0922093],[120.7881563,17.0921763],[120.7881258,17.0922481]]]}},{"type":"Feature","properties":{"barangay_slug":"laylaya","barangay_name":"Laylaya","osm_id":"w647775306","osm_type":"way","building":"yes","name":null,"addr":null,"area_m2":9},"geometry":{"type":"Polygon","coordinates":[[[120.7893773,17.0924379],[120.7894007,17.0924383],[120.7894,17.0924713],[120.7893767,17.0924709],[120.7893773,17.0924379]]]}},{"type":"Feature","properties":{"barangay_slug":"laylaya","barangay_name":"Laylaya","osm_id":"w647775307","osm_type":"way","building":"school","name":null,"addr":null,"area_m2":177},"geometry":{"type":"Polygon","coordinates":[[[120.7892532,17.0926633],[120.7893475,17.0926319],[120.789399,17.0927737],[120.7893047,17.092805],[120.7892532,17.0926633]]]}},{"type":"Feature","properties":{"barangay_slug":"laylaya","barangay_name":"Laylaya","osm_id":"w647775308","osm_type":"way","building":"school","name":null,"addr":null,"area_m2":227},"geometry":{"type":"Polygon","coordinates":[[[120.7893616,17.0929964],[120.7894632,17.092972],[120.7894165,17.0927943],[120.7893149,17.0928187],[120.7893616,17.0929964]]]}},{"type":"Feature","properties":{"barangay_slug":"laylaya","barangay_name":"Laylaya","osm_id":"w647775309","osm_type":"way","building":"school","name":null,"addr":null,"area_m2":94},"geometry":{"type":"Polygon","coordinates":[[[120.789378,17.0932412],[120.7894563,17.0932449],[120.7894615,17.0931439],[120.7893833,17.0931402],[120.789378,17.0932412]]]}},{"type":"Feature","properties":{"barangay_slug":"laylaya","barangay_name":"Laylaya","osm_id":"w647775310","osm_type":"way","building":"school","name":null,"addr":null,"area_m2":101},"geometry":{"type":"Polygon","coordinates":[[[120.7893238,17.0934533],[120.7892492,17.093401],[120.7891923,17.0934753],[120.7892669,17.0935276],[120.7893238,17.0934533]]]}},{"type":"Feature","properties":{"barangay_slug":"laylaya","barangay_name":"Laylaya","osm_id":"w647775311","osm_type":"way","building":"yes","name":null,"addr":null,"area_m2":54},"geometry":{"type":"Polygon","coordinates":[[[120.7892827,17.0936034],[120.7893605,17.0936318],[120.7893808,17.093581],[120.789303,17.0935526],[120.7892827,17.0936034]]]}},{"type":"Feature","properties":{"barangay_slug":"laylaya","barangay_name":"Laylaya","osm_id":"w647775312","osm_type":"way","building":"school","name":null,"addr":null,"area_m2":212},"geometry":{"type":"Polygon","coordinates":[[[120.7892631,17.0933912],[120.7893524,17.0934454],[120.7894472,17.0933025],[120.7893578,17.0932483],[120.7892631,17.0933912]]]}},{"type":"Feature","properties":{"barangay_slug":"laylaya","barangay_name":"Laylaya","osm_id":"w647775313","osm_type":"way","building":"yes","name":null,"addr":null,"area_m2":75},"geometry":{"type":"Polygon","coordinates":[[[120.7895415,17.0932779],[120.7895891,17.0932263],[120.7896586,17.0932849],[120.789611,17.0933365],[120.7895415,17.0932779]]]}},{"type":"Feature","properties":{"barangay_slug":"laylaya","barangay_name":"Laylaya","osm_id":"w647775314","osm_type":"way","building":"yes","name":null,"addr":null,"area_m2":159},"geometry":{"type":"Polygon","coordinates":[[[120.7896619,17.0931922],[120.7897359,17.09325],[120.7898343,17.0931349],[120.7897811,17.0930934],[120.7897631,17.0931145],[120.7897422,17.0930982],[120.7896619,17.0931922]]]}},{"type":"Feature","properties":{"barangay_slug":"laylaya","barangay_name":"Laylaya","osm_id":"w647775315","osm_type":"way","building":"yes","name":null,"addr":null,"area_m2":129},"geometry":{"type":"Polygon","coordinates":[[[120.7895672,17.0929468],[120.7896125,17.0928868],[120.7897321,17.0929693],[120.7896867,17.0930293],[120.7895672,17.0929468]]]}},{"type":"Feature","properties":{"barangay_slug":"laylaya","barangay_name":"Laylaya","osm_id":"w647775316","osm_type":"way","building":"yes","name":null,"addr":null,"area_m2":55},"geometry":{"type":"Polygon","coordinates":[[[120.7896747,17.0929068],[120.7897391,17.0929528],[120.7897752,17.0929065],[120.7897109,17.0928606],[120.7896747,17.0929068]]]}},{"type":"Feature","properties":{"barangay_slug":"laylaya","barangay_name":"Laylaya","osm_id":"w647775317","osm_type":"way","building":"yes","name":null,"addr":null,"area_m2":74},"geometry":{"type":"Polygon","coordinates":[[[120.7900604,17.0925337],[120.7901174,17.0924651],[120.7900611,17.0924225],[120.7900042,17.092491],[120.7900604,17.0925337]]]}},{"type":"Feature","properties":{"barangay_slug":"laylaya","barangay_name":"Laylaya","osm_id":"w647775318","osm_type":"way","building":"yes","name":null,"addr":null,"area_m2":51},"geometry":{"type":"Polygon","coordinates":[[[120.7899059,17.0917377],[120.789977,17.0917366],[120.7899761,17.0916764],[120.789905,17.0916775],[120.7899059,17.0917377]]]}},{"type":"Feature","properties":{"barangay_slug":"laylaya","barangay_name":"Laylaya","osm_id":"w647775319","osm_type":"way","building":"yes","name":null,"addr":null,"area_m2":72},"geometry":{"type":"Polygon","coordinates":[[[120.7893924,17.0911799],[120.7894642,17.0911724],[120.7894548,17.0910887],[120.7893829,17.0910962],[120.7893924,17.0911799]]]}},{"type":"Feature","properties":{"barangay_slug":"laylaya","barangay_name":"Laylaya","osm_id":"w647775320","osm_type":"way","building":"yes","name":null,"addr":null,"area_m2":77},"geometry":{"type":"Polygon","coordinates":[[[120.789929,17.0911556],[120.7900098,17.0911613],[120.790016,17.0910812],[120.7899352,17.0910755],[120.789929,17.0911556]]]}},{"type":"Feature","properties":{"barangay_slug":"laylaya","barangay_name":"Laylaya","osm_id":"w647775321","osm_type":"way","building":"yes","name":null,"addr":null,"area_m2":50},"geometry":{"type":"Polygon","coordinates":[[[120.7898282,17.0905839],[120.7898973,17.0905874],[120.7899007,17.0905264],[120.7898316,17.0905229],[120.7898282,17.0905839]]]}},{"type":"Feature","properties":{"barangay_slug":"laylaya","barangay_name":"Laylaya","osm_id":"w647775322","osm_type":"way","building":"yes","name":null,"addr":null,"area_m2":65},"geometry":{"type":"Polygon","coordinates":[[[120.7899265,17.0902933],[120.7898697,17.0902627],[120.7899133,17.0901888],[120.7899701,17.0902195],[120.7899265,17.0902933]]]}},{"type":"Feature","properties":{"barangay_slug":"laylaya","barangay_name":"Laylaya","osm_id":"w647775323","osm_type":"way","building":"yes","name":null,"addr":null,"area_m2":100},"geometry":{"type":"Polygon","coordinates":[[[120.7898528,17.0906444],[120.7899454,17.090643],[120.7899469,17.0907342],[120.7898544,17.0907357],[120.7898528,17.0906444]]]}},{"type":"Feature","properties":{"barangay_slug":"laylaya","barangay_name":"Laylaya","osm_id":"w647775324","osm_type":"way","building":"yes","name":null,"addr":null,"area_m2":95},"geometry":{"type":"Polygon","coordinates":[[[120.7902028,17.0916522],[120.7902869,17.0916861],[120.7903226,17.0916053],[120.7902385,17.0915714],[120.7902028,17.0916522]]]}},{"type":"Feature","properties":{"barangay_slug":"laylaya","barangay_name":"Laylaya","osm_id":"w647775325","osm_type":"way","building":"yes","name":null,"addr":null,"area_m2":147},"geometry":{"type":"Polygon","coordinates":[[[120.7902281,17.0921595],[120.7903133,17.0920894],[120.7902376,17.0920053],[120.7901524,17.0920753],[120.7902281,17.0921595]]]}},{"type":"Feature","properties":{"barangay_slug":"laylaya","barangay_name":"Laylaya","osm_id":"w647775326","osm_type":"way","building":"yes","name":null,"addr":null,"area_m2":30},"geometry":{"type":"Polygon","coordinates":[[[120.7895957,17.0910494],[120.7896319,17.091083],[120.7896683,17.0910472],[120.7896322,17.0910136],[120.7895957,17.0910494]]]}},{"type":"Feature","properties":{"barangay_slug":"laylaya","barangay_name":"Laylaya","osm_id":"w647775327","osm_type":"way","building":"yes","name":null,"addr":null,"area_m2":31},"geometry":{"type":"Polygon","coordinates":[[[120.7896713,17.0912857],[120.7897282,17.091283],[120.7897259,17.0912374],[120.7896689,17.0912401],[120.7896713,17.0912857]]]}},{"type":"Feature","properties":{"barangay_slug":"laylaya","barangay_name":"Laylaya","osm_id":"w647775328","osm_type":"way","building":"yes","name":null,"addr":null,"area_m2":43},"geometry":{"type":"Polygon","coordinates":[[[120.7899059,17.0912704],[120.7899617,17.0912976],[120.7899894,17.0912457],[120.7899335,17.0912186],[120.7899059,17.0912704]]]}},{"type":"Feature","properties":{"barangay_slug":"laylaya","barangay_name":"Laylaya","osm_id":"w647776771","osm_type":"way","building":"yes","name":null,"addr":null,"area_m2":52},"geometry":{"type":"Polygon","coordinates":[[[120.7901374,17.0925577],[120.7901735,17.0925039],[120.7902311,17.0925393],[120.790195,17.0925931],[120.7901374,17.0925577]]]}},{"type":"Feature","properties":{"barangay_slug":"laylaya","barangay_name":"Laylaya","osm_id":"w647776772","osm_type":"way","building":"yes","name":null,"addr":null,"area_m2":59},"geometry":{"type":"Polygon","coordinates":[[[120.7901027,17.0927541],[120.7901736,17.0927564],[120.790171,17.0928273],[120.7901001,17.092825],[120.7901027,17.0927541]]]}},{"type":"Feature","properties":{"barangay_slug":"laylaya","barangay_name":"Laylaya","osm_id":"w647776773","osm_type":"way","building":"yes","name":null,"addr":null,"area_m2":60},"geometry":{"type":"Polygon","coordinates":[[[120.7900938,17.0928664],[120.790158,17.0928647],[120.7901602,17.0929433],[120.7900961,17.092945],[120.7900938,17.0928664]]]}},{"type":"Feature","properties":{"barangay_slug":"laylaya","barangay_name":"Laylaya","osm_id":"w647776774","osm_type":"way","building":"yes","name":null,"addr":null,"area_m2":116},"geometry":{"type":"Polygon","coordinates":[[[120.7902291,17.092827],[120.7903092,17.0927587],[120.7903729,17.0928269],[120.7902929,17.0928952],[120.7902291,17.092827]]]}},{"type":"Feature","properties":{"barangay_slug":"laylaya","barangay_name":"Laylaya","osm_id":"w647776775","osm_type":"way","building":"yes","name":null,"addr":null,"area_m2":81},"geometry":{"type":"Polygon","coordinates":[[[120.7904711,17.0927563],[120.7905076,17.0927068],[120.7906001,17.0927691],[120.7905636,17.0928186],[120.7904711,17.0927563]]]}},{"type":"Feature","properties":{"barangay_slug":"laylaya","barangay_name":"Laylaya","osm_id":"w647776776","osm_type":"way","building":"yes","name":null,"addr":null,"area_m2":109},"geometry":{"type":"Polygon","coordinates":[[[120.7905869,17.0926562],[120.7906382,17.0926043],[120.7907322,17.0926892],[120.7906808,17.0927411],[120.7905869,17.0926562]]]}},{"type":"Feature","properties":{"barangay_slug":"laylaya","barangay_name":"Laylaya","osm_id":"w647776777","osm_type":"way","building":"yes","name":null,"addr":null,"area_m2":72},"geometry":{"type":"Polygon","coordinates":[[[120.7912526,17.0927411],[120.7912946,17.0926874],[120.7913675,17.0927395],[120.7913255,17.0927932],[120.7912526,17.0927411]]]}},{"type":"Feature","properties":{"barangay_slug":"laylaya","barangay_name":"Laylaya","osm_id":"w647776778","osm_type":"way","building":"yes","name":null,"addr":null,"area_m2":110},"geometry":{"type":"Polygon","coordinates":[[[120.791001,17.092828],[120.7910683,17.0928705],[120.791002,17.0929665],[120.7909347,17.092924],[120.791001,17.092828]]]}},{"type":"Feature","properties":{"barangay_slug":"laylaya","barangay_name":"Laylaya","osm_id":"w647776779","osm_type":"way","building":"yes","name":null,"addr":null,"area_m2":79},"geometry":{"type":"Polygon","coordinates":[[[120.7909503,17.093141],[120.7909533,17.0930719],[120.7910504,17.0930757],[120.7910474,17.0931449],[120.7909503,17.093141]]]}},{"type":"Feature","properties":{"barangay_slug":"laylaya","barangay_name":"Laylaya","osm_id":"w647776780","osm_type":"way","building":"yes","name":null,"addr":null,"area_m2":83},"geometry":{"type":"Polygon","coordinates":[[[120.7902797,17.0930222],[120.7903296,17.0929538],[120.790399,17.093],[120.7903491,17.0930684],[120.7902797,17.0930222]]]}},{"type":"Feature","properties":{"barangay_slug":"laylaya","barangay_name":"Laylaya","osm_id":"w647776781","osm_type":"way","building":"yes","name":null,"addr":null,"area_m2":60},"geometry":{"type":"Polygon","coordinates":[[[120.7905001,17.0930721],[120.7905191,17.0930258],[120.7906135,17.0930613],[120.7905945,17.0931076],[120.7905001,17.0930721]]]}},{"type":"Feature","properties":{"barangay_slug":"laylaya","barangay_name":"Laylaya","osm_id":"w647776782","osm_type":"way","building":"yes","name":null,"addr":null,"area_m2":86},"geometry":{"type":"Polygon","coordinates":[[[120.7905021,17.0931707],[120.7905327,17.0930993],[120.7906195,17.0931332],[120.7905889,17.0932046],[120.7905021,17.0931707]]]}},{"type":"Feature","properties":{"barangay_slug":"laylaya","barangay_name":"Laylaya","osm_id":"w647776783","osm_type":"way","building":"yes","name":null,"addr":null,"area_m2":60},"geometry":{"type":"Polygon","coordinates":[[[120.7904122,17.093277],[120.7904291,17.0932269],[120.7903368,17.0931984],[120.7903198,17.0932485],[120.7904122,17.093277]]]}},{"type":"Feature","properties":{"barangay_slug":"laylaya","barangay_name":"Laylaya","osm_id":"w647776784","osm_type":"way","building":"yes","name":null,"addr":null,"area_m2":132},"geometry":{"type":"Polygon","coordinates":[[[120.7903922,17.0935523],[120.7905089,17.0935487],[120.7905056,17.0934533],[120.7903889,17.093457],[120.7903922,17.0935523]]]}},{"type":"Feature","properties":{"barangay_slug":"laylaya","barangay_name":"Laylaya","osm_id":"w647776785","osm_type":"way","building":"yes","name":null,"addr":null,"area_m2":81},"geometry":{"type":"Polygon","coordinates":[[[120.790048,17.0930709],[120.7901208,17.0931238],[120.7901681,17.0930642],[120.7900953,17.0930114],[120.790048,17.0930709]]]}},{"type":"Feature","properties":{"barangay_slug":"laylaya","barangay_name":"Laylaya","osm_id":"w647776786","osm_type":"way","building":"yes","name":null,"addr":null,"area_m2":70},"geometry":{"type":"Polygon","coordinates":[[[120.7902072,17.093097],[120.7902765,17.0931554],[120.7903211,17.0931069],[120.7902519,17.0930486],[120.7902072,17.093097]]]}},{"type":"Feature","properties":{"barangay_slug":"laylaya","barangay_name":"Laylaya","osm_id":"w647776787","osm_type":"way","building":"yes","name":null,"addr":null,"area_m2":59},"geometry":{"type":"Polygon","coordinates":[[[120.7905307,17.093749],[120.7905471,17.0937039],[120.7906459,17.0937367],[120.7906295,17.0937817],[120.7905307,17.093749]]]}},{"type":"Feature","properties":{"barangay_slug":"laylaya","barangay_name":"Laylaya","osm_id":"w647776788","osm_type":"way","building":"yes","name":null,"addr":null,"area_m2":45},"geometry":{"type":"Polygon","coordinates":[[[120.7906801,17.0936996],[120.7907093,17.0937321],[120.790777,17.0936764],[120.7907478,17.093644],[120.7906801,17.0936996]]]}},{"type":"Feature","properties":{"barangay_slug":"laylaya","barangay_name":"Laylaya","osm_id":"w647776789","osm_type":"way","building":"yes","name":null,"addr":null,"area_m2":61},"geometry":{"type":"Polygon","coordinates":[[[120.7902326,17.0938808],[120.7902893,17.0939178],[120.7903338,17.0938556],[120.7902771,17.0938185],[120.7902326,17.0938808]]]}},{"type":"Feature","properties":{"barangay_slug":"laylaya","barangay_name":"Laylaya","osm_id":"w647776790","osm_type":"way","building":"yes","name":null,"addr":null,"area_m2":110},"geometry":{"type":"Polygon","coordinates":[[[120.7898302,17.0932934],[120.7899082,17.0933533],[120.7899694,17.0932805],[120.7898914,17.0932206],[120.7898302,17.0932934]]]}},{"type":"Feature","properties":{"barangay_slug":"laylaya","barangay_name":"Laylaya","osm_id":"w647776791","osm_type":"way","building":"yes","name":null,"addr":null,"area_m2":105},"geometry":{"type":"Polygon","coordinates":[[[120.789766,17.0933863],[120.7898149,17.0933144],[120.789902,17.0933685],[120.7898531,17.0934404],[120.789766,17.0933863]]]}},{"type":"Feature","properties":{"barangay_slug":"laylaya","barangay_name":"Laylaya","osm_id":"w647776792","osm_type":"way","building":"yes","name":null,"addr":null,"area_m2":95},"geometry":{"type":"Polygon","coordinates":[[[120.7895847,17.0935175],[120.789681,17.0935169],[120.7896805,17.0934336],[120.7895842,17.0934341],[120.7895847,17.0935175]]]}},{"type":"Feature","properties":{"barangay_slug":"laylaya","barangay_name":"Laylaya","osm_id":"w647776793","osm_type":"way","building":"yes","name":null,"addr":null,"area_m2":88},"geometry":{"type":"Polygon","coordinates":[[[120.7895665,17.0936294],[120.7895669,17.0935643],[120.7896807,17.0935649],[120.7896803,17.09363],[120.7895665,17.0936294]]]}},{"type":"Feature","properties":{"barangay_slug":"laylaya","barangay_name":"Laylaya","osm_id":"w647776794","osm_type":"way","building":"yes","name":null,"addr":null,"area_m2":93},"geometry":{"type":"Polygon","coordinates":[[[120.789473,17.0936144],[120.7895523,17.0936119],[120.7895557,17.0937109],[120.7894764,17.0937135],[120.789473,17.0936144]]]}},{"type":"Feature","properties":{"barangay_slug":"laylaya","barangay_name":"Laylaya","osm_id":"w647776795","osm_type":"way","building":"yes","name":null,"addr":null,"area_m2":84},"geometry":{"type":"Polygon","coordinates":[[[120.7895318,17.0938005],[120.7895304,17.0937257],[120.789626,17.0937241],[120.7896273,17.0937989],[120.7895318,17.0938005]]]}},{"type":"Feature","properties":{"barangay_slug":"laylaya","barangay_name":"Laylaya","osm_id":"w647776796","osm_type":"way","building":"yes","name":null,"addr":null,"area_m2":125},"geometry":{"type":"Polygon","coordinates":[[[120.7896342,17.0942518],[120.7896379,17.0941615],[120.7897799,17.0941669],[120.7897775,17.0942236],[120.78971,17.094221],[120.7897086,17.0942546],[120.7896342,17.0942518]]]}},{"type":"Feature","properties":{"barangay_slug":"laylaya","barangay_name":"Laylaya","osm_id":"w647776797","osm_type":"way","building":"yes","name":null,"addr":null,"area_m2":44},"geometry":{"type":"Polygon","coordinates":[[[120.7897277,17.0943234],[120.7897282,17.0942719],[120.789655,17.0942714],[120.7896546,17.0943228],[120.7897277,17.0943234]]]}},{"type":"Feature","properties":{"barangay_slug":"laylaya","barangay_name":"Laylaya","osm_id":"w647776798","osm_type":"way","building":"yes","name":null,"addr":null,"area_m2":26},"geometry":{"type":"Polygon","coordinates":[[[120.7896943,17.0944262],[120.7897205,17.0943907],[120.7896798,17.0943632],[120.7896536,17.0943988],[120.7896943,17.0944262]]]}},{"type":"Feature","properties":{"barangay_slug":"laylaya","barangay_name":"Laylaya","osm_id":"w647780053","osm_type":"way","building":"yes","name":null,"addr":null,"area_m2":52},"geometry":{"type":"Polygon","coordinates":[[[120.7897946,17.0947022],[120.7898616,17.094689],[120.7898479,17.0946258],[120.789781,17.0946389],[120.7897946,17.0947022]]]}},{"type":"Feature","properties":{"barangay_slug":"laylaya","barangay_name":"Laylaya","osm_id":"w647780054","osm_type":"way","building":"yes","name":null,"addr":null,"area_m2":75},"geometry":{"type":"Polygon","coordinates":[[[120.7904301,17.0948372],[120.7905131,17.0948739],[120.7905436,17.094811],[120.7904606,17.0947742],[120.7904301,17.0948372]]]}},{"type":"Feature","properties":{"barangay_slug":"laylaya","barangay_name":"Laylaya","osm_id":"w647780055","osm_type":"way","building":"yes","name":null,"addr":null,"area_m2":54},"geometry":{"type":"Polygon","coordinates":[[[120.7903516,17.0947408],[120.7904413,17.0947728],[120.790424,17.0948172],[120.7903343,17.0947852],[120.7903516,17.0947408]]]}},{"type":"Feature","properties":{"barangay_slug":"laylaya","barangay_name":"Laylaya","osm_id":"w647780056","osm_type":"way","building":"yes","name":null,"addr":null,"area_m2":78},"geometry":{"type":"Polygon","coordinates":[[[120.7898378,17.0947718],[120.789896,17.0947956],[120.7899388,17.0947],[120.7898806,17.0946762],[120.7898378,17.0947718]]]}},{"type":"Feature","properties":{"barangay_slug":"laylaya","barangay_name":"Laylaya","osm_id":"w647780057","osm_type":"way","building":"yes","name":null,"addr":null,"area_m2":69},"geometry":{"type":"Polygon","coordinates":[[[120.7899604,17.0947649],[120.7899691,17.0947041],[120.7900636,17.0947164],[120.7900549,17.0947773],[120.7899604,17.0947649]]]}},{"type":"Feature","properties":{"barangay_slug":"laylaya","barangay_name":"Laylaya","osm_id":"w647780058","osm_type":"way","building":"yes","name":null,"addr":null,"area_m2":113},"geometry":{"type":"Polygon","coordinates":[[[120.7896691,17.0949111],[120.7897493,17.0949562],[120.7898037,17.0948678],[120.7897235,17.0948227],[120.7896691,17.0949111]]]}},{"type":"Feature","properties":{"barangay_slug":"laylaya","barangay_name":"Laylaya","osm_id":"w647780059","osm_type":"way","building":"yes","name":null,"addr":null,"area_m2":73},"geometry":{"type":"Polygon","coordinates":[[[120.7896268,17.0950424],[120.7897236,17.0950689],[120.7897412,17.0950103],[120.7896443,17.0949838],[120.7896268,17.0950424]]]}},{"type":"Feature","properties":{"barangay_slug":"laylaya","barangay_name":"Laylaya","osm_id":"w647780060","osm_type":"way","building":"yes","name":null,"addr":null,"area_m2":53},"geometry":{"type":"Polygon","coordinates":[[[120.7896116,17.0952192],[120.7896917,17.0952198],[120.7896921,17.0951633],[120.7896121,17.0951627],[120.7896116,17.0952192]]]}},{"type":"Feature","properties":{"barangay_slug":"laylaya","barangay_name":"Laylaya","osm_id":"w647780061","osm_type":"way","building":"yes","name":null,"addr":null,"area_m2":34},"geometry":{"type":"Polygon","coordinates":[[[120.7896128,17.0951111],[120.7896139,17.0950712],[120.7896849,17.0950731],[120.7896838,17.095113],[120.7896128,17.0951111]]]}},{"type":"Feature","properties":{"barangay_slug":"laylaya","barangay_name":"Laylaya","osm_id":"w647780062","osm_type":"way","building":"yes","name":null,"addr":null,"area_m2":61},"geometry":{"type":"Polygon","coordinates":[[[120.7896202,17.0956441],[120.7896954,17.0956466],[120.7896979,17.0955777],[120.7896226,17.0955752],[120.7896202,17.0956441]]]}},{"type":"Feature","properties":{"barangay_slug":"laylaya","barangay_name":"Laylaya","osm_id":"w647780063","osm_type":"way","building":"yes","name":null,"addr":null,"area_m2":58},"geometry":{"type":"Polygon","coordinates":[[[120.78953,17.095742],[120.7896102,17.095742],[120.7896102,17.0956809],[120.78953,17.0956809],[120.78953,17.095742]]]}},{"type":"Feature","properties":{"barangay_slug":"laylaya","barangay_name":"Laylaya","osm_id":"w647780064","osm_type":"way","building":"yes","name":null,"addr":null,"area_m2":46},"geometry":{"type":"Polygon","coordinates":[[[120.7901652,17.0951387],[120.7902281,17.0951378],[120.7902271,17.0950756],[120.7901641,17.0950766],[120.7901652,17.0951387]]]}},{"type":"Feature","properties":{"barangay_slug":"laylaya","barangay_name":"Laylaya","osm_id":"w647780065","osm_type":"way","building":"yes","name":null,"addr":null,"area_m2":12},"geometry":{"type":"Polygon","coordinates":[[[120.7902246,17.0951829],[120.7902246,17.0951519],[120.7901921,17.0951519],[120.7901921,17.0951829],[120.7902246,17.0951829]]]}},{"type":"Feature","properties":{"barangay_slug":"laylaya","barangay_name":"Laylaya","osm_id":"w647780066","osm_type":"way","building":"yes","name":null,"addr":null,"area_m2":53},"geometry":{"type":"Polygon","coordinates":[[[120.7901406,17.0950438],[120.7902096,17.0950443],[120.7902102,17.0949792],[120.7901411,17.0949787],[120.7901406,17.0950438]]]}},{"type":"Feature","properties":{"barangay_slug":"laylaya","barangay_name":"Laylaya","osm_id":"w647780067","osm_type":"way","building":"yes","name":null,"addr":null,"area_m2":65},"geometry":{"type":"Polygon","coordinates":[[[120.7898874,17.0953546],[120.7899473,17.0954038],[120.7899945,17.0953513],[120.7899345,17.0953021],[120.7898874,17.0953546]]]}},{"type":"Feature","properties":{"barangay_slug":"laylaya","barangay_name":"Laylaya","osm_id":"w647780068","osm_type":"way","building":"yes","name":null,"addr":null,"area_m2":90},"geometry":{"type":"Polygon","coordinates":[[[120.7905581,17.0959755],[120.7906245,17.0959431],[120.7905761,17.0958522],[120.7905096,17.0958846],[120.7905581,17.0959755]]]}},{"type":"Feature","properties":{"barangay_slug":"laylaya","barangay_name":"Laylaya","osm_id":"w647780069","osm_type":"way","building":"yes","name":null,"addr":null,"area_m2":74},"geometry":{"type":"Polygon","coordinates":[[[120.7896552,17.0953615],[120.7897344,17.095362],[120.7897338,17.0954406],[120.7896547,17.0954401],[120.7896552,17.0953615]]]}},{"type":"Feature","properties":{"barangay_slug":"laylaya","barangay_name":"Laylaya","osm_id":"w647780070","osm_type":"way","building":"yes","name":null,"addr":null,"area_m2":51},"geometry":{"type":"Polygon","coordinates":[[[120.7911775,17.0960128],[120.7912344,17.0959717],[120.7912725,17.0960199],[120.7912155,17.096061],[120.7911775,17.0960128]]]}},{"type":"Feature","properties":{"barangay_slug":"laylaya","barangay_name":"Laylaya","osm_id":"w647780071","osm_type":"way","building":"yes","name":null,"addr":null,"area_m2":92},"geometry":{"type":"Polygon","coordinates":[[[120.7899976,17.0963697],[120.7900547,17.0963151],[120.7899835,17.0962471],[120.7899265,17.0963017],[120.7899976,17.0963697]]]}},{"type":"Feature","properties":{"barangay_slug":"laylaya","barangay_name":"Laylaya","osm_id":"w647780074","osm_type":"way","building":"yes","name":null,"addr":null,"area_m2":67},"geometry":{"type":"Polygon","coordinates":[[[120.7901703,17.0957586],[120.790163,17.0956928],[120.7900781,17.0957014],[120.7900854,17.0957672],[120.7901703,17.0957586]]]}},{"type":"Feature","properties":{"barangay_slug":"laylaya","barangay_name":"Laylaya","osm_id":"w647780075","osm_type":"way","building":"yes","name":null,"addr":null,"area_m2":93},"geometry":{"type":"Polygon","coordinates":[[[120.7904094,17.095393],[120.7904383,17.0953133],[120.7903501,17.095284],[120.7903212,17.0953637],[120.7904094,17.095393]]]}},{"type":"Feature","properties":{"barangay_slug":"laylaya","barangay_name":"Laylaya","osm_id":"w647780076","osm_type":"way","building":"yes","name":null,"addr":null,"area_m2":131},"geometry":{"type":"Polygon","coordinates":[[[120.7914908,17.0957442],[120.791537,17.0956567],[120.7916378,17.0957053],[120.7915916,17.0957928],[120.7914908,17.0957442]]]}},{"type":"Feature","properties":{"barangay_slug":"laylaya","barangay_name":"Laylaya","osm_id":"w647780077","osm_type":"way","building":"yes","name":null,"addr":null,"area_m2":61},"geometry":{"type":"Polygon","coordinates":[[[120.7878993,17.0903291],[120.7879253,17.0902705],[120.787851,17.0902404],[120.7878251,17.0902991],[120.7878993,17.0903291]]]}},{"type":"Feature","properties":{"barangay_slug":"laylaya","barangay_name":"Laylaya","osm_id":"w647780078","osm_type":"way","building":"yes","name":null,"addr":null,"area_m2":21},"geometry":{"type":"Polygon","coordinates":[[[120.7879471,17.0894148],[120.7879785,17.0894269],[120.7879993,17.0893779],[120.7879679,17.0893657],[120.7879471,17.0894148]]]}},{"type":"Feature","properties":{"barangay_slug":"laylaya","barangay_name":"Laylaya","osm_id":"w647780079","osm_type":"way","building":"yes","name":null,"addr":null,"area_m2":58},"geometry":{"type":"Polygon","coordinates":[[[120.7879952,17.0894638],[120.7880431,17.0895225],[120.7879913,17.0895612],[120.7879434,17.0895025],[120.7879952,17.0894638]]]}},{"type":"Feature","properties":{"barangay_slug":"laylaya","barangay_name":"Laylaya","osm_id":"w647780080","osm_type":"way","building":"yes","name":null,"addr":null,"area_m2":22},"geometry":{"type":"Polygon","coordinates":[[[120.7865463,17.0886968],[120.7865847,17.0887293],[120.7866103,17.0887016],[120.7865718,17.0886692],[120.7865463,17.0886968]]]}},{"type":"Feature","properties":{"barangay_slug":"laylaya","barangay_name":"Laylaya","osm_id":"w647780081","osm_type":"way","building":"yes","name":null,"addr":null,"area_m2":27},"geometry":{"type":"Polygon","coordinates":[[[120.7878643,17.0886636],[120.7879111,17.0886691],[120.7879174,17.0886204],[120.7878705,17.0886149],[120.7878643,17.0886636]]]}},{"type":"Feature","properties":{"barangay_slug":"laylaya","barangay_name":"Laylaya","osm_id":"w647780082","osm_type":"way","building":"yes","name":null,"addr":null,"area_m2":54},"geometry":{"type":"Polygon","coordinates":[[[120.7874204,17.0886929],[120.7874868,17.0887236],[120.7875149,17.088668],[120.7874486,17.0886372],[120.7874204,17.0886929]]]}},{"type":"Feature","properties":{"barangay_slug":"laylaya","barangay_name":"Laylaya","osm_id":"w647780083","osm_type":"way","building":"yes","name":null,"addr":null,"area_m2":29},"geometry":{"type":"Polygon","coordinates":[[[120.7871937,17.0884166],[120.7872278,17.0884559],[120.7871912,17.0884849],[120.7871571,17.0884456],[120.7871937,17.0884166]]]}},{"type":"Feature","properties":{"barangay_slug":"laylaya","barangay_name":"Laylaya","osm_id":"w647780084","osm_type":"way","building":"yes","name":null,"addr":null,"area_m2":42},"geometry":{"type":"Polygon","coordinates":[[[120.7875582,17.0885356],[120.787601,17.0885076],[120.7876412,17.0885639],[120.7875984,17.0885919],[120.7875582,17.0885356]]]}},{"type":"Feature","properties":{"barangay_slug":"laylaya","barangay_name":"Laylaya","osm_id":"w647780085","osm_type":"way","building":"yes","name":null,"addr":null,"area_m2":42},"geometry":{"type":"Polygon","coordinates":[[[120.7877561,17.0884937],[120.7878109,17.0884726],[120.7877875,17.0884171],[120.7877328,17.0884381],[120.7877561,17.0884937]]]}},{"type":"Feature","properties":{"barangay_slug":"laylaya","barangay_name":"Laylaya","osm_id":"w647780086","osm_type":"way","building":"yes","name":null,"addr":null,"area_m2":34},"geometry":{"type":"Polygon","coordinates":[[[120.7875238,17.0883713],[120.78756,17.0883378],[120.7875186,17.0882968],[120.7874824,17.0883303],[120.7875238,17.0883713]]]}},{"type":"Feature","properties":{"barangay_slug":"laylaya","barangay_name":"Laylaya","osm_id":"w647780087","osm_type":"way","building":"yes","name":null,"addr":null,"area_m2":20},"geometry":{"type":"Polygon","coordinates":[[[120.7870951,17.0885934],[120.7871218,17.0885753],[120.787091,17.0885339],[120.7870644,17.088552],[120.7870951,17.0885934]]]}},{"type":"Feature","properties":{"barangay_slug":"laylaya","barangay_name":"Laylaya","osm_id":"w647780088","osm_type":"way","building":"yes","name":null,"addr":null,"area_m2":32},"geometry":{"type":"Polygon","coordinates":[[[120.7871876,17.0885314],[120.7871458,17.0884806],[120.7871125,17.0885057],[120.7871544,17.0885565],[120.7871876,17.0885314]]]}},{"type":"Feature","properties":{"barangay_slug":"laylaya","barangay_name":"Laylaya","osm_id":"w647780089","osm_type":"way","building":"yes","name":null,"addr":null,"area_m2":75},"geometry":{"type":"Polygon","coordinates":[[[120.78692,17.0884411],[120.7869897,17.0883959],[120.7869454,17.0883336],[120.7868758,17.0883788],[120.78692,17.0884411]]]}},{"type":"Feature","properties":{"barangay_slug":"laylaya","barangay_name":"Laylaya","osm_id":"w647780090","osm_type":"way","building":"yes","name":null,"addr":null,"area_m2":31},"geometry":{"type":"Polygon","coordinates":[[[120.7871894,17.0883571],[120.7872296,17.0883303],[120.7871972,17.0882858],[120.787157,17.0883126],[120.7871894,17.0883571]]]}},{"type":"Feature","properties":{"barangay_slug":"laylaya","barangay_name":"Laylaya","osm_id":"w647780091","osm_type":"way","building":"yes","name":null,"addr":null,"area_m2":37},"geometry":{"type":"Polygon","coordinates":[[[120.7878515,17.0882257],[120.7878951,17.0882643],[120.7878576,17.088303],[120.787814,17.0882643],[120.7878515,17.0882257]]]}},{"type":"Feature","properties":{"barangay_slug":"laylaya","barangay_name":"Laylaya","osm_id":"w647780092","osm_type":"way","building":"yes","name":null,"addr":null,"area_m2":14},"geometry":{"type":"Polygon","coordinates":[[[120.7845784,17.0913915],[120.7846057,17.0913796],[120.7846226,17.091415],[120.7845954,17.091427],[120.7845784,17.0913915]]]}},{"type":"Feature","properties":{"barangay_slug":"laylaya","barangay_name":"Laylaya","osm_id":"w647780093","osm_type":"way","building":"yes","name":null,"addr":null,"area_m2":73},"geometry":{"type":"Polygon","coordinates":[[[120.7901202,17.0937439],[120.7902047,17.0937479],[120.7902085,17.093675],[120.7901241,17.093671],[120.7901202,17.0937439]]]}},{"type":"Feature","properties":{"barangay_slug":"laylaya","barangay_name":"Laylaya","osm_id":"w647780094","osm_type":"way","building":"yes","name":null,"addr":null,"area_m2":47},"geometry":{"type":"Polygon","coordinates":[[[120.7913823,17.0926635],[120.7913429,17.0926327],[120.7913951,17.0925717],[120.7914345,17.0926025],[120.7913823,17.0926635]]]}},{"type":"Feature","properties":{"barangay_slug":"laylaya","barangay_name":"Laylaya","osm_id":"w647780095","osm_type":"way","building":"yes","name":null,"addr":null,"area_m2":108},"geometry":{"type":"Polygon","coordinates":[[[120.7888824,17.0896546],[120.7890071,17.0896555],[120.7890065,17.0897291],[120.7888818,17.0897282],[120.7888824,17.0896546]]]}},{"type":"Feature","properties":{"barangay_slug":"tamboan","barangay_name":"Tamboan","osm_id":"w647783395","osm_type":"way","building":"yes","name":null,"addr":null,"area_m2":61},"geometry":{"type":"Polygon","coordinates":[[[120.8067876,17.1091291],[120.8068363,17.1090768],[120.8067813,17.1090302],[120.8067327,17.1090824],[120.8067876,17.1091291]]]}},{"type":"Feature","properties":{"barangay_slug":"tamboan","barangay_name":"Tamboan","osm_id":"w647783396","osm_type":"way","building":"yes","name":null,"addr":null,"area_m2":68},"geometry":{"type":"Polygon","coordinates":[[[120.8061968,17.1057277],[120.8062692,17.105713],[120.8062523,17.1056366],[120.8061799,17.1056513],[120.8061838,17.1056689],[120.8061896,17.1056949],[120.8061968,17.1057277]]]}},{"type":"Feature","properties":{"barangay_slug":"laylaya","barangay_name":"Laylaya","osm_id":"w647785598","osm_type":"way","building":"yes","name":null,"addr":null,"area_m2":62},"geometry":{"type":"Polygon","coordinates":[[[120.7872978,17.0860473],[120.7872549,17.0860133],[120.7872918,17.0859397],[120.7873507,17.0859862],[120.7872978,17.0860473]]]}},{"type":"Feature","properties":{"barangay_slug":"laylaya","barangay_name":"Laylaya","osm_id":"w647785599","osm_type":"way","building":"yes","name":null,"addr":null,"area_m2":50},"geometry":{"type":"Polygon","coordinates":[[[120.7877714,17.0857394],[120.7877217,17.0857382],[120.7877239,17.0856536],[120.7877736,17.0856548],[120.7877714,17.0857394]]]}},{"type":"Feature","properties":{"barangay_slug":"laylaya","barangay_name":"Laylaya","osm_id":"w647785600","osm_type":"way","building":"yes","name":null,"addr":null,"area_m2":43},"geometry":{"type":"Polygon","coordinates":[[[120.7878087,17.0860363],[120.7878508,17.0859984],[120.7878222,17.0859466],[120.7877729,17.0859714],[120.7878087,17.0860363]]]}},{"type":"Feature","properties":{"barangay_slug":"laylaya","barangay_name":"Laylaya","osm_id":"w647785601","osm_type":"way","building":"yes","name":null,"addr":null,"area_m2":52},"geometry":{"type":"Polygon","coordinates":[[[120.7877878,17.0858688],[120.7878567,17.0858654],[120.7878533,17.0858019],[120.7877844,17.0858053],[120.7877878,17.0858688]]]}},{"type":"Feature","properties":{"barangay_slug":"laylaya","barangay_name":"Laylaya","osm_id":"w647785602","osm_type":"way","building":"yes","name":null,"addr":null,"area_m2":38},"geometry":{"type":"Polygon","coordinates":[[[120.7879282,17.0858773],[120.7879839,17.0858805],[120.7879875,17.0858226],[120.7879319,17.0858194],[120.7879282,17.0858773]]]}},{"type":"Feature","properties":{"barangay_slug":"laylaya","barangay_name":"Laylaya","osm_id":"w647785603","osm_type":"way","building":"yes","name":null,"addr":null,"area_m2":70},"geometry":{"type":"Polygon","coordinates":[[[120.7882604,17.0864841],[120.788336,17.0864825],[120.7883342,17.0864046],[120.7882586,17.0864062],[120.7882604,17.0864841]]]}},{"type":"Feature","properties":{"barangay_slug":"laylaya","barangay_name":"Laylaya","osm_id":"w647785604","osm_type":"way","building":"yes","name":null,"addr":null,"area_m2":56},"geometry":{"type":"Polygon","coordinates":[[[120.7882501,17.0860667],[120.7882743,17.0860104],[120.7883461,17.0860386],[120.7883219,17.0860949],[120.7882501,17.0860667]]]}},{"type":"Feature","properties":{"barangay_slug":"laylaya","barangay_name":"Laylaya","osm_id":"w647785606","osm_type":"way","building":"yes","name":null,"addr":null,"area_m2":19},"geometry":{"type":"Polygon","coordinates":[[[120.7881617,17.0858452],[120.7881893,17.0858221],[120.788173,17.0857864],[120.7881361,17.0858172],[120.7881617,17.0858452]]]}},{"type":"Feature","properties":{"barangay_slug":"laylaya","barangay_name":"Laylaya","osm_id":"w647785607","osm_type":"way","building":"yes","name":null,"addr":null,"area_m2":50},"geometry":{"type":"Polygon","coordinates":[[[120.7884161,17.0858655],[120.7884703,17.0858321],[120.7884331,17.0857771],[120.788379,17.0858105],[120.7884161,17.0858655]]]}},{"type":"Feature","properties":{"barangay_slug":"laylaya","barangay_name":"Laylaya","osm_id":"w647785608","osm_type":"way","building":"yes","name":null,"addr":null,"area_m2":53},"geometry":{"type":"Polygon","coordinates":[[[120.788375,17.0856599],[120.7884026,17.0855962],[120.7884631,17.0856201],[120.7884356,17.0856838],[120.788375,17.0856599]]]}},{"type":"Feature","properties":{"barangay_slug":"laylaya","barangay_name":"Laylaya","osm_id":"w647785609","osm_type":"way","building":"yes","name":null,"addr":null,"area_m2":52},"geometry":{"type":"Polygon","coordinates":[[[120.7888213,17.0856867],[120.7887664,17.0856863],[120.7887657,17.0857666],[120.7888206,17.085767],[120.7888213,17.0856867]]]}},{"type":"Feature","properties":{"barangay_slug":"laylaya","barangay_name":"Laylaya","osm_id":"w647785610","osm_type":"way","building":"yes","name":null,"addr":null,"area_m2":41},"geometry":{"type":"Polygon","coordinates":[[[120.7887462,17.0860486],[120.7888116,17.0860486],[120.7888116,17.085995],[120.7887462,17.085995],[120.7887462,17.0860486]]]}},{"type":"Feature","properties":{"barangay_slug":"laylaya","barangay_name":"Laylaya","osm_id":"w647785611","osm_type":"way","building":"yes","name":null,"addr":null,"area_m2":59},"geometry":{"type":"Polygon","coordinates":[[[120.7889567,17.0860046],[120.7890108,17.0860284],[120.7890477,17.0859519],[120.7889936,17.085928],[120.7889567,17.0860046]]]}},{"type":"Feature","properties":{"barangay_slug":"laylaya","barangay_name":"Laylaya","osm_id":"w647785612","osm_type":"way","building":"yes","name":null,"addr":null,"area_m2":17},"geometry":{"type":"Polygon","coordinates":[[[120.7877359,17.0852778],[120.7877831,17.0852886],[120.7877831,17.0852552],[120.7877438,17.0852462],[120.7877359,17.0852778]]]}},{"type":"Feature","properties":{"barangay_slug":"laylaya","barangay_name":"Laylaya","osm_id":"w647785613","osm_type":"way","building":"yes","name":null,"addr":null,"area_m2":58},"geometry":{"type":"Polygon","coordinates":[[[120.7877783,17.0850437],[120.7878349,17.0850289],[120.7878119,17.0849481],[120.7877552,17.0849629],[120.7877783,17.0850437]]]}},{"type":"Feature","properties":{"barangay_slug":"laylaya","barangay_name":"Laylaya","osm_id":"w647785614","osm_type":"way","building":"yes","name":null,"addr":null,"area_m2":35},"geometry":{"type":"Polygon","coordinates":[[[120.7878017,17.0851592],[120.787833,17.0851128],[120.7878838,17.085144],[120.7878601,17.0851793],[120.7878017,17.0851592]]]}},{"type":"Feature","properties":{"barangay_slug":"laylaya","barangay_name":"Laylaya","osm_id":"w647785615","osm_type":"way","building":"yes","name":null,"addr":null,"area_m2":45},"geometry":{"type":"Polygon","coordinates":[[[120.786953,17.0874378],[120.7869995,17.0874088],[120.787039,17.0874667],[120.7869926,17.0874957],[120.786953,17.0874378]]]}},{"type":"Feature","properties":{"barangay_slug":"laylaya","barangay_name":"Laylaya","osm_id":"w647785616","osm_type":"way","building":"yes","name":null,"addr":null,"area_m2":77},"geometry":{"type":"Polygon","coordinates":[[[120.7869847,17.0871156],[120.7870507,17.0870701],[120.7870999,17.0871352],[120.7870339,17.0871807],[120.7869847,17.0871156]]]}},{"type":"Feature","properties":{"barangay_slug":"laylaya","barangay_name":"Laylaya","osm_id":"w647785617","osm_type":"way","building":"yes","name":null,"addr":null,"area_m2":62},"geometry":{"type":"Polygon","coordinates":[[[120.7872616,17.0875564],[120.7873069,17.0875209],[120.7872475,17.0874515],[120.7872021,17.0874871],[120.7872616,17.0875564]]]}},{"type":"Feature","properties":{"barangay_slug":"laylaya","barangay_name":"Laylaya","osm_id":"w647785618","osm_type":"way","building":"yes","name":null,"addr":null,"area_m2":63},"geometry":{"type":"Polygon","coordinates":[[[120.7871258,17.0878934],[120.7871579,17.0878424],[120.7870813,17.0877984],[120.7870492,17.0878494],[120.7871258,17.0878934]]]}},{"type":"Feature","properties":{"barangay_slug":"laylaya","barangay_name":"Laylaya","osm_id":"w647785619","osm_type":"way","building":"yes","name":null,"addr":null,"area_m2":63},"geometry":{"type":"Polygon","coordinates":[[[120.7874499,17.0878086],[120.7875094,17.0877787],[120.7874707,17.0877085],[120.7874112,17.0877384],[120.7874499,17.0878086]]]}},{"type":"Feature","properties":{"barangay_slug":"laylaya","barangay_name":"Laylaya","osm_id":"w647785620","osm_type":"way","building":"yes","name":null,"addr":null,"area_m2":61},"geometry":{"type":"Polygon","coordinates":[[[120.7870731,17.0880484],[120.7871344,17.0880222],[120.7871014,17.0879517],[120.7870401,17.087978],[120.7870731,17.0880484]]]}},{"type":"Feature","properties":{"barangay_slug":"laylaya","barangay_name":"Laylaya","osm_id":"w647785621","osm_type":"way","building":"yes","name":null,"addr":null,"area_m2":36},"geometry":{"type":"Polygon","coordinates":[[[120.7872942,17.087927],[120.7873315,17.0878815],[120.78729,17.0878504],[120.7872527,17.0878958],[120.7872942,17.087927]]]}},{"type":"Feature","properties":{"barangay_slug":"laylaya","barangay_name":"Laylaya","osm_id":"w647785622","osm_type":"way","building":"yes","name":null,"addr":null,"area_m2":81},"geometry":{"type":"Polygon","coordinates":[[[120.7876933,17.0863985],[120.7877904,17.0863851],[120.78778,17.0863162],[120.7876828,17.0863296],[120.7876933,17.0863985]]]}},{"type":"Feature","properties":{"barangay_slug":"agawa","barangay_name":"Agawa","osm_id":"w647788746","osm_type":"way","building":"yes","name":null,"addr":null,"area_m2":83},"geometry":{"type":"Polygon","coordinates":[[[120.8671342,17.1118771],[120.8671436,17.1117737],[120.8672109,17.1117794],[120.8672014,17.1118828],[120.8671342,17.1118771]]]}},{"type":"Feature","properties":{"barangay_slug":"agawa","barangay_name":"Agawa","osm_id":"w647788747","osm_type":"way","building":"yes","name":null,"addr":null,"area_m2":31},"geometry":{"type":"Polygon","coordinates":[[[120.867008,17.1118858],[120.8669864,17.1118534],[120.8670388,17.1118181],[120.8670604,17.1118593],[120.867008,17.1118858]]]}},{"type":"Feature","properties":{"barangay_slug":"agawa","barangay_name":"Agawa","osm_id":"w647788748","osm_type":"way","building":"yes","name":null,"addr":null,"area_m2":22},"geometry":{"type":"Polygon","coordinates":[[[120.8670635,17.1119241],[120.8670481,17.1118858],[120.8670881,17.1118623],[120.8670974,17.1119153],[120.8670635,17.1119241]]]}},{"type":"Feature","properties":{"barangay_slug":"agawa","barangay_name":"Agawa","osm_id":"w647788749","osm_type":"way","building":"yes","name":null,"addr":null,"area_m2":21},"geometry":{"type":"Polygon","coordinates":[[[120.8670234,17.1119447],[120.8670111,17.1119064],[120.8670481,17.1118858],[120.8670635,17.1119241],[120.8670234,17.1119447]]]}},{"type":"Feature","properties":{"barangay_slug":"agawa","barangay_name":"Agawa","osm_id":"w647788750","osm_type":"way","building":"yes","name":null,"addr":null,"area_m2":27},"geometry":{"type":"Polygon","coordinates":[[[120.8670049,17.1118093],[120.8670203,17.1117533],[120.8670635,17.111768],[120.8670388,17.1118181],[120.8670049,17.1118093]]]}},{"type":"Feature","properties":{"barangay_slug":"agawa","barangay_name":"Agawa","osm_id":"w647788751","osm_type":"way","building":"yes","name":null,"addr":null,"area_m2":22},"geometry":{"type":"Polygon","coordinates":[[[120.8670388,17.1117386],[120.8670511,17.1116915],[120.8670912,17.1116915],[120.8670789,17.1117386],[120.8670388,17.1117386]]]}},{"type":"Feature","properties":{"barangay_slug":"agawa","barangay_name":"Agawa","osm_id":"w647788752","osm_type":"way","building":"yes","name":null,"addr":null,"area_m2":87},"geometry":{"type":"Polygon","coordinates":[[[120.8671048,17.1116175],[120.8671665,17.1115091],[120.8672189,17.1115363],[120.8671572,17.1116447],[120.8671048,17.1116175]]]}},{"type":"Feature","properties":{"barangay_slug":"agawa","barangay_name":"Agawa","osm_id":"w647788753","osm_type":"way","building":"yes","name":null,"addr":null,"area_m2":17},"geometry":{"type":"Polygon","coordinates":[[[120.8671619,17.1117179],[120.8671612,17.1116847],[120.8672038,17.1116839],[120.8672045,17.1117172],[120.8671619,17.1117179]]]}},{"type":"Feature","properties":{"barangay_slug":"agawa","barangay_name":"Agawa","osm_id":"w647788754","osm_type":"way","building":"yes","name":null,"addr":null,"area_m2":74},"geometry":{"type":"Polygon","coordinates":[[[120.8670078,17.1115886],[120.8670248,17.111499],[120.8670928,17.1115108],[120.8670759,17.1116003],[120.8670078,17.1115886]]]}},{"type":"Feature","properties":{"barangay_slug":"agawa","barangay_name":"Agawa","osm_id":"w647788755","osm_type":"way","building":"yes","name":null,"addr":null,"area_m2":53},"geometry":{"type":"Polygon","coordinates":[[[120.8668468,17.1117824],[120.8668586,17.1116984],[120.8669108,17.1117051],[120.8668991,17.1117891],[120.8668468,17.1117824]]]}},{"type":"Feature","properties":{"barangay_slug":"agawa","barangay_name":"Agawa","osm_id":"w647788756","osm_type":"way","building":"yes","name":null,"addr":null,"area_m2":11},"geometry":{"type":"Polygon","coordinates":[[[120.8664148,17.112059],[120.866424,17.1120301],[120.8664527,17.1120384],[120.8664435,17.1120673],[120.8664148,17.112059]]]}},{"type":"Feature","properties":{"barangay_slug":"agawa","barangay_name":"Agawa","osm_id":"w647788757","osm_type":"way","building":"yes","name":null,"addr":null,"area_m2":156},"geometry":{"type":"Polygon","coordinates":[[[120.8662881,17.1120367],[120.8662572,17.1119525],[120.8663968,17.1119056],[120.8664278,17.1119898],[120.8662881,17.1120367]]]}},{"type":"Feature","properties":{"barangay_slug":"agawa","barangay_name":"Agawa","osm_id":"w647788758","osm_type":"way","building":"yes","name":null,"addr":null,"area_m2":38},"geometry":{"type":"Polygon","coordinates":[[[120.8665209,17.1120792],[120.8664868,17.1120452],[120.8665365,17.1119998],[120.8665706,17.1120339],[120.8665209,17.1120792]]]}},{"type":"Feature","properties":{"barangay_slug":"agawa","barangay_name":"Agawa","osm_id":"w647788759","osm_type":"way","building":"yes","name":null,"addr":null,"area_m2":31},"geometry":{"type":"Polygon","coordinates":[[[120.8665983,17.1120612],[120.8665706,17.1120339],[120.8665965,17.1119915],[120.8666444,17.1120183],[120.8665983,17.1120612]]]}},{"type":"Feature","properties":{"barangay_slug":"agawa","barangay_name":"Agawa","osm_id":"w647788760","osm_type":"way","building":"yes","name":null,"addr":null,"area_m2":36},"geometry":{"type":"Polygon","coordinates":[[[120.8666168,17.1119717],[120.866647,17.1119304],[120.8666959,17.1119631],[120.8666657,17.1120044],[120.8666168,17.1119717]]]}},{"type":"Feature","properties":{"barangay_slug":"agawa","barangay_name":"Agawa","osm_id":"w647788761","osm_type":"way","building":"yes","name":null,"addr":null,"area_m2":87},"geometry":{"type":"Polygon","coordinates":[[[120.8665203,17.1118684],[120.8664897,17.1117963],[120.8665775,17.1117624],[120.866608,17.1118345],[120.8665203,17.1118684]]]}},{"type":"Feature","properties":{"barangay_slug":"agawa","barangay_name":"Agawa","osm_id":"w647788762","osm_type":"way","building":"yes","name":null,"addr":null,"area_m2":57},"geometry":{"type":"Polygon","coordinates":[[[120.8663429,17.1118242],[120.8663917,17.1117699],[120.8664503,17.1118181],[120.8663856,17.1118593],[120.8663429,17.1118242]]]}},{"type":"Feature","properties":{"barangay_slug":"agawa","barangay_name":"Agawa","osm_id":"w647788763","osm_type":"way","building":"yes","name":null,"addr":null,"area_m2":48},"geometry":{"type":"Polygon","coordinates":[[[120.8673101,17.1116925],[120.8672821,17.1116594],[120.867355,17.1116029],[120.8673867,17.1116333],[120.8673512,17.1116607],[120.8673101,17.1116925]]]}},{"type":"Feature","properties":{"barangay_slug":"agawa","barangay_name":"Agawa","osm_id":"w647788764","osm_type":"way","building":"yes","name":null,"addr":null,"area_m2":62},"geometry":{"type":"Polygon","coordinates":[[[120.8673448,17.1117804],[120.8673623,17.111718],[120.8674363,17.111718],[120.8674139,17.1117981],[120.8673448,17.1117804]]]}},{"type":"Feature","properties":{"barangay_slug":"agawa","barangay_name":"Agawa","osm_id":"w647788766","osm_type":"way","building":"yes","name":null,"addr":null,"area_m2":52},"geometry":{"type":"Polygon","coordinates":[[[120.8673223,17.1115943],[120.8672822,17.1115501],[120.8673254,17.1114883],[120.8673652,17.1115318],[120.8673223,17.1115943]]]}},{"type":"Feature","properties":{"barangay_slug":"agawa","barangay_name":"Agawa","osm_id":"w647788768","osm_type":"way","building":"yes","name":null,"addr":null,"area_m2":30},"geometry":{"type":"Polygon","coordinates":[[[120.8670618,17.1114577],[120.8670913,17.1114095],[120.86713,17.1114312],[120.8671004,17.1114794],[120.8670618,17.1114577]]]}},{"type":"Feature","properties":{"barangay_slug":"agawa","barangay_name":"Agawa","osm_id":"w647788769","osm_type":"way","building":"yes","name":null,"addr":null,"area_m2":56},"geometry":{"type":"Polygon","coordinates":[[[120.86713,17.1114312],[120.8671959,17.1113705],[120.867234,17.1113897],[120.8671933,17.1114632],[120.86713,17.1114312]]]}},{"type":"Feature","properties":{"barangay_slug":"agawa","barangay_name":"Agawa","osm_id":"w647788770","osm_type":"way","building":"yes","name":null,"addr":null,"area_m2":54},"geometry":{"type":"Polygon","coordinates":[[[120.8672767,17.1112903],[120.8673202,17.1112313],[120.8673724,17.1112665],[120.8673289,17.1113255],[120.8672767,17.1112903]]]}},{"type":"Feature","properties":{"barangay_slug":"agawa","barangay_name":"Agawa","osm_id":"w647788771","osm_type":"way","building":"yes","name":null,"addr":null,"area_m2":69},"geometry":{"type":"Polygon","coordinates":[[[120.8672984,17.111476],[120.867344,17.1114261],[120.8674108,17.1114819],[120.8673652,17.1115318],[120.8672984,17.111476]]]}},{"type":"Feature","properties":{"barangay_slug":"agawa","barangay_name":"Agawa","osm_id":"w647788772","osm_type":"way","building":"yes","name":null,"addr":null,"area_m2":50},"geometry":{"type":"Polygon","coordinates":[[[120.8673654,17.1113528],[120.8674211,17.1112945],[120.8674577,17.1113263],[120.8673931,17.1113941],[120.8673654,17.1113528]]]}},{"type":"Feature","properties":{"barangay_slug":"agawa","barangay_name":"Agawa","osm_id":"w647788774","osm_type":"way","building":"yes","name":null,"addr":null,"area_m2":38},"geometry":{"type":"Polygon","coordinates":[[[120.867355,17.1116029],[120.8673652,17.1115318],[120.8674147,17.111559],[120.8674074,17.1116098],[120.867355,17.1116029]]]}},{"type":"Feature","properties":{"barangay_slug":"agawa","barangay_name":"Agawa","osm_id":"w647788776","osm_type":"way","building":"yes","name":null,"addr":null,"area_m2":60},"geometry":{"type":"Polygon","coordinates":[[[120.8674281,17.1115853],[120.8674826,17.1115362],[120.867531,17.1115852],[120.8674765,17.1116343],[120.8674281,17.1115853]]]}},{"type":"Feature","properties":{"barangay_slug":"agawa","barangay_name":"Agawa","osm_id":"w647788778","osm_type":"way","building":"yes","name":null,"addr":null,"area_m2":19},"geometry":{"type":"Polygon","coordinates":[[[120.8673267,17.1111886],[120.8673407,17.1111466],[120.8673747,17.111157],[120.8673606,17.111199],[120.8673267,17.1111886]]]}},{"type":"Feature","properties":{"barangay_slug":"agawa","barangay_name":"Agawa","osm_id":"w647788780","osm_type":"way","building":"yes","name":null,"addr":null,"area_m2":88},"geometry":{"type":"Polygon","coordinates":[[[120.8674576,17.1110394],[120.8674851,17.1109575],[120.8675671,17.1109827],[120.8675396,17.1110646],[120.8674576,17.1110394]]]}},{"type":"Feature","properties":{"barangay_slug":"agawa","barangay_name":"Agawa","osm_id":"w647788782","osm_type":"way","building":"yes","name":null,"addr":null,"area_m2":56},"geometry":{"type":"Polygon","coordinates":[[[120.8675225,17.1112233],[120.86754,17.1111498],[120.8675958,17.1111619],[120.8675749,17.1112498],[120.8675225,17.1112233]]]}},{"type":"Feature","properties":{"barangay_slug":"agawa","barangay_name":"Agawa","osm_id":"w647788783","osm_type":"way","building":"yes","name":null,"addr":null,"area_m2":65},"geometry":{"type":"Polygon","coordinates":[[[120.8675512,17.1110999],[120.8675821,17.1110311],[120.8676494,17.1110587],[120.8676186,17.1111275],[120.8675512,17.1110999]]]}},{"type":"Feature","properties":{"barangay_slug":"agawa","barangay_name":"Agawa","osm_id":"w647788784","osm_type":"way","building":"yes","name":null,"addr":null,"area_m2":35},"geometry":{"type":"Polygon","coordinates":[[[120.8673623,17.111718],[120.8673512,17.1116607],[120.8674139,17.1116772],[120.8673962,17.1117386],[120.8673623,17.111718]]]}},{"type":"Feature","properties":{"barangay_slug":"agawa","barangay_name":"Agawa","osm_id":"w647789475","osm_type":"way","building":"school","name":null,"addr":null,"area_m2":103},"geometry":{"type":"Polygon","coordinates":[[[120.8662465,17.112484],[120.8662623,17.1123895],[120.8663525,17.1124034],[120.8663367,17.1124979],[120.8662465,17.112484]]]}},{"type":"Feature","properties":{"barangay_slug":"agawa","barangay_name":"Agawa","osm_id":"w647789477","osm_type":"way","building":"yes","name":null,"addr":null,"area_m2":88},"geometry":{"type":"Polygon","coordinates":[[[120.8658034,17.1128275],[120.8658259,17.1127614],[120.8659277,17.1127931],[120.8659052,17.1128591],[120.8658034,17.1128275]]]}},{"type":"Feature","properties":{"barangay_slug":"agawa","barangay_name":"Agawa","osm_id":"w647789478","osm_type":"way","building":"yes","name":null,"addr":null,"area_m2":52},"geometry":{"type":"Polygon","coordinates":[[[120.8658754,17.1126656],[120.8658381,17.1126046],[120.8659008,17.1125696],[120.8659194,17.1126411],[120.8658754,17.1126656]]]}},{"type":"Feature","properties":{"barangay_slug":"agawa","barangay_name":"Agawa","osm_id":"w647789480","osm_type":"way","building":"yes","name":null,"addr":null,"area_m2":85},"geometry":{"type":"Polygon","coordinates":[[[120.8661327,17.1127229],[120.8661371,17.112622],[120.8662081,17.1126249],[120.8662037,17.1127257],[120.8661327,17.1127229]]]}},{"type":"Feature","properties":{"barangay_slug":"agawa","barangay_name":"Agawa","osm_id":"w647789482","osm_type":"way","building":"yes","name":null,"addr":null,"area_m2":104},"geometry":{"type":"Polygon","coordinates":[[[120.8662137,17.1131911],[120.8660988,17.1130606],[120.8661383,17.1130287],[120.8662533,17.1131593],[120.8662137,17.1131911]]]}},{"type":"Feature","properties":{"barangay_slug":"agawa","barangay_name":"Agawa","osm_id":"w647789484","osm_type":"way","building":"yes","name":null,"addr":null,"area_m2":51},"geometry":{"type":"Polygon","coordinates":[[[120.8663166,17.1132739],[120.8662666,17.1132305],[120.8663114,17.1131832],[120.8663615,17.1132266],[120.8663166,17.1132739]]]}},{"type":"Feature","properties":{"barangay_slug":"agawa","barangay_name":"Agawa","osm_id":"w647789485","osm_type":"way","building":"yes","name":null,"addr":null,"area_m2":65},"geometry":{"type":"Polygon","coordinates":[[[120.8663771,17.1130026],[120.8663164,17.1129535],[120.8663397,17.1128821],[120.8664051,17.1129446],[120.8663771,17.1130026]]]}},{"type":"Feature","properties":{"barangay_slug":"agawa","barangay_name":"Agawa","osm_id":"w647789487","osm_type":"way","building":"yes","name":null,"addr":null,"area_m2":81},"geometry":{"type":"Polygon","coordinates":[[[120.8665239,17.1129039],[120.8664364,17.112876],[120.8664609,17.1128057],[120.8665485,17.1128336],[120.8665239,17.1129039]]]}},{"type":"Feature","properties":{"barangay_slug":"agawa","barangay_name":"Agawa","osm_id":"w647789489","osm_type":"way","building":"yes","name":null,"addr":null,"area_m2":55},"geometry":{"type":"Polygon","coordinates":[[[120.8664471,17.1127794],[120.8664425,17.1127214],[120.8665371,17.1127516],[120.8665174,17.1128017],[120.8664471,17.1127794]]]}},{"type":"Feature","properties":{"barangay_slug":"agawa","barangay_name":"Agawa","osm_id":"w647789490","osm_type":"way","building":"yes","name":null,"addr":null,"area_m2":47},"geometry":{"type":"Polygon","coordinates":[[[120.8665546,17.1127928],[120.8665371,17.1127516],[120.8666153,17.1127214],[120.8666125,17.1127948],[120.8665546,17.1127928]]]}},{"type":"Feature","properties":{"barangay_slug":"agawa","barangay_name":"Agawa","osm_id":"w647789492","osm_type":"way","building":"yes","name":null,"addr":null,"area_m2":82},"geometry":{"type":"Polygon","coordinates":[[[120.865951,17.1127154],[120.8659404,17.112659],[120.8660599,17.1126385],[120.8660705,17.1126948],[120.865951,17.1127154]]]}},{"type":"Feature","properties":{"barangay_slug":"agawa","barangay_name":"Agawa","osm_id":"w647789494","osm_type":"way","building":"yes","name":null,"addr":null,"area_m2":55},"geometry":{"type":"Polygon","coordinates":[[[120.8685486,17.1107397],[120.8685533,17.1106549],[120.8686094,17.1106415],[120.8686094,17.1107174],[120.8685486,17.1107397]]]}},{"type":"Feature","properties":{"barangay_slug":"agawa","barangay_name":"Agawa","osm_id":"w647789496","osm_type":"way","building":"yes","name":null,"addr":null,"area_m2":80},"geometry":{"type":"Polygon","coordinates":[[[120.8678936,17.1114685],[120.8679157,17.1113739],[120.867984,17.1113885],[120.8679618,17.1114831],[120.8678936,17.1114685]]]}},{"type":"Feature","properties":{"barangay_slug":"agawa","barangay_name":"Agawa","osm_id":"w647789498","osm_type":"way","building":"yes","name":null,"addr":null,"area_m2":75},"geometry":{"type":"Polygon","coordinates":[[[120.8673278,17.1123532],[120.8672886,17.11226],[120.8673424,17.1122393],[120.8673934,17.1123099],[120.8673278,17.1123532]]]}},{"type":"Feature","properties":{"barangay_slug":"agawa","barangay_name":"Agawa","osm_id":"w647789499","osm_type":"way","building":"yes","name":null,"addr":null,"area_m2":93},"geometry":{"type":"Polygon","coordinates":[[[120.8658402,17.1125114],[120.8658136,17.1124208],[120.8658939,17.1123993],[120.8659205,17.1124899],[120.8658402,17.1125114]]]}},{"type":"Feature","properties":{"barangay_slug":"agawa","barangay_name":"Agawa","osm_id":"w647789501","osm_type":"way","building":"yes","name":null,"addr":null,"area_m2":109},"geometry":{"type":"Polygon","coordinates":[[[120.867463,17.1124836],[120.867404,17.1124101],[120.8674831,17.1123521],[120.8675421,17.1124256],[120.867463,17.1124836]]]}},{"type":"Feature","properties":{"barangay_slug":"agawa","barangay_name":"Agawa","osm_id":"w647792353","osm_type":"way","building":"yes","name":null,"addr":null,"area_m2":73},"geometry":{"type":"Polygon","coordinates":[[[120.866223,17.1137524],[120.8661669,17.1136855],[120.866209,17.1136185],[120.8662644,17.1137343],[120.866223,17.1137524]]]}},{"type":"Feature","properties":{"barangay_slug":"agawa","barangay_name":"Agawa","osm_id":"w647792355","osm_type":"way","building":"yes","name":null,"addr":null,"area_m2":39},"geometry":{"type":"Polygon","coordinates":[[[120.8664656,17.1136265],[120.8664069,17.1135913],[120.8664331,17.1135515],[120.8664918,17.1135867],[120.8664656,17.1136265]]]}},{"type":"Feature","properties":{"barangay_slug":"agawa","barangay_name":"Agawa","osm_id":"w647792357","osm_type":"way","building":"yes","name":null,"addr":null,"area_m2":61},"geometry":{"type":"Polygon","coordinates":[[[120.8664796,17.1130807],[120.8664168,17.1130546],[120.8664425,17.1129981],[120.8665172,17.1129981],[120.8664796,17.1130807]]]}},{"type":"Feature","properties":{"barangay_slug":"agawa","barangay_name":"Agawa","osm_id":"w647792360","osm_type":"way","building":"yes","name":null,"addr":null,"area_m2":41},"geometry":{"type":"Polygon","coordinates":[[[120.867436,17.113343],[120.867435,17.1132887],[120.8674979,17.1132864],[120.8675013,17.1133406],[120.867436,17.113343]]]}},{"type":"Feature","properties":{"barangay_slug":"agawa","barangay_name":"Agawa","osm_id":"w647792361","osm_type":"way","building":"yes","name":null,"addr":null,"area_m2":47},"geometry":{"type":"Polygon","coordinates":[[[120.867435,17.1132887],[120.8674325,17.1132257],[120.8674954,17.1132235],[120.8674979,17.1132864],[120.867435,17.1132887]]]}},{"type":"Feature","properties":{"barangay_slug":"agawa","barangay_name":"Agawa","osm_id":"w647792364","osm_type":"way","building":"yes","name":null,"addr":null,"area_m2":48},"geometry":{"type":"Polygon","coordinates":[[[120.8670309,17.113989],[120.866985,17.113962],[120.8670309,17.1138908],[120.8670683,17.1139309],[120.8670309,17.113989]]]}},{"type":"Feature","properties":{"barangay_slug":"agawa","barangay_name":"Agawa","osm_id":"w647792365","osm_type":"way","building":"yes","name":null,"addr":null,"area_m2":45},"geometry":{"type":"Polygon","coordinates":[[[120.8663411,17.1136388],[120.8662679,17.1135728],[120.8662964,17.1135417],[120.8663614,17.1136038],[120.8663411,17.1136388]]]}},{"type":"Feature","properties":{"barangay_slug":"agawa","barangay_name":"Agawa","osm_id":"w647792368","osm_type":"way","building":"yes","name":null,"addr":null,"area_m2":109},"geometry":{"type":"Polygon","coordinates":[[[120.8663171,17.1135248],[120.866277,17.1134022],[120.8663455,17.1133817],[120.8663856,17.1135044],[120.8663171,17.1135248]]]}},{"type":"Feature","properties":{"barangay_slug":"agawa","barangay_name":"Agawa","osm_id":"w647792370","osm_type":"way","building":"yes","name":null,"addr":null,"area_m2":39},"geometry":{"type":"Polygon","coordinates":[[[120.8673114,17.113363],[120.867321,17.113298],[120.8673705,17.1133047],[120.867361,17.1133697],[120.8673114,17.113363]]]}},{"type":"Feature","properties":{"barangay_slug":"agawa","barangay_name":"Agawa","osm_id":"w647792372","osm_type":"way","building":"yes","name":null,"addr":null,"area_m2":72},"geometry":{"type":"Polygon","coordinates":[[[120.867321,17.113298],[120.8672924,17.1132231],[120.8674022,17.113227],[120.8673705,17.1133047],[120.867321,17.113298]]]}},{"type":"Feature","properties":{"barangay_slug":"agawa","barangay_name":"Agawa","osm_id":"w647793279","osm_type":"way","building":"yes","name":null,"addr":null,"area_m2":55},"geometry":{"type":"Polygon","coordinates":[[[120.8702133,17.1183969],[120.8701619,17.1183069],[120.8702018,17.1182861],[120.8702532,17.1183761],[120.8702133,17.1183969]]]}},{"type":"Feature","properties":{"barangay_slug":"agawa","barangay_name":"Agawa","osm_id":"w647793280","osm_type":"way","building":"yes","name":null,"addr":null,"area_m2":44},"geometry":{"type":"Polygon","coordinates":[[[120.8703083,17.1182914],[120.8702554,17.1182564],[120.8703043,17.1182166],[120.8703571,17.1182758],[120.8703083,17.1182914]]]}},{"type":"Feature","properties":{"barangay_slug":"agawa","barangay_name":"Agawa","osm_id":"w647794387","osm_type":"way","building":"yes","name":null,"addr":null,"area_m2":20},"geometry":{"type":"Polygon","coordinates":[[[120.8685023,17.1167117],[120.8685211,17.1166784],[120.8685587,17.1166989],[120.8685345,17.1167348],[120.8685023,17.1167117]]]}},{"type":"Feature","properties":{"barangay_slug":"agawa","barangay_name":"Agawa","osm_id":"w647794388","osm_type":"way","building":"yes","name":null,"addr":null,"area_m2":103},"geometry":{"type":"Polygon","coordinates":[[[120.8711802,17.1190264],[120.8711843,17.1189021],[120.8712453,17.118906],[120.8712493,17.1190498],[120.8711802,17.1190264]]]}},{"type":"Feature","properties":{"barangay_slug":"agawa","barangay_name":"Agawa","osm_id":"w647794389","osm_type":"way","building":"yes","name":null,"addr":null,"area_m2":112},"geometry":{"type":"Polygon","coordinates":[[[120.8705338,17.1187273],[120.8704444,17.1186301],[120.8705216,17.1185796],[120.8705785,17.1186962],[120.8705338,17.1187273]]]}},{"type":"Feature","properties":{"barangay_slug":"agawa","barangay_name":"Agawa","osm_id":"w647794390","osm_type":"way","building":"yes","name":null,"addr":null,"area_m2":53},"geometry":{"type":"Polygon","coordinates":[[[120.8705948,17.1184281],[120.870546,17.1184631],[120.8705176,17.1184164],[120.8705623,17.1183504],[120.8705948,17.1184281]]]}},{"type":"Feature","properties":{"barangay_slug":"agawa","barangay_name":"Agawa","osm_id":"w647794391","osm_type":"way","building":"yes","name":null,"addr":null,"area_m2":75},"geometry":{"type":"Polygon","coordinates":[[[120.8704241,17.1183698],[120.8704485,17.1183154],[120.8705338,17.1183465],[120.8705176,17.1184164],[120.8704241,17.1183698]]]}},{"type":"Feature","properties":{"barangay_slug":"agawa","barangay_name":"Agawa","osm_id":"w647794392","osm_type":"way","building":"yes","name":null,"addr":null,"area_m2":66},"geometry":{"type":"Polygon","coordinates":[[[120.8715055,17.118533],[120.8714201,17.1184903],[120.8714323,17.1184436],[120.8715299,17.1184708],[120.8715055,17.118533]]]}},{"type":"Feature","properties":{"barangay_slug":"agawa","barangay_name":"Agawa","osm_id":"w647794395","osm_type":"way","building":"yes","name":null,"addr":null,"area_m2":83},"geometry":{"type":"Polygon","coordinates":[[[120.8707737,17.1188788],[120.8707823,17.1187756],[120.8708509,17.118805],[120.8708349,17.1189082],[120.8707737,17.1188788]]]}},{"type":"Feature","properties":{"barangay_slug":"agawa","barangay_name":"Agawa","osm_id":"w647794396","osm_type":"way","building":"yes","name":null,"addr":null,"area_m2":34},"geometry":{"type":"Polygon","coordinates":[[[120.8699417,17.1182067],[120.8699525,17.1181328],[120.8699931,17.1181561],[120.8699849,17.1182124],[120.8699417,17.1182067]]]}},{"type":"Feature","properties":{"barangay_slug":"tamboan","barangay_name":"Tamboan","osm_id":"w648494567","osm_type":"way","building":"yes","name":null,"addr":null,"area_m2":24},"geometry":{"type":"Polygon","coordinates":[[[120.8002921,17.1402148],[120.8003211,17.1402425],[120.8003581,17.1402071],[120.8003291,17.1401794],[120.8002921,17.1402148]]]}},{"type":"Feature","properties":{"barangay_slug":"agawa","barangay_name":"Agawa","osm_id":"w788140892","osm_type":"way","building":"school","name":null,"addr":null,"area_m2":189},"geometry":{"type":"Polygon","coordinates":[[[120.8668157,17.1122484],[120.8669418,17.112315],[120.8669979,17.1122181],[120.8668718,17.1121515],[120.8668157,17.1122484]]]}},{"type":"Feature","properties":{"barangay_slug":"agawa","barangay_name":"Agawa","osm_id":"w788140893","osm_type":"way","building":"school","name":null,"addr":null,"area_m2":229},"geometry":{"type":"Polygon","coordinates":[[[120.8669825,17.1121965],[120.8671041,17.1120267],[120.8670263,17.1119758],[120.8669047,17.1121456],[120.8669825,17.1121965]]]}},{"type":"Feature","properties":{"barangay_slug":"agawa","barangay_name":"Agawa","osm_id":"w788140894","osm_type":"way","building":"roof","name":null,"addr":null,"area_m2":626},"geometry":{"type":"Polygon","coordinates":[[[120.8668992,17.1125975],[120.8668617,17.1123181],[120.8666751,17.112341],[120.8667126,17.1126204],[120.8668992,17.1125975]]]}},{"type":"Feature","properties":{"barangay_slug":"agawa","barangay_name":"Agawa","osm_id":"w788140895","osm_type":"way","building":"school","name":null,"addr":null,"area_m2":428},"geometry":{"type":"Polygon","coordinates":[[[120.8663276,17.1126034],[120.8666763,17.1126444],[120.8666895,17.1125421],[120.8663408,17.1125011],[120.8663276,17.1126034]]]}},{"type":"Feature","properties":{"barangay_slug":"gueday","barangay_name":"Gueday","osm_id":"w793427849","osm_type":"way","building":"yes","name":null,"addr":null,"area_m2":18},"geometry":{"type":"Polygon","coordinates":[[[120.8825321,17.1879078],[120.8825804,17.1879091],[120.8825813,17.1878784],[120.882533,17.1878771],[120.8825321,17.1879078]]]}},{"type":"Feature","properties":{"barangay_slug":"kin-iway","barangay_name":"Kin-iway (Pob.)","osm_id":"w825186455","osm_type":"way","building":"yes","name":null,"addr":null,"area_m2":142},"geometry":{"type":"Polygon","coordinates":[[[120.8559818,17.0953239],[120.8560786,17.0953202],[120.8560735,17.0951966],[120.8559766,17.0952003],[120.8559818,17.0953239]]]}},{"type":"Feature","properties":{"barangay_slug":"kin-iway","barangay_name":"Kin-iway (Pob.)","osm_id":"w825186456","osm_type":"way","building":"yes","name":"Besao Municipal Hall","addr":null,"area_m2":158},"geometry":{"type":"Polygon","coordinates":[[[120.8561618,17.0953009],[120.8561815,17.0953006],[120.8561802,17.0952288],[120.8561607,17.0952291],[120.8561601,17.0951903],[120.8560836,17.0951915],[120.8560863,17.0953486],[120.8561626,17.0953474],[120.8561618,17.0953009]]]}},{"type":"Feature","properties":{"barangay_slug":"gueday","barangay_name":"Gueday","osm_id":"w825186467","osm_type":"way","building":"yes","name":null,"addr":null,"area_m2":20},"geometry":{"type":"Polygon","coordinates":[[[120.8680177,17.1193237],[120.8680586,17.119324],[120.8680589,17.1192833],[120.868018,17.119283],[120.8680177,17.1193237]]]}},{"type":"Feature","properties":{"barangay_slug":"tamboan","barangay_name":"Tamboan","osm_id":"w825186469","osm_type":"way","building":"school","name":null,"addr":null,"area_m2":66},"geometry":{"type":"Polygon","coordinates":[[[120.8008455,17.1077219],[120.8009057,17.1077396],[120.8009331,17.1076544],[120.800873,17.1076366],[120.8008455,17.1077219]]]}},{"type":"Feature","properties":{"barangay_slug":"tamboan","barangay_name":"Tamboan","osm_id":"w825186470","osm_type":"way","building":"school","name":null,"addr":null,"area_m2":360},"geometry":{"type":"Polygon","coordinates":[[[120.8008575,17.1078641],[120.8011432,17.1079411],[120.8011723,17.1078423],[120.8008866,17.1077653],[120.8008575,17.1078641]]]}},{"type":"Feature","properties":{"barangay_slug":"tamboan","barangay_name":"Tamboan","osm_id":"w825186471","osm_type":"way","building":"school","name":null,"addr":null,"area_m2":268},"geometry":{"type":"Polygon","coordinates":[[[120.8009689,17.1075969],[120.8011195,17.1077029],[120.8011946,17.1076055],[120.801044,17.1074994],[120.8009689,17.1075969]]]}},{"type":"Feature","properties":{"barangay_slug":"agawa","barangay_name":"Agawa","osm_id":"w825186478","osm_type":"way","building":"yes","name":null,"addr":null,"area_m2":72},"geometry":{"type":"Polygon","coordinates":[[[120.8670893,17.1122009],[120.8671497,17.1122345],[120.8671953,17.1121595],[120.8671349,17.112126],[120.8670893,17.1122009]]]}},{"type":"Feature","properties":{"barangay_slug":"agawa","barangay_name":"Agawa","osm_id":"w825186479","osm_type":"way","building":"school","name":null,"addr":null,"area_m2":49},"geometry":{"type":"Polygon","coordinates":[[[120.8737392,17.119324],[120.8737927,17.1192963],[120.8737585,17.119236],[120.873705,17.1192638],[120.8737392,17.119324]]]}},{"type":"Feature","properties":{"barangay_slug":"agawa","barangay_name":"Agawa","osm_id":"w825186480","osm_type":"way","building":"school","name":null,"addr":null,"area_m2":47},"geometry":{"type":"Polygon","coordinates":[[[120.8733621,17.1195398],[120.873427,17.1195369],[120.873424,17.1194754],[120.8733591,17.1194783],[120.8733621,17.1195398]]]}},{"type":"Feature","properties":{"barangay_slug":"agawa","barangay_name":"Agawa","osm_id":"w825186481","osm_type":"way","building":"school","name":null,"addr":null,"area_m2":98},"geometry":{"type":"Polygon","coordinates":[[[120.8735427,17.1192119],[120.8736728,17.1192247],[120.8736797,17.1191614],[120.8735496,17.1191486],[120.8735427,17.1192119]]]}},{"type":"Feature","properties":{"barangay_slug":"agawa","barangay_name":"Agawa","osm_id":"w825186482","osm_type":"way","building":"school","name":null,"addr":null,"area_m2":202},"geometry":{"type":"Polygon","coordinates":[[[120.8734448,17.1193413],[120.8736353,17.1193471],[120.8736383,17.1192546],[120.8734674,17.1192494],[120.8734665,17.1192758],[120.873447,17.1192753],[120.8734448,17.1193413]]]}},{"type":"Feature","properties":{"barangay_slug":"gueday","barangay_name":"Gueday","osm_id":"w825186483","osm_type":"way","building":"yes","name":null,"addr":null,"area_m2":99},"geometry":{"type":"Polygon","coordinates":[[[120.8680636,17.1194272],[120.8681776,17.1194734],[120.8682052,17.1194111],[120.8680912,17.119365],[120.8680636,17.1194272]]]}},{"type":"Feature","properties":{"barangay_slug":"gueday","barangay_name":"Gueday","osm_id":"w825186484","osm_type":"way","building":"yes","name":null,"addr":null,"area_m2":38},"geometry":{"type":"Polygon","coordinates":[[[120.8686095,17.119797],[120.8686571,17.1197974],[120.8686578,17.1197308],[120.8686101,17.1197303],[120.8686095,17.119797]]]}},{"type":"Feature","properties":{"barangay_slug":"gueday","barangay_name":"Gueday","osm_id":"w825186485","osm_type":"way","building":"yes","name":null,"addr":null,"area_m2":40},"geometry":{"type":"Polygon","coordinates":[[[120.8686068,17.1197201],[120.8686759,17.1196752],[120.8686523,17.1196421],[120.8685832,17.119687],[120.8686068,17.1197201]]]}},{"type":"Feature","properties":{"barangay_slug":"gueday","barangay_name":"Gueday","osm_id":"w825186486","osm_type":"way","building":"yes","name":null,"addr":null,"area_m2":121},"geometry":{"type":"Polygon","coordinates":[[[120.8684276,17.1196832],[120.8685612,17.1198026],[120.8686012,17.1197617],[120.8684676,17.1196423],[120.8684276,17.1196832]]]}},{"type":"Feature","properties":{"barangay_slug":"banguitan","barangay_name":"Banguitan","osm_id":"w825195392","osm_type":"way","building":"school","name":null,"addr":null,"area_m2":178},"geometry":{"type":"Polygon","coordinates":[[[120.8546331,17.076391],[120.8548169,17.0763871],[120.854815,17.0763051],[120.8546313,17.0763089],[120.8546331,17.076391]]]}},{"type":"Feature","properties":{"barangay_slug":"banguitan","barangay_name":"Banguitan","osm_id":"w825195393","osm_type":"way","building":"school","name":null,"addr":null,"area_m2":278},"geometry":{"type":"Polygon","coordinates":[[[120.8548384,17.0764012],[120.8550355,17.0764961],[120.8550857,17.0764008],[120.8548885,17.076306],[120.8548384,17.0764012]]]}},{"type":"Feature","properties":{"barangay_slug":"banguitan","barangay_name":"Banguitan","osm_id":"w825195396","osm_type":"way","building":"school","name":null,"addr":null,"area_m2":64},"geometry":{"type":"Polygon","coordinates":[[[120.8539479,17.0753974],[120.8540386,17.0754191],[120.8540533,17.0753627],[120.8539626,17.075341],[120.8539479,17.0753974]]]}},{"type":"Feature","properties":{"barangay_slug":"banguitan","barangay_name":"Banguitan","osm_id":"w825195397","osm_type":"way","building":"school","name":null,"addr":null,"area_m2":229},"geometry":{"type":"Polygon","coordinates":[[[120.8539563,17.0758328],[120.8540396,17.0758578],[120.8541094,17.0756457],[120.8540262,17.0756207],[120.8539563,17.0758328]]]}},{"type":"Feature","properties":{"barangay_slug":"lacmaan","barangay_name":"Lacmaan","osm_id":"w825195404","osm_type":"way","building":"yes","name":null,"addr":null,"area_m2":324},"geometry":{"type":"Polygon","coordinates":[[[120.8735896,17.1037552],[120.8736996,17.1037131],[120.8736096,17.1034983],[120.8734996,17.1035404],[120.8735896,17.1037552]]]}},{"type":"Feature","properties":{"barangay_slug":"besao-east","barangay_name":"Besao East (Besao Proper)","osm_id":"w825195409","osm_type":"way","building":"school","name":null,"addr":null,"area_m2":567},"geometry":{"type":"Polygon","coordinates":[[[120.867898,17.0854492],[120.8681649,17.0853839],[120.8681196,17.0852151],[120.8678528,17.0852805],[120.867898,17.0854492]]]}},{"type":"Feature","properties":{"barangay_slug":"payeo","barangay_name":"Payeo","osm_id":"w825195410","osm_type":"way","building":"yes","name":null,"addr":null,"area_m2":81},"geometry":{"type":"Polygon","coordinates":[[[120.8598132,17.0883714],[120.8598883,17.0884073],[120.8599265,17.0883342],[120.8598514,17.0882983],[120.8598132,17.0883714]]]}},{"type":"Feature","properties":{"barangay_slug":"payeo","barangay_name":"Payeo","osm_id":"w825195411","osm_type":"way","building":"school","name":null,"addr":null,"area_m2":41},"geometry":{"type":"Polygon","coordinates":[[[120.8598146,17.0886142],[120.859856,17.0886462],[120.8598988,17.0885956],[120.8598575,17.0885636],[120.8598146,17.0886142]]]}},{"type":"Feature","properties":{"barangay_slug":"payeo","barangay_name":"Payeo","osm_id":"w825195412","osm_type":"way","building":"school","name":null,"addr":null,"area_m2":82},"geometry":{"type":"Polygon","coordinates":[[[120.8599299,17.0885401],[120.8600107,17.0885912],[120.8600521,17.0885313],[120.8599713,17.0884803],[120.8599299,17.0885401]]]}},{"type":"Feature","properties":{"barangay_slug":"payeo","barangay_name":"Payeo","osm_id":"w825195413","osm_type":"way","building":"school","name":null,"addr":null,"area_m2":202},"geometry":{"type":"Polygon","coordinates":[[[120.8598326,17.0887053],[120.859909,17.0887633],[120.860023,17.0886261],[120.8599466,17.0885681],[120.8598326,17.0887053]]]}},{"type":"Feature","properties":{"barangay_slug":"payeo","barangay_name":"Payeo","osm_id":"w825195416","osm_type":"way","building":"yes","name":null,"addr":null,"area_m2":186},"geometry":{"type":"Polygon","coordinates":[[[120.858859,17.0898974],[120.8589289,17.0899562],[120.8590456,17.0898293],[120.8589756,17.0897705],[120.858859,17.0898974]]]}},{"type":"Feature","properties":{"barangay_slug":"catengan","barangay_name":"Catengan","osm_id":"w825200658","osm_type":"way","building":"yes","name":null,"addr":null,"area_m2":94},"geometry":{"type":"Polygon","coordinates":[[[120.8052584,17.084598],[120.8053434,17.0845623],[120.8053072,17.0844835],[120.8052222,17.0845192],[120.8052584,17.084598]]]}},{"type":"Feature","properties":{"barangay_slug":"catengan","barangay_name":"Catengan","osm_id":"w825200659","osm_type":"way","building":"yes","name":null,"addr":null,"area_m2":129},"geometry":{"type":"Polygon","coordinates":[[[120.8052746,17.0846932],[120.8053878,17.0846451],[120.8053505,17.0845649],[120.8052373,17.084613],[120.8052746,17.0846932]]]}},{"type":"Feature","properties":{"barangay_slug":"catengan","barangay_name":"Catengan","osm_id":"w825200660","osm_type":"way","building":"yes","name":null,"addr":null,"area_m2":177},"geometry":{"type":"Polygon","coordinates":[[[120.8051583,17.0845293],[120.8053085,17.0844729],[120.8052731,17.0843866],[120.8051229,17.084443],[120.8051583,17.0845293]]]}},{"type":"Feature","properties":{"barangay_slug":"catengan","barangay_name":"Catengan","osm_id":"w825200661","osm_type":"way","building":"yes","name":null,"addr":null,"area_m2":213},"geometry":{"type":"Polygon","coordinates":[[[120.8049613,17.0846019],[120.8051544,17.0845262],[120.8051201,17.0844461],[120.804927,17.0845218],[120.8049613,17.0846019]]]}},{"type":"Feature","properties":{"barangay_slug":"catengan","barangay_name":"Catengan","osm_id":"w825200662","osm_type":"way","building":"yes","name":null,"addr":null,"area_m2":484},"geometry":{"type":"Polygon","coordinates":[[[120.8050082,17.0847592],[120.8052561,17.0846636],[120.8051962,17.0845215],[120.8049482,17.0846172],[120.8050082,17.0847592]]]}},{"type":"Feature","properties":{"barangay_slug":"banguitan","barangay_name":"Banguitan","osm_id":"w825200669","osm_type":"way","building":"school","name":null,"addr":null,"area_m2":112},"geometry":{"type":"Polygon","coordinates":[[[120.854711,17.0762973],[120.8548089,17.0762358],[120.8547622,17.0761679],[120.8546643,17.0762295],[120.854711,17.0762973]]]}},{"type":"Feature","properties":{"barangay_slug":"laylaya","barangay_name":"Laylaya","osm_id":"w825205412","osm_type":"way","building":"yes","name":null,"addr":null,"area_m2":192},"geometry":{"type":"Polygon","coordinates":[[[120.7907778,17.0930137],[120.7908694,17.0930175],[120.7908775,17.0928406],[120.7907858,17.0928368],[120.7907778,17.0930137]]]}},{"type":"Feature","properties":{"barangay_slug":"laylaya","barangay_name":"Laylaya","osm_id":"w825205425","osm_type":"way","building":"roof","name":null,"addr":null,"area_m2":622},"geometry":{"type":"Polygon","coordinates":[[[120.7886656,17.0934918],[120.7888386,17.0935411],[120.7889258,17.0932617],[120.7887527,17.0932124],[120.7886656,17.0934918]]]}},{"type":"Feature","properties":{"barangay_slug":"laylaya","barangay_name":"Laylaya","osm_id":"w825205426","osm_type":"way","building":"yes","name":null,"addr":null,"area_m2":204},"geometry":{"type":"Polygon","coordinates":[[[120.7888801,17.0939789],[120.7890665,17.0938763],[120.7890247,17.0938068],[120.7888382,17.0939093],[120.7888801,17.0939789]]]}},{"type":"Feature","properties":{"barangay_slug":"laylaya","barangay_name":"Laylaya","osm_id":"w825205433","osm_type":"way","building":"school","name":null,"addr":null,"area_m2":232},"geometry":{"type":"Polygon","coordinates":[[[120.7884322,17.0949179],[120.7885112,17.0949648],[120.7886279,17.0947853],[120.7885489,17.0947384],[120.7884322,17.0949179]]]}},{"type":"Feature","properties":{"barangay_slug":"laylaya","barangay_name":"Laylaya","osm_id":"w825205434","osm_type":"way","building":"yes","name":null,"addr":null,"area_m2":355},"geometry":{"type":"Polygon","coordinates":[[[120.7885596,17.0956159],[120.7886621,17.0956259],[120.788693,17.0953362],[120.7885904,17.0953262],[120.7885596,17.0956159]]]}},{"type":"Feature","properties":{"barangay_slug":"laylaya","barangay_name":"Laylaya","osm_id":"w851404581","osm_type":"way","building":"school","name":null,"addr":null,"area_m2":43},"geometry":{"type":"Polygon","coordinates":[[[120.7889844,17.0927583],[120.7889462,17.0927217],[120.7889965,17.0926737],[120.7890347,17.0927102],[120.7889844,17.0927583]]]}},{"type":"Feature","properties":{"barangay_slug":"tamboan","barangay_name":"Tamboan","osm_id":"w851408698","osm_type":"way","building":"school","name":null,"addr":null,"area_m2":222},"geometry":{"type":"Polygon","coordinates":[[[120.8024073,17.1132653],[120.8023917,17.1131804],[120.8021771,17.1132165],[120.8021927,17.1133014],[120.8024073,17.1132653]]]}},{"type":"Feature","properties":{"barangay_slug":"tamboan","barangay_name":"Tamboan","osm_id":"w851408699","osm_type":"way","building":"school","name":null,"addr":null,"area_m2":220},"geometry":{"type":"Polygon","coordinates":[[[120.8021466,17.1137156],[120.8020975,17.1135233],[120.8021891,17.113502],[120.8022381,17.1136942],[120.8021466,17.1137156]]]}},{"type":"Feature","properties":{"barangay_slug":"tamboan","barangay_name":"Tamboan","osm_id":"w851408700","osm_type":"way","building":"school","name":null,"addr":null,"area_m2":327},"geometry":{"type":"Polygon","coordinates":[[[120.802271,17.1139633],[120.8021646,17.1137402],[120.8022675,17.1136954],[120.8023738,17.1139185],[120.802271,17.1139633]]]}},{"type":"Feature","properties":{"barangay_slug":"tamboan","barangay_name":"Tamboan","osm_id":"w851408701","osm_type":"way","building":"school","name":null,"addr":null,"area_m2":82},"geometry":{"type":"Polygon","coordinates":[[[120.8024079,17.1140624],[120.8024574,17.1139939],[120.8025262,17.1140392],[120.8024767,17.1141077],[120.8024079,17.1140624]]]}},{"type":"Feature","properties":{"barangay_slug":"tamboan","barangay_name":"Tamboan","osm_id":"w851408702","osm_type":"way","building":"school","name":null,"addr":null,"area_m2":111},"geometry":{"type":"Polygon","coordinates":[[[120.8023312,17.1140428],[120.8022894,17.1139755],[120.8023923,17.1139171],[120.8024341,17.1139845],[120.8023312,17.1140428]]]}},{"type":"Feature","properties":{"barangay_slug":"tamboan","barangay_name":"Tamboan","osm_id":"w851408703","osm_type":"way","building":"school","name":null,"addr":null,"area_m2":68},"geometry":{"type":"Polygon","coordinates":[[[120.8023103,17.1140507],[120.8022443,17.1140846],[120.8022064,17.1140172],[120.8022723,17.1139833],[120.8023103,17.1140507]]]}},{"type":"Feature","properties":{"barangay_slug":"tamboan","barangay_name":"Tamboan","osm_id":"w851408704","osm_type":"way","building":"school","name":null,"addr":null,"area_m2":82},"geometry":{"type":"Polygon","coordinates":[[[120.8012718,17.107902],[120.8012289,17.1078229],[120.8012977,17.1077889],[120.8013406,17.107868],[120.8012718,17.107902]]]}},{"type":"Feature","properties":{"barangay_slug":"tamboan","barangay_name":"Tamboan","osm_id":"w851408705","osm_type":"way","building":"school","name":null,"addr":null,"area_m2":70},"geometry":{"type":"Polygon","coordinates":[[[120.8007235,17.1078351],[120.8007152,17.1077686],[120.8008025,17.1077586],[120.8008108,17.1078251],[120.8007235,17.1078351]]]}},{"type":"Feature","properties":{"barangay_slug":"tamboan","barangay_name":"Tamboan","osm_id":"w851408916","osm_type":"way","building":"school","name":null,"addr":null,"area_m2":48},"geometry":{"type":"Polygon","coordinates":[[[120.7978597,17.1197237],[120.7978143,17.1197546],[120.7977702,17.1196953],[120.7978155,17.1196645],[120.7978597,17.1197237]]]}},{"type":"Feature","properties":{"barangay_slug":"tamboan","barangay_name":"Tamboan","osm_id":"w851408917","osm_type":"way","building":"school","name":null,"addr":null,"area_m2":21},"geometry":{"type":"Polygon","coordinates":[[[120.7979485,17.1199309],[120.7979178,17.1199074],[120.7979469,17.1198727],[120.7979776,17.1198961],[120.7979485,17.1199309]]]}},{"type":"Feature","properties":{"barangay_slug":"gueday","barangay_name":"Gueday","osm_id":"w851983584","osm_type":"way","building":"school","name":null,"addr":null,"area_m2":15},"geometry":{"type":"Polygon","coordinates":[[[120.8683116,17.1191726],[120.8683119,17.1191425],[120.8683548,17.1191429],[120.8683545,17.119173],[120.8683116,17.1191726]]]}},{"type":"Feature","properties":{"barangay_slug":"gueday","barangay_name":"Gueday","osm_id":"w851983585","osm_type":"way","building":"school","name":null,"addr":null,"area_m2":38},"geometry":{"type":"Polygon","coordinates":[[[120.8682866,17.1192475],[120.868286,17.119193],[120.8683456,17.1191923],[120.8683462,17.1192468],[120.8682866,17.1192475]]]}},{"type":"Feature","properties":{"barangay_slug":"gueday","barangay_name":"Gueday","osm_id":"w851983586","osm_type":"way","building":"school","name":null,"addr":null,"area_m2":258},"geometry":{"type":"Polygon","coordinates":[[[120.8683058,17.1193836],[120.8683083,17.119272],[120.8685041,17.1192761],[120.8685016,17.1193876],[120.8683058,17.1193836]]]}},{"type":"Feature","properties":{"barangay_slug":"catengan","barangay_name":"Catengan","osm_id":"w852309266","osm_type":"way","building":"school","name":null,"addr":null,"area_m2":92},"geometry":{"type":"Polygon","coordinates":[[[120.8276875,17.0888769],[120.8276316,17.0888231],[120.8275586,17.0888925],[120.8276145,17.0889462],[120.8276875,17.0888769]]]}},{"type":"Feature","properties":{"barangay_slug":"catengan","barangay_name":"Catengan","osm_id":"w852309267","osm_type":"way","building":"school","name":null,"addr":null,"area_m2":66},"geometry":{"type":"Polygon","coordinates":[[[120.8277516,17.0885784],[120.8277974,17.088508],[120.8278544,17.0885418],[120.8278087,17.0886122],[120.8277516,17.0885784]]]}},{"type":"Feature","properties":{"barangay_slug":"catengan","barangay_name":"Catengan","osm_id":"w852309268","osm_type":"way","building":"school","name":null,"addr":null,"area_m2":140},"geometry":{"type":"Polygon","coordinates":[[[120.8280189,17.0886741],[120.8279207,17.0885308],[120.8279788,17.0884945],[120.8280769,17.0886377],[120.8280189,17.0886741]]]}},{"type":"Feature","properties":{"barangay_slug":"catengan","barangay_name":"Catengan","osm_id":"w852309269","osm_type":"way","building":"school","name":null,"addr":null,"area_m2":169},"geometry":{"type":"Polygon","coordinates":[[[120.8278598,17.0888241],[120.8278227,17.0887574],[120.8279903,17.0886723],[120.8280274,17.088739],[120.8278598,17.0888241]]]}},{"type":"Feature","properties":{"barangay_slug":"catengan","barangay_name":"Catengan","osm_id":"w852309270","osm_type":"way","building":"school","name":null,"addr":null,"area_m2":144},"geometry":{"type":"Polygon","coordinates":[[[120.8277223,17.0888655],[120.8276541,17.0888234],[120.8277389,17.0886976],[120.8278071,17.0887396],[120.8277223,17.0888655]]]}},{"type":"Feature","properties":{"barangay_slug":"agawa","barangay_name":"Agawa","osm_id":"w852309407","osm_type":"way","building":"school","name":null,"addr":null,"area_m2":82},"geometry":{"type":"Polygon","coordinates":[[[120.8661191,17.1124512],[120.866131,17.1123844],[120.8662323,17.1124009],[120.8662204,17.1124677],[120.8661191,17.1124512]]]}},{"type":"Feature","properties":{"barangay_slug":"lacmaan","barangay_name":"Lacmaan","osm_id":"w852971641","osm_type":"way","building":"school","name":null,"addr":null,"area_m2":33},"geometry":{"type":"Polygon","coordinates":[[[120.871856,17.1065149],[120.8718496,17.1064631],[120.8719034,17.106457],[120.8719098,17.1065088],[120.871856,17.1065149]]]}},{"type":"Feature","properties":{"barangay_slug":"lacmaan","barangay_name":"Lacmaan","osm_id":"w852971642","osm_type":"way","building":"school","name":null,"addr":null,"area_m2":134},"geometry":{"type":"Polygon","coordinates":[[[120.8717077,17.1065395],[120.8716949,17.1064311],[120.8717984,17.1064199],[120.8718112,17.1065283],[120.8717077,17.1065395]]]}},{"type":"Feature","properties":{"barangay_slug":"kin-iway","barangay_name":"Kin-iway (Pob.)","osm_id":"w853414693","osm_type":"way","building":"school","name":null,"addr":null,"area_m2":69},"geometry":{"type":"Polygon","coordinates":[[[120.8570206,17.0947476],[120.8569785,17.0946795],[120.8570422,17.0946435],[120.8570842,17.0947117],[120.8570206,17.0947476]]]}},{"type":"Feature","properties":{"barangay_slug":"kin-iway","barangay_name":"Kin-iway (Pob.)","osm_id":"w853414695","osm_type":"way","building":"school","name":null,"addr":null,"area_m2":31},"geometry":{"type":"Polygon","coordinates":[[[120.8567321,17.0948756],[120.8567231,17.0948211],[120.8567697,17.094814],[120.8567787,17.0948685],[120.8567321,17.0948756]]]}},{"type":"Feature","properties":{"barangay_slug":"kin-iway","barangay_name":"Kin-iway (Pob.)","osm_id":"w853414696","osm_type":"way","building":"school","name":null,"addr":null,"area_m2":76},"geometry":{"type":"Polygon","coordinates":[[[120.8566321,17.0949268],[120.8566127,17.0948587],[120.8567001,17.0948359],[120.8567195,17.094904],[120.8566321,17.0949268]]]}},{"type":"Feature","properties":{"barangay_slug":"suquib","barangay_name":"Suquib","osm_id":"w853416533","osm_type":"way","building":"school","name":null,"addr":null,"area_m2":117},"geometry":{"type":"Polygon","coordinates":[[[120.8715859,17.0829176],[120.8714969,17.0828453],[120.8715544,17.0827807],[120.8716433,17.082853],[120.8715859,17.0829176]]]}},{"type":"Feature","properties":{"barangay_slug":"suquib","barangay_name":"Suquib","osm_id":"w853416534","osm_type":"way","building":"school","name":null,"addr":null,"area_m2":94},"geometry":{"type":"Polygon","coordinates":[[[120.8717504,17.0830253],[120.8716629,17.0829704],[120.8717064,17.082907],[120.8717939,17.0829619],[120.8717504,17.0830253]]]}},{"type":"Feature","properties":{"barangay_slug":"catengan","barangay_name":"Catengan","osm_id":"w949027440","osm_type":"way","building":"yes","name":null,"addr":null,"area_m2":38},"geometry":{"type":"Polygon","coordinates":[[[120.8274325,17.088225],[120.8274694,17.0882522],[120.827456,17.0882634],[120.8274644,17.0882842],[120.8273973,17.0882794],[120.8273739,17.0882682],[120.8274325,17.088225]]]}},{"type":"Feature","properties":{"barangay_slug":"catengan","barangay_name":"Catengan","osm_id":"w949027441","osm_type":"way","building":"yes","name":null,"addr":null,"area_m2":56},"geometry":{"type":"Polygon","coordinates":[[[120.8273605,17.0882634],[120.8274007,17.0882009],[120.8273923,17.0881769],[120.8273705,17.0881673],[120.8273588,17.0881625],[120.8273135,17.0882362],[120.8273605,17.0882634]]]}},{"type":"Feature","properties":{"barangay_slug":"catengan","barangay_name":"Catengan","osm_id":"w949027442","osm_type":"way","building":"yes","name":null,"addr":null,"area_m2":55},"geometry":{"type":"Polygon","coordinates":[[[120.8271392,17.0878147],[120.8271358,17.0878788],[120.8270553,17.0878692],[120.827052,17.0878228],[120.8271392,17.0878147]]]}},{"type":"Feature","properties":{"barangay_slug":"catengan","barangay_name":"Catengan","osm_id":"w949027443","osm_type":"way","building":"yes","name":null,"addr":null,"area_m2":62},"geometry":{"type":"Polygon","coordinates":[[[120.8269883,17.0876817],[120.8269833,17.0877458],[120.8268978,17.0877458],[120.8269095,17.0876817],[120.8269883,17.0876817]]]}},{"type":"Feature","properties":{"barangay_slug":"catengan","barangay_name":"Catengan","osm_id":"w949027444","osm_type":"way","building":"yes","name":null,"addr":null,"area_m2":59},"geometry":{"type":"Polygon","coordinates":[[[120.8273051,17.0874318],[120.8273336,17.0874943],[120.8272716,17.0875231],[120.827233,17.0874686],[120.8273051,17.0874318]]]}},{"type":"Feature","properties":{"barangay_slug":"catengan","barangay_name":"Catengan","osm_id":"w949027445","osm_type":"way","building":"yes","name":null,"addr":null,"area_m2":111},"geometry":{"type":"Polygon","coordinates":[[[120.827451,17.0872267],[120.8275348,17.0871994],[120.8275096,17.0870985],[120.8274292,17.0871097],[120.827451,17.0872267]]]}},{"type":"Feature","properties":{"barangay_slug":"catengan","barangay_name":"Catengan","osm_id":"w949027446","osm_type":"way","building":"yes","name":null,"addr":null,"area_m2":42},"geometry":{"type":"Polygon","coordinates":[[[120.8272129,17.0873128],[120.8272523,17.087292],[120.8272171,17.0872271],[120.827171,17.0872512],[120.8272129,17.0873128]]]}},{"type":"Feature","properties":{"barangay_slug":"catengan","barangay_name":"Catengan","osm_id":"w949027447","osm_type":"way","building":"yes","name":null,"addr":null,"area_m2":33},"geometry":{"type":"Polygon","coordinates":[[[120.8273144,17.0872103],[120.8273755,17.0871839],[120.8273814,17.0871558],[120.8272875,17.087171],[120.8273144,17.0872103]]]}},{"type":"Feature","properties":{"barangay_slug":"catengan","barangay_name":"Catengan","osm_id":"w949027448","osm_type":"way","building":"yes","name":null,"addr":null,"area_m2":73},"geometry":{"type":"Polygon","coordinates":[[[120.8271149,17.0873898],[120.827197,17.0873537],[120.8271643,17.0872928],[120.8270872,17.0873193],[120.8271149,17.0873898]]]}},{"type":"Feature","properties":{"barangay_slug":"catengan","barangay_name":"Catengan","osm_id":"w949027449","osm_type":"way","building":"yes","name":null,"addr":null,"area_m2":83},"geometry":{"type":"Polygon","coordinates":[[[120.8271283,17.0872528],[120.8271107,17.0872968],[120.8270503,17.0873473],[120.8270168,17.0873112],[120.8270922,17.0872159],[120.8271283,17.0872528]]]}},{"type":"Feature","properties":{"barangay_slug":"catengan","barangay_name":"Catengan","osm_id":"w949027450","osm_type":"way","building":"yes","name":null,"addr":null,"area_m2":57},"geometry":{"type":"Polygon","coordinates":[[[120.8269808,17.0873793],[120.8270109,17.0874042],[120.826995,17.087449],[120.8269472,17.0874587],[120.8269506,17.0874402],[120.8269221,17.0874482],[120.826912,17.0874146],[120.8269808,17.0873793]]]}},{"type":"Feature","properties":{"barangay_slug":"tamboan","barangay_name":"Tamboan","osm_id":"w954774505","osm_type":"way","building":"yes","name":null,"addr":null,"area_m2":35},"geometry":{"type":"Polygon","coordinates":[[[120.7958582,17.1215592],[120.795835,17.1215228],[120.7958934,17.1214887],[120.7959167,17.1215251],[120.7958582,17.1215592]]]}},{"type":"Feature","properties":{"barangay_slug":"tamboan","barangay_name":"Tamboan","osm_id":"w954774506","osm_type":"way","building":"yes","name":null,"addr":null,"area_m2":56},"geometry":{"type":"Polygon","coordinates":[[[120.7970755,17.1207237],[120.7971406,17.1207185],[120.7971343,17.1206461],[120.7970691,17.1206512],[120.7970755,17.1207237]]]}},{"type":"Feature","properties":{"barangay_slug":"tamboan","barangay_name":"Tamboan","osm_id":"w954774507","osm_type":"way","building":"yes","name":null,"addr":null,"area_m2":42},"geometry":{"type":"Polygon","coordinates":[[[120.7970731,17.1205978],[120.7971456,17.1205995],[120.7971468,17.1205499],[120.7970744,17.1205482],[120.7970731,17.1205978]]]}},{"type":"Feature","properties":{"barangay_slug":"tamboan","barangay_name":"Tamboan","osm_id":"w954774508","osm_type":"way","building":"yes","name":null,"addr":null,"area_m2":45},"geometry":{"type":"Polygon","coordinates":[[[120.7966518,17.1218698],[120.7966231,17.1218201],[120.7966823,17.1217889],[120.796711,17.1218386],[120.7966518,17.1218698]]]}},{"type":"Feature","properties":{"barangay_slug":"tamboan","barangay_name":"Tamboan","osm_id":"w954774509","osm_type":"way","building":"yes","name":null,"addr":null,"area_m2":56},"geometry":{"type":"Polygon","coordinates":[[[120.796882,17.1225279],[120.7969381,17.1225032],[120.7969045,17.1224335],[120.7968484,17.1224582],[120.796882,17.1225279]]]}},{"type":"Feature","properties":{"barangay_slug":"kin-iway","barangay_name":"Kin-iway (Pob.)","osm_id":"w954789157","osm_type":"way","building":"yes","name":null,"addr":null,"area_m2":65},"geometry":{"type":"Polygon","coordinates":[[[120.8609419,17.0975772],[120.8608694,17.09757],[120.8608716,17.0975498],[120.8608461,17.0975396],[120.8608485,17.0975177],[120.8608883,17.0975216],[120.8608903,17.0975026],[120.8609494,17.0975085],[120.8609419,17.0975772]]]}},{"type":"Feature","properties":{"barangay_slug":"kin-iway","barangay_name":"Kin-iway (Pob.)","osm_id":"w954789158","osm_type":"way","building":"yes","name":null,"addr":null,"area_m2":69},"geometry":{"type":"Polygon","coordinates":[[[120.8610008,17.0974158],[120.86096,17.0974076],[120.8609627,17.0973953],[120.8609162,17.097386],[120.860929,17.0973273],[120.8610164,17.0973448],[120.8610008,17.0974158]]]}},{"type":"Feature","properties":{"barangay_slug":"kin-iway","barangay_name":"Kin-iway (Pob.)","osm_id":"w954789159","osm_type":"way","building":"yes","name":null,"addr":null,"area_m2":118},"geometry":{"type":"Polygon","coordinates":[[[120.861369,17.0976762],[120.8613686,17.0977653],[120.861257,17.0977648],[120.8612574,17.0976757],[120.861369,17.0976762]]]}},{"type":"Feature","properties":{"barangay_slug":"kin-iway","barangay_name":"Kin-iway (Pob.)","osm_id":"w954789160","osm_type":"way","building":"yes","name":null,"addr":null,"area_m2":77},"geometry":{"type":"Polygon","coordinates":[[[120.860986,17.0979718],[120.8610748,17.0979703],[120.8610734,17.0978966],[120.8609846,17.0978981],[120.860986,17.0979718]]]}},{"type":"Feature","properties":{"barangay_slug":"kin-iway","barangay_name":"Kin-iway (Pob.)","osm_id":"w954789161","osm_type":"way","building":"yes","name":null,"addr":null,"area_m2":74},"geometry":{"type":"Polygon","coordinates":[[[120.8600843,17.0973558],[120.8601543,17.0973506],[120.8601471,17.0972612],[120.860077,17.0972664],[120.8600843,17.0973558]]]}},{"type":"Feature","properties":{"barangay_slug":"kin-iway","barangay_name":"Kin-iway (Pob.)","osm_id":"w954789162","osm_type":"way","building":"yes","name":null,"addr":null,"area_m2":104},"geometry":{"type":"Polygon","coordinates":[[[120.859975,17.0973733],[120.8600023,17.0973713],[120.8600011,17.0973561],[120.8600457,17.0973528],[120.8600462,17.0973593],[120.860067,17.0973578],[120.8600593,17.0972631],[120.8599667,17.09727],[120.859975,17.0973733]]]}},{"type":"Feature","properties":{"barangay_slug":"kin-iway","barangay_name":"Kin-iway (Pob.)","osm_id":"w954789163","osm_type":"way","building":"yes","name":null,"addr":null,"area_m2":84},"geometry":{"type":"Polygon","coordinates":[[[120.8602301,17.0973509],[120.8602989,17.0973419],[120.8602845,17.097241],[120.8602157,17.0972499],[120.8602301,17.0973509]]]}},{"type":"Feature","properties":{"barangay_slug":"kin-iway","barangay_name":"Kin-iway (Pob.)","osm_id":"w954789164","osm_type":"way","building":"yes","name":null,"addr":null,"area_m2":64},"geometry":{"type":"Polygon","coordinates":[[[120.8603675,17.0972832],[120.8604393,17.0972739],[120.8604288,17.0971997],[120.8603569,17.0972091],[120.8603675,17.0972832]]]}},{"type":"Feature","properties":{"barangay_slug":"kin-iway","barangay_name":"Kin-iway (Pob.)","osm_id":"w954789401","osm_type":"way","building":"yes","name":null,"addr":null,"area_m2":79},"geometry":{"type":"Polygon","coordinates":[[[120.8604289,17.0974553],[120.8605213,17.0974534],[120.8605196,17.0973812],[120.8604272,17.0973831],[120.8604289,17.0974553]]]}},{"type":"Feature","properties":{"barangay_slug":"kin-iway","barangay_name":"Kin-iway (Pob.)","osm_id":"w954789402","osm_type":"way","building":"yes","name":null,"addr":null,"area_m2":59},"geometry":{"type":"Polygon","coordinates":[[[120.860419,17.0976278],[120.8604879,17.097649],[120.86051,17.0975836],[120.860441,17.0975623],[120.860419,17.0976278]]]}},{"type":"Feature","properties":{"barangay_slug":"kin-iway","barangay_name":"Kin-iway (Pob.)","osm_id":"w954789403","osm_type":"way","building":"yes","name":null,"addr":null,"area_m2":82},"geometry":{"type":"Polygon","coordinates":[[[120.8594963,17.097255],[120.8594217,17.0972694],[120.8594029,17.0971801],[120.8594774,17.0971657],[120.8594963,17.097255]]]}},{"type":"Feature","properties":{"barangay_slug":"kin-iway","barangay_name":"Kin-iway (Pob.)","osm_id":"w954789404","osm_type":"way","building":"yes","name":null,"addr":null,"area_m2":129},"geometry":{"type":"Polygon","coordinates":[[[120.8602732,17.096597],[120.8601828,17.0965616],[120.8602271,17.0964581],[120.8603176,17.0964935],[120.8602732,17.096597]]]}},{"type":"Feature","properties":{"barangay_slug":"kin-iway","barangay_name":"Kin-iway (Pob.)","osm_id":"w954789405","osm_type":"way","building":"yes","name":null,"addr":null,"area_m2":108},"geometry":{"type":"Polygon","coordinates":[[[120.8589171,17.0965489],[120.8588713,17.0964897],[120.8589015,17.0964468],[120.8588876,17.0964289],[120.8589229,17.0964039],[120.8589933,17.096495],[120.8589171,17.0965489]]]}},{"type":"Feature","properties":{"barangay_slug":"kin-iway","barangay_name":"Kin-iway (Pob.)","osm_id":"w954789406","osm_type":"way","building":"yes","name":null,"addr":null,"area_m2":98},"geometry":{"type":"Polygon","coordinates":[[[120.8588113,17.096232],[120.8588336,17.0962118],[120.8588068,17.0961846],[120.8588267,17.0961667],[120.8587653,17.0961045],[120.8587043,17.0961594],[120.8587661,17.0962221],[120.8587849,17.0962052],[120.8588113,17.096232]]]}},{"type":"Feature","properties":{"barangay_slug":"kin-iway","barangay_name":"Kin-iway (Pob.)","osm_id":"w954789407","osm_type":"way","building":"yes","name":null,"addr":null,"area_m2":115},"geometry":{"type":"Polygon","coordinates":[[[120.8587475,17.0966316],[120.8587128,17.0966523],[120.8587032,17.0966376],[120.8586771,17.0966532],[120.8586491,17.0966103],[120.8586415,17.0966149],[120.8586115,17.096569],[120.8586247,17.096561],[120.8586104,17.096539],[120.8586313,17.0965265],[120.8586409,17.0965412],[120.8586751,17.0965207],[120.8587475,17.0966316]]]}},{"type":"Feature","properties":{"barangay_slug":"kin-iway","barangay_name":"Kin-iway (Pob.)","osm_id":"w954789408","osm_type":"way","building":"yes","name":null,"addr":null,"area_m2":71},"geometry":{"type":"Polygon","coordinates":[[[120.8579919,17.0967101],[120.8580602,17.0966814],[120.8580262,17.0966074],[120.8579579,17.0966361],[120.8579919,17.0967101]]]}},{"type":"Feature","properties":{"barangay_slug":"kin-iway","barangay_name":"Kin-iway (Pob.)","osm_id":"w954789409","osm_type":"way","building":"yes","name":null,"addr":null,"area_m2":65},"geometry":{"type":"Polygon","coordinates":[[[120.85808,17.0966708],[120.8581434,17.0966456],[120.8581111,17.0965713],[120.8580477,17.0965965],[120.85808,17.0966708]]]}},{"type":"Feature","properties":{"barangay_slug":"agawa","barangay_name":"Agawa","osm_id":"w958643961","osm_type":"way","building":"yes","name":null,"addr":null,"area_m2":55},"geometry":{"type":"Polygon","coordinates":[[[120.8648509,17.1112816],[120.8648919,17.111345],[120.864945,17.1113136],[120.864904,17.1112503],[120.8648509,17.1112816]]]}},{"type":"Feature","properties":{"barangay_slug":"agawa","barangay_name":"Agawa","osm_id":"w958643962","osm_type":"way","building":"yes","name":null,"addr":null,"area_m2":55},"geometry":{"type":"Polygon","coordinates":[[[120.8645767,17.1111751],[120.8646432,17.111147],[120.8646163,17.1110888],[120.8645498,17.1111169],[120.8645767,17.1111751]]]}},{"type":"Feature","properties":{"barangay_slug":"agawa","barangay_name":"Agawa","osm_id":"w958643963","osm_type":"way","building":"yes","name":null,"addr":null,"area_m2":30},"geometry":{"type":"Polygon","coordinates":[[[120.8647956,17.1112825],[120.8648371,17.1112642],[120.8648126,17.1112134],[120.8647711,17.1112317],[120.8647956,17.1112825]]]}},{"type":"Feature","properties":{"barangay_slug":"agawa","barangay_name":"Agawa","osm_id":"w958643964","osm_type":"way","building":"yes","name":null,"addr":null,"area_m2":24},"geometry":{"type":"Polygon","coordinates":[[[120.8648937,17.1114752],[120.8649294,17.1114909],[120.8649518,17.1114443],[120.8649161,17.1114286],[120.8648937,17.1114752]]]}},{"type":"Feature","properties":{"barangay_slug":"agawa","barangay_name":"Agawa","osm_id":"w958643965","osm_type":"way","building":"yes","name":null,"addr":null,"area_m2":74},"geometry":{"type":"Polygon","coordinates":[[[120.8647479,17.1113653],[120.8647395,17.1113817],[120.8647888,17.1114047],[120.8648236,17.1113368],[120.8647409,17.1112982],[120.8647146,17.1113497],[120.8647479,17.1113653]]]}},{"type":"Feature","properties":{"barangay_slug":"agawa","barangay_name":"Agawa","osm_id":"w958643966","osm_type":"way","building":"yes","name":null,"addr":null,"area_m2":74},"geometry":{"type":"Polygon","coordinates":[[[120.8646381,17.1109387],[120.8646727,17.1109878],[120.8647608,17.1109311],[120.8647262,17.110882],[120.8646381,17.1109387]]]}},{"type":"Feature","properties":{"barangay_slug":"agawa","barangay_name":"Agawa","osm_id":"w958643967","osm_type":"way","building":"yes","name":null,"addr":null,"area_m2":45},"geometry":{"type":"Polygon","coordinates":[[[120.8649567,17.1111997],[120.8650379,17.1112416],[120.8650585,17.1112053],[120.8649772,17.1111634],[120.8649567,17.1111997]]]}},{"type":"Feature","properties":{"barangay_slug":"agawa","barangay_name":"Agawa","osm_id":"w958643968","osm_type":"way","building":"yes","name":null,"addr":null,"area_m2":68},"geometry":{"type":"Polygon","coordinates":[[[120.8650521,17.1110378],[120.865139,17.1111163],[120.8651736,17.1110813],[120.8650867,17.1110028],[120.8650521,17.1110378]]]}},{"type":"Feature","properties":{"barangay_slug":"agawa","barangay_name":"Agawa","osm_id":"w958643969","osm_type":"way","building":"yes","name":null,"addr":null,"area_m2":44},"geometry":{"type":"Polygon","coordinates":[[[120.8648168,17.1111713],[120.8648802,17.1112066],[120.864897,17.1111791],[120.864878,17.1111686],[120.8648925,17.1111448],[120.864848,17.1111201],[120.8648168,17.1111713]]]}},{"type":"Feature","properties":{"barangay_slug":"agawa","barangay_name":"Agawa","osm_id":"w958643970","osm_type":"way","building":"yes","name":null,"addr":null,"area_m2":37},"geometry":{"type":"Polygon","coordinates":[[[120.8650591,17.1112904],[120.8650973,17.1113434],[120.8651371,17.1113171],[120.8650989,17.1112641],[120.8650591,17.1112904]]]}},{"type":"Feature","properties":{"barangay_slug":"agawa","barangay_name":"Agawa","osm_id":"w958644475","osm_type":"way","building":"yes","name":null,"addr":null,"area_m2":65},"geometry":{"type":"Polygon","coordinates":[[[120.8643753,17.111149],[120.8644188,17.1111849],[120.8644838,17.111113],[120.8644403,17.1110771],[120.8643753,17.111149]]]}},{"type":"Feature","properties":{"barangay_slug":"agawa","barangay_name":"Agawa","osm_id":"w958644476","osm_type":"way","building":"yes","name":null,"addr":null,"area_m2":57},"geometry":{"type":"Polygon","coordinates":[[[120.8651486,17.1125292],[120.8652057,17.1125694],[120.8652481,17.1125144],[120.865191,17.1124742],[120.8651486,17.1125292]]]}},{"type":"Feature","properties":{"barangay_slug":"agawa","barangay_name":"Agawa","osm_id":"w958644477","osm_type":"way","building":"yes","name":null,"addr":null,"area_m2":64},"geometry":{"type":"Polygon","coordinates":[[[120.8652022,17.1124638],[120.8652527,17.1125012],[120.8653075,17.1124337],[120.8652571,17.1123963],[120.8652022,17.1124638]]]}},{"type":"Feature","properties":{"barangay_slug":"agawa","barangay_name":"Agawa","osm_id":"w958644478","osm_type":"way","building":"yes","name":null,"addr":null,"area_m2":72},"geometry":{"type":"Polygon","coordinates":[[[120.8652021,17.1121458],[120.8652439,17.1122013],[120.8653164,17.1121514],[120.8652746,17.1120959],[120.8652021,17.1121458]]]}},{"type":"Feature","properties":{"barangay_slug":"agawa","barangay_name":"Agawa","osm_id":"w958644479","osm_type":"way","building":"yes","name":null,"addr":null,"area_m2":83},"geometry":{"type":"Polygon","coordinates":[[[120.8657836,17.1123999],[120.8658533,17.1123739],[120.8658175,17.1122861],[120.8657478,17.112312],[120.8657836,17.1123999]]]}},{"type":"Feature","properties":{"barangay_slug":"agawa","barangay_name":"Agawa","osm_id":"w958644480","osm_type":"way","building":"yes","name":null,"addr":null,"area_m2":101},"geometry":{"type":"Polygon","coordinates":[[[120.8655527,17.1124113],[120.8656204,17.1124093],[120.8656162,17.1122838],[120.8655485,17.1122858],[120.8655527,17.1124113]]]}},{"type":"Feature","properties":{"barangay_slug":"agawa","barangay_name":"Agawa","osm_id":"w958644481","osm_type":"way","building":"yes","name":null,"addr":null,"area_m2":40},"geometry":{"type":"Polygon","coordinates":[[[120.8654431,17.1122079],[120.8654993,17.1122524],[120.86553,17.1122171],[120.8654737,17.1121726],[120.8654431,17.1122079]]]}},{"type":"Feature","properties":{"barangay_slug":"agawa","barangay_name":"Agawa","osm_id":"w958644482","osm_type":"way","building":"yes","name":null,"addr":null,"area_m2":77},"geometry":{"type":"Polygon","coordinates":[[[120.8650162,17.1119252],[120.8651252,17.1119261],[120.8651258,17.1118661],[120.8650168,17.1118651],[120.8650162,17.1119252]]]}},{"type":"Feature","properties":{"barangay_slug":"agawa","barangay_name":"Agawa","osm_id":"w958644483","osm_type":"way","building":"yes","name":null,"addr":null,"area_m2":57},"geometry":{"type":"Polygon","coordinates":[[[120.8651305,17.1118334],[120.8652125,17.1118369],[120.8652153,17.1117783],[120.8651333,17.1117748],[120.8651305,17.1118334]]]}},{"type":"Feature","properties":{"barangay_slug":"agawa","barangay_name":"Agawa","osm_id":"w958644484","osm_type":"way","building":"yes","name":null,"addr":null,"area_m2":45},"geometry":{"type":"Polygon","coordinates":[[[120.8655826,17.112018],[120.8656343,17.1119985],[120.8656078,17.1119345],[120.8655561,17.1119541],[120.8655826,17.112018]]]}},{"type":"Feature","properties":{"barangay_slug":"agawa","barangay_name":"Agawa","osm_id":"w958644485","osm_type":"way","building":"yes","name":null,"addr":null,"area_m2":179},"geometry":{"type":"Polygon","coordinates":[[[120.8646972,17.1117006],[120.8648754,17.1117529],[120.8649003,17.1116753],[120.8647221,17.111623],[120.8646972,17.1117006]]]}},{"type":"Feature","properties":{"barangay_slug":"agawa","barangay_name":"Agawa","osm_id":"w958644486","osm_type":"way","building":"yes","name":null,"addr":null,"area_m2":104},"geometry":{"type":"Polygon","coordinates":[[[120.8648413,17.1106786],[120.8649004,17.1107244],[120.8649767,17.1106348],[120.8649176,17.1105889],[120.8648413,17.1106786]]]}},{"type":"Feature","properties":{"barangay_slug":"agawa","barangay_name":"Agawa","osm_id":"w958644737","osm_type":"way","building":"yes","name":null,"addr":null,"area_m2":88},"geometry":{"type":"Polygon","coordinates":[[[120.8645784,17.1106882],[120.8646339,17.1107463],[120.8647038,17.1106852],[120.8646483,17.1106271],[120.8645784,17.1106882]]]}},{"type":"Feature","properties":{"barangay_slug":"agawa","barangay_name":"Agawa","osm_id":"w958644738","osm_type":"way","building":"yes","name":null,"addr":null,"area_m2":136},"geometry":{"type":"Polygon","coordinates":[[[120.8649156,17.1103328],[120.865048,17.1104077],[120.8650879,17.1103433],[120.8649555,17.1102684],[120.8649156,17.1103328]]]}},{"type":"Feature","properties":{"barangay_slug":"agawa","barangay_name":"Agawa","osm_id":"w958644739","osm_type":"way","building":"yes","name":null,"addr":null,"area_m2":27},"geometry":{"type":"Polygon","coordinates":[[[120.8652598,17.1116578],[120.8653043,17.1116595],[120.8653065,17.1116085],[120.8652619,17.1116068],[120.8652598,17.1116578]]]}},{"type":"Feature","properties":{"barangay_slug":"agawa","barangay_name":"Agawa","osm_id":"w958644740","osm_type":"way","building":"yes","name":null,"addr":null,"area_m2":46},"geometry":{"type":"Polygon","coordinates":[[[120.8653878,17.111554],[120.8654555,17.1115837],[120.8654786,17.1115358],[120.8654109,17.1115061],[120.8653878,17.111554]]]}},{"type":"Feature","properties":{"barangay_slug":"agawa","barangay_name":"Agawa","osm_id":"w958644741","osm_type":"way","building":"yes","name":null,"addr":null,"area_m2":59},"geometry":{"type":"Polygon","coordinates":[[[120.8651586,17.1123389],[120.8652659,17.1123415],[120.8652671,17.1122954],[120.8651599,17.1122927],[120.8651586,17.1123389]]]}},{"type":"Feature","properties":{"barangay_slug":"agawa","barangay_name":"Agawa","osm_id":"w958644742","osm_type":"way","building":"yes","name":null,"addr":null,"area_m2":30},"geometry":{"type":"Polygon","coordinates":[[[120.8649945,17.1125211],[120.8650453,17.1125233],[120.8650477,17.112474],[120.8649969,17.1124717],[120.8649945,17.1125211]]]}},{"type":"Feature","properties":{"barangay_slug":"agawa","barangay_name":"Agawa","osm_id":"w958644743","osm_type":"way","building":"yes","name":null,"addr":null,"area_m2":82},"geometry":{"type":"Polygon","coordinates":[[[120.8649325,17.1123895],[120.8650067,17.1124552],[120.8650554,17.112405],[120.8649812,17.1123393],[120.8649325,17.1123895]]]}},{"type":"Feature","properties":{"barangay_slug":"agawa","barangay_name":"Agawa","osm_id":"w958644744","osm_type":"way","building":"yes","name":null,"addr":null,"area_m2":67},"geometry":{"type":"Polygon","coordinates":[[[120.8650688,17.1127527],[120.8651456,17.1127289],[120.8651229,17.1126621],[120.8650461,17.1126859],[120.8650688,17.1127527]]]}},{"type":"Feature","properties":{"barangay_slug":"agawa","barangay_name":"Agawa","osm_id":"w958644745","osm_type":"way","building":"yes","name":null,"addr":null,"area_m2":67},"geometry":{"type":"Polygon","coordinates":[[[120.8652504,17.1127079],[120.865326,17.1127019],[120.8653195,17.1126274],[120.8652439,17.1126334],[120.8652504,17.1127079]]]}},{"type":"Feature","properties":{"barangay_slug":"agawa","barangay_name":"Agawa","osm_id":"w958644746","osm_type":"way","building":"yes","name":null,"addr":null,"area_m2":48},"geometry":{"type":"Polygon","coordinates":[[[120.865297,17.1125678],[120.8653523,17.1125308],[120.8653159,17.1124811],[120.8652606,17.1125181],[120.865297,17.1125678]]]}},{"type":"Feature","properties":{"barangay_slug":"agawa","barangay_name":"Agawa","osm_id":"w958644747","osm_type":"way","building":"yes","name":null,"addr":null,"area_m2":64},"geometry":{"type":"Polygon","coordinates":[[[120.8653502,17.1129308],[120.8654401,17.1129538],[120.8654557,17.112898],[120.8653658,17.112875],[120.8653502,17.1129308]]]}},{"type":"Feature","properties":{"barangay_slug":"agawa","barangay_name":"Agawa","osm_id":"w958644748","osm_type":"way","building":"yes","name":null,"addr":null,"area_m2":77},"geometry":{"type":"Polygon","coordinates":[[[120.8659226,17.1125724],[120.866016,17.1125321],[120.8659885,17.1124739],[120.8658951,17.1125142],[120.8659226,17.1125724]]]}},{"type":"Feature","properties":{"barangay_slug":"catengan","barangay_name":"Catengan","osm_id":"w971339474","osm_type":"way","building":"yes","name":null,"addr":null,"area_m2":69},"geometry":{"type":"Polygon","coordinates":[[[120.8290955,17.0876658],[120.8290729,17.0875683],[120.8291301,17.0875561],[120.8291528,17.0876536],[120.8290955,17.0876658]]]}},{"type":"Feature","properties":{"barangay_slug":"catengan","barangay_name":"Catengan","osm_id":"w971339475","osm_type":"way","building":"yes","name":null,"addr":null,"area_m2":54},"geometry":{"type":"Polygon","coordinates":[[[120.8292021,17.0874558],[120.8291439,17.087393],[120.8291847,17.0873585],[120.8292429,17.0874214],[120.8292021,17.0874558]]]}},{"type":"Feature","properties":{"barangay_slug":"catengan","barangay_name":"Catengan","osm_id":"w971339476","osm_type":"way","building":"yes","name":null,"addr":null,"area_m2":64},"geometry":{"type":"Polygon","coordinates":[[[120.8289249,17.0876084],[120.8288875,17.0875092],[120.8289359,17.0874926],[120.8289733,17.0875917],[120.8289249,17.0876084]]]}},{"type":"Feature","properties":{"barangay_slug":"catengan","barangay_name":"Catengan","osm_id":"w971339477","osm_type":"way","building":"yes","name":null,"addr":null,"area_m2":54},"geometry":{"type":"Polygon","coordinates":[[[120.82898,17.0872642],[120.8289335,17.0871953],[120.8289807,17.0871663],[120.8290271,17.0872352],[120.82898,17.0872642]]]}},{"type":"Feature","properties":{"barangay_slug":"catengan","barangay_name":"Catengan","osm_id":"w971339478","osm_type":"way","building":"yes","name":null,"addr":null,"area_m2":36},"geometry":{"type":"Polygon","coordinates":[[[120.8290662,17.0872356],[120.8291031,17.0872796],[120.8291454,17.0872472],[120.8291086,17.0872032],[120.8290662,17.0872356]]]}},{"type":"Feature","properties":{"barangay_slug":"catengan","barangay_name":"Catengan","osm_id":"w971339479","osm_type":"way","building":"yes","name":null,"addr":null,"area_m2":76},"geometry":{"type":"Polygon","coordinates":[[[120.8288324,17.0876227],[120.82879,17.0875306],[120.8288484,17.087506],[120.8288908,17.0875982],[120.8288324,17.0876227]]]}},{"type":"Feature","properties":{"barangay_slug":"catengan","barangay_name":"Catengan","osm_id":"w971339480","osm_type":"way","building":"yes","name":null,"addr":null,"area_m2":38},"geometry":{"type":"Polygon","coordinates":[[[120.8284211,17.0876683],[120.8284751,17.0877266],[120.8285061,17.0877004],[120.8284521,17.0876421],[120.8284211,17.0876683]]]}},{"type":"Feature","properties":{"barangay_slug":"catengan","barangay_name":"Catengan","osm_id":"w971339481","osm_type":"way","building":"yes","name":null,"addr":null,"area_m2":71},"geometry":{"type":"Polygon","coordinates":[[[120.8286572,17.0876526],[120.8286102,17.087562],[120.8286632,17.0875368],[120.8287103,17.0876274],[120.8286572,17.0876526]]]}},{"type":"Feature","properties":{"barangay_slug":"catengan","barangay_name":"Catengan","osm_id":"w971339482","osm_type":"way","building":"yes","name":null,"addr":null,"area_m2":56},"geometry":{"type":"Polygon","coordinates":[[[120.8283765,17.0879569],[120.8283789,17.087886],[120.8284453,17.087888],[120.828443,17.0879589],[120.8283765,17.0879569]]]}},{"type":"Feature","properties":{"barangay_slug":"catengan","barangay_name":"Catengan","osm_id":"w971339483","osm_type":"way","building":"yes","name":null,"addr":null,"area_m2":71},"geometry":{"type":"Polygon","coordinates":[[[120.8279981,17.0879742],[120.8280398,17.0879361],[120.8281152,17.0880115],[120.8280736,17.0880496],[120.8279981,17.0879742]]]}},{"type":"Feature","properties":{"barangay_slug":"catengan","barangay_name":"Catengan","osm_id":"w971339484","osm_type":"way","building":"yes","name":null,"addr":null,"area_m2":54},"geometry":{"type":"Polygon","coordinates":[[[120.8276595,17.0876608],[120.8276783,17.0875879],[120.8277378,17.087602],[120.827719,17.0876748],[120.8276595,17.0876608]]]}},{"type":"Feature","properties":{"barangay_slug":"catengan","barangay_name":"Catengan","osm_id":"w971339485","osm_type":"way","building":"yes","name":null,"addr":null,"area_m2":57},"geometry":{"type":"Polygon","coordinates":[[[120.8278199,17.08807],[120.8277924,17.0880118],[120.8278607,17.0879823],[120.8278882,17.0880405],[120.8278199,17.08807]]]}},{"type":"Feature","properties":{"barangay_slug":"catengan","barangay_name":"Catengan","osm_id":"w971339486","osm_type":"way","building":"yes","name":null,"addr":null,"area_m2":58},"geometry":{"type":"Polygon","coordinates":[[[120.8278389,17.0882998],[120.8278384,17.088225],[120.8279044,17.0882246],[120.827905,17.0882993],[120.8278389,17.0882998]]]}},{"type":"Feature","properties":{"barangay_slug":"catengan","barangay_name":"Catengan","osm_id":"w971339487","osm_type":"way","building":"yes","name":null,"addr":null,"area_m2":89},"geometry":{"type":"Polygon","coordinates":[[[120.8279758,17.0883288],[120.8279524,17.0882449],[120.8280363,17.0882235],[120.8280596,17.0883075],[120.8279758,17.0883288]]]}},{"type":"Feature","properties":{"barangay_slug":"catengan","barangay_name":"Catengan","osm_id":"w971339488","osm_type":"way","building":"yes","name":null,"addr":null,"area_m2":27},"geometry":{"type":"Polygon","coordinates":[[[120.8282444,17.0883168],[120.8282258,17.0882495],[120.8282575,17.0882415],[120.8282761,17.0883088],[120.8282444,17.0883168]]]}},{"type":"Feature","properties":{"barangay_slug":"catengan","barangay_name":"Catengan","osm_id":"w971339489","osm_type":"way","building":"yes","name":null,"addr":null,"area_m2":62},"geometry":{"type":"Polygon","coordinates":[[[120.8292361,17.0871719],[120.8292696,17.0871371],[120.8293511,17.0872088],[120.8293175,17.0872435],[120.8292361,17.0871719]]]}},{"type":"Feature","properties":{"barangay_slug":"catengan","barangay_name":"Catengan","osm_id":"w971339490","osm_type":"way","building":"yes","name":null,"addr":null,"area_m2":53},"geometry":{"type":"Polygon","coordinates":[[[120.8293779,17.0872512],[120.8294155,17.0872192],[120.8294777,17.0872859],[120.8294401,17.0873179],[120.8293779,17.0872512]]]}},{"type":"Feature","properties":{"barangay_slug":"catengan","barangay_name":"Catengan","osm_id":"w971339491","osm_type":"way","building":"yes","name":null,"addr":null,"area_m2":50},"geometry":{"type":"Polygon","coordinates":[[[120.8295096,17.087396],[120.8294782,17.0873181],[120.8295253,17.0873008],[120.8295567,17.0873787],[120.8295096,17.087396]]]}},{"type":"Feature","properties":{"barangay_slug":"catengan","barangay_name":"Catengan","osm_id":"w971339492","osm_type":"way","building":"yes","name":null,"addr":null,"area_m2":49},"geometry":{"type":"Polygon","coordinates":[[[120.8296095,17.087298],[120.8295648,17.0872393],[120.8296108,17.0872072],[120.8296556,17.0872658],[120.8296095,17.087298]]]}},{"type":"Feature","properties":{"barangay_slug":"catengan","barangay_name":"Catengan","osm_id":"w971339493","osm_type":"way","building":"yes","name":null,"addr":null,"area_m2":44},"geometry":{"type":"Polygon","coordinates":[[[120.8295266,17.0870781],[120.8295741,17.0870263],[120.829615,17.0870606],[120.8295675,17.0871124],[120.8295266,17.0870781]]]}},{"type":"Feature","properties":{"barangay_slug":"catengan","barangay_name":"Catengan","osm_id":"w971339494","osm_type":"way","building":"yes","name":null,"addr":null,"area_m2":46},"geometry":{"type":"Polygon","coordinates":[[[120.8299985,17.0874475],[120.8300244,17.0874016],[120.8300907,17.0874359],[120.8300648,17.0874817],[120.8299985,17.0874475]]]}},{"type":"Feature","properties":{"barangay_slug":"catengan","barangay_name":"Catengan","osm_id":"w971339495","osm_type":"way","building":"yes","name":null,"addr":null,"area_m2":57},"geometry":{"type":"Polygon","coordinates":[[[120.8300135,17.0876125],[120.8300402,17.0875739],[120.830127,17.0876287],[120.8301003,17.0876673],[120.8300135,17.0876125]]]}},{"type":"Feature","properties":{"barangay_slug":"catengan","barangay_name":"Catengan","osm_id":"w971339496","osm_type":"way","building":"yes","name":null,"addr":null,"area_m2":57},"geometry":{"type":"Polygon","coordinates":[[[120.8296651,17.0877196],[120.8296921,17.0876749],[120.8297733,17.0877197],[120.8297463,17.0877644],[120.8296651,17.0877196]]]}},{"type":"Feature","properties":{"barangay_slug":"catengan","barangay_name":"Catengan","osm_id":"w971339497","osm_type":"way","building":"yes","name":null,"addr":null,"area_m2":19},"geometry":{"type":"Polygon","coordinates":[[[120.8297007,17.0876644],[120.8297134,17.0876387],[120.829765,17.087662],[120.8297523,17.0876877],[120.8297007,17.0876644]]]}},{"type":"Feature","properties":{"barangay_slug":"catengan","barangay_name":"Catengan","osm_id":"w971339498","osm_type":"way","building":"yes","name":null,"addr":null,"area_m2":36},"geometry":{"type":"Polygon","coordinates":[[[120.8295527,17.0877516],[120.8295785,17.0877228],[120.82964,17.087773],[120.8296142,17.0878018],[120.8295527,17.0877516]]]}},{"type":"Feature","properties":{"barangay_slug":"catengan","barangay_name":"Catengan","osm_id":"w971339499","osm_type":"way","building":"yes","name":null,"addr":null,"area_m2":69},"geometry":{"type":"Polygon","coordinates":[[[120.8296584,17.0878623],[120.8296914,17.0878024],[120.8297672,17.0878406],[120.8297341,17.0879005],[120.8296584,17.0878623]]]}},{"type":"Feature","properties":{"barangay_slug":"catengan","barangay_name":"Catengan","osm_id":"w971339500","osm_type":"way","building":"yes","name":null,"addr":null,"area_m2":56},"geometry":{"type":"Polygon","coordinates":[[[120.8300712,17.0877907],[120.830118,17.0877401],[120.8301703,17.0877844],[120.8301235,17.087835],[120.8300712,17.0877907]]]}},{"type":"Feature","properties":{"barangay_slug":"catengan","barangay_name":"Catengan","osm_id":"w971339501","osm_type":"way","building":"yes","name":null,"addr":null,"area_m2":41},"geometry":{"type":"Polygon","coordinates":[[[120.82994,17.0878742],[120.8299759,17.0878393],[120.8300266,17.087887],[120.8299906,17.0879219],[120.82994,17.0878742]]]}},{"type":"Feature","properties":{"barangay_slug":"catengan","barangay_name":"Catengan","osm_id":"w971339502","osm_type":"way","building":"yes","name":null,"addr":null,"area_m2":31},"geometry":{"type":"Polygon","coordinates":[[[120.8299583,17.0877448],[120.8300028,17.0877045],[120.8300337,17.0877357],[120.8299893,17.087776],[120.8299583,17.0877448]]]}},{"type":"Feature","properties":{"barangay_slug":"catengan","barangay_name":"Catengan","osm_id":"w971339503","osm_type":"way","building":"yes","name":null,"addr":null,"area_m2":66},"geometry":{"type":"Polygon","coordinates":[[[120.8291795,17.0881774],[120.8291701,17.0880793],[120.8292269,17.0880743],[120.8292364,17.0881724],[120.8291795,17.0881774]]]}},{"type":"Feature","properties":{"barangay_slug":"catengan","barangay_name":"Catengan","osm_id":"w971339504","osm_type":"way","building":"yes","name":null,"addr":null,"area_m2":43},"geometry":{"type":"Polygon","coordinates":[[[120.8294676,17.0880661],[120.8295185,17.0880342],[120.8295526,17.0880838],[120.8295017,17.0881158],[120.8294676,17.0880661]]]}},{"type":"Feature","properties":{"barangay_slug":"catengan","barangay_name":"Catengan","osm_id":"w971339505","osm_type":"way","building":"yes","name":null,"addr":null,"area_m2":28},"geometry":{"type":"Polygon","coordinates":[[[120.8290029,17.0883386],[120.8289677,17.0882834],[120.8289991,17.0882651],[120.8290343,17.0883204],[120.8290029,17.0883386]]]}},{"type":"Feature","properties":{"barangay_slug":"catengan","barangay_name":"Catengan","osm_id":"w971339506","osm_type":"way","building":"yes","name":null,"addr":null,"area_m2":15},"geometry":{"type":"Polygon","coordinates":[[[120.828835,17.0855003],[120.8288379,17.0854677],[120.8288754,17.0854707],[120.8288725,17.0855034],[120.828835,17.0855003]]]}},{"type":"Feature","properties":{"barangay_slug":"catengan","barangay_name":"Catengan","osm_id":"w971339510","osm_type":"way","building":"yes","name":null,"addr":null,"area_m2":89},"geometry":{"type":"Polygon","coordinates":[[[120.8301991,17.0819361],[120.8301547,17.081772],[120.8301975,17.0817615],[120.8302419,17.0819255],[120.8301991,17.0819361]]]}},{"type":"Feature","properties":{"barangay_slug":"catengan","barangay_name":"Catengan","osm_id":"w971339512","osm_type":"way","building":"yes","name":null,"addr":null,"area_m2":10},"geometry":{"type":"Polygon","coordinates":[[[120.8323745,17.086809],[120.8323609,17.0867852],[120.832389,17.0867705],[120.8324026,17.0867943],[120.8323745,17.086809]]]}},{"type":"Feature","properties":{"barangay_slug":"catengan","barangay_name":"Catengan","osm_id":"w971339513","osm_type":"way","building":"yes","name":null,"addr":null,"area_m2":12},"geometry":{"type":"Polygon","coordinates":[[[120.8320734,17.086567],[120.8320696,17.086539],[120.8321058,17.0865346],[120.8321096,17.0865625],[120.8320734,17.086567]]]}},{"type":"Feature","properties":{"barangay_slug":"catengan","barangay_name":"Catengan","osm_id":"w971342751","osm_type":"way","building":"yes","name":null,"addr":null,"area_m2":189},"geometry":{"type":"Polygon","coordinates":[[[120.8081817,17.0882211],[120.8082577,17.0881875],[120.8081739,17.0880143],[120.8080979,17.0880479],[120.8081817,17.0882211]]]}},{"type":"Feature","properties":{"barangay_slug":"catengan","barangay_name":"Catengan","osm_id":"w971342752","osm_type":"way","building":"yes","name":null,"addr":null,"area_m2":68},"geometry":{"type":"Polygon","coordinates":[[[120.808482,17.0881899],[120.8084522,17.0880936],[120.8085068,17.0880782],[120.8085366,17.0881745],[120.808482,17.0881899]]]}},{"type":"Feature","properties":{"barangay_slug":"catengan","barangay_name":"Catengan","osm_id":"w971342753","osm_type":"way","building":"yes","name":null,"addr":null,"area_m2":56},"geometry":{"type":"Polygon","coordinates":[[[120.807679,17.0879425],[120.8077181,17.0878754],[120.8077717,17.087904],[120.8077326,17.0879711],[120.807679,17.0879425]]]}},{"type":"Feature","properties":{"barangay_slug":"catengan","barangay_name":"Catengan","osm_id":"w971342754","osm_type":"way","building":"yes","name":null,"addr":null,"area_m2":29},"geometry":{"type":"Polygon","coordinates":[[[120.8077958,17.0860312],[120.8078096,17.0859962],[120.8078711,17.0860184],[120.8078572,17.0860534],[120.8077958,17.0860312]]]}},{"type":"Feature","properties":{"barangay_slug":"catengan","barangay_name":"Catengan","osm_id":"w971342755","osm_type":"way","building":"yes","name":null,"addr":null,"area_m2":22},"geometry":{"type":"Polygon","coordinates":[[[120.8077745,17.0858089],[120.8077719,17.0857692],[120.8078189,17.0857665],[120.8078214,17.0858062],[120.8077745,17.0858089]]]}},{"type":"Feature","properties":{"barangay_slug":"catengan","barangay_name":"Catengan","osm_id":"w971342756","osm_type":"way","building":"yes","name":null,"addr":null,"area_m2":83},"geometry":{"type":"Polygon","coordinates":[[[120.805757,17.0847853],[120.8057521,17.0847235],[120.805865,17.0847155],[120.8058698,17.0847772],[120.805757,17.0847853]]]}},{"type":"Feature","properties":{"barangay_slug":"lacmaan","barangay_name":"Lacmaan","osm_id":"w975939930","osm_type":"way","building":"school","name":null,"addr":null,"area_m2":34},"geometry":{"type":"Polygon","coordinates":[[[120.8718174,17.1063331],[120.8718187,17.1062793],[120.8718724,17.1062805],[120.871871,17.1063343],[120.8718174,17.1063331]]]}},{"type":"Feature","properties":{"barangay_slug":"laylaya","barangay_name":"Laylaya","osm_id":"w977567747","osm_type":"way","building":"school","name":null,"addr":null,"area_m2":9},"geometry":{"type":"Polygon","coordinates":[[[120.7883434,17.0946519],[120.7883214,17.094635],[120.7883396,17.0946134],[120.7883616,17.0946303],[120.7883434,17.0946519]]]}},{"type":"Feature","properties":{"barangay_slug":"laylaya","barangay_name":"Laylaya","osm_id":"w977567748","osm_type":"way","building":"school","name":null,"addr":null,"area_m2":11},"geometry":{"type":"Polygon","coordinates":[[[120.7882698,17.0946725],[120.7882687,17.0946425],[120.788299,17.0946415],[120.7883,17.0946716],[120.7882698,17.0946725]]]}},{"type":"Feature","properties":{"barangay_slug":"laylaya","barangay_name":"Laylaya","osm_id":"w977567751","osm_type":"way","building":"school","name":null,"addr":null,"area_m2":31},"geometry":{"type":"Polygon","coordinates":[[[120.7880526,17.094695],[120.788015,17.0946545],[120.788051,17.0946238],[120.7880887,17.0946643],[120.7880526,17.094695]]]}},{"type":"Feature","properties":{"barangay_slug":"laylaya","barangay_name":"Laylaya","osm_id":"w977567752","osm_type":"way","building":"school","name":null,"addr":null,"area_m2":98},"geometry":{"type":"Polygon","coordinates":[[[120.7884633,17.0944912],[120.7883967,17.0944159],[120.7884611,17.0943639],[120.7885277,17.0944392],[120.7884633,17.0944912]]]}},{"type":"Feature","properties":{"barangay_slug":"gueday","barangay_name":"Gueday","osm_id":"w979337603","osm_type":"way","building":"yes","name":null,"addr":null,"area_m2":60},"geometry":{"type":"Polygon","coordinates":[[[120.8654881,17.1196618],[120.8655484,17.1196977],[120.865602,17.1196618],[120.8655497,17.1196092],[120.8654881,17.1196618]]]}},{"type":"Feature","properties":{"barangay_slug":"gueday","barangay_name":"Gueday","osm_id":"w979337604","osm_type":"way","building":"yes","name":null,"addr":null,"area_m2":18},"geometry":{"type":"Polygon","coordinates":[[[120.8654948,17.1195746],[120.8655269,17.1195515],[120.8654854,17.1195323],[120.8654559,17.1195528],[120.8654948,17.1195746]]]}},{"type":"Feature","properties":{"barangay_slug":"gueday","barangay_name":"Gueday","osm_id":"w979337605","osm_type":"way","building":"yes","name":null,"addr":null,"area_m2":21},"geometry":{"type":"Polygon","coordinates":[[[120.8656624,17.1197246],[120.8656879,17.1197438],[120.8657402,17.1197143],[120.8657147,17.1196951],[120.8656624,17.1197246]]]}},{"type":"Feature","properties":{"barangay_slug":"gueday","barangay_name":"Gueday","osm_id":"w979337606","osm_type":"way","building":"yes","name":null,"addr":null,"area_m2":39},"geometry":{"type":"Polygon","coordinates":[[[120.8657201,17.1197797],[120.8656879,17.1197438],[120.8657522,17.1197207],[120.8657871,17.1197656],[120.8657201,17.1197797]]]}},{"type":"Feature","properties":{"barangay_slug":"gueday","barangay_name":"Gueday","osm_id":"w979337607","osm_type":"way","building":"yes","name":null,"addr":null,"area_m2":19},"geometry":{"type":"Polygon","coordinates":[[[120.8654451,17.1194721],[120.8655001,17.1194875],[120.8655095,17.1194644],[120.8654532,17.1194439],[120.8654451,17.1194721]]]}},{"type":"Feature","properties":{"barangay_slug":"gueday","barangay_name":"Gueday","osm_id":"w979337608","osm_type":"way","building":"yes","name":null,"addr":null,"area_m2":22},"geometry":{"type":"Polygon","coordinates":[[[120.8655632,17.1194695],[120.8656235,17.1194798],[120.8656316,17.1194529],[120.8655699,17.1194388],[120.8655632,17.1194695]]]}},{"type":"Feature","properties":{"barangay_slug":"gueday","barangay_name":"Gueday","osm_id":"w979337609","osm_type":"way","building":"yes","name":null,"addr":null,"area_m2":31},"geometry":{"type":"Polygon","coordinates":[[[120.8656034,17.1195041],[120.8656584,17.1195221],[120.8656825,17.1194746],[120.8656396,17.1194605],[120.8656275,17.11949],[120.8656088,17.1194862],[120.8656034,17.1195041]]]}},{"type":"Feature","properties":{"barangay_slug":"gueday","barangay_name":"Gueday","osm_id":"w979337610","osm_type":"way","building":"yes","name":null,"addr":null,"area_m2":20},"geometry":{"type":"Polygon","coordinates":[[[120.8656771,17.1195105],[120.8657107,17.1195221],[120.8657362,17.1194836],[120.8656946,17.1194708],[120.8656771,17.1195105]]]}},{"type":"Feature","properties":{"barangay_slug":"gueday","barangay_name":"Gueday","osm_id":"w979337611","osm_type":"way","building":"yes","name":null,"addr":null,"area_m2":28},"geometry":{"type":"Polygon","coordinates":[[[120.8657388,17.1195105],[120.8658005,17.119531],[120.8658193,17.1194977],[120.8657536,17.1194798],[120.8657388,17.1195105]]]}},{"type":"Feature","properties":{"barangay_slug":"gueday","barangay_name":"Gueday","osm_id":"w979337612","osm_type":"way","building":"yes","name":null,"addr":null,"area_m2":30},"geometry":{"type":"Polygon","coordinates":[[[120.8657227,17.1196823],[120.8657831,17.1196951],[120.8658059,17.1196605],[120.8657295,17.119649],[120.8657227,17.1196823]]]}},{"type":"Feature","properties":{"barangay_slug":"gueday","barangay_name":"Gueday","osm_id":"w979337613","osm_type":"way","building":"yes","name":null,"addr":null,"area_m2":24},"geometry":{"type":"Polygon","coordinates":[[[120.8658059,17.1195413],[120.8658314,17.1195028],[120.8658703,17.1195157],[120.8658528,17.1195567],[120.8658059,17.1195413]]]}},{"type":"Feature","properties":{"barangay_slug":"gueday","barangay_name":"Gueday","osm_id":"w979337614","osm_type":"way","building":"yes","name":null,"addr":null,"area_m2":131},"geometry":{"type":"Polygon","coordinates":[[[120.8658837,17.1195733],[120.8658957,17.1195374],[120.8659239,17.1195464],[120.865944,17.1194964],[120.8659735,17.1194939],[120.8660164,17.1194939],[120.8660473,17.1195195],[120.8659749,17.1196118],[120.8658837,17.1195733]]]}},{"type":"Feature","properties":{"barangay_slug":"gueday","barangay_name":"Gueday","osm_id":"w979337615","osm_type":"way","building":"yes","name":null,"addr":null,"area_m2":43},"geometry":{"type":"Polygon","coordinates":[[[120.8658595,17.1197464],[120.8659172,17.1197143],[120.8659548,17.119772],[120.865881,17.119781],[120.8658595,17.1197464]]]}},{"type":"Feature","properties":{"barangay_slug":"tamboan","barangay_name":"Tamboan","osm_id":"w979338260","osm_type":"way","building":"yes","name":null,"addr":null,"area_m2":62},"geometry":{"type":"Polygon","coordinates":[[[120.7939127,17.1245948],[120.7939188,17.1245404],[120.7938345,17.1245326],[120.7938131,17.1245899],[120.7939127,17.1245948]]]}},{"type":"Feature","properties":{"barangay_slug":"tamboan","barangay_name":"Tamboan","osm_id":"w979338443","osm_type":"way","building":"yes","name":null,"addr":null,"area_m2":41},"geometry":{"type":"Polygon","coordinates":[[[120.7939116,17.1247828],[120.7939036,17.1247405],[120.7938249,17.1247532],[120.793839,17.1247989],[120.7939116,17.1247828]]]}},{"type":"Feature","properties":{"barangay_slug":"tamboan","barangay_name":"Tamboan","osm_id":"w979339127","osm_type":"way","building":"yes","name":null,"addr":null,"area_m2":43},"geometry":{"type":"Polygon","coordinates":[[[120.7938527,17.1243218],[120.7938527,17.1242716],[120.793785,17.124275],[120.7937792,17.1243285],[120.7938527,17.1243218]]]}},{"type":"Feature","properties":{"barangay_slug":"tamboan","barangay_name":"Tamboan","osm_id":"w979339829","osm_type":"way","building":"yes","name":null,"addr":null,"area_m2":61},"geometry":{"type":"Polygon","coordinates":[[[120.7927154,17.1247866],[120.7927598,17.1247275],[120.7927014,17.1246873],[120.7926593,17.124752],[120.7927154,17.1247866]]]}},{"type":"Feature","properties":{"barangay_slug":"gueday","barangay_name":"Gueday","osm_id":"w979339972","osm_type":"way","building":"yes","name":null,"addr":null,"area_m2":84},"geometry":{"type":"Polygon","coordinates":[[[120.8660674,17.1197912],[120.8661626,17.1197681],[120.8661546,17.1197015],[120.866058,17.119713],[120.8660674,17.1197912]]]}},{"type":"Feature","properties":{"barangay_slug":"gueday","barangay_name":"Gueday","osm_id":"w979339973","osm_type":"way","building":"yes","name":null,"addr":null,"area_m2":14},"geometry":{"type":"Polygon","coordinates":[[[120.8660701,17.1196797],[120.8661264,17.1196771],[120.8661318,17.1196951],[120.8660728,17.1197028],[120.8660701,17.1196797]]]}},{"type":"Feature","properties":{"barangay_slug":"gueday","barangay_name":"Gueday","osm_id":"w979339974","osm_type":"way","building":"yes","name":null,"addr":null,"area_m2":33},"geometry":{"type":"Polygon","coordinates":[[[120.8660594,17.1196041],[120.8660553,17.1195874],[120.8660768,17.1195618],[120.8661331,17.1195746],[120.8661036,17.1196195],[120.8660594,17.1196041]]]}},{"type":"Feature","properties":{"barangay_slug":"gueday","barangay_name":"Gueday","osm_id":"w979339975","osm_type":"way","building":"yes","name":null,"addr":null,"area_m2":23},"geometry":{"type":"Polygon","coordinates":[[[120.8662431,17.11954],[120.8663021,17.1195554],[120.8663142,17.1195285],[120.8662498,17.1195092],[120.8662431,17.11954]]]}},{"type":"Feature","properties":{"barangay_slug":"gueday","barangay_name":"Gueday","osm_id":"w979339976","osm_type":"way","building":"yes","name":null,"addr":null,"area_m2":41},"geometry":{"type":"Polygon","coordinates":[[[120.8661814,17.1197656],[120.8661948,17.1197464],[120.8662257,17.119731],[120.8662592,17.1197771],[120.866223,17.1198156],[120.8661814,17.1197656]]]}},{"type":"Feature","properties":{"barangay_slug":"gueday","barangay_name":"Gueday","osm_id":"w979339977","osm_type":"way","building":"yes","name":null,"addr":null,"area_m2":21},"geometry":{"type":"Polygon","coordinates":[[[120.8663383,17.1197553],[120.8663759,17.1197425],[120.8663692,17.1196989],[120.8663316,17.1197105],[120.8663383,17.1197553]]]}},{"type":"Feature","properties":{"barangay_slug":"gueday","barangay_name":"Gueday","osm_id":"w979339978","osm_type":"way","building":"yes","name":null,"addr":null,"area_m2":35},"geometry":{"type":"Polygon","coordinates":[[[120.8663906,17.1197297],[120.8664255,17.1197374],[120.8664443,17.1197194],[120.8664349,17.119672],[120.8664161,17.1196797],[120.8663799,17.119681],[120.8663906,17.1197297]]]}},{"type":"Feature","properties":{"barangay_slug":"gueday","barangay_name":"Gueday","osm_id":"w979339979","osm_type":"way","building":"yes","name":null,"addr":null,"area_m2":64},"geometry":{"type":"Polygon","coordinates":[[[120.8663222,17.1196682],[120.8664349,17.1196579],[120.8664322,17.1196336],[120.8664174,17.1196054],[120.8663276,17.1196131],[120.8663343,17.1196425],[120.8663222,17.1196682]]]}},{"type":"Feature","properties":{"barangay_slug":"gueday","barangay_name":"Gueday","osm_id":"w979339980","osm_type":"way","building":"yes","name":null,"addr":null,"area_m2":45},"geometry":{"type":"Polygon","coordinates":[[[120.8669123,17.11974],[120.866982,17.1197361],[120.8669861,17.1197028],[120.8669753,17.1196848],[120.8669083,17.1196874],[120.8669123,17.11974]]]}},{"type":"Feature","properties":{"barangay_slug":"gueday","barangay_name":"Gueday","osm_id":"w979339981","osm_type":"way","building":"yes","name":null,"addr":null,"area_m2":49},"geometry":{"type":"Polygon","coordinates":[[[120.8670746,17.1197528],[120.8671322,17.1197669],[120.8671604,17.1197053],[120.8670987,17.1196887],[120.8670746,17.1197528]]]}},{"type":"Feature","properties":{"barangay_slug":"gueday","barangay_name":"Gueday","osm_id":"w979339982","osm_type":"way","building":"yes","name":null,"addr":null,"area_m2":63},"geometry":{"type":"Polygon","coordinates":[[[120.8671296,17.1196272],[120.8671443,17.1196425],[120.8671872,17.1196579],[120.8672342,17.1195951],[120.8671939,17.1195785],[120.8671685,17.1195656],[120.8671296,17.1196272]]]}},{"type":"Feature","properties":{"barangay_slug":"gueday","barangay_name":"Gueday","osm_id":"w979339983","osm_type":"way","building":"yes","name":null,"addr":null,"area_m2":32},"geometry":{"type":"Polygon","coordinates":[[[120.8673508,17.119649],[120.8673871,17.1196695],[120.8674206,17.1196169],[120.8673777,17.1195964],[120.8673508,17.119649]]]}},{"type":"Feature","properties":{"barangay_slug":"gueday","barangay_name":"Gueday","osm_id":"w979339984","osm_type":"way","building":"yes","name":null,"addr":null,"area_m2":12},"geometry":{"type":"Polygon","coordinates":[[[120.8672972,17.119622],[120.8673334,17.1196284],[120.8673441,17.1196041],[120.8673039,17.1195964],[120.8672972,17.119622]]]}},{"type":"Feature","properties":{"barangay_slug":"gueday","barangay_name":"Gueday","osm_id":"w979339985","osm_type":"way","building":"yes","name":null,"addr":null,"area_m2":20},"geometry":{"type":"Polygon","coordinates":[[[120.8673374,17.1195592],[120.8673696,17.1195746],[120.8673817,17.1195233],[120.8673388,17.1195246],[120.8673374,17.1195592]]]}},{"type":"Feature","properties":{"barangay_slug":"gueday","barangay_name":"Gueday","osm_id":"w979339987","osm_type":"way","building":"yes","name":null,"addr":null,"area_m2":88},"geometry":{"type":"Polygon","coordinates":[[[120.8683325,17.1196374],[120.868409,17.1196067],[120.8683553,17.1195272],[120.8682843,17.119558],[120.8683325,17.1196374]]]}},{"type":"Feature","properties":{"barangay_slug":"gueday","barangay_name":"Gueday","osm_id":"w979339988","osm_type":"way","building":"yes","name":null,"addr":null,"area_m2":32},"geometry":{"type":"Polygon","coordinates":[[[120.8682159,17.1194259],[120.8682789,17.1194272],[120.8682588,17.1193798],[120.8682145,17.1193708],[120.8682159,17.1194259]]]}},{"type":"Feature","properties":{"barangay_slug":"gueday","barangay_name":"Gueday","osm_id":"w979339989","osm_type":"way","building":"yes","name":null,"addr":null,"area_m2":29},"geometry":{"type":"Polygon","coordinates":[[[120.8683218,17.11944],[120.8683902,17.1194426],[120.8683848,17.1193998],[120.8683205,17.119408],[120.8683218,17.11944]]]}},{"type":"Feature","properties":{"barangay_slug":"gueday","barangay_name":"Gueday","osm_id":"w979339990","osm_type":"way","building":"yes","name":null,"addr":null,"area_m2":59},"geometry":{"type":"Polygon","coordinates":[[[120.8684345,17.1194734],[120.8685109,17.1194785],[120.8685029,17.1194323],[120.8685069,17.1194106],[120.8684318,17.1194106],[120.8684264,17.11944],[120.8684345,17.1194734]]]}},{"type":"Feature","properties":{"barangay_slug":"tamboan","barangay_name":"Tamboan","osm_id":"w979340057","osm_type":"way","building":"yes","name":null,"addr":null,"area_m2":35},"geometry":{"type":"Polygon","coordinates":[[[120.7933232,17.124233],[120.7933305,17.1241772],[120.7932742,17.1241785],[120.7932655,17.1242272],[120.7933232,17.124233]]]}},{"type":"Feature","properties":{"barangay_slug":"tamboan","barangay_name":"Tamboan","osm_id":"w979340250","osm_type":"way","building":"yes","name":null,"addr":null,"area_m2":29},"geometry":{"type":"Polygon","coordinates":[[[120.7923689,17.1248671],[120.7923958,17.1248369],[120.792345,17.1248067],[120.7923142,17.1248391],[120.7923689,17.1248671]]]}},{"type":"Feature","properties":{"barangay_slug":"tamboan","barangay_name":"Tamboan","osm_id":"w979340455","osm_type":"way","building":"yes","name":null,"addr":null,"area_m2":11},"geometry":{"type":"Polygon","coordinates":[[[120.7941912,17.1252882],[120.7941912,17.1252543],[120.7941634,17.1252514],[120.7941634,17.1252874],[120.7941912,17.1252882]]]}},{"type":"Feature","properties":{"barangay_slug":"tamboan","barangay_name":"Tamboan","osm_id":"w979341315","osm_type":"way","building":"yes","name":null,"addr":null,"area_m2":21},"geometry":{"type":"Polygon","coordinates":[[[120.7938713,17.1263407],[120.7938749,17.1263043],[120.7938235,17.1263009],[120.7938209,17.1263263],[120.7938209,17.1263331],[120.7938713,17.1263407]]]}},{"type":"Feature","properties":{"barangay_slug":"tamboan","barangay_name":"Tamboan","osm_id":"w979341866","osm_type":"way","building":"yes","name":null,"addr":null,"area_m2":116},"geometry":{"type":"Polygon","coordinates":[[[120.8029613,17.1107769],[120.8030121,17.1107004],[120.8029135,17.1106474],[120.8028688,17.1107225],[120.8029613,17.1107769]]]}},{"type":"Feature","properties":{"barangay_slug":"tamboan","barangay_name":"Tamboan","osm_id":"w979345242","osm_type":"way","building":"yes","name":null,"addr":null,"area_m2":132},"geometry":{"type":"Polygon","coordinates":[[[120.8026223,17.1101159],[120.8025992,17.1100069],[120.8024945,17.110057],[120.8025068,17.1101394],[120.8026223,17.1101159]]]}},{"type":"Feature","properties":{"barangay_slug":"tamboan","barangay_name":"Tamboan","osm_id":"w979345386","osm_type":"way","building":"yes","name":null,"addr":null,"area_m2":119},"geometry":{"type":"Polygon","coordinates":[[[120.8021455,17.1108211],[120.8021841,17.1107493],[120.8020824,17.1107026],[120.8020316,17.1107823],[120.8021455,17.1108211]]]}},{"type":"Feature","properties":{"barangay_slug":"tamboan","barangay_name":"Tamboan","osm_id":"w979345490","osm_type":"way","building":"yes","name":null,"addr":null,"area_m2":70},"geometry":{"type":"Polygon","coordinates":[[[120.8030178,17.1103879],[120.8030147,17.1103276],[120.8029192,17.1103526],[120.80293,17.1104174],[120.8030178,17.1103879]]]}},{"type":"Feature","properties":{"barangay_slug":"tamboan","barangay_name":"Tamboan","osm_id":"w979345515","osm_type":"way","building":"yes","name":null,"addr":null,"area_m2":72},"geometry":{"type":"Polygon","coordinates":[[[120.8026635,17.1102569],[120.8026435,17.1102083],[120.8025295,17.1102495],[120.8025541,17.1102937],[120.8026635,17.1102569]]]}},{"type":"Feature","properties":{"barangay_slug":"tamboan","barangay_name":"Tamboan","osm_id":"w979346338","osm_type":"way","building":"yes","name":null,"addr":null,"area_m2":60},"geometry":{"type":"Polygon","coordinates":[[[120.8031747,17.1098788],[120.803172,17.1098185],[120.8030902,17.1098249],[120.8030862,17.1098839],[120.8031747,17.1098788]]]}},{"type":"Feature","properties":{"barangay_slug":"tamboan","barangay_name":"Tamboan","osm_id":"w979346339","osm_type":"way","building":"yes","name":null,"addr":null,"area_m2":62},"geometry":{"type":"Polygon","coordinates":[[[120.8034738,17.1097301],[120.803451,17.1096583],[120.8033839,17.109675],[120.8034067,17.109748],[120.8034738,17.1097301]]]}},{"type":"Feature","properties":{"barangay_slug":"tamboan","barangay_name":"Tamboan","osm_id":"w979346340","osm_type":"way","building":"yes","name":null,"addr":null,"area_m2":65},"geometry":{"type":"Polygon","coordinates":[[[120.8026785,17.1098314],[120.8026705,17.1097532],[120.802594,17.1097916],[120.8026021,17.1098506],[120.8026785,17.1098314]]]}},{"type":"Feature","properties":{"barangay_slug":"tamboan","barangay_name":"Tamboan","osm_id":"w979346414","osm_type":"way","building":"yes","name":null,"addr":null,"area_m2":65},"geometry":{"type":"Polygon","coordinates":[[[120.8026501,17.1099325],[120.8027426,17.1099197],[120.8027225,17.1098607],[120.8026353,17.1098748],[120.8026501,17.1099325]]]}},{"type":"Feature","properties":{"barangay_slug":"tamboan","barangay_name":"Tamboan","osm_id":"w979346477","osm_type":"way","building":"yes","name":null,"addr":null,"area_m2":57},"geometry":{"type":"Polygon","coordinates":[[[120.8027907,17.1100979],[120.8027805,17.1100173],[120.8027134,17.1100358],[120.8027459,17.1101135],[120.8027907,17.1100979]]]}},{"type":"Feature","properties":{"barangay_slug":"tamboan","barangay_name":"Tamboan","osm_id":"w979346505","osm_type":"way","building":"yes","name":null,"addr":null,"area_m2":45},"geometry":{"type":"Polygon","coordinates":[[[120.8028232,17.1102514],[120.8028608,17.1102067],[120.80281,17.1101698],[120.8027703,17.1102203],[120.8028232,17.1102514]]]}},{"type":"Feature","properties":{"barangay_slug":"tamboan","barangay_name":"Tamboan","osm_id":"w979346596","osm_type":"way","building":"yes","name":null,"addr":null,"area_m2":56},"geometry":{"type":"Polygon","coordinates":[[[120.8029584,17.1101902],[120.8030082,17.1101504],[120.8029665,17.110095],[120.8029096,17.1101494],[120.8029584,17.1101902]]]}},{"type":"Feature","properties":{"barangay_slug":"tamboan","barangay_name":"Tamboan","osm_id":"w979346621","osm_type":"way","building":"yes","name":null,"addr":null,"area_m2":46},"geometry":{"type":"Polygon","coordinates":[[[120.8034469,17.1099133],[120.8034515,17.1098529],[120.8033914,17.10985],[120.8033853,17.1099162],[120.8034469,17.1099133]]]}},{"type":"Feature","properties":{"barangay_slug":"tamboan","barangay_name":"Tamboan","osm_id":"w979346696","osm_type":"way","building":"yes","name":null,"addr":null,"area_m2":52},"geometry":{"type":"Polygon","coordinates":[[[120.8029632,17.1106112],[120.8030248,17.1105891],[120.8029955,17.1105229],[120.8029339,17.1105626],[120.8029632,17.1106112]]]}},{"type":"Feature","properties":{"barangay_slug":"tamboan","barangay_name":"Tamboan","osm_id":"w979346744","osm_type":"way","building":"yes","name":null,"addr":null,"area_m2":86},"geometry":{"type":"Polygon","coordinates":[[[120.803021,17.1100696],[120.8030476,17.1099816],[120.8031378,17.1100138],[120.80309,17.1100865],[120.803021,17.1100696]]]}},{"type":"Feature","properties":{"barangay_slug":"tamboan","barangay_name":"Tamboan","osm_id":"w979346927","osm_type":"way","building":"yes","name":null,"addr":null,"area_m2":52},"geometry":{"type":"Polygon","coordinates":[[[120.8032723,17.1098184],[120.8032741,17.1097609],[120.8031927,17.1097609],[120.8032015,17.1098184],[120.8032723,17.1098184]]]}},{"type":"Feature","properties":{"barangay_slug":"tamboan","barangay_name":"Tamboan","osm_id":"w979347750","osm_type":"way","building":"yes","name":null,"addr":null,"area_m2":57},"geometry":{"type":"Polygon","coordinates":[[[120.8030971,17.1093415],[120.803152,17.1093195],[120.8031077,17.1092485],[120.8030511,17.109289],[120.8030971,17.1093415]]]}},{"type":"Feature","properties":{"barangay_slug":"tamboan","barangay_name":"Tamboan","osm_id":"w979347751","osm_type":"way","building":"yes","name":null,"addr":null,"area_m2":27},"geometry":{"type":"Polygon","coordinates":[[[120.8027574,17.109629],[120.8027574,17.1095766],[120.8027184,17.1095715],[120.8027096,17.1096222],[120.8027574,17.109629]]]}},{"type":"Feature","properties":{"barangay_slug":"tamboan","barangay_name":"Tamboan","osm_id":"w979347752","osm_type":"way","building":"yes","name":null,"addr":null,"area_m2":55},"geometry":{"type":"Polygon","coordinates":[[[120.8030228,17.1093973],[120.8030051,17.1093364],[120.8029308,17.1093702],[120.802952,17.1094227],[120.8030228,17.1093973]]]}},{"type":"Feature","properties":{"barangay_slug":"tamboan","barangay_name":"Tamboan","osm_id":"w979347753","osm_type":"way","building":"yes","name":null,"addr":null,"area_m2":22},"geometry":{"type":"Polygon","coordinates":[[[120.8034723,17.1095461],[120.8035165,17.1095427],[120.8035165,17.1095055],[120.8034634,17.1095055],[120.8034723,17.1095461]]]}},{"type":"Feature","properties":{"barangay_slug":"tamboan","barangay_name":"Tamboan","osm_id":"w979347754","osm_type":"way","building":"yes","name":null,"addr":null,"area_m2":48},"geometry":{"type":"Polygon","coordinates":[[[120.8037837,17.1100129],[120.8037926,17.1099554],[120.8037359,17.1099385],[120.8037147,17.1100045],[120.8037837,17.1100129]]]}},{"type":"Feature","properties":{"barangay_slug":"tamboan","barangay_name":"Tamboan","osm_id":"w979348266","osm_type":"way","building":"yes","name":null,"addr":null,"area_m2":31},"geometry":{"type":"Polygon","coordinates":[[[120.8036307,17.1101372],[120.80366,17.1101019],[120.8036092,17.1100754],[120.8035768,17.1101092],[120.8036307,17.1101372]]]}},{"type":"Feature","properties":{"barangay_slug":"tamboan","barangay_name":"Tamboan","osm_id":"w979348267","osm_type":"way","building":"yes","name":null,"addr":null,"area_m2":40},"geometry":{"type":"Polygon","coordinates":[[[120.8037186,17.1105818],[120.803737,17.1105332],[120.803791,17.1105377],[120.8037802,17.1105995],[120.8037186,17.1105818]]]}},{"type":"Feature","properties":{"barangay_slug":"tamboan","barangay_name":"Tamboan","osm_id":"w979348268","osm_type":"way","building":"yes","name":null,"addr":null,"area_m2":56},"geometry":{"type":"Polygon","coordinates":[[[120.8026224,17.1104166],[120.8026808,17.1103692],[120.802649,17.1103235],[120.8025747,17.1103827],[120.8026224,17.1104166]]]}},{"type":"Feature","properties":{"barangay_slug":"tamboan","barangay_name":"Tamboan","osm_id":"w979348269","osm_type":"way","building":"yes","name":null,"addr":null,"area_m2":38},"geometry":{"type":"Polygon","coordinates":[[[120.803555,17.1106297],[120.8036028,17.1106347],[120.8036063,17.1105806],[120.8035409,17.1105688],[120.803555,17.1106297]]]}},{"type":"Feature","properties":{"barangay_slug":"tamboan","barangay_name":"Tamboan","osm_id":"w979348639","osm_type":"way","building":"yes","name":null,"addr":null,"area_m2":47},"geometry":{"type":"Polygon","coordinates":[[[120.8033802,17.1104068],[120.8034082,17.1103644],[120.8033405,17.1103331],[120.8033101,17.1103822],[120.8033802,17.1104068]]]}},{"type":"Feature","properties":{"barangay_slug":"tamboan","barangay_name":"Tamboan","osm_id":"w979348640","osm_type":"way","building":"yes","name":null,"addr":null,"area_m2":39},"geometry":{"type":"Polygon","coordinates":[[[120.8039039,17.1101294],[120.8039021,17.1101869],[120.8039588,17.1101819],[120.8039588,17.110121],[120.8039039,17.1101294]]]}},{"type":"Feature","properties":{"barangay_slug":"tamboan","barangay_name":"Tamboan","osm_id":"w979348641","osm_type":"way","building":"yes","name":null,"addr":null,"area_m2":49},"geometry":{"type":"Polygon","coordinates":[[[120.8030881,17.1105742],[120.8031448,17.11051],[120.8031129,17.1104762],[120.803051,17.1105489],[120.8030881,17.1105742]]]}},{"type":"Feature","properties":{"barangay_slug":"tamboan","barangay_name":"Tamboan","osm_id":"w979348912","osm_type":"way","building":"yes","name":null,"addr":null,"area_m2":56},"geometry":{"type":"Polygon","coordinates":[[[120.8033223,17.1116795],[120.8033531,17.1116236],[120.803273,17.1116074],[120.8032468,17.1116604],[120.8033223,17.1116795]]]}},{"type":"Feature","properties":{"barangay_slug":"tamboan","barangay_name":"Tamboan","osm_id":"w979348913","osm_type":"way","building":"yes","name":null,"addr":null,"area_m2":46},"geometry":{"type":"Polygon","coordinates":[[[120.8030142,17.1118106],[120.8030604,17.1117885],[120.8030065,17.1117355],[120.8029541,17.111762],[120.8030142,17.1118106]]]}},{"type":"Feature","properties":{"barangay_slug":"tamboan","barangay_name":"Tamboan","osm_id":"w979349135","osm_type":"way","building":"yes","name":null,"addr":null,"area_m2":53},"geometry":{"type":"Polygon","coordinates":[[[120.8024801,17.1112162],[120.8025605,17.1112226],[120.8025766,17.1111675],[120.8024894,17.1111649],[120.8024801,17.1112162]]]}},{"type":"Feature","properties":{"barangay_slug":"tamboan","barangay_name":"Tamboan","osm_id":"w979349136","osm_type":"way","building":"yes","name":null,"addr":null,"area_m2":110},"geometry":{"type":"Polygon","coordinates":[[[120.8020925,17.1113752],[120.8021649,17.1113636],[120.8021448,17.1112431],[120.802067,17.1112547],[120.8020925,17.1113752]]]}},{"type":"Feature","properties":{"barangay_slug":"tamboan","barangay_name":"Tamboan","osm_id":"w979349137","osm_type":"way","building":"yes","name":null,"addr":null,"area_m2":60},"geometry":{"type":"Polygon","coordinates":[[[120.8025632,17.1110791],[120.8026142,17.1110727],[120.8025994,17.1109829],[120.8025377,17.110997],[120.8025632,17.1110791]]]}},{"type":"Feature","properties":{"barangay_slug":"tamboan","barangay_name":"Tamboan","osm_id":"w979349138","osm_type":"way","building":"yes","name":null,"addr":null,"area_m2":67},"geometry":{"type":"Polygon","coordinates":[[[120.8026458,17.1114764],[120.8026405,17.1114122],[120.8025556,17.1114206],[120.8025343,17.1114731],[120.8026458,17.1114764]]]}},{"type":"Feature","properties":{"barangay_slug":"tamboan","barangay_name":"Tamboan","osm_id":"w979349572","osm_type":"way","building":"yes","name":null,"addr":null,"area_m2":34},"geometry":{"type":"Polygon","coordinates":[[[120.8033268,17.1112684],[120.8033653,17.1112684],[120.8033453,17.1111992],[120.8032991,17.1112065],[120.8033268,17.1112684]]]}},{"type":"Feature","properties":{"barangay_slug":"tamboan","barangay_name":"Tamboan","osm_id":"w979349573","osm_type":"way","building":"yes","name":null,"addr":null,"area_m2":74},"geometry":{"type":"Polygon","coordinates":[[[120.8024613,17.1122009],[120.8025477,17.1121406],[120.8024893,17.1121049],[120.8024099,17.1121652],[120.8024613,17.1122009]]]}},{"type":"Feature","properties":{"barangay_slug":"tamboan","barangay_name":"Tamboan","osm_id":"w979349574","osm_type":"way","building":"yes","name":null,"addr":null,"area_m2":67},"geometry":{"type":"Polygon","coordinates":[[[120.8032342,17.1120045],[120.8032645,17.1119308],[120.8031945,17.1119241],[120.8031408,17.1119643],[120.8032342,17.1120045]]]}},{"type":"Feature","properties":{"barangay_slug":"tamboan","barangay_name":"Tamboan","osm_id":"w979349575","osm_type":"way","building":"yes","name":null,"addr":null,"area_m2":30},"geometry":{"type":"Polygon","coordinates":[[[120.8036568,17.1111178],[120.8036937,17.1111104],[120.8036799,17.1110501],[120.8036367,17.1110545],[120.8036568,17.1111178]]]}},{"type":"Feature","properties":{"barangay_slug":"tamboan","barangay_name":"Tamboan","osm_id":"w979349576","osm_type":"way","building":"yes","name":null,"addr":null,"area_m2":80},"geometry":{"type":"Polygon","coordinates":[[[120.8028824,17.1119946],[120.8029317,17.1119563],[120.8028639,17.1118709],[120.8028146,17.1119092],[120.8028824,17.1119946]]]}},{"type":"Feature","properties":{"barangay_slug":"tamboan","barangay_name":"Tamboan","osm_id":"w979349706","osm_type":"way","building":"yes","name":null,"addr":null,"area_m2":36},"geometry":{"type":"Polygon","coordinates":[[[120.803122,17.1126631],[120.8031892,17.1126123],[120.8031804,17.1125768],[120.8031149,17.1126191],[120.803122,17.1126631]]]}},{"type":"Feature","properties":{"barangay_slug":"tamboan","barangay_name":"Tamboan","osm_id":"w979349707","osm_type":"way","building":"yes","name":null,"addr":null,"area_m2":44},"geometry":{"type":"Polygon","coordinates":[[[120.8031131,17.1132466],[120.8031202,17.1132094],[120.8030176,17.113206],[120.8030211,17.1132449],[120.8031131,17.1132466]]]}},{"type":"Feature","properties":{"barangay_slug":"tamboan","barangay_name":"Tamboan","osm_id":"w979350083","osm_type":"way","building":"yes","name":null,"addr":null,"area_m2":69},"geometry":{"type":"Polygon","coordinates":[[[120.8024762,17.1097027],[120.8025293,17.1096536],[120.8024603,17.1095978],[120.8024161,17.1096418],[120.8024762,17.1097027]]]}},{"type":"Feature","properties":{"barangay_slug":"tamboan","barangay_name":"Tamboan","osm_id":"w979350357","osm_type":"way","building":"yes","name":null,"addr":null,"area_m2":60},"geometry":{"type":"Polygon","coordinates":[[[120.8021938,17.1095859],[120.8022421,17.1095628],[120.8021884,17.1094834],[120.8021401,17.1094987],[120.8021938,17.1095859]]]}},{"type":"Feature","properties":{"barangay_slug":"tamboan","barangay_name":"Tamboan","osm_id":"w979350358","osm_type":"way","building":"yes","name":null,"addr":null,"area_m2":69},"geometry":{"type":"Polygon","coordinates":[[[120.8017459,17.1095885],[120.8018129,17.1095577],[120.8017754,17.1094859],[120.801719,17.109491],[120.8017459,17.1095885]]]}},{"type":"Feature","properties":{"barangay_slug":"tamboan","barangay_name":"Tamboan","osm_id":"w979350359","osm_type":"way","building":"yes","name":null,"addr":null,"area_m2":59},"geometry":{"type":"Polygon","coordinates":[[[120.801542,17.1092937],[120.8016225,17.1092988],[120.8016305,17.1092398],[120.8015474,17.1092321],[120.801542,17.1092937]]]}},{"type":"Feature","properties":{"barangay_slug":"tamboan","barangay_name":"Tamboan","osm_id":"w979350360","osm_type":"way","building":"yes","name":null,"addr":null,"area_m2":101},"geometry":{"type":"Polygon","coordinates":[[[120.8023976,17.1095526],[120.8025287,17.1095497],[120.8025022,17.1094782],[120.8024057,17.1094731],[120.8023976,17.1095526]]]}},{"type":"Feature","properties":{"barangay_slug":"tamboan","barangay_name":"Tamboan","osm_id":"w979350731","osm_type":"way","building":"yes","name":null,"addr":null,"area_m2":52},"geometry":{"type":"Polygon","coordinates":[[[120.8036463,17.1094776],[120.8036323,17.1093928],[120.8035763,17.1093995],[120.803581,17.109462],[120.8036463,17.1094776]]]}},{"type":"Feature","properties":{"barangay_slug":"tamboan","barangay_name":"Tamboan","osm_id":"w979350732","osm_type":"way","building":"yes","name":null,"addr":null,"area_m2":52},"geometry":{"type":"Polygon","coordinates":[[[120.804083,17.110339],[120.804076,17.110252],[120.8040176,17.1102654],[120.8040246,17.1103279],[120.804083,17.110339]]]}},{"type":"Feature","properties":{"barangay_slug":"tamboan","barangay_name":"Tamboan","osm_id":"w979350733","osm_type":"way","building":"yes","name":null,"addr":null,"area_m2":97},"geometry":{"type":"Polygon","coordinates":[[[120.80271,17.1098079],[120.8028081,17.1098012],[120.8027987,17.1097119],[120.80271,17.1097231],[120.80271,17.1098079]]]}},{"type":"Feature","properties":{"barangay_slug":"tamboan","barangay_name":"Tamboan","osm_id":"w979350734","osm_type":"way","building":"yes","name":null,"addr":null,"area_m2":82},"geometry":{"type":"Polygon","coordinates":[[[120.8028338,17.1100244],[120.8029131,17.1099864],[120.8028828,17.1099195],[120.8027917,17.1099619],[120.8028338,17.1100244]]]}},{"type":"Feature","properties":{"barangay_slug":"tamboan","barangay_name":"Tamboan","osm_id":"w979350735","osm_type":"way","building":"yes","name":null,"addr":null,"area_m2":78},"geometry":{"type":"Polygon","coordinates":[[[120.8028548,17.1098391],[120.8029388,17.1098369],[120.8029295,17.1097588],[120.8028408,17.1097655],[120.8028548,17.1098391]]]}},{"type":"Feature","properties":{"barangay_slug":"tamboan","barangay_name":"Tamboan","osm_id":"w979351384","osm_type":"way","building":"yes","name":null,"addr":null,"area_m2":110},"geometry":{"type":"Polygon","coordinates":[[[120.802214,17.1099558],[120.8023095,17.1099203],[120.8022671,17.1098306],[120.8021768,17.1098814],[120.802214,17.1099558]]]}},{"type":"Feature","properties":{"barangay_slug":"tamboan","barangay_name":"Tamboan","osm_id":"w979351385","osm_type":"way","building":"yes","name":null,"addr":null,"area_m2":98},"geometry":{"type":"Polygon","coordinates":[[[120.8024139,17.1098797],[120.8025024,17.1098492],[120.8024458,17.1097714],[120.8023626,17.1098052],[120.8024139,17.1098797]]]}},{"type":"Feature","properties":{"barangay_slug":"tamboan","barangay_name":"Tamboan","osm_id":"w979351386","osm_type":"way","building":"yes","name":null,"addr":null,"area_m2":60},"geometry":{"type":"Polygon","coordinates":[[[120.802175,17.1100471],[120.8022281,17.1100742],[120.8022564,17.1099761],[120.8022104,17.1099659],[120.802175,17.1100471]]]}},{"type":"Feature","properties":{"barangay_slug":"catengan","barangay_name":"Catengan","osm_id":"w979358944","osm_type":"way","building":"yes","name":null,"addr":null,"area_m2":27},"geometry":{"type":"Polygon","coordinates":[[[120.7975561,17.0909418],[120.7975843,17.0908995],[120.797536,17.0908829],[120.7975185,17.0909367],[120.7975561,17.0909418]]]}},{"type":"Feature","properties":{"barangay_slug":"catengan","barangay_name":"Catengan","osm_id":"w979358945","osm_type":"way","building":"yes","name":null,"addr":null,"area_m2":36},"geometry":{"type":"Polygon","coordinates":[[[120.7975735,17.0910649],[120.7976084,17.091061],[120.7976299,17.0909957],[120.7975776,17.0909893],[120.7975735,17.0910649]]]}},{"type":"Feature","properties":{"barangay_slug":"catengan","barangay_name":"Catengan","osm_id":"w979358946","osm_type":"way","building":"yes","name":null,"addr":null,"area_m2":89},"geometry":{"type":"Polygon","coordinates":[[[120.7972222,17.0906778],[120.797304,17.0906149],[120.7972141,17.0905765],[120.7971551,17.0906137],[120.7972222,17.0906778]]]}},{"type":"Feature","properties":{"barangay_slug":"suquib","barangay_name":"Suquib","osm_id":"w991544444","osm_type":"way","building":"yes","name":null,"addr":null,"area_m2":56},"geometry":{"type":"Polygon","coordinates":[[[120.8706003,17.0839084],[120.8706339,17.0839453],[120.870707,17.0838847],[120.8706734,17.0838477],[120.8706003,17.0839084]]]}},{"type":"Feature","properties":{"barangay_slug":"suquib","barangay_name":"Suquib","osm_id":"w991544445","osm_type":"way","building":"residential","name":null,"addr":null,"area_m2":45},"geometry":{"type":"Polygon","coordinates":[[[120.8709785,17.0835674],[120.8709276,17.0836097],[120.8709343,17.0836545],[120.8709866,17.083643],[120.8709839,17.0836084],[120.8710054,17.0835904],[120.8709785,17.0835674]]]}},{"type":"Feature","properties":{"barangay_slug":"suquib","barangay_name":"Suquib","osm_id":"w991544446","osm_type":"way","building":"yes","name":null,"addr":null,"area_m2":24},"geometry":{"type":"Polygon","coordinates":[[[120.8709115,17.0835622],[120.8709323,17.0835846],[120.8709819,17.0835423],[120.8709611,17.0835199],[120.8709115,17.0835622]]]}},{"type":"Feature","properties":{"barangay_slug":"suquib","barangay_name":"Suquib","osm_id":"w991544447","osm_type":"way","building":"yes","name":null,"addr":null,"area_m2":68},"geometry":{"type":"Polygon","coordinates":[[[120.871115,17.0834187],[120.871172,17.0834613],[120.871223,17.083399],[120.871166,17.0833563],[120.871115,17.0834187]]]}},{"type":"Feature","properties":{"barangay_slug":"suquib","barangay_name":"Suquib","osm_id":"w991544448","osm_type":"way","building":"yes","name":null,"addr":null,"area_m2":52},"geometry":{"type":"Polygon","coordinates":[[[120.8704548,17.0833597],[120.8704924,17.0834122],[120.8705493,17.0833751],[120.8705118,17.0833225],[120.8704548,17.0833597]]]}},{"type":"Feature","properties":{"barangay_slug":"suquib","barangay_name":"Suquib","osm_id":"w991544449","osm_type":"way","building":"yes","name":null,"addr":null,"area_m2":24},"geometry":{"type":"Polygon","coordinates":[[[120.8701698,17.0835654],[120.8702262,17.0835654],[120.8702262,17.0835295],[120.8701698,17.0835295],[120.8701698,17.0835654]]]}},{"type":"Feature","properties":{"barangay_slug":"suquib","barangay_name":"Suquib","osm_id":"w991544450","osm_type":"way","building":"yes","name":null,"addr":null,"area_m2":60},"geometry":{"type":"Polygon","coordinates":[[[120.8700485,17.0832937],[120.8700103,17.0833251],[120.8700786,17.0834011],[120.8701168,17.0833697],[120.8700485,17.0832937]]]}},{"type":"Feature","properties":{"barangay_slug":"suquib","barangay_name":"Suquib","osm_id":"w991544451","osm_type":"way","building":"yes","name":null,"addr":null,"area_m2":80},"geometry":{"type":"Polygon","coordinates":[[[120.8697943,17.0840737],[120.8697748,17.0841446],[120.869864,17.0841671],[120.8698835,17.0840962],[120.8697943,17.0840737]]]}},{"type":"Feature","properties":{"barangay_slug":"suquib","barangay_name":"Suquib","osm_id":"w991544452","osm_type":"way","building":"yes","name":null,"addr":null,"area_m2":21},"geometry":{"type":"Polygon","coordinates":[[[120.8696985,17.0840983],[120.8697171,17.0840442],[120.8696874,17.0840349],[120.8696689,17.084089],[120.8696985,17.0840983]]]}},{"type":"Feature","properties":{"barangay_slug":"suquib","barangay_name":"Suquib","osm_id":"w991544453","osm_type":"way","building":"yes","name":null,"addr":null,"area_m2":118},"geometry":{"type":"Polygon","coordinates":[[[120.8698031,17.084025],[120.8697313,17.0840026],[120.8697171,17.0840442],[120.8696985,17.0840983],[120.8696885,17.0841278],[120.8697602,17.0841502],[120.8698031,17.084025]]]}},{"type":"Feature","properties":{"barangay_slug":"suquib","barangay_name":"Suquib","osm_id":"w991544454","osm_type":"way","building":"yes","name":null,"addr":null,"area_m2":74},"geometry":{"type":"Polygon","coordinates":[[[120.869565,17.0839481],[120.8694859,17.0839481],[120.8694859,17.0840276],[120.869565,17.0840276],[120.869565,17.0839481]]]}},{"type":"Feature","properties":{"barangay_slug":"suquib","barangay_name":"Suquib","osm_id":"w991544455","osm_type":"way","building":"yes","name":null,"addr":null,"area_m2":34},"geometry":{"type":"Polygon","coordinates":[[[120.869675,17.0839481],[120.8695838,17.0839481],[120.8695838,17.0839801],[120.869675,17.0839801],[120.869675,17.0839481]]]}},{"type":"Feature","properties":{"barangay_slug":"suquib","barangay_name":"Suquib","osm_id":"w991544456","osm_type":"way","building":"yes","name":null,"addr":null,"area_m2":126},"geometry":{"type":"Polygon","coordinates":[[[120.8701363,17.0832892],[120.8702637,17.0832828],[120.8702591,17.0831991],[120.8701317,17.0832055],[120.8701363,17.0832892]]]}},{"type":"Feature","properties":{"barangay_slug":"besao-east","barangay_name":"Besao East (Besao Proper)","osm_id":"w991545409","osm_type":"way","building":"yes","name":null,"addr":null,"area_m2":29},"geometry":{"type":"Polygon","coordinates":[[[120.8662055,17.0847474],[120.866164,17.0847711],[120.8661908,17.084814],[120.8662323,17.0847903],[120.8662055,17.0847474]]]}},{"type":"Feature","properties":{"barangay_slug":"besao-east","barangay_name":"Besao East (Besao Proper)","osm_id":"w991545410","osm_type":"way","building":"yes","name":null,"addr":null,"area_m2":19},"geometry":{"type":"Polygon","coordinates":[[[120.8661264,17.0848003],[120.8661519,17.0848317],[120.866184,17.0848079],[120.8661585,17.0847765],[120.8661264,17.0848003]]]}},{"type":"Feature","properties":{"barangay_slug":"besao-east","barangay_name":"Besao East (Besao Proper)","osm_id":"w991545411","osm_type":"way","building":"yes","name":null,"addr":null,"area_m2":44},"geometry":{"type":"Polygon","coordinates":[[[120.8663115,17.0841506],[120.8662431,17.0841519],[120.8662442,17.0842058],[120.8663126,17.0842045],[120.8663115,17.0841506]]]}},{"type":"Feature","properties":{"barangay_slug":"besao-east","barangay_name":"Besao East (Besao Proper)","osm_id":"w991545412","osm_type":"way","building":"yes","name":null,"addr":null,"area_m2":24},"geometry":{"type":"Polygon","coordinates":[[[120.8661827,17.0838571],[120.8661345,17.0839071],[120.8661561,17.0839261],[120.8662044,17.0838761],[120.8661827,17.0838571]]]}},{"type":"Feature","properties":{"barangay_slug":"besao-east","barangay_name":"Besao East (Besao Proper)","osm_id":"w991545413","osm_type":"way","building":"yes","name":null,"addr":null,"area_m2":28},"geometry":{"type":"Polygon","coordinates":[[[120.8665314,17.0836263],[120.8665094,17.083658],[120.8665617,17.0836913],[120.8665837,17.0836597],[120.8665314,17.0836263]]]}},{"type":"Feature","properties":{"barangay_slug":"besao-east","barangay_name":"Besao East (Besao Proper)","osm_id":"w991545414","osm_type":"way","building":"yes","name":null,"addr":null,"area_m2":44},"geometry":{"type":"Polygon","coordinates":[[[120.8662404,17.0849826],[120.8661425,17.08498],[120.8661414,17.0850183],[120.8662393,17.0850209],[120.8662404,17.0849826]]]}},{"type":"Feature","properties":{"barangay_slug":"besao-east","barangay_name":"Besao East (Besao Proper)","osm_id":"w991545415","osm_type":"way","building":"yes","name":null,"addr":null,"area_m2":30},"geometry":{"type":"Polygon","coordinates":[[[120.8666119,17.0853787],[120.8665462,17.0853774],[120.8665454,17.0854159],[120.8666111,17.0854172],[120.8666119,17.0853787]]]}},{"type":"Feature","properties":{"barangay_slug":"besao-east","barangay_name":"Besao East (Besao Proper)","osm_id":"w991545416","osm_type":"way","building":"yes","name":null,"addr":null,"area_m2":65},"geometry":{"type":"Polygon","coordinates":[[[120.8665301,17.0853377],[120.8664523,17.0853351],[120.8664498,17.0854053],[120.8665276,17.0854079],[120.8665301,17.0853377]]]}},{"type":"Feature","properties":{"barangay_slug":"besao-east","barangay_name":"Besao East (Besao Proper)","osm_id":"w991545417","osm_type":"way","building":"yes","name":null,"addr":null,"area_m2":148},"geometry":{"type":"Polygon","coordinates":[[[120.866286,17.0853274],[120.8662847,17.0854185],[120.8664223,17.0854203],[120.8664236,17.0853293],[120.866286,17.0853274]]]}},{"type":"Feature","properties":{"barangay_slug":"besao-east","barangay_name":"Besao East (Besao Proper)","osm_id":"w991545418","osm_type":"way","building":"yes","name":null,"addr":null,"area_m2":49},"geometry":{"type":"Polygon","coordinates":[[[120.866857,17.0852977],[120.8669448,17.0853022],[120.8669475,17.0852548],[120.8668597,17.0852502],[120.866857,17.0852977]]]}},{"type":"Feature","properties":{"barangay_slug":"besao-east","barangay_name":"Besao East (Besao Proper)","osm_id":"w991545419","osm_type":"way","building":"yes","name":null,"addr":null,"area_m2":53},"geometry":{"type":"Polygon","coordinates":[[[120.8667634,17.0852928],[120.866857,17.0852977],[120.8668597,17.0852502],[120.8667661,17.0852454],[120.8667634,17.0852928]]]}},{"type":"Feature","properties":{"barangay_slug":"besao-east","barangay_name":"Besao East (Besao Proper)","osm_id":"w991545420","osm_type":"way","building":"yes","name":null,"addr":null,"area_m2":67},"geometry":{"type":"Polygon","coordinates":[[[120.8666508,17.085298],[120.866738,17.0852903],[120.8667317,17.0852257],[120.8666445,17.0852334],[120.8666508,17.085298]]]}},{"type":"Feature","properties":{"barangay_slug":"besao-east","barangay_name":"Besao East (Besao Proper)","osm_id":"w991545421","osm_type":"way","building":"yes","name":null,"addr":null,"area_m2":40},"geometry":{"type":"Polygon","coordinates":[[[120.8665556,17.085298],[120.866624,17.085298],[120.866624,17.085248],[120.8665556,17.085248],[120.8665556,17.085298]]]}},{"type":"Feature","properties":{"barangay_slug":"besao-east","barangay_name":"Besao East (Besao Proper)","osm_id":"w991545422","osm_type":"way","building":"yes","name":null,"addr":null,"area_m2":50},"geometry":{"type":"Polygon","coordinates":[[[120.8664322,17.0852723],[120.8665011,17.0852807],[120.8665092,17.0852205],[120.8664402,17.0852121],[120.8664322,17.0852723]]]}},{"type":"Feature","properties":{"barangay_slug":"besao-east","barangay_name":"Besao East (Besao Proper)","osm_id":"w991545423","osm_type":"way","building":"yes","name":null,"addr":null,"area_m2":26},"geometry":{"type":"Polygon","coordinates":[[[120.8663343,17.0852775],[120.8663946,17.0852787],[120.8663955,17.0852417],[120.8663351,17.0852405],[120.8663343,17.0852775]]]}},{"type":"Feature","properties":{"barangay_slug":"besao-east","barangay_name":"Besao East (Besao Proper)","osm_id":"w991545424","osm_type":"way","building":"yes","name":null,"addr":null,"area_m2":88},"geometry":{"type":"Polygon","coordinates":[[[120.8666454,17.0847672],[120.8665082,17.0847735],[120.8665109,17.0848273],[120.8666481,17.0848211],[120.8666454,17.0847672]]]}},{"type":"Feature","properties":{"barangay_slug":"besao-east","barangay_name":"Besao East (Besao Proper)","osm_id":"w991545425","osm_type":"way","building":"yes","name":null,"addr":null,"area_m2":74},"geometry":{"type":"Polygon","coordinates":[[[120.8668721,17.0848608],[120.8669324,17.0848839],[120.8669698,17.0847946],[120.8669094,17.0847715],[120.8668721,17.0848608]]]}},{"type":"Feature","properties":{"barangay_slug":"besao-east","barangay_name":"Besao East (Besao Proper)","osm_id":"w991545426","osm_type":"way","building":"yes","name":null,"addr":null,"area_m2":81},"geometry":{"type":"Polygon","coordinates":[[[120.8667701,17.0848519],[120.8667575,17.0849451],[120.8668299,17.0849541],[120.8668426,17.0848608],[120.8667701,17.0848519]]]}},{"type":"Feature","properties":{"barangay_slug":"suquib","barangay_name":"Suquib","osm_id":"w991547176","osm_type":"way","building":"residential","name":null,"addr":null,"area_m2":27},"geometry":{"type":"Polygon","coordinates":[[[120.8712769,17.0841309],[120.8712333,17.0841588],[120.8712079,17.0841226],[120.8712515,17.0840947],[120.8712769,17.0841309]]]}},{"type":"Feature","properties":{"barangay_slug":"suquib","barangay_name":"Suquib","osm_id":"w991547177","osm_type":"way","building":"residential","name":null,"addr":null,"area_m2":40},"geometry":{"type":"Polygon","coordinates":[[[120.871402,17.0842346],[120.8713687,17.0842806],[120.8714182,17.0843133],[120.8714514,17.0842673],[120.871402,17.0842346]]]}},{"type":"Feature","properties":{"barangay_slug":"suquib","barangay_name":"Suquib","osm_id":"w991547178","osm_type":"way","building":"residential","name":null,"addr":null,"area_m2":53},"geometry":{"type":"Polygon","coordinates":[[[120.871402,17.0842346],[120.8714514,17.0842673],[120.8714937,17.0842017],[120.8714439,17.0841728],[120.871402,17.0842346]]]}},{"type":"Feature","properties":{"barangay_slug":"suquib","barangay_name":"Suquib","osm_id":"w991547179","osm_type":"way","building":"residential","name":null,"addr":null,"area_m2":46},"geometry":{"type":"Polygon","coordinates":[[[120.8714761,17.084117],[120.8715307,17.0841474],[120.8714937,17.0842017],[120.8714439,17.0841728],[120.8714761,17.084117]]]}},{"type":"Feature","properties":{"barangay_slug":"suquib","barangay_name":"Suquib","osm_id":"w991547180","osm_type":"way","building":"residential","name":null,"addr":null,"area_m2":45},"geometry":{"type":"Polygon","coordinates":[[[120.8711935,17.0841031],[120.8711157,17.084102],[120.8711149,17.0841513],[120.8711569,17.084152],[120.8711927,17.0841525],[120.8711935,17.0841031]]]}},{"type":"Feature","properties":{"barangay_slug":"suquib","barangay_name":"Suquib","osm_id":"w991547181","osm_type":"way","building":"residential","name":null,"addr":null,"area_m2":54},"geometry":{"type":"Polygon","coordinates":[[[120.8711385,17.0840077],[120.871166,17.0840545],[120.8711391,17.084069],[120.8710922,17.0840942],[120.8710647,17.0840475],[120.8711385,17.0840077]]]}},{"type":"Feature","properties":{"barangay_slug":"suquib","barangay_name":"Suquib","osm_id":"w991547182","osm_type":"way","building":"residential","name":null,"addr":null,"area_m2":72},"geometry":{"type":"Polygon","coordinates":[[[120.8711709,17.0839952],[120.8711868,17.084057],[120.871223,17.0840484],[120.8712804,17.084035],[120.8712645,17.0839732],[120.8711709,17.0839952]]]}},{"type":"Feature","properties":{"barangay_slug":"suquib","barangay_name":"Suquib","osm_id":"w991547183","osm_type":"way","building":"residential","name":null,"addr":null,"area_m2":51},"geometry":{"type":"Polygon","coordinates":[[[120.8705046,17.0840863],[120.8704528,17.0841349],[120.870496,17.084177],[120.8705479,17.0841284],[120.8705046,17.0840863]]]}},{"type":"Feature","properties":{"barangay_slug":"suquib","barangay_name":"Suquib","osm_id":"w991547184","osm_type":"way","building":"residential","name":null,"addr":null,"area_m2":47},"geometry":{"type":"Polygon","coordinates":[[[120.8709072,17.0841294],[120.8709868,17.0840788],[120.871011,17.0841136],[120.8709314,17.0841642],[120.8709072,17.0841294]]]}},{"type":"Feature","properties":{"barangay_slug":"suquib","barangay_name":"Suquib","osm_id":"w991547185","osm_type":"way","building":"residential","name":null,"addr":null,"area_m2":113},"geometry":{"type":"Polygon","coordinates":[[[120.8709284,17.0839599],[120.8708758,17.0839843],[120.8709009,17.0840338],[120.8708649,17.0840506],[120.8708943,17.0841083],[120.870983,17.084067],[120.8709284,17.0839599]]]}},{"type":"Feature","properties":{"barangay_slug":"suquib","barangay_name":"Suquib","osm_id":"w991547186","osm_type":"way","building":"residential","name":null,"addr":null,"area_m2":45},"geometry":{"type":"Polygon","coordinates":[[[120.8711719,17.083922],[120.8712328,17.0838979],[120.8712559,17.0839512],[120.871195,17.0839753],[120.8711719,17.083922]]]}},{"type":"Feature","properties":{"barangay_slug":"suquib","barangay_name":"Suquib","osm_id":"w991547187","osm_type":"way","building":"residential","name":null,"addr":null,"area_m2":41},"geometry":{"type":"Polygon","coordinates":[[[120.8707701,17.0836035],[120.8707719,17.0836551],[120.8707052,17.0836572],[120.8707034,17.0836056],[120.8707701,17.0836035]]]}},{"type":"Feature","properties":{"barangay_slug":"suquib","barangay_name":"Suquib","osm_id":"w991547188","osm_type":"way","building":"residential","name":null,"addr":null,"area_m2":86},"geometry":{"type":"Polygon","coordinates":[[[120.8708738,17.0835701],[120.8708727,17.0836729],[120.8707884,17.0836721],[120.8707892,17.0835998],[120.8708349,17.0836003],[120.8708352,17.0835697],[120.8708738,17.0835701]]]}},{"type":"Feature","properties":{"barangay_slug":"suquib","barangay_name":"Suquib","osm_id":"w991547189","osm_type":"way","building":"residential","name":null,"addr":null,"area_m2":101},"geometry":{"type":"Polygon","coordinates":[[[120.8705476,17.0836599],[120.8706148,17.0835893],[120.8706989,17.0836626],[120.8706702,17.0836926],[120.8706391,17.0836655],[120.8706005,17.083706],[120.8705476,17.0836599]]]}},{"type":"Feature","properties":{"barangay_slug":"suquib","barangay_name":"Suquib","osm_id":"w991547190","osm_type":"way","building":"yes","name":null,"addr":null,"area_m2":43},"geometry":{"type":"Polygon","coordinates":[[[120.8704488,17.083675],[120.8704574,17.0837273],[120.8705258,17.0837171],[120.8705172,17.0836648],[120.8704488,17.083675]]]}},{"type":"Feature","properties":{"barangay_slug":"suquib","barangay_name":"Suquib","osm_id":"w991547191","osm_type":"way","building":"yes","name":null,"addr":null,"area_m2":41},"geometry":{"type":"Polygon","coordinates":[[[120.8706473,17.0837648],[120.870593,17.0837701],[120.8705997,17.0838329],[120.870654,17.0838276],[120.8706473,17.0837648]]]}},{"type":"Feature","properties":{"barangay_slug":"suquib","barangay_name":"Suquib","osm_id":"w991547192","osm_type":"way","building":"yes","name":null,"addr":null,"area_m2":65},"geometry":{"type":"Polygon","coordinates":[[[120.8706821,17.0832982],[120.870654,17.0833507],[120.8707371,17.0833914],[120.8707653,17.0833389],[120.8706821,17.0832982]]]}},{"type":"Feature","properties":{"barangay_slug":"suquib","barangay_name":"Suquib","osm_id":"w991547193","osm_type":"way","building":"yes","name":null,"addr":null,"area_m2":42},"geometry":{"type":"Polygon","coordinates":[[[120.8710818,17.0834994],[120.8710818,17.0835469],[120.8711569,17.0835469],[120.8711569,17.0834994],[120.8710818,17.0834994]]]}},{"type":"Feature","properties":{"barangay_slug":"suquib","barangay_name":"Suquib","osm_id":"w991547194","osm_type":"way","building":"yes","name":null,"addr":null,"area_m2":83},"geometry":{"type":"Polygon","coordinates":[[[120.87124,17.0841737],[120.8711707,17.0842099],[120.8712151,17.0842877],[120.8712844,17.0842515],[120.87124,17.0841737]]]}},{"type":"Feature","properties":{"barangay_slug":"suquib","barangay_name":"Suquib","osm_id":"w991547195","osm_type":"way","building":"yes","name":null,"addr":null,"area_m2":70},"geometry":{"type":"Polygon","coordinates":[[[120.87124,17.0841737],[120.8712844,17.0842515],[120.8713434,17.0842207],[120.8712991,17.0841429],[120.87124,17.0841737]]]}},{"type":"Feature","properties":{"barangay_slug":"suquib","barangay_name":"Suquib","osm_id":"w991547196","osm_type":"way","building":"yes","name":null,"addr":null,"area_m2":84},"geometry":{"type":"Polygon","coordinates":[[[120.8708391,17.0840494],[120.8707358,17.0840994],[120.8707649,17.0841542],[120.8708681,17.0841042],[120.8708391,17.0840494]]]}},{"type":"Feature","properties":{"barangay_slug":"suquib","barangay_name":"Suquib","osm_id":"w991547197","osm_type":"way","building":"residential","name":null,"addr":null,"area_m2":60},"geometry":{"type":"Polygon","coordinates":[[[120.8711046,17.0839122],[120.8710375,17.0839301],[120.8710582,17.0840005],[120.8711252,17.0839826],[120.8711046,17.0839122]]]}},{"type":"Feature","properties":{"barangay_slug":"suquib","barangay_name":"Suquib","osm_id":"w991547198","osm_type":"way","building":"yes","name":null,"addr":null,"area_m2":36},"geometry":{"type":"Polygon","coordinates":[[[120.8709826,17.0836802],[120.8709235,17.0837302],[120.8709501,17.0837589],[120.8710092,17.0837089],[120.8709826,17.0836802]]]}},{"type":"Feature","properties":{"barangay_slug":"kin-iway","barangay_name":"Kin-iway (Pob.)","osm_id":"w1168000413","osm_type":"way","building":"yes","name":null,"addr":null,"area_m2":28},"geometry":{"type":"Polygon","coordinates":[[[120.8595396,17.0970814],[120.8595286,17.0970288],[120.8595714,17.0970206],[120.8595824,17.0970733],[120.8595396,17.0970814]]]}},{"type":"Feature","properties":{"barangay_slug":"kin-iway","barangay_name":"Kin-iway (Pob.)","osm_id":"w1168000414","osm_type":"way","building":"yes","name":null,"addr":null,"area_m2":129},"geometry":{"type":"Polygon","coordinates":[[[120.8593675,17.0971099],[120.8593591,17.0970685],[120.8594015,17.0970606],[120.8593917,17.0970124],[120.8594897,17.0969943],[120.8595079,17.0970839],[120.8593675,17.0971099]]]}},{"type":"Feature","properties":{"barangay_slug":"kin-iway","barangay_name":"Kin-iway (Pob.)","osm_id":"w1168000419","osm_type":"way","building":"roof","name":null,"addr":null,"area_m2":146},"geometry":{"type":"Polygon","coordinates":[[[120.855277,17.095424],[120.8552764,17.095391],[120.8552759,17.0953583],[120.8554647,17.0953554],[120.8554639,17.0953822],[120.8554658,17.0954212],[120.855277,17.095424]]]}}]}
