{
  "type": "FeatureCollection",
  "features": [
    {
      "type": "Feature",
      "properties": {
        "classification": "R-6",
        "source": "circle",
        "radius_m": 110.4
      },
      "geometry": {
        "type": "Polygon",
        "coordinates": [
          [
            [
              120.873985,
              17.113156
            ],
            [
              120.873883,
              17.113151
            ],
            [
              120.873783,
              17.113137
            ],
            [
              120.873684,
              17.113114
            ],
            [
              120.873588,
              17.113081
            ],
            [
              120.873496,
              17.113039
            ],
            [
              120.873408,
              17.112989
            ],
            [
              120.873326,
              17.112931
            ],
            [
              120.873251,
              17.112865
            ],
            [
              120.873182,
              17.112793
            ],
            [
              120.873122,
              17.112715
            ],
            [
              120.873069,
              17.112631
            ],
            [
              120.873026,
              17.112543
            ],
            [
              120.872991,
              17.112452
            ],
            [
              120.872966,
              17.112357
            ],
            [
              120.872951,
              17.112261
            ],
            [
              120.872946,
              17.112163
            ],
            [
              120.872951,
              17.112066
            ],
            [
              120.872966,
              17.11197
            ],
            [
              120.872991,
              17.111875
            ],
            [
              120.873026,
              17.111783
            ],
            [
              120.873069,
              17.111695
            ],
            [
              120.873122,
              17.111612
            ],
            [
              120.873182,
              17.111534
            ],
            [
              120.873251,
              17.111461
            ],
            [
              120.873326,
              17.111396
            ],
            [
              120.873408,
              17.111338
            ],
            [
              120.873496,
              17.111288
            ],
            [
              120.873588,
              17.111246
            ],
            [
              120.873684,
              17.111213
            ],
            [
              120.873783,
              17.11119
            ],
            [
              120.873883,
              17.111175
            ],
            [
              120.873985,
              17.111171
            ],
            [
              120.874087,
              17.111175
            ],
            [
              120.874188,
              17.11119
            ],
            [
              120.874287,
              17.111213
            ],
            [
              120.874383,
              17.111246
            ],
            [
              120.874475,
              17.111288
            ],
            [
              120.874562,
              17.111338
            ],
            [
              120.874644,
              17.111396
            ],
            [
              120.87472,
              17.111461
            ],
            [
              120.874788,
              17.111534
            ],
            [
              120.874849,
              17.111612
            ],
            [
              120.874901,
              17.111695
            ],
            [
              120.874945,
              17.111783
            ],
            [
              120.874979,
              17.111875
            ],
            [
              120.875004,
              17.11197
            ],
            [
              120.875019,
              17.112066
            ],
            [
              120.875024,
              17.112163
            ],
            [
              120.875019,
              17.112261
            ],
            [
              120.875004,
              17.112357
            ],
            [
              120.874979,
              17.112452
            ],
            [
              120.874945,
              17.112543
            ],
            [
              120.874901,
              17.112631
            ],
            [
              120.874849,
              17.112715
            ],
            [
              120.874788,
              17.112793
            ],
            [
              120.87472,
              17.112865
            ],
            [
              120.874644,
              17.112931
            ],
            [
              120.874562,
              17.112989
            ],
            [
              120.874475,
              17.113039
            ],
            [
              120.874383,
              17.113081
            ],
            [
              120.874287,
              17.113114
            ],
            [
              120.874188,
              17.113137
            ],
            [
              120.874087,
              17.113151
            ],
            [
              120.873985,
              17.113156
            ]
          ]
        ]
      }
    },
    {
      "type": "Feature",
      "properties": {
        "classification": "R-7",
        "source": "circle",
        "radius_m": 184.72
      },
      "geometry": {
        "type": "Polygon",
        "coordinates": [
          [
            [
              120.777812,
              17.081585
            ],
            [
              120.777642,
              17.081577
            ],
            [
              120.777473,
              17.081553
            ],
            [
              120.777308,
              17.081514
            ],
            [
              120.777147,
              17.081459
            ],
            [
              120.776993,
              17.081389
            ],
            [
              120.776846,
              17.081305
            ],
            [
              120.776709,
              17.081208
            ],
            [
              120.776583,
              17.081098
            ],
            [
              120.776469,
              17.080978
            ],
            [
              120.776367,
              17.080847
            ],
            [
              120.776279,
              17.080707
            ],
            [
              120.776206,
              17.08056
            ],
            [
              120.776149,
              17.080406
            ],
            [
              120.776107,
              17.080248
            ],
            [
              120.776082,
              17.080087
            ],
            [
              120.776074,
              17.079924
            ],
            [
              120.776082,
              17.079761
            ],
            [
              120.776107,
              17.0796
            ],
            [
              120.776149,
              17.079442
            ],
            [
              120.776206,
              17.079288
            ],
            [
              120.776279,
              17.079141
            ],
            [
              120.776367,
              17.079001
            ],
            [
              120.776469,
              17.07887
            ],
            [
              120.776583,
              17.078749
            ],
            [
              120.776709,
              17.07864
            ],
            [
              120.776846,
              17.078542
            ],
            [
              120.776993,
              17.078459
            ],
            [
              120.777147,
              17.078389
            ],
            [
              120.777308,
              17.078334
            ],
            [
              120.777473,
              17.078294
            ],
            [
              120.777642,
              17.078271
            ],
            [
              120.777812,
              17.078263
            ],
            [
              120.777982,
              17.078271
            ],
            [
              120.778151,
              17.078294
            ],
            [
              120.778316,
              17.078334
            ],
            [
              120.778477,
              17.078389
            ],
            [
              120.778631,
              17.078459
            ],
            [
              120.778778,
              17.078542
            ],
            [
              120.778915,
              17.07864
            ],
            [
              120.779041,
              17.078749
            ],
            [
              120.779155,
              17.07887
            ],
            [
              120.779257,
              17.079001
            ],
            [
              120.779345,
              17.079141
            ],
            [
              120.779418,
              17.079288
            ],
            [
              120.779475,
              17.079442
            ],
            [
              120.779517,
              17.0796
            ],
            [
              120.779542,
              17.079761
            ],
            [
              120.77955,
              17.079924
            ],
            [
              120.779542,
              17.080087
            ],
            [
              120.779517,
              17.080248
            ],
            [
              120.779475,
              17.080406
            ],
            [
              120.779418,
              17.08056
            ],
            [
              120.779345,
              17.080707
            ],
            [
              120.779257,
              17.080847
            ],
            [
              120.779155,
              17.080978
            ],
            [
              120.779041,
              17.081098
            ],
            [
              120.778915,
              17.081208
            ],
            [
              120.778778,
              17.081305
            ],
            [
              120.778631,
              17.081389
            ],
            [
              120.778477,
              17.081459
            ],
            [
              120.778316,
              17.081514
            ],
            [
              120.778151,
              17.081553
            ],
            [
              120.777982,
              17.081577
            ],
            [
              120.777812,
              17.081585
            ]
          ]
        ]
      }
    },
    {
      "type": "Feature",
      "properties": {
        "classification": "C-2"
      },
      "geometry": {
        "type": "Polygon",
        "coordinates": [
          [
            [
              120.871992,
              17.109226
            ],
            [
              120.872116,
              17.109147
            ],
            [
              120.872301,
              17.109134
            ],
            [
              120.872376,
              17.109062
            ],
            [
              120.872475,
              17.109241
            ],
            [
              120.872475,
              17.109339
            ],
            [
              120.872355,
              17.109418
            ],
            [
              120.872212,
              17.109414
            ],
            [
              120.872054,
              17.109462
            ],
            [
              120.872052,
              17.109463
            ],
            [
              120.871992,
              17.109226
            ]
          ]
        ]
      }
    },
    {
      "type": "Feature",
      "properties": {
        "classification": "C-2"
      },
      "geometry": {
        "type": "Polygon",
        "coordinates": [
          [
            [
              120.870775,
              17.109623
            ],
            [
              120.870818,
              17.109746
            ],
            [
              120.870962,
              17.109703
            ],
            [
              120.870936,
              17.10957
            ],
            [
              120.870775,
              17.109623
            ]
          ]
        ]
      }
    },
    {
      "type": "Feature",
      "properties": {
        "classification": "C-2",
        "source": "road-tag",
        "buffer_m": 30,
        "road_keys": [
          "188857122|besao-east|120.8667784,17.0835953"
        ],
        "clipped_against_existing": 1
      },
      "geometry": {
        "type": "Polygon",
        "coordinates": [
          [
            [
              120.866816,
              17.083493
            ],
            [
              120.866821,
              17.083497
            ],
            [
              120.866818,
              17.0835
            ],
            [
              120.866816,
              17.083493
            ]
          ]
        ]
      }
    },
    {
      "type": "Feature",
      "properties": {
        "classification": "C-2",
        "road_carve_m": 3
      },
      "geometry": {
        "type": "Polygon",
        "coordinates": [
          [
            [
              120.870162,
              17.083656
            ],
            [
              120.870163,
              17.083656
            ],
            [
              120.870177,
              17.083652
            ],
            [
              120.870163,
              17.083656
            ],
            [
              120.870162,
              17.083656
            ]
          ]
        ]
      }
    },
    {
      "type": "Feature",
      "properties": {
        "classification": "INSTITUTIONAL"
      },
      "geometry": {
        "type": "Polygon",
        "coordinates": [
          [
            [
              120.827533,
              17.088821
            ],
            [
              120.82758,
              17.088863
            ],
            [
              120.827596,
              17.088778
            ],
            [
              120.827672,
              17.088637
            ],
            [
              120.827672,
              17.088637
            ],
            [
              120.827709,
              17.088494
            ],
            [
              120.827798,
              17.088471
            ],
            [
              120.828026,
              17.088409
            ],
            [
              120.828154,
              17.088658
            ],
            [
              120.828267,
              17.088707
            ],
            [
              120.828224,
              17.088789
            ],
            [
              120.828077,
              17.088763
            ],
            [
              120.827867,
              17.088855
            ],
            [
              120.82768,
              17.08904
            ],
            [
              120.827484,
              17.088855
            ],
            [
              120.827533,
              17.088821
            ]
          ]
        ]
      }
    },
    {
      "type": "Feature",
      "properties": {
        "classification": "R-6",
        "road_carve_m": 3
      },
      "geometry": {
        "type": "Polygon",
        "coordinates": [
          [
            [
              120.825502,
              17.076169
            ],
            [
              120.82559,
              17.076121
            ],
            [
              120.825789,
              17.076082
            ],
            [
              120.826129,
              17.076236
            ],
            [
              120.826261,
              17.076379
            ],
            [
              120.826073,
              17.076523
            ],
            [
              120.825997,
              17.076484
            ],
            [
              120.825997,
              17.076483
            ],
            [
              120.826,
              17.076479
            ],
            [
              120.826002,
              17.076474
            ],
            [
              120.826003,
              17.076469
            ],
            [
              120.826002,
              17.076463
            ],
            [
              120.826001,
              17.076458
            ],
            [
              120.825998,
              17.076453
            ],
            [
              120.825995,
              17.076449
            ],
            [
              120.825991,
              17.076446
            ],
            [
              120.825986,
              17.076443
            ],
            [
              120.825755,
              17.076345
            ],
            [
              120.825749,
              17.076343
            ],
            [
              120.825743,
              17.076343
            ],
            [
              120.825737,
              17.076344
            ],
            [
              120.825657,
              17.076363
            ],
            [
              120.825653,
              17.076364
            ],
            [
              120.825649,
              17.076366
            ],
            [
              120.825592,
              17.076401
            ],
            [
              120.825502,
              17.076169
            ]
          ]
        ]
      }
    },
    {
      "type": "Feature",
      "properties": {
        "classification": "R-6",
        "road_carve_m": 3
      },
      "geometry": {
        "type": "Polygon",
        "coordinates": [
          [
            [
              120.825044,
              17.076467
            ],
            [
              120.825059,
              17.076478
            ],
            [
              120.825066,
              17.076481
            ],
            [
              120.825152,
              17.07651
            ],
            [
              120.825159,
              17.076512
            ],
            [
              120.825298,
              17.07652
            ],
            [
              120.825306,
              17.076767
            ],
            [
              120.825247,
              17.076949
            ],
            [
              120.825155,
              17.077053
            ],
            [
              120.825146,
              17.07694
            ],
            [
              120.825157,
              17.076823
            ],
            [
              120.825157,
              17.076695
            ],
            [
              120.825156,
              17.076687
            ],
            [
              120.825131,
              17.076603
            ],
            [
              120.825128,
              17.076597
            ],
            [
              120.825063,
              17.076488
            ],
            [
              120.825062,
              17.076486
            ],
            [
              120.82506,
              17.076484
            ],
            [
              120.825059,
              17.076483
            ],
            [
              120.825044,
              17.076467
            ]
          ]
        ]
      }
    },
    {
      "type": "Feature",
      "properties": {
        "classification": "C-2"
      },
      "geometry": {
        "type": "Polygon",
        "coordinates": [
          [
            [
              120.822288,
              17.069267
            ],
            [
              120.822138,
              17.06918
            ],
            [
              120.822157,
              17.069036
            ],
            [
              120.821653,
              17.068931
            ],
            [
              120.821435,
              17.069126
            ],
            [
              120.821186,
              17.06907
            ],
            [
              120.821159,
              17.069172
            ],
            [
              120.821312,
              17.069354
            ],
            [
              120.821733,
              17.069513
            ],
            [
              120.821991,
              17.069672
            ],
            [
              120.822093,
              17.069536
            ],
            [
              120.822288,
              17.069267
            ]
          ]
        ]
      }
    },
    {
      "type": "Feature",
      "properties": {
        "classification": "C-2",
        "road_carve_m": 3
      },
      "geometry": {
        "type": "Polygon",
        "coordinates": [
          [
            [
              120.828028,
              17.066864
            ],
            [
              120.828144,
              17.066767
            ],
            [
              120.8282,
              17.066821
            ],
            [
              120.82827,
              17.066772
            ],
            [
              120.828351,
              17.066883
            ],
            [
              120.82834,
              17.066881
            ],
            [
              120.828332,
              17.066881
            ],
            [
              120.828259,
              17.066891
            ],
            [
              120.828254,
              17.066892
            ],
            [
              120.82825,
              17.066894
            ],
            [
              120.828245,
              17.066896
            ],
            [
              120.828197,
              17.066934
            ],
            [
              120.828192,
              17.066938
            ],
            [
              120.828188,
              17.066944
            ],
            [
              120.828145,
              17.067039
            ],
            [
              120.828142,
              17.067046
            ],
            [
              120.828133,
              17.067118
            ],
            [
              120.828133,
              17.067123
            ],
            [
              120.828134,
              17.067128
            ],
            [
              120.828157,
              17.067212
            ],
            [
              120.828159,
              17.067217
            ],
            [
              120.828161,
              17.067222
            ],
            [
              120.828058,
              17.067234
            ],
            [
              120.828066,
              17.067016
            ],
            [
              120.828101,
              17.066959
            ],
            [
              120.828028,
              17.066864
            ]
          ]
        ]
      }
    },
    {
      "type": "Feature",
      "properties": {
        "classification": "R-7"
      },
      "geometry": {
        "type": "Polygon",
        "coordinates": [
          [
            [
              120.827084,
              17.06459
            ],
            [
              120.826945,
              17.064398
            ],
            [
              120.826859,
              17.064511
            ],
            [
              120.826805,
              17.064626
            ],
            [
              120.826851,
              17.064659
            ],
            [
              120.826966,
              17.06467
            ],
            [
              120.827033,
              17.064646
            ],
            [
              120.827084,
              17.06459
            ]
          ]
        ]
      }
    },
    {
      "type": "Feature",
      "properties": {
        "classification": "R-7"
      },
      "geometry": {
        "type": "Polygon",
        "coordinates": [
          [
            [
              120.805074,
              17.074749
            ],
            [
              120.805305,
              17.074764
            ],
            [
              120.805315,
              17.075
            ],
            [
              120.805203,
              17.075103
            ],
            [
              120.805042,
              17.075077
            ],
            [
              120.805074,
              17.074749
            ]
          ]
        ]
      }
    },
    {
      "type": "Feature",
      "properties": {
        "classification": "R-6"
      },
      "geometry": {
        "type": "Polygon",
        "coordinates": [
          [
            [
              120.866159,
              17.111848
            ],
            [
              120.86625,
              17.111595
            ],
            [
              120.866489,
              17.111605
            ],
            [
              120.866818,
              17.111438
            ],
            [
              120.867025,
              17.1114
            ],
            [
              120.867079,
              17.111292
            ],
            [
              120.867183,
              17.111264
            ],
            [
              120.867264,
              17.111149
            ],
            [
              120.867299,
              17.111036
            ],
            [
              120.867205,
              17.110959
            ],
            [
              120.867199,
              17.110874
            ],
            [
              120.867333,
              17.110738
            ],
            [
              120.867481,
              17.11081
            ],
            [
              120.86772,
              17.110936
            ],
            [
              120.867741,
              17.111015
            ],
            [
              120.867653,
              17.111169
            ],
            [
              120.867728,
              17.111482
            ],
            [
              120.867642,
              17.111584
            ],
            [
              120.867586,
              17.111738
            ],
            [
              120.867551,
              17.111882
            ],
            [
              120.867443,
              17.111843
            ],
            [
              120.867433,
              17.111797
            ],
            [
              120.867221,
              17.111654
            ],
            [
              120.867079,
              17.111666
            ],
            [
              120.866912,
              17.111697
            ],
            [
              120.866548,
              17.111877
            ],
            [
              120.866336,
              17.111871
            ],
            [
              120.866159,
              17.111848
            ]
          ]
        ]
      }
    },
    {
      "type": "Feature",
      "properties": {
        "classification": "R-6"
      },
      "geometry": {
        "type": "Polygon",
        "coordinates": [
          [
            [
              120.866075,
              17.112387
            ],
            [
              120.866097,
              17.112456
            ],
            [
              120.866341,
              17.112633
            ],
            [
              120.866615,
              17.112684
            ],
            [
              120.866902,
              17.112618
            ],
            [
              120.866969,
              17.112817
            ],
            [
              120.866682,
              17.112966
            ],
            [
              120.866539,
              17.113066
            ],
            [
              120.866641,
              17.113312
            ],
            [
              120.866588,
              17.113492
            ],
            [
              120.866695,
              17.113704
            ],
            [
              120.866167,
              17.113871
            ],
            [
              120.866019,
              17.11361
            ],
            [
              120.8661,
              17.113494
            ],
            [
              120.866282,
              17.113394
            ],
            [
              120.86618,
              17.113302
            ],
            [
              120.865979,
              17.113302
            ],
            [
              120.86585,
              17.113176
            ],
            [
              120.865628,
              17.113051
            ],
            [
              120.865332,
              17.113012
            ],
            [
              120.865316,
              17.112925
            ],
            [
              120.865308,
              17.112694
            ],
            [
              120.865357,
              17.112564
            ],
            [
              120.865359,
              17.112387
            ],
            [
              120.86533,
              17.11223
            ],
            [
              120.865126,
              17.112048
            ],
            [
              120.864697,
              17.11179
            ],
            [
              120.864734,
              17.111731
            ],
            [
              120.864826,
              17.1118
            ],
            [
              120.865322,
              17.111997
            ],
            [
              120.865467,
              17.112107
            ],
            [
              120.865595,
              17.112161
            ],
            [
              120.865657,
              17.112179
            ],
            [
              120.865933,
              17.112356
            ],
            [
              120.866075,
              17.112387
            ]
          ]
        ]
      }
    },
    {
      "type": "Feature",
      "properties": {
        "classification": "R-6"
      },
      "geometry": {
        "type": "Polygon",
        "coordinates": [
          [
            [
              120.869908,
              17.118054
            ],
            [
              120.870616,
              17.118311
            ],
            [
              120.871963,
              17.118321
            ],
            [
              120.872542,
              17.117952
            ],
            [
              120.872875,
              17.117929
            ],
            [
              120.872859,
              17.118265
            ],
            [
              120.872886,
              17.118377
            ],
            [
              120.87295,
              17.118495
            ],
            [
              120.873076,
              17.118585
            ],
            [
              120.873038,
              17.118657
            ],
            [
              120.873038,
              17.118923
            ],
            [
              120.873069,
              17.119026
            ],
            [
              120.872996,
              17.119144
            ],
            [
              120.872963,
              17.119211
            ],
            [
              120.872962,
              17.119213
            ],
            [
              120.872926,
              17.119287
            ],
            [
              120.872934,
              17.119289
            ],
            [
              120.872864,
              17.11948
            ],
            [
              120.872912,
              17.119777
            ],
            [
              120.873079,
              17.119926
            ],
            [
              120.872751,
              17.120023
            ],
            [
              120.872188,
              17.120033
            ],
            [
              120.871861,
              17.119977
            ],
            [
              120.871705,
              17.119674
            ],
            [
              120.87126,
              17.119423
            ],
            [
              120.870917,
              17.119018
            ],
            [
              120.870616,
              17.1189
            ],
            [
              120.869914,
              17.118224
            ],
            [
              120.869908,
              17.118054
            ]
          ]
        ]
      }
    },
    {
      "type": "Feature",
      "properties": {
        "classification": "R-6"
      },
      "geometry": {
        "type": "Polygon",
        "coordinates": [
          [
            [
              120.873701,
              17.117475
            ],
            [
              120.874044,
              17.117398
            ],
            [
              120.874157,
              17.117157
            ],
            [
              120.874109,
              17.117029
            ],
            [
              120.873583,
              17.117034
            ],
            [
              120.873701,
              17.117475
            ]
          ]
        ]
      }
    },
    {
      "type": "Feature",
      "properties": {
        "classification": "R-6"
      },
      "geometry": {
        "type": "Polygon",
        "coordinates": [
          [
            [
              120.87391,
              17.116629
            ],
            [
              120.87383,
              17.116363
            ],
            [
              120.87398,
              17.116311
            ],
            [
              120.874221,
              17.116378
            ],
            [
              120.874243,
              17.116604
            ],
            [
              120.87391,
              17.116629
            ]
          ]
        ]
      }
    },
    {
      "type": "Feature",
      "properties": {
        "classification": "R-6"
      },
      "geometry": {
        "type": "Polygon",
        "coordinates": [
          [
            [
              120.873414,
              17.118065
            ],
            [
              120.873465,
              17.11792
            ],
            [
              120.873728,
              17.117798
            ],
            [
              120.873851,
              17.11806
            ],
            [
              120.873634,
              17.118183
            ],
            [
              120.873572,
              17.118134
            ],
            [
              120.873414,
              17.118065
            ]
          ]
        ]
      }
    },
    {
      "type": "Feature",
      "properties": {
        "classification": "C-3",
        "road_carve_m": 3
      },
      "geometry": {
        "type": "Polygon",
        "coordinates": [
          [
            [
              120.873921,
              17.119457
            ],
            [
              120.874058,
              17.119403
            ],
            [
              120.874232,
              17.119387
            ],
            [
              120.874326,
              17.11941
            ],
            [
              120.874311,
              17.119651
            ],
            [
              120.87422,
              17.119635
            ],
            [
              120.874216,
              17.119634
            ],
            [
              120.874161,
              17.119632
            ],
            [
              120.874157,
              17.119632
            ],
            [
              120.87411,
              17.119638
            ],
            [
              120.874103,
              17.11964
            ],
            [
              120.874057,
              17.119656
            ],
            [
              120.874053,
              17.119658
            ],
            [
              120.874039,
              17.119666
            ],
            [
              120.873921,
              17.119457
            ]
          ]
        ]
      }
    },
    {
      "type": "Feature",
      "properties": {
        "classification": "R-6"
      },
      "geometry": {
        "type": "Polygon",
        "coordinates": [
          [
            [
              120.87384,
              17.119211
            ],
            [
              120.873894,
              17.119172
            ],
            [
              120.873937,
              17.119252
            ],
            [
              120.874068,
              17.119195
            ],
            [
              120.87413,
              17.119252
            ],
            [
              120.874307,
              17.119187
            ],
            [
              120.874409,
              17.119272
            ],
            [
              120.874326,
              17.11941
            ],
            [
              120.874232,
              17.119387
            ],
            [
              120.874058,
              17.119403
            ],
            [
              120.873921,
              17.119457
            ],
            [
              120.873776,
              17.119523
            ],
            [
              120.873843,
              17.119321
            ],
            [
              120.87384,
              17.119211
            ]
          ]
        ]
      }
    },
    {
      "type": "Feature",
      "properties": {
        "classification": "R-6"
      },
      "geometry": {
        "type": "Polygon",
        "coordinates": [
          [
            [
              120.874616,
              17.118867
            ],
            [
              120.8745,
              17.118885
            ],
            [
              120.874468,
              17.118818
            ],
            [
              120.874457,
              17.118744
            ],
            [
              120.874562,
              17.118695
            ],
            [
              120.874624,
              17.118736
            ],
            [
              120.874637,
              17.118785
            ],
            [
              120.874616,
              17.118867
            ]
          ]
        ]
      }
    },
    {
      "type": "Feature",
      "properties": {
        "classification": "R-6"
      },
      "geometry": {
        "type": "Polygon",
        "coordinates": [
          [
            [
              120.873685,
              17.120687
            ],
            [
              120.873787,
              17.120551
            ],
            [
              120.873918,
              17.120495
            ],
            [
              120.874127,
              17.120546
            ],
            [
              120.874465,
              17.120502
            ],
            [
              120.874353,
              17.120361
            ],
            [
              120.873956,
              17.120056
            ],
            [
              120.874055,
              17.120018
            ],
            [
              120.874205,
              17.119913
            ],
            [
              120.874541,
              17.120195
            ],
            [
              120.874605,
              17.120354
            ],
            [
              120.87475,
              17.12069
            ],
            [
              120.874656,
              17.120736
            ],
            [
              120.874578,
              17.120692
            ],
            [
              120.874291,
              17.120654
            ],
            [
              120.874197,
              17.120669
            ],
            [
              120.874017,
              17.120761
            ],
            [
              120.873789,
              17.120838
            ],
            [
              120.873685,
              17.120687
            ]
          ]
        ]
      }
    },
    {
      "type": "Feature",
      "properties": {
        "classification": "R-6"
      },
      "geometry": {
        "type": "Polygon",
        "coordinates": [
          [
            [
              120.872596,
              17.122297
            ],
            [
              120.872859,
              17.122225
            ],
            [
              120.872961,
              17.12214
            ],
            [
              120.873036,
              17.121984
            ],
            [
              120.873047,
              17.121841
            ],
            [
              120.873374,
              17.121792
            ],
            [
              120.873572,
              17.121615
            ],
            [
              120.873883,
              17.121384
            ],
            [
              120.874216,
              17.121261
            ],
            [
              120.87438,
              17.121246
            ],
            [
              120.874492,
              17.121307
            ],
            [
              120.87472,
              17.121307
            ],
            [
              120.87472,
              17.121303
            ],
            [
              120.874795,
              17.121343
            ],
            [
              120.874833,
              17.121782
            ],
            [
              120.874667,
              17.121884
            ],
            [
              120.874559,
              17.121964
            ],
            [
              120.874613,
              17.122194
            ],
            [
              120.874334,
              17.122346
            ],
            [
              120.874291,
              17.122274
            ],
            [
              120.874251,
              17.122161
            ],
            [
              120.873945,
              17.122184
            ],
            [
              120.873739,
              17.122458
            ],
            [
              120.87361,
              17.122358
            ],
            [
              120.873543,
              17.122407
            ],
            [
              120.873596,
              17.122886
            ],
            [
              120.873502,
              17.122889
            ],
            [
              120.873452,
              17.12253
            ],
            [
              120.873342,
              17.122553
            ],
            [
              120.87324,
              17.122825
            ],
            [
              120.872953,
              17.122556
            ],
            [
              120.872607,
              17.122435
            ],
            [
              120.872596,
              17.122297
            ]
          ]
        ]
      }
    },
    {
      "type": "Feature",
      "properties": {
        "classification": "R-2",
        "road_carve_m": 3
      },
      "geometry": {
        "type": "Polygon",
        "coordinates": [
          [
            [
              120.857293,
              17.09443
            ],
            [
              120.85893,
              17.094042
            ],
            [
              120.859359,
              17.094092
            ],
            [
              120.859174,
              17.094234
            ],
            [
              120.859053,
              17.09429
            ],
            [
              120.858804,
              17.094201
            ],
            [
              120.858656,
              17.094183
            ],
            [
              120.858522,
              17.094196
            ],
            [
              120.858351,
              17.094244
            ],
            [
              120.858209,
              17.094342
            ],
            [
              120.858152,
              17.094539
            ],
            [
              120.858155,
              17.094708
            ],
            [
              120.857975,
              17.094875
            ],
            [
              120.857857,
              17.094862
            ],
            [
              120.857573,
              17.094842
            ],
            [
              120.857293,
              17.09443
            ]
          ]
        ]
      }
    },
    {
      "type": "Feature",
      "properties": {
        "classification": "R-2"
      },
      "geometry": {
        "type": "Polygon",
        "coordinates": [
          [
            [
              120.857517,
              17.0954
            ],
            [
              120.857656,
              17.095395
            ],
            [
              120.858064,
              17.095413
            ],
            [
              120.858174,
              17.095403
            ],
            [
              120.858327,
              17.095321
            ],
            [
              120.858665,
              17.094947
            ],
            [
              120.858715,
              17.094744
            ],
            [
              120.858954,
              17.094829
            ],
            [
              120.859102,
              17.094831
            ],
            [
              120.859271,
              17.094793
            ],
            [
              120.859442,
              17.094706
            ],
            [
              120.859603,
              17.09457
            ],
            [
              120.859859,
              17.094455
            ],
            [
              120.860002,
              17.095085
            ],
            [
              120.859858,
              17.095091
            ],
            [
              120.859706,
              17.095219
            ],
            [
              120.859624,
              17.095414
            ],
            [
              120.85952,
              17.095477
            ],
            [
              120.859447,
              17.095438
            ],
            [
              120.859303,
              17.095393
            ],
            [
              120.85913,
              17.095392
            ],
            [
              120.858987,
              17.095427
            ],
            [
              120.858601,
              17.095618
            ],
            [
              120.858595,
              17.0956
            ],
            [
              120.858396,
              17.095713
            ],
            [
              120.858235,
              17.095813
            ],
            [
              120.858037,
              17.0957
            ],
            [
              120.857876,
              17.095618
            ],
            [
              120.85764,
              17.095518
            ],
            [
              120.857517,
              17.0954
            ]
          ]
        ]
      }
    },
    {
      "type": "Feature",
      "properties": {
        "classification": "R-2"
      },
      "geometry": {
        "type": "Polygon",
        "coordinates": [
          [
            [
              120.86,
              17.096659
            ],
            [
              120.859925,
              17.096604
            ],
            [
              120.860164,
              17.096308
            ],
            [
              120.860293,
              17.09599
            ],
            [
              120.86029,
              17.09599
            ],
            [
              120.86033,
              17.095862
            ],
            [
              120.860716,
              17.096285
            ],
            [
              120.86151,
              17.096457
            ],
            [
              120.862023,
              17.096595
            ],
            [
              120.862637,
              17.096754
            ],
            [
              120.862741,
              17.096759
            ],
            [
              120.862582,
              17.096829
            ],
            [
              120.862417,
              17.096949
            ],
            [
              120.8622,
              17.097225
            ],
            [
              120.862061,
              17.097242
            ],
            [
              120.86198,
              17.097201
            ],
            [
              120.861874,
              17.097115
            ],
            [
              120.861706,
              17.097048
            ],
            [
              120.861222,
              17.097004
            ],
            [
              120.860757,
              17.096887
            ],
            [
              120.86051,
              17.096852
            ],
            [
              120.860526,
              17.09685
            ],
            [
              120.860455,
              17.096844
            ],
            [
              120.859988,
              17.096911
            ],
            [
              120.86,
              17.096659
            ]
          ]
        ]
      }
    },
    {
      "type": "Feature",
      "properties": {
        "classification": "R-2"
      },
      "geometry": {
        "type": "Polygon",
        "coordinates": [
          [
            [
              120.859507,
              17.097567
            ],
            [
              120.859582,
              17.097557
            ],
            [
              120.859718,
              17.097519
            ],
            [
              120.859887,
              17.097501
            ],
            [
              120.860067,
              17.097439
            ],
            [
              120.860048,
              17.097446
            ],
            [
              120.860485,
              17.097388
            ],
            [
              120.860565,
              17.097394
            ],
            [
              120.861133,
              17.097537
            ],
            [
              120.86158,
              17.097578
            ],
            [
              120.861805,
              17.097729
            ],
            [
              120.861674,
              17.097918
            ],
            [
              120.861242,
              17.097787
            ],
            [
              120.861001,
              17.098103
            ],
            [
              120.860419,
              17.098062
            ],
            [
              120.859941,
              17.097885
            ],
            [
              120.859807,
              17.097654
            ],
            [
              120.859507,
              17.097567
            ]
          ]
        ]
      }
    },
    {
      "type": "Feature",
      "properties": {
        "classification": "R-2"
      },
      "geometry": {
        "type": "Polygon",
        "coordinates": [
          [
            [
              120.857837,
              17.096475
            ],
            [
              120.857837,
              17.096475
            ],
            [
              120.857926,
              17.096504
            ],
            [
              120.858071,
              17.096353
            ],
            [
              120.858215,
              17.096359
            ],
            [
              120.858333,
              17.096339
            ],
            [
              120.858863,
              17.096102
            ],
            [
              120.859086,
              17.095973
            ],
            [
              120.859193,
              17.095932
            ],
            [
              120.859433,
              17.09602
            ],
            [
              120.859563,
              17.096021
            ],
            [
              120.859695,
              17.095991
            ],
            [
              120.859715,
              17.095982
            ],
            [
              120.859697,
              17.096021
            ],
            [
              120.859497,
              17.096269
            ],
            [
              120.859421,
              17.096396
            ],
            [
              120.859349,
              17.096755
            ],
            [
              120.859339,
              17.097049
            ],
            [
              120.859225,
              17.097073
            ],
            [
              120.859056,
              17.097071
            ],
            [
              120.858656,
              17.097018
            ],
            [
              120.85845,
              17.097042
            ],
            [
              120.858205,
              17.096698
            ],
            [
              120.858089,
              17.09657
            ],
            [
              120.858,
              17.096527
            ],
            [
              120.858,
              17.096528
            ],
            [
              120.857837,
              17.096475
            ]
          ]
        ]
      }
    },
    {
      "type": "Feature",
      "properties": {
        "classification": "R-2",
        "road_carve_m": 3
      },
      "geometry": {
        "type": "Polygon",
        "coordinates": [
          [
            [
              120.855303,
              17.095399
            ],
            [
              120.855304,
              17.095397
            ],
            [
              120.855304,
              17.095397
            ],
            [
              120.855304,
              17.095397
            ],
            [
              120.855304,
              17.095398
            ],
            [
              120.855303,
              17.095399
            ]
          ]
        ]
      }
    },
    {
      "type": "Feature",
      "properties": {
        "classification": "R-2"
      },
      "geometry": {
        "type": "Polygon",
        "coordinates": [
          [
            [
              120.862105,
              17.09778
            ],
            [
              120.862214,
              17.097774
            ],
            [
              120.862452,
              17.097723
            ],
            [
              120.863053,
              17.098074
            ],
            [
              120.863243,
              17.098115
            ],
            [
              120.863346,
              17.098086
            ],
            [
              120.863427,
              17.098128
            ],
            [
              120.863514,
              17.098249
            ],
            [
              120.863522,
              17.098377
            ],
            [
              120.863179,
              17.098254
            ],
            [
              120.862682,
              17.098039
            ],
            [
              120.862105,
              17.09778
            ]
          ]
        ]
      }
    },
    {
      "type": "Feature",
      "properties": {
        "classification": "R-3",
        "road_carve_m": 3
      },
      "geometry": {
        "type": "Polygon",
        "coordinates": [
          [
            [
              120.853997,
              17.094831
            ],
            [
              120.854284,
              17.094116
            ],
            [
              120.854558,
              17.093842
            ],
            [
              120.854829,
              17.093588
            ],
            [
              120.855148,
              17.093124
            ],
            [
              120.855333,
              17.09287
            ],
            [
              120.855588,
              17.09248
            ],
            [
              120.856092,
              17.092426
            ],
            [
              120.855975,
              17.092439
            ],
            [
              120.85594,
              17.092538
            ],
            [
              120.855929,
              17.092584
            ],
            [
              120.855926,
              17.09263
            ],
            [
              120.855931,
              17.092676
            ],
            [
              120.856003,
              17.093024
            ],
            [
              120.855959,
              17.093052
            ],
            [
              120.85587,
              17.093122
            ],
            [
              120.855803,
              17.093131
            ],
            [
              120.855631,
              17.09311
            ],
            [
              120.855573,
              17.093109
            ],
            [
              120.855516,
              17.093119
            ],
            [
              120.855463,
              17.09314
            ],
            [
              120.855415,
              17.093171
            ],
            [
              120.855374,
              17.093211
            ],
            [
              120.855343,
              17.093258
            ],
            [
              120.855323,
              17.093296
            ],
            [
              120.855204,
              17.093423
            ],
            [
              120.855187,
              17.093442
            ],
            [
              120.855047,
              17.093622
            ],
            [
              120.855039,
              17.093633
            ],
            [
              120.854857,
              17.093894
            ],
            [
              120.854833,
              17.093937
            ],
            [
              120.854817,
              17.093984
            ],
            [
              120.85481,
              17.094032
            ],
            [
              120.854812,
              17.094081
            ],
            [
              120.85484,
              17.094271
            ],
            [
              120.854768,
              17.094325
            ],
            [
              120.854728,
              17.094361
            ],
            [
              120.854696,
              17.094404
            ],
            [
              120.854674,
              17.094452
            ],
            [
              120.854662,
              17.094504
            ],
            [
              120.85466,
              17.094556
            ],
            [
              120.85467,
              17.094689
            ],
            [
              120.854682,
              17.094748
            ],
            [
              120.854706,
              17.094803
            ],
            [
              120.854785,
              17.094936
            ],
            [
              120.854742,
              17.094943
            ],
            [
              120.854685,
              17.094952
            ],
            [
              120.85468,
              17.094932
            ],
            [
              120.854678,
              17.094927
            ],
            [
              120.854675,
              17.094923
            ],
            [
              120.854671,
              17.094919
            ],
            [
              120.854666,
              17.094916
            ],
            [
              120.854661,
              17.094914
            ],
            [
              120.854656,
              17.094913
            ],
            [
              120.85465,
              17.094913
            ],
            [
              120.854645,
              17.094914
            ],
            [
              120.85464,
              17.094916
            ],
            [
              120.854635,
              17.094918
            ],
            [
              120.854631,
              17.094922
            ],
            [
              120.854628,
              17.094926
            ],
            [
              120.854626,
              17.094931
            ],
            [
              120.854624,
              17.094936
            ],
            [
              120.854624,
              17.094942
            ],
            [
              120.854625,
              17.094947
            ],
            [
              120.854629,
              17.094961
            ],
            [
              120.854628,
              17.094961
            ],
            [
              120.854623,
              17.094958
            ],
            [
              120.854619,
              17.094955
            ],
            [
              120.854615,
              17.09495
            ],
            [
              120.85461,
              17.09494
            ],
            [
              120.854609,
              17.094941
            ],
            [
              120.854325,
              17.09491
            ],
            [
              120.854097,
              17.094968
            ],
            [
              120.854042,
              17.094982
            ],
            [
              120.853997,
              17.094831
            ]
          ]
        ]
      }
    },
    {
      "type": "Feature",
      "properties": {
        "classification": "R-3"
      },
      "geometry": {
        "type": "Polygon",
        "coordinates": [
          [
            [
              120.84233,
              17.094221
            ],
            [
              120.842821,
              17.094272
            ],
            [
              120.842839,
              17.094042
            ],
            [
              120.842335,
              17.093996
            ],
            [
              120.84233,
              17.094221
            ]
          ]
        ]
      }
    },
    {
      "type": "Feature",
      "properties": {
        "classification": "R-3"
      },
      "geometry": {
        "type": "Polygon",
        "coordinates": [
          [
            [
              120.848502,
              17.095724
            ],
            [
              120.84837,
              17.095482
            ],
            [
              120.848904,
              17.095295
            ],
            [
              120.849011,
              17.095547
            ],
            [
              120.848502,
              17.095724
            ]
          ]
        ]
      }
    },
    {
      "type": "Feature",
      "properties": {
        "classification": "R-3"
      },
      "geometry": {
        "type": "Polygon",
        "coordinates": [
          [
            [
              120.860931,
              17.093842
            ],
            [
              120.860952,
              17.093744
            ],
            [
              120.860969,
              17.093521
            ],
            [
              120.860942,
              17.093352
            ],
            [
              120.860958,
              17.093185
            ],
            [
              120.860987,
              17.093106
            ],
            [
              120.861025,
              17.092916
            ],
            [
              120.860977,
              17.092752
            ],
            [
              120.860998,
              17.092586
            ],
            [
              120.860987,
              17.092314
            ],
            [
              120.861008,
              17.092246
            ],
            [
              120.861046,
              17.092393
            ],
            [
              120.861213,
              17.09326
            ],
            [
              120.861191,
              17.093378
            ],
            [
              120.860931,
              17.093842
            ]
          ]
        ]
      }
    },
    {
      "type": "Feature",
      "properties": {
        "classification": "C-2",
        "source": "road+band-tag",
        "buffer_m": 30,
        "road_keys": [
          "225524823|payeo|120.86254333139678,17.08725401661596"
        ],
        "band_keys": [
          "225524823__payeo__0-30"
        ],
        "road_carve_m": 3
      },
      "geometry": {
        "type": "Polygon",
        "coordinates": [
          [
            [
              120.862091,
              17.087478
            ],
            [
              120.862127,
              17.087412
            ],
            [
              120.862169,
              17.087355
            ],
            [
              120.862178,
              17.087333
            ],
            [
              120.862208,
              17.087235
            ],
            [
              120.862294,
              17.087115
            ],
            [
              120.8623,
              17.087109
            ],
            [
              120.862525,
              17.087255
            ],
            [
              120.862469,
              17.087272
            ],
            [
              120.86242,
              17.087341
            ],
            [
              120.862398,
              17.087414
            ],
            [
              120.862373,
              17.087471
            ],
            [
              120.862325,
              17.087537
            ],
            [
              120.862302,
              17.08758
            ],
            [
              120.862253,
              17.087607
            ],
            [
              120.862092,
              17.087643
            ],
            [
              120.862091,
              17.087478
            ]
          ]
        ]
      }
    },
    {
      "type": "Feature",
      "properties": {
        "classification": "R-3"
      },
      "geometry": {
        "type": "Polygon",
        "coordinates": [
          [
            [
              120.861365,
              17.08926
            ],
            [
              120.861459,
              17.089048
            ],
            [
              120.861475,
              17.088948
            ],
            [
              120.861805,
              17.08874
            ],
            [
              120.862068,
              17.08863
            ],
            [
              120.862103,
              17.088601
            ],
            [
              120.862098,
              17.088776
            ],
            [
              120.862017,
              17.089027
            ],
            [
              120.861921,
              17.089306
            ],
            [
              120.861851,
              17.089509
            ],
            [
              120.861768,
              17.089422
            ],
            [
              120.861602,
              17.089327
            ],
            [
              120.861376,
              17.089309
            ],
            [
              120.861365,
              17.08926
            ]
          ]
        ]
      }
    },
    {
      "type": "Feature",
      "properties": {
        "classification": "R-3"
      },
      "geometry": {
        "type": "Polygon",
        "coordinates": [
          [
            [
              120.862057,
              17.086952
            ],
            [
              120.8623,
              17.087109
            ],
            [
              120.862294,
              17.087115
            ],
            [
              120.862208,
              17.087235
            ],
            [
              120.862178,
              17.087333
            ],
            [
              120.862169,
              17.087355
            ],
            [
              120.862127,
              17.087412
            ],
            [
              120.862091,
              17.087478
            ],
            [
              120.862057,
              17.086952
            ]
          ]
        ]
      }
    },
    {
      "type": "Feature",
      "properties": {
        "classification": "R-3",
        "road_carve_m": 3
      },
      "geometry": {
        "type": "Polygon",
        "coordinates": [
          [
            [
              120.858767,
              17.09355
            ],
            [
              120.859104,
              17.093798
            ],
            [
              120.859855,
              17.093878
            ],
            [
              120.859894,
              17.094069
            ],
            [
              120.859892,
              17.094071
            ],
            [
              120.859888,
              17.094074
            ],
            [
              120.859884,
              17.094078
            ],
            [
              120.859882,
              17.094083
            ],
            [
              120.85988,
              17.094088
            ],
            [
              120.859879,
              17.094093
            ],
            [
              120.85988,
              17.094096
            ],
            [
              120.859802,
              17.094133
            ],
            [
              120.859796,
              17.094134
            ],
            [
              120.859791,
              17.094135
            ],
            [
              120.859786,
              17.094138
            ],
            [
              120.859782,
              17.094141
            ],
            [
              120.859781,
              17.094143
            ],
            [
              120.85978,
              17.094143
            ],
            [
              120.859782,
              17.094141
            ],
            [
              120.859786,
              17.094138
            ],
            [
              120.859791,
              17.094135
            ],
            [
              120.859794,
              17.094134
            ],
            [
              120.859792,
              17.094134
            ],
            [
              120.85976,
              17.094153
            ],
            [
              120.859458,
              17.094104
            ],
            [
              120.859359,
              17.094092
            ],
            [
              120.85893,
              17.094042
            ],
            [
              120.858767,
              17.09355
            ]
          ]
        ]
      }
    },
    {
      "type": "Feature",
      "properties": {
        "classification": "R-3",
        "road_carve_m": 3
      },
      "geometry": {
        "type": "Polygon",
        "coordinates": [
          [
            [
              120.857962,
              17.089117
            ],
            [
              120.857967,
              17.088886
            ],
            [
              120.858074,
              17.088789
            ],
            [
              120.858809,
              17.088578
            ],
            [
              120.85926,
              17.088045
            ],
            [
              120.859587,
              17.087737
            ],
            [
              120.859957,
              17.087486
            ],
            [
              120.860108,
              17.08745
            ],
            [
              120.860564,
              17.087655
            ],
            [
              120.8616,
              17.08824
            ],
            [
              120.861524,
              17.08828
            ],
            [
              120.861406,
              17.088352
            ],
            [
              120.86129,
              17.088421
            ],
            [
              120.861212,
              17.088466
            ],
            [
              120.861082,
              17.088557
            ],
            [
              120.860979,
              17.088697
            ],
            [
              120.860948,
              17.088826
            ],
            [
              120.860933,
              17.088897
            ],
            [
              120.860913,
              17.088952
            ],
            [
              120.860882,
              17.08902
            ],
            [
              120.860835,
              17.089126
            ],
            [
              120.860817,
              17.089286
            ],
            [
              120.860835,
              17.089403
            ],
            [
              120.860767,
              17.089799
            ],
            [
              120.860553,
              17.089781
            ],
            [
              120.860333,
              17.089878
            ],
            [
              120.860277,
              17.089963
            ],
            [
              120.860094,
              17.089881
            ],
            [
              120.859831,
              17.089924
            ],
            [
              120.859729,
              17.089858
            ],
            [
              120.859531,
              17.089855
            ],
            [
              120.859281,
              17.089973
            ],
            [
              120.859206,
              17.089894
            ],
            [
              120.859264,
              17.089779
            ],
            [
              120.859268,
              17.089771
            ],
            [
              120.859319,
              17.089655
            ],
            [
              120.859281,
              17.089522
            ],
            [
              120.859048,
              17.08955
            ],
            [
              120.859047,
              17.089548
            ],
            [
              120.859047,
              17.089546
            ],
            [
              120.859046,
              17.089541
            ],
            [
              120.859044,
              17.089536
            ],
            [
              120.859041,
              17.089532
            ],
            [
              120.859037,
              17.089528
            ],
            [
              120.859032,
              17.089525
            ],
            [
              120.859027,
              17.089523
            ],
            [
              120.859016,
              17.089523
            ],
            [
              120.85901,
              17.089524
            ],
            [
              120.859007,
              17.089525
            ],
            [
              120.859005,
              17.089526
            ],
            [
              120.859003,
              17.089527
            ],
            [
              120.859001,
              17.089529
            ],
            [
              120.858997,
              17.089533
            ],
            [
              120.858995,
              17.089535
            ],
            [
              120.858994,
              17.089537
            ],
            [
              120.858992,
              17.089542
            ],
            [
              120.858991,
              17.089547
            ],
            [
              120.858991,
              17.089555
            ],
            [
              120.858992,
              17.089557
            ],
            [
              120.85886,
              17.089573
            ],
            [
              120.858761,
              17.089583
            ],
            [
              120.858608,
              17.089737
            ],
            [
              120.858557,
              17.089899
            ],
            [
              120.858589,
              17.090014
            ],
            [
              120.858412,
              17.090173
            ],
            [
              120.858364,
              17.090188
            ],
            [
              120.858291,
              17.090222
            ],
            [
              120.858173,
              17.090299
            ],
            [
              120.858134,
              17.09033
            ],
            [
              120.858101,
              17.090367
            ],
            [
              120.858075,
              17.09041
            ],
            [
              120.858021,
              17.089865
            ],
            [
              120.857962,
              17.089117
            ]
          ]
        ]
      }
    },
    {
      "type": "Feature",
      "properties": {
        "classification": "R-3"
      },
      "geometry": {
        "type": "Polygon",
        "coordinates": [
          [
            [
              120.861728,
              17.084807
            ],
            [
              120.861744,
              17.084645
            ],
            [
              120.862138,
              17.084097
            ],
            [
              120.862806,
              17.083238
            ],
            [
              120.863028,
              17.083197
            ],
            [
              120.864549,
              17.083252
            ],
            [
              120.864522,
              17.083375
            ],
            [
              120.864522,
              17.083397
            ],
            [
              120.864501,
              17.083418
            ],
            [
              120.864522,
              17.083504
            ],
            [
              120.864522,
              17.083611
            ],
            [
              120.8645,
              17.083691
            ],
            [
              120.864506,
              17.083849
            ],
            [
              120.864508,
              17.083891
            ],
            [
              120.864508,
              17.083891
            ],
            [
              120.864511,
              17.08396
            ],
            [
              120.864511,
              17.08396
            ],
            [
              120.864511,
              17.083965
            ],
            [
              120.864511,
              17.083965
            ],
            [
              120.864511,
              17.083961
            ],
            [
              120.863723,
              17.083994
            ],
            [
              120.863455,
              17.083881
            ],
            [
              120.863192,
              17.083892
            ],
            [
              120.862945,
              17.083999
            ],
            [
              120.862629,
              17.08423
            ],
            [
              120.862221,
              17.084866
            ],
            [
              120.862226,
              17.085153
            ],
            [
              120.862285,
              17.085343
            ],
            [
              120.862377,
              17.085502
            ],
            [
              120.862581,
              17.085599
            ],
            [
              120.862731,
              17.085589
            ],
            [
              120.862854,
              17.085507
            ],
            [
              120.863031,
              17.085712
            ],
            [
              120.862978,
              17.085866
            ],
            [
              120.862945,
              17.086112
            ],
            [
              120.862994,
              17.086338
            ],
            [
              120.862902,
              17.086584
            ],
            [
              120.862543,
              17.086912
            ],
            [
              120.8623,
              17.087109
            ],
            [
              120.862057,
              17.086952
            ],
            [
              120.862004,
              17.086004
            ],
            [
              120.861915,
              17.085861
            ],
            [
              120.861728,
              17.084807
            ]
          ]
        ]
      }
    },
    {
      "type": "Feature",
      "properties": {
        "classification": "R-3",
        "road_carve_m": 3
      },
      "geometry": {
        "type": "Polygon",
        "coordinates": [
          [
            [
              120.864968,
              17.085202
            ],
            [
              120.865166,
              17.085209
            ],
            [
              120.865167,
              17.085209
            ],
            [
              120.865273,
              17.08521
            ],
            [
              120.865275,
              17.08521
            ],
            [
              120.865357,
              17.085204
            ],
            [
              120.865409,
              17.085211
            ],
            [
              120.865476,
              17.085239
            ],
            [
              120.865521,
              17.085269
            ],
            [
              120.865524,
              17.085271
            ],
            [
              120.865579,
              17.085298
            ],
            [
              120.865584,
              17.085299
            ],
            [
              120.865642,
              17.085317
            ],
            [
              120.865649,
              17.085318
            ],
            [
              120.865722,
              17.085322
            ],
            [
              120.865822,
              17.085328
            ],
            [
              120.865823,
              17.085328
            ],
            [
              120.866106,
              17.085329
            ],
            [
              120.866339,
              17.085342
            ],
            [
              120.866559,
              17.085354
            ],
            [
              120.866561,
              17.085354
            ],
            [
              120.866849,
              17.085348
            ],
            [
              120.866981,
              17.085351
            ],
            [
              120.866983,
              17.085351
            ],
            [
              120.867071,
              17.085347
            ],
            [
              120.867112,
              17.085352
            ],
            [
              120.867158,
              17.085376
            ],
            [
              120.867203,
              17.085403
            ],
            [
              120.867204,
              17.085403
            ],
            [
              120.867253,
              17.085431
            ],
            [
              120.867258,
              17.085433
            ],
            [
              120.867263,
              17.085435
            ],
            [
              120.867335,
              17.085447
            ],
            [
              120.867341,
              17.085447
            ],
            [
              120.867425,
              17.085445
            ],
            [
              120.86743,
              17.085444
            ],
            [
              120.867434,
              17.085443
            ],
            [
              120.867519,
              17.085411
            ],
            [
              120.86752,
              17.08541
            ],
            [
              120.867618,
              17.085367
            ],
            [
              120.867654,
              17.085358
            ],
            [
              120.867696,
              17.08536
            ],
            [
              120.867719,
              17.085372
            ],
            [
              120.867747,
              17.085406
            ],
            [
              120.867782,
              17.085454
            ],
            [
              120.867786,
              17.085459
            ],
            [
              120.867825,
              17.085492
            ],
            [
              120.867829,
              17.085495
            ],
            [
              120.867833,
              17.085497
            ],
            [
              120.867881,
              17.085516
            ],
            [
              120.867886,
              17.085518
            ],
            [
              120.867891,
              17.085518
            ],
            [
              120.868322,
              17.085537
            ],
            [
              120.868326,
              17.085537
            ],
            [
              120.868368,
              17.085532
            ],
            [
              120.868373,
              17.085532
            ],
            [
              120.868377,
              17.08553
            ],
            [
              120.868425,
              17.085507
            ],
            [
              120.868426,
              17.085507
            ],
            [
              120.868433,
              17.085552
            ],
            [
              120.868396,
              17.085606
            ],
            [
              120.868263,
              17.085611
            ],
            [
              120.868262,
              17.085611
            ],
            [
              120.868085,
              17.085624
            ],
            [
              120.867844,
              17.085639
            ],
            [
              120.867839,
              17.08564
            ],
            [
              120.867683,
              17.085675
            ],
            [
              120.867573,
              17.085683
            ],
            [
              120.867569,
              17.085683
            ],
            [
              120.867489,
              17.0857
            ],
            [
              120.867162,
              17.08565
            ],
            [
              120.866502,
              17.085577
            ],
            [
              120.866435,
              17.08559
            ],
            [
              120.865601,
              17.085568
            ],
            [
              120.865493,
              17.085532
            ],
            [
              120.865365,
              17.085445
            ],
            [
              120.865137,
              17.085444
            ],
            [
              120.865107,
              17.085408
            ],
            [
              120.86502,
              17.085293
            ],
            [
              120.865016,
              17.085242
            ],
            [
              120.864968,
              17.085213
            ],
            [
              120.864968,
              17.085202
            ]
          ]
        ]
      }
    },
    {
      "type": "Feature",
      "properties": {
        "classification": "R-3"
      },
      "geometry": {
        "type": "Polygon",
        "coordinates": [
          [
            [
              120.865137,
              17.085444
            ],
            [
              120.865365,
              17.085445
            ],
            [
              120.865493,
              17.085532
            ],
            [
              120.865601,
              17.085568
            ],
            [
              120.866435,
              17.08559
            ],
            [
              120.866502,
              17.085577
            ],
            [
              120.8654,
              17.085838
            ],
            [
              120.865371,
              17.08579
            ],
            [
              120.865317,
              17.085688
            ],
            [
              120.865286,
              17.085626
            ],
            [
              120.865256,
              17.085567
            ],
            [
              120.865182,
              17.085499
            ],
            [
              120.865137,
              17.085444
            ]
          ]
        ]
      }
    },
    {
      "type": "Feature",
      "properties": {
        "classification": "R-3"
      },
      "geometry": {
        "type": "Polygon",
        "coordinates": [
          [
            [
              120.8645,
              17.083691
            ],
            [
              120.864522,
              17.083611
            ],
            [
              120.864522,
              17.083504
            ],
            [
              120.864501,
              17.083418
            ],
            [
              120.864522,
              17.083397
            ],
            [
              120.864522,
              17.083375
            ],
            [
              120.864549,
              17.083252
            ],
            [
              120.864957,
              17.083225
            ],
            [
              120.865944,
              17.083302
            ],
            [
              120.866183,
              17.083348
            ],
            [
              120.8661,
              17.083379
            ],
            [
              120.865963,
              17.083491
            ],
            [
              120.865887,
              17.083626
            ],
            [
              120.865829,
              17.083789
            ],
            [
              120.865785,
              17.083912
            ],
            [
              120.865782,
              17.083913
            ],
            [
              120.865651,
              17.083953
            ],
            [
              120.865603,
              17.08397
            ],
            [
              120.865524,
              17.083981
            ],
            [
              120.865358,
              17.083977
            ],
            [
              120.865163,
              17.08397
            ],
            [
              120.864925,
              17.083954
            ],
            [
              120.864763,
              17.083947
            ],
            [
              120.864547,
              17.083959
            ],
            [
              120.864543,
              17.083959
            ],
            [
              120.864508,
              17.083891
            ],
            [
              120.864506,
              17.083849
            ],
            [
              120.8645,
              17.083691
            ]
          ]
        ]
      }
    },
    {
      "type": "Feature",
      "properties": {
        "classification": "R-3"
      },
      "geometry": {
        "type": "Polygon",
        "coordinates": [
          [
            [
              120.855259,
              17.094642
            ],
            [
              120.85526,
              17.094641
            ],
            [
              120.855301,
              17.094604
            ],
            [
              120.855332,
              17.09456
            ],
            [
              120.855355,
              17.094511
            ],
            [
              120.855398,
              17.094383
            ],
            [
              120.85541,
              17.094324
            ],
            [
              120.855409,
              17.094264
            ],
            [
              120.855386,
              17.094109
            ],
            [
              120.855505,
              17.093938
            ],
            [
              120.855633,
              17.093774
            ],
            [
              120.855734,
              17.093666
            ],
            [
              120.85577,
              17.093671
            ],
            [
              120.855845,
              17.09367
            ],
            [
              120.856028,
              17.093645
            ],
            [
              120.856078,
              17.093634
            ],
            [
              120.856125,
              17.093614
            ],
            [
              120.856167,
              17.093586
            ],
            [
              120.856272,
              17.093504
            ],
            [
              120.856348,
              17.093484
            ],
            [
              120.856402,
              17.093464
            ],
            [
              120.85645,
              17.093433
            ],
            [
              120.856491,
              17.093395
            ],
            [
              120.856561,
              17.093313
            ],
            [
              120.856589,
              17.093272
            ],
            [
              120.85661,
              17.093227
            ],
            [
              120.856622,
              17.093179
            ],
            [
              120.856624,
              17.09313
            ],
            [
              120.856617,
              17.093081
            ],
            [
              120.856601,
              17.093035
            ],
            [
              120.856564,
              17.092953
            ],
            [
              120.8565,
              17.092644
            ],
            [
              120.856516,
              17.092628
            ],
            [
              120.856552,
              17.092585
            ],
            [
              120.856579,
              17.092535
            ],
            [
              120.856594,
              17.092481
            ],
            [
              120.856595,
              17.092477
            ],
            [
              120.856628,
              17.092438
            ],
            [
              120.856653,
              17.092395
            ],
            [
              120.856664,
              17.092364
            ],
            [
              120.856878,
              17.092347
            ],
            [
              120.857576,
              17.092885
            ],
            [
              120.858434,
              17.093316
            ],
            [
              120.858767,
              17.09355
            ],
            [
              120.85893,
              17.094042
            ],
            [
              120.857293,
              17.09443
            ],
            [
              120.856956,
              17.09448
            ],
            [
              120.856428,
              17.094562
            ],
            [
              120.856277,
              17.094488
            ],
            [
              120.856001,
              17.094488
            ],
            [
              120.8558,
              17.094408
            ],
            [
              120.855714,
              17.094411
            ],
            [
              120.855666,
              17.094531
            ],
            [
              120.855702,
              17.094628
            ],
            [
              120.855553,
              17.094711
            ],
            [
              120.85544,
              17.094767
            ],
            [
              120.85536,
              17.094816
            ],
            [
              120.855358,
              17.094813
            ],
            [
              120.855365,
              17.094806
            ],
            [
              120.855322,
              17.094747
            ],
            [
              120.855259,
              17.094642
            ]
          ]
        ]
      }
    },
    {
      "type": "Feature",
      "properties": {
        "classification": "INSTITUTIONAL",
        "road_carve_m": 3
      },
      "geometry": {
        "type": "Polygon",
        "coordinates": [
          [
            [
              120.856352,
              17.094847
            ],
            [
              120.856554,
              17.094836
            ],
            [
              120.856839,
              17.094736
            ],
            [
              120.857065,
              17.094688
            ],
            [
              120.857356,
              17.095118
            ],
            [
              120.857222,
              17.095153
            ],
            [
              120.856996,
              17.095175
            ],
            [
              120.856993,
              17.095176
            ],
            [
              120.856903,
              17.095197
            ],
            [
              120.856824,
              17.095209
            ],
            [
              120.856372,
              17.095226
            ],
            [
              120.856369,
              17.095226
            ],
            [
              120.856365,
              17.095227
            ],
            [
              120.856352,
              17.094847
            ]
          ]
        ]
      }
    },
    {
      "type": "Feature",
      "properties": {
        "classification": "C-1",
        "road_carve_m": 3
      },
      "geometry": {
        "type": "Polygon",
        "coordinates": [
          [
            [
              120.854685,
              17.094952
            ],
            [
              120.855052,
              17.094894
            ],
            [
              120.855055,
              17.094898
            ],
            [
              120.855063,
              17.094904
            ],
            [
              120.855065,
              17.094905
            ],
            [
              120.855126,
              17.094988
            ],
            [
              120.855128,
              17.094991
            ],
            [
              120.855208,
              17.095074
            ],
            [
              120.855263,
              17.095201
            ],
            [
              120.855062,
              17.095203
            ],
            [
              120.855081,
              17.095324
            ],
            [
              120.855063,
              17.095324
            ],
            [
              120.855027,
              17.09529
            ],
            [
              120.854892,
              17.095163
            ],
            [
              120.85489,
              17.095162
            ],
            [
              120.854789,
              17.095084
            ],
            [
              120.854736,
              17.095032
            ],
            [
              120.85469,
              17.094967
            ],
            [
              120.854685,
              17.094952
            ]
          ]
        ]
      }
    },
    {
      "type": "Feature",
      "properties": {
        "classification": "INSTITUTIONAL",
        "road_carve_m": 3
      },
      "geometry": {
        "type": "Polygon",
        "coordinates": [
          [
            [
              120.855109,
              17.094871
            ],
            [
              120.855119,
              17.094884
            ],
            [
              120.855285,
              17.094852
            ],
            [
              120.855376,
              17.094798
            ],
            [
              120.855703,
              17.094634
            ],
            [
              120.855752,
              17.094741
            ],
            [
              120.856181,
              17.094857
            ],
            [
              120.856351,
              17.094847
            ],
            [
              120.856349,
              17.094852
            ],
            [
              120.856362,
              17.095227
            ],
            [
              120.856283,
              17.095237
            ],
            [
              120.856283,
              17.095236
            ],
            [
              120.856282,
              17.095233
            ],
            [
              120.856274,
              17.095215
            ],
            [
              120.856269,
              17.095204
            ],
            [
              120.856269,
              17.095203
            ],
            [
              120.856267,
              17.0952
            ],
            [
              120.856249,
              17.095173
            ],
            [
              120.856245,
              17.095169
            ],
            [
              120.856241,
              17.095166
            ],
            [
              120.856202,
              17.09514
            ],
            [
              120.8562,
              17.095139
            ],
            [
              120.856196,
              17.095138
            ],
            [
              120.85619,
              17.095136
            ],
            [
              120.85615,
              17.095131
            ],
            [
              120.856146,
              17.095131
            ],
            [
              120.856109,
              17.09513
            ],
            [
              120.856078,
              17.095129
            ],
            [
              120.856075,
              17.095129
            ],
            [
              120.855978,
              17.095137
            ],
            [
              120.855976,
              17.095137
            ],
            [
              120.855953,
              17.09514
            ],
            [
              120.855935,
              17.095143
            ],
            [
              120.85593,
              17.095144
            ],
            [
              120.855929,
              17.095144
            ],
            [
              120.855924,
              17.095146
            ],
            [
              120.85592,
              17.095149
            ],
            [
              120.855916,
              17.095153
            ],
            [
              120.855913,
              17.095158
            ],
            [
              120.855911,
              17.095162
            ],
            [
              120.85585,
              17.095171
            ],
            [
              120.85585,
              17.09517
            ],
            [
              120.855846,
              17.09516
            ],
            [
              120.855842,
              17.095156
            ],
            [
              120.85584,
              17.095154
            ],
            [
              120.855838,
              17.095153
            ],
            [
              120.855836,
              17.095152
            ],
            [
              120.855833,
              17.09515
            ],
            [
              120.855831,
              17.09515
            ],
            [
              120.855828,
              17.095149
            ],
            [
              120.855822,
              17.095148
            ],
            [
              120.855805,
              17.095148
            ],
            [
              120.855712,
              17.095145
            ],
            [
              120.855711,
              17.095145
            ],
            [
              120.855586,
              17.095144
            ],
            [
              120.855507,
              17.095143
            ],
            [
              120.855446,
              17.095139
            ],
            [
              120.855372,
              17.095109
            ],
            [
              120.855336,
              17.095089
            ],
            [
              120.855289,
              17.095064
            ],
            [
              120.855247,
              17.095035
            ],
            [
              120.855245,
              17.095033
            ],
            [
              120.85519,
              17.094975
            ],
            [
              120.855156,
              17.094936
            ],
            [
              120.855128,
              17.094897
            ],
            [
              120.855109,
              17.094871
            ]
          ]
        ]
      }
    },
    {
      "type": "Feature",
      "properties": {
        "classification": "INSTITUTIONAL"
      },
      "geometry": {
        "type": "Polygon",
        "coordinates": [
          [
            [
              120.855666,
              17.094531
            ],
            [
              120.855714,
              17.094411
            ],
            [
              120.8558,
              17.094408
            ],
            [
              120.856001,
              17.094488
            ],
            [
              120.856277,
              17.094488
            ],
            [
              120.856428,
              17.094562
            ],
            [
              120.856583,
              17.094708
            ],
            [
              120.856586,
              17.09479
            ],
            [
              120.856567,
              17.094794
            ],
            [
              120.856586,
              17.09479
            ],
            [
              120.856554,
              17.094836
            ],
            [
              120.856352,
              17.094847
            ],
            [
              120.856352,
              17.094847
            ],
            [
              120.856351,
              17.094847
            ],
            [
              120.856351,
              17.094847
            ],
            [
              120.856181,
              17.094857
            ],
            [
              120.855752,
              17.094741
            ],
            [
              120.855712,
              17.094654
            ],
            [
              120.855666,
              17.094531
            ]
          ]
        ]
      }
    },
    {
      "type": "Feature",
      "properties": {
        "classification": "INSTITUTIONAL"
      },
      "geometry": {
        "type": "Polygon",
        "coordinates": [
          [
            [
              120.85506,
              17.076564
            ],
            [
              120.854834,
              17.076415
            ],
            [
              120.854582,
              17.076426
            ],
            [
              120.854598,
              17.076236
            ],
            [
              120.854754,
              17.076133
            ],
            [
              120.854861,
              17.076149
            ],
            [
              120.85514,
              17.076338
            ],
            [
              120.855145,
              17.076451
            ],
            [
              120.85506,
              17.076564
            ]
          ]
        ]
      }
    },
    {
      "type": "Feature",
      "properties": {
        "classification": "INSTITUTIONAL",
        "road_carve_m": 3
      },
      "geometry": {
        "type": "Polygon",
        "coordinates": [
          [
            [
              120.853804,
              17.075549
            ],
            [
              120.853858,
              17.075292
            ],
            [
              120.85396,
              17.075267
            ],
            [
              120.854196,
              17.07539
            ],
            [
              120.85425,
              17.075496
            ],
            [
              120.854157,
              17.075706
            ],
            [
              120.854156,
              17.075708
            ],
            [
              120.85409,
              17.075893
            ],
            [
              120.854035,
              17.076046
            ],
            [
              120.854034,
              17.076051
            ],
            [
              120.854022,
              17.076135
            ],
            [
              120.854022,
              17.07614
            ],
            [
              120.853885,
              17.076118
            ],
            [
              120.853804,
              17.075549
            ]
          ]
        ]
      }
    },
    {
      "type": "Feature",
      "properties": {
        "classification": "R-3"
      },
      "geometry": {
        "type": "Polygon",
        "coordinates": [
          [
            [
              120.864501,
              17.084491
            ],
            [
              120.864515,
              17.0845
            ],
            [
              120.864534,
              17.084499
            ],
            [
              120.864555,
              17.084498
            ],
            [
              120.864574,
              17.084498
            ],
            [
              120.864766,
              17.084487
            ],
            [
              120.864894,
              17.084493
            ],
            [
              120.865135,
              17.084509
            ],
            [
              120.865343,
              17.084516
            ],
            [
              120.865554,
              17.084522
            ],
            [
              120.865735,
              17.084497
            ],
            [
              120.865823,
              17.084464
            ],
            [
              120.865881,
              17.084446
            ],
            [
              120.865927,
              17.084443
            ],
            [
              120.866074,
              17.084397
            ],
            [
              120.866211,
              17.084277
            ],
            [
              120.866279,
              17.084132
            ],
            [
              120.866337,
              17.083971
            ],
            [
              120.866378,
              17.083855
            ],
            [
              120.866436,
              17.083838
            ],
            [
              120.866454,
              17.083835
            ],
            [
              120.866494,
              17.08384
            ],
            [
              120.866524,
              17.083841
            ],
            [
              120.866536,
              17.083843
            ],
            [
              120.866555,
              17.083849
            ],
            [
              120.866631,
              17.083877
            ],
            [
              120.866799,
              17.083888
            ],
            [
              120.867131,
              17.083693
            ],
            [
              120.867966,
              17.084343
            ],
            [
              120.868355,
              17.084893
            ],
            [
              120.868316,
              17.08503
            ],
            [
              120.868312,
              17.085049
            ],
            [
              120.867802,
              17.08508
            ],
            [
              120.867802,
              17.08508
            ],
            [
              120.867802,
              17.08508
            ],
            [
              120.867779,
              17.085068
            ],
            [
              120.867626,
              17.085059
            ],
            [
              120.86752,
              17.085086
            ],
            [
              120.867406,
              17.085136
            ],
            [
              120.86737,
              17.08515
            ],
            [
              120.867359,
              17.08515
            ],
            [
              120.867353,
              17.085147
            ],
            [
              120.867303,
              17.085117
            ],
            [
              120.867202,
              17.085064
            ],
            [
              120.867084,
              17.08505
            ],
            [
              120.86698,
              17.085054
            ],
            [
              120.866849,
              17.085051
            ],
            [
              120.866566,
              17.085057
            ],
            [
              120.866355,
              17.085045
            ],
            [
              120.866115,
              17.085033
            ],
            [
              120.865832,
              17.085031
            ],
            [
              120.86574,
              17.085026
            ],
            [
              120.865697,
              17.085023
            ],
            [
              120.86569,
              17.085021
            ],
            [
              120.865671,
              17.085012
            ],
            [
              120.865617,
              17.084976
            ],
            [
              120.865488,
              17.084922
            ],
            [
              120.865367,
              17.084906
            ],
            [
              120.865265,
              17.084913
            ],
            [
              120.865172,
              17.084912
            ],
            [
              120.864544,
              17.084684
            ],
            [
              120.864522,
              17.084663
            ],
            [
              120.864522,
              17.08462
            ],
            [
              120.864544,
              17.084599
            ],
            [
              120.864544,
              17.084577
            ],
            [
              120.864587,
              17.084534
            ],
            [
              120.864565,
              17.084534
            ],
            [
              120.864501,
              17.084491
            ]
          ]
        ]
      }
    },
    {
      "type": "Feature",
      "properties": {
        "classification": "C-2",
        "source": "road-tag",
        "buffer_m": 30,
        "road_keys": [
          "833475150|besao-east|120.868757,17.084873"
        ],
        "clipped_against_existing": 2
      },
      "geometry": {
        "type": "MultiPolygon",
        "coordinates": [
          [
            [
              [
                120.864458,
                17.084835
              ],
              [
                120.86448,
                17.08477
              ],
              [
                120.864501,
                17.08477
              ],
              [
                120.864544,
                17.084684
              ],
              [
                120.865172,
                17.084912
              ],
              [
                120.865265,
                17.084913
              ],
              [
                120.865367,
                17.084906
              ],
              [
                120.865488,
                17.084922
              ],
              [
                120.865617,
                17.084976
              ],
              [
                120.865671,
                17.085012
              ],
              [
                120.86569,
                17.085021
              ],
              [
                120.865697,
                17.085023
              ],
              [
                120.86574,
                17.085026
              ],
              [
                120.865832,
                17.085031
              ],
              [
                120.866115,
                17.085033
              ],
              [
                120.866355,
                17.085045
              ],
              [
                120.866566,
                17.085057
              ],
              [
                120.866849,
                17.085051
              ],
              [
                120.86698,
                17.085054
              ],
              [
                120.867084,
                17.08505
              ],
              [
                120.867202,
                17.085064
              ],
              [
                120.867303,
                17.085117
              ],
              [
                120.867353,
                17.085147
              ],
              [
                120.867359,
                17.08515
              ],
              [
                120.86737,
                17.08515
              ],
              [
                120.867406,
                17.085136
              ],
              [
                120.86752,
                17.085086
              ],
              [
                120.867626,
                17.085059
              ],
              [
                120.867779,
                17.085068
              ],
              [
                120.867802,
                17.08508
              ],
              [
                120.867572,
                17.085092
              ],
              [
                120.867572,
                17.085094
              ],
              [
                120.867574,
                17.085119
              ],
              [
                120.867583,
                17.085284
              ],
              [
                120.867584,
                17.085285
              ],
              [
                120.867586,
                17.085312
              ],
              [
                120.867495,
                17.085353
              ],
              [
                120.867417,
                17.085382
              ],
              [
                120.867343,
                17.085384
              ],
              [
                120.86728,
                17.085374
              ],
              [
                120.867236,
                17.085349
              ],
              [
                120.86719,
                17.085322
              ],
              [
                120.867132,
                17.085291
              ],
              [
                120.867074,
                17.085284
              ],
              [
                120.866982,
                17.085288
              ],
              [
                120.866849,
                17.085285
              ],
              [
                120.866562,
                17.085291
              ],
              [
                120.866342,
                17.085279
              ],
              [
                120.866108,
                17.085266
              ],
              [
                120.865824,
                17.085265
              ],
              [
                120.865726,
                17.085259
              ],
              [
                120.865657,
                17.085255
              ],
              [
                120.865605,
                17.08524
              ],
              [
                120.865555,
                17.085215
              ],
              [
                120.865506,
                17.085183
              ],
              [
                120.865426,
                17.085149
              ],
              [
                120.865359,
                17.085141
              ],
              [
                120.865272,
                17.085147
              ],
              [
                120.865168,
                17.085146
              ],
              [
                120.864951,
                17.085139
              ],
              [
                120.864878,
                17.085099
              ],
              [
                120.864874,
                17.085097
              ],
              [
                120.864783,
                17.085047
              ],
              [
                120.86473,
                17.085002
              ],
              [
                120.86472,
                17.084985
              ],
              [
                120.864703,
                17.084962
              ],
              [
                120.864663,
                17.084932
              ],
              [
                120.864594,
                17.084911
              ],
              [
                120.864541,
                17.084885
              ],
              [
                120.86448,
                17.084877
              ],
              [
                120.864458,
                17.084835
              ]
            ]
          ],
          [
            [
              [
                120.868312,
                17.085049
              ],
              [
                120.868316,
                17.08503
              ],
              [
                120.868355,
                17.084893
              ],
              [
                120.868536,
                17.085116
              ],
              [
                120.868525,
                17.085165
              ],
              [
                120.868379,
                17.085045
              ],
              [
                120.868312,
                17.085049
              ]
            ]
          ]
        ]
      }
    },
    {
      "type": "Feature",
      "properties": {
        "classification": "INSTITUTIONAL",
        "road_carve_m": 3
      },
      "geometry": {
        "type": "Polygon",
        "coordinates": [
          [
            [
              120.867572,
              17.085094
            ],
            [
              120.868379,
              17.085045
            ],
            [
              120.868532,
              17.085171
            ],
            [
              120.868531,
              17.085177
            ],
            [
              120.868478,
              17.085297
            ],
            [
              120.868477,
              17.085298
            ],
            [
              120.868422,
              17.085439
            ],
            [
              120.868397,
              17.085461
            ],
            [
              120.868357,
              17.085479
            ],
            [
              120.868322,
              17.085483
            ],
            [
              120.867898,
              17.085465
            ],
            [
              120.867859,
              17.085449
            ],
            [
              120.867827,
              17.085421
            ],
            [
              120.867792,
              17.085374
            ],
            [
              120.867791,
              17.085373
            ],
            [
              120.867759,
              17.085334
            ],
            [
              120.867751,
              17.085328
            ],
            [
              120.867718,
              17.08531
            ],
            [
              120.867712,
              17.085308
            ],
            [
              120.867706,
              17.085307
            ],
            [
              120.867653,
              17.085304
            ],
            [
              120.867649,
              17.085304
            ],
            [
              120.867644,
              17.085305
            ],
            [
              120.867601,
              17.085315
            ],
            [
              120.867596,
              17.085317
            ],
            [
              120.867588,
              17.085321
            ],
            [
              120.867586,
              17.08532
            ],
            [
              120.867586,
              17.085312
            ],
            [
              120.867584,
              17.085285
            ],
            [
              120.867577,
              17.08518
            ],
            [
              120.867574,
              17.085119
            ],
            [
              120.867572,
              17.085094
            ]
          ]
        ]
      }
    },
    {
      "type": "Feature",
      "properties": {
        "classification": "INSTITUTIONAL"
      },
      "geometry": {
        "type": "Polygon",
        "coordinates": [
          [
            [
              120.871429,
              17.082838
            ],
            [
              120.871748,
              17.083076
            ],
            [
              120.871845,
              17.082969
            ],
            [
              120.871534,
              17.082715
            ],
            [
              120.871429,
              17.082838
            ]
          ]
        ]
      }
    },
    {
      "type": "Feature",
      "properties": {
        "classification": "R-5"
      },
      "geometry": {
        "type": "Polygon",
        "coordinates": [
          [
            [
              120.87027,
              17.08404
            ],
            [
              120.870375,
              17.083866
            ],
            [
              120.870627,
              17.083787
            ],
            [
              120.870689,
              17.083825
            ],
            [
              120.871097,
              17.083969
            ],
            [
              120.871357,
              17.083912
            ],
            [
              120.871354,
              17.084115
            ],
            [
              120.871496,
              17.084366
            ],
            [
              120.871743,
              17.084443
            ],
            [
              120.871885,
              17.084407
            ],
            [
              120.872041,
              17.084651
            ],
            [
              120.871877,
              17.084671
            ],
            [
              120.871502,
              17.084607
            ],
            [
              120.871158,
              17.084548
            ],
            [
              120.870523,
              17.084299
            ],
            [
              120.870346,
              17.08421
            ],
            [
              120.87027,
              17.08404
            ]
          ]
        ]
      }
    },
    {
      "type": "Feature",
      "properties": {
        "classification": "R-5"
      },
      "geometry": {
        "type": "MultiPolygon",
        "coordinates": [
          [
            [
              [
                120.870002,
                17.083405
              ],
              [
                120.870008,
                17.083176
              ],
              [
                120.870574,
                17.082874
              ],
              [
                120.871424,
                17.082446
              ],
              [
                120.871421,
                17.082284
              ],
              [
                120.871606,
                17.082251
              ],
              [
                120.872145,
                17.082476
              ],
              [
                120.872223,
                17.082635
              ],
              [
                120.872336,
                17.083197
              ],
              [
                120.872328,
                17.083533
              ],
              [
                120.872247,
                17.083956
              ],
              [
                120.872156,
                17.083876
              ],
              [
                120.871979,
                17.083866
              ],
              [
                120.872081,
                17.083751
              ],
              [
                120.872143,
                17.083571
              ],
              [
                120.872073,
                17.083389
              ],
              [
                120.871963,
                17.083279
              ],
              [
                120.871789,
                17.083243
              ],
              [
                120.871494,
                17.083281
              ],
              [
                120.871196,
                17.083387
              ],
              [
                120.871123,
                17.083402
              ],
              [
                120.871032,
                17.083305
              ],
              [
                120.870903,
                17.083243
              ],
              [
                120.870697,
                17.08322
              ],
              [
                120.870442,
                17.083266
              ],
              [
                120.870002,
                17.083405
              ]
            ]
          ],
          [
            [
              [
                120.871429,
                17.082838
              ],
              [
                120.871748,
                17.083076
              ],
              [
                120.871845,
                17.082969
              ],
              [
                120.871534,
                17.082715
              ],
              [
                120.871429,
                17.082838
              ]
            ]
          ]
        ]
      }
    },
    {
      "type": "Feature",
      "properties": {
        "classification": "R-5"
      },
      "geometry": {
        "type": "Polygon",
        "coordinates": [
          [
            [
              120.869364,
              17.084028
            ],
            [
              120.869471,
              17.083863
            ],
            [
              120.869603,
              17.083866
            ],
            [
              120.869737,
              17.083943
            ],
            [
              120.869844,
              17.083963
            ],
            [
              120.869849,
              17.084017
            ],
            [
              120.869938,
              17.084048
            ],
            [
              120.869876,
              17.084176
            ],
            [
              120.869678,
              17.084176
            ],
            [
              120.86956,
              17.084056
            ],
            [
              120.869493,
              17.084143
            ],
            [
              120.869364,
              17.084028
            ]
          ]
        ]
      }
    },
    {
      "type": "Feature",
      "properties": {
        "classification": "R-6",
        "road_carve_m": 3
      },
      "geometry": {
        "type": "Polygon",
        "coordinates": [
          [
            [
              120.853572,
              17.074967
            ],
            [
              120.853588,
              17.074895
            ],
            [
              120.854152,
              17.074813
            ],
            [
              120.854621,
              17.074746
            ],
            [
              120.855997,
              17.075241
            ],
            [
              120.85533,
              17.075452
            ],
            [
              120.85533,
              17.075452
            ],
            [
              120.85533,
              17.075452
            ],
            [
              120.855335,
              17.075449
            ],
            [
              120.855339,
              17.075445
            ],
            [
              120.855342,
              17.075441
            ],
            [
              120.855344,
              17.075436
            ],
            [
              120.855345,
              17.07543
            ],
            [
              120.855345,
              17.075425
            ],
            [
              120.855344,
              17.07542
            ],
            [
              120.855342,
              17.075415
            ],
            [
              120.855339,
              17.075411
            ],
            [
              120.855335,
              17.075407
            ],
            [
              120.85533,
              17.075404
            ],
            [
              120.855325,
              17.075402
            ],
            [
              120.85532,
              17.075401
            ],
            [
              120.855314,
              17.075401
            ],
            [
              120.855309,
              17.075402
            ],
            [
              120.855178,
              17.075441
            ],
            [
              120.855173,
              17.075443
            ],
            [
              120.855173,
              17.075443
            ],
            [
              120.855173,
              17.075443
            ],
            [
              120.855178,
              17.075441
            ],
            [
              120.855309,
              17.075402
            ],
            [
              120.855314,
              17.075401
            ],
            [
              120.855315,
              17.075401
            ],
            [
              120.855241,
              17.075167
            ],
            [
              120.855039,
              17.075228
            ],
            [
              120.854978,
              17.075297
            ],
            [
              120.854929,
              17.075323
            ],
            [
              120.854669,
              17.07549
            ],
            [
              120.854624,
              17.0754
            ],
            [
              120.854573,
              17.075346
            ],
            [
              120.854739,
              17.075151
            ],
            [
              120.854552,
              17.074992
            ],
            [
              120.854551,
              17.074994
            ],
            [
              120.854426,
              17.075144
            ],
            [
              120.854551,
              17.074994
            ],
            [
              120.854554,
              17.074989
            ],
            [
              120.854556,
              17.074984
            ],
            [
              120.854557,
              17.074979
            ],
            [
              120.854557,
              17.074974
            ],
            [
              120.854555,
              17.074969
            ],
            [
              120.854553,
              17.074964
            ],
            [
              120.85455,
              17.074959
            ],
            [
              120.854546,
              17.074956
            ],
            [
              120.854541,
              17.074953
            ],
            [
              120.854536,
              17.074951
            ],
            [
              120.854531,
              17.07495
            ],
            [
              120.854525,
              17.07495
            ],
            [
              120.85452,
              17.074951
            ],
            [
              120.854515,
              17.074953
            ],
            [
              120.85451,
              17.074956
            ],
            [
              120.85451,
              17.074957
            ],
            [
              120.854331,
              17.074805
            ],
            [
              120.854117,
              17.075046
            ],
            [
              120.854036,
              17.075203
            ],
            [
              120.854011,
              17.075294
            ],
            [
              120.85396,
              17.075267
            ],
            [
              120.853858,
              17.075292
            ],
            [
              120.853804,
              17.075549
            ],
            [
              120.853744,
              17.075282
            ],
            [
              120.853572,
              17.074967
            ]
          ]
        ]
      }
    },
    {
      "type": "Feature",
      "properties": {
        "classification": "R-6",
        "road_carve_m": 3
      },
      "geometry": {
        "type": "Polygon",
        "coordinates": [
          [
            [
              120.854345,
              17.076579
            ],
            [
              120.85435,
              17.076279
            ],
            [
              120.854596,
              17.076254
            ],
            [
              120.854582,
              17.076426
            ],
            [
              120.854834,
              17.076415
            ],
            [
              120.85506,
              17.076564
            ],
            [
              120.855145,
              17.076451
            ],
            [
              120.85514,
              17.076338
            ],
            [
              120.854861,
              17.076149
            ],
            [
              120.85496,
              17.076216
            ],
            [
              120.855144,
              17.076197
            ],
            [
              120.855179,
              17.075808
            ],
            [
              120.855404,
              17.075685
            ],
            [
              120.855331,
              17.075452
            ],
            [
              120.85533,
              17.075452
            ],
            [
              120.855997,
              17.075241
            ],
            [
              120.856406,
              17.075315
            ],
            [
              120.856913,
              17.075415
            ],
            [
              120.856993,
              17.07641
            ],
            [
              120.856977,
              17.077236
            ],
            [
              120.856902,
              17.077482
            ],
            [
              120.856784,
              17.077584
            ],
            [
              120.856445,
              17.077733
            ],
            [
              120.856394,
              17.077713
            ],
            [
              120.856262,
              17.077702
            ],
            [
              120.856123,
              17.077754
            ],
            [
              120.855758,
              17.077687
            ],
            [
              120.855565,
              17.077613
            ],
            [
              120.855372,
              17.077579
            ],
            [
              120.855342,
              17.077549
            ],
            [
              120.855275,
              17.077315
            ],
            [
              120.85487,
              17.076795
            ],
            [
              120.854771,
              17.076744
            ],
            [
              120.85438,
              17.076623
            ],
            [
              120.854345,
              17.076579
            ]
          ]
        ]
      }
    },
    {
      "type": "Feature",
      "properties": {
        "classification": "INSTITUTIONAL"
      },
      "geometry": {
        "type": "Polygon",
        "coordinates": [
          [
            [
              120.804902,
              17.084507
            ],
            [
              120.805294,
              17.084356
            ],
            [
              120.805283,
              17.084333
            ],
            [
              120.80534,
              17.084307
            ],
            [
              120.805455,
              17.084489
            ],
            [
              120.805444,
              17.084638
            ],
            [
              120.805012,
              17.084802
            ],
            [
              120.804937,
              17.08462
            ],
            [
              120.804902,
              17.084507
            ]
          ]
        ]
      }
    },
    {
      "type": "Feature",
      "properties": {
        "classification": "R-6",
        "road_carve_m": 3
      },
      "geometry": {
        "type": "Polygon",
        "coordinates": [
          [
            [
              120.789449,
              17.093567
            ],
            [
              120.789464,
              17.093537
            ],
            [
              120.789721,
              17.093649
            ],
            [
              120.78978,
              17.093885
            ],
            [
              120.789828,
              17.093931
            ],
            [
              120.78986,
              17.094111
            ],
            [
              120.789882,
              17.094285
            ],
            [
              120.789989,
              17.094603
            ],
            [
              120.789979,
              17.094916
            ],
            [
              120.789844,
              17.095049
            ],
            [
              120.789748,
              17.095665
            ],
            [
              120.789989,
              17.096444
            ],
            [
              120.789968,
              17.096572
            ],
            [
              120.789724,
              17.096506
            ],
            [
              120.789735,
              17.096466
            ],
            [
              120.789736,
              17.096461
            ],
            [
              120.789736,
              17.096455
            ],
            [
              120.789734,
              17.09645
            ],
            [
              120.789712,
              17.096391
            ],
            [
              120.789673,
              17.096272
            ],
            [
              120.789671,
              17.096268
            ],
            [
              120.789669,
              17.096264
            ],
            [
              120.78959,
              17.096161
            ],
            [
              120.789559,
              17.096096
            ],
            [
              120.789567,
              17.096022
            ],
            [
              120.789582,
              17.095967
            ],
            [
              120.789583,
              17.095963
            ],
            [
              120.789583,
              17.095958
            ],
            [
              120.789579,
              17.095912
            ],
            [
              120.789577,
              17.095906
            ],
            [
              120.789545,
              17.095817
            ],
            [
              120.789545,
              17.095816
            ],
            [
              120.78952,
              17.095758
            ],
            [
              120.789504,
              17.095697
            ],
            [
              120.789518,
              17.095491
            ],
            [
              120.789549,
              17.095288
            ],
            [
              120.789607,
              17.095008
            ],
            [
              120.789643,
              17.094938
            ],
            [
              120.789726,
              17.09484
            ],
            [
              120.789729,
              17.094836
            ],
            [
              120.789731,
              17.09483
            ],
            [
              120.789732,
              17.094825
            ],
            [
              120.78974,
              17.094652
            ],
            [
              120.789739,
              17.094644
            ],
            [
              120.789704,
              17.09451
            ],
            [
              120.789704,
              17.094507
            ],
            [
              120.789648,
              17.094349
            ],
            [
              120.789631,
              17.094151
            ],
            [
              120.78963,
              17.094145
            ],
            [
              120.789608,
              17.094079
            ],
            [
              120.789607,
              17.094075
            ],
            [
              120.789605,
              17.094071
            ],
            [
              120.789548,
              17.093991
            ],
            [
              120.789505,
              17.093806
            ],
            [
              120.789482,
              17.093704
            ],
            [
              120.789449,
              17.093567
            ]
          ]
        ]
      }
    },
    {
      "type": "Feature",
      "properties": {
        "classification": "C-2",
        "road_carve_m": 3
      },
      "geometry": {
        "type": "Polygon",
        "coordinates": [
          [
            [
              120.787672,
              17.09428
            ],
            [
              120.787822,
              17.094172
            ],
            [
              120.788026,
              17.094111
            ],
            [
              120.788375,
              17.093829
            ],
            [
              120.788573,
              17.093793
            ],
            [
              120.788391,
              17.09368
            ],
            [
              120.788133,
              17.093296
            ],
            [
              120.788037,
              17.093039
            ],
            [
              120.788015,
              17.092829
            ],
            [
              120.788254,
              17.092806
            ],
            [
              120.788274,
              17.092991
            ],
            [
              120.788275,
              17.092996
            ],
            [
              120.788341,
              17.093197
            ],
            [
              120.788343,
              17.093202
            ],
            [
              120.788345,
              17.093205
            ],
            [
              120.788583,
              17.093511
            ],
            [
              120.788586,
              17.093514
            ],
            [
              120.78859,
              17.093517
            ],
            [
              120.788726,
              17.093598
            ],
            [
              120.788731,
              17.0936
            ],
            [
              120.788924,
              17.09367
            ],
            [
              120.788669,
              17.09403
            ],
            [
              120.788495,
              17.094064
            ],
            [
              120.788491,
              17.094065
            ],
            [
              120.788487,
              17.094067
            ],
            [
              120.788393,
              17.094115
            ],
            [
              120.788391,
              17.094117
            ],
            [
              120.788243,
              17.094214
            ],
            [
              120.788241,
              17.094216
            ],
            [
              120.788113,
              17.094324
            ],
            [
              120.787927,
              17.094396
            ],
            [
              120.787923,
              17.094398
            ],
            [
              120.787919,
              17.0944
            ],
            [
              120.787815,
              17.094482
            ],
            [
              120.787811,
              17.094485
            ],
            [
              120.787809,
              17.094489
            ],
            [
              120.787807,
              17.094493
            ],
            [
              120.7878,
              17.094508
            ],
            [
              120.787672,
              17.09428
            ]
          ]
        ]
      }
    },
    {
      "type": "Feature",
      "properties": {
        "classification": "R-6",
        "road_carve_m": 3
      },
      "geometry": {
        "type": "Polygon",
        "coordinates": [
          [
            [
              120.789449,
              17.093567
            ],
            [
              120.789479,
              17.093504
            ],
            [
              120.789522,
              17.09346
            ],
            [
              120.789572,
              17.093441
            ],
            [
              120.789631,
              17.093435
            ],
            [
              120.789636,
              17.093434
            ],
            [
              120.78964,
              17.093433
            ],
            [
              120.789741,
              17.093388
            ],
            [
              120.789746,
              17.093385
            ],
            [
              120.78975,
              17.093381
            ],
            [
              120.78985,
              17.093274
            ],
            [
              120.790006,
              17.093104
            ],
            [
              120.79001,
              17.0931
            ],
            [
              120.790044,
              17.093045
            ],
            [
              120.790047,
              17.093039
            ],
            [
              120.790048,
              17.093032
            ],
            [
              120.790072,
              17.09264
            ],
            [
              120.790085,
              17.092607
            ],
            [
              120.79015,
              17.092523
            ],
            [
              120.790152,
              17.092521
            ],
            [
              120.790186,
              17.092467
            ],
            [
              120.790499,
              17.092486
            ],
            [
              120.790311,
              17.092742
            ],
            [
              120.790295,
              17.093132
            ],
            [
              120.789909,
              17.093588
            ],
            [
              120.789721,
              17.093649
            ],
            [
              120.789464,
              17.093537
            ],
            [
              120.789449,
              17.093567
            ]
          ]
        ]
      }
    },
    {
      "type": "Feature",
      "properties": {
        "classification": "C-2",
        "road_carve_m": 3
      },
      "geometry": {
        "type": "Polygon",
        "coordinates": [
          [
            [
              120.787834,
              17.09457
            ],
            [
              120.787855,
              17.094521
            ],
            [
              120.787856,
              17.09452
            ],
            [
              120.787952,
              17.094445
            ],
            [
              120.788138,
              17.094372
            ],
            [
              120.788143,
              17.09437
            ],
            [
              120.788146,
              17.094367
            ],
            [
              120.788211,
              17.094313
            ],
            [
              120.788277,
              17.094258
            ],
            [
              120.788422,
              17.094162
            ],
            [
              120.788436,
              17.094155
            ],
            [
              120.78851,
              17.094116
            ],
            [
              120.78869,
              17.094081
            ],
            [
              120.788889,
              17.094063
            ],
            [
              120.788894,
              17.094063
            ],
            [
              120.788899,
              17.094061
            ],
            [
              120.788933,
              17.094045
            ],
            [
              120.789017,
              17.094007
            ],
            [
              120.789021,
              17.094005
            ],
            [
              120.789036,
              17.093996
            ],
            [
              120.789121,
              17.093941
            ],
            [
              120.789161,
              17.093933
            ],
            [
              120.788962,
              17.09421
            ],
            [
              120.788941,
              17.09424
            ],
            [
              120.788938,
              17.094245
            ],
            [
              120.788936,
              17.09425
            ],
            [
              120.788936,
              17.09426
            ],
            [
              120.788913,
              17.094301
            ],
            [
              120.78853,
              17.094347
            ],
            [
              120.788337,
              17.094557
            ],
            [
              120.788085,
              17.094665
            ],
            [
              120.78801,
              17.094788
            ],
            [
              120.787945,
              17.094767
            ],
            [
              120.787834,
              17.09457
            ]
          ]
        ]
      }
    },
    {
      "type": "Feature",
      "properties": {
        "classification": "C-2",
        "road_carve_m": 3
      },
      "geometry": {
        "type": "Polygon",
        "coordinates": [
          [
            [
              120.788984,
              17.094275
            ],
            [
              120.788986,
              17.094272
            ],
            [
              120.788987,
              17.094271
            ],
            [
              120.789212,
              17.093958
            ],
            [
              120.789214,
              17.093956
            ],
            [
              120.789234,
              17.093919
            ],
            [
              120.789234,
              17.093919
            ],
            [
              120.789241,
              17.093907
            ],
            [
              120.789242,
              17.093906
            ],
            [
              120.789242,
              17.093904
            ],
            [
              120.789301,
              17.093765
            ],
            [
              120.789406,
              17.093627
            ],
            [
              120.789427,
              17.093715
            ],
            [
              120.789449,
              17.093818
            ],
            [
              120.789494,
              17.094008
            ],
            [
              120.789495,
              17.094013
            ],
            [
              120.789498,
              17.094017
            ],
            [
              120.789556,
              17.094098
            ],
            [
              120.789575,
              17.094158
            ],
            [
              120.789592,
              17.094357
            ],
            [
              120.789594,
              17.094363
            ],
            [
              120.78965,
              17.094524
            ],
            [
              120.789683,
              17.094653
            ],
            [
              120.789676,
              17.094813
            ],
            [
              120.789597,
              17.094906
            ],
            [
              120.789594,
              17.094912
            ],
            [
              120.789555,
              17.094987
            ],
            [
              120.789553,
              17.094994
            ],
            [
              120.789494,
              17.095278
            ],
            [
              120.789493,
              17.09528
            ],
            [
              120.789462,
              17.095484
            ],
            [
              120.789462,
              17.095486
            ],
            [
              120.789448,
              17.095697
            ],
            [
              120.789448,
              17.095706
            ],
            [
              120.789466,
              17.095772
            ],
            [
              120.789467,
              17.095776
            ],
            [
              120.789492,
              17.095836
            ],
            [
              120.789523,
              17.09592
            ],
            [
              120.789526,
              17.095958
            ],
            [
              120.789512,
              17.096011
            ],
            [
              120.789511,
              17.096015
            ],
            [
              120.789503,
              17.096098
            ],
            [
              120.789502,
              17.096102
            ],
            [
              120.789503,
              17.096107
            ],
            [
              120.789505,
              17.096111
            ],
            [
              120.78954,
              17.096185
            ],
            [
              120.789543,
              17.09619
            ],
            [
              120.78962,
              17.096292
            ],
            [
              120.789658,
              17.096408
            ],
            [
              120.789659,
              17.096409
            ],
            [
              120.789678,
              17.096461
            ],
            [
              120.78967,
              17.096491
            ],
            [
              120.789367,
              17.096408
            ],
            [
              120.789244,
              17.096177
            ],
            [
              120.78927,
              17.095957
            ],
            [
              120.789185,
              17.095747
            ],
            [
              120.789303,
              17.094931
            ],
            [
              120.789442,
              17.094721
            ],
            [
              120.789346,
              17.094219
            ],
            [
              120.789265,
              17.094137
            ],
            [
              120.789331,
              17.094204
            ],
            [
              120.789185,
              17.094413
            ],
            [
              120.789008,
              17.09429
            ],
            [
              120.789005,
              17.09429
            ],
            [
              120.788984,
              17.094275
            ]
          ]
        ]
      }
    },
    {
      "type": "Feature",
      "properties": {
        "classification": "R-7"
      },
      "geometry": {
        "type": "Polygon",
        "coordinates": [
          [
            [
              120.789721,
              17.093649
            ],
            [
              120.789909,
              17.093588
            ],
            [
              120.790295,
              17.093132
            ],
            [
              120.790311,
              17.092742
            ],
            [
              120.790499,
              17.092486
            ],
            [
              120.791497,
              17.092552
            ],
            [
              120.791475,
              17.092875
            ],
            [
              120.790654,
              17.094111
            ],
            [
              120.790558,
              17.094926
            ],
            [
              120.79184,
              17.095444
            ],
            [
              120.791835,
              17.095649
            ],
            [
              120.791389,
              17.096085
            ],
            [
              120.790316,
              17.096644
            ],
            [
              120.789968,
              17.096572
            ],
            [
              120.789989,
              17.096444
            ],
            [
              120.789748,
              17.095665
            ],
            [
              120.789844,
              17.095049
            ],
            [
              120.789979,
              17.094916
            ],
            [
              120.789989,
              17.094603
            ],
            [
              120.789882,
              17.094285
            ],
            [
              120.78986,
              17.094111
            ],
            [
              120.789828,
              17.093931
            ],
            [
              120.78978,
              17.093885
            ],
            [
              120.789721,
              17.093649
            ]
          ]
        ]
      }
    },
    {
      "type": "Feature",
      "properties": {
        "classification": "C-1",
        "road_carve_m": 3
      },
      "geometry": {
        "type": "Polygon",
        "coordinates": [
          [
            [
              120.856956,
              17.09448
            ],
            [
              120.857293,
              17.09443
            ],
            [
              120.857573,
              17.094842
            ],
            [
              120.857857,
              17.094862
            ],
            [
              120.857975,
              17.094875
            ],
            [
              120.858155,
              17.094708
            ],
            [
              120.858152,
              17.094539
            ],
            [
              120.858209,
              17.094342
            ],
            [
              120.858351,
              17.094244
            ],
            [
              120.858522,
              17.094196
            ],
            [
              120.858656,
              17.094183
            ],
            [
              120.858804,
              17.094201
            ],
            [
              120.859053,
              17.09429
            ],
            [
              120.859174,
              17.094234
            ],
            [
              120.859359,
              17.094092
            ],
            [
              120.859458,
              17.094104
            ],
            [
              120.859759,
              17.094153
            ],
            [
              120.859792,
              17.094134
            ],
            [
              120.859794,
              17.094134
            ],
            [
              120.859791,
              17.094135
            ],
            [
              120.859786,
              17.094138
            ],
            [
              120.859782,
              17.094141
            ],
            [
              120.85975,
              17.094174
            ],
            [
              120.859674,
              17.094218
            ],
            [
              120.859597,
              17.094252
            ],
            [
              120.859515,
              17.094283
            ],
            [
              120.859511,
              17.094285
            ],
            [
              120.859431,
              17.094331
            ],
            [
              120.859427,
              17.094333
            ],
            [
              120.859297,
              17.094441
            ],
            [
              120.85915,
              17.094521
            ],
            [
              120.859076,
              17.094542
            ],
            [
              120.859045,
              17.094545
            ],
            [
              120.859005,
              17.094541
            ],
            [
              120.858943,
              17.094522
            ],
            [
              120.858873,
              17.094493
            ],
            [
              120.858871,
              17.094492
            ],
            [
              120.858727,
              17.094444
            ],
            [
              120.858723,
              17.094443
            ],
            [
              120.858631,
              17.094427
            ],
            [
              120.858624,
              17.094426
            ],
            [
              120.858559,
              17.094431
            ],
            [
              120.858553,
              17.094432
            ],
            [
              120.858498,
              17.094446
            ],
            [
              120.858496,
              17.094447
            ],
            [
              120.858455,
              17.094461
            ],
            [
              120.85845,
              17.094463
            ],
            [
              120.858446,
              17.094466
            ],
            [
              120.858421,
              17.094487
            ],
            [
              120.858417,
              17.094491
            ],
            [
              120.858414,
              17.094496
            ],
            [
              120.858412,
              17.094501
            ],
            [
              120.858396,
              17.094561
            ],
            [
              120.858396,
              17.09457
            ],
            [
              120.858402,
              17.09466
            ],
            [
              120.858404,
              17.094703
            ],
            [
              120.858396,
              17.09476
            ],
            [
              120.858382,
              17.09481
            ],
            [
              120.858352,
              17.094851
            ],
            [
              120.858351,
              17.094852
            ],
            [
              120.858322,
              17.094894
            ],
            [
              120.858274,
              17.094944
            ],
            [
              120.858226,
              17.094988
            ],
            [
              120.858225,
              17.094988
            ],
            [
              120.858161,
              17.095049
            ],
            [
              120.85816,
              17.095051
            ],
            [
              120.858122,
              17.095092
            ],
            [
              120.858087,
              17.095114
            ],
            [
              120.858051,
              17.095122
            ],
            [
              120.858002,
              17.095125
            ],
            [
              120.857938,
              17.095122
            ],
            [
              120.857856,
              17.095104
            ],
            [
              120.857852,
              17.095103
            ],
            [
              120.857789,
              17.095099
            ],
            [
              120.857788,
              17.095099
            ],
            [
              120.857749,
              17.095097
            ],
            [
              120.857747,
              17.095097
            ],
            [
              120.857699,
              17.095096
            ],
            [
              120.857664,
              17.095095
            ],
            [
              120.857662,
              17.095095
            ],
            [
              120.857607,
              17.095097
            ],
            [
              120.857517,
              17.0951
            ],
            [
              120.857463,
              17.095104
            ],
            [
              120.857415,
              17.095107
            ],
            [
              120.857059,
              17.09458
            ],
            [
              120.857056,
              17.094576
            ],
            [
              120.857052,
              17.094573
            ],
            [
              120.857047,
              17.09457
            ],
            [
              120.857042,
              17.094569
            ],
            [
              120.857036,
              17.094568
            ],
            [
              120.857031,
              17.094568
            ],
            [
              120.857025,
              17.09457
            ],
            [
              120.857023,
              17.094571
            ],
            [
              120.856956,
              17.09448
            ]
          ]
        ]
      }
    },
    {
      "type": "Feature",
      "properties": {
        "classification": "C-2",
        "source": "road-tag",
        "buffer_m": 30,
        "road_keys": [
          "manual-road-1783942579500-j8kt0k|padangan|120.855076,17.09488"
        ]
      },
      "geometry": {
        "type": "Polygon",
        "coordinates": [
          [
            [
              120.85466,
              17.094556
            ],
            [
              120.854662,
              17.094504
            ],
            [
              120.854674,
              17.094452
            ],
            [
              120.854696,
              17.094404
            ],
            [
              120.854728,
              17.094361
            ],
            [
              120.854768,
              17.094325
            ],
            [
              120.85484,
              17.094271
            ],
            [
              120.854812,
              17.094081
            ],
            [
              120.85481,
              17.094032
            ],
            [
              120.854817,
              17.093984
            ],
            [
              120.854833,
              17.093937
            ],
            [
              120.854857,
              17.093894
            ],
            [
              120.855039,
              17.093633
            ],
            [
              120.855047,
              17.093622
            ],
            [
              120.855187,
              17.093442
            ],
            [
              120.855204,
              17.093423
            ],
            [
              120.855323,
              17.093296
            ],
            [
              120.855343,
              17.093258
            ],
            [
              120.855374,
              17.093211
            ],
            [
              120.855415,
              17.093171
            ],
            [
              120.855463,
              17.09314
            ],
            [
              120.855516,
              17.093119
            ],
            [
              120.855573,
              17.093109
            ],
            [
              120.855631,
              17.09311
            ],
            [
              120.855803,
              17.093131
            ],
            [
              120.85587,
              17.093122
            ],
            [
              120.855959,
              17.093052
            ],
            [
              120.856003,
              17.093024
            ],
            [
              120.855931,
              17.092676
            ],
            [
              120.855926,
              17.09263
            ],
            [
              120.855929,
              17.092584
            ],
            [
              120.85594,
              17.092538
            ],
            [
              120.855975,
              17.092439
            ],
            [
              120.856284,
              17.092405
            ],
            [
              120.856281,
              17.092421
            ],
            [
              120.85622,
              17.092481
            ],
            [
              120.856171,
              17.092622
            ],
            [
              120.856259,
              17.093045
            ],
            [
              120.8563,
              17.093136
            ],
            [
              120.856252,
              17.093192
            ],
            [
              120.856122,
              17.093227
            ],
            [
              120.855973,
              17.093344
            ],
            [
              120.855805,
              17.093367
            ],
            [
              120.855576,
              17.093339
            ],
            [
              120.855529,
              17.093428
            ],
            [
              120.855387,
              17.09358
            ],
            [
              120.855245,
              17.093762
            ],
            [
              120.855054,
              17.094035
            ],
            [
              120.855092,
              17.094298
            ],
            [
              120.855055,
              17.094407
            ],
            [
              120.854905,
              17.09452
            ],
            [
              120.854917,
              17.094681
            ],
            [
              120.855044,
              17.094895
            ],
            [
              120.854785,
              17.094936
            ],
            [
              120.854785,
              17.094936
            ],
            [
              120.854785,
              17.094936
            ],
            [
              120.854706,
              17.094803
            ],
            [
              120.854682,
              17.094748
            ],
            [
              120.85467,
              17.094689
            ],
            [
              120.85466,
              17.094556
            ]
          ]
        ]
      }
    },
    {
      "type": "Feature",
      "properties": {
        "classification": "C-2",
        "source": "road-tag",
        "buffer_m": 30,
        "road_keys": [
          "manual-road-1783942579500-j8kt0k|padangan|120.855076,17.09488"
        ]
      },
      "geometry": {
        "type": "Polygon",
        "coordinates": [
          [
            [
              120.854979,
              17.094554
            ],
            [
              120.855117,
              17.094451
            ],
            [
              120.855166,
              17.094304
            ],
            [
              120.85513,
              17.094053
            ],
            [
              120.855303,
              17.093804
            ],
            [
              120.855441,
              17.093626
            ],
            [
              120.855589,
              17.09347
            ],
            [
              120.855616,
              17.093417
            ],
            [
              120.855805,
              17.093439
            ],
            [
              120.856003,
              17.093412
            ],
            [
              120.856154,
              17.093293
            ],
            [
              120.856292,
              17.093256
            ],
            [
              120.856384,
              17.093148
            ],
            [
              120.856327,
              17.093023
            ],
            [
              120.856245,
              17.092626
            ],
            [
              120.856282,
              17.092521
            ],
            [
              120.856349,
              17.092457
            ],
            [
              120.856358,
              17.092397
            ],
            [
              120.856664,
              17.092364
            ],
            [
              120.856653,
              17.092395
            ],
            [
              120.856628,
              17.092438
            ],
            [
              120.856595,
              17.092477
            ],
            [
              120.856594,
              17.092481
            ],
            [
              120.856579,
              17.092535
            ],
            [
              120.856552,
              17.092585
            ],
            [
              120.856516,
              17.092628
            ],
            [
              120.8565,
              17.092644
            ],
            [
              120.856564,
              17.092953
            ],
            [
              120.856601,
              17.093035
            ],
            [
              120.856617,
              17.093081
            ],
            [
              120.856624,
              17.09313
            ],
            [
              120.856622,
              17.093179
            ],
            [
              120.85661,
              17.093227
            ],
            [
              120.856589,
              17.093272
            ],
            [
              120.856561,
              17.093313
            ],
            [
              120.856491,
              17.093395
            ],
            [
              120.85645,
              17.093433
            ],
            [
              120.856402,
              17.093464
            ],
            [
              120.856348,
              17.093484
            ],
            [
              120.856272,
              17.093504
            ],
            [
              120.856167,
              17.093586
            ],
            [
              120.856125,
              17.093614
            ],
            [
              120.856078,
              17.093634
            ],
            [
              120.856028,
              17.093645
            ],
            [
              120.855845,
              17.09367
            ],
            [
              120.85577,
              17.093671
            ],
            [
              120.855734,
              17.093666
            ],
            [
              120.855633,
              17.093774
            ],
            [
              120.855505,
              17.093938
            ],
            [
              120.855386,
              17.094109
            ],
            [
              120.855409,
              17.094264
            ],
            [
              120.85541,
              17.094324
            ],
            [
              120.855398,
              17.094383
            ],
            [
              120.855355,
              17.094511
            ],
            [
              120.855332,
              17.09456
            ],
            [
              120.855301,
              17.094604
            ],
            [
              120.85526,
              17.094641
            ],
            [
              120.855259,
              17.094642
            ],
            [
              120.855322,
              17.094747
            ],
            [
              120.855364,
              17.094805
            ],
            [
              120.855286,
              17.094852
            ],
            [
              120.855119,
              17.094884
            ],
            [
              120.855105,
              17.094865
            ],
            [
              120.855104,
              17.094865
            ],
            [
              120.855103,
              17.094864
            ],
            [
              120.855107,
              17.094862
            ],
            [
              120.854987,
              17.094659
            ],
            [
              120.854979,
              17.094554
            ]
          ]
        ]
      }
    },
    {
      "type": "Feature",
      "properties": {
        "classification": "C-2",
        "road_carve_m": 3
      },
      "geometry": {
        "type": "Polygon",
        "coordinates": [
          [
            [
              120.787197,
              17.088463
            ],
            [
              120.787283,
              17.088263
            ],
            [
              120.787379,
              17.088209
            ],
            [
              120.787751,
              17.088184
            ],
            [
              120.787754,
              17.088186
            ],
            [
              120.787704,
              17.088285
            ],
            [
              120.7875,
              17.088411
            ],
            [
              120.787496,
              17.088414
            ],
            [
              120.787492,
              17.088418
            ],
            [
              120.787489,
              17.088422
            ],
            [
              120.787488,
              17.088427
            ],
            [
              120.787453,
              17.088555
            ],
            [
              120.787452,
              17.08856
            ],
            [
              120.787453,
              17.088565
            ],
            [
              120.787454,
              17.08857
            ],
            [
              120.787456,
              17.088575
            ],
            [
              120.787459,
              17.088579
            ],
            [
              120.787463,
              17.088582
            ],
            [
              120.787568,
              17.088666
            ],
            [
              120.787574,
              17.088669
            ],
            [
              120.78758,
              17.088671
            ],
            [
              120.78771,
              17.0887
            ],
            [
              120.787707,
              17.088701
            ],
            [
              120.787503,
              17.088842
            ],
            [
              120.7872,
              17.088591
            ],
            [
              120.787237,
              17.088548
            ],
            [
              120.787197,
              17.088463
            ]
          ]
        ]
      }
    },
    {
      "type": "Feature",
      "properties": {
        "classification": "R-6",
        "road_carve_m": 3
      },
      "geometry": {
        "type": "Polygon",
        "coordinates": [
          [
            [
              120.787512,
              17.088552
            ],
            [
              120.78754,
              17.08845
            ],
            [
              120.787741,
              17.088327
            ],
            [
              120.787745,
              17.088324
            ],
            [
              120.787748,
              17.08832
            ],
            [
              120.787751,
              17.088316
            ],
            [
              120.787812,
              17.088194
            ],
            [
              120.787814,
              17.088189
            ],
            [
              120.787815,
              17.088184
            ],
            [
              120.787815,
              17.08818
            ],
            [
              120.788104,
              17.088163
            ],
            [
              120.787945,
              17.088453
            ],
            [
              120.787956,
              17.088591
            ],
            [
              120.787794,
              17.088663
            ],
            [
              120.787599,
              17.08862
            ],
            [
              120.787512,
              17.088552
            ]
          ]
        ]
      }
    },
    {
      "type": "Feature",
      "properties": {
        "classification": "R-6",
        "road_carve_m": 3
      },
      "geometry": {
        "type": "Polygon",
        "coordinates": [
          [
            [
              120.787403,
              17.086346
            ],
            [
              120.787533,
              17.086217
            ],
            [
              120.787685,
              17.086205
            ],
            [
              120.78769,
              17.086204
            ],
            [
              120.787695,
              17.086203
            ],
            [
              120.7877,
              17.0862
            ],
            [
              120.787934,
              17.086032
            ],
            [
              120.788167,
              17.085914
            ],
            [
              120.78817,
              17.085912
            ],
            [
              120.788346,
              17.085798
            ],
            [
              120.788351,
              17.085794
            ],
            [
              120.788355,
              17.08579
            ],
            [
              120.788357,
              17.085784
            ],
            [
              120.788408,
              17.085626
            ],
            [
              120.788502,
              17.085447
            ],
            [
              120.788504,
              17.085443
            ],
            [
              120.788505,
              17.085438
            ],
            [
              120.788505,
              17.085433
            ],
            [
              120.788504,
              17.085429
            ],
            [
              120.788502,
              17.085424
            ],
            [
              120.78844,
              17.085293
            ],
            [
              120.788437,
              17.085288
            ],
            [
              120.788433,
              17.085284
            ],
            [
              120.78827,
              17.085148
            ],
            [
              120.788265,
              17.085145
            ],
            [
              120.788252,
              17.085138
            ],
            [
              120.788391,
              17.08494
            ],
            [
              120.788632,
              17.085158
            ],
            [
              120.788785,
              17.085443
            ],
            [
              120.788578,
              17.085943
            ],
            [
              120.78846,
              17.086012
            ],
            [
              120.788426,
              17.086099
            ],
            [
              120.788353,
              17.086091
            ],
            [
              120.788098,
              17.08622
            ],
            [
              120.78779,
              17.086445
            ],
            [
              120.787548,
              17.086556
            ],
            [
              120.787409,
              17.08635
            ],
            [
              120.787403,
              17.086346
            ]
          ]
        ]
      }
    },
    {
      "type": "Feature",
      "properties": {
        "classification": "C-2",
        "road_carve_m": 3
      },
      "geometry": {
        "type": "Polygon",
        "coordinates": [
          [
            [
              120.787162,
              17.086176
            ],
            [
              120.787393,
              17.085938
            ],
            [
              120.787599,
              17.085902
            ],
            [
              120.788098,
              17.085612
            ],
            [
              120.788165,
              17.085433
            ],
            [
              120.787849,
              17.085271
            ],
            [
              120.787559,
              17.085076
            ],
            [
              120.787916,
              17.084856
            ],
            [
              120.787963,
              17.084999
            ],
            [
              120.787962,
              17.084999
            ],
            [
              120.787957,
              17.085001
            ],
            [
              120.787952,
              17.085004
            ],
            [
              120.787948,
              17.085008
            ],
            [
              120.787945,
              17.085012
            ],
            [
              120.787943,
              17.085017
            ],
            [
              120.787942,
              17.085022
            ],
            [
              120.787942,
              17.085027
            ],
            [
              120.787943,
              17.085033
            ],
            [
              120.787945,
              17.085037
            ],
            [
              120.787948,
              17.085042
            ],
            [
              120.787952,
              17.085046
            ],
            [
              120.787957,
              17.085048
            ],
            [
              120.788235,
              17.085191
            ],
            [
              120.788391,
              17.085321
            ],
            [
              120.788445,
              17.085435
            ],
            [
              120.788356,
              17.085604
            ],
            [
              120.788354,
              17.085608
            ],
            [
              120.788306,
              17.085759
            ],
            [
              120.788139,
              17.085867
            ],
            [
              120.787905,
              17.085985
            ],
            [
              120.787902,
              17.085988
            ],
            [
              120.787672,
              17.086152
            ],
            [
              120.787518,
              17.086164
            ],
            [
              120.787513,
              17.086165
            ],
            [
              120.787508,
              17.086167
            ],
            [
              120.787504,
              17.086169
            ],
            [
              120.7875,
              17.086172
            ],
            [
              120.787357,
              17.086314
            ],
            [
              120.787162,
              17.086176
            ]
          ]
        ]
      }
    },
    {
      "type": "Feature",
      "properties": {
        "classification": "R-7"
      },
      "geometry": {
        "type": "Polygon",
        "coordinates": [
          [
            [
              120.787009,
              17.086045
            ],
            [
              120.787363,
              17.085699
            ],
            [
              120.787559,
              17.085715
            ],
            [
              120.787892,
              17.085507
            ],
            [
              120.788011,
              17.085663
            ],
            [
              120.787599,
              17.085902
            ],
            [
              120.787393,
              17.085938
            ],
            [
              120.787162,
              17.086176
            ],
            [
              120.787009,
              17.086045
            ]
          ]
        ]
      }
    },
    {
      "type": "Feature",
      "properties": {
        "classification": "R-7"
      },
      "geometry": {
        "type": "Polygon",
        "coordinates": [
          [
            [
              120.787878,
              17.086381
            ],
            [
              120.788098,
              17.08622
            ],
            [
              120.788353,
              17.086091
            ],
            [
              120.788426,
              17.086099
            ],
            [
              120.78846,
              17.086012
            ],
            [
              120.788578,
              17.085943
            ],
            [
              120.788785,
              17.085443
            ],
            [
              120.788759,
              17.085395
            ],
            [
              120.78908,
              17.085435
            ],
            [
              120.789008,
              17.085581
            ],
            [
              120.789214,
              17.085776
            ],
            [
              120.789295,
              17.086058
            ],
            [
              120.789185,
              17.086099
            ],
            [
              120.788916,
              17.086148
            ],
            [
              120.788774,
              17.086122
            ],
            [
              120.788324,
              17.086402
            ],
            [
              120.788401,
              17.086566
            ],
            [
              120.788136,
              17.086622
            ],
            [
              120.787878,
              17.086381
            ]
          ]
        ]
      }
    },
    {
      "type": "Feature",
      "properties": {
        "classification": "R-6",
        "road_carve_m": 3
      },
      "geometry": {
        "type": "Polygon",
        "coordinates": [
          [
            [
              120.786441,
              17.087561
            ],
            [
              120.786612,
              17.086955
            ],
            [
              120.78691,
              17.086961
            ],
            [
              120.786913,
              17.086963
            ],
            [
              120.786823,
              17.08708
            ],
            [
              120.78682,
              17.087085
            ],
            [
              120.786818,
              17.087089
            ],
            [
              120.786759,
              17.087294
            ],
            [
              120.786759,
              17.087295
            ],
            [
              120.7867,
              17.087536
            ],
            [
              120.786699,
              17.087541
            ],
            [
              120.7867,
              17.087546
            ],
            [
              120.786441,
              17.087561
            ]
          ]
        ]
      }
    },
    {
      "type": "Feature",
      "properties": {
        "classification": "R-6",
        "road_carve_m": 3
      },
      "geometry": {
        "type": "Polygon",
        "coordinates": [
          [
            [
              120.786757,
              17.087541
            ],
            [
              120.786814,
              17.087308
            ],
            [
              120.786872,
              17.087108
            ],
            [
              120.786961,
              17.086993
            ],
            [
              120.787178,
              17.087127
            ],
            [
              120.787095,
              17.087209
            ],
            [
              120.787063,
              17.087314
            ],
            [
              120.787194,
              17.087491
            ],
            [
              120.787425,
              17.087522
            ],
            [
              120.787806,
              17.087807
            ],
            [
              120.788104,
              17.088163
            ],
            [
              120.787815,
              17.08818
            ],
            [
              120.787815,
              17.088178
            ],
            [
              120.787814,
              17.088173
            ],
            [
              120.787812,
              17.088169
            ],
            [
              120.787808,
              17.088164
            ],
            [
              120.787647,
              17.087986
            ],
            [
              120.787643,
              17.087982
            ],
            [
              120.787349,
              17.087768
            ],
            [
              120.787345,
              17.087766
            ],
            [
              120.78734,
              17.087764
            ],
            [
              120.787336,
              17.087763
            ],
            [
              120.786818,
              17.087697
            ],
            [
              120.786757,
              17.087541
            ]
          ]
        ]
      }
    },
    {
      "type": "Feature",
      "properties": {
        "classification": "C-2",
        "road_carve_m": 3
      },
      "geometry": {
        "type": "Polygon",
        "coordinates": [
          [
            [
              120.786878,
              17.087999
            ],
            [
              120.78705,
              17.087781
            ],
            [
              120.787321,
              17.087816
            ],
            [
              120.787514,
              17.087956
            ],
            [
              120.787361,
              17.088145
            ],
            [
              120.787232,
              17.08805
            ],
            [
              120.786878,
              17.087999
            ]
          ]
        ]
      }
    },
    {
      "type": "Feature",
      "properties": {
        "classification": "R-7"
      },
      "geometry": {
        "type": "Polygon",
        "coordinates": [
          [
            [
              120.787063,
              17.087314
            ],
            [
              120.787409,
              17.087168
            ],
            [
              120.787691,
              17.087376
            ],
            [
              120.787473,
              17.087558
            ],
            [
              120.787425,
              17.087522
            ],
            [
              120.787194,
              17.087491
            ],
            [
              120.787063,
              17.087314
            ]
          ]
        ]
      }
    },
    {
      "type": "Feature",
      "properties": {
        "classification": "R-7"
      },
      "geometry": {
        "type": "Polygon",
        "coordinates": [
          [
            [
              120.786795,
              17.088404
            ],
            [
              120.787117,
              17.088222
            ],
            [
              120.787186,
              17.088296
            ],
            [
              120.787283,
              17.088263
            ],
            [
              120.787197,
              17.088463
            ],
            [
              120.787237,
              17.088548
            ],
            [
              120.787028,
              17.088763
            ],
            [
              120.786937,
              17.08855
            ],
            [
              120.786873,
              17.08855
            ],
            [
              120.786795,
              17.088404
            ]
          ]
        ]
      }
    },
    {
      "type": "Feature",
      "properties": {
        "classification": "C-2",
        "road_carve_m": 3
      },
      "geometry": {
        "type": "Polygon",
        "coordinates": [
          [
            [
              120.789606,
              17.091793
            ],
            [
              120.789748,
              17.091727
            ],
            [
              120.789834,
              17.091588
            ],
            [
              120.789834,
              17.091216
            ],
            [
              120.789737,
              17.091204
            ],
            [
              120.789635,
              17.09114
            ],
            [
              120.789632,
              17.090817
            ],
            [
              120.789742,
              17.090642
            ],
            [
              120.789694,
              17.09047
            ],
            [
              120.789764,
              17.090222
            ],
            [
              120.789906,
              17.090063
            ],
            [
              120.790211,
              17.090073
            ],
            [
              120.790209,
              17.090077
            ],
            [
              120.790202,
              17.090086
            ],
            [
              120.790127,
              17.090172
            ],
            [
              120.790127,
              17.090173
            ],
            [
              120.789991,
              17.090331
            ],
            [
              120.789988,
              17.090336
            ],
            [
              120.789986,
              17.090341
            ],
            [
              120.789948,
              17.090477
            ],
            [
              120.789947,
              17.090482
            ],
            [
              120.789947,
              17.090487
            ],
            [
              120.789948,
              17.090491
            ],
            [
              120.789986,
              17.090622
            ],
            [
              120.789988,
              17.090697
            ],
            [
              120.789879,
              17.090866
            ],
            [
              120.789877,
              17.090871
            ],
            [
              120.789876,
              17.090876
            ],
            [
              120.789875,
              17.090882
            ],
            [
              120.789881,
              17.090994
            ],
            [
              120.789881,
              17.090999
            ],
            [
              120.789883,
              17.091004
            ],
            [
              120.789886,
              17.091009
            ],
            [
              120.789889,
              17.091013
            ],
            [
              120.789893,
              17.091016
            ],
            [
              120.790036,
              17.091104
            ],
            [
              120.790049,
              17.09121
            ],
            [
              120.789976,
              17.091277
            ],
            [
              120.789973,
              17.091281
            ],
            [
              120.78997,
              17.091285
            ],
            [
              120.789968,
              17.091289
            ],
            [
              120.789934,
              17.091392
            ],
            [
              120.789933,
              17.091398
            ],
            [
              120.789933,
              17.091404
            ],
            [
              120.789972,
              17.091709
            ],
            [
              120.789999,
              17.091909
            ],
            [
              120.789999,
              17.091911
            ],
            [
              120.790001,
              17.091921
            ],
            [
              120.789673,
              17.091947
            ],
            [
              120.789606,
              17.091793
            ]
          ]
        ]
      }
    },
    {
      "type": "Feature",
      "properties": {
        "classification": "R-6",
        "road_carve_m": 3
      },
      "geometry": {
        "type": "Polygon",
        "coordinates": [
          [
            [
              120.787806,
              17.089637
            ],
            [
              120.787822,
              17.089409
            ],
            [
              120.788061,
              17.089344
            ],
            [
              120.788056,
              17.089459
            ],
            [
              120.788056,
              17.089464
            ],
            [
              120.788057,
              17.089469
            ],
            [
              120.78806,
              17.089474
            ],
            [
              120.788063,
              17.089479
            ],
            [
              120.788073,
              17.089485
            ],
            [
              120.788223,
              17.089544
            ],
            [
              120.788074,
              17.089729
            ],
            [
              120.787806,
              17.089637
            ]
          ]
        ]
      }
    },
    {
      "type": "Feature",
      "properties": {
        "classification": "R-6",
        "road_carve_m": 3
      },
      "geometry": {
        "type": "Polygon",
        "coordinates": [
          [
            [
              120.788774,
              17.089886
            ],
            [
              120.788788,
              17.089645
            ],
            [
              120.788944,
              17.089655
            ],
            [
              120.789145,
              17.089667
            ],
            [
              120.78915,
              17.089667
            ],
            [
              120.789155,
              17.089666
            ],
            [
              120.789159,
              17.089664
            ],
            [
              120.78919,
              17.08965
            ],
            [
              120.789241,
              17.089899
            ],
            [
              120.789187,
              17.089922
            ],
            [
              120.788774,
              17.089886
            ]
          ]
        ]
      }
    },
    {
      "type": "Feature",
      "properties": {
        "classification": "C-2",
        "road_carve_m": 3
      },
      "geometry": {
        "type": "Polygon",
        "coordinates": [
          [
            [
              120.789877,
              17.092362
            ],
            [
              120.790034,
              17.092086
            ],
            [
              120.790053,
              17.092183
            ],
            [
              120.790054,
              17.092187
            ],
            [
              120.790056,
              17.092192
            ],
            [
              120.790059,
              17.092196
            ],
            [
              120.790063,
              17.092199
            ],
            [
              120.790202,
              17.092302
            ],
            [
              120.790184,
              17.092358
            ],
            [
              120.790127,
              17.092456
            ],
            [
              120.790123,
              17.092463
            ],
            [
              120.79,
              17.092455
            ],
            [
              120.789877,
              17.092362
            ]
          ]
        ]
      }
    },
    {
      "type": "Feature",
      "properties": {
        "classification": "C-2",
        "road_carve_m": 3
      },
      "geometry": {
        "type": "Polygon",
        "coordinates": [
          [
            [
              120.790076,
              17.092011
            ],
            [
              120.790156,
              17.091873
            ],
            [
              120.790346,
              17.092021
            ],
            [
              120.79033,
              17.092054
            ],
            [
              120.790255,
              17.092195
            ],
            [
              120.790225,
              17.092251
            ],
            [
              120.790106,
              17.092163
            ],
            [
              120.790076,
              17.092011
            ]
          ]
        ]
      }
    },
    {
      "type": "Feature",
      "properties": {
        "classification": "R-6",
        "road_carve_m": 3
      },
      "geometry": {
        "type": "Polygon",
        "coordinates": [
          [
            [
              120.782538,
              17.096331
            ],
            [
              120.782895,
              17.096067
            ],
            [
              120.783136,
              17.095813
            ],
            [
              120.783316,
              17.09597
            ],
            [
              120.78328,
              17.096028
            ],
            [
              120.782987,
              17.096323
            ],
            [
              120.782984,
              17.096327
            ],
            [
              120.782981,
              17.096332
            ],
            [
              120.78298,
              17.096337
            ],
            [
              120.782979,
              17.096342
            ],
            [
              120.78298,
              17.096347
            ],
            [
              120.782982,
              17.096352
            ],
            [
              120.782984,
              17.096357
            ],
            [
              120.782988,
              17.096361
            ],
            [
              120.782992,
              17.096364
            ],
            [
              120.782997,
              17.096367
            ],
            [
              120.783003,
              17.096368
            ],
            [
              120.783014,
              17.096368
            ],
            [
              120.783019,
              17.096366
            ],
            [
              120.783024,
              17.096363
            ],
            [
              120.783028,
              17.09636
            ],
            [
              120.783323,
              17.096063
            ],
            [
              120.783327,
              17.096058
            ],
            [
              120.783358,
              17.096007
            ],
            [
              120.783509,
              17.096139
            ],
            [
              120.783142,
              17.096464
            ],
            [
              120.782817,
              17.096723
            ],
            [
              120.782538,
              17.096331
            ]
          ]
        ]
      }
    },
    {
      "type": "Feature",
      "properties": {
        "classification": "R-6",
        "road_carve_m": 3
      },
      "geometry": {
        "type": "Polygon",
        "coordinates": [
          [
            [
              120.785073,
              17.096408
            ],
            [
              120.78526,
              17.096215
            ],
            [
              120.785296,
              17.096228
            ],
            [
              120.7853,
              17.096229
            ],
            [
              120.785305,
              17.09623
            ],
            [
              120.785639,
              17.096245
            ],
            [
              120.785688,
              17.096259
            ],
            [
              120.785172,
              17.096605
            ],
            [
              120.785073,
              17.096408
            ]
          ]
        ]
      }
    },
    {
      "type": "Feature",
      "properties": {
        "classification": "R-6",
        "road_carve_m": 3
      },
      "geometry": {
        "type": "Polygon",
        "coordinates": [
          [
            [
              120.785843,
              17.096793
            ],
            [
              120.786044,
              17.096749
            ],
            [
              120.785979,
              17.096687
            ],
            [
              120.786269,
              17.096613
            ],
            [
              120.786497,
              17.096868
            ],
            [
              120.785992,
              17.097012
            ],
            [
              120.785957,
              17.097017
            ],
            [
              120.785893,
              17.096946
            ],
            [
              120.785843,
              17.096793
            ]
          ]
        ]
      }
    },
    {
      "type": "Feature",
      "properties": {
        "classification": "C-2",
        "road_carve_m": 3
      },
      "geometry": {
        "type": "Polygon",
        "coordinates": [
          [
            [
              120.786001,
              17.097065
            ],
            [
              120.786002,
              17.097065
            ],
            [
              120.786006,
              17.097064
            ],
            [
              120.78653,
              17.096915
            ],
            [
              120.786575,
              17.09698
            ],
            [
              120.786502,
              17.097108
            ],
            [
              120.786138,
              17.097216
            ],
            [
              120.786001,
              17.097065
            ]
          ]
        ]
      }
    },
    {
      "type": "Feature",
      "properties": {
        "classification": "R-6",
        "road_carve_m": 3
      },
      "geometry": {
        "type": "Polygon",
        "coordinates": [
          [
            [
              120.787278,
              17.096946
            ],
            [
              120.787386,
              17.096716
            ],
            [
              120.787547,
              17.096778
            ],
            [
              120.787642,
              17.096905
            ],
            [
              120.78768,
              17.097184
            ],
            [
              120.787679,
              17.097194
            ],
            [
              120.787648,
              17.097279
            ],
            [
              120.787396,
              17.097264
            ],
            [
              120.787438,
              17.097149
            ],
            [
              120.787404,
              17.09698
            ],
            [
              120.787278,
              17.096946
            ]
          ]
        ]
      }
    },
    {
      "type": "Feature",
      "properties": {
        "classification": "R-7"
      },
      "geometry": {
        "type": "Polygon",
        "coordinates": [
          [
            [
              120.786612,
              17.097416
            ],
            [
              120.78654,
              17.097164
            ],
            [
              120.786701,
              17.097116
            ],
            [
              120.786982,
              17.096969
            ],
            [
              120.787071,
              17.097177
            ],
            [
              120.786717,
              17.09728
            ],
            [
              120.786744,
              17.097385
            ],
            [
              120.786612,
              17.097416
            ]
          ]
        ]
      }
    },
    {
      "type": "Feature",
      "properties": {
        "classification": "R-7"
      },
      "geometry": {
        "type": "Polygon",
        "coordinates": [
          [
            [
              120.787141,
              17.097113
            ],
            [
              120.787278,
              17.096946
            ],
            [
              120.787404,
              17.09698
            ],
            [
              120.787438,
              17.097149
            ],
            [
              120.787396,
              17.097264
            ],
            [
              120.787398,
              17.097264
            ],
            [
              120.787374,
              17.097331
            ],
            [
              120.787141,
              17.097113
            ]
          ]
        ]
      }
    },
    {
      "type": "Feature",
      "properties": {
        "classification": "C-3",
        "road_carve_m": 3
      },
      "geometry": {
        "type": "Polygon",
        "coordinates": [
          [
            [
              120.795756,
              17.121489
            ],
            [
              120.795917,
              17.121254
            ],
            [
              120.796362,
              17.12131
            ],
            [
              120.796469,
              17.121202
            ],
            [
              120.796443,
              17.120951
            ],
            [
              120.79655,
              17.12072
            ],
            [
              120.79655,
              17.12049
            ],
            [
              120.796614,
              17.120274
            ],
            [
              120.796824,
              17.120115
            ],
            [
              120.79699,
              17.120064
            ],
            [
              120.797178,
              17.120049
            ],
            [
              120.797167,
              17.119787
            ],
            [
              120.79721,
              17.119254
            ],
            [
              120.796689,
              17.118947
            ],
            [
              120.796673,
              17.118711
            ],
            [
              120.796722,
              17.118424
            ],
            [
              120.796781,
              17.117937
            ],
            [
              120.797204,
              17.117952
            ],
            [
              120.79773,
              17.118294
            ],
            [
              120.797467,
              17.118193
            ],
            [
              120.797375,
              17.118069
            ],
            [
              120.797371,
              17.118065
            ],
            [
              120.797367,
              17.118062
            ],
            [
              120.797292,
              17.118017
            ],
            [
              120.797287,
              17.118015
            ],
            [
              120.797281,
              17.118013
            ],
            [
              120.797275,
              17.118013
            ],
            [
              120.79727,
              17.118014
            ],
            [
              120.797264,
              17.118016
            ],
            [
              120.797259,
              17.118019
            ],
            [
              120.797174,
              17.118083
            ],
            [
              120.797171,
              17.118087
            ],
            [
              120.797167,
              17.118091
            ],
            [
              120.797113,
              17.118183
            ],
            [
              120.79701,
              17.118205
            ],
            [
              120.797005,
              17.118206
            ],
            [
              120.796999,
              17.118209
            ],
            [
              120.796995,
              17.118213
            ],
            [
              120.796992,
              17.118218
            ],
            [
              120.796931,
              17.118326
            ],
            [
              120.796928,
              17.118331
            ],
            [
              120.796927,
              17.118337
            ],
            [
              120.796908,
              17.118564
            ],
            [
              120.796908,
              17.118565
            ],
            [
              120.796904,
              17.118616
            ],
            [
              120.796904,
              17.118622
            ],
            [
              120.796926,
              17.118781
            ],
            [
              120.796927,
              17.118786
            ],
            [
              120.796929,
              17.118791
            ],
            [
              120.796932,
              17.118795
            ],
            [
              120.796936,
              17.118799
            ],
            [
              120.797092,
              17.118915
            ],
            [
              120.797096,
              17.118917
            ],
            [
              120.797266,
              17.119007
            ],
            [
              120.79727,
              17.119008
            ],
            [
              120.797408,
              17.119054
            ],
            [
              120.797462,
              17.119157
            ],
            [
              120.797473,
              17.119246
            ],
            [
              120.797439,
              17.119364
            ],
            [
              120.797438,
              17.11937
            ],
            [
              120.797429,
              17.119481
            ],
            [
              120.797429,
              17.119483
            ],
            [
              120.797427,
              17.119644
            ],
            [
              120.797413,
              17.11977
            ],
            [
              120.797413,
              17.119777
            ],
            [
              120.797446,
              17.119966
            ],
            [
              120.797386,
              17.120174
            ],
            [
              120.797335,
              17.120282
            ],
            [
              120.797249,
              17.120305
            ],
            [
              120.797089,
              17.12029
            ],
            [
              120.797084,
              17.12029
            ],
            [
              120.797079,
              17.120291
            ],
            [
              120.796954,
              17.120322
            ],
            [
              120.796948,
              17.120324
            ],
            [
              120.796943,
              17.120327
            ],
            [
              120.796834,
              17.120409
            ],
            [
              120.79683,
              17.120412
            ],
            [
              120.796828,
              17.120416
            ],
            [
              120.796825,
              17.12042
            ],
            [
              120.796788,
              17.120509
            ],
            [
              120.796786,
              17.120514
            ],
            [
              120.796786,
              17.120524
            ],
            [
              120.796814,
              17.120677
            ],
            [
              120.796799,
              17.120782
            ],
            [
              120.796733,
              17.120879
            ],
            [
              120.796731,
              17.120883
            ],
            [
              120.796684,
              17.120984
            ],
            [
              120.796682,
              17.12099
            ],
            [
              120.796682,
              17.121131
            ],
            [
              120.796685,
              17.121137
            ],
            [
              120.796744,
              17.121254
            ],
            [
              120.796759,
              17.121324
            ],
            [
              120.796722,
              17.121369
            ],
            [
              120.796624,
              17.121379
            ],
            [
              120.796619,
              17.12138
            ],
            [
              120.796613,
              17.121383
            ],
            [
              120.796609,
              17.121386
            ],
            [
              120.796515,
              17.121467
            ],
            [
              120.796425,
              17.121531
            ],
            [
              120.796322,
              17.121547
            ],
            [
              120.796192,
              17.121529
            ],
            [
              120.796009,
              17.121488
            ],
            [
              120.796004,
              17.121487
            ],
            [
              120.795999,
              17.121487
            ],
            [
              120.795994,
              17.121488
            ],
            [
              120.795989,
              17.12149
            ],
            [
              120.795882,
              17.121541
            ],
            [
              120.795876,
              17.121545
            ],
            [
              120.795872,
              17.121549
            ],
            [
              120.7958,
              17.121642
            ],
            [
              120.795799,
              17.121643
            ],
            [
              120.795798,
              17.121646
            ],
            [
              120.795756,
              17.121489
            ]
          ]
        ]
      }
    },
    {
      "type": "Feature",
      "properties": {
        "classification": "R-7"
      },
      "geometry": {
        "type": "Polygon",
        "coordinates": [
          [
            [
              120.795917,
              17.121254
            ],
            [
              120.796585,
              17.120103
            ],
            [
              120.796499,
              17.119898
            ],
            [
              120.796496,
              17.119693
            ],
            [
              120.796693,
              17.118591
            ],
            [
              120.796673,
              17.118711
            ],
            [
              120.796689,
              17.118947
            ],
            [
              120.79721,
              17.119254
            ],
            [
              120.797167,
              17.119787
            ],
            [
              120.797178,
              17.120049
            ],
            [
              120.79699,
              17.120064
            ],
            [
              120.796824,
              17.120115
            ],
            [
              120.796614,
              17.120274
            ],
            [
              120.79655,
              17.12049
            ],
            [
              120.79655,
              17.12072
            ],
            [
              120.796443,
              17.120951
            ],
            [
              120.796469,
              17.121202
            ],
            [
              120.796362,
              17.12131
            ],
            [
              120.795917,
              17.121254
            ]
          ]
        ]
      }
    },
    {
      "type": "Feature",
      "properties": {
        "classification": "C-3",
        "road_carve_m": 3
      },
      "geometry": {
        "type": "Polygon",
        "coordinates": [
          [
            [
              120.801783,
              17.110723
            ],
            [
              120.801796,
              17.109662
            ],
            [
              120.801815,
              17.109613
            ],
            [
              120.801816,
              17.109616
            ],
            [
              120.801802,
              17.109703
            ],
            [
              120.801802,
              17.109709
            ],
            [
              120.801803,
              17.109715
            ],
            [
              120.801852,
              17.109875
            ],
            [
              120.801853,
              17.109879
            ],
            [
              120.801911,
              17.110001
            ],
            [
              120.80194,
              17.110124
            ],
            [
              120.80194,
              17.110248
            ],
            [
              120.801909,
              17.110438
            ],
            [
              120.801909,
              17.110447
            ],
            [
              120.801911,
              17.110452
            ],
            [
              120.801913,
              17.110456
            ],
            [
              120.802039,
              17.110659
            ],
            [
              120.802043,
              17.110664
            ],
            [
              120.802049,
              17.110669
            ],
            [
              120.802219,
              17.110768
            ],
            [
              120.802256,
              17.110972
            ],
            [
              120.802256,
              17.11114
            ],
            [
              120.802257,
              17.111144
            ],
            [
              120.802297,
              17.111257
            ],
            [
              120.802299,
              17.111261
            ],
            [
              120.802301,
              17.111265
            ],
            [
              120.802372,
              17.111355
            ],
            [
              120.802376,
              17.111359
            ],
            [
              120.802381,
              17.111363
            ],
            [
              120.802386,
              17.111365
            ],
            [
              120.802392,
              17.111366
            ],
            [
              120.802767,
              17.111403
            ],
            [
              120.802828,
              17.111426
            ],
            [
              120.802703,
              17.111518
            ],
            [
              120.802319,
              17.111613
            ],
            [
              120.802086,
              17.111392
            ],
            [
              120.801997,
              17.110931
            ],
            [
              120.801783,
              17.110723
            ]
          ]
        ]
      }
    },
    {
      "type": "Feature",
      "properties": {
        "classification": "R-6",
        "road_carve_m": 3
      },
      "geometry": {
        "type": "Polygon",
        "coordinates": [
          [
            [
              120.801859,
              17.109705
            ],
            [
              120.801872,
              17.109621
            ],
            [
              120.801872,
              17.109616
            ],
            [
              120.801866,
              17.109509
            ],
            [
              120.802107,
              17.109426
            ],
            [
              120.802102,
              17.10968
            ],
            [
              120.802239,
              17.110087
            ],
            [
              120.802236,
              17.110392
            ],
            [
              120.802295,
              17.110467
            ],
            [
              120.802488,
              17.110582
            ],
            [
              120.802593,
              17.111085
            ],
            [
              120.802875,
              17.111123
            ],
            [
              120.8031,
              17.111226
            ],
            [
              120.80288,
              17.111388
            ],
            [
              120.802784,
              17.111352
            ],
            [
              120.802776,
              17.11135
            ],
            [
              120.80241,
              17.111314
            ],
            [
              120.802349,
              17.111236
            ],
            [
              120.802312,
              17.111131
            ],
            [
              120.802312,
              17.110965
            ],
            [
              120.802273,
              17.110747
            ],
            [
              120.802271,
              17.110741
            ],
            [
              120.802268,
              17.110736
            ],
            [
              120.802264,
              17.110732
            ],
            [
              120.802259,
              17.110728
            ],
            [
              120.802084,
              17.110626
            ],
            [
              120.801967,
              17.110437
            ],
            [
              120.801996,
              17.110254
            ],
            [
              120.801996,
              17.110115
            ],
            [
              120.801966,
              17.109986
            ],
            [
              120.801964,
              17.109981
            ],
            [
              120.801905,
              17.109858
            ],
            [
              120.801859,
              17.109705
            ]
          ]
        ]
      }
    },
    {
      "type": "Feature",
      "properties": {
        "classification": "R-6"
      },
      "geometry": {
        "type": "Polygon",
        "coordinates": [
          [
            [
              120.801601,
              17.111579
            ],
            [
              120.801775,
              17.110882
            ],
            [
              120.801784,
              17.110626
            ],
            [
              120.801783,
              17.110723
            ],
            [
              120.801997,
              17.110931
            ],
            [
              120.802086,
              17.111392
            ],
            [
              120.802318,
              17.111612
            ],
            [
              120.801601,
              17.111784
            ],
            [
              120.801601,
              17.111579
            ]
          ]
        ]
      }
    },
    {
      "type": "Feature",
      "properties": {
        "classification": "R-7"
      },
      "geometry": {
        "type": "Polygon",
        "coordinates": [
          [
            [
              120.802102,
              17.10968
            ],
            [
              120.802107,
              17.109426
            ],
            [
              120.803044,
              17.109136
            ],
            [
              120.803687,
              17.109362
            ],
            [
              120.804049,
              17.109659
            ],
            [
              120.804221,
              17.110154
            ],
            [
              120.804224,
              17.110349
            ],
            [
              120.803939,
              17.110649
            ],
            [
              120.8031,
              17.111226
            ],
            [
              120.802875,
              17.111123
            ],
            [
              120.802593,
              17.111085
            ],
            [
              120.802488,
              17.110582
            ],
            [
              120.802295,
              17.110467
            ],
            [
              120.802236,
              17.110392
            ],
            [
              120.802239,
              17.110087
            ],
            [
              120.802102,
              17.10968
            ]
          ]
        ]
      }
    },
    {
      "type": "Feature",
      "properties": {
        "classification": "R-2"
      },
      "geometry": {
        "type": "Polygon",
        "coordinates": [
          [
            [
              120.860867,
              17.098902
            ],
            [
              120.860631,
              17.098469
            ],
            [
              120.860958,
              17.098349
            ],
            [
              120.861183,
              17.098746
            ],
            [
              120.860867,
              17.098902
            ]
          ]
        ]
      }
    },
    {
      "type": "Feature",
      "properties": {
        "classification": "INSTITUTIONAL"
      },
      "geometry": {
        "type": "Polygon",
        "coordinates": [
          [
            [
              120.80247,
              17.114171
            ],
            [
              120.802566,
              17.11405
            ],
            [
              120.802405,
              17.113874
            ],
            [
              120.802402,
              17.113727
            ],
            [
              120.802494,
              17.113451
            ],
            [
              120.802424,
              17.11311
            ],
            [
              120.802177,
              17.113199
            ],
            [
              120.802059,
              17.11352
            ],
            [
              120.802217,
              17.114125
            ],
            [
              120.80247,
              17.114171
            ]
          ]
        ]
      }
    },
    {
      "type": "Feature",
      "properties": {
        "classification": "C-3",
        "road_carve_m": 3
      },
      "geometry": {
        "type": "Polygon",
        "coordinates": [
          [
            [
              120.802231,
              17.113179
            ],
            [
              120.802365,
              17.112923
            ],
            [
              120.802566,
              17.112764
            ],
            [
              120.802792,
              17.11273
            ],
            [
              120.802791,
              17.112492
            ],
            [
              120.803019,
              17.112305
            ],
            [
              120.803263,
              17.112151
            ],
            [
              120.803272,
              17.112046
            ],
            [
              120.80296,
              17.111895
            ],
            [
              120.802842,
              17.111695
            ],
            [
              120.802724,
              17.111633
            ],
            [
              120.802566,
              17.111623
            ],
            [
              120.802519,
              17.111564
            ],
            [
              120.802703,
              17.111518
            ],
            [
              120.802828,
              17.111426
            ],
            [
              120.80294,
              17.111468
            ],
            [
              120.803044,
              17.111559
            ],
            [
              120.803124,
              17.111708
            ],
            [
              120.803128,
              17.111713
            ],
            [
              120.803132,
              17.111717
            ],
            [
              120.803137,
              17.11172
            ],
            [
              120.803298,
              17.111796
            ],
            [
              120.803305,
              17.111799
            ],
            [
              120.803471,
              17.111832
            ],
            [
              120.803523,
              17.111917
            ],
            [
              120.803531,
              17.112132
            ],
            [
              120.803469,
              17.112286
            ],
            [
              120.803332,
              17.112425
            ],
            [
              120.803136,
              17.112532
            ],
            [
              120.803131,
              17.112535
            ],
            [
              120.803036,
              17.112617
            ],
            [
              120.803032,
              17.112621
            ],
            [
              120.80303,
              17.112626
            ],
            [
              120.803028,
              17.112631
            ],
            [
              120.803027,
              17.112636
            ],
            [
              120.803018,
              17.112812
            ],
            [
              120.802959,
              17.112916
            ],
            [
              120.802819,
              17.112966
            ],
            [
              120.802669,
              17.112993
            ],
            [
              120.802665,
              17.112994
            ],
            [
              120.80266,
              17.112996
            ],
            [
              120.802656,
              17.112999
            ],
            [
              120.802533,
              17.113099
            ],
            [
              120.802529,
              17.113102
            ],
            [
              120.802526,
              17.113106
            ],
            [
              120.802524,
              17.11311
            ],
            [
              120.802486,
              17.11321
            ],
            [
              120.802485,
              17.113216
            ],
            [
              120.802485,
              17.113223
            ],
            [
              120.802513,
              17.113418
            ],
            [
              120.802512,
              17.11342
            ],
            [
              120.802486,
              17.11341
            ],
            [
              120.802424,
              17.11311
            ],
            [
              120.802231,
              17.113179
            ]
          ]
        ]
      }
    },
    {
      "type": "Feature",
      "properties": {
        "classification": "R-6",
        "road_carve_m": 3
      },
      "geometry": {
        "type": "Polygon",
        "coordinates": [
          [
            [
              120.802483,
              17.113777
            ],
            [
              120.802529,
              17.113647
            ],
            [
              120.80253,
              17.113643
            ],
            [
              120.80253,
              17.113639
            ],
            [
              120.802531,
              17.113595
            ],
            [
              120.802569,
              17.113425
            ],
            [
              120.80257,
              17.11342
            ],
            [
              120.802569,
              17.113416
            ],
            [
              120.802542,
              17.113222
            ],
            [
              120.802575,
              17.113135
            ],
            [
              120.802687,
              17.113045
            ],
            [
              120.802832,
              17.113019
            ],
            [
              120.802837,
              17.113017
            ],
            [
              120.802989,
              17.112963
            ],
            [
              120.802993,
              17.112961
            ],
            [
              120.802998,
              17.112958
            ],
            [
              120.803001,
              17.112954
            ],
            [
              120.803004,
              17.11295
            ],
            [
              120.80307,
              17.112832
            ],
            [
              120.803073,
              17.112826
            ],
            [
              120.803074,
              17.112821
            ],
            [
              120.803083,
              17.11265
            ],
            [
              120.803167,
              17.112577
            ],
            [
              120.803364,
              17.11247
            ],
            [
              120.803368,
              17.112467
            ],
            [
              120.803371,
              17.112465
            ],
            [
              120.803513,
              17.112319
            ],
            [
              120.803517,
              17.112315
            ],
            [
              120.803519,
              17.112311
            ],
            [
              120.803586,
              17.112147
            ],
            [
              120.803587,
              17.112141
            ],
            [
              120.803588,
              17.112136
            ],
            [
              120.803579,
              17.111909
            ],
            [
              120.803578,
              17.111902
            ],
            [
              120.803575,
              17.111896
            ],
            [
              120.803514,
              17.111795
            ],
            [
              120.803511,
              17.11179
            ],
            [
              120.803506,
              17.111786
            ],
            [
              120.803501,
              17.111784
            ],
            [
              120.803495,
              17.111782
            ],
            [
              120.80332,
              17.111747
            ],
            [
              120.80317,
              17.111675
            ],
            [
              120.803092,
              17.11153
            ],
            [
              120.803089,
              17.111526
            ],
            [
              120.803086,
              17.111522
            ],
            [
              120.802974,
              17.111425
            ],
            [
              120.80297,
              17.111422
            ],
            [
              120.802965,
              17.11142
            ],
            [
              120.80288,
              17.111388
            ],
            [
              120.8031,
              17.111226
            ],
            [
              120.803317,
              17.1114
            ],
            [
              120.803382,
              17.11151
            ],
            [
              120.803639,
              17.111561
            ],
            [
              120.803827,
              17.111818
            ],
            [
              120.803816,
              17.112118
            ],
            [
              120.803722,
              17.112466
            ],
            [
              120.803483,
              17.112684
            ],
            [
              120.80332,
              17.112774
            ],
            [
              120.803317,
              17.112889
            ],
            [
              120.803178,
              17.113143
            ],
            [
              120.803018,
              17.113206
            ],
            [
              120.802795,
              17.113279
            ],
            [
              120.802772,
              17.11338
            ],
            [
              120.802795,
              17.113468
            ],
            [
              120.802834,
              17.113594
            ],
            [
              120.802834,
              17.113594
            ],
            [
              120.802834,
              17.113594
            ],
            [
              120.802795,
              17.113657
            ],
            [
              120.80258,
              17.113792
            ],
            [
              120.802622,
              17.113961
            ],
            [
              120.802516,
              17.113869
            ],
            [
              120.802483,
              17.113777
            ]
          ]
        ]
      }
    },
    {
      "type": "Feature",
      "properties": {
        "classification": "R-7"
      },
      "geometry": {
        "type": "Polygon",
        "coordinates": [
          [
            [
              120.802772,
              17.11338
            ],
            [
              120.802795,
              17.113279
            ],
            [
              120.803018,
              17.113206
            ],
            [
              120.803178,
              17.113143
            ],
            [
              120.803317,
              17.112889
            ],
            [
              120.80332,
              17.112774
            ],
            [
              120.803483,
              17.112684
            ],
            [
              120.80372,
              17.112468
            ],
            [
              120.803491,
              17.113225
            ],
            [
              120.802834,
              17.113594
            ],
            [
              120.802795,
              17.113468
            ],
            [
              120.802772,
              17.11338
            ]
          ]
        ]
      }
    },
    {
      "type": "Feature",
      "properties": {
        "classification": "R-7"
      },
      "geometry": {
        "type": "Polygon",
        "coordinates": [
          [
            [
              120.8031,
              17.111226
            ],
            [
              120.803939,
              17.110649
            ],
            [
              120.804224,
              17.110349
            ],
            [
              120.804224,
              17.110325
            ],
            [
              120.804234,
              17.110767
            ],
            [
              120.803942,
              17.111382
            ],
            [
              120.803913,
              17.111738
            ],
            [
              120.803816,
              17.112118
            ],
            [
              120.803827,
              17.111818
            ],
            [
              120.803639,
              17.111561
            ],
            [
              120.803382,
              17.11151
            ],
            [
              120.803317,
              17.1114
            ],
            [
              120.8031,
              17.111226
            ]
          ]
        ]
      }
    },
    {
      "type": "Feature",
      "properties": {
        "classification": "R-6"
      },
      "geometry": {
        "type": "Polygon",
        "coordinates": [
          [
            [
              120.802367,
              17.112921
            ],
            [
              120.802515,
              17.112646
            ],
            [
              120.802432,
              17.112515
            ],
            [
              120.802915,
              17.112059
            ],
            [
              120.802566,
              17.111623
            ],
            [
              120.802724,
              17.111633
            ],
            [
              120.802842,
              17.111695
            ],
            [
              120.80296,
              17.111895
            ],
            [
              120.803272,
              17.112046
            ],
            [
              120.803263,
              17.112151
            ],
            [
              120.803019,
              17.112305
            ],
            [
              120.802791,
              17.112492
            ],
            [
              120.802792,
              17.11273
            ],
            [
              120.802566,
              17.112764
            ],
            [
              120.802367,
              17.112921
            ]
          ]
        ]
      }
    },
    {
      "type": "Feature",
      "properties": {
        "classification": "R-7"
      },
      "geometry": {
        "type": "Polygon",
        "coordinates": [
          [
            [
              120.802204,
              17.112179
            ],
            [
              120.802782,
              17.111893
            ],
            [
              120.802915,
              17.112059
            ],
            [
              120.802432,
              17.112515
            ],
            [
              120.802204,
              17.112179
            ]
          ]
        ]
      }
    },
    {
      "type": "Feature",
      "properties": {
        "classification": "INSTITUTIONAL"
      },
      "geometry": {
        "type": "Polygon",
        "coordinates": [
          [
            [
              120.800662,
              17.107893
            ],
            [
              120.801348,
              17.107983
            ],
            [
              120.801501,
              17.107539
            ],
            [
              120.801222,
              17.107378
            ],
            [
              120.801048,
              17.107439
            ],
            [
              120.800627,
              17.107772
            ],
            [
              120.800662,
              17.107893
            ]
          ]
        ]
      }
    },
    {
      "type": "Feature",
      "properties": {
        "classification": "C-3",
        "road_carve_m": 3
      },
      "geometry": {
        "type": "Polygon",
        "coordinates": [
          [
            [
              120.801649,
              17.107949
            ],
            [
              120.801684,
              17.107949
            ],
            [
              120.801691,
              17.107891
            ],
            [
              120.801955,
              17.107924
            ],
            [
              120.801964,
              17.107924
            ],
            [
              120.802054,
              17.107908
            ],
            [
              120.802058,
              17.107906
            ],
            [
              120.802209,
              17.107853
            ],
            [
              120.802212,
              17.107852
            ],
            [
              120.802359,
              17.107778
            ],
            [
              120.802268,
              17.108095
            ],
            [
              120.801987,
              17.10817
            ],
            [
              120.801668,
              17.108134
            ],
            [
              120.801689,
              17.108003
            ],
            [
              120.801668,
              17.108003
            ],
            [
              120.801649,
              17.107949
            ]
          ]
        ]
      }
    },
    {
      "type": "Feature",
      "properties": {
        "classification": "R-6",
        "road_carve_m": 3
      },
      "geometry": {
        "type": "Polygon",
        "coordinates": [
          [
            [
              120.801695,
              17.107838
            ],
            [
              120.801716,
              17.107593
            ],
            [
              120.801845,
              17.107649
            ],
            [
              120.802325,
              17.107311
            ],
            [
              120.802429,
              17.107534
            ],
            [
              120.80238,
              17.107706
            ],
            [
              120.802187,
              17.107803
            ],
            [
              120.802041,
              17.107855
            ],
            [
              120.801958,
              17.10787
            ],
            [
              120.801698,
              17.107838
            ],
            [
              120.801695,
              17.107838
            ]
          ]
        ]
      }
    },
    {
      "type": "Feature",
      "properties": {
        "classification": "R-6"
      },
      "geometry": {
        "type": "Polygon",
        "coordinates": [
          [
            [
              120.801668,
              17.108134
            ],
            [
              120.801627,
              17.108395
            ],
            [
              120.801976,
              17.108447
            ],
            [
              120.802188,
              17.108411
            ],
            [
              120.802268,
              17.108095
            ],
            [
              120.801987,
              17.10817
            ],
            [
              120.801668,
              17.108134
            ]
          ]
        ]
      }
    },
    {
      "type": "Feature",
      "properties": {
        "classification": "R-7"
      },
      "geometry": {
        "type": "Polygon",
        "coordinates": [
          [
            [
              120.799903,
              17.107808
            ],
            [
              120.800281,
              17.107762
            ],
            [
              120.800326,
              17.107806
            ],
            [
              120.800404,
              17.107744
            ],
            [
              120.800691,
              17.107721
            ],
            [
              120.800627,
              17.107772
            ],
            [
              120.800662,
              17.107893
            ],
            [
              120.801348,
              17.107983
            ],
            [
              120.801397,
              17.107841
            ],
            [
              120.801685,
              17.10789
            ],
            [
              120.801691,
              17.107891
            ],
            [
              120.801684,
              17.107949
            ],
            [
              120.801649,
              17.107949
            ],
            [
              120.801668,
              17.108003
            ],
            [
              120.801677,
              17.108003
            ],
            [
              120.801627,
              17.108395
            ],
            [
              120.801976,
              17.108447
            ],
            [
              120.802188,
              17.108411
            ],
            [
              120.802201,
              17.108361
            ],
            [
              120.80215,
              17.108621
            ],
            [
              120.802617,
              17.108885
            ],
            [
              120.8027,
              17.108793
            ],
            [
              120.802818,
              17.108882
            ],
            [
              120.802743,
              17.10897
            ],
            [
              120.803044,
              17.109136
            ],
            [
              120.802107,
              17.109426
            ],
            [
              120.80203,
              17.109311
            ],
            [
              120.802274,
              17.109118
            ],
            [
              120.801131,
              17.108416
            ],
            [
              120.800697,
              17.108375
            ],
            [
              120.800466,
              17.108183
            ],
            [
              120.800072,
              17.108121
            ],
            [
              120.799903,
              17.107808
            ]
          ]
        ]
      }
    },
    {
      "type": "Feature",
      "properties": {
        "classification": "INSTITUTIONAL"
      },
      "geometry": {
        "type": "Polygon",
        "coordinates": [
          [
            [
              120.798154,
              17.11968
            ],
            [
              120.797617,
              17.119613
            ],
            [
              120.797548,
              17.120536
            ],
            [
              120.797768,
              17.120556
            ],
            [
              120.798079,
              17.120136
            ],
            [
              120.798154,
              17.11968
            ]
          ]
        ]
      }
    },
    {
      "type": "Feature",
      "properties": {
        "classification": "R-7"
      },
      "geometry": {
        "type": "Polygon",
        "coordinates": [
          [
            [
              120.79596,
              17.121941
            ],
            [
              120.796056,
              17.121792
            ],
            [
              120.796346,
              17.121853
            ],
            [
              120.796577,
              17.121797
            ],
            [
              120.796899,
              17.121648
            ],
            [
              120.797097,
              17.121392
            ],
            [
              120.797119,
              17.120608
            ],
            [
              120.797548,
              17.120536
            ],
            [
              120.797768,
              17.120556
            ],
            [
              120.797939,
              17.120326
            ],
            [
              120.797934,
              17.120518
            ],
            [
              120.797754,
              17.121566
            ],
            [
              120.797564,
              17.121848
            ],
            [
              120.796942,
              17.12253
            ],
            [
              120.796896,
              17.122533
            ],
            [
              120.795863,
              17.122733
            ],
            [
              120.795718,
              17.122571
            ],
            [
              120.796147,
              17.122161
            ],
            [
              120.79596,
              17.121941
            ]
          ]
        ]
      }
    },
    {
      "type": "Feature",
      "properties": {
        "classification": "R-7"
      },
      "geometry": {
        "type": "Polygon",
        "coordinates": [
          [
            [
              120.79721,
              17.118454
            ],
            [
              120.797741,
              17.118644
            ],
            [
              120.7978,
              17.118747
            ],
            [
              120.79825,
              17.118885
            ],
            [
              120.798033,
              17.119665
            ],
            [
              120.79774,
              17.119628
            ],
            [
              120.797789,
              17.119239
            ],
            [
              120.797628,
              17.118829
            ],
            [
              120.79722,
              17.118629
            ],
            [
              120.79721,
              17.118454
            ]
          ]
        ]
      }
    },
    {
      "type": "Feature",
      "properties": {
        "classification": "R-6",
        "road_carve_m": 3
      },
      "geometry": {
        "type": "Polygon",
        "coordinates": [
          [
            [
              120.795824,
              17.121705
            ],
            [
              120.795841,
              17.121681
            ],
            [
              120.795846,
              17.121674
            ],
            [
              120.795912,
              17.121589
            ],
            [
              120.795913,
              17.121587
            ],
            [
              120.795953,
              17.121568
            ],
            [
              120.796006,
              17.121542
            ],
            [
              120.79618,
              17.121581
            ],
            [
              120.796182,
              17.121582
            ],
            [
              120.796183,
              17.121582
            ],
            [
              120.796235,
              17.121589
            ],
            [
              120.796318,
              17.121601
            ],
            [
              120.796326,
              17.121601
            ],
            [
              120.79644,
              17.121583
            ],
            [
              120.796444,
              17.121582
            ],
            [
              120.796447,
              17.121582
            ],
            [
              120.796451,
              17.121579
            ],
            [
              120.796453,
              17.121578
            ],
            [
              120.796549,
              17.12151
            ],
            [
              120.796551,
              17.121508
            ],
            [
              120.796612,
              17.121456
            ],
            [
              120.79664,
              17.121432
            ],
            [
              120.796735,
              17.121422
            ],
            [
              120.79674,
              17.121421
            ],
            [
              120.796741,
              17.121421
            ],
            [
              120.796745,
              17.12142
            ],
            [
              120.796746,
              17.12142
            ],
            [
              120.796751,
              17.121418
            ],
            [
              120.796755,
              17.121415
            ],
            [
              120.796759,
              17.121411
            ],
            [
              120.796771,
              17.121397
            ],
            [
              120.796811,
              17.121347
            ],
            [
              120.796813,
              17.121344
            ],
            [
              120.796814,
              17.121343
            ],
            [
              120.796816,
              17.121337
            ],
            [
              120.796817,
              17.121331
            ],
            [
              120.796816,
              17.121326
            ],
            [
              120.796806,
              17.121275
            ],
            [
              120.796799,
              17.12124
            ],
            [
              120.796797,
              17.121235
            ],
            [
              120.796796,
              17.121233
            ],
            [
              120.796738,
              17.121119
            ],
            [
              120.796738,
              17.121001
            ],
            [
              120.796781,
              17.120907
            ],
            [
              120.79685,
              17.120806
            ],
            [
              120.796851,
              17.120805
            ],
            [
              120.796853,
              17.120801
            ],
            [
              120.796853,
              17.120799
            ],
            [
              120.796854,
              17.120795
            ],
            [
              120.79687,
              17.12068
            ],
            [
              120.796871,
              17.120677
            ],
            [
              120.796871,
              17.120674
            ],
            [
              120.79687,
              17.120672
            ],
            [
              120.796843,
              17.120522
            ],
            [
              120.796851,
              17.120504
            ],
            [
              120.796875,
              17.120447
            ],
            [
              120.796974,
              17.120373
            ],
            [
              120.797061,
              17.120351
            ],
            [
              120.797089,
              17.120344
            ],
            [
              120.797248,
              17.120359
            ],
            [
              120.797254,
              17.120359
            ],
            [
              120.797259,
              17.120358
            ],
            [
              120.797333,
              17.120339
            ],
            [
              120.797363,
              17.120331
            ],
            [
              120.797368,
              17.120329
            ],
            [
              120.797373,
              17.120325
            ],
            [
              120.797377,
              17.120322
            ],
            [
              120.797378,
              17.120321
            ],
            [
              120.797381,
              17.120316
            ],
            [
              120.797403,
              17.12027
            ],
            [
              120.797438,
              17.120194
            ],
            [
              120.797439,
              17.120193
            ],
            [
              120.79744,
              17.120191
            ],
            [
              120.797482,
              17.120046
            ],
            [
              120.797502,
              17.119975
            ],
            [
              120.797503,
              17.119969
            ],
            [
              120.797503,
              17.119963
            ],
            [
              120.79747,
              17.119772
            ],
            [
              120.797476,
              17.119714
            ],
            [
              120.797483,
              17.119648
            ],
            [
              120.797484,
              17.119647
            ],
            [
              120.797484,
              17.11957
            ],
            [
              120.797485,
              17.119484
            ],
            [
              120.797494,
              17.119376
            ],
            [
              120.797529,
              17.119256
            ],
            [
              120.79753,
              17.11925
            ],
            [
              120.79753,
              17.119245
            ],
            [
              120.797517,
              17.119146
            ],
            [
              120.797516,
              17.119141
            ],
            [
              120.797515,
              17.119139
            ],
            [
              120.797515,
              17.119137
            ],
            [
              120.797454,
              17.11902
            ],
            [
              120.797451,
              17.119016
            ],
            [
              120.797447,
              17.119012
            ],
            [
              120.797443,
              17.119009
            ],
            [
              120.797438,
              17.119007
            ],
            [
              120.797291,
              17.118958
            ],
            [
              120.797125,
              17.118871
            ],
            [
              120.79705,
              17.118815
            ],
            [
              120.79698,
              17.118763
            ],
            [
              120.79696,
              17.118617
            ],
            [
              120.796963,
              17.118582
            ],
            [
              120.796964,
              17.118569
            ],
            [
              120.796981,
              17.118376
            ],
            [
              120.796983,
              17.118347
            ],
            [
              120.797035,
              17.118255
            ],
            [
              120.797071,
              17.118247
            ],
            [
              120.797137,
              17.118233
            ],
            [
              120.79714,
              17.118232
            ],
            [
              120.797143,
              17.118232
            ],
            [
              120.797148,
              17.118229
            ],
            [
              120.79715,
              17.118227
            ],
            [
              120.797152,
              17.118225
            ],
            [
              120.797155,
              17.118221
            ],
            [
              120.797156,
              17.11822
            ],
            [
              120.797214,
              17.118122
            ],
            [
              120.797243,
              17.1181
            ],
            [
              120.797279,
              17.118073
            ],
            [
              120.797285,
              17.118077
            ],
            [
              120.797332,
              17.118105
            ],
            [
              120.797388,
              17.11818
            ],
            [
              120.797426,
              17.11823
            ],
            [
              120.797428,
              17.118233
            ],
            [
              120.797429,
              17.118234
            ],
            [
              120.797434,
              17.118237
            ],
            [
              120.797437,
              17.118239
            ],
            [
              120.797438,
              17.11824
            ],
            [
              120.797546,
              17.118281
            ],
            [
              120.797715,
              17.118346
            ],
            [
              120.797813,
              17.118413
            ],
            [
              120.797854,
              17.118442
            ],
            [
              120.797894,
              17.118487
            ],
            [
              120.797933,
              17.118532
            ],
            [
              120.797936,
              17.118535
            ],
            [
              120.797937,
              17.118536
            ],
            [
              120.797942,
              17.118539
            ],
            [
              120.797947,
              17.118541
            ],
            [
              120.798002,
              17.118554
            ],
            [
              120.79803,
              17.118561
            ],
            [
              120.798036,
              17.118562
            ],
            [
              120.798041,
              17.118562
            ],
            [
              120.798045,
              17.118561
            ],
            [
              120.798047,
              17.11856
            ],
            [
              120.798069,
              17.118552
            ],
            [
              120.798105,
              17.118538
            ],
            [
              120.798111,
              17.118542
            ],
            [
              120.79832,
              17.11868
            ],
            [
              120.79825,
              17.118885
            ],
            [
              120.7978,
              17.118747
            ],
            [
              120.797741,
              17.118644
            ],
            [
              120.79721,
              17.118454
            ],
            [
              120.79722,
              17.118629
            ],
            [
              120.797628,
              17.118829
            ],
            [
              120.797789,
              17.119239
            ],
            [
              120.79774,
              17.119628
            ],
            [
              120.797617,
              17.119613
            ],
            [
              120.797548,
              17.120536
            ],
            [
              120.797119,
              17.120608
            ],
            [
              120.797097,
              17.121392
            ],
            [
              120.796899,
              17.121648
            ],
            [
              120.796577,
              17.121797
            ],
            [
              120.796346,
              17.121853
            ],
            [
              120.796056,
              17.121792
            ],
            [
              120.79596,
              17.121941
            ],
            [
              120.795824,
              17.121705
            ]
          ]
        ]
      }
    },
    {
      "type": "Feature",
      "properties": {
        "classification": "R-7"
      },
      "geometry": {
        "type": "Polygon",
        "coordinates": [
          [
            [
              120.797955,
              17.120338
            ],
            [
              120.798079,
              17.120136
            ],
            [
              120.798102,
              17.119996
            ],
            [
              120.798835,
              17.120582
            ],
            [
              120.799683,
              17.120572
            ],
            [
              120.800246,
              17.121182
            ],
            [
              120.800101,
              17.121366
            ],
            [
              120.799951,
              17.121279
            ],
            [
              120.799452,
              17.12193
            ],
            [
              120.797925,
              17.12057
            ],
            [
              120.797934,
              17.120518
            ],
            [
              120.797939,
              17.120326
            ],
            [
              120.798001,
              17.120239
            ],
            [
              120.797953,
              17.120297
            ],
            [
              120.797955,
              17.120338
            ]
          ]
        ]
      }
    },
    {
      "type": "Feature",
      "properties": {
        "classification": "R-7",
        "source": "circle",
        "radius_m": 99
      },
      "geometry": {
        "type": "Polygon",
        "coordinates": [
          [
            [
              120.822315,
              17.114531
            ],
            [
              120.822224,
              17.114526
            ],
            [
              120.822133,
              17.114514
            ],
            [
              120.822045,
              17.114492
            ],
            [
              120.821959,
              17.114463
            ],
            [
              120.821876,
              17.114426
            ],
            [
              120.821798,
              17.114381
            ],
            [
              120.821724,
              17.114329
            ],
            [
              120.821656,
              17.11427
            ],
            [
              120.821595,
              17.114205
            ],
            [
              120.821541,
              17.114135
            ],
            [
              120.821494,
              17.11406
            ],
            [
              120.821455,
              17.113981
            ],
            [
              120.821424,
              17.113899
            ],
            [
              120.821402,
              17.113814
            ],
            [
              120.821388,
              17.113728
            ],
            [
              120.821384,
              17.11364
            ],
            [
              120.821388,
              17.113553
            ],
            [
              120.821402,
              17.113467
            ],
            [
              120.821424,
              17.113382
            ],
            [
              120.821455,
              17.1133
            ],
            [
              120.821494,
              17.113221
            ],
            [
              120.821541,
              17.113146
            ],
            [
              120.821595,
              17.113075
            ],
            [
              120.821656,
              17.113011
            ],
            [
              120.821724,
              17.112952
            ],
            [
              120.821798,
              17.1129
            ],
            [
              120.821876,
              17.112855
            ],
            [
              120.821959,
              17.112818
            ],
            [
              120.822045,
              17.112788
            ],
            [
              120.822133,
              17.112767
            ],
            [
              120.822224,
              17.112754
            ],
            [
              120.822315,
              17.11275
            ],
            [
              120.822407,
              17.112754
            ],
            [
              120.822497,
              17.112767
            ],
            [
              120.822586,
              17.112788
            ],
            [
              120.822672,
              17.112818
            ],
            [
              120.822754,
              17.112855
            ],
            [
              120.822833,
              17.1129
            ],
            [
              120.822906,
              17.112952
            ],
            [
              120.822974,
              17.113011
            ],
            [
              120.823035,
              17.113075
            ],
            [
              120.82309,
              17.113146
            ],
            [
              120.823137,
              17.113221
            ],
            [
              120.823176,
              17.1133
            ],
            [
              120.823207,
              17.113382
            ],
            [
              120.823229,
              17.113467
            ],
            [
              120.823242,
              17.113553
            ],
            [
              120.823247,
              17.11364
            ],
            [
              120.823242,
              17.113728
            ],
            [
              120.823229,
              17.113814
            ],
            [
              120.823207,
              17.113899
            ],
            [
              120.823176,
              17.113981
            ],
            [
              120.823137,
              17.11406
            ],
            [
              120.82309,
              17.114135
            ],
            [
              120.823035,
              17.114205
            ],
            [
              120.822974,
              17.11427
            ],
            [
              120.822906,
              17.114329
            ],
            [
              120.822833,
              17.114381
            ],
            [
              120.822754,
              17.114426
            ],
            [
              120.822672,
              17.114463
            ],
            [
              120.822586,
              17.114492
            ],
            [
              120.822497,
              17.114514
            ],
            [
              120.822407,
              17.114526
            ],
            [
              120.822315,
              17.114531
            ]
          ]
        ]
      }
    },
    {
      "type": "Feature",
      "properties": {
        "classification": "C-3",
        "road_carve_m": 3
      },
      "geometry": {
        "type": "Polygon",
        "coordinates": [
          [
            [
              120.792419,
              17.125014
            ],
            [
              120.792553,
              17.124753
            ],
            [
              120.7925,
              17.124717
            ],
            [
              120.792575,
              17.124576
            ],
            [
              120.792881,
              17.124687
            ],
            [
              120.792863,
              17.124717
            ],
            [
              120.792741,
              17.124916
            ],
            [
              120.792595,
              17.125046
            ],
            [
              120.79259,
              17.125051
            ],
            [
              120.792588,
              17.125056
            ],
            [
              120.792572,
              17.125093
            ],
            [
              120.792419,
              17.125014
            ]
          ]
        ]
      }
    },
    {
      "type": "Feature",
      "properties": {
        "classification": "C-3",
        "road_carve_m": 3
      },
      "geometry": {
        "type": "Polygon",
        "coordinates": [
          [
            [
              120.792576,
              17.125231
            ],
            [
              120.792638,
              17.125081
            ],
            [
              120.792783,
              17.124953
            ],
            [
              120.792788,
              17.124947
            ],
            [
              120.792911,
              17.124745
            ],
            [
              120.792911,
              17.124744
            ],
            [
              120.793045,
              17.124523
            ],
            [
              120.793047,
              17.124519
            ],
            [
              120.793099,
              17.124396
            ],
            [
              120.793101,
              17.12439
            ],
            [
              120.793101,
              17.124384
            ],
            [
              120.79309,
              17.124258
            ],
            [
              120.793116,
              17.124106
            ],
            [
              120.793161,
              17.124031
            ],
            [
              120.793406,
              17.124101
            ],
            [
              120.793353,
              17.124414
            ],
            [
              120.793264,
              17.124632
            ],
            [
              120.792969,
              17.125119
            ],
            [
              120.792824,
              17.125234
            ],
            [
              120.792875,
              17.125386
            ],
            [
              120.792653,
              17.125445
            ],
            [
              120.792614,
              17.12539
            ],
            [
              120.792576,
              17.125231
            ]
          ]
        ]
      }
    },
    {
      "type": "Feature",
      "properties": {
        "classification": "R-6"
      },
      "geometry": {
        "type": "Polygon",
        "coordinates": [
          [
            [
              120.792824,
              17.125234
            ],
            [
              120.792969,
              17.125119
            ],
            [
              120.793264,
              17.124632
            ],
            [
              120.793353,
              17.124414
            ],
            [
              120.793406,
              17.124101
            ],
            [
              120.793374,
              17.124092
            ],
            [
              120.793436,
              17.123973
            ],
            [
              120.793712,
              17.124068
            ],
            [
              120.793605,
              17.124286
            ],
            [
              120.793618,
              17.124489
            ],
            [
              120.793473,
              17.124804
            ],
            [
              120.793211,
              17.125258
            ],
            [
              120.792875,
              17.125386
            ],
            [
              120.792824,
              17.125234
            ]
          ]
        ]
      }
    },
    {
      "type": "Feature",
      "properties": {
        "classification": "R-7"
      },
      "geometry": {
        "type": "Polygon",
        "coordinates": [
          [
            [
              120.793692,
              17.124108
            ],
            [
              120.793712,
              17.124068
            ],
            [
              120.794243,
              17.124027
            ],
            [
              120.794224,
              17.124542
            ],
            [
              120.794321,
              17.124596
            ],
            [
              120.794568,
              17.124514
            ],
            [
              120.794643,
              17.124665
            ],
            [
              120.794184,
              17.124814
            ],
            [
              120.79427,
              17.125209
            ],
            [
              120.794691,
              17.125324
            ],
            [
              120.794654,
              17.125542
            ],
            [
              120.794147,
              17.125424
            ],
            [
              120.793972,
              17.124791
            ],
            [
              120.793833,
              17.124822
            ],
            [
              120.79379,
              17.124578
            ],
            [
              120.793771,
              17.124166
            ],
            [
              120.793692,
              17.124108
            ]
          ]
        ]
      }
    },
    {
      "type": "Feature",
      "properties": {
        "classification": "R-6",
        "road_carve_m": 3
      },
      "geometry": {
        "type": "Polygon",
        "coordinates": [
          [
            [
              120.802094,
              17.116973
            ],
            [
              120.80218,
              17.116696
            ],
            [
              120.80237,
              17.116809
            ],
            [
              120.802408,
              17.117001
            ],
            [
              120.802365,
              17.117396
            ],
            [
              120.802321,
              17.117386
            ],
            [
              120.802279,
              17.117372
            ],
            [
              120.802182,
              17.117073
            ],
            [
              120.802179,
              17.117068
            ],
            [
              120.802176,
              17.117064
            ],
            [
              120.802104,
              17.116987
            ],
            [
              120.8021,
              17.116983
            ],
            [
              120.802099,
              17.116983
            ],
            [
              120.802094,
              17.116973
            ]
          ]
        ]
      }
    },
    {
      "type": "Feature",
      "properties": {
        "classification": "C-2",
        "source": "road-tag",
        "buffer_m": 30,
        "road_keys": [
          "825186444|catengan|120.8366242129166,17.09709232253925"
        ],
        "clipped_against_existing": 2
      },
      "geometry": {
        "type": "Polygon",
        "coordinates": [
          [
            [
              120.832042,
              17.097306
            ],
            [
              120.832058,
              17.097301
            ],
            [
              120.832128,
              17.097264
            ],
            [
              120.832402,
              17.097082
            ],
            [
              120.832533,
              17.097035
            ],
            [
              120.832684,
              17.097021
            ],
            [
              120.832862,
              17.097045
            ],
            [
              120.833127,
              17.097123
            ],
            [
              120.833147,
              17.097125
            ],
            [
              120.833181,
              17.097123
            ],
            [
              120.833393,
              17.097083
            ],
            [
              120.833847,
              17.096987
            ],
            [
              120.834032,
              17.096961
            ],
            [
              120.834176,
              17.096946
            ],
            [
              120.834318,
              17.096956
            ],
            [
              120.834422,
              17.096948
            ],
            [
              120.83457,
              17.096937
            ],
            [
              120.834711,
              17.096954
            ],
            [
              120.834932,
              17.096962
            ],
            [
              120.835143,
              17.097001
            ],
            [
              120.83532,
              17.097041
            ],
            [
              120.835439,
              17.09708
            ],
            [
              120.835568,
              17.097154
            ],
            [
              120.835671,
              17.097261
            ],
            [
              120.835705,
              17.097292
            ],
            [
              120.835751,
              17.097295
            ],
            [
              120.835808,
              17.097279
            ],
            [
              120.835861,
              17.09725
            ],
            [
              120.836226,
              17.096922
            ],
            [
              120.836422,
              17.09684
            ],
            [
              120.836624,
              17.096819
            ],
            [
              120.836665,
              17.096826
            ],
            [
              120.83663,
              17.097057
            ],
            [
              120.836618,
              17.097055
            ],
            [
              120.83648,
              17.097069
            ],
            [
              120.836353,
              17.097122
            ],
            [
              120.835998,
              17.097442
            ],
            [
              120.835896,
              17.097498
            ],
            [
              120.835775,
              17.09753
            ],
            [
              120.83566,
              17.097524
            ],
            [
              120.835585,
              17.097499
            ],
            [
              120.835507,
              17.097429
            ],
            [
              120.835422,
              17.097339
            ],
            [
              120.835344,
              17.097295
            ],
            [
              120.835258,
              17.097267
            ],
            [
              120.835096,
              17.09723
            ],
            [
              120.834907,
              17.097195
            ],
            [
              120.834692,
              17.097187
            ],
            [
              120.834564,
              17.097172
            ],
            [
              120.83444,
              17.097181
            ],
            [
              120.834319,
              17.097191
            ],
            [
              120.83418,
              17.097181
            ],
            [
              120.83406,
              17.097193
            ],
            [
              120.833888,
              17.097217
            ],
            [
              120.833439,
              17.097312
            ],
            [
              120.833209,
              17.097356
            ],
            [
              120.833144,
              17.09736
            ],
            [
              120.833084,
              17.097354
            ],
            [
              120.832814,
              17.097275
            ],
            [
              120.832679,
              17.097257
            ],
            [
              120.832583,
              17.097265
            ],
            [
              120.832507,
              17.097292
            ],
            [
              120.832247,
              17.097466
            ],
            [
              120.832149,
              17.097517
            ],
            [
              120.832085,
              17.097538
            ],
            [
              120.832042,
              17.097306
            ]
          ]
        ]
      }
    },
    {
      "type": "Feature",
      "properties": {
        "classification": "R-6",
        "source": "road-tag",
        "buffer_m": 30,
        "road_keys": [
          "825186444|catengan|120.8366242129166,17.09709232253925"
        ],
        "clipped_against_existing": 2
      },
      "geometry": {
        "type": "Polygon",
        "coordinates": [
          [
            [
              120.832098,
              17.097609
            ],
            [
              120.832177,
              17.097583
            ],
            [
              120.832284,
              17.097528
            ],
            [
              120.83254,
              17.097357
            ],
            [
              120.832599,
              17.097336
            ],
            [
              120.832677,
              17.097329
            ],
            [
              120.832798,
              17.097345
            ],
            [
              120.83307,
              17.097425
            ],
            [
              120.833142,
              17.097432
            ],
            [
              120.833218,
              17.097428
            ],
            [
              120.833454,
              17.097382
            ],
            [
              120.833901,
              17.097288
            ],
            [
              120.834069,
              17.097264
            ],
            [
              120.83418,
              17.097253
            ],
            [
              120.83432,
              17.097263
            ],
            [
              120.834446,
              17.097253
            ],
            [
              120.834563,
              17.097244
            ],
            [
              120.834687,
              17.097259
            ],
            [
              120.834899,
              17.097267
            ],
            [
              120.835082,
              17.097301
            ],
            [
              120.835239,
              17.097336
            ],
            [
              120.835315,
              17.097361
            ],
            [
              120.835377,
              17.097397
            ],
            [
              120.835457,
              17.09748
            ],
            [
              120.835547,
              17.097562
            ],
            [
              120.835646,
              17.097595
            ],
            [
              120.835783,
              17.097602
            ],
            [
              120.835924,
              17.097565
            ],
            [
              120.83604,
              17.097501
            ],
            [
              120.836392,
              17.097184
            ],
            [
              120.836498,
              17.097139
            ],
            [
              120.836616,
              17.097127
            ],
            [
              120.836619,
              17.097128
            ],
            [
              120.836584,
              17.097359
            ],
            [
              120.83661,
              17.097363
            ],
            [
              120.836556,
              17.097368
            ],
            [
              120.836519,
              17.097384
            ],
            [
              120.836176,
              17.097692
            ],
            [
              120.836012,
              17.097784
            ],
            [
              120.835808,
              17.097838
            ],
            [
              120.835602,
              17.097827
            ],
            [
              120.835427,
              17.097768
            ],
            [
              120.835294,
              17.097648
            ],
            [
              120.835231,
              17.097583
            ],
            [
              120.835219,
              17.097576
            ],
            [
              120.835177,
              17.097562
            ],
            [
              120.835035,
              17.09753
            ],
            [
              120.834873,
              17.0975
            ],
            [
              120.834668,
              17.097493
            ],
            [
              120.834557,
              17.097479
            ],
            [
              120.834464,
              17.097486
            ],
            [
              120.834321,
              17.097498
            ],
            [
              120.834184,
              17.097488
            ],
            [
              120.834097,
              17.097496
            ],
            [
              120.833941,
              17.097519
            ],
            [
              120.8335,
              17.097611
            ],
            [
              120.833247,
              17.09766
            ],
            [
              120.833139,
              17.097666
            ],
            [
              120.833026,
              17.097656
            ],
            [
              120.83275,
              17.097575
            ],
            [
              120.832672,
              17.097564
            ],
            [
              120.832649,
              17.097566
            ],
            [
              120.832646,
              17.097567
            ],
            [
              120.832403,
              17.09773
            ],
            [
              120.832268,
              17.097799
            ],
            [
              120.832141,
              17.097842
            ],
            [
              120.832098,
              17.097609
            ]
          ]
        ]
      }
    },
    {
      "type": "Feature",
      "properties": {
        "classification": "R-6",
        "source": "circle",
        "radius_m": 38.32
      },
      "geometry": {
        "type": "Polygon",
        "coordinates": [
          [
            [
              120.85874,
              17.077816
            ],
            [
              120.858704,
              17.077815
            ],
            [
              120.858669,
              17.07781
            ],
            [
              120.858635,
              17.077801
            ],
            [
              120.858602,
              17.07779
            ],
            [
              120.85857,
              17.077776
            ],
            [
              120.858539,
              17.077758
            ],
            [
              120.858511,
              17.077738
            ],
            [
              120.858485,
              17.077715
            ],
            [
              120.858461,
              17.07769
            ],
            [
              120.85844,
              17.077663
            ],
            [
              120.858422,
              17.077634
            ],
            [
              120.858407,
              17.077604
            ],
            [
              120.858395,
              17.077572
            ],
            [
              120.858386,
              17.077539
            ],
            [
              120.858381,
              17.077505
            ],
            [
              120.858379,
              17.077472
            ],
            [
              120.858381,
              17.077438
            ],
            [
              120.858386,
              17.077404
            ],
            [
              120.858395,
              17.077372
            ],
            [
              120.858407,
              17.07734
            ],
            [
              120.858422,
              17.077309
            ],
            [
              120.85844,
              17.07728
            ],
            [
              120.858461,
              17.077253
            ],
            [
              120.858485,
              17.077228
            ],
            [
              120.858511,
              17.077205
            ],
            [
              120.858539,
              17.077185
            ],
            [
              120.85857,
              17.077168
            ],
            [
              120.858602,
              17.077153
            ],
            [
              120.858635,
              17.077142
            ],
            [
              120.858669,
              17.077134
            ],
            [
              120.858704,
              17.077129
            ],
            [
              120.85874,
              17.077127
            ],
            [
              120.858775,
              17.077129
            ],
            [
              120.85881,
              17.077134
            ],
            [
              120.858844,
              17.077142
            ],
            [
              120.858878,
              17.077153
            ],
            [
              120.85891,
              17.077168
            ],
            [
              120.85894,
              17.077185
            ],
            [
              120.858968,
              17.077205
            ],
            [
              120.858995,
              17.077228
            ],
            [
              120.859018,
              17.077253
            ],
            [
              120.859039,
              17.07728
            ],
            [
              120.859058,
              17.077309
            ],
            [
              120.859073,
              17.07734
            ],
            [
              120.859085,
              17.077372
            ],
            [
              120.859093,
              17.077404
            ],
            [
              120.859098,
              17.077438
            ],
            [
              120.8591,
              17.077472
            ],
            [
              120.859098,
              17.077505
            ],
            [
              120.859093,
              17.077539
            ],
            [
              120.859085,
              17.077572
            ],
            [
              120.859073,
              17.077604
            ],
            [
              120.859058,
              17.077634
            ],
            [
              120.859039,
              17.077663
            ],
            [
              120.859018,
              17.07769
            ],
            [
              120.858995,
              17.077715
            ],
            [
              120.858968,
              17.077738
            ],
            [
              120.85894,
              17.077758
            ],
            [
              120.85891,
              17.077776
            ],
            [
              120.858878,
              17.07779
            ],
            [
              120.858844,
              17.077801
            ],
            [
              120.85881,
              17.07781
            ],
            [
              120.858775,
              17.077815
            ],
            [
              120.85874,
              17.077816
            ]
          ]
        ]
      }
    },
    {
      "type": "Feature",
      "properties": {
        "classification": "R-3",
        "road_carve_m": 3
      },
      "geometry": {
        "type": "Polygon",
        "coordinates": [
          [
            [
              120.861029,
              17.09119
            ],
            [
              120.861097,
              17.091105
            ],
            [
              120.861237,
              17.090942
            ],
            [
              120.861377,
              17.090798
            ],
            [
              120.861379,
              17.090794
            ],
            [
              120.861481,
              17.090651
            ],
            [
              120.861485,
              17.090645
            ],
            [
              120.861549,
              17.090483
            ],
            [
              120.861598,
              17.09036
            ],
            [
              120.8616,
              17.090354
            ],
            [
              120.861631,
              17.090149
            ],
            [
              120.861631,
              17.090147
            ],
            [
              120.861657,
              17.089869
            ],
            [
              120.861666,
              17.089742
            ],
            [
              120.861666,
              17.089736
            ],
            [
              120.861658,
              17.089681
            ],
            [
              120.861669,
              17.089683
            ],
            [
              120.86178,
              17.089628
            ],
            [
              120.86176,
              17.090029
            ],
            [
              120.861628,
              17.090604
            ],
            [
              120.861226,
              17.091124
            ],
            [
              120.861357,
              17.091178
            ],
            [
              120.86132,
              17.091316
            ],
            [
              120.861116,
              17.09126
            ],
            [
              120.861029,
              17.09119
            ]
          ]
        ]
      }
    },
    {
      "type": "Feature",
      "properties": {
        "classification": "R-3"
      },
      "geometry": {
        "type": "Polygon",
        "coordinates": [
          [
            [
              120.858398,
              17.091061
            ],
            [
              120.858462,
              17.090866
            ],
            [
              120.858512,
              17.090788
            ],
            [
              120.85853,
              17.090757
            ],
            [
              120.858556,
              17.090703
            ],
            [
              120.858575,
              17.09069
            ],
            [
              120.858638,
              17.090671
            ],
            [
              120.858689,
              17.09065
            ],
            [
              120.858735,
              17.09062
            ],
            [
              120.858874,
              17.090507
            ],
            [
              120.858943,
              17.090424
            ],
            [
              120.859158,
              17.090568
            ],
            [
              120.85937,
              17.090568
            ],
            [
              120.859587,
              17.090427
            ],
            [
              120.859753,
              17.090501
            ],
            [
              120.859914,
              17.090499
            ],
            [
              120.85999,
              17.09046
            ],
            [
              120.860177,
              17.090591
            ],
            [
              120.860274,
              17.090614
            ],
            [
              120.860327,
              17.090582
            ],
            [
              120.860281,
              17.090615
            ],
            [
              120.860429,
              17.090642
            ],
            [
              120.860582,
              17.090568
            ],
            [
              120.8607,
              17.090409
            ],
            [
              120.860733,
              17.090341
            ],
            [
              120.860739,
              17.090338
            ],
            [
              120.860966,
              17.090388
            ],
            [
              120.861279,
              17.090368
            ],
            [
              120.861245,
              17.090491
            ],
            [
              120.860593,
              17.091216
            ],
            [
              120.860556,
              17.091296
            ],
            [
              120.860513,
              17.091408
            ],
            [
              120.860489,
              17.091535
            ],
            [
              120.860517,
              17.091691
            ],
            [
              120.860616,
              17.091863
            ],
            [
              120.860578,
              17.091902
            ],
            [
              120.860505,
              17.092029
            ],
            [
              120.860483,
              17.092113
            ],
            [
              120.860449,
              17.09222
            ],
            [
              120.860453,
              17.092329
            ],
            [
              120.860455,
              17.092549
            ],
            [
              120.860443,
              17.092659
            ],
            [
              120.860438,
              17.092775
            ],
            [
              120.860451,
              17.092873
            ],
            [
              120.860468,
              17.092935
            ],
            [
              120.86044,
              17.092992
            ],
            [
              120.860419,
              17.093122
            ],
            [
              120.860408,
              17.093372
            ],
            [
              120.860416,
              17.093598
            ],
            [
              120.86037,
              17.09378
            ],
            [
              120.860311,
              17.094183
            ],
            [
              120.860306,
              17.092706
            ],
            [
              120.858398,
              17.091061
            ]
          ]
        ]
      }
    },
    {
      "type": "Feature",
      "properties": {
        "classification": "R-3",
        "source": "circle",
        "radius_m": 30.13
      },
      "geometry": {
        "type": "Polygon",
        "coordinates": [
          [
            [
              120.856154,
              17.089639
            ],
            [
              120.856126,
              17.089638
            ],
            [
              120.856099,
              17.089634
            ],
            [
              120.856072,
              17.089627
            ],
            [
              120.856045,
              17.089618
            ],
            [
              120.85602,
              17.089607
            ],
            [
              120.855996,
              17.089593
            ],
            [
              120.855974,
              17.089577
            ],
            [
              120.855954,
              17.08956
            ],
            [
              120.855935,
              17.08954
            ],
            [
              120.855918,
              17.089518
            ],
            [
              120.855904,
              17.089496
            ],
            [
              120.855892,
              17.089472
            ],
            [
              120.855883,
              17.089447
            ],
            [
              120.855876,
              17.089421
            ],
            [
              120.855872,
              17.089395
            ],
            [
              120.855871,
              17.089368
            ],
            [
              120.855872,
              17.089341
            ],
            [
              120.855876,
              17.089315
            ],
            [
              120.855883,
              17.089289
            ],
            [
              120.855892,
              17.089264
            ],
            [
              120.855904,
              17.08924
            ],
            [
              120.855918,
              17.089217
            ],
            [
              120.855935,
              17.089196
            ],
            [
              120.855954,
              17.089176
            ],
            [
              120.855974,
              17.089159
            ],
            [
              120.855996,
              17.089143
            ],
            [
              120.85602,
              17.089129
            ],
            [
              120.856045,
              17.089118
            ],
            [
              120.856072,
              17.089109
            ],
            [
              120.856099,
              17.089102
            ],
            [
              120.856126,
              17.089098
            ],
            [
              120.856154,
              17.089097
            ],
            [
              120.856182,
              17.089098
            ],
            [
              120.856209,
              17.089102
            ],
            [
              120.856236,
              17.089109
            ],
            [
              120.856262,
              17.089118
            ],
            [
              120.856288,
              17.089129
            ],
            [
              120.856311,
              17.089143
            ],
            [
              120.856334,
              17.089159
            ],
            [
              120.856354,
              17.089176
            ],
            [
              120.856373,
              17.089196
            ],
            [
              120.85639,
              17.089217
            ],
            [
              120.856404,
              17.08924
            ],
            [
              120.856416,
              17.089264
            ],
            [
              120.856425,
              17.089289
            ],
            [
              120.856432,
              17.089315
            ],
            [
              120.856436,
              17.089341
            ],
            [
              120.856437,
              17.089368
            ],
            [
              120.856436,
              17.089395
            ],
            [
              120.856432,
              17.089421
            ],
            [
              120.856425,
              17.089447
            ],
            [
              120.856416,
              17.089472
            ],
            [
              120.856404,
              17.089496
            ],
            [
              120.85639,
              17.089518
            ],
            [
              120.856373,
              17.08954
            ],
            [
              120.856354,
              17.08956
            ],
            [
              120.856334,
              17.089577
            ],
            [
              120.856311,
              17.089593
            ],
            [
              120.856288,
              17.089607
            ],
            [
              120.856262,
              17.089618
            ],
            [
              120.856236,
              17.089627
            ],
            [
              120.856209,
              17.089634
            ],
            [
              120.856182,
              17.089638
            ],
            [
              120.856154,
              17.089639
            ]
          ]
        ]
      }
    },
    {
      "type": "Feature",
      "properties": {
        "classification": "R-2",
        "source": "circle",
        "radius_m": 38.7
      },
      "geometry": {
        "type": "Polygon",
        "coordinates": [
          [
            [
              120.857141,
              17.099673
            ],
            [
              120.857105,
              17.099672
            ],
            [
              120.85707,
              17.099667
            ],
            [
              120.857035,
              17.099658
            ],
            [
              120.857002,
              17.099647
            ],
            [
              120.856969,
              17.099632
            ],
            [
              120.856939,
              17.099615
            ],
            [
              120.85691,
              17.099594
            ],
            [
              120.856884,
              17.099572
            ],
            [
              120.85686,
              17.099546
            ],
            [
              120.856838,
              17.099519
            ],
            [
              120.85682,
              17.099489
            ],
            [
              120.856805,
              17.099459
            ],
            [
              120.856793,
              17.099426
            ],
            [
              120.856784,
              17.099393
            ],
            [
              120.856779,
              17.09936
            ],
            [
              120.856777,
              17.099325
            ],
            [
              120.856779,
              17.099291
            ],
            [
              120.856784,
              17.099257
            ],
            [
              120.856793,
              17.099224
            ],
            [
              120.856805,
              17.099192
            ],
            [
              120.85682,
              17.099161
            ],
            [
              120.856838,
              17.099132
            ],
            [
              120.85686,
              17.099105
            ],
            [
              120.856884,
              17.099079
            ],
            [
              120.85691,
              17.099056
            ],
            [
              120.856939,
              17.099036
            ],
            [
              120.856969,
              17.099018
            ],
            [
              120.857002,
              17.099004
            ],
            [
              120.857035,
              17.098992
            ],
            [
              120.85707,
              17.098984
            ],
            [
              120.857105,
              17.098979
            ],
            [
              120.857141,
              17.098977
            ],
            [
              120.857177,
              17.098979
            ],
            [
              120.857212,
              17.098984
            ],
            [
              120.857247,
              17.098992
            ],
            [
              120.85728,
              17.099004
            ],
            [
              120.857313,
              17.099018
            ],
            [
              120.857343,
              17.099036
            ],
            [
              120.857372,
              17.099056
            ],
            [
              120.857399,
              17.099079
            ],
            [
              120.857423,
              17.099105
            ],
            [
              120.857444,
              17.099132
            ],
            [
              120.857462,
              17.099161
            ],
            [
              120.857477,
              17.099192
            ],
            [
              120.857489,
              17.099224
            ],
            [
              120.857498,
              17.099257
            ],
            [
              120.857503,
              17.099291
            ],
            [
              120.857505,
              17.099325
            ],
            [
              120.857503,
              17.09936
            ],
            [
              120.857498,
              17.099393
            ],
            [
              120.857489,
              17.099426
            ],
            [
              120.857477,
              17.099459
            ],
            [
              120.857462,
              17.099489
            ],
            [
              120.857444,
              17.099519
            ],
            [
              120.857423,
              17.099546
            ],
            [
              120.857399,
              17.099572
            ],
            [
              120.857372,
              17.099594
            ],
            [
              120.857343,
              17.099615
            ],
            [
              120.857313,
              17.099632
            ],
            [
              120.85728,
              17.099647
            ],
            [
              120.857247,
              17.099658
            ],
            [
              120.857212,
              17.099667
            ],
            [
              120.857177,
              17.099672
            ],
            [
              120.857141,
              17.099673
            ]
          ]
        ]
      }
    },
    {
      "type": "Feature",
      "properties": {
        "classification": "R-7"
      },
      "geometry": {
        "type": "Polygon",
        "coordinates": [
          [
            [
              120.8035,
              17.08524
            ],
            [
              120.80365,
              17.085112
            ],
            [
              120.803733,
              17.085251
            ],
            [
              120.804051,
              17.085555
            ],
            [
              120.804052,
              17.085555
            ],
            [
              120.804154,
              17.085653
            ],
            [
              120.804183,
              17.085717
            ],
            [
              120.80424,
              17.085686
            ],
            [
              120.80454,
              17.085917
            ],
            [
              120.804599,
              17.085904
            ],
            [
              120.80461,
              17.085922
            ],
            [
              120.804916,
              17.08594
            ],
            [
              120.805034,
              17.085909
            ],
            [
              120.80524,
              17.085712
            ],
            [
              120.805337,
              17.085897
            ],
            [
              120.805203,
              17.08603
            ],
            [
              120.80512,
              17.085945
            ],
            [
              120.804696,
              17.086102
            ],
            [
              120.804521,
              17.086281
            ],
            [
              120.804398,
              17.08622
            ],
            [
              120.804355,
              17.08612
            ],
            [
              120.803518,
              17.085476
            ],
            [
              120.8035,
              17.08524
            ]
          ]
        ]
      }
    },
    {
      "type": "Feature",
      "properties": {
        "classification": "R-7",
        "road_carve_m": 3
      },
      "geometry": {
        "type": "Polygon",
        "coordinates": [
          [
            [
              120.802708,
              17.08345
            ],
            [
              120.802708,
              17.083451
            ],
            [
              120.802708,
              17.083451
            ],
            [
              120.802708,
              17.08345
            ]
          ]
        ]
      }
    },
    {
      "type": "Feature",
      "properties": {
        "classification": "R-7",
        "road_carve_m": 3
      },
      "geometry": {
        "type": "Polygon",
        "coordinates": [
          [
            [
              120.803541,
              17.084273
            ],
            [
              120.803582,
              17.08427
            ],
            [
              120.803693,
              17.084175
            ],
            [
              120.803699,
              17.084171
            ],
            [
              120.803726,
              17.084159
            ],
            [
              120.803699,
              17.084171
            ],
            [
              120.803693,
              17.084175
            ],
            [
              120.803582,
              17.08427
            ],
            [
              120.803542,
              17.084273
            ],
            [
              120.803541,
              17.084273
            ]
          ]
        ]
      }
    },
    {
      "type": "Feature",
      "properties": {
        "classification": "R-7",
        "road_carve_m": 3
      },
      "geometry": {
        "type": "Polygon",
        "coordinates": [
          [
            [
              120.803625,
              17.084306
            ],
            [
              120.803675,
              17.084263
            ],
            [
              120.803625,
              17.084307
            ],
            [
              120.803625,
              17.084306
            ]
          ]
        ]
      }
    },
    {
      "type": "Feature",
      "properties": {
        "classification": "R-7",
        "road_carve_m": 3
      },
      "geometry": {
        "type": "Polygon",
        "coordinates": [
          [
            [
              120.803776,
              17.084139
            ],
            [
              120.803776,
              17.084139
            ],
            [
              120.803781,
              17.084139
            ],
            [
              120.803832,
              17.084146
            ],
            [
              120.803781,
              17.084139
            ],
            [
              120.803776,
              17.084139
            ],
            [
              120.803776,
              17.084139
            ]
          ]
        ]
      }
    },
    {
      "type": "Feature",
      "properties": {
        "classification": "R-7",
        "road_carve_m": 3
      },
      "geometry": {
        "type": "Polygon",
        "coordinates": [
          [
            [
              120.803781,
              17.084194
            ],
            [
              120.803781,
              17.084194
            ],
            [
              120.803793,
              17.084196
            ],
            [
              120.803781,
              17.084194
            ]
          ]
        ]
      }
    },
    {
      "type": "Feature",
      "properties": {
        "classification": "R-7",
        "road_carve_m": 3
      },
      "geometry": {
        "type": "Polygon",
        "coordinates": [
          [
            [
              120.803795,
              17.084375
            ],
            [
              120.803803,
              17.08434
            ],
            [
              120.803795,
              17.084375
            ],
            [
              120.803795,
              17.084375
            ]
          ]
        ]
      }
    },
    {
      "type": "Feature",
      "properties": {
        "classification": "R-7",
        "road_carve_m": 3
      },
      "geometry": {
        "type": "Polygon",
        "coordinates": [
          [
            [
              120.803837,
              17.084147
            ],
            [
              120.803842,
              17.084148
            ],
            [
              120.803845,
              17.08415
            ],
            [
              120.803842,
              17.084148
            ],
            [
              120.803837,
              17.084147
            ]
          ]
        ]
      }
    },
    {
      "type": "Feature",
      "properties": {
        "classification": "R-7",
        "road_carve_m": 3
      },
      "geometry": {
        "type": "Polygon",
        "coordinates": [
          [
            [
              120.803847,
              17.084397
            ],
            [
              120.803849,
              17.084388
            ],
            [
              120.803847,
              17.084397
            ],
            [
              120.803847,
              17.084397
            ]
          ]
        ]
      }
    },
    {
      "type": "Feature",
      "properties": {
        "classification": "R-7",
        "road_carve_m": 3
      },
      "geometry": {
        "type": "Polygon",
        "coordinates": [
          [
            [
              120.803855,
              17.084158
            ],
            [
              120.803858,
              17.084162
            ],
            [
              120.803876,
              17.0842
            ],
            [
              120.803858,
              17.084162
            ],
            [
              120.803855,
              17.084158
            ]
          ]
        ]
      }
    },
    {
      "type": "Feature",
      "properties": {
        "classification": "R-7",
        "road_carve_m": 3
      },
      "geometry": {
        "type": "Polygon",
        "coordinates": [
          [
            [
              120.803874,
              17.084283
            ],
            [
              120.803875,
              17.084281
            ],
            [
              120.803882,
              17.084222
            ],
            [
              120.803882,
              17.084217
            ],
            [
              120.803881,
              17.084212
            ],
            [
              120.803881,
              17.084211
            ],
            [
              120.803881,
              17.084212
            ],
            [
              120.803882,
              17.084217
            ],
            [
              120.803882,
              17.084222
            ],
            [
              120.803875,
              17.084281
            ],
            [
              120.803874,
              17.084283
            ]
          ]
        ]
      }
    },
    {
      "type": "Feature",
      "properties": {
        "classification": "R-7",
        "road_carve_m": 3
      },
      "geometry": {
        "type": "Polygon",
        "coordinates": [
          [
            [
              120.804206,
              17.084434
            ],
            [
              120.804285,
              17.084314
            ],
            [
              120.804286,
              17.084313
            ],
            [
              120.804341,
              17.084223
            ],
            [
              120.804386,
              17.08417
            ],
            [
              120.804341,
              17.084223
            ],
            [
              120.804286,
              17.084313
            ],
            [
              120.804285,
              17.084314
            ],
            [
              120.804206,
              17.084434
            ]
          ]
        ]
      }
    },
    {
      "type": "Feature",
      "properties": {
        "classification": "R-7",
        "road_carve_m": 3
      },
      "geometry": {
        "type": "Polygon",
        "coordinates": [
          [
            [
              120.80262,
              17.082851
            ],
            [
              120.802671,
              17.08271
            ],
            [
              120.804173,
              17.082456
            ],
            [
              120.804366,
              17.082715
            ],
            [
              120.804779,
              17.083246
            ],
            [
              120.805246,
              17.083894
            ],
            [
              120.80534,
              17.084307
            ],
            [
              120.805689,
              17.084769
            ],
            [
              120.805686,
              17.084771
            ],
            [
              120.805385,
              17.084797
            ],
            [
              120.805283,
              17.084822
            ],
            [
              120.805278,
              17.084848
            ],
            [
              120.805221,
              17.084845
            ],
            [
              120.804935,
              17.085007
            ],
            [
              120.804921,
              17.085145
            ],
            [
              120.804838,
              17.085189
            ],
            [
              120.804715,
              17.085327
            ],
            [
              120.804666,
              17.085289
            ],
            [
              120.804594,
              17.085081
            ],
            [
              120.804441,
              17.084856
            ],
            [
              120.804484,
              17.084845
            ],
            [
              120.804444,
              17.084733
            ],
            [
              120.804411,
              17.084745
            ],
            [
              120.804369,
              17.084604
            ],
            [
              120.80454,
              17.084361
            ],
            [
              120.804717,
              17.084276
            ],
            [
              120.804605,
              17.084057
            ],
            [
              120.804612,
              17.084054
            ],
            [
              120.804616,
              17.084051
            ],
            [
              120.80462,
              17.084048
            ],
            [
              120.804621,
              17.084047
            ],
            [
              120.804624,
              17.084044
            ],
            [
              120.804626,
              17.084039
            ],
            [
              120.804627,
              17.084036
            ],
            [
              120.804627,
              17.084028
            ],
            [
              120.804626,
              17.084023
            ],
            [
              120.804626,
              17.084021
            ],
            [
              120.804625,
              17.084018
            ],
            [
              120.804622,
              17.084014
            ],
            [
              120.804618,
              17.08401
            ],
            [
              120.804613,
              17.084007
            ],
            [
              120.804608,
              17.084005
            ],
            [
              120.804605,
              17.084004
            ],
            [
              120.804603,
              17.084003
            ],
            [
              120.804597,
              17.084003
            ],
            [
              120.804592,
              17.084004
            ],
            [
              120.804587,
              17.084006
            ],
            [
              120.804369,
              17.084109
            ],
            [
              120.804364,
              17.084112
            ],
            [
              120.80436,
              17.084115
            ],
            [
              120.804316,
              17.084166
            ],
            [
              120.804296,
              17.08419
            ],
            [
              120.804295,
              17.084191
            ],
            [
              120.804293,
              17.084193
            ],
            [
              120.804239,
              17.084282
            ],
            [
              120.803996,
              17.083938
            ],
            [
              120.803765,
              17.083887
            ],
            [
              120.803505,
              17.084022
            ],
            [
              120.803159,
              17.084028
            ],
            [
              120.803154,
              17.083781
            ],
            [
              120.803057,
              17.083564
            ],
            [
              120.802915,
              17.083433
            ],
            [
              120.802695,
              17.083365
            ],
            [
              120.80262,
              17.082851
            ]
          ],
          [
            [
              120.80534,
              17.084307
            ],
            [
              120.805283,
              17.084333
            ],
            [
              120.805294,
              17.084356
            ],
            [
              120.804902,
              17.084507
            ],
            [
              120.804937,
              17.08462
            ],
            [
              120.805012,
              17.084802
            ],
            [
              120.805444,
              17.084638
            ],
            [
              120.805455,
              17.084489
            ],
            [
              120.80534,
              17.084307
            ]
          ]
        ]
      }
    },
    {
      "type": "Feature",
      "properties": {
        "classification": "R-6",
        "road_carve_m": 3
      },
      "geometry": {
        "type": "Polygon",
        "coordinates": [
          [
            [
              120.805836,
              17.085553
            ],
            [
              120.80586,
              17.085299
            ],
            [
              120.805922,
              17.085127
            ],
            [
              120.805914,
              17.085028
            ],
            [
              120.806111,
              17.084975
            ],
            [
              120.806229,
              17.085006
            ],
            [
              120.806279,
              17.085048
            ],
            [
              120.806285,
              17.085128
            ],
            [
              120.806112,
              17.085324
            ],
            [
              120.80611,
              17.085328
            ],
            [
              120.806107,
              17.085332
            ],
            [
              120.806106,
              17.085337
            ],
            [
              120.806083,
              17.08547
            ],
            [
              120.806082,
              17.085476
            ],
            [
              120.806083,
              17.085482
            ],
            [
              120.806085,
              17.085487
            ],
            [
              120.806089,
              17.085492
            ],
            [
              120.806182,
              17.085601
            ],
            [
              120.806185,
              17.085604
            ],
            [
              120.806189,
              17.085607
            ],
            [
              120.806349,
              17.085697
            ],
            [
              120.806353,
              17.085699
            ],
            [
              120.806358,
              17.0857
            ],
            [
              120.806368,
              17.0857
            ],
            [
              120.80651,
              17.085678
            ],
            [
              120.806488,
              17.085933
            ],
            [
              120.806155,
              17.085974
            ],
            [
              120.805836,
              17.085553
            ]
          ]
        ]
      }
    },
    {
      "type": "Feature",
      "properties": {
        "classification": "R-6",
        "road_carve_m": 3
      },
      "geometry": {
        "type": "Polygon",
        "coordinates": [
          [
            [
              120.807314,
              17.086081
            ],
            [
              120.807475,
              17.085881
            ],
            [
              120.807478,
              17.085884
            ],
            [
              120.807482,
              17.085888
            ],
            [
              120.807487,
              17.08589
            ],
            [
              120.807742,
              17.085974
            ],
            [
              120.807914,
              17.086042
            ],
            [
              120.807924,
              17.086061
            ],
            [
              120.80785,
              17.086281
            ],
            [
              120.807314,
              17.086081
            ]
          ]
        ]
      }
    },
    {
      "type": "Feature",
      "properties": {
        "classification": "R-7",
        "road_carve_m": 3
      },
      "geometry": {
        "type": "Polygon",
        "coordinates": [
          [
            [
              120.82706,
              17.08716
            ],
            [
              120.827417,
              17.086932
            ],
            [
              120.827631,
              17.087122
            ],
            [
              120.827744,
              17.087517
            ],
            [
              120.82805,
              17.087691
            ],
            [
              120.828283,
              17.087527
            ],
            [
              120.828305,
              17.08754
            ],
            [
              120.828309,
              17.087542
            ],
            [
              120.828314,
              17.087544
            ],
            [
              120.828318,
              17.087545
            ],
            [
              120.828414,
              17.08755
            ],
            [
              120.828418,
              17.08755
            ],
            [
              120.828493,
              17.087545
            ],
            [
              120.828568,
              17.087567
            ],
            [
              120.828573,
              17.087568
            ],
            [
              120.828579,
              17.087568
            ],
            [
              120.828584,
              17.087567
            ],
            [
              120.828589,
              17.087565
            ],
            [
              120.828594,
              17.087562
            ],
            [
              120.828598,
              17.087558
            ],
            [
              120.828601,
              17.087554
            ],
            [
              120.828603,
              17.087549
            ],
            [
              120.828604,
              17.087544
            ],
            [
              120.828604,
              17.087539
            ],
            [
              120.828603,
              17.087533
            ],
            [
              120.828601,
              17.087529
            ],
            [
              120.828598,
              17.087524
            ],
            [
              120.828594,
              17.08752
            ],
            [
              120.828589,
              17.087517
            ],
            [
              120.828584,
              17.087515
            ],
            [
              120.828504,
              17.087492
            ],
            [
              120.828499,
              17.087491
            ],
            [
              120.828494,
              17.087491
            ],
            [
              120.828416,
              17.087496
            ],
            [
              120.828333,
              17.087491
            ],
            [
              120.829053,
              17.086984
            ],
            [
              120.829375,
              17.087137
            ],
            [
              120.829675,
              17.086666
            ],
            [
              120.829884,
              17.086963
            ],
            [
              120.830356,
              17.087727
            ],
            [
              120.830249,
              17.087989
            ],
            [
              120.829434,
              17.088496
            ],
            [
              120.828903,
              17.088563
            ],
            [
              120.828731,
              17.088845
            ],
            [
              120.828527,
              17.088891
            ],
            [
              120.828409,
              17.088696
            ],
            [
              120.828217,
              17.088685
            ],
            [
              120.828154,
              17.088658
            ],
            [
              120.828026,
              17.088409
            ],
            [
              120.827798,
              17.088471
            ],
            [
              120.827709,
              17.088494
            ],
            [
              120.827672,
              17.088637
            ],
            [
              120.827687,
              17.088578
            ],
            [
              120.827723,
              17.08825
            ],
            [
              120.827495,
              17.088035
            ],
            [
              120.827183,
              17.087912
            ],
            [
              120.82721,
              17.087307
            ],
            [
              120.82706,
              17.08716
            ]
          ]
        ]
      }
    },
    {
      "type": "Feature",
      "properties": {
        "classification": "R-7",
        "source": "circle",
        "radius_m": 112.65
      },
      "geometry": {
        "type": "Polygon",
        "coordinates": [
          [
            [
              120.805213,
              17.095026
            ],
            [
              120.80511,
              17.095022
            ],
            [
              120.805007,
              17.095007
            ],
            [
              120.804906,
              17.094983
            ],
            [
              120.804808,
              17.094949
            ],
            [
              120.804714,
              17.094907
            ],
            [
              120.804625,
              17.094856
            ],
            [
              120.804541,
              17.094797
            ],
            [
              120.804464,
              17.09473
            ],
            [
              120.804394,
              17.094656
            ],
            [
              120.804332,
              17.094576
            ],
            [
              120.804279,
              17.094491
            ],
            [
              120.804234,
              17.094401
            ],
            [
              120.804199,
              17.094307
            ],
            [
              120.804174,
              17.094211
            ],
            [
              120.804159,
              17.094113
            ],
            [
              120.804154,
              17.094013
            ],
            [
              120.804159,
              17.093914
            ],
            [
              120.804174,
              17.093816
            ],
            [
              120.804199,
              17.093719
            ],
            [
              120.804234,
              17.093626
            ],
            [
              120.804279,
              17.093536
            ],
            [
              120.804332,
              17.093451
            ],
            [
              120.804394,
              17.093371
            ],
            [
              120.804464,
              17.093297
            ],
            [
              120.804541,
              17.09323
            ],
            [
              120.804625,
              17.093171
            ],
            [
              120.804714,
              17.09312
            ],
            [
              120.804808,
              17.093077
            ],
            [
              120.804906,
              17.093044
            ],
            [
              120.805007,
              17.09302
            ],
            [
              120.80511,
              17.093005
            ],
            [
              120.805213,
              17.093
            ],
            [
              120.805317,
              17.093005
            ],
            [
              120.80542,
              17.09302
            ],
            [
              120.805521,
              17.093044
            ],
            [
              120.805619,
              17.093077
            ],
            [
              120.805713,
              17.09312
            ],
            [
              120.805802,
              17.093171
            ],
            [
              120.805886,
              17.09323
            ],
            [
              120.805963,
              17.093297
            ],
            [
              120.806033,
              17.093371
            ],
            [
              120.806095,
              17.093451
            ],
            [
              120.806148,
              17.093536
            ],
            [
              120.806193,
              17.093626
            ],
            [
              120.806228,
              17.093719
            ],
            [
              120.806253,
              17.093816
            ],
            [
              120.806268,
              17.093914
            ],
            [
              120.806273,
              17.094013
            ],
            [
              120.806268,
              17.094113
            ],
            [
              120.806253,
              17.094211
            ],
            [
              120.806228,
              17.094307
            ],
            [
              120.806193,
              17.094401
            ],
            [
              120.806148,
              17.094491
            ],
            [
              120.806095,
              17.094576
            ],
            [
              120.806033,
              17.094656
            ],
            [
              120.805963,
              17.09473
            ],
            [
              120.805886,
              17.094797
            ],
            [
              120.805802,
              17.094856
            ],
            [
              120.805713,
              17.094907
            ],
            [
              120.805619,
              17.094949
            ],
            [
              120.805521,
              17.094983
            ],
            [
              120.80542,
              17.095007
            ],
            [
              120.805317,
              17.095022
            ],
            [
              120.805213,
              17.095026
            ]
          ]
        ]
      }
    },
    {
      "type": "Feature",
      "properties": {
        "classification": "C-2",
        "road_carve_m": 3
      },
      "geometry": {
        "type": "Polygon",
        "coordinates": [
          [
            [
              120.862514,
              17.085002
            ],
            [
              120.862518,
              17.084955
            ],
            [
              120.862539,
              17.084907
            ],
            [
              120.862584,
              17.08483
            ],
            [
              120.862801,
              17.084496
            ],
            [
              120.862875,
              17.08441
            ],
            [
              120.862964,
              17.084333
            ],
            [
              120.863073,
              17.084263
            ],
            [
              120.863168,
              17.084221
            ],
            [
              120.863169,
              17.08422
            ],
            [
              120.863239,
              17.084188
            ],
            [
              120.863312,
              17.084183
            ],
            [
              120.863376,
              17.084189
            ],
            [
              120.863465,
              17.084218
            ],
            [
              120.863587,
              17.084264
            ],
            [
              120.863589,
              17.084265
            ],
            [
              120.863663,
              17.084288
            ],
            [
              120.86367,
              17.08429
            ],
            [
              120.863778,
              17.084297
            ],
            [
              120.863877,
              17.084304
            ],
            [
              120.863881,
              17.084304
            ],
            [
              120.8641,
              17.084288
            ],
            [
              120.864101,
              17.084288
            ],
            [
              120.864304,
              17.084266
            ],
            [
              120.864524,
              17.084257
            ],
            [
              120.864524,
              17.084266
            ],
            [
              120.864458,
              17.084298
            ],
            [
              120.864437,
              17.08432
            ],
            [
              120.864437,
              17.084341
            ],
            [
              120.864458,
              17.084363
            ],
            [
              120.864501,
              17.084491
            ],
            [
              120.864565,
              17.084534
            ],
            [
              120.864587,
              17.084534
            ],
            [
              120.864544,
              17.084577
            ],
            [
              120.864544,
              17.084599
            ],
            [
              120.864522,
              17.08462
            ],
            [
              120.864522,
              17.084663
            ],
            [
              120.864544,
              17.084684
            ],
            [
              120.864501,
              17.08477
            ],
            [
              120.86448,
              17.08477
            ],
            [
              120.864458,
              17.084835
            ],
            [
              120.86448,
              17.084877
            ],
            [
              120.864541,
              17.084885
            ],
            [
              120.864594,
              17.084911
            ],
            [
              120.864663,
              17.084932
            ],
            [
              120.864703,
              17.084962
            ],
            [
              120.86472,
              17.084985
            ],
            [
              120.86473,
              17.085002
            ],
            [
              120.86479,
              17.085053
            ],
            [
              120.864851,
              17.085088
            ],
            [
              120.864878,
              17.085099
            ],
            [
              120.864938,
              17.085148
            ],
            [
              120.864783,
              17.085122
            ],
            [
              120.86468,
              17.085062
            ],
            [
              120.864544,
              17.084957
            ],
            [
              120.864541,
              17.084954
            ],
            [
              120.86446,
              17.084909
            ],
            [
              120.864455,
              17.084907
            ],
            [
              120.864449,
              17.084906
            ],
            [
              120.864319,
              17.084892
            ],
            [
              120.864315,
              17.084892
            ],
            [
              120.864178,
              17.084897
            ],
            [
              120.864039,
              17.084887
            ],
            [
              120.863961,
              17.084869
            ],
            [
              120.863879,
              17.084844
            ],
            [
              120.863874,
              17.084843
            ],
            [
              120.863742,
              17.08483
            ],
            [
              120.863738,
              17.08483
            ],
            [
              120.863551,
              17.08484
            ],
            [
              120.863547,
              17.084841
            ],
            [
              120.863542,
              17.084842
            ],
            [
              120.863346,
              17.084918
            ],
            [
              120.863245,
              17.084949
            ],
            [
              120.863148,
              17.084962
            ],
            [
              120.863035,
              17.084972
            ],
            [
              120.863028,
              17.084974
            ],
            [
              120.862977,
              17.084993
            ],
            [
              120.86297,
              17.084997
            ],
            [
              120.86293,
              17.085025
            ],
            [
              120.862926,
              17.085028
            ],
            [
              120.862923,
              17.085032
            ],
            [
              120.862871,
              17.08511
            ],
            [
              120.862868,
              17.085114
            ],
            [
              120.862867,
              17.085119
            ],
            [
              120.862866,
              17.085124
            ],
            [
              120.862864,
              17.085174
            ],
            [
              120.862784,
              17.085205
            ],
            [
              120.862779,
              17.085207
            ],
            [
              120.862658,
              17.085282
            ],
            [
              120.862627,
              17.085287
            ],
            [
              120.862603,
              17.085275
            ],
            [
              120.86257,
              17.085236
            ],
            [
              120.862547,
              17.085193
            ],
            [
              120.862524,
              17.085111
            ],
            [
              120.862515,
              17.085053
            ],
            [
              120.862514,
              17.085002
            ]
          ]
        ]
      }
    },
    {
      "type": "Feature",
      "properties": {
        "classification": "C-2",
        "road_carve_m": 3
      },
      "geometry": {
        "type": "Polygon",
        "coordinates": [
          [
            [
              120.862221,
              17.084866
            ],
            [
              120.862629,
              17.08423
            ],
            [
              120.862945,
              17.083999
            ],
            [
              120.863192,
              17.083892
            ],
            [
              120.863455,
              17.083881
            ],
            [
              120.863723,
              17.083994
            ],
            [
              120.864544,
              17.083955
            ],
            [
              120.864522,
              17.084019
            ],
            [
              120.86448,
              17.084062
            ],
            [
              120.86448,
              17.084126
            ],
            [
              120.864521,
              17.084203
            ],
            [
              120.864301,
              17.084212
            ],
            [
              120.864299,
              17.084212
            ],
            [
              120.864095,
              17.084234
            ],
            [
              120.863879,
              17.08425
            ],
            [
              120.863782,
              17.084243
            ],
            [
              120.863677,
              17.084236
            ],
            [
              120.863607,
              17.084214
            ],
            [
              120.863485,
              17.084167
            ],
            [
              120.863483,
              17.084167
            ],
            [
              120.863391,
              17.084137
            ],
            [
              120.863384,
              17.084135
            ],
            [
              120.863315,
              17.08413
            ],
            [
              120.863311,
              17.084129
            ],
            [
              120.86323,
              17.084135
            ],
            [
              120.863224,
              17.084135
            ],
            [
              120.863219,
              17.084137
            ],
            [
              120.863144,
              17.084172
            ],
            [
              120.863047,
              17.084215
            ],
            [
              120.863044,
              17.084217
            ],
            [
              120.862931,
              17.084289
            ],
            [
              120.862928,
              17.084292
            ],
            [
              120.862836,
              17.084372
            ],
            [
              120.862833,
              17.084374
            ],
            [
              120.862756,
              17.084463
            ],
            [
              120.862754,
              17.084466
            ],
            [
              120.862536,
              17.084802
            ],
            [
              120.862535,
              17.084803
            ],
            [
              120.862489,
              17.084882
            ],
            [
              120.862487,
              17.084885
            ],
            [
              120.862465,
              17.084938
            ],
            [
              120.862463,
              17.084941
            ],
            [
              120.862463,
              17.084945
            ],
            [
              120.862457,
              17.084999
            ],
            [
              120.862457,
              17.085002
            ],
            [
              120.862458,
              17.085056
            ],
            [
              120.862459,
              17.08506
            ],
            [
              120.862469,
              17.085121
            ],
            [
              120.862469,
              17.085123
            ],
            [
              120.862494,
              17.08521
            ],
            [
              120.862496,
              17.085215
            ],
            [
              120.86252,
              17.085263
            ],
            [
              120.862524,
              17.085268
            ],
            [
              120.862563,
              17.085313
            ],
            [
              120.862567,
              17.085317
            ],
            [
              120.862572,
              17.08532
            ],
            [
              120.862609,
              17.085338
            ],
            [
              120.862614,
              17.085341
            ],
            [
              120.86262,
              17.085342
            ],
            [
              120.862626,
              17.085341
            ],
            [
              120.862672,
              17.085335
            ],
            [
              120.862678,
              17.085333
            ],
            [
              120.862683,
              17.085331
            ],
            [
              120.862808,
              17.085254
            ],
            [
              120.862877,
              17.085227
            ],
            [
              120.862848,
              17.085511
            ],
            [
              120.862731,
              17.085589
            ],
            [
              120.862581,
              17.085599
            ],
            [
              120.862377,
              17.085502
            ],
            [
              120.862285,
              17.085343
            ],
            [
              120.862226,
              17.085153
            ],
            [
              120.862221,
              17.084866
            ]
          ]
        ]
      }
    },
    {
      "type": "Feature",
      "properties": {
        "classification": "R-3",
        "road_carve_m": 3
      },
      "geometry": {
        "type": "Polygon",
        "coordinates": [
          [
            [
              120.8623,
              17.087109
            ],
            [
              120.862543,
              17.086912
            ],
            [
              120.862902,
              17.086584
            ],
            [
              120.862994,
              17.086338
            ],
            [
              120.862945,
              17.086112
            ],
            [
              120.862978,
              17.085866
            ],
            [
              120.863031,
              17.085712
            ],
            [
              120.862854,
              17.085507
            ],
            [
              120.862848,
              17.085511
            ],
            [
              120.862877,
              17.085227
            ],
            [
              120.862884,
              17.085224
            ],
            [
              120.86298,
              17.085313
            ],
            [
              120.862982,
              17.085315
            ],
            [
              120.862983,
              17.085316
            ],
            [
              120.863166,
              17.085468
            ],
            [
              120.863179,
              17.085486
            ],
            [
              120.863264,
              17.085599
            ],
            [
              120.863288,
              17.085706
            ],
            [
              120.863263,
              17.08583
            ],
            [
              120.863211,
              17.085973
            ],
            [
              120.86321,
              17.085976
            ],
            [
              120.863209,
              17.085982
            ],
            [
              120.863197,
              17.086081
            ],
            [
              120.863197,
              17.086086
            ],
            [
              120.863202,
              17.086148
            ],
            [
              120.863207,
              17.086217
            ],
            [
              120.863208,
              17.08622
            ],
            [
              120.863208,
              17.086221
            ],
            [
              120.863234,
              17.086325
            ],
            [
              120.863231,
              17.086388
            ],
            [
              120.863231,
              17.086393
            ],
            [
              120.863178,
              17.086554
            ],
            [
              120.863161,
              17.086605
            ],
            [
              120.86311,
              17.086721
            ],
            [
              120.863022,
              17.086811
            ],
            [
              120.86288,
              17.086917
            ],
            [
              120.862879,
              17.086918
            ],
            [
              120.862863,
              17.086931
            ],
            [
              120.862779,
              17.087003
            ],
            [
              120.862776,
              17.087007
            ],
            [
              120.862775,
              17.087008
            ],
            [
              120.862727,
              17.087075
            ],
            [
              120.862669,
              17.087125
            ],
            [
              120.862652,
              17.08714
            ],
            [
              120.862633,
              17.087153
            ],
            [
              120.862544,
              17.087217
            ],
            [
              120.862542,
              17.087219
            ],
            [
              120.862541,
              17.087219
            ],
            [
              120.862524,
              17.087234
            ],
            [
              120.862511,
              17.087246
            ],
            [
              120.8623,
              17.087109
            ]
          ]
        ]
      }
    },
    {
      "type": "Feature",
      "properties": {
        "classification": "INSTITUTIONAL"
      },
      "geometry": {
        "type": "Polygon",
        "coordinates": [
          [
            [
              120.863385,
              17.085286
            ],
            [
              120.863683,
              17.085199
            ],
            [
              120.86371,
              17.085292
            ],
            [
              120.863417,
              17.085366
            ],
            [
              120.863385,
              17.085286
            ]
          ]
        ]
      }
    },
    {
      "type": "Feature",
      "properties": {
        "classification": "R-3"
      },
      "geometry": {
        "type": "Polygon",
        "coordinates": [
          [
            [
              120.863364,
              17.08521
            ],
            [
              120.863686,
              17.085127
            ],
            [
              120.863981,
              17.085184
            ],
            [
              120.864329,
              17.085189
            ],
            [
              120.864689,
              17.085404
            ],
            [
              120.864927,
              17.085438
            ],
            [
              120.865134,
              17.085444
            ],
            [
              120.865182,
              17.085499
            ],
            [
              120.865256,
              17.085567
            ],
            [
              120.865286,
              17.085626
            ],
            [
              120.865317,
              17.085688
            ],
            [
              120.865371,
              17.08579
            ],
            [
              120.8654,
              17.085838
            ],
            [
              120.865295,
              17.085861
            ],
            [
              120.86456,
              17.085994
            ],
            [
              120.86345,
              17.086194
            ],
            [
              120.863482,
              17.086102
            ],
            [
              120.863594,
              17.085748
            ],
            [
              120.863541,
              17.085445
            ],
            [
              120.863471,
              17.085352
            ],
            [
              120.86371,
              17.085292
            ],
            [
              120.863683,
              17.085199
            ],
            [
              120.863415,
              17.085277
            ],
            [
              120.863364,
              17.08521
            ]
          ]
        ]
      }
    },
    {
      "type": "Feature",
      "properties": {
        "classification": "C-2",
        "road_carve_m": 3
      },
      "geometry": {
        "type": "Polygon",
        "coordinates": [
          [
            [
              120.862589,
              17.087252
            ],
            [
              120.862687,
              17.087182
            ],
            [
              120.862689,
              17.087181
            ],
            [
              120.862767,
              17.087113
            ],
            [
              120.862768,
              17.087111
            ],
            [
              120.862771,
              17.087108
            ],
            [
              120.862819,
              17.087041
            ],
            [
              120.862883,
              17.086987
            ],
            [
              120.862916,
              17.086959
            ],
            [
              120.863059,
              17.086852
            ],
            [
              120.86306,
              17.086851
            ],
            [
              120.863062,
              17.086849
            ],
            [
              120.863099,
              17.086811
            ],
            [
              120.863155,
              17.086755
            ],
            [
              120.863158,
              17.086751
            ],
            [
              120.86316,
              17.086747
            ],
            [
              120.863213,
              17.086625
            ],
            [
              120.863214,
              17.086624
            ],
            [
              120.863214,
              17.086623
            ],
            [
              120.863283,
              17.086415
            ],
            [
              120.863286,
              17.086406
            ],
            [
              120.863287,
              17.086399
            ],
            [
              120.86329,
              17.086323
            ],
            [
              120.863289,
              17.086316
            ],
            [
              120.863263,
              17.086211
            ],
            [
              120.863253,
              17.086084
            ],
            [
              120.863264,
              17.085991
            ],
            [
              120.863317,
              17.085846
            ],
            [
              120.863318,
              17.085844
            ],
            [
              120.863319,
              17.085842
            ],
            [
              120.863345,
              17.085711
            ],
            [
              120.863345,
              17.0857
            ],
            [
              120.863332,
              17.085643
            ],
            [
              120.863318,
              17.085582
            ],
            [
              120.863317,
              17.085579
            ],
            [
              120.863317,
              17.085577
            ],
            [
              120.863314,
              17.085572
            ],
            [
              120.86321,
              17.085434
            ],
            [
              120.863209,
              17.085433
            ],
            [
              120.863205,
              17.085429
            ],
            [
              120.863021,
              17.085276
            ],
            [
              120.862969,
              17.085227
            ],
            [
              120.86292,
              17.085182
            ],
            [
              120.862921,
              17.085152
            ],
            [
              120.862922,
              17.085133
            ],
            [
              120.862965,
              17.08507
            ],
            [
              120.862968,
              17.085065
            ],
            [
              120.863001,
              17.085042
            ],
            [
              120.863016,
              17.085037
            ],
            [
              120.863045,
              17.085026
            ],
            [
              120.863154,
              17.085016
            ],
            [
              120.863156,
              17.085016
            ],
            [
              120.863255,
              17.085002
            ],
            [
              120.86326,
              17.085001
            ],
            [
              120.863364,
              17.084969
            ],
            [
              120.863366,
              17.084968
            ],
            [
              120.863397,
              17.084956
            ],
            [
              120.863559,
              17.084894
            ],
            [
              120.863693,
              17.084887
            ],
            [
              120.863739,
              17.084884
            ],
            [
              120.863865,
              17.084896
            ],
            [
              120.863945,
              17.084921
            ],
            [
              120.863947,
              17.084922
            ],
            [
              120.864028,
              17.08494
            ],
            [
              120.864032,
              17.08494
            ],
            [
              120.864087,
              17.084944
            ],
            [
              120.864176,
              17.084951
            ],
            [
              120.864179,
              17.084951
            ],
            [
              120.864315,
              17.084946
            ],
            [
              120.864437,
              17.084959
            ],
            [
              120.86451,
              17.085
            ],
            [
              120.864645,
              17.085105
            ],
            [
              120.864648,
              17.085106
            ],
            [
              120.864649,
              17.085107
            ],
            [
              120.864691,
              17.085132
            ],
            [
              120.864758,
              17.085171
            ],
            [
              120.864761,
              17.085172
            ],
            [
              120.864763,
              17.085173
            ],
            [
              120.864764,
              17.085174
            ],
            [
              120.864768,
              17.085175
            ],
            [
              120.864875,
              17.085193
            ],
            [
              120.864916,
              17.0852
            ],
            [
              120.864917,
              17.0852
            ],
            [
              120.86492,
              17.085201
            ],
            [
              120.864949,
              17.085202
            ],
            [
              120.865016,
              17.085242
            ],
            [
              120.86502,
              17.085293
            ],
            [
              120.865134,
              17.085444
            ],
            [
              120.864927,
              17.085438
            ],
            [
              120.864689,
              17.085404
            ],
            [
              120.864329,
              17.085189
            ],
            [
              120.863981,
              17.085184
            ],
            [
              120.863686,
              17.085127
            ],
            [
              120.863364,
              17.08521
            ],
            [
              120.863415,
              17.085277
            ],
            [
              120.863385,
              17.085286
            ],
            [
              120.863417,
              17.085366
            ],
            [
              120.863471,
              17.085352
            ],
            [
              120.863541,
              17.085445
            ],
            [
              120.863594,
              17.085748
            ],
            [
              120.863482,
              17.086102
            ],
            [
              120.86345,
              17.086194
            ],
            [
              120.863439,
              17.086363
            ],
            [
              120.863278,
              17.086937
            ],
            [
              120.862791,
              17.087242
            ],
            [
              120.862589,
              17.087252
            ]
          ]
        ]
      }
    },
    {
      "type": "Feature",
      "properties": {
        "classification": "C-3",
        "road_carve_m": 3
      },
      "geometry": {
        "type": "Polygon",
        "coordinates": [
          [
            [
              120.867138,
              17.120597
            ],
            [
              120.867148,
              17.120492
            ],
            [
              120.867419,
              17.120144
            ],
            [
              120.867462,
              17.120133
            ],
            [
              120.867505,
              17.120021
            ],
            [
              120.867537,
              17.120003
            ],
            [
              120.867805,
              17.120223
            ],
            [
              120.867776,
              17.120244
            ],
            [
              120.868157,
              17.120474
            ],
            [
              120.86816,
              17.120528
            ],
            [
              120.867951,
              17.120663
            ],
            [
              120.867851,
              17.120609
            ],
            [
              120.867577,
              17.120392
            ],
            [
              120.867572,
              17.120389
            ],
            [
              120.867567,
              17.120387
            ],
            [
              120.867562,
              17.120386
            ],
            [
              120.867556,
              17.120386
            ],
            [
              120.867551,
              17.120387
            ],
            [
              120.867546,
              17.120389
            ],
            [
              120.867541,
              17.120392
            ],
            [
              120.867537,
              17.120396
            ],
            [
              120.867534,
              17.1204
            ],
            [
              120.867532,
              17.120405
            ],
            [
              120.867531,
              17.12041
            ],
            [
              120.867531,
              17.120416
            ],
            [
              120.867532,
              17.120421
            ],
            [
              120.867534,
              17.120426
            ],
            [
              120.867537,
              17.12043
            ],
            [
              120.867541,
              17.120434
            ],
            [
              120.867817,
              17.120652
            ],
            [
              120.867821,
              17.120654
            ],
            [
              120.867905,
              17.1207
            ],
            [
              120.867819,
              17.120777
            ],
            [
              120.867958,
              17.121159
            ],
            [
              120.86773,
              17.120882
            ],
            [
              120.867392,
              17.12062
            ],
            [
              120.867138,
              17.120597
            ]
          ]
        ]
      }
    },
    {
      "type": "Feature",
      "properties": {
        "classification": "C-3",
        "road_carve_m": 3
      },
      "geometry": {
        "type": "Polygon",
        "coordinates": [
          [
            [
              120.868886,
              17.122504
            ],
            [
              120.869238,
              17.122271
            ],
            [
              120.869511,
              17.122328
            ],
            [
              120.869662,
              17.121894
            ],
            [
              120.869943,
              17.121479
            ],
            [
              120.870137,
              17.121613
            ],
            [
              120.869898,
              17.121973
            ],
            [
              120.869895,
              17.121978
            ],
            [
              120.869801,
              17.122242
            ],
            [
              120.8698,
              17.122247
            ],
            [
              120.8698,
              17.122252
            ],
            [
              120.869801,
              17.122257
            ],
            [
              120.869802,
              17.122262
            ],
            [
              120.869898,
              17.122462
            ],
            [
              120.869846,
              17.122553
            ],
            [
              120.86965,
              17.12261
            ],
            [
              120.869285,
              17.122527
            ],
            [
              120.869279,
              17.122526
            ],
            [
              120.869273,
              17.122526
            ],
            [
              120.869267,
              17.122528
            ],
            [
              120.869262,
              17.122531
            ],
            [
              120.869157,
              17.122598
            ],
            [
              120.869153,
              17.122601
            ],
            [
              120.86915,
              17.122605
            ],
            [
              120.869147,
              17.122609
            ],
            [
              120.869146,
              17.122614
            ],
            [
              120.869145,
              17.122619
            ],
            [
              120.869145,
              17.122624
            ],
            [
              120.869167,
              17.122773
            ],
            [
              120.869167,
              17.123033
            ],
            [
              120.869168,
              17.123035
            ],
            [
              120.869076,
              17.12309
            ],
            [
              120.868911,
              17.122804
            ],
            [
              120.868886,
              17.122504
            ]
          ]
        ]
      }
    },
    {
      "type": "Feature",
      "properties": {
        "classification": "R-6",
        "road_carve_m": 3
      },
      "geometry": {
        "type": "Polygon",
        "coordinates": [
          [
            [
              120.869858,
              17.12225
            ],
            [
              120.869948,
              17.121999
            ],
            [
              120.870183,
              17.121644
            ],
            [
              120.870383,
              17.121782
            ],
            [
              120.870163,
              17.122097
            ],
            [
              120.870128,
              17.122235
            ],
            [
              120.870246,
              17.122481
            ],
            [
              120.870187,
              17.122558
            ],
            [
              120.869946,
              17.122494
            ],
            [
              120.869956,
              17.122452
            ],
            [
              120.869858,
              17.12225
            ]
          ]
        ]
      }
    },
    {
      "type": "Feature",
      "properties": {
        "classification": "R-7"
      },
      "geometry": {
        "type": "Polygon",
        "coordinates": [
          [
            [
              120.869273,
              17.124417
            ],
            [
              120.869442,
              17.124022
            ],
            [
              120.869924,
              17.124627
            ],
            [
              120.869592,
              17.124819
            ],
            [
              120.869273,
              17.124417
            ]
          ]
        ]
      }
    },
    {
      "type": "Feature",
      "properties": {
        "classification": "INSTITUTIONAL"
      },
      "geometry": {
        "type": "Polygon",
        "coordinates": [
          [
            [
              120.868275,
              17.119403
            ],
            [
              120.86821,
              17.119267
            ],
            [
              120.868253,
              17.119154
            ],
            [
              120.868371,
              17.119103
            ],
            [
              120.8685,
              17.119159
            ],
            [
              120.86857,
              17.119277
            ],
            [
              120.868591,
              17.119403
            ],
            [
              120.868275,
              17.119403
            ]
          ]
        ]
      }
    },
    {
      "type": "Feature",
      "properties": {
        "classification": "INSTITUTIONAL"
      },
      "geometry": {
        "type": "Polygon",
        "coordinates": [
          [
            [
              120.868178,
              17.119477
            ],
            [
              120.868213,
              17.119413
            ],
            [
              120.868079,
              17.119357
            ],
            [
              120.868052,
              17.119434
            ],
            [
              120.868178,
              17.119477
            ]
          ]
        ]
      }
    },
    {
      "type": "Feature",
      "properties": {
        "classification": "R-7"
      },
      "geometry": {
        "type": "Polygon",
        "coordinates": [
          [
            [
              120.865349,
              17.120884
            ],
            [
              120.865896,
              17.120305
            ],
            [
              120.867145,
              17.120522
            ],
            [
              120.867138,
              17.120597
            ],
            [
              120.867392,
              17.12062
            ],
            [
              120.867669,
              17.120835
            ],
            [
              120.867958,
              17.121159
            ],
            [
              120.868106,
              17.121474
            ],
            [
              120.868734,
              17.122479
            ],
            [
              120.869077,
              17.122238
            ],
            [
              120.869146,
              17.122332
            ],
            [
              120.868886,
              17.122504
            ],
            [
              120.868911,
              17.122804
            ],
            [
              120.868929,
              17.12315
            ],
            [
              120.869002,
              17.123212
            ],
            [
              120.869007,
              17.123425
            ],
            [
              120.868731,
              17.123953
            ],
            [
              120.867725,
              17.123068
            ],
            [
              120.866743,
              17.122981
            ],
            [
              120.866159,
              17.122197
            ],
            [
              120.866421,
              17.12171
            ],
            [
              120.865349,
              17.120884
            ]
          ]
        ]
      }
    },
    {
      "type": "Feature",
      "properties": {
        "classification": "R-7",
        "road_carve_m": 3
      },
      "geometry": {
        "type": "MultiPolygon",
        "coordinates": [
          [
            [
              [
                120.865386,
                17.119275
              ],
              [
                120.866336,
                17.119434
              ],
              [
                120.866856,
                17.119592
              ],
              [
                120.867108,
                17.119495
              ],
              [
                120.867317,
                17.119254
              ],
              [
                120.867714,
                17.119336
              ],
              [
                120.868487,
                17.119023
              ],
              [
                120.868723,
                17.119526
              ],
              [
                120.868707,
                17.119833
              ],
              [
                120.868406,
                17.120054
              ],
              [
                120.86816,
                17.120528
              ],
              [
                120.868157,
                17.120474
              ],
              [
                120.867776,
                17.120244
              ],
              [
                120.867805,
                17.120223
              ],
              [
                120.867537,
                17.120003
              ],
              [
                120.867505,
                17.120021
              ],
              [
                120.867462,
                17.120133
              ],
              [
                120.867419,
                17.120144
              ],
              [
                120.867148,
                17.120492
              ],
              [
                120.867145,
                17.120522
              ],
              [
                120.865896,
                17.120305
              ],
              [
                120.865461,
                17.119854
              ],
              [
                120.865386,
                17.119275
              ]
            ]
          ],
          [
            [
              [
                120.868052,
                17.119434
              ],
              [
                120.868178,
                17.119477
              ],
              [
                120.868213,
                17.119413
              ],
              [
                120.868079,
                17.119357
              ],
              [
                120.868052,
                17.119434
              ]
            ]
          ],
          [
            [
              [
                120.86821,
                17.119267
              ],
              [
                120.868275,
                17.119403
              ],
              [
                120.868591,
                17.119403
              ],
              [
                120.86857,
                17.119277
              ],
              [
                120.8685,
                17.119159
              ],
              [
                120.868371,
                17.119103
              ],
              [
                120.868253,
                17.119154
              ],
              [
                120.86821,
                17.119267
              ]
            ]
          ]
        ]
      }
    },
    {
      "type": "Feature",
      "properties": {
        "classification": "INSTITUTIONAL"
      },
      "geometry": {
        "type": "Polygon",
        "coordinates": [
          [
            [
              120.845253,
              17.120274
            ],
            [
              120.844905,
              17.120105
            ],
            [
              120.845082,
              17.119813
            ],
            [
              120.845393,
              17.120023
            ],
            [
              120.845253,
              17.120274
            ]
          ]
        ]
      }
    },
    {
      "type": "Feature",
      "properties": {
        "classification": "C-3",
        "road_carve_m": 3
      },
      "geometry": {
        "type": "Polygon",
        "coordinates": [
          [
            [
              120.844153,
              17.11815
            ],
            [
              120.84428,
              17.117816
            ],
            [
              120.844524,
              17.117952
            ],
            [
              120.844975,
              17.118147
            ],
            [
              120.845307,
              17.118536
            ],
            [
              120.845307,
              17.11869
            ],
            [
              120.845114,
              17.119039
            ],
            [
              120.844862,
              17.119208
            ],
            [
              120.844808,
              17.119659
            ],
            [
              120.845152,
              17.119746
            ],
            [
              120.845128,
              17.119844
            ],
            [
              120.845082,
              17.119813
            ],
            [
              120.84499,
              17.119965
            ],
            [
              120.844922,
              17.119974
            ],
            [
              120.844909,
              17.119971
            ],
            [
              120.84493,
              17.119968
            ],
            [
              120.844935,
              17.119966
            ],
            [
              120.84494,
              17.119964
            ],
            [
              120.844945,
              17.119961
            ],
            [
              120.844949,
              17.119957
            ],
            [
              120.844951,
              17.119953
            ],
            [
              120.844953,
              17.119948
            ],
            [
              120.844954,
              17.119942
            ],
            [
              120.844954,
              17.119937
            ],
            [
              120.844953,
              17.119932
            ],
            [
              120.84495,
              17.119927
            ],
            [
              120.844947,
              17.119923
            ],
            [
              120.844943,
              17.119919
            ],
            [
              120.844938,
              17.119917
            ],
            [
              120.844933,
              17.119915
            ],
            [
              120.844927,
              17.119914
            ],
            [
              120.844922,
              17.119914
            ],
            [
              120.844645,
              17.119953
            ],
            [
              120.844635,
              17.119938
            ],
            [
              120.84462,
              17.119916
            ],
            [
              120.844603,
              17.119893
            ],
            [
              120.844562,
              17.11979
            ],
            [
              120.844534,
              17.119718
            ],
            [
              120.844504,
              17.119643
            ],
            [
              120.844503,
              17.119631
            ],
            [
              120.844493,
              17.119478
            ],
            [
              120.844562,
              17.11922
            ],
            [
              120.844563,
              17.119213
            ],
            [
              120.844563,
              17.119104
            ],
            [
              120.844883,
              17.118887
            ],
            [
              120.844888,
              17.118883
            ],
            [
              120.844889,
              17.118882
            ],
            [
              120.84489,
              17.11888
            ],
            [
              120.844891,
              17.118879
            ],
            [
              120.845036,
              17.118648
            ],
            [
              120.845037,
              17.118647
            ],
            [
              120.845039,
              17.118643
            ],
            [
              120.84504,
              17.118638
            ],
            [
              120.84504,
              17.11863
            ],
            [
              120.845039,
              17.118625
            ],
            [
              120.845037,
              17.118621
            ],
            [
              120.845036,
              17.11862
            ],
            [
              120.84494,
              17.118466
            ],
            [
              120.844937,
              17.118462
            ],
            [
              120.844933,
              17.118459
            ],
            [
              120.84493,
              17.118456
            ],
            [
              120.844929,
              17.118456
            ],
            [
              120.844679,
              17.118334
            ],
            [
              120.844505,
              17.118188
            ],
            [
              120.8445,
              17.118185
            ],
            [
              120.844497,
              17.118183
            ],
            [
              120.844495,
              17.118182
            ],
            [
              120.844489,
              17.118181
            ],
            [
              120.844484,
              17.118181
            ],
            [
              120.844435,
              17.118185
            ],
            [
              120.844413,
              17.118187
            ],
            [
              120.844181,
              17.118206
            ],
            [
              120.844166,
              17.118176
            ],
            [
              120.844153,
              17.11815
            ]
          ]
        ]
      }
    },
    {
      "type": "Feature",
      "properties": {
        "classification": "C-3",
        "road_carve_m": 3
      },
      "geometry": {
        "type": "Polygon",
        "coordinates": [
          [
            [
              120.843821,
              17.118116
            ],
            [
              120.843998,
              17.11766
            ],
            [
              120.84423,
              17.117789
            ],
            [
              120.844219,
              17.117819
            ],
            [
              120.844186,
              17.117903
            ],
            [
              120.844095,
              17.118143
            ],
            [
              120.844094,
              17.118148
            ],
            [
              120.844094,
              17.118153
            ],
            [
              120.844095,
              17.118159
            ],
            [
              120.844097,
              17.118164
            ],
            [
              120.844139,
              17.118246
            ],
            [
              120.844142,
              17.11825
            ],
            [
              120.844145,
              17.118254
            ],
            [
              120.84415,
              17.118257
            ],
            [
              120.844153,
              17.118259
            ],
            [
              120.844155,
              17.11826
            ],
            [
              120.844161,
              17.118261
            ],
            [
              120.844166,
              17.118261
            ],
            [
              120.844476,
              17.118236
            ],
            [
              120.844644,
              17.118377
            ],
            [
              120.844645,
              17.118378
            ],
            [
              120.84465,
              17.118381
            ],
            [
              120.844896,
              17.118501
            ],
            [
              120.844979,
              17.118634
            ],
            [
              120.844846,
              17.118846
            ],
            [
              120.844808,
              17.118872
            ],
            [
              120.844519,
              17.119068
            ],
            [
              120.844515,
              17.119071
            ],
            [
              120.844514,
              17.119072
            ],
            [
              120.844511,
              17.119075
            ],
            [
              120.84451,
              17.119077
            ],
            [
              120.844509,
              17.11908
            ],
            [
              120.844508,
              17.119081
            ],
            [
              120.844508,
              17.119082
            ],
            [
              120.844507,
              17.119085
            ],
            [
              120.844507,
              17.11921
            ],
            [
              120.844438,
              17.119468
            ],
            [
              120.844437,
              17.119472
            ],
            [
              120.844437,
              17.119477
            ],
            [
              120.844448,
              17.119651
            ],
            [
              120.844448,
              17.119655
            ],
            [
              120.844449,
              17.119658
            ],
            [
              120.84445,
              17.119659
            ],
            [
              120.844552,
              17.119915
            ],
            [
              120.844552,
              17.119916
            ],
            [
              120.844554,
              17.11992
            ],
            [
              120.844607,
              17.119997
            ],
            [
              120.84461,
              17.12
            ],
            [
              120.844611,
              17.120001
            ],
            [
              120.844615,
              17.120004
            ],
            [
              120.844616,
              17.120005
            ],
            [
              120.844619,
              17.120007
            ],
            [
              120.844623,
              17.120008
            ],
            [
              120.844624,
              17.120008
            ],
            [
              120.84463,
              17.120009
            ],
            [
              120.844635,
              17.120009
            ],
            [
              120.844921,
              17.119974
            ],
            [
              120.844922,
              17.119974
            ],
            [
              120.844953,
              17.11997
            ],
            [
              120.84499,
              17.119965
            ],
            [
              120.844905,
              17.120105
            ],
            [
              120.845045,
              17.120173
            ],
            [
              120.844395,
              17.120182
            ],
            [
              120.844143,
              17.119536
            ],
            [
              120.844256,
              17.119044
            ],
            [
              120.844309,
              17.118926
            ],
            [
              120.844669,
              17.118665
            ],
            [
              120.844433,
              17.118516
            ],
            [
              120.843966,
              17.11846
            ],
            [
              120.843853,
              17.118265
            ],
            [
              120.843821,
              17.118116
            ]
          ]
        ]
      }
    },
    {
      "type": "Feature",
      "properties": {
        "classification": "C-3",
        "road_carve_m": 3
      },
      "geometry": {
        "type": "Polygon",
        "coordinates": [
          [
            [
              120.84531,
              17.120387
            ],
            [
              120.845391,
              17.120162
            ],
            [
              120.845552,
              17.120221
            ],
            [
              120.845874,
              17.120434
            ],
            [
              120.846103,
              17.120657
            ],
            [
              120.846107,
              17.12066
            ],
            [
              120.846112,
              17.120663
            ],
            [
              120.846117,
              17.120664
            ],
            [
              120.846122,
              17.120665
            ],
            [
              120.846128,
              17.120665
            ],
            [
              120.846133,
              17.120663
            ],
            [
              120.846138,
              17.120661
            ],
            [
              120.846408,
              17.120502
            ],
            [
              120.846425,
              17.120503
            ],
            [
              120.846369,
              17.120659
            ],
            [
              120.84594,
              17.120843
            ],
            [
              120.845723,
              17.120631
            ],
            [
              120.845447,
              17.120436
            ],
            [
              120.84531,
              17.120387
            ]
          ]
        ]
      }
    },
    {
      "type": "Feature",
      "properties": {
        "classification": "C-3",
        "road_carve_m": 3
      },
      "geometry": {
        "type": "Polygon",
        "coordinates": [
          [
            [
              120.84541,
              17.120111
            ],
            [
              120.845495,
              17.119877
            ],
            [
              120.845734,
              17.119972
            ],
            [
              120.846182,
              17.120295
            ],
            [
              120.846367,
              17.120192
            ],
            [
              120.846514,
              17.1202
            ],
            [
              120.846514,
              17.120251
            ],
            [
              120.846443,
              17.12045
            ],
            [
              120.846403,
              17.120447
            ],
            [
              120.846397,
              17.120447
            ],
            [
              120.846391,
              17.120449
            ],
            [
              120.846386,
              17.120451
            ],
            [
              120.846127,
              17.120604
            ],
            [
              120.845912,
              17.120394
            ],
            [
              120.845908,
              17.120391
            ],
            [
              120.845581,
              17.120175
            ],
            [
              120.845575,
              17.120172
            ],
            [
              120.84541,
              17.120111
            ]
          ]
        ]
      }
    },
    {
      "type": "Feature",
      "properties": {
        "classification": "R-7"
      },
      "geometry": {
        "type": "Polygon",
        "coordinates": [
          [
            [
              120.844808,
              17.119659
            ],
            [
              120.844862,
              17.119208
            ],
            [
              120.845114,
              17.119039
            ],
            [
              120.845199,
              17.118886
            ],
            [
              120.845199,
              17.118886
            ],
            [
              120.845199,
              17.118884
            ],
            [
              120.845307,
              17.11869
            ],
            [
              120.845307,
              17.118536
            ],
            [
              120.84502,
              17.1182
            ],
            [
              120.846112,
              17.118695
            ],
            [
              120.84704,
              17.118829
            ],
            [
              120.847077,
              17.119429
            ],
            [
              120.847662,
              17.119736
            ],
            [
              120.847378,
              17.120167
            ],
            [
              120.846503,
              17.119726
            ],
            [
              120.846513,
              17.1202
            ],
            [
              120.846367,
              17.120192
            ],
            [
              120.846182,
              17.120295
            ],
            [
              120.845734,
              17.119972
            ],
            [
              120.845495,
              17.119877
            ],
            [
              120.84541,
              17.120111
            ],
            [
              120.845361,
              17.12008
            ],
            [
              120.845393,
              17.120023
            ],
            [
              120.845082,
              17.119813
            ],
            [
              120.845128,
              17.119844
            ],
            [
              120.845152,
              17.119746
            ],
            [
              120.844808,
              17.119659
            ]
          ]
        ]
      }
    },
    {
      "type": "Feature",
      "properties": {
        "classification": "R-7"
      },
      "geometry": {
        "type": "Polygon",
        "coordinates": [
          [
            [
              120.842738,
              17.117547
            ],
            [
              120.843279,
              17.11727
            ],
            [
              120.843998,
              17.11766
            ],
            [
              120.843821,
              17.118116
            ],
            [
              120.843853,
              17.118265
            ],
            [
              120.843966,
              17.11846
            ],
            [
              120.844433,
              17.118516
            ],
            [
              120.844669,
              17.118665
            ],
            [
              120.844309,
              17.118926
            ],
            [
              120.844299,
              17.118949
            ],
            [
              120.843987,
              17.118598
            ],
            [
              120.843392,
              17.118239
            ],
            [
              120.843113,
              17.117926
            ],
            [
              120.842738,
              17.117547
            ]
          ]
        ]
      }
    },
    {
      "type": "Feature",
      "properties": {
        "classification": "R-7",
        "road_carve_m": 3
      },
      "geometry": {
        "type": "Polygon",
        "coordinates": [
          [
            [
              120.843413,
              17.119126
            ],
            [
              120.844277,
              17.118997
            ],
            [
              120.844256,
              17.119044
            ],
            [
              120.844143,
              17.119536
            ],
            [
              120.844395,
              17.120182
            ],
            [
              120.845031,
              17.120173
            ],
            [
              120.845321,
              17.120356
            ],
            [
              120.84531,
              17.120387
            ],
            [
              120.845447,
              17.120436
            ],
            [
              120.845723,
              17.120631
            ],
            [
              120.84594,
              17.120843
            ],
            [
              120.846051,
              17.120795
            ],
            [
              120.845618,
              17.120997
            ],
            [
              120.845034,
              17.120659
            ],
            [
              120.844154,
              17.120936
            ],
            [
              120.843912,
              17.120208
            ],
            [
              120.843413,
              17.119126
            ]
          ]
        ]
      }
    },
    {
      "type": "Feature",
      "properties": {
        "classification": "R-1",
        "road_carve_m": 3
      },
      "geometry": {
        "type": "Polygon",
        "coordinates": [
          [
            [
              120.858403,
              17.097364
            ],
            [
              120.858427,
              17.097355
            ],
            [
              120.858661,
              17.097325
            ],
            [
              120.859032,
              17.097376
            ],
            [
              120.859287,
              17.097376
            ],
            [
              120.859355,
              17.097351
            ],
            [
              120.859532,
              17.097328
            ],
            [
              120.859698,
              17.097285
            ],
            [
              120.859828,
              17.097274
            ],
            [
              120.859992,
              17.097218
            ],
            [
              120.860472,
              17.097152
            ],
            [
              120.860602,
              17.097163
            ],
            [
              120.861172,
              17.097306
            ],
            [
              120.861635,
              17.097348
            ],
            [
              120.861717,
              17.097382
            ],
            [
              120.861917,
              17.097524
            ],
            [
              120.862038,
              17.09755
            ],
            [
              120.862182,
              17.097542
            ],
            [
              120.862343,
              17.097507
            ],
            [
              120.862419,
              17.09744
            ],
            [
              120.862424,
              17.09744
            ],
            [
              120.862474,
              17.097441
            ],
            [
              120.86248,
              17.097441
            ],
            [
              120.862485,
              17.097439
            ],
            [
              120.862489,
              17.097437
            ],
            [
              120.86249,
              17.097437
            ],
            [
              120.862493,
              17.097434
            ],
            [
              120.862495,
              17.097433
            ],
            [
              120.862496,
              17.097432
            ],
            [
              120.862529,
              17.0974
            ],
            [
              120.862532,
              17.097397
            ],
            [
              120.862585,
              17.097327
            ],
            [
              120.862587,
              17.097326
            ],
            [
              120.862609,
              17.097315
            ],
            [
              120.862639,
              17.097299
            ],
            [
              120.862697,
              17.097316
            ],
            [
              120.862745,
              17.097349
            ],
            [
              120.862746,
              17.097351
            ],
            [
              120.862748,
              17.097353
            ],
            [
              120.86275,
              17.097354
            ],
            [
              120.862755,
              17.097357
            ],
            [
              120.86276,
              17.097359
            ],
            [
              120.862765,
              17.09736
            ],
            [
              120.862771,
              17.09736
            ],
            [
              120.862776,
              17.097359
            ],
            [
              120.862781,
              17.097357
            ],
            [
              120.862783,
              17.097356
            ],
            [
              120.862784,
              17.097356
            ],
            [
              120.862776,
              17.097366
            ],
            [
              120.862827,
              17.097387
            ],
            [
              120.862905,
              17.097491
            ],
            [
              120.8629,
              17.097493
            ],
            [
              120.862896,
              17.097496
            ],
            [
              120.862892,
              17.0975
            ],
            [
              120.862889,
              17.097504
            ],
            [
              120.862887,
              17.097509
            ],
            [
              120.862886,
              17.097514
            ],
            [
              120.862886,
              17.097519
            ],
            [
              120.862887,
              17.097525
            ],
            [
              120.862888,
              17.097526
            ],
            [
              120.862889,
              17.097529
            ],
            [
              120.862935,
              17.09761
            ],
            [
              120.862978,
              17.097685
            ],
            [
              120.862981,
              17.097689
            ],
            [
              120.863059,
              17.097779
            ],
            [
              120.863063,
              17.097783
            ],
            [
              120.863094,
              17.097806
            ],
            [
              120.863097,
              17.097808
            ],
            [
              120.86314,
              17.09784
            ],
            [
              120.863142,
              17.097842
            ],
            [
              120.863143,
              17.097843
            ],
            [
              120.863145,
              17.097844
            ],
            [
              120.863151,
              17.097846
            ],
            [
              120.863219,
              17.097861
            ],
            [
              120.863225,
              17.097862
            ],
            [
              120.863227,
              17.097862
            ],
            [
              120.863231,
              17.097861
            ],
            [
              120.863248,
              17.097858
            ],
            [
              120.863269,
              17.097854
            ],
            [
              120.86331,
              17.097846
            ],
            [
              120.863311,
              17.097846
            ],
            [
              120.863313,
              17.097845
            ],
            [
              120.86339,
              17.097823
            ],
            [
              120.86342,
              17.097825
            ],
            [
              120.863438,
              17.097826
            ],
            [
              120.863461,
              17.097827
            ],
            [
              120.863493,
              17.097843
            ],
            [
              120.863494,
              17.097844
            ],
            [
              120.86351,
              17.097851
            ],
            [
              120.863511,
              17.097853
            ],
            [
              120.863578,
              17.097967
            ],
            [
              120.863718,
              17.098117
            ],
            [
              120.863719,
              17.098118
            ],
            [
              120.863723,
              17.098122
            ],
            [
              120.863727,
              17.098125
            ],
            [
              120.863732,
              17.098127
            ],
            [
              120.863733,
              17.098128
            ],
            [
              120.863734,
              17.098128
            ],
            [
              120.863737,
              17.098129
            ],
            [
              120.863745,
              17.098129
            ],
            [
              120.863746,
              17.098128
            ],
            [
              120.863745,
              17.09813
            ],
            [
              120.863745,
              17.098131
            ],
            [
              120.863744,
              17.098132
            ],
            [
              120.863743,
              17.098136
            ],
            [
              120.863743,
              17.098142
            ],
            [
              120.863744,
              17.098147
            ],
            [
              120.863746,
              17.098152
            ],
            [
              120.863749,
              17.098156
            ],
            [
              120.863763,
              17.098174
            ],
            [
              120.86375,
              17.098246
            ],
            [
              120.863758,
              17.09831
            ],
            [
              120.863761,
              17.098359
            ],
            [
              120.863761,
              17.09836
            ],
            [
              120.863736,
              17.098429
            ],
            [
              120.86372,
              17.098649
            ],
            [
              120.863744,
              17.098707
            ],
            [
              120.863777,
              17.098753
            ],
            [
              120.863637,
              17.098628
            ],
            [
              120.863527,
              17.098462
            ],
            [
              120.863522,
              17.098377
            ],
            [
              120.863514,
              17.098249
            ],
            [
              120.863427,
              17.098128
            ],
            [
              120.863388,
              17.098074
            ],
            [
              120.863243,
              17.098115
            ],
            [
              120.863053,
              17.098074
            ],
            [
              120.862452,
              17.097723
            ],
            [
              120.862214,
              17.097774
            ],
            [
              120.8621,
              17.09778
            ],
            [
              120.861913,
              17.0977
            ],
            [
              120.861798,
              17.097724
            ],
            [
              120.86158,
              17.097578
            ],
            [
              120.861133,
              17.097537
            ],
            [
              120.860565,
              17.097394
            ],
            [
              120.860485,
              17.097388
            ],
            [
              120.860048,
              17.097446
            ],
            [
              120.860067,
              17.097439
            ],
            [
              120.859887,
              17.097501
            ],
            [
              120.859718,
              17.097519
            ],
            [
              120.859582,
              17.097557
            ],
            [
              120.859502,
              17.097567
            ],
            [
              120.858403,
              17.097364
            ]
          ]
        ]
      }
    },
    {
      "type": "Feature",
      "properties": {
        "classification": "R-2",
        "road_carve_m": 3
      },
      "geometry": {
        "type": "Polygon",
        "coordinates": [
          [
            [
              120.854042,
              17.094982
            ],
            [
              120.854325,
              17.09491
            ],
            [
              120.854427,
              17.095116
            ],
            [
              120.854534,
              17.095254
            ],
            [
              120.854563,
              17.095306
            ],
            [
              120.854553,
              17.095271
            ],
            [
              120.854687,
              17.095616
            ],
            [
              120.854858,
              17.095896
            ],
            [
              120.854137,
              17.095413
            ],
            [
              120.854042,
              17.094982
            ]
          ]
        ]
      }
    },
    {
      "type": "Feature",
      "properties": {
        "classification": "C-2"
      },
      "geometry": {
        "type": "Polygon",
        "coordinates": [
          [
            [
              120.854553,
              17.095271
            ],
            [
              120.854947,
              17.095621
            ],
            [
              120.855306,
              17.09567
            ],
            [
              120.855778,
              17.095641
            ],
            [
              120.856169,
              17.095626
            ],
            [
              120.856508,
              17.095607
            ],
            [
              120.85654,
              17.095772
            ],
            [
              120.85639,
              17.095829
            ],
            [
              120.856556,
              17.096264
            ],
            [
              120.856454,
              17.096581
            ],
            [
              120.856425,
              17.096568
            ],
            [
              120.856432,
              17.096571
            ],
            [
              120.855618,
              17.096209
            ],
            [
              120.855086,
              17.09627
            ],
            [
              120.854858,
              17.095896
            ],
            [
              120.854687,
              17.095616
            ],
            [
              120.854553,
              17.095271
            ]
          ]
        ]
      }
    },
    {
      "type": "Feature",
      "properties": {
        "classification": "INSTITUTIONAL"
      },
      "geometry": {
        "type": "Polygon",
        "coordinates": [
          [
            [
              120.856618,
              17.096388
            ],
            [
              120.8568,
              17.096431
            ],
            [
              120.857433,
              17.096239
            ],
            [
              120.85701,
              17.095636
            ],
            [
              120.856377,
              17.095824
            ],
            [
              120.856618,
              17.096388
            ]
          ]
        ]
      }
    },
    {
      "type": "Feature",
      "properties": {
        "classification": "R-2",
        "road_carve_m": 3
      },
      "geometry": {
        "type": "Polygon",
        "coordinates": [
          [
            [
              120.856425,
              17.096568
            ],
            [
              120.856454,
              17.096581
            ],
            [
              120.856556,
              17.096264
            ],
            [
              120.856481,
              17.096067
            ],
            [
              120.856618,
              17.096388
            ],
            [
              120.8568,
              17.096431
            ],
            [
              120.856949,
              17.096386
            ],
            [
              120.85693,
              17.096413
            ],
            [
              120.856936,
              17.096597
            ],
            [
              120.857013,
              17.096734
            ],
            [
              120.857118,
              17.096811
            ],
            [
              120.857725,
              17.097003
            ],
            [
              120.857806,
              17.097071
            ],
            [
              120.857965,
              17.097279
            ],
            [
              120.857967,
              17.097283
            ],
            [
              120.857771,
              17.097228
            ],
            [
              120.857492,
              17.09709
            ],
            [
              120.857026,
              17.096844
            ],
            [
              120.856425,
              17.096568
            ]
          ]
        ]
      }
    },
    {
      "type": "Feature",
      "properties": {
        "classification": "R-2",
        "road_carve_m": 3
      },
      "geometry": {
        "type": "Polygon",
        "coordinates": [
          [
            [
              120.856497,
              17.095788
            ],
            [
              120.85654,
              17.095772
            ],
            [
              120.856508,
              17.095607
            ],
            [
              120.85658,
              17.095603
            ],
            [
              120.856757,
              17.095647
            ],
            [
              120.856913,
              17.095591
            ],
            [
              120.856975,
              17.095646
            ],
            [
              120.856497,
              17.095788
            ]
          ]
        ]
      }
    },
    {
      "type": "Feature",
      "properties": {
        "classification": "C-1",
        "road_carve_m": 3
      },
      "geometry": {
        "type": "Polygon",
        "coordinates": [
          [
            [
              120.854325,
              17.09491
            ],
            [
              120.854609,
              17.094941
            ],
            [
              120.85461,
              17.09494
            ],
            [
              120.854615,
              17.09495
            ],
            [
              120.854619,
              17.094955
            ],
            [
              120.854623,
              17.094958
            ],
            [
              120.854628,
              17.094961
            ],
            [
              120.854629,
              17.094961
            ],
            [
              120.854634,
              17.094978
            ],
            [
              120.854635,
              17.09498
            ],
            [
              120.854637,
              17.094986
            ],
            [
              120.854637,
              17.094988
            ],
            [
              120.854639,
              17.094992
            ],
            [
              120.85464,
              17.094993
            ],
            [
              120.854641,
              17.094994
            ],
            [
              120.85469,
              17.095064
            ],
            [
              120.854691,
              17.095065
            ],
            [
              120.854693,
              17.095068
            ],
            [
              120.8547,
              17.095075
            ],
            [
              120.854709,
              17.095083
            ],
            [
              120.85475,
              17.095123
            ],
            [
              120.854752,
              17.095125
            ],
            [
              120.854825,
              17.095181
            ],
            [
              120.854826,
              17.095182
            ],
            [
              120.854853,
              17.095203
            ],
            [
              120.854937,
              17.095282
            ],
            [
              120.854958,
              17.095301
            ],
            [
              120.854988,
              17.095329
            ],
            [
              120.855051,
              17.095388
            ],
            [
              120.855053,
              17.095389
            ],
            [
              120.855055,
              17.095391
            ],
            [
              120.855056,
              17.095392
            ],
            [
              120.855059,
              17.095393
            ],
            [
              120.855062,
              17.095394
            ],
            [
              120.855064,
              17.095395
            ],
            [
              120.855125,
              17.095408
            ],
            [
              120.855129,
              17.095408
            ],
            [
              120.855133,
              17.095409
            ],
            [
              120.855135,
              17.095409
            ],
            [
              120.855192,
              17.095415
            ],
            [
              120.855194,
              17.095415
            ],
            [
              120.855275,
              17.095418
            ],
            [
              120.855281,
              17.095418
            ],
            [
              120.855284,
              17.095417
            ],
            [
              120.855285,
              17.095417
            ],
            [
              120.855286,
              17.095416
            ],
            [
              120.855291,
              17.095414
            ],
            [
              120.855295,
              17.095411
            ],
            [
              120.855299,
              17.095407
            ],
            [
              120.855302,
              17.095402
            ],
            [
              120.855303,
              17.095399
            ],
            [
              120.855304,
              17.095398
            ],
            [
              120.855304,
              17.095397
            ],
            [
              120.855305,
              17.095392
            ],
            [
              120.855436,
              17.095384
            ],
            [
              120.855437,
              17.095389
            ],
            [
              120.855439,
              17.095394
            ],
            [
              120.855442,
              17.095399
            ],
            [
              120.855442,
              17.0954
            ],
            [
              120.855445,
              17.095403
            ],
            [
              120.85545,
              17.095406
            ],
            [
              120.855455,
              17.095408
            ],
            [
              120.85546,
              17.095409
            ],
            [
              120.855466,
              17.095409
            ],
            [
              120.855562,
              17.095402
            ],
            [
              120.855683,
              17.095399
            ],
            [
              120.855723,
              17.095398
            ],
            [
              120.855756,
              17.095397
            ],
            [
              120.855943,
              17.095392
            ],
            [
              120.856131,
              17.095386
            ],
            [
              120.856132,
              17.095386
            ],
            [
              120.856154,
              17.095385
            ],
            [
              120.856163,
              17.095385
            ],
            [
              120.856182,
              17.095384
            ],
            [
              120.856187,
              17.095384
            ],
            [
              120.856191,
              17.095383
            ],
            [
              120.856198,
              17.095383
            ],
            [
              120.856201,
              17.095382
            ],
            [
              120.856202,
              17.095382
            ],
            [
              120.856203,
              17.095381
            ],
            [
              120.856204,
              17.095381
            ],
            [
              120.856208,
              17.095379
            ],
            [
              120.856232,
              17.095364
            ],
            [
              120.856233,
              17.095363
            ],
            [
              120.856236,
              17.09536
            ],
            [
              120.856263,
              17.095336
            ],
            [
              120.856266,
              17.095333
            ],
            [
              120.856268,
              17.09533
            ],
            [
              120.856269,
              17.095329
            ],
            [
              120.856271,
              17.095324
            ],
            [
              120.856272,
              17.095321
            ],
            [
              120.856277,
              17.095305
            ],
            [
              120.856278,
              17.095302
            ],
            [
              120.856279,
              17.095298
            ],
            [
              120.856281,
              17.095292
            ],
            [
              120.856285,
              17.095292
            ],
            [
              120.856292,
              17.095291
            ],
            [
              120.856307,
              17.095289
            ],
            [
              120.856315,
              17.095288
            ],
            [
              120.856376,
              17.09528
            ],
            [
              120.85682,
              17.095263
            ],
            [
              120.856851,
              17.09528
            ],
            [
              120.857023,
              17.095375
            ],
            [
              120.857027,
              17.095377
            ],
            [
              120.857028,
              17.095378
            ],
            [
              120.857032,
              17.095381
            ],
            [
              120.857066,
              17.095406
            ],
            [
              120.857175,
              17.095486
            ],
            [
              120.857266,
              17.095569
            ],
            [
              120.857267,
              17.09557
            ],
            [
              120.857305,
              17.095615
            ],
            [
              120.857317,
              17.095629
            ],
            [
              120.85732,
              17.095632
            ],
            [
              120.857324,
              17.095637
            ],
            [
              120.857325,
              17.095639
            ],
            [
              120.857364,
              17.095676
            ],
            [
              120.857403,
              17.095714
            ],
            [
              120.857405,
              17.095716
            ],
            [
              120.85749,
              17.095779
            ],
            [
              120.857497,
              17.095783
            ],
            [
              120.857622,
              17.095829
            ],
            [
              120.857623,
              17.095829
            ],
            [
              120.857699,
              17.095855
            ],
            [
              120.85771,
              17.095859
            ],
            [
              120.857982,
              17.096036
            ],
            [
              120.857983,
              17.096037
            ],
            [
              120.857994,
              17.096045
            ],
            [
              120.858013,
              17.096061
            ],
            [
              120.858013,
              17.096062
            ],
            [
              120.858021,
              17.096068
            ],
            [
              120.85803,
              17.096075
            ],
            [
              120.858032,
              17.096076
            ],
            [
              120.858032,
              17.09608
            ],
            [
              120.858039,
              17.09613
            ],
            [
              120.858034,
              17.096148
            ],
            [
              120.858033,
              17.09615
            ],
            [
              120.858027,
              17.096174
            ],
            [
              120.858018,
              17.096189
            ],
            [
              120.858012,
              17.096199
            ],
            [
              120.857983,
              17.096212
            ],
            [
              120.857954,
              17.096222
            ],
            [
              120.857951,
              17.096223
            ],
            [
              120.857949,
              17.096224
            ],
            [
              120.857937,
              17.096228
            ],
            [
              120.857881,
              17.096234
            ],
            [
              120.85786,
              17.096233
            ],
            [
              120.857792,
              17.096233
            ],
            [
              120.857757,
              17.096232
            ],
            [
              120.857752,
              17.096225
            ],
            [
              120.857519,
              17.096234
            ],
            [
              120.857454,
              17.09627
            ],
            [
              120.857321,
              17.096072
            ],
            [
              120.857007,
              17.095629
            ],
            [
              120.85696,
              17.095632
            ],
            [
              120.856913,
              17.095591
            ],
            [
              120.856757,
              17.095647
            ],
            [
              120.85658,
              17.095603
            ],
            [
              120.856508,
              17.095607
            ],
            [
              120.856169,
              17.095626
            ],
            [
              120.855778,
              17.095641
            ],
            [
              120.855306,
              17.09567
            ],
            [
              120.854947,
              17.095621
            ],
            [
              120.854534,
              17.095254
            ],
            [
              120.854427,
              17.095116
            ],
            [
              120.854325,
              17.09491
            ]
          ]
        ]
      }
    },
    {
      "type": "Feature",
      "properties": {
        "classification": "C-1",
        "road_carve_m": 3
      },
      "geometry": {
        "type": "Polygon",
        "coordinates": [
          [
            [
              120.85693,
              17.096413
            ],
            [
              120.856949,
              17.096386
            ],
            [
              120.857423,
              17.096244
            ],
            [
              120.857459,
              17.096276
            ],
            [
              120.857363,
              17.096327
            ],
            [
              120.857362,
              17.096327
            ],
            [
              120.857359,
              17.096329
            ],
            [
              120.857273,
              17.09637
            ],
            [
              120.85721,
              17.096419
            ],
            [
              120.857166,
              17.096482
            ],
            [
              120.857168,
              17.096532
            ],
            [
              120.857192,
              17.096575
            ],
            [
              120.857231,
              17.096604
            ],
            [
              120.857866,
              17.096802
            ],
            [
              120.857868,
              17.096803
            ],
            [
              120.857871,
              17.096804
            ],
            [
              120.857902,
              17.096819
            ],
            [
              120.858167,
              17.097159
            ],
            [
              120.858222,
              17.097274
            ],
            [
              120.858273,
              17.097325
            ],
            [
              120.858284,
              17.097342
            ],
            [
              120.857967,
              17.097283
            ],
            [
              120.857965,
              17.097279
            ],
            [
              120.857806,
              17.097071
            ],
            [
              120.857763,
              17.097015
            ],
            [
              120.857118,
              17.096811
            ],
            [
              120.857013,
              17.096734
            ],
            [
              120.856936,
              17.096597
            ],
            [
              120.85693,
              17.096413
            ]
          ]
        ]
      }
    },
    {
      "type": "Feature",
      "properties": {
        "classification": "C-2",
        "road_carve_m": 3
      },
      "geometry": {
        "type": "Polygon",
        "coordinates": [
          [
            [
              120.856428,
              17.094562
            ],
            [
              120.856956,
              17.09448
            ],
            [
              120.857023,
              17.094571
            ],
            [
              120.85702,
              17.094572
            ],
            [
              120.857018,
              17.094574
            ],
            [
              120.857016,
              17.094576
            ],
            [
              120.857013,
              17.094579
            ],
            [
              120.857012,
              17.09458
            ],
            [
              120.857011,
              17.094583
            ],
            [
              120.85701,
              17.094584
            ],
            [
              120.857009,
              17.094586
            ],
            [
              120.857008,
              17.094589
            ],
            [
              120.857007,
              17.094594
            ],
            [
              120.857008,
              17.094599
            ],
            [
              120.857008,
              17.0946
            ],
            [
              120.857009,
              17.094605
            ],
            [
              120.857012,
              17.09461
            ],
            [
              120.857065,
              17.094688
            ],
            [
              120.856586,
              17.09479
            ],
            [
              120.856583,
              17.094708
            ],
            [
              120.856428,
              17.094562
            ]
          ]
        ]
      }
    },
    {
      "type": "Feature",
      "properties": {
        "classification": "R-1",
        "road_carve_m": 3
      },
      "geometry": {
        "type": "Polygon",
        "coordinates": [
          [
            [
              120.859645,
              17.09702
            ],
            [
              120.859925,
              17.096604
            ],
            [
              120.86,
              17.096659
            ],
            [
              120.859988,
              17.096911
            ],
            [
              120.860455,
              17.096844
            ],
            [
              120.860526,
              17.09685
            ],
            [
              120.86051,
              17.096852
            ],
            [
              120.860757,
              17.096887
            ],
            [
              120.861222,
              17.097004
            ],
            [
              120.861706,
              17.097048
            ],
            [
              120.861874,
              17.097115
            ],
            [
              120.86198,
              17.097201
            ],
            [
              120.862061,
              17.097242
            ],
            [
              120.8622,
              17.097225
            ],
            [
              120.862417,
              17.096949
            ],
            [
              120.862582,
              17.096829
            ],
            [
              120.862709,
              17.096773
            ],
            [
              120.863021,
              17.096812
            ],
            [
              120.863005,
              17.096844
            ],
            [
              120.862929,
              17.096959
            ],
            [
              120.86284,
              17.096971
            ],
            [
              120.8627,
              17.097033
            ],
            [
              120.862581,
              17.09712
            ],
            [
              120.86237,
              17.097387
            ],
            [
              120.86231,
              17.097441
            ],
            [
              120.862173,
              17.09747
            ],
            [
              120.862044,
              17.097477
            ],
            [
              120.861945,
              17.097457
            ],
            [
              120.861754,
              17.097319
            ],
            [
              120.861651,
              17.097278
            ],
            [
              120.861184,
              17.097235
            ],
            [
              120.860757,
              17.097127
            ],
            [
              120.860795,
              17.097137
            ],
            [
              120.860796,
              17.097144
            ],
            [
              120.860615,
              17.097101
            ],
            [
              120.860615,
              17.097101
            ],
            [
              120.860615,
              17.097101
            ],
            [
              120.860615,
              17.097101
            ],
            [
              120.86061,
              17.0971
            ],
            [
              120.86048,
              17.097089
            ],
            [
              120.860481,
              17.09708
            ],
            [
              120.860468,
              17.097079
            ],
            [
              120.859981,
              17.097147
            ],
            [
              120.859966,
              17.097145
            ],
            [
              120.859968,
              17.09715
            ],
            [
              120.85996,
              17.097153
            ],
            [
              120.859803,
              17.097127
            ],
            [
              120.859703,
              17.097085
            ],
            [
              120.859645,
              17.09702
            ]
          ]
        ]
      }
    },
    {
      "type": "Feature",
      "properties": {
        "classification": "R-1",
        "road_carve_m": 3
      },
      "geometry": {
        "type": "Polygon",
        "coordinates": [
          [
            [
              120.862462,
              17.097387
            ],
            [
              120.862631,
              17.097172
            ],
            [
              120.862736,
              17.097096
            ],
            [
              120.862859,
              17.097041
            ],
            [
              120.862912,
              17.097034
            ],
            [
              120.862779,
              17.097306
            ],
            [
              120.862727,
              17.09727
            ],
            [
              120.862724,
              17.097269
            ],
            [
              120.862723,
              17.097268
            ],
            [
              120.862718,
              17.097266
            ],
            [
              120.862701,
              17.097261
            ],
            [
              120.862644,
              17.097244
            ],
            [
              120.862638,
              17.097243
            ],
            [
              120.862633,
              17.097243
            ],
            [
              120.862627,
              17.097244
            ],
            [
              120.862622,
              17.097246
            ],
            [
              120.862553,
              17.097282
            ],
            [
              120.862551,
              17.097283
            ],
            [
              120.862544,
              17.09729
            ],
            [
              120.862509,
              17.097336
            ],
            [
              120.862488,
              17.097363
            ],
            [
              120.862463,
              17.097387
            ],
            [
              120.862462,
              17.097387
            ]
          ]
        ]
      }
    },
    {
      "type": "Feature",
      "properties": {
        "classification": "C-1",
        "road_carve_m": 3
      },
      "geometry": {
        "type": "Polygon",
        "coordinates": [
          [
            [
              120.857239,
              17.096512
            ],
            [
              120.857263,
              17.096469
            ],
            [
              120.857313,
              17.09643
            ],
            [
              120.857538,
              17.096306
            ],
            [
              120.857791,
              17.096296
            ],
            [
              120.857661,
              17.096301
            ],
            [
              120.857657,
              17.096291
            ],
            [
              120.857719,
              17.096285
            ],
            [
              120.857791,
              17.096287
            ],
            [
              120.857849,
              17.096287
            ],
            [
              120.857882,
              17.096288
            ],
            [
              120.857884,
              17.096288
            ],
            [
              120.857885,
              17.096287
            ],
            [
              120.857886,
              17.096287
            ],
            [
              120.857946,
              17.096281
            ],
            [
              120.857947,
              17.096281
            ],
            [
              120.857952,
              17.09628
            ],
            [
              120.857991,
              17.096267
            ],
            [
              120.858003,
              17.096263
            ],
            [
              120.858004,
              17.096263
            ],
            [
              120.858008,
              17.096261
            ],
            [
              120.858021,
              17.096255
            ],
            [
              120.857926,
              17.096504
            ],
            [
              120.857837,
              17.096475
            ],
            [
              120.857926,
              17.096504
            ],
            [
              120.858,
              17.096528
            ],
            [
              120.858,
              17.096527
            ],
            [
              120.858089,
              17.09657
            ],
            [
              120.858205,
              17.096698
            ],
            [
              120.85845,
              17.097042
            ],
            [
              120.858656,
              17.097018
            ],
            [
              120.859056,
              17.097071
            ],
            [
              120.859225,
              17.097073
            ],
            [
              120.85983,
              17.097197
            ],
            [
              120.85981,
              17.097204
            ],
            [
              120.859691,
              17.097213
            ],
            [
              120.859349,
              17.097288
            ],
            [
              120.859347,
              17.097288
            ],
            [
              120.859344,
              17.097289
            ],
            [
              120.859341,
              17.097289
            ],
            [
              120.859336,
              17.09729
            ],
            [
              120.859334,
              17.097291
            ],
            [
              120.859272,
              17.097305
            ],
            [
              120.859037,
              17.097304
            ],
            [
              120.85866,
              17.097253
            ],
            [
              120.858424,
              17.097283
            ],
            [
              120.858348,
              17.097276
            ],
            [
              120.858281,
              17.097232
            ],
            [
              120.85823,
              17.097122
            ],
            [
              120.85806,
              17.096905
            ],
            [
              120.858021,
              17.096855
            ],
            [
              120.85802,
              17.096854
            ],
            [
              120.858016,
              17.096849
            ],
            [
              120.857946,
              17.09676
            ],
            [
              120.857898,
              17.096737
            ],
            [
              120.857892,
              17.096735
            ],
            [
              120.857359,
              17.096575
            ],
            [
              120.857266,
              17.09654
            ],
            [
              120.857239,
              17.096512
            ]
          ]
        ]
      }
    },
    {
      "type": "Feature",
      "properties": {
        "classification": "C-1",
        "road_carve_m": 3
      },
      "geometry": {
        "type": "Polygon",
        "coordinates": [
          [
            [
              120.857929,
              17.096496
            ],
            [
              120.857984,
              17.096351
            ],
            [
              120.858038,
              17.096247
            ],
            [
              120.858045,
              17.096244
            ],
            [
              120.85805,
              17.096241
            ],
            [
              120.858054,
              17.096237
            ],
            [
              120.858058,
              17.096232
            ],
            [
              120.858078,
              17.096196
            ],
            [
              120.85808,
              17.096191
            ],
            [
              120.858095,
              17.096139
            ],
            [
              120.858096,
              17.096134
            ],
            [
              120.858105,
              17.096117
            ],
            [
              120.858116,
              17.096121
            ],
            [
              120.85827,
              17.096112
            ],
            [
              120.858756,
              17.095893
            ],
            [
              120.85898,
              17.095765
            ],
            [
              120.859166,
              17.095698
            ],
            [
              120.859256,
              17.095699
            ],
            [
              120.859473,
              17.095786
            ],
            [
              120.859621,
              17.095768
            ],
            [
              120.859724,
              17.095722
            ],
            [
              120.859818,
              17.095656
            ],
            [
              120.859888,
              17.095578
            ],
            [
              120.859975,
              17.095392
            ],
            [
              120.860015,
              17.095391
            ],
            [
              120.860077,
              17.095429
            ],
            [
              120.86003,
              17.095796
            ],
            [
              120.859976,
              17.095968
            ],
            [
              120.859977,
              17.095969
            ],
            [
              120.859899,
              17.096145
            ],
            [
              120.859744,
              17.096329
            ],
            [
              120.859639,
              17.096486
            ],
            [
              120.859582,
              17.096779
            ],
            [
              120.859589,
              17.09679
            ],
            [
              120.859583,
              17.09689
            ],
            [
              120.859583,
              17.096892
            ],
            [
              120.859581,
              17.097022
            ],
            [
              120.859581,
              17.097026
            ],
            [
              120.859582,
              17.09703
            ],
            [
              120.859591,
              17.097057
            ],
            [
              120.859594,
              17.097065
            ],
            [
              120.859595,
              17.097067
            ],
            [
              120.859596,
              17.09707
            ],
            [
              120.859599,
              17.097074
            ],
            [
              120.859603,
              17.097078
            ],
            [
              120.85967,
              17.097129
            ],
            [
              120.859676,
              17.097133
            ],
            [
              120.859784,
              17.097178
            ],
            [
              120.859787,
              17.097179
            ],
            [
              120.85979,
              17.097179
            ],
            [
              120.859851,
              17.09719
            ],
            [
              120.859856,
              17.097197
            ],
            [
              120.859842,
              17.097202
            ],
            [
              120.859837,
              17.097204
            ],
            [
              120.859818,
              17.097201
            ],
            [
              120.85983,
              17.097197
            ],
            [
              120.859239,
              17.097076
            ],
            [
              120.859241,
              17.09707
            ],
            [
              120.859339,
              17.097049
            ],
            [
              120.859349,
              17.096755
            ],
            [
              120.859421,
              17.096396
            ],
            [
              120.859497,
              17.096269
            ],
            [
              120.859697,
              17.096021
            ],
            [
              120.859715,
              17.095982
            ],
            [
              120.859695,
              17.095991
            ],
            [
              120.859563,
              17.096021
            ],
            [
              120.859433,
              17.09602
            ],
            [
              120.859193,
              17.095932
            ],
            [
              120.859086,
              17.095973
            ],
            [
              120.858863,
              17.096102
            ],
            [
              120.858333,
              17.096339
            ],
            [
              120.858215,
              17.096359
            ],
            [
              120.858071,
              17.096353
            ],
            [
              120.857937,
              17.096493
            ],
            [
              120.857929,
              17.096496
            ]
          ]
        ]
      }
    },
    {
      "type": "Feature",
      "properties": {
        "classification": "C-1",
        "road_carve_m": 3
      },
      "geometry": {
        "type": "Polygon",
        "coordinates": [
          [
            [
              120.856911,
              17.095251
            ],
            [
              120.856912,
              17.09525
            ],
            [
              120.856915,
              17.09525
            ],
            [
              120.856926,
              17.095247
            ],
            [
              120.85764,
              17.095518
            ],
            [
              120.857876,
              17.095618
            ],
            [
              120.858037,
              17.0957
            ],
            [
              120.858235,
              17.095813
            ],
            [
              120.858396,
              17.095713
            ],
            [
              120.858595,
              17.0956
            ],
            [
              120.858601,
              17.095618
            ],
            [
              120.858987,
              17.095427
            ],
            [
              120.85913,
              17.095392
            ],
            [
              120.859303,
              17.095393
            ],
            [
              120.859447,
              17.095438
            ],
            [
              120.85952,
              17.095477
            ],
            [
              120.859624,
              17.095414
            ],
            [
              120.859706,
              17.095219
            ],
            [
              120.859858,
              17.095091
            ],
            [
              120.860002,
              17.095085
            ],
            [
              120.860069,
              17.095082
            ],
            [
              120.860237,
              17.095151
            ],
            [
              120.860386,
              17.095315
            ],
            [
              120.860379,
              17.095539
            ],
            [
              120.860332,
              17.095854
            ],
            [
              120.86029,
              17.09599
            ],
            [
              120.860293,
              17.09599
            ],
            [
              120.860164,
              17.096308
            ],
            [
              120.859925,
              17.096604
            ],
            [
              120.859645,
              17.09702
            ],
            [
              120.859641,
              17.097026
            ],
            [
              120.859638,
              17.097018
            ],
            [
              120.859638,
              17.096982
            ],
            [
              120.859654,
              17.096786
            ],
            [
              120.859707,
              17.096514
            ],
            [
              120.8598,
              17.096374
            ],
            [
              120.859962,
              17.096184
            ],
            [
              120.860042,
              17.096001
            ],
            [
              120.860148,
              17.09598
            ],
            [
              120.860052,
              17.095999
            ],
            [
              120.860036,
              17.095994
            ],
            [
              120.860044,
              17.095996
            ],
            [
              120.860102,
              17.09581
            ],
            [
              120.860135,
              17.095528
            ],
            [
              120.860138,
              17.095512
            ],
            [
              120.860138,
              17.095508
            ],
            [
              120.860139,
              17.095503
            ],
            [
              120.860139,
              17.095491
            ],
            [
              120.860149,
              17.095402
            ],
            [
              120.860099,
              17.095347
            ],
            [
              120.860028,
              17.095318
            ],
            [
              120.859948,
              17.095321
            ],
            [
              120.859898,
              17.095363
            ],
            [
              120.859826,
              17.09554
            ],
            [
              120.85977,
              17.095602
            ],
            [
              120.859598,
              17.095699
            ],
            [
              120.859485,
              17.095714
            ],
            [
              120.859267,
              17.095627
            ],
            [
              120.859157,
              17.095626
            ],
            [
              120.859063,
              17.095649
            ],
            [
              120.858953,
              17.095707
            ],
            [
              120.858952,
              17.095708
            ],
            [
              120.858951,
              17.095708
            ],
            [
              120.858949,
              17.095709
            ],
            [
              120.858948,
              17.09571
            ],
            [
              120.858944,
              17.095712
            ],
            [
              120.858941,
              17.095714
            ],
            [
              120.858939,
              17.095715
            ],
            [
              120.858723,
              17.095829
            ],
            [
              120.858684,
              17.095847
            ],
            [
              120.858687,
              17.095855
            ],
            [
              120.858625,
              17.095883
            ],
            [
              120.858583,
              17.095902
            ],
            [
              120.858559,
              17.095913
            ],
            [
              120.85853,
              17.095927
            ],
            [
              120.858529,
              17.095927
            ],
            [
              120.85842,
              17.095979
            ],
            [
              120.858419,
              17.095979
            ],
            [
              120.858351,
              17.096013
            ],
            [
              120.858253,
              17.096051
            ],
            [
              120.858196,
              17.096061
            ],
            [
              120.858129,
              17.096058
            ],
            [
              120.858073,
              17.096038
            ],
            [
              120.858065,
              17.096032
            ],
            [
              120.858049,
              17.09602
            ],
            [
              120.857895,
              17.095893
            ],
            [
              120.857891,
              17.09589
            ],
            [
              120.857886,
              17.095887
            ],
            [
              120.857859,
              17.095872
            ],
            [
              120.857777,
              17.095825
            ],
            [
              120.857776,
              17.095824
            ],
            [
              120.857772,
              17.095822
            ],
            [
              120.857642,
              17.095778
            ],
            [
              120.857637,
              17.095776
            ],
            [
              120.857521,
              17.095734
            ],
            [
              120.857442,
              17.095675
            ],
            [
              120.857383,
              17.095618
            ],
            [
              120.857371,
              17.095606
            ],
            [
              120.857366,
              17.095601
            ],
            [
              120.857365,
              17.095599
            ],
            [
              120.857309,
              17.095534
            ],
            [
              120.857308,
              17.095533
            ],
            [
              120.857308,
              17.095532
            ],
            [
              120.857307,
              17.095531
            ],
            [
              120.857221,
              17.095453
            ],
            [
              120.857219,
              17.095451
            ],
            [
              120.857213,
              17.095446
            ],
            [
              120.857211,
              17.095444
            ],
            [
              120.85706,
              17.095333
            ],
            [
              120.857057,
              17.095331
            ],
            [
              120.856983,
              17.09529
            ],
            [
              120.856936,
              17.095264
            ],
            [
              120.856919,
              17.095255
            ],
            [
              120.856916,
              17.095253
            ],
            [
              120.856911,
              17.095251
            ]
          ]
        ]
      }
    },
    {
      "type": "Feature",
      "properties": {
        "classification": "C-1",
        "road_carve_m": 3
      },
      "geometry": {
        "type": "Polygon",
        "coordinates": [
          [
            [
              120.856943,
              17.095247
            ],
            [
              120.857004,
              17.095229
            ],
            [
              120.85723,
              17.095207
            ],
            [
              120.857231,
              17.095207
            ],
            [
              120.857235,
              17.095206
            ],
            [
              120.857405,
              17.095161
            ],
            [
              120.85752,
              17.095154
            ],
            [
              120.85759,
              17.095152
            ],
            [
              120.85761,
              17.095151
            ],
            [
              120.857632,
              17.09515
            ],
            [
              120.857663,
              17.095149
            ],
            [
              120.857785,
              17.095153
            ],
            [
              120.857845,
              17.095157
            ],
            [
              120.857927,
              17.095175
            ],
            [
              120.857932,
              17.095176
            ],
            [
              120.858001,
              17.095179
            ],
            [
              120.858003,
              17.095179
            ],
            [
              120.858022,
              17.095178
            ],
            [
              120.858028,
              17.095178
            ],
            [
              120.858045,
              17.095177
            ],
            [
              120.85805,
              17.095177
            ],
            [
              120.858054,
              17.095176
            ],
            [
              120.858062,
              17.095176
            ],
            [
              120.858063,
              17.095175
            ],
            [
              120.858105,
              17.095165
            ],
            [
              120.858107,
              17.095165
            ],
            [
              120.85811,
              17.095164
            ],
            [
              120.858112,
              17.095163
            ],
            [
              120.858113,
              17.095162
            ],
            [
              120.858114,
              17.095161
            ],
            [
              120.858156,
              17.095134
            ],
            [
              120.858161,
              17.09513
            ],
            [
              120.858195,
              17.095094
            ],
            [
              120.858202,
              17.095087
            ],
            [
              120.858233,
              17.095057
            ],
            [
              120.858265,
              17.095026
            ],
            [
              120.858313,
              17.094982
            ],
            [
              120.858314,
              17.094981
            ],
            [
              120.858359,
              17.094935
            ],
            [
              120.85836,
              17.094934
            ],
            [
              120.858367,
              17.094927
            ],
            [
              120.858367,
              17.094926
            ],
            [
              120.858396,
              17.094884
            ],
            [
              120.858398,
              17.094882
            ],
            [
              120.858401,
              17.094878
            ],
            [
              120.858412,
              17.094863
            ],
            [
              120.858422,
              17.094848
            ],
            [
              120.858431,
              17.094836
            ],
            [
              120.858433,
              17.094833
            ],
            [
              120.858435,
              17.094828
            ],
            [
              120.858451,
              17.094773
            ],
            [
              120.858452,
              17.094769
            ],
            [
              120.858455,
              17.09475
            ],
            [
              120.858458,
              17.094729
            ],
            [
              120.858459,
              17.094718
            ],
            [
              120.85846,
              17.094708
            ],
            [
              120.858461,
              17.094707
            ],
            [
              120.858461,
              17.094703
            ],
            [
              120.858458,
              17.094657
            ],
            [
              120.858458,
              17.094656
            ],
            [
              120.858457,
              17.094636
            ],
            [
              120.858454,
              17.094594
            ],
            [
              120.858452,
              17.09457
            ],
            [
              120.858464,
              17.094522
            ],
            [
              120.858479,
              17.09451
            ],
            [
              120.858514,
              17.094498
            ],
            [
              120.858565,
              17.094484
            ],
            [
              120.858624,
              17.09448
            ],
            [
              120.85871,
              17.094495
            ],
            [
              120.85885,
              17.094543
            ],
            [
              120.858851,
              17.094543
            ],
            [
              120.858894,
              17.094561
            ],
            [
              120.858906,
              17.094566
            ],
            [
              120.858922,
              17.094572
            ],
            [
              120.858925,
              17.094573
            ],
            [
              120.858934,
              17.094576
            ],
            [
              120.858939,
              17.094578
            ],
            [
              120.85899,
              17.094594
            ],
            [
              120.858996,
              17.094595
            ],
            [
              120.859019,
              17.094597
            ],
            [
              120.859043,
              17.094599
            ],
            [
              120.859048,
              17.094599
            ],
            [
              120.859085,
              17.094595
            ],
            [
              120.85909,
              17.094594
            ],
            [
              120.85917,
              17.094571
            ],
            [
              120.859175,
              17.094569
            ],
            [
              120.859327,
              17.094486
            ],
            [
              120.859331,
              17.094483
            ],
            [
              120.859462,
              17.094376
            ],
            [
              120.859538,
              17.094332
            ],
            [
              120.859619,
              17.094302
            ],
            [
              120.859621,
              17.094301
            ],
            [
              120.859699,
              17.094266
            ],
            [
              120.8597,
              17.094266
            ],
            [
              120.859702,
              17.094265
            ],
            [
              120.859782,
              17.094219
            ],
            [
              120.859785,
              17.094217
            ],
            [
              120.859787,
              17.094215
            ],
            [
              120.859788,
              17.094214
            ],
            [
              120.859823,
              17.094178
            ],
            [
              120.859826,
              17.094175
            ],
            [
              120.859827,
              17.094174
            ],
            [
              120.859828,
              17.094172
            ],
            [
              120.859829,
              17.094169
            ],
            [
              120.85983,
              17.094168
            ],
            [
              120.85983,
              17.094167
            ],
            [
              120.859831,
              17.094164
            ],
            [
              120.859831,
              17.094156
            ],
            [
              120.85983,
              17.094155
            ],
            [
              120.85983,
              17.094154
            ],
            [
              120.859828,
              17.094149
            ],
            [
              120.859827,
              17.094146
            ],
            [
              120.859826,
              17.094144
            ],
            [
              120.859824,
              17.094142
            ],
            [
              120.86006,
              17.094201
            ],
            [
              120.859995,
              17.094362
            ],
            [
              120.859898,
              17.094437
            ],
            [
              120.859603,
              17.09457
            ],
            [
              120.859442,
              17.094706
            ],
            [
              120.859271,
              17.094793
            ],
            [
              120.859102,
              17.094831
            ],
            [
              120.858954,
              17.094829
            ],
            [
              120.858715,
              17.094744
            ],
            [
              120.858665,
              17.094947
            ],
            [
              120.858327,
              17.095321
            ],
            [
              120.858174,
              17.095403
            ],
            [
              120.858064,
              17.095413
            ],
            [
              120.857656,
              17.095395
            ],
            [
              120.857517,
              17.0954
            ],
            [
              120.85764,
              17.095518
            ],
            [
              120.857008,
              17.095278
            ],
            [
              120.856943,
              17.095247
            ]
          ]
        ]
      }
    },
    {
      "type": "Feature",
      "properties": {
        "classification": "INSTITUTIONAL"
      },
      "geometry": {
        "type": "Polygon",
        "coordinates": [
          [
            [
              120.788713,
              17.095716
            ],
            [
              120.788358,
              17.095536
            ],
            [
              120.788342,
              17.095106
            ],
            [
              120.787822,
              17.094854
            ],
            [
              120.787902,
              17.094649
            ],
            [
              120.788782,
              17.094162
            ],
            [
              120.789045,
              17.094301
            ],
            [
              120.78889,
              17.094967
            ],
            [
              120.788782,
              17.095229
            ],
            [
              120.788713,
              17.095716
            ]
          ]
        ]
      }
    },
    {
      "type": "Feature",
      "properties": {
        "classification": "R-7",
        "road_carve_m": 3
      },
      "geometry": {
        "type": "Polygon",
        "coordinates": [
          [
            [
              120.788054,
              17.094966
            ],
            [
              120.788342,
              17.095106
            ],
            [
              120.788358,
              17.095536
            ],
            [
              120.788713,
              17.095716
            ],
            [
              120.788782,
              17.095229
            ],
            [
              120.78889,
              17.094967
            ],
            [
              120.789042,
              17.094314
            ],
            [
              120.789185,
              17.094413
            ],
            [
              120.789331,
              17.094204
            ],
            [
              120.789265,
              17.094137
            ],
            [
              120.789346,
              17.094219
            ],
            [
              120.789442,
              17.094721
            ],
            [
              120.789303,
              17.094931
            ],
            [
              120.789185,
              17.095747
            ],
            [
              120.78927,
              17.095957
            ],
            [
              120.789244,
              17.096177
            ],
            [
              120.789367,
              17.096408
            ],
            [
              120.789454,
              17.096432
            ],
            [
              120.788723,
              17.096244
            ],
            [
              120.788482,
              17.096264
            ],
            [
              120.788155,
              17.096049
            ],
            [
              120.788116,
              17.095631
            ],
            [
              120.78839,
              17.095636
            ],
            [
              120.788396,
              17.095636
            ],
            [
              120.788399,
              17.095635
            ],
            [
              120.7884,
              17.095635
            ],
            [
              120.788401,
              17.095634
            ],
            [
              120.788402,
              17.095634
            ],
            [
              120.788405,
              17.095633
            ],
            [
              120.788406,
              17.095632
            ],
            [
              120.78841,
              17.095629
            ],
            [
              120.788414,
              17.095625
            ],
            [
              120.788417,
              17.09562
            ],
            [
              120.788418,
              17.095617
            ],
            [
              120.788418,
              17.095615
            ],
            [
              120.788419,
              17.095613
            ],
            [
              120.788419,
              17.095608
            ],
            [
              120.788418,
              17.095604
            ],
            [
              120.788417,
              17.095599
            ],
            [
              120.788414,
              17.095595
            ],
            [
              120.788412,
              17.095591
            ],
            [
              120.788411,
              17.09559
            ],
            [
              120.788407,
              17.095587
            ],
            [
              120.788402,
              17.095584
            ],
            [
              120.788398,
              17.095583
            ],
            [
              120.788397,
              17.095583
            ],
            [
              120.788392,
              17.095582
            ],
            [
              120.788391,
              17.095582
            ],
            [
              120.788111,
              17.095577
            ],
            [
              120.788054,
              17.094966
            ]
          ]
        ]
      }
    },
    {
      "type": "Feature",
      "properties": {
        "classification": "INSTITUTIONAL"
      },
      "geometry": {
        "type": "Polygon",
        "coordinates": [
          [
            [
              120.78927,
              17.093562
            ],
            [
              120.789512,
              17.093439
            ],
            [
              120.789576,
              17.093044
            ],
            [
              120.789501,
              17.092737
            ],
            [
              120.789362,
              17.092563
            ],
            [
              120.788906,
              17.09266
            ],
            [
              120.788777,
              17.09285
            ],
            [
              120.788627,
              17.093229
            ],
            [
              120.788632,
              17.093475
            ],
            [
              120.788814,
              17.093594
            ],
            [
              120.78927,
              17.093562
            ]
          ]
        ]
      }
    },
    {
      "type": "Feature",
      "properties": {
        "classification": "R-7",
        "road_carve_m": 3
      },
      "geometry": {
        "type": "Polygon",
        "coordinates": [
          [
            [
              120.78662,
              17.092973
            ],
            [
              120.786658,
              17.092762
            ],
            [
              120.787334,
              17.092403
            ],
            [
              120.787817,
              17.092096
            ],
            [
              120.788943,
              17.091824
            ],
            [
              120.789877,
              17.092362
            ],
            [
              120.789764,
              17.092573
            ],
            [
              120.789748,
              17.092932
            ],
            [
              120.789576,
              17.093142
            ],
            [
              120.789559,
              17.093148
            ],
            [
              120.789576,
              17.093044
            ],
            [
              120.789501,
              17.092737
            ],
            [
              120.789362,
              17.092563
            ],
            [
              120.788906,
              17.09266
            ],
            [
              120.788777,
              17.09285
            ],
            [
              120.788666,
              17.09313
            ],
            [
              120.788611,
              17.093075
            ],
            [
              120.788546,
              17.092778
            ],
            [
              120.78831,
              17.092801
            ],
            [
              120.788309,
              17.09279
            ],
            [
              120.788308,
              17.092785
            ],
            [
              120.788306,
              17.09278
            ],
            [
              120.788304,
              17.092778
            ],
            [
              120.788302,
              17.092776
            ],
            [
              120.788298,
              17.092772
            ],
            [
              120.788298,
              17.092772
            ],
            [
              120.788294,
              17.092769
            ],
            [
              120.788289,
              17.092767
            ],
            [
              120.788283,
              17.092766
            ],
            [
              120.788278,
              17.092766
            ],
            [
              120.788272,
              17.092767
            ],
            [
              120.788267,
              17.092769
            ],
            [
              120.788263,
              17.092772
            ],
            [
              120.788259,
              17.092776
            ],
            [
              120.788259,
              17.092776
            ],
            [
              120.788256,
              17.092781
            ],
            [
              120.788254,
              17.092786
            ],
            [
              120.788253,
              17.092791
            ],
            [
              120.788253,
              17.092796
            ],
            [
              120.788254,
              17.092806
            ],
            [
              120.788015,
              17.092829
            ],
            [
              120.788037,
              17.093039
            ],
            [
              120.788133,
              17.093296
            ],
            [
              120.788391,
              17.09368
            ],
            [
              120.788573,
              17.093793
            ],
            [
              120.788375,
              17.093829
            ],
            [
              120.788026,
              17.094111
            ],
            [
              120.787822,
              17.094172
            ],
            [
              120.78768,
              17.094274
            ],
            [
              120.78764,
              17.094137
            ],
            [
              120.78662,
              17.092973
            ]
          ]
        ]
      }
    },
    {
      "type": "Feature",
      "properties": {
        "classification": "C-2",
        "road_carve_m": 3
      },
      "geometry": {
        "type": "MultiPolygon",
        "coordinates": [
          [
            [
              [
                120.78831,
                17.092801
              ],
              [
                120.788546,
                17.092778
              ],
              [
                120.788611,
                17.093075
              ],
              [
                120.788666,
                17.09313
              ],
              [
                120.788627,
                17.093229
              ],
              [
                120.788632,
                17.093475
              ],
              [
                120.788693,
                17.093515
              ],
              [
                120.788692,
                17.093515
              ],
              [
                120.788625,
                17.093474
              ],
              [
                120.788497,
                17.093311
              ],
              [
                120.788393,
                17.093177
              ],
              [
                120.78833,
                17.092983
              ],
              [
                120.78831,
                17.092801
              ]
            ]
          ],
          [
            [
              [
                120.788743,
                17.094022
              ],
              [
                120.788991,
                17.093672
              ],
              [
                120.788992,
                17.093671
              ],
              [
                120.788992,
                17.09367
              ],
              [
                120.788993,
                17.093668
              ],
              [
                120.788993,
                17.093667
              ],
              [
                120.788994,
                17.093667
              ],
              [
                120.788994,
                17.093665
              ],
              [
                120.788995,
                17.093664
              ],
              [
                120.788995,
                17.093659
              ],
              [
                120.788996,
                17.093657
              ],
              [
                120.788995,
                17.093657
              ],
              [
                120.788996,
                17.093656
              ],
              [
                120.788995,
                17.093655
              ],
              [
                120.788995,
                17.093651
              ],
              [
                120.788994,
                17.093649
              ],
              [
                120.788993,
                17.093647
              ],
              [
                120.788993,
                17.093646
              ],
              [
                120.788991,
                17.093642
              ],
              [
                120.78899,
                17.093642
              ],
              [
                120.788989,
                17.09364
              ],
              [
                120.788987,
                17.093638
              ],
              [
                120.788986,
                17.093637
              ],
              [
                120.788984,
                17.093635
              ],
              [
                120.788983,
                17.093635
              ],
              [
                120.788982,
                17.093634
              ],
              [
                120.788978,
                17.093632
              ],
              [
                120.788977,
                17.093632
              ],
              [
                120.788863,
                17.093591
              ],
              [
                120.78927,
                17.093562
              ],
              [
                120.789428,
                17.093482
              ],
              [
                120.789395,
                17.09355
              ],
              [
                120.789253,
                17.093736
              ],
              [
                120.78925,
                17.093742
              ],
              [
                120.789196,
                17.093871
              ],
              [
                120.789104,
                17.09389
              ],
              [
                120.7891,
                17.093891
              ],
              [
                120.789099,
                17.093891
              ],
              [
                120.789094,
                17.093894
              ],
              [
                120.789026,
                17.093937
              ],
              [
                120.788991,
                17.093959
              ],
              [
                120.788879,
                17.09401
              ],
              [
                120.788743,
                17.094022
              ]
            ]
          ],
          [
            [
              [
                120.789518,
                17.093404
              ],
              [
                120.789559,
                17.093148
              ],
              [
                120.789576,
                17.093142
              ],
              [
                120.789748,
                17.092932
              ],
              [
                120.789764,
                17.092573
              ],
              [
                120.789877,
                17.092362
              ],
              [
                120.79,
                17.092455
              ],
              [
                120.790123,
                17.092463
              ],
              [
                120.790108,
                17.092486
              ],
              [
                120.790104,
                17.092492
              ],
              [
                120.790066,
                17.092542
              ],
              [
                120.790038,
                17.092578
              ],
              [
                120.790034,
                17.092585
              ],
              [
                120.790024,
                17.092609
              ],
              [
                120.790018,
                17.092624
              ],
              [
                120.790017,
                17.092628
              ],
              [
                120.790016,
                17.092633
              ],
              [
                120.789992,
                17.093023
              ],
              [
                120.789972,
                17.093054
              ],
              [
                120.789962,
                17.093071
              ],
              [
                120.789807,
                17.093238
              ],
              [
                120.789712,
                17.093341
              ],
              [
                120.789621,
                17.093382
              ],
              [
                120.789562,
                17.093388
              ],
              [
                120.789559,
                17.093389
              ],
              [
                120.789555,
                17.09339
              ],
              [
                120.789535,
                17.093397
              ],
              [
                120.789518,
                17.093404
              ]
            ]
          ]
        ]
      }
    },
    {
      "type": "Feature",
      "properties": {
        "classification": "R-6",
        "road_carve_m": 3
      },
      "geometry": {
        "type": "MultiPolygon",
        "coordinates": [
          [
            [
              [
                120.807461,
                17.087348
              ],
              [
                120.807512,
                17.087068
              ],
              [
                120.807788,
                17.087137
              ],
              [
                120.807787,
                17.087148
              ],
              [
                120.807783,
                17.087153
              ],
              [
                120.80778,
                17.087157
              ],
              [
                120.807778,
                17.087162
              ],
              [
                120.807736,
                17.087306
              ],
              [
                120.807735,
                17.087311
              ],
              [
                120.807735,
                17.087316
              ],
              [
                120.807736,
                17.087321
              ],
              [
                120.807738,
                17.087326
              ],
              [
                120.807801,
                17.087437
              ],
              [
                120.807867,
                17.087595
              ],
              [
                120.807896,
                17.087717
              ],
              [
                120.807906,
                17.087876
              ],
              [
                120.807885,
                17.088045
              ],
              [
                120.807822,
                17.088217
              ],
              [
                120.80782,
                17.088227
              ],
              [
                120.807821,
                17.088232
              ],
              [
                120.807823,
                17.088237
              ],
              [
                120.807826,
                17.088241
              ],
              [
                120.807933,
                17.088385
              ],
              [
                120.807937,
                17.088389
              ],
              [
                120.807947,
                17.088395
              ],
              [
                120.807953,
                17.088396
              ],
              [
                120.807959,
                17.088396
              ],
              [
                120.808196,
                17.088373
              ],
              [
                120.808413,
                17.088363
              ],
              [
                120.808638,
                17.088474
              ],
              [
                120.808933,
                17.088686
              ],
              [
                120.809166,
                17.089018
              ],
              [
                120.809167,
                17.089019
              ],
              [
                120.809383,
                17.089279
              ],
              [
                120.809387,
                17.089283
              ],
              [
                120.809391,
                17.089286
              ],
              [
                120.809396,
                17.089288
              ],
              [
                120.809406,
                17.08929
              ],
              [
                120.809412,
                17.089289
              ],
              [
                120.809774,
                17.089204
              ],
              [
                120.80996,
                17.089217
              ],
              [
                120.809972,
                17.089215
              ],
              [
                120.809982,
                17.089209
              ],
              [
                120.810132,
                17.089065
              ],
              [
                120.810137,
                17.08906
              ],
              [
                120.810304,
                17.088788
              ],
              [
                120.810552,
                17.088767
              ],
              [
                120.810557,
                17.088766
              ],
              [
                120.810565,
                17.088762
              ],
              [
                120.810838,
                17.08859
              ],
              [
                120.810986,
                17.088789
              ],
              [
                120.81065,
                17.088999
              ],
              [
                120.810449,
                17.089027
              ],
              [
                120.810326,
                17.089206
              ],
              [
                120.810066,
                17.089465
              ],
              [
                120.809805,
                17.089458
              ],
              [
                120.809288,
                17.089571
              ],
              [
                120.808974,
                17.089176
              ],
              [
                120.808775,
                17.088868
              ],
              [
                120.808346,
                17.088617
              ],
              [
                120.807837,
                17.08866
              ],
              [
                120.807542,
                17.088273
              ],
              [
                120.807638,
                17.087999
              ],
              [
                120.807657,
                17.087758
              ],
              [
                120.80759,
                17.087558
              ],
              [
                120.807461,
                17.087348
              ]
            ]
          ],
          [
            [
              [
                120.80788,
                17.088221
              ],
              [
                120.80794,
                17.08806
              ],
              [
                120.807941,
                17.088054
              ],
              [
                120.807962,
                17.08788
              ],
              [
                120.807962,
                17.087875
              ],
              [
                120.807954,
                17.087753
              ],
              [
                120.808207,
                17.08786
              ],
              [
                120.808185,
                17.088017
              ],
              [
                120.808462,
                17.088043
              ],
              [
                120.809156,
                17.088471
              ],
              [
                120.809494,
                17.088945
              ],
              [
                120.809867,
                17.088909
              ],
              [
                120.810119,
                17.088509
              ],
              [
                120.810626,
                17.088304
              ],
              [
                120.810805,
                17.088546
              ],
              [
                120.81054,
                17.088713
              ],
              [
                120.810284,
                17.088736
              ],
              [
                120.810279,
                17.088737
              ],
              [
                120.810269,
                17.088741
              ],
              [
                120.810265,
                17.088745
              ],
              [
                120.810262,
                17.088749
              ],
              [
                120.81009,
                17.089029
              ],
              [
                120.809951,
                17.089162
              ],
              [
                120.809773,
                17.08915
              ],
              [
                120.809769,
                17.08915
              ],
              [
                120.809764,
                17.089151
              ],
              [
                120.809416,
                17.089232
              ],
              [
                120.809212,
                17.088987
              ],
              [
                120.808977,
                17.088652
              ],
              [
                120.808974,
                17.088648
              ],
              [
                120.808971,
                17.088645
              ],
              [
                120.80867,
                17.08843
              ],
              [
                120.808666,
                17.088427
              ],
              [
                120.808432,
                17.088312
              ],
              [
                120.808428,
                17.08831
              ],
              [
                120.808423,
                17.088309
              ],
              [
                120.808418,
                17.088309
              ],
              [
                120.808193,
                17.088319
              ],
              [
                120.808191,
                17.088319
              ],
              [
                120.807969,
                17.088341
              ],
              [
                120.80788,
                17.088221
              ]
            ]
          ]
        ]
      }
    },
    {
      "type": "Feature",
      "properties": {
        "classification": "C-2",
        "road_carve_m": 3
      },
      "geometry": {
        "type": "MultiPolygon",
        "coordinates": [
          [
            [
              [
                120.80307,
                17.08436
              ],
              [
                120.803121,
                17.084358
              ],
              [
                120.803126,
                17.084358
              ],
              [
                120.803131,
                17.084356
              ],
              [
                120.803213,
                17.084321
              ],
              [
                120.8033,
                17.084306
              ],
              [
                120.80339,
                17.08433
              ],
              [
                120.803398,
                17.08433
              ],
              [
                120.803508,
                17.084329
              ],
              [
                120.803509,
                17.084329
              ],
              [
                120.803596,
                17.084324
              ],
              [
                120.803608,
                17.08432
              ],
              [
                120.803613,
                17.084317
              ],
              [
                120.803727,
                17.084218
              ],
              [
                120.803781,
                17.084194
              ],
              [
                120.803813,
                17.084198
              ],
              [
                120.803825,
                17.084223
              ],
              [
                120.803819,
                17.084273
              ],
              [
                120.803741,
                17.084599
              ],
              [
                120.803741,
                17.0846
              ],
              [
                120.803731,
                17.084653
              ],
              [
                120.80373,
                17.084658
              ],
              [
                120.803731,
                17.084664
              ],
              [
                120.803732,
                17.084668
              ],
              [
                120.803769,
                17.084755
              ],
              [
                120.803771,
                17.084759
              ],
              [
                120.803774,
                17.084763
              ],
              [
                120.803944,
                17.084952
              ],
              [
                120.80399,
                17.085056
              ],
              [
                120.804012,
                17.085182
              ],
              [
                120.804014,
                17.085188
              ],
              [
                120.804016,
                17.085193
              ],
              [
                120.80402,
                17.085197
              ],
              [
                120.804142,
                17.085308
              ],
              [
                120.804258,
                17.085422
              ],
              [
                120.804263,
                17.085425
              ],
              [
                120.804326,
                17.085465
              ],
              [
                120.804333,
                17.085468
              ],
              [
                120.80443,
                17.0855
              ],
              [
                120.804451,
                17.085507
              ],
              [
                120.804588,
                17.085644
              ],
              [
                120.804592,
                17.085647
              ],
              [
                120.804597,
                17.08565
              ],
              [
                120.804694,
                17.08569
              ],
              [
                120.8047,
                17.085692
              ],
              [
                120.804706,
                17.085693
              ],
              [
                120.804857,
                17.08569
              ],
              [
                120.804863,
                17.08569
              ],
              [
                120.804868,
                17.085688
              ],
              [
                120.804954,
                17.085653
              ],
              [
                120.804959,
                17.085651
              ],
              [
                120.804963,
                17.085647
              ],
              [
                120.80508,
                17.085532
              ],
              [
                120.805084,
                17.085528
              ],
              [
                120.805086,
                17.085523
              ],
              [
                120.805217,
                17.085197
              ],
              [
                120.805317,
                17.085129
              ],
              [
                120.80543,
                17.08509
              ],
              [
                120.805624,
                17.085067
              ],
              [
                120.8058,
                17.085058
              ],
              [
                120.805806,
                17.085057
              ],
              [
                120.805914,
                17.085028
              ],
              [
                120.805922,
                17.085127
              ],
              [
                120.805377,
                17.085258
              ],
              [
                120.805299,
                17.085656
              ],
              [
                120.805034,
                17.085909
              ],
              [
                120.804916,
                17.08594
              ],
              [
                120.80461,
                17.085922
              ],
              [
                120.804599,
                17.085904
              ],
              [
                120.80454,
                17.085917
              ],
              [
                120.80424,
                17.085686
              ],
              [
                120.804183,
                17.085717
              ],
              [
                120.804154,
                17.085653
              ],
              [
                120.803733,
                17.085251
              ],
              [
                120.80365,
                17.085112
              ],
              [
                120.80358,
                17.084751
              ],
              [
                120.803223,
                17.084443
              ],
              [
                120.80307,
                17.08436
              ]
            ]
          ],
          [
            [
              [
                120.804126,
                17.084605
              ],
              [
                120.804128,
                17.084554
              ],
              [
                120.804285,
                17.084314
              ],
              [
                120.804286,
                17.084313
              ],
              [
                120.804341,
                17.084223
              ],
              [
                120.8044,
                17.084154
              ],
              [
                120.804605,
                17.084057
              ],
              [
                120.804717,
                17.084276
              ],
              [
                120.80454,
                17.084361
              ],
              [
                120.804369,
                17.084604
              ],
              [
                120.804411,
                17.084745
              ],
              [
                120.804444,
                17.084733
              ],
              [
                120.804484,
                17.084845
              ],
              [
                120.804441,
                17.084856
              ],
              [
                120.804594,
                17.085081
              ],
              [
                120.804666,
                17.085289
              ],
              [
                120.804715,
                17.085327
              ],
              [
                120.804838,
                17.085189
              ],
              [
                120.804921,
                17.085145
              ],
              [
                120.804935,
                17.085007
              ],
              [
                120.805221,
                17.084845
              ],
              [
                120.805278,
                17.084848
              ],
              [
                120.805283,
                17.084822
              ],
              [
                120.805385,
                17.084797
              ],
              [
                120.805686,
                17.084771
              ],
              [
                120.805771,
                17.08471
              ],
              [
                120.805887,
                17.084712
              ],
              [
                120.805909,
                17.084973
              ],
              [
                120.805794,
                17.085005
              ],
              [
                120.80562,
                17.085013
              ],
              [
                120.805618,
                17.085013
              ],
              [
                120.80542,
                17.085036
              ],
              [
                120.805414,
                17.085038
              ],
              [
                120.805294,
                17.085079
              ],
              [
                120.805287,
                17.085083
              ],
              [
                120.805177,
                17.085158
              ],
              [
                120.805169,
                17.085166
              ],
              [
                120.805167,
                17.08517
              ],
              [
                120.805036,
                17.085498
              ],
              [
                120.804927,
                17.085606
              ],
              [
                120.804851,
                17.085637
              ],
              [
                120.804711,
                17.085639
              ],
              [
                120.804625,
                17.085602
              ],
              [
                120.80449,
                17.085468
              ],
              [
                120.804379,
                17.085275
              ],
              [
                120.804359,
                17.085164
              ],
              [
                120.804358,
                17.085162
              ],
              [
                120.804345,
                17.085111
              ],
              [
                120.804343,
                17.085105
              ],
              [
                120.804321,
                17.085064
              ],
              [
                120.804318,
                17.085059
              ],
              [
                120.804221,
                17.084946
              ],
              [
                120.804184,
                17.084875
              ],
              [
                120.804126,
                17.084605
              ]
            ]
          ],
          [
            [
              [
                120.802692,
                17.083364
              ],
              [
                120.802915,
                17.083433
              ],
              [
                120.803057,
                17.083564
              ],
              [
                120.803154,
                17.083781
              ],
              [
                120.803159,
                17.084028
              ],
              [
                120.803505,
                17.084022
              ],
              [
                120.803765,
                17.083887
              ],
              [
                120.803996,
                17.083938
              ],
              [
                120.804239,
                17.084282
              ],
              [
                120.804237,
                17.084285
              ],
              [
                120.804076,
                17.084531
              ],
              [
                120.804074,
                17.084535
              ],
              [
                120.804073,
                17.08454
              ],
              [
                120.804072,
                17.084544
              ],
              [
                120.804069,
                17.084606
              ],
              [
                120.80407,
                17.084612
              ],
              [
                120.804129,
                17.084889
              ],
              [
                120.804131,
                17.084896
              ],
              [
                120.804172,
                17.084973
              ],
              [
                120.804175,
                17.084978
              ],
              [
                120.804272,
                17.085091
              ],
              [
                120.804291,
                17.085127
              ],
              [
                120.804303,
                17.085174
              ],
              [
                120.804325,
                17.085289
              ],
              [
                120.804326,
                17.085293
              ],
              [
                120.804328,
                17.085297
              ],
              [
                120.804407,
                17.085436
              ],
              [
                120.804354,
                17.085418
              ],
              [
                120.804296,
                17.085382
              ],
              [
                120.804182,
                17.08527
              ],
              [
                120.804181,
                17.08527
              ],
              [
                120.804066,
                17.085164
              ],
              [
                120.804045,
                17.085044
              ],
              [
                120.804043,
                17.085038
              ],
              [
                120.803995,
                17.084928
              ],
              [
                120.803993,
                17.084924
              ],
              [
                120.80399,
                17.084921
              ],
              [
                120.80382,
                17.084731
              ],
              [
                120.803788,
                17.084656
              ],
              [
                120.803797,
                17.08461
              ],
              [
                120.803874,
                17.084284
              ],
              [
                120.803875,
                17.084281
              ],
              [
                120.803882,
                17.084222
              ],
              [
                120.803882,
                17.084217
              ],
              [
                120.803881,
                17.084212
              ],
              [
                120.803879,
                17.084207
              ],
              [
                120.803858,
                17.084162
              ],
              [
                120.803855,
                17.084158
              ],
              [
                120.803851,
                17.084154
              ],
              [
                120.803847,
                17.084151
              ],
              [
                120.803842,
                17.084148
              ],
              [
                120.803836,
                17.084147
              ],
              [
                120.803781,
                17.084139
              ],
              [
                120.803776,
                17.084139
              ],
              [
                120.80377,
                17.08414
              ],
              [
                120.803765,
                17.084142
              ],
              [
                120.803699,
                17.084171
              ],
              [
                120.803693,
                17.084175
              ],
              [
                120.803582,
                17.08427
              ],
              [
                120.803506,
                17.084275
              ],
              [
                120.803401,
                17.084276
              ],
              [
                120.803308,
                17.084253
              ],
              [
                120.803302,
                17.084252
              ],
              [
                120.803296,
                17.084252
              ],
              [
                120.8032,
                17.084269
              ],
              [
                120.803194,
                17.084271
              ],
              [
                120.803114,
                17.084305
              ],
              [
                120.803049,
                17.084307
              ],
              [
                120.802965,
                17.084248
              ],
              [
                120.802901,
                17.084156
              ],
              [
                120.802887,
                17.084069
              ],
              [
                120.8029,
                17.08385
              ],
              [
                120.802899,
                17.083843
              ],
              [
                120.802897,
                17.083837
              ],
              [
                120.802832,
                17.083702
              ],
              [
                120.802824,
                17.083692
              ],
              [
                120.802744,
                17.083632
              ],
              [
                120.802741,
                17.08363
              ],
              [
                120.802692,
                17.083364
              ]
            ]
          ],
          [
            [
              [
                120.802378,
                17.083846
              ],
              [
                120.802495,
                17.083628
              ],
              [
                120.802518,
                17.083642
              ],
              [
                120.802523,
                17.083645
              ],
              [
                120.802529,
                17.083646
              ],
              [
                120.802651,
                17.083666
              ],
              [
                120.802715,
                17.083679
              ],
              [
                120.802783,
                17.083731
              ],
              [
                120.802843,
                17.083854
              ],
              [
                120.80283,
                17.084068
              ],
              [
                120.802831,
                17.084074
              ],
              [
                120.802847,
                17.084171
              ],
              [
                120.802848,
                17.084176
              ],
              [
                120.802851,
                17.084181
              ],
              [
                120.802918,
                17.084278
              ],
              [
                120.802749,
                17.084187
              ],
              [
                120.802738,
                17.083705
              ],
              [
                120.802601,
                17.083902
              ],
              [
                120.802378,
                17.083846
              ]
            ]
          ]
        ]
      }
    },
    {
      "type": "Feature",
      "properties": {
        "classification": "C-3",
        "road_carve_m": 3
      },
      "geometry": {
        "type": "MultiPolygon",
        "coordinates": [
          [
            [
              [
                120.826685,
                17.087151
              ],
              [
                120.826851,
                17.086955
              ],
              [
                120.82721,
                17.087307
              ],
              [
                120.827183,
                17.087912
              ],
              [
                120.827495,
                17.088035
              ],
              [
                120.827723,
                17.08825
              ],
              [
                120.827687,
                17.088578
              ],
              [
                120.827672,
                17.088637
              ],
              [
                120.827596,
                17.088778
              ],
              [
                120.82758,
                17.088863
              ],
              [
                120.827533,
                17.088821
              ],
              [
                120.827484,
                17.088855
              ],
              [
                120.827508,
                17.088878
              ],
              [
                120.827248,
                17.08893
              ],
              [
                120.827025,
                17.088907
              ],
              [
                120.827038,
                17.088647
              ],
              [
                120.827041,
                17.088647
              ],
              [
                120.827172,
                17.08866
              ],
              [
                120.827227,
                17.088669
              ],
              [
                120.827264,
                17.088669
              ],
              [
                120.827274,
                17.088667
              ],
              [
                120.82736,
                17.088634
              ],
              [
                120.827365,
                17.088632
              ],
              [
                120.827369,
                17.088629
              ],
              [
                120.827408,
                17.088595
              ],
              [
                120.827413,
                17.08859
              ],
              [
                120.827442,
                17.088545
              ],
              [
                120.827444,
                17.088541
              ],
              [
                120.827445,
                17.088537
              ],
              [
                120.827461,
                17.088482
              ],
              [
                120.827462,
                17.088478
              ],
              [
                120.827462,
                17.088474
              ],
              [
                120.827459,
                17.088414
              ],
              [
                120.827458,
                17.088409
              ],
              [
                120.827456,
                17.088403
              ],
              [
                120.827453,
                17.088399
              ],
              [
                120.827394,
                17.088323
              ],
              [
                120.827391,
                17.08832
              ],
              [
                120.827387,
                17.088317
              ],
              [
                120.827249,
                17.088224
              ],
              [
                120.827245,
                17.088222
              ],
              [
                120.826992,
                17.0881
              ],
              [
                120.826926,
                17.08805
              ],
              [
                120.826891,
                17.08801
              ],
              [
                120.826875,
                17.087967
              ],
              [
                120.826871,
                17.087922
              ],
              [
                120.826905,
                17.087632
              ],
              [
                120.826922,
                17.087541
              ],
              [
                120.826923,
                17.087537
              ],
              [
                120.826925,
                17.087493
              ],
              [
                120.826925,
                17.087492
              ],
              [
                120.826924,
                17.08744
              ],
              [
                120.826923,
                17.087434
              ],
              [
                120.826921,
                17.087429
              ],
              [
                120.826896,
                17.087381
              ],
              [
                120.826892,
                17.087375
              ],
              [
                120.826685,
                17.087151
              ]
            ]
          ],
          [
            [
              [
                120.826695,
                17.087927
              ],
              [
                120.826847,
                17.087408
              ],
              [
                120.826868,
                17.087447
              ],
              [
                120.826868,
                17.087492
              ],
              [
                120.826866,
                17.087533
              ],
              [
                120.826849,
                17.087623
              ],
              [
                120.826849,
                17.087625
              ],
              [
                120.826815,
                17.087918
              ],
              [
                120.826815,
                17.087924
              ],
              [
                120.826819,
                17.087975
              ],
              [
                120.826821,
                17.087982
              ],
              [
                120.82684,
                17.088032
              ],
              [
                120.826842,
                17.088037
              ],
              [
                120.826844,
                17.08804
              ],
              [
                120.826884,
                17.088087
              ],
              [
                120.826888,
                17.088091
              ],
              [
                120.826959,
                17.088144
              ],
              [
                120.826964,
                17.088147
              ],
              [
                120.827218,
                17.088269
              ],
              [
                120.827351,
                17.088359
              ],
              [
                120.827403,
                17.088425
              ],
              [
                120.827405,
                17.088472
              ],
              [
                120.827392,
                17.088519
              ],
              [
                120.827367,
                17.088558
              ],
              [
                120.827334,
                17.088586
              ],
              [
                120.827258,
                17.088615
              ],
              [
                120.827234,
                17.088615
              ],
              [
                120.82718,
                17.088607
              ],
              [
                120.827178,
                17.088607
              ],
              [
                120.827166,
                17.088605
              ],
              [
                120.82721,
                17.088599
              ],
              [
                120.826701,
                17.088353
              ],
              [
                120.826695,
                17.087927
              ]
            ]
          ]
        ]
      }
    },
    {
      "type": "Feature",
      "properties": {
        "classification": "R-7"
      },
      "geometry": {
        "type": "MultiPolygon",
        "coordinates": [
          [
            [
              [
                120.827977,
                17.087222
              ],
              [
                120.828042,
                17.087138
              ],
              [
                120.827999,
                17.086991
              ],
              [
                120.828082,
                17.086958
              ],
              [
                120.828109,
                17.086856
              ],
              [
                120.82801,
                17.08675
              ],
              [
                120.828114,
                17.086671
              ],
              [
                120.828278,
                17.086838
              ],
              [
                120.828173,
                17.087007
              ],
              [
                120.828211,
                17.087099
              ],
              [
                120.828071,
                17.087307
              ],
              [
                120.827977,
                17.087222
              ]
            ]
          ],
          [
            [
              [
                120.827334,
                17.086679
              ],
              [
                120.827385,
                17.086571
              ],
              [
                120.827559,
                17.086645
              ],
              [
                120.827503,
                17.086743
              ],
              [
                120.827334,
                17.086679
              ]
            ]
          ]
        ]
      }
    },
    {
      "type": "Feature",
      "properties": {
        "classification": "R-5",
        "road_carve_m": 3
      },
      "geometry": {
        "type": "MultiPolygon",
        "coordinates": [
          [
            [
              [
                120.854239,
                17.076907
              ],
              [
                120.854248,
                17.076909
              ],
              [
                120.854369,
                17.076928
              ],
              [
                120.854602,
                17.076997
              ],
              [
                120.854658,
                17.077024
              ],
              [
                120.854725,
                17.077102
              ],
              [
                120.854844,
                17.077257
              ],
              [
                120.854959,
                17.077402
              ],
              [
                120.855006,
                17.077465
              ],
              [
                120.855037,
                17.07758
              ],
              [
                120.855064,
                17.077726
              ],
              [
                120.855065,
                17.077731
              ],
              [
                120.855068,
                17.077736
              ],
              [
                120.855113,
                17.077806
              ],
              [
                120.855117,
                17.077811
              ],
              [
                120.855121,
                17.077814
              ],
              [
                120.855179,
                17.077853
              ],
              [
                120.855189,
                17.077857
              ],
              [
                120.855261,
                17.077872
              ],
              [
                120.855266,
                17.077873
              ],
              [
                120.855358,
                17.077877
              ],
              [
                120.85546,
                17.077893
              ],
              [
                120.855554,
                17.077926
              ],
              [
                120.855652,
                17.077973
              ],
              [
                120.855659,
                17.077975
              ],
              [
                120.855791,
                17.078001
              ],
              [
                120.855195,
                17.078092
              ],
              [
                120.854239,
                17.076907
              ]
            ]
          ],
          [
            [
              [
                120.854306,
                17.07535
              ],
              [
                120.854327,
                17.075293
              ],
              [
                120.854367,
                17.075216
              ],
              [
                120.854551,
                17.074994
              ],
              [
                120.854552,
                17.074992
              ],
              [
                120.854739,
                17.075151
              ],
              [
                120.854573,
                17.075346
              ],
              [
                120.854624,
                17.0754
              ],
              [
                120.854669,
                17.07549
              ],
              [
                120.854929,
                17.075323
              ],
              [
                120.854978,
                17.075297
              ],
              [
                120.855039,
                17.075228
              ],
              [
                120.855241,
                17.075167
              ],
              [
                120.855315,
                17.075401
              ],
              [
                120.855314,
                17.075401
              ],
              [
                120.855309,
                17.075402
              ],
              [
                120.855178,
                17.075441
              ],
              [
                120.855173,
                17.075443
              ],
              [
                120.855165,
                17.075449
              ],
              [
                120.855115,
                17.075501
              ],
              [
                120.855017,
                17.07555
              ],
              [
                120.855014,
                17.075552
              ],
              [
                120.85491,
                17.075622
              ],
              [
                120.854905,
                17.075626
              ],
              [
                120.854902,
                17.07563
              ],
              [
                120.854899,
                17.075636
              ],
              [
                120.854898,
                17.075641
              ],
              [
                120.85487,
                17.075907
              ],
              [
                120.854836,
                17.075909
              ],
              [
                120.854832,
                17.075909
              ],
              [
                120.854569,
                17.075955
              ],
              [
                120.854564,
                17.075957
              ],
              [
                120.854463,
                17.075993
              ],
              [
                120.854416,
                17.075964
              ],
              [
                120.854437,
                17.075826
              ],
              [
                120.85444,
                17.075822
              ],
              [
                120.854442,
                17.075817
              ],
              [
                120.854443,
                17.075811
              ],
              [
                120.854449,
                17.075668
              ],
              [
                120.85445,
                17.075667
              ],
              [
                120.85445,
                17.075603
              ],
              [
                120.854449,
                17.075597
              ],
              [
                120.854447,
                17.075592
              ],
              [
                120.854429,
                17.075549
              ],
              [
                120.854425,
                17.075543
              ],
              [
                120.854421,
                17.075538
              ],
              [
                120.85436,
                17.07549
              ],
              [
                120.854358,
                17.075488
              ],
              [
                120.854316,
                17.07546
              ],
              [
                120.85431,
                17.075414
              ],
              [
                120.854306,
                17.07535
              ]
            ]
          ],
          [
            [
              [
                120.853851,
                17.075881
              ],
              [
                120.853885,
                17.076118
              ],
              [
                120.854022,
                17.07614
              ],
              [
                120.854022,
                17.076141
              ],
              [
                120.854035,
                17.076268
              ],
              [
                120.854035,
                17.07627
              ],
              [
                120.854054,
                17.076362
              ],
              [
                120.854053,
                17.076389
              ],
              [
                120.854045,
                17.076408
              ],
              [
                120.853977,
                17.076501
              ],
              [
                120.853976,
                17.076503
              ],
              [
                120.853939,
                17.076562
              ],
              [
                120.853923,
                17.076584
              ],
              [
                120.853918,
                17.076556
              ],
              [
                120.853851,
                17.075882
              ],
              [
                120.853851,
                17.075881
              ]
            ]
          ]
        ]
      }
    },
    {
      "type": "Feature",
      "properties": {
        "classification": "R-5",
        "road_carve_m": 3
      },
      "geometry": {
        "type": "MultiPolygon",
        "coordinates": [
          [
            [
              [
                120.856296,
                17.07795
              ],
              [
                120.856313,
                17.077791
              ],
              [
                120.856438,
                17.077736
              ],
              [
                120.856653,
                17.077818
              ],
              [
                120.857289,
                17.078272
              ],
              [
                120.857645,
                17.078664
              ],
              [
                120.857787,
                17.078751
              ],
              [
                120.857964,
                17.078807
              ],
              [
                120.858115,
                17.07899
              ],
              [
                120.85812,
                17.079095
              ],
              [
                120.85787,
                17.079125
              ],
              [
                120.857871,
                17.079079
              ],
              [
                120.85787,
                17.079073
              ],
              [
                120.857868,
                17.079068
              ],
              [
                120.857865,
                17.079063
              ],
              [
                120.85785,
                17.079042
              ],
              [
                120.857846,
                17.079038
              ],
              [
                120.857824,
                17.079019
              ],
              [
                120.857821,
                17.079016
              ],
              [
                120.857816,
                17.079014
              ],
              [
                120.857775,
                17.078996
              ],
              [
                120.857773,
                17.078995
              ],
              [
                120.857673,
                17.078961
              ],
              [
                120.857517,
                17.078879
              ],
              [
                120.857441,
                17.078814
              ],
              [
                120.85736,
                17.078703
              ],
              [
                120.857358,
                17.078702
              ],
              [
                120.857206,
                17.078527
              ],
              [
                120.857203,
                17.078525
              ],
              [
                120.857085,
                17.078421
              ],
              [
                120.857083,
                17.078419
              ],
              [
                120.856744,
                17.078176
              ],
              [
                120.856743,
                17.078175
              ],
              [
                120.856491,
                17.078008
              ],
              [
                120.856486,
                17.078006
              ],
              [
                120.856361,
                17.077955
              ],
              [
                120.856356,
                17.077953
              ],
              [
                120.856351,
                17.077952
              ],
              [
                120.856299,
                17.07795
              ],
              [
                120.856296,
                17.07795
              ]
            ]
          ],
          [
            [
              [
                120.856849,
                17.078623
              ],
              [
                120.856983,
                17.078415
              ],
              [
                120.857048,
                17.078462
              ],
              [
                120.857163,
                17.078563
              ],
              [
                120.857314,
                17.078735
              ],
              [
                120.857397,
                17.078847
              ],
              [
                120.857401,
                17.078852
              ],
              [
                120.857481,
                17.078921
              ],
              [
                120.857487,
                17.078925
              ],
              [
                120.857648,
                17.079009
              ],
              [
                120.857652,
                17.079011
              ],
              [
                120.857753,
                17.079045
              ],
              [
                120.857789,
                17.079061
              ],
              [
                120.857806,
                17.079076
              ],
              [
                120.857814,
                17.079087
              ],
              [
                120.857809,
                17.079369
              ],
              [
                120.857797,
                17.079408
              ],
              [
                120.857773,
                17.079435
              ],
              [
                120.857734,
                17.079455
              ],
              [
                120.857646,
                17.079474
              ],
              [
                120.857522,
                17.079485
              ],
              [
                120.857477,
                17.07948
              ],
              [
                120.857346,
                17.079392
              ],
              [
                120.857284,
                17.079333
              ],
              [
                120.85721,
                17.079265
              ],
              [
                120.857208,
                17.079263
              ],
              [
                120.857178,
                17.079241
              ],
              [
                120.857428,
                17.079084
              ],
              [
                120.857133,
                17.078895
              ],
              [
                120.856849,
                17.078623
              ]
            ]
          ]
        ]
      }
    },
    {
      "type": "Feature",
      "properties": {
        "classification": "C-3",
        "road_carve_m": 3
      },
      "geometry": {
        "type": "MultiPolygon",
        "coordinates": [
          [
            [
              [
                120.853954,
                17.076666
              ],
              [
                120.853961,
                17.076627
              ],
              [
                120.853986,
                17.076592
              ],
              [
                120.853987,
                17.076591
              ],
              [
                120.854024,
                17.076531
              ],
              [
                120.854093,
                17.076436
              ],
              [
                120.854096,
                17.07643
              ],
              [
                120.854107,
                17.076404
              ],
              [
                120.854108,
                17.0764
              ],
              [
                120.854109,
                17.076395
              ],
              [
                120.85411,
                17.076361
              ],
              [
                120.85411,
                17.076355
              ],
              [
                120.854091,
                17.076261
              ],
              [
                120.854078,
                17.076139
              ],
              [
                120.854089,
                17.076061
              ],
              [
                120.854144,
                17.07591
              ],
              [
                120.854209,
                17.075726
              ],
              [
                120.854302,
                17.075517
              ],
              [
                120.854325,
                17.075532
              ],
              [
                120.854379,
                17.075575
              ],
              [
                120.854393,
                17.075608
              ],
              [
                120.854393,
                17.075666
              ],
              [
                120.854387,
                17.075796
              ],
              [
                120.854384,
                17.075801
              ],
              [
                120.854383,
                17.075806
              ],
              [
                120.854358,
                17.075973
              ],
              [
                120.854358,
                17.075978
              ],
              [
                120.85436,
                17.075988
              ],
              [
                120.854366,
                17.075996
              ],
              [
                120.85437,
                17.076
              ],
              [
                120.854443,
                17.076046
              ],
              [
                120.854448,
                17.076048
              ],
              [
                120.854458,
                17.07605
              ],
              [
                120.854464,
                17.07605
              ],
              [
                120.854469,
                17.076048
              ],
              [
                120.854582,
                17.076008
              ],
              [
                120.85484,
                17.075963
              ],
              [
                120.854897,
                17.07596
              ],
              [
                120.854903,
                17.075959
              ],
              [
                120.854908,
                17.075957
              ],
              [
                120.854913,
                17.075954
              ],
              [
                120.854917,
                17.075951
              ],
              [
                120.854921,
                17.075946
              ],
              [
                120.854923,
                17.075941
              ],
              [
                120.854924,
                17.075936
              ],
              [
                120.854953,
                17.075659
              ],
              [
                120.855045,
                17.075597
              ],
              [
                120.855145,
                17.075547
              ],
              [
                120.855153,
                17.075541
              ],
              [
                120.855202,
                17.075491
              ],
              [
                120.855325,
                17.075454
              ],
              [
                120.85533,
                17.075452
              ],
              [
                120.855331,
                17.075452
              ],
              [
                120.855404,
                17.075685
              ],
              [
                120.855179,
                17.075808
              ],
              [
                120.855144,
                17.076197
              ],
              [
                120.85496,
                17.076216
              ],
              [
                120.854861,
                17.076149
              ],
              [
                120.854754,
                17.076133
              ],
              [
                120.854598,
                17.076236
              ],
              [
                120.854597,
                17.076254
              ],
              [
                120.85435,
                17.076279
              ],
              [
                120.854345,
                17.076579
              ],
              [
                120.85438,
                17.076623
              ],
              [
                120.854771,
                17.076744
              ],
              [
                120.85487,
                17.076795
              ],
              [
                120.855275,
                17.077315
              ],
              [
                120.855342,
                17.077549
              ],
              [
                120.855372,
                17.077579
              ],
              [
                120.855565,
                17.077613
              ],
              [
                120.855758,
                17.077687
              ],
              [
                120.856123,
                17.077754
              ],
              [
                120.856262,
                17.077702
              ],
              [
                120.856394,
                17.077713
              ],
              [
                120.856445,
                17.077733
              ],
              [
                120.855909,
                17.077968
              ],
              [
                120.855674,
                17.077923
              ],
              [
                120.855578,
                17.077877
              ],
              [
                120.855575,
                17.077876
              ],
              [
                120.855477,
                17.077841
              ],
              [
                120.855472,
                17.07784
              ],
              [
                120.855366,
                17.077823
              ],
              [
                120.855363,
                17.077823
              ],
              [
                120.855271,
                17.077819
              ],
              [
                120.855207,
                17.077805
              ],
              [
                120.855158,
                17.077773
              ],
              [
                120.855119,
                17.077712
              ],
              [
                120.855093,
                17.07757
              ],
              [
                120.855092,
                17.077567
              ],
              [
                120.855059,
                17.077447
              ],
              [
                120.855057,
                17.077442
              ],
              [
                120.855055,
                17.077438
              ],
              [
                120.855005,
                17.07737
              ],
              [
                120.855004,
                17.077369
              ],
              [
                120.854889,
                17.077225
              ],
              [
                120.85477,
                17.07707
              ],
              [
                120.854769,
                17.077069
              ],
              [
                120.854698,
                17.076985
              ],
              [
                120.854694,
                17.076982
              ],
              [
                120.854689,
                17.076978
              ],
              [
                120.854626,
                17.076948
              ],
              [
                120.854621,
                17.076946
              ],
              [
                120.854384,
                17.076875
              ],
              [
                120.85438,
                17.076875
              ],
              [
                120.854257,
                17.076855
              ],
              [
                120.854115,
                17.076834
              ],
              [
                120.854067,
                17.07682
              ],
              [
                120.853995,
                17.076739
              ],
              [
                120.853963,
                17.076702
              ],
              [
                120.853954,
                17.076666
              ]
            ]
          ],
          [
            [
              [
                120.854011,
                17.075294
              ],
              [
                120.854036,
                17.075203
              ],
              [
                120.854117,
                17.075046
              ],
              [
                120.854331,
                17.074805
              ],
              [
                120.85451,
                17.074957
              ],
              [
                120.854506,
                17.07496
              ],
              [
                120.854321,
                17.075185
              ],
              [
                120.854318,
                17.075189
              ],
              [
                120.854275,
                17.07527
              ],
              [
                120.854274,
                17.075273
              ],
              [
                120.854251,
                17.075338
              ],
              [
                120.85425,
                17.075343
              ],
              [
                120.85425,
                17.075348
              ],
              [
                120.854254,
                17.075418
              ],
              [
                120.854254,
                17.07542
              ],
              [
                120.854261,
                17.075472
              ],
              [
                120.854242,
                17.075514
              ],
              [
                120.85425,
                17.075496
              ],
              [
                120.854196,
                17.07539
              ],
              [
                120.854011,
                17.075294
              ]
            ]
          ]
        ]
      }
    },
    {
      "type": "Feature",
      "properties": {
        "classification": "C-2",
        "source": "road+band-tag",
        "buffer_m": 30,
        "road_keys": [
          "225524823|payeo|120.86254333139678,17.08725401661596"
        ],
        "band_keys": [
          "225524823__payeo__0-30"
        ],
        "road_carve_m": 3
      },
      "geometry": {
        "type": "MultiPolygon",
        "coordinates": [
          [
            [
              [
                120.861118,
                17.08928
              ],
              [
                120.861126,
                17.089204
              ],
              [
                120.861154,
                17.089142
              ],
              [
                120.861189,
                17.089066
              ],
              [
                120.86119,
                17.089064
              ],
              [
                120.86122,
                17.088979
              ],
              [
                120.861222,
                17.088976
              ],
              [
                120.861239,
                17.08889
              ],
              [
                120.861255,
                17.088824
              ],
              [
                120.861293,
                17.088772
              ],
              [
                120.861373,
                17.088716
              ],
              [
                120.861441,
                17.088677
              ],
              [
                120.86156,
                17.088606
              ],
              [
                120.861671,
                17.088539
              ],
              [
                120.861801,
                17.088472
              ],
              [
                120.861937,
                17.088427
              ],
              [
                120.862084,
                17.088535
              ],
              [
                120.862103,
                17.088601
              ],
              [
                120.862068,
                17.08863
              ],
              [
                120.861805,
                17.08874
              ],
              [
                120.861475,
                17.088948
              ],
              [
                120.861459,
                17.089048
              ],
              [
                120.861365,
                17.08926
              ],
              [
                120.861376,
                17.089309
              ],
              [
                120.861602,
                17.089327
              ],
              [
                120.861768,
                17.089422
              ],
              [
                120.861851,
                17.089509
              ],
              [
                120.861824,
                17.089606
              ],
              [
                120.861669,
                17.089683
              ],
              [
                120.861658,
                17.089681
              ],
              [
                120.861655,
                17.089662
              ],
              [
                120.861654,
                17.089657
              ],
              [
                120.861652,
                17.089652
              ],
              [
                120.861649,
                17.089648
              ],
              [
                120.861614,
                17.089608
              ],
              [
                120.861606,
                17.089602
              ],
              [
                120.861526,
                17.089562
              ],
              [
                120.861521,
                17.089561
              ],
              [
                120.861473,
                17.089554
              ],
              [
                120.861468,
                17.089554
              ],
              [
                120.861373,
                17.089555
              ],
              [
                120.861282,
                17.089555
              ],
              [
                120.861258,
                17.089545
              ],
              [
                120.861211,
                17.089517
              ],
              [
                120.861176,
                17.089479
              ],
              [
                120.861159,
                17.089442
              ],
              [
                120.861126,
                17.089337
              ],
              [
                120.861118,
                17.08928
              ]
            ]
          ],
          [
            [
              [
                120.858872,
                17.089904
              ],
              [
                120.858875,
                17.089896
              ],
              [
                120.858995,
                17.089765
              ],
              [
                120.859,
                17.089759
              ],
              [
                120.859041,
                17.089679
              ],
              [
                120.859044,
                17.089671
              ],
              [
                120.859054,
                17.089614
              ],
              [
                120.859055,
                17.089606
              ],
              [
                120.859048,
                17.08955
              ],
              [
                120.859281,
                17.089522
              ],
              [
                120.859319,
                17.089655
              ],
              [
                120.859268,
                17.089771
              ],
              [
                120.859206,
                17.089894
              ],
              [
                120.859281,
                17.089973
              ],
              [
                120.859531,
                17.089855
              ],
              [
                120.859729,
                17.089858
              ],
              [
                120.859831,
                17.089924
              ],
              [
                120.860094,
                17.089881
              ],
              [
                120.860277,
                17.089963
              ],
              [
                120.860333,
                17.089878
              ],
              [
                120.860553,
                17.089781
              ],
              [
                120.860767,
                17.089799
              ],
              [
                120.860835,
                17.089403
              ],
              [
                120.860817,
                17.089286
              ],
              [
                120.860835,
                17.089126
              ],
              [
                120.860882,
                17.08902
              ],
              [
                120.860913,
                17.088952
              ],
              [
                120.860933,
                17.088897
              ],
              [
                120.860948,
                17.088826
              ],
              [
                120.860979,
                17.088697
              ],
              [
                120.861082,
                17.088557
              ],
              [
                120.861212,
                17.088466
              ],
              [
                120.86129,
                17.088421
              ],
              [
                120.861406,
                17.088352
              ],
              [
                120.861524,
                17.08828
              ],
              [
                120.861605,
                17.088238
              ],
              [
                120.861845,
                17.088385
              ],
              [
                120.861778,
                17.088412
              ],
              [
                120.861639,
                17.088484
              ],
              [
                120.861527,
                17.088553
              ],
              [
                120.861408,
                17.088623
              ],
              [
                120.861338,
                17.088663
              ],
              [
                120.861248,
                17.088727
              ],
              [
                120.861195,
                17.088798
              ],
              [
                120.861176,
                17.088877
              ],
              [
                120.861159,
                17.088961
              ],
              [
                120.86113,
                17.089041
              ],
              [
                120.861095,
                17.089116
              ],
              [
                120.861063,
                17.089188
              ],
              [
                120.861053,
                17.089282
              ],
              [
                120.861063,
                17.089351
              ],
              [
                120.861099,
                17.089465
              ],
              [
                120.8611,
                17.089467
              ],
              [
                120.861089,
                17.089513
              ],
              [
                120.86106,
                17.089626
              ],
              [
                120.86103,
                17.089708
              ],
              [
                120.861026,
                17.089717
              ],
              [
                120.861025,
                17.089721
              ],
              [
                120.861022,
                17.089736
              ],
              [
                120.861021,
                17.08974
              ],
              [
                120.86102,
                17.089746
              ],
              [
                120.86102,
                17.089748
              ],
              [
                120.861019,
                17.089748
              ],
              [
                120.861019,
                17.089751
              ],
              [
                120.861012,
                17.089788
              ],
              [
                120.861011,
                17.089792
              ],
              [
                120.861009,
                17.08988
              ],
              [
                120.861009,
                17.089882
              ],
              [
                120.861015,
                17.090008
              ],
              [
                120.86101,
                17.090059
              ],
              [
                120.860996,
                17.090077
              ],
              [
                120.860984,
                17.090084
              ],
              [
                120.860965,
                17.090087
              ],
              [
                120.860869,
                17.090065
              ],
              [
                120.86076,
                17.090037
              ],
              [
                120.860754,
                17.090036
              ],
              [
                120.860672,
                17.090031
              ],
              [
                120.860671,
                17.090031
              ],
              [
                120.860599,
                17.090029
              ],
              [
                120.860593,
                17.09003
              ],
              [
                120.860587,
                17.090032
              ],
              [
                120.860537,
                17.090053
              ],
              [
                120.860532,
                17.090055
              ],
              [
                120.860489,
                17.090083
              ],
              [
                120.860485,
                17.090086
              ],
              [
                120.860479,
                17.090094
              ],
              [
                120.860451,
                17.090157
              ],
              [
                120.860449,
                17.090162
              ],
              [
                120.860439,
                17.090211
              ],
              [
                120.860438,
                17.090213
              ],
              [
                120.86043,
                17.090277
              ],
              [
                120.860417,
                17.090306
              ],
              [
                120.860395,
                17.090329
              ],
              [
                120.860383,
                17.090335
              ],
              [
                120.860363,
                17.090333
              ],
              [
                120.860327,
                17.090326
              ],
              [
                120.860283,
                17.090315
              ],
              [
                120.860246,
                17.090291
              ],
              [
                120.860179,
                17.090228
              ],
              [
                120.860141,
                17.090188
              ],
              [
                120.860133,
                17.090182
              ],
              [
                120.860079,
                17.090157
              ],
              [
                120.860072,
                17.090154
              ],
              [
                120.860023,
                17.090145
              ],
              [
                120.860019,
                17.090144
              ],
              [
                120.860015,
                17.090144
              ],
              [
                120.859955,
                17.090151
              ],
              [
                120.85995,
                17.090152
              ],
              [
                120.859946,
                17.090153
              ],
              [
                120.859884,
                17.090182
              ],
              [
                120.859844,
                17.090196
              ],
              [
                120.859801,
                17.090196
              ],
              [
                120.85978,
                17.090189
              ],
              [
                120.859732,
                17.090164
              ],
              [
                120.859668,
                17.090115
              ],
              [
                120.859663,
                17.090112
              ],
              [
                120.859657,
                17.09011
              ],
              [
                120.859613,
                17.090099
              ],
              [
                120.859605,
                17.090099
              ],
              [
                120.859575,
                17.0901
              ],
              [
                120.859565,
                17.090102
              ],
              [
                120.859516,
                17.090123
              ],
              [
                120.859512,
                17.090125
              ],
              [
                120.859407,
                17.090189
              ],
              [
                120.859404,
                17.090191
              ],
              [
                120.859306,
                17.09027
              ],
              [
                120.859275,
                17.090275
              ],
              [
                120.859251,
                17.090273
              ],
              [
                120.859173,
                17.090221
              ],
              [
                120.859065,
                17.090096
              ],
              [
                120.859064,
                17.090095
              ],
              [
                120.858979,
                17.090012
              ],
              [
                120.858977,
                17.090008
              ],
              [
                120.858973,
                17.090004
              ],
              [
                120.858969,
                17.090001
              ],
              [
                120.858968,
                17.09
              ],
              [
                120.85896,
                17.089993
              ],
              [
                120.858958,
                17.089991
              ],
              [
                120.858887,
                17.089933
              ],
              [
                120.858875,
                17.089916
              ],
              [
                120.858872,
                17.089904
              ]
            ]
          ],
          [
            [
              [
                120.858197,
                17.090888
              ],
              [
                120.858236,
                17.090768
              ],
              [
                120.858304,
                17.090663
              ],
              [
                120.85836,
                17.090547
              ],
              [
                120.858465,
                17.090478
              ],
              [
                120.858569,
                17.090446
              ],
              [
                120.858715,
                17.090327
              ],
              [
                120.85896,
                17.09007
              ],
              [
                120.859022,
                17.090131
              ],
              [
                120.859132,
                17.090258
              ],
              [
                120.859137,
                17.090263
              ],
              [
                120.859225,
                17.090321
              ],
              [
                120.859227,
                17.090323
              ],
              [
                120.859229,
                17.090324
              ],
              [
                120.859231,
                17.090324
              ],
              [
                120.859234,
                17.090325
              ],
              [
                120.859239,
                17.090326
              ],
              [
                120.859274,
                17.090329
              ],
              [
                120.859282,
                17.090329
              ],
              [
                120.859324,
                17.090321
              ],
              [
                120.859328,
                17.09032
              ],
              [
                120.859332,
                17.090318
              ],
              [
                120.859335,
                17.090317
              ],
              [
                120.859336,
                17.090316
              ],
              [
                120.859439,
                17.090234
              ],
              [
                120.859541,
                17.090172
              ],
              [
                120.859583,
                17.090154
              ],
              [
                120.859604,
                17.090153
              ],
              [
                120.859637,
                17.090161
              ],
              [
                120.859699,
                17.090208
              ],
              [
                120.859702,
                17.090209
              ],
              [
                120.859703,
                17.09021
              ],
              [
                120.859755,
                17.090238
              ],
              [
                120.85976,
                17.09024
              ],
              [
                120.859787,
                17.090249
              ],
              [
                120.859792,
                17.09025
              ],
              [
                120.859854,
                17.09025
              ],
              [
                120.859858,
                17.090248
              ],
              [
                120.859859,
                17.090248
              ],
              [
                120.85987,
                17.090244
              ],
              [
                120.859905,
                17.090232
              ],
              [
                120.859907,
                17.090231
              ],
              [
                120.859966,
                17.090204
              ],
              [
                120.859982,
                17.090202
              ],
              [
                120.860016,
                17.090198
              ],
              [
                120.860057,
                17.090206
              ],
              [
                120.860103,
                17.090228
              ],
              [
                120.860115,
                17.090241
              ],
              [
                120.860138,
                17.090265
              ],
              [
                120.860139,
                17.090266
              ],
              [
                120.860208,
                17.090331
              ],
              [
                120.860212,
                17.090334
              ],
              [
                120.860234,
                17.090348
              ],
              [
                120.860255,
                17.090362
              ],
              [
                120.860257,
                17.090363
              ],
              [
                120.860259,
                17.090365
              ],
              [
                120.860261,
                17.090365
              ],
              [
                120.860264,
                17.090366
              ],
              [
                120.860292,
                17.090373
              ],
              [
                120.860314,
                17.090379
              ],
              [
                120.860315,
                17.090379
              ],
              [
                120.86033,
                17.090382
              ],
              [
                120.860354,
                17.090386
              ],
              [
                120.860356,
                17.090386
              ],
              [
                120.860372,
                17.090388
              ],
              [
                120.860385,
                17.09039
              ],
              [
                120.86039,
                17.09039
              ],
              [
                120.860396,
                17.090389
              ],
              [
                120.860401,
                17.090387
              ],
              [
                120.860426,
                17.090375
              ],
              [
                120.860434,
                17.090369
              ],
              [
                120.860454,
                17.090347
              ],
              [
                120.860462,
                17.090338
              ],
              [
                120.860464,
                17.090335
              ],
              [
                120.860467,
                17.090332
              ],
              [
                120.860479,
                17.090304
              ],
              [
                120.860485,
                17.090292
              ],
              [
                120.860486,
                17.090288
              ],
              [
                120.860492,
                17.090241
              ],
              [
                120.860494,
                17.090221
              ],
              [
                120.860504,
                17.090176
              ],
              [
                120.860513,
                17.090155
              ],
              [
                120.860528,
                17.090123
              ],
              [
                120.860541,
                17.090115
              ],
              [
                120.860562,
                17.090101
              ],
              [
                120.860604,
                17.090083
              ],
              [
                120.860642,
                17.090084
              ],
              [
                120.860669,
                17.090085
              ],
              [
                120.860748,
                17.09009
              ],
              [
                120.860826,
                17.09011
              ],
              [
                120.860855,
                17.090117
              ],
              [
                120.860957,
                17.09014
              ],
              [
                120.860962,
                17.090141
              ],
              [
                120.860968,
                17.090141
              ],
              [
                120.860998,
                17.090137
              ],
              [
                120.861004,
                17.090136
              ],
              [
                120.861009,
                17.090133
              ],
              [
                120.861031,
                17.09012
              ],
              [
                120.861036,
                17.090116
              ],
              [
                120.861038,
                17.090113
              ],
              [
                120.861039,
                17.090112
              ],
              [
                120.86106,
                17.090084
              ],
              [
                120.861064,
                17.090076
              ],
              [
                120.861065,
                17.090071
              ],
              [
                120.861071,
                17.090011
              ],
              [
                120.861071,
                17.090007
              ],
              [
                120.861068,
                17.089934
              ],
              [
                120.861066,
                17.089881
              ],
              [
                120.861068,
                17.089796
              ],
              [
                120.86107,
                17.089784
              ],
              [
                120.86108,
                17.089733
              ],
              [
                120.861082,
                17.089727
              ],
              [
                120.861087,
                17.089716
              ],
              [
                120.861095,
                17.089694
              ],
              [
                120.861109,
                17.089656
              ],
              [
                120.861114,
                17.089642
              ],
              [
                120.861115,
                17.08964
              ],
              [
                120.861142,
                17.089535
              ],
              [
                120.861169,
                17.089565
              ],
              [
                120.861228,
                17.089601
              ],
              [
                120.861269,
                17.089618
              ],
              [
                120.861374,
                17.089618
              ],
              [
                120.861467,
                17.089617
              ],
              [
                120.861506,
                17.089622
              ],
              [
                120.86157,
                17.089655
              ],
              [
                120.861593,
                17.089681
              ],
              [
                120.861599,
                17.089723
              ],
              [
                120.861606,
                17.089718
              ],
              [
                120.861609,
                17.089741
              ],
              [
                120.8616,
                17.089865
              ],
              [
                120.861575,
                17.090142
              ],
              [
                120.861545,
                17.090343
              ],
              [
                120.861496,
                17.090463
              ],
              [
                120.861433,
                17.090623
              ],
              [
                120.861334,
                17.090762
              ],
              [
                120.861195,
                17.090906
              ],
              [
                120.861193,
                17.090907
              ],
              [
                120.861053,
                17.091071
              ],
              [
                120.861052,
                17.091072
              ],
              [
                120.860939,
                17.091213
              ],
              [
                120.86079,
                17.091369
              ],
              [
                120.860786,
                17.091373
              ],
              [
                120.860784,
                17.091378
              ],
              [
                120.860747,
                17.091472
              ],
              [
                120.860746,
                17.091477
              ],
              [
                120.860737,
                17.091523
              ],
              [
                120.860727,
                17.091536
              ],
              [
                120.86074,
                17.09161
              ],
              [
                120.860808,
                17.091727
              ],
              [
                120.860931,
                17.091844
              ],
              [
                120.86094,
                17.091865
              ],
              [
                120.860932,
                17.091897
              ],
              [
                120.860919,
                17.091917
              ],
              [
                120.860892,
                17.091941
              ],
              [
                120.860892,
                17.091952
              ],
              [
                120.860855,
                17.091981
              ],
              [
                120.860807,
                17.092014
              ],
              [
                120.860803,
                17.092017
              ],
              [
                120.860775,
                17.092047
              ],
              [
                120.860771,
                17.092052
              ],
              [
                120.860735,
                17.092115
              ],
              [
                120.860723,
                17.092119
              ],
              [
                120.860707,
                17.092178
              ],
              [
                120.860684,
                17.092251
              ],
              [
                120.860687,
                17.092324
              ],
              [
                120.860688,
                17.092561
              ],
              [
                120.860677,
                17.092676
              ],
              [
                120.860672,
                17.092764
              ],
              [
                120.860681,
                17.092827
              ],
              [
                120.86071,
                17.092939
              ],
              [
                120.860699,
                17.092993
              ],
              [
                120.860666,
                17.093063
              ],
              [
                120.860652,
                17.093146
              ],
              [
                120.860643,
                17.09336
              ],
              [
                120.860659,
                17.093475
              ],
              [
                120.860616,
                17.093807
              ],
              [
                120.860613,
                17.093817
              ],
              [
                120.860609,
                17.093834
              ],
              [
                120.860608,
                17.093835
              ],
              [
                120.860607,
                17.093839
              ],
              [
                120.860601,
                17.093887
              ],
              [
                120.8606,
                17.093897
              ],
              [
                120.8606,
                17.093905
              ],
              [
                120.860601,
                17.093921
              ],
              [
                120.860593,
                17.093983
              ],
              [
                120.860595,
                17.094039
              ],
              [
                120.860591,
                17.094051
              ],
              [
                120.860585,
                17.094071
              ],
              [
                120.860564,
                17.094099
              ],
              [
                120.860556,
                17.09411
              ],
              [
                120.860555,
                17.094111
              ],
              [
                120.860519,
                17.094163
              ],
              [
                120.860496,
                17.094194
              ],
              [
                120.860486,
                17.094206
              ],
              [
                120.860479,
                17.094214
              ],
              [
                120.860451,
                17.094235
              ],
              [
                120.860443,
                17.094239
              ],
              [
                120.86044,
                17.09424
              ],
              [
                120.860414,
                17.094245
              ],
              [
                120.860311,
                17.094183
              ],
              [
                120.86037,
                17.09378
              ],
              [
                120.860416,
                17.093598
              ],
              [
                120.860408,
                17.093372
              ],
              [
                120.860419,
                17.093122
              ],
              [
                120.86044,
                17.092992
              ],
              [
                120.860468,
                17.092935
              ],
              [
                120.860451,
                17.092873
              ],
              [
                120.860438,
                17.092775
              ],
              [
                120.860443,
                17.092659
              ],
              [
                120.860455,
                17.092549
              ],
              [
                120.860453,
                17.092329
              ],
              [
                120.860449,
                17.09222
              ],
              [
                120.860483,
                17.092113
              ],
              [
                120.860505,
                17.092029
              ],
              [
                120.860578,
                17.091902
              ],
              [
                120.860616,
                17.091863
              ],
              [
                120.860517,
                17.091691
              ],
              [
                120.860489,
                17.091535
              ],
              [
                120.860513,
                17.091408
              ],
              [
                120.860556,
                17.091296
              ],
              [
                120.860593,
                17.091216
              ],
              [
                120.861245,
                17.090491
              ],
              [
                120.861279,
                17.090368
              ],
              [
                120.860966,
                17.090388
              ],
              [
                120.860735,
                17.090337
              ],
              [
                120.8607,
                17.090409
              ],
              [
                120.860582,
                17.090568
              ],
              [
                120.860429,
                17.090642
              ],
              [
                120.860281,
                17.090615
              ],
              [
                120.860332,
                17.090579
              ],
              [
                120.860274,
                17.090614
              ],
              [
                120.860177,
                17.090591
              ],
              [
                120.85999,
                17.09046
              ],
              [
                120.859914,
                17.090499
              ],
              [
                120.859753,
                17.090501
              ],
              [
                120.859587,
                17.090427
              ],
              [
                120.85937,
                17.090568
              ],
              [
                120.859158,
                17.090568
              ],
              [
                120.858943,
                17.090424
              ],
              [
                120.858874,
                17.090507
              ],
              [
                120.858735,
                17.09062
              ],
              [
                120.858689,
                17.09065
              ],
              [
                120.858638,
                17.090671
              ],
              [
                120.858575,
                17.09069
              ],
              [
                120.858556,
                17.090703
              ],
              [
                120.85853,
                17.090757
              ],
              [
                120.858512,
                17.090788
              ],
              [
                120.858462,
                17.090866
              ],
              [
                120.858398,
                17.091061
              ],
              [
                120.858197,
                17.090888
              ]
            ]
          ],
          [
            [
              [
                120.860623,
                17.094113
              ],
              [
                120.860634,
                17.094098
              ],
              [
                120.860637,
                17.094094
              ],
              [
                120.860638,
                17.09409
              ],
              [
                120.860656,
                17.094032
              ],
              [
                120.860657,
                17.094026
              ],
              [
                120.860661,
                17.093966
              ],
              [
                120.860661,
                17.093962
              ],
              [
                120.860656,
                17.093903
              ],
              [
                120.860663,
                17.093848
              ],
              [
                120.860709,
                17.093689
              ],
              [
                120.86071,
                17.093683
              ],
              [
                120.860719,
                17.093565
              ],
              [
                120.860719,
                17.093564
              ],
              [
                120.860723,
                17.093471
              ],
              [
                120.860723,
                17.093466
              ],
              [
                120.860707,
                17.093357
              ],
              [
                120.860716,
                17.093152
              ],
              [
                120.860728,
                17.093082
              ],
              [
                120.860759,
                17.093016
              ],
              [
                120.860762,
                17.09301
              ],
              [
                120.860775,
                17.092943
              ],
              [
                120.860775,
                17.092931
              ],
              [
                120.860744,
                17.092815
              ],
              [
                120.860737,
                17.092761
              ],
              [
                120.860741,
                17.092681
              ],
              [
                120.860752,
                17.092565
              ],
              [
                120.860753,
                17.092562
              ],
              [
                120.860751,
                17.092323
              ],
              [
                120.860751,
                17.092322
              ],
              [
                120.860749,
                17.09226
              ],
              [
                120.860769,
                17.092196
              ],
              [
                120.860769,
                17.092195
              ],
              [
                120.860783,
                17.092143
              ],
              [
                120.860802,
                17.092109
              ],
              [
                120.860824,
                17.092101
              ],
              [
                120.86085,
                17.092051
              ],
              [
                120.860888,
                17.092025
              ],
              [
                120.86089,
                17.092024
              ],
              [
                120.860934,
                17.091989
              ],
              [
                120.860938,
                17.091985
              ],
              [
                120.861009,
                17.092242
              ],
              [
                120.860987,
                17.092314
              ],
              [
                120.860998,
                17.092586
              ],
              [
                120.860977,
                17.092752
              ],
              [
                120.861025,
                17.092916
              ],
              [
                120.860987,
                17.093106
              ],
              [
                120.860958,
                17.093185
              ],
              [
                120.860942,
                17.093352
              ],
              [
                120.860969,
                17.093521
              ],
              [
                120.860952,
                17.093744
              ],
              [
                120.860931,
                17.093842
              ],
              [
                120.860623,
                17.094124
              ],
              [
                120.860623,
                17.094113
              ]
            ]
          ],
          [
            [
              [
                120.858061,
                17.09044
              ],
              [
                120.858075,
                17.09041
              ],
              [
                120.858101,
                17.090367
              ],
              [
                120.858134,
                17.09033
              ],
              [
                120.858173,
                17.090299
              ],
              [
                120.858291,
                17.090222
              ],
              [
                120.858364,
                17.090188
              ],
              [
                120.858412,
                17.090173
              ],
              [
                120.858589,
                17.090014
              ],
              [
                120.858557,
                17.089899
              ],
              [
                120.858608,
                17.089737
              ],
              [
                120.858761,
                17.089583
              ],
              [
                120.859013,
                17.089558
              ],
              [
                120.858941,
                17.089747
              ],
              [
                120.858828,
                17.089864
              ],
              [
                120.858825,
                17.089869
              ],
              [
                120.858823,
                17.089873
              ],
              [
                120.858815,
                17.089895
              ],
              [
                120.858814,
                17.0899
              ],
              [
                120.858814,
                17.089905
              ],
              [
                120.858815,
                17.08991
              ],
              [
                120.858822,
                17.089934
              ],
              [
                120.858823,
                17.089938
              ],
              [
                120.858825,
                17.089942
              ],
              [
                120.858842,
                17.089966
              ],
              [
                120.858847,
                17.089972
              ],
              [
                120.858907,
                17.090021
              ],
              [
                120.858667,
                17.090275
              ],
              [
                120.858535,
                17.090382
              ],
              [
                120.858435,
                17.090412
              ],
              [
                120.858304,
                17.090497
              ],
              [
                120.858242,
                17.090627
              ],
              [
                120.85817,
                17.090736
              ],
              [
                120.858137,
                17.090836
              ],
              [
                120.85812,
                17.090822
              ],
              [
                120.858069,
                17.090619
              ],
              [
                120.858061,
                17.09044
              ]
            ]
          ]
        ]
      }
    },
    {
      "type": "Feature",
      "properties": {
        "classification": "C-2",
        "source": "road-tag",
        "buffer_m": 30,
        "road_keys": [
          "188857122|besao-east|120.8667784,17.0835953"
        ],
        "clipped_against_existing": 4,
        "road_carve_m": 3
      },
      "geometry": {
        "type": "MultiPolygon",
        "coordinates": [
          [
            [
              [
                120.864437,
                17.08432
              ],
              [
                120.864458,
                17.084298
              ],
              [
                120.864524,
                17.084266
              ],
              [
                120.864524,
                17.084264
              ],
              [
                120.864562,
                17.084264
              ],
              [
                120.864765,
                17.084253
              ],
              [
                120.864907,
                17.08426
              ],
              [
                120.865147,
                17.084276
              ],
              [
                120.865349,
                17.084283
              ],
              [
                120.865541,
                17.084287
              ],
              [
                120.865678,
                17.084268
              ],
              [
                120.865748,
                17.084242
              ],
              [
                120.865838,
                17.084215
              ],
              [
                120.865883,
                17.084212
              ],
              [
                120.865957,
                17.084188
              ],
              [
                120.86602,
                17.084134
              ],
              [
                120.866062,
                17.084043
              ],
              [
                120.866117,
                17.083892
              ],
              [
                120.866166,
                17.083754
              ],
              [
                120.866201,
                17.083692
              ],
              [
                120.866251,
                17.083651
              ],
              [
                120.866303,
                17.083633
              ],
              [
                120.866385,
                17.083609
              ],
              [
                120.866449,
                17.083599
              ],
              [
                120.866513,
                17.083606
              ],
              [
                120.866551,
                17.083608
              ],
              [
                120.866588,
                17.083615
              ],
              [
                120.866627,
                17.083626
              ],
              [
                120.866681,
                17.083646
              ],
              [
                120.86675,
                17.083651
              ],
              [
                120.866767,
                17.083632
              ],
              [
                120.866791,
                17.083619
              ],
              [
                120.866794,
                17.083618
              ],
              [
                120.866799,
                17.083616
              ],
              [
                120.866803,
                17.083612
              ],
              [
                120.866865,
                17.083547
              ],
              [
                120.866869,
                17.083543
              ],
              [
                120.866872,
                17.083539
              ],
              [
                120.866882,
                17.083522
              ],
              [
                120.866884,
                17.083517
              ],
              [
                120.866885,
                17.083507
              ],
              [
                120.867131,
                17.083693
              ],
              [
                120.866799,
                17.083888
              ],
              [
                120.866631,
                17.083877
              ],
              [
                120.866555,
                17.083849
              ],
              [
                120.866536,
                17.083843
              ],
              [
                120.866524,
                17.083841
              ],
              [
                120.866494,
                17.08384
              ],
              [
                120.866454,
                17.083835
              ],
              [
                120.866436,
                17.083838
              ],
              [
                120.866378,
                17.083855
              ],
              [
                120.866337,
                17.083971
              ],
              [
                120.866279,
                17.084132
              ],
              [
                120.866211,
                17.084277
              ],
              [
                120.866074,
                17.084397
              ],
              [
                120.865927,
                17.084443
              ],
              [
                120.865881,
                17.084446
              ],
              [
                120.865823,
                17.084464
              ],
              [
                120.865735,
                17.084497
              ],
              [
                120.865554,
                17.084522
              ],
              [
                120.865343,
                17.084516
              ],
              [
                120.865135,
                17.084509
              ],
              [
                120.864894,
                17.084493
              ],
              [
                120.864766,
                17.084487
              ],
              [
                120.864574,
                17.084498
              ],
              [
                120.864555,
                17.084498
              ],
              [
                120.864534,
                17.084499
              ],
              [
                120.864515,
                17.0845
              ],
              [
                120.864501,
                17.084491
              ],
              [
                120.864458,
                17.084363
              ],
              [
                120.864437,
                17.084341
              ],
              [
                120.864437,
                17.08432
              ]
            ]
          ],
          [
            [
              [
                120.86448,
                17.084062
              ],
              [
                120.864522,
                17.084019
              ],
              [
                120.864543,
                17.083959
              ],
              [
                120.864547,
                17.083959
              ],
              [
                120.864763,
                17.083947
              ],
              [
                120.864925,
                17.083954
              ],
              [
                120.865163,
                17.08397
              ],
              [
                120.865358,
                17.083977
              ],
              [
                120.865524,
                17.083981
              ],
              [
                120.865603,
                17.08397
              ],
              [
                120.865651,
                17.083953
              ],
              [
                120.865782,
                17.083913
              ],
              [
                120.865785,
                17.083912
              ],
              [
                120.865829,
                17.083789
              ],
              [
                120.865887,
                17.083626
              ],
              [
                120.865963,
                17.083491
              ],
              [
                120.8661,
                17.083379
              ],
              [
                120.86613,
                17.083369
              ],
              [
                120.866189,
                17.083349
              ],
              [
                120.866807,
                17.08346
              ],
              [
                120.86682,
                17.083479
              ],
              [
                120.866828,
                17.083505
              ],
              [
                120.866826,
                17.083508
              ],
              [
                120.866784,
                17.083552
              ],
              [
                120.866762,
                17.083563
              ],
              [
                120.866734,
                17.083578
              ],
              [
                120.866696,
                17.083575
              ],
              [
                120.866649,
                17.083557
              ],
              [
                120.866605,
                17.083545
              ],
              [
                120.86656,
                17.083537
              ],
              [
                120.866519,
                17.083535
              ],
              [
                120.866448,
                17.083527
              ],
              [
                120.866369,
                17.083539
              ],
              [
                120.866281,
                17.083564
              ],
              [
                120.866215,
                17.083587
              ],
              [
                120.866145,
                17.083644
              ],
              [
                120.8661,
                17.083723
              ],
              [
                120.866049,
                17.083868
              ],
              [
                120.865996,
                17.084016
              ],
              [
                120.865962,
                17.084089
              ],
              [
                120.865921,
                17.084124
              ],
              [
                120.86587,
                17.084141
              ],
              [
                120.865825,
                17.084144
              ],
              [
                120.865725,
                17.084174
              ],
              [
                120.86566,
                17.084198
              ],
              [
                120.865537,
                17.084215
              ],
              [
                120.865352,
                17.084211
              ],
              [
                120.865151,
                17.084204
              ],
              [
                120.864911,
                17.084188
              ],
              [
                120.864764,
                17.084181
              ],
              [
                120.864559,
                17.084192
              ],
              [
                120.86454,
                17.084198
              ],
              [
                120.864523,
                17.084203
              ],
              [
                120.864521,
                17.084203
              ],
              [
                120.86448,
                17.084126
              ],
              [
                120.86448,
                17.084062
              ]
            ],
            [
              [
                120.866816,
                17.083493
              ],
              [
                120.866818,
                17.0835
              ],
              [
                120.866821,
                17.083497
              ],
              [
                120.866816,
                17.083493
              ]
            ]
          ]
        ]
      }
    },
    {
      "type": "Feature",
      "properties": {
        "classification": "C-3",
        "road_carve_m": 3
      },
      "geometry": {
        "type": "MultiPolygon",
        "coordinates": [
          [
            [
              [
                120.867663,
                17.11171
              ],
              [
                120.867864,
                17.111418
              ],
              [
                120.867835,
                17.11132
              ],
              [
                120.867974,
                17.11109
              ],
              [
                120.867977,
                17.111033
              ],
              [
                120.868095,
                17.110879
              ],
              [
                120.868245,
                17.110815
              ],
              [
                120.868616,
                17.110508
              ],
              [
                120.868735,
                17.110743
              ],
              [
                120.86872,
                17.110741
              ],
              [
                120.868714,
                17.110741
              ],
              [
                120.868626,
                17.110747
              ],
              [
                120.86862,
                17.110748
              ],
              [
                120.868615,
                17.11075
              ],
              [
                120.868557,
                17.110777
              ],
              [
                120.868553,
                17.11078
              ],
              [
                120.868497,
                17.110819
              ],
              [
                120.868494,
                17.110822
              ],
              [
                120.868492,
                17.110825
              ],
              [
                120.868416,
                17.110923
              ],
              [
                120.868363,
                17.110982
              ],
              [
                120.868321,
                17.111014
              ],
              [
                120.868257,
                17.111054
              ],
              [
                120.868251,
                17.111058
              ],
              [
                120.868212,
                17.111101
              ],
              [
                120.868209,
                17.111104
              ],
              [
                120.868168,
                17.111168
              ],
              [
                120.868166,
                17.111171
              ],
              [
                120.868118,
                17.11127
              ],
              [
                120.868052,
                17.111391
              ],
              [
                120.867961,
                17.111543
              ],
              [
                120.867854,
                17.111697
              ],
              [
                120.867852,
                17.111702
              ],
              [
                120.867819,
                17.111779
              ],
              [
                120.867818,
                17.111782
              ],
              [
                120.867799,
                17.111853
              ],
              [
                120.867798,
                17.111856
              ],
              [
                120.867787,
                17.111928
              ],
              [
                120.867782,
                17.111951
              ],
              [
                120.867768,
                17.111979
              ],
              [
                120.867663,
                17.11171
              ]
            ]
          ],
          [
            [
              [
                120.867202,
                17.113384
              ],
              [
                120.86732,
                17.113151
              ],
              [
                120.867349,
                17.113183
              ],
              [
                120.867353,
                17.113187
              ],
              [
                120.867359,
                17.11319
              ],
              [
                120.867397,
                17.113206
              ],
              [
                120.867409,
                17.113208
              ],
              [
                120.867415,
                17.113207
              ],
              [
                120.86748,
                17.113192
              ],
              [
                120.867485,
                17.11319
              ],
              [
                120.86749,
                17.113187
              ],
              [
                120.867494,
                17.113183
              ],
              [
                120.867519,
                17.113157
              ],
              [
                120.867525,
                17.113147
              ],
              [
                120.867526,
                17.113141
              ],
              [
                120.867529,
                17.113107
              ],
              [
                120.867529,
                17.113102
              ],
              [
                120.867528,
                17.113097
              ],
              [
                120.867502,
                17.113017
              ],
              [
                120.867501,
                17.113015
              ],
              [
                120.86744,
                17.112863
              ],
              [
                120.867438,
                17.11286
              ],
              [
                120.867361,
                17.112715
              ],
              [
                120.867304,
                17.112562
              ],
              [
                120.867304,
                17.11248
              ],
              [
                120.86734,
                17.112412
              ],
              [
                120.867493,
                17.112338
              ],
              [
                120.867591,
                17.112297
              ],
              [
                120.867597,
                17.112293
              ],
              [
                120.86768,
                17.11223
              ],
              [
                120.867684,
                17.112225
              ],
              [
                120.867713,
                17.112189
              ],
              [
                120.867691,
                17.112235
              ],
              [
                120.867655,
                17.112294
              ],
              [
                120.867597,
                17.112359
              ],
              [
                120.867596,
                17.11236
              ],
              [
                120.867537,
                17.112435
              ],
              [
                120.867535,
                17.112438
              ],
              [
                120.867458,
                17.112564
              ],
              [
                120.867456,
                17.112568
              ],
              [
                120.867455,
                17.112572
              ],
              [
                120.867445,
                17.112614
              ],
              [
                120.867444,
                17.112618
              ],
              [
                120.867444,
                17.112623
              ],
              [
                120.867451,
                17.112668
              ],
              [
                120.867452,
                17.112673
              ],
              [
                120.867455,
                17.112678
              ],
              [
                120.867531,
                17.112794
              ],
              [
                120.867614,
                17.112957
              ],
              [
                120.867642,
                17.11303
              ],
              [
                120.867676,
                17.1132
              ],
              [
                120.867678,
                17.113204
              ],
              [
                120.86768,
                17.113209
              ],
              [
                120.867728,
                17.113287
              ],
              [
                120.867729,
                17.113289
              ],
              [
                120.867731,
                17.113292
              ],
              [
                120.867612,
                17.113412
              ],
              [
                120.867376,
                17.113458
              ],
              [
                120.867202,
                17.113384
              ]
            ]
          ],
          [
            [
              [
                120.865937,
                17.112004
              ],
              [
                120.866148,
                17.112078
              ],
              [
                120.866148,
                17.112089
              ],
              [
                120.866206,
                17.112099
              ],
              [
                120.866207,
                17.112099
              ],
              [
                120.866203,
                17.112108
              ],
              [
                120.866148,
                17.112104
              ],
              [
                120.866056,
                17.112079
              ],
              [
                120.865937,
                17.112004
              ]
            ]
          ],
          [
            [
              [
                120.866148,
                17.112089
              ],
              [
                120.866159,
                17.111848
              ],
              [
                120.866336,
                17.111871
              ],
              [
                120.866548,
                17.111877
              ],
              [
                120.866912,
                17.111697
              ],
              [
                120.867079,
                17.111666
              ],
              [
                120.867221,
                17.111654
              ],
              [
                120.867433,
                17.111797
              ],
              [
                120.867478,
                17.112
              ],
              [
                120.86754,
                17.111943
              ],
              [
                120.867674,
                17.112141
              ],
              [
                120.867549,
                17.112255
              ],
              [
                120.86747,
                17.112288
              ],
              [
                120.86745,
                17.112298
              ],
              [
                120.867323,
                17.112348
              ],
              [
                120.867311,
                17.112365
              ],
              [
                120.867301,
                17.112371
              ],
              [
                120.867296,
                17.112375
              ],
              [
                120.867293,
                17.11238
              ],
              [
                120.867267,
                17.11243
              ],
              [
                120.867237,
                17.112474
              ],
              [
                120.867052,
                17.112297
              ],
              [
                120.867231,
                17.112051
              ],
              [
                120.867216,
                17.112016
              ],
              [
                120.867219,
                17.111999
              ],
              [
                120.867219,
                17.111993
              ],
              [
                120.867218,
                17.111987
              ],
              [
                120.867208,
                17.111951
              ],
              [
                120.867202,
                17.111941
              ],
              [
                120.867197,
                17.111937
              ],
              [
                120.867159,
                17.111911
              ],
              [
                120.867154,
                17.111908
              ],
              [
                120.867142,
                17.111906
              ],
              [
                120.867078,
                17.111909
              ],
              [
                120.867073,
                17.111909
              ],
              [
                120.866981,
                17.111929
              ],
              [
                120.866976,
                17.111931
              ],
              [
                120.866937,
                17.111947
              ],
              [
                120.866933,
                17.111949
              ],
              [
                120.866783,
                17.112038
              ],
              [
                120.86668,
                17.112088
              ],
              [
                120.866583,
                17.112119
              ],
              [
                120.866442,
                17.112125
              ],
              [
                120.866327,
                17.112119
              ],
              [
                120.866148,
                17.112089
              ]
            ]
          ],
          [
            [
              [
                120.864305,
                17.111888
              ],
              [
                120.864317,
                17.111834
              ],
              [
                120.864424,
                17.111734
              ],
              [
                120.864426,
                17.111732
              ],
              [
                120.864489,
                17.11166
              ],
              [
                120.864491,
                17.111656
              ],
              [
                120.864603,
                17.111469
              ],
              [
                120.864673,
                17.111447
              ],
              [
                120.864751,
                17.111443
              ],
              [
                120.8648,
                17.111461
              ],
              [
                120.86486,
                17.111517
              ],
              [
                120.864862,
                17.111519
              ],
              [
                120.864937,
                17.111579
              ],
              [
                120.864943,
                17.111583
              ],
              [
                120.865004,
                17.111611
              ],
              [
                120.865006,
                17.111612
              ],
              [
                120.865167,
                17.111669
              ],
              [
                120.865462,
                17.111787
              ],
              [
                120.865596,
                17.11189
              ],
              [
                120.865599,
                17.111892
              ],
              [
                120.865656,
                17.111925
              ],
              [
                120.865662,
                17.111927
              ],
              [
                120.86574,
                17.111952
              ],
              [
                120.865859,
                17.11202
              ],
              [
                120.866029,
                17.112126
              ],
              [
                120.866033,
                17.112128
              ],
              [
                120.866037,
                17.112129
              ],
              [
                120.866135,
                17.112156
              ],
              [
                120.86614,
                17.112157
              ],
              [
                120.866179,
                17.112161
              ],
              [
                120.866075,
                17.112387
              ],
              [
                120.865933,
                17.112356
              ],
              [
                120.865804,
                17.112273
              ],
              [
                120.865801,
                17.112272
              ],
              [
                120.865657,
                17.112179
              ],
              [
                120.865595,
                17.112161
              ],
              [
                120.865467,
                17.112107
              ],
              [
                120.865322,
                17.111997
              ],
              [
                120.865219,
                17.111956
              ],
              [
                120.864734,
                17.111731
              ],
              [
                120.864697,
                17.11179
              ],
              [
                120.865126,
                17.112048
              ],
              [
                120.86533,
                17.11223
              ],
              [
                120.865359,
                17.112387
              ],
              [
                120.865357,
                17.112564
              ],
              [
                120.865308,
                17.112694
              ],
              [
                120.865316,
                17.112925
              ],
              [
                120.865332,
                17.113012
              ],
              [
                120.865078,
                17.113015
              ],
              [
                120.86506,
                17.113009
              ],
              [
                120.865052,
                17.112998
              ],
              [
                120.865044,
                17.112992
              ],
              [
                120.864977,
                17.112953
              ],
              [
                120.864946,
                17.112915
              ],
              [
                120.864928,
                17.112863
              ],
              [
                120.864931,
                17.112819
              ],
              [
                120.864988,
                17.112734
              ],
              [
                120.865051,
                17.112663
              ],
              [
                120.865055,
                17.112659
              ],
              [
                120.865091,
                17.112598
              ],
              [
                120.865094,
                17.112591
              ],
              [
                120.865116,
                17.112516
              ],
              [
                120.865117,
                17.112511
              ],
              [
                120.865122,
                17.112424
              ],
              [
                120.865122,
                17.112419
              ],
              [
                120.865121,
                17.112415
              ],
              [
                120.865101,
                17.112354
              ],
              [
                120.865099,
                17.11235
              ],
              [
                120.865096,
                17.112345
              ],
              [
                120.865055,
                17.112298
              ],
              [
                120.865053,
                17.112295
              ],
              [
                120.865,
                17.112249
              ],
              [
                120.864996,
                17.112246
              ],
              [
                120.864846,
                17.112154
              ],
              [
                120.864844,
                17.112153
              ],
              [
                120.864703,
                17.11208
              ],
              [
                120.864541,
                17.111978
              ],
              [
                120.864533,
                17.111975
              ],
              [
                120.864334,
                17.111918
              ],
              [
                120.864305,
                17.111888
              ]
            ]
          ],
          [
            [
              [
                120.864399,
                17.111218
              ],
              [
                120.864512,
                17.111184
              ],
              [
                120.864638,
                17.111146
              ],
              [
                120.864799,
                17.111136
              ],
              [
                120.864954,
                17.111202
              ],
              [
                120.86508,
                17.111323
              ],
              [
                120.865402,
                17.111446
              ],
              [
                120.865574,
                17.111502
              ],
              [
                120.865483,
                17.111728
              ],
              [
                120.864989,
                17.111531
              ],
              [
                120.864847,
                17.11141
              ],
              [
                120.864756,
                17.111379
              ],
              [
                120.864659,
                17.111387
              ],
              [
                120.864565,
                17.111423
              ],
              [
                120.864482,
                17.111533
              ],
              [
                120.864399,
                17.111218
              ]
            ]
          ]
        ]
      }
    },
    {
      "type": "Feature",
      "properties": {
        "classification": "R-6"
      },
      "geometry": {
        "type": "Polygon",
        "coordinates": [
          [
            [
              120.864305,
              17.111038
            ],
            [
              120.864498,
              17.110986
            ],
            [
              120.86401,
              17.110833
            ],
            [
              120.863637,
              17.110762
            ],
            [
              120.863168,
              17.110572
            ],
            [
              120.86316,
              17.11041
            ],
            [
              120.864925,
              17.1103
            ],
            [
              120.865172,
              17.110239
            ],
            [
              120.865807,
              17.110713
            ],
            [
              120.866218,
              17.111038
            ],
            [
              120.866397,
              17.111197
            ],
            [
              120.865703,
              17.111254
            ],
            [
              120.865611,
              17.111402
            ],
            [
              120.865574,
              17.111502
            ],
            [
              120.865402,
              17.111446
            ],
            [
              120.86515,
              17.11135
            ],
            [
              120.86508,
              17.111323
            ],
            [
              120.864954,
              17.111202
            ],
            [
              120.864799,
              17.111136
            ],
            [
              120.864724,
              17.111141
            ],
            [
              120.864638,
              17.111146
            ],
            [
              120.864512,
              17.111184
            ],
            [
              120.864399,
              17.111218
            ],
            [
              120.864305,
              17.111038
            ]
          ],
          [
            [
              120.864946,
              17.110965
            ],
            [
              120.865024,
              17.11099
            ],
            [
              120.864971,
              17.110972
            ],
            [
              120.864946,
              17.110965
            ]
          ],
          [
            [
              120.865024,
              17.11099
            ],
            [
              120.865223,
              17.111151
            ],
            [
              120.865165,
              17.111104
            ],
            [
              120.865024,
              17.11099
            ]
          ],
          [
            [
              120.865223,
              17.111151
            ],
            [
              120.865501,
              17.111351
            ],
            [
              120.865365,
              17.111253
            ],
            [
              120.865223,
              17.111151
            ]
          ],
          [
            [
              120.864662,
              17.110941
            ],
            [
              120.86482,
              17.110923
            ],
            [
              120.864757,
              17.11093
            ],
            [
              120.864662,
              17.110941
            ]
          ]
        ]
      }
    },
    {
      "type": "Feature",
      "properties": {
        "classification": "C-3",
        "road_carve_m": 3
      },
      "geometry": {
        "type": "MultiPolygon",
        "coordinates": [
          [
            [
              [
                120.873328,
                17.118778
              ],
              [
                120.873333,
                17.118737
              ],
              [
                120.873348,
                17.118706
              ],
              [
                120.873373,
                17.118687
              ],
              [
                120.873489,
                17.118648
              ],
              [
                120.873494,
                17.118646
              ],
              [
                120.873527,
                17.118627
              ],
              [
                120.873784,
                17.119036
              ],
              [
                120.873398,
                17.119139
              ],
              [
                120.873389,
                17.119127
              ],
              [
                120.873389,
                17.119093
              ],
              [
                120.873388,
                17.11909
              ],
              [
                120.873381,
                17.119038
              ],
              [
                120.87338,
                17.119033
              ],
              [
                120.873357,
                17.118966
              ],
              [
                120.873333,
                17.118868
              ],
              [
                120.873328,
                17.118778
              ]
            ]
          ],
          [
            [
              [
                120.873155,
                17.118151
              ],
              [
                120.873175,
                17.117995
              ],
              [
                120.873217,
                17.117833
              ],
              [
                120.873301,
                17.117608
              ],
              [
                120.873303,
                17.117602
              ],
              [
                120.873314,
                17.11749
              ],
              [
                120.873572,
                17.117465
              ],
              [
                120.873553,
                17.117673
              ],
              [
                120.873414,
                17.118065
              ],
              [
                120.873572,
                17.118134
              ],
              [
                120.873634,
                17.118183
              ],
              [
                120.873294,
                17.118324
              ],
              [
                120.873234,
                17.118333
              ],
              [
                120.873209,
                17.118329
              ],
              [
                120.873181,
                17.118305
              ],
              [
                120.873162,
                17.118269
              ],
              [
                120.873156,
                17.118226
              ],
              [
                120.873155,
                17.118151
              ]
            ]
          ],
          [
            [
              [
                120.872926,
                17.119287
              ],
              [
                120.872996,
                17.119144
              ],
              [
                120.873084,
                17.119075
              ],
              [
                120.873038,
                17.118923
              ],
              [
                120.873038,
                17.118657
              ],
              [
                120.873076,
                17.118585
              ],
              [
                120.873397,
                17.118377
              ],
              [
                120.873425,
                17.118398
              ],
              [
                120.873451,
                17.118429
              ],
              [
                120.873502,
                17.118535
              ],
              [
                120.873505,
                17.118561
              ],
              [
                120.873498,
                17.118581
              ],
              [
                120.873468,
                17.118598
              ],
              [
                120.87335,
                17.118638
              ],
              [
                120.873346,
                17.11864
              ],
              [
                120.873343,
                17.118642
              ],
              [
                120.873308,
                17.118667
              ],
              [
                120.873304,
                17.118671
              ],
              [
                120.8733,
                17.118677
              ],
              [
                120.87328,
                17.118718
              ],
              [
                120.873278,
                17.118722
              ],
              [
                120.873277,
                17.118726
              ],
              [
                120.873272,
                17.118775
              ],
              [
                120.873272,
                17.118779
              ],
              [
                120.873277,
                17.118874
              ],
              [
                120.873277,
                17.118879
              ],
              [
                120.873303,
                17.11898
              ],
              [
                120.873303,
                17.118982
              ],
              [
                120.873325,
                17.119047
              ],
              [
                120.873332,
                17.119095
              ],
              [
                120.873332,
                17.119149
              ],
              [
                120.873315,
                17.11919
              ],
              [
                120.873196,
                17.119303
              ],
              [
                120.873193,
                17.119306
              ],
              [
                120.87319,
                17.11931
              ],
              [
                120.873165,
                17.119357
              ],
              [
                120.872926,
                17.119287
              ]
            ]
          ],
          [
            [
              [
                120.872859,
                17.118265
              ],
              [
                120.872875,
                17.117929
              ],
              [
                120.873012,
                17.117503
              ],
              [
                120.873248,
                17.117496
              ],
              [
                120.873257,
                17.117495
              ],
              [
                120.873247,
                17.117593
              ],
              [
                120.873163,
                17.117816
              ],
              [
                120.873163,
                17.117819
              ],
              [
                120.87312,
                17.117984
              ],
              [
                120.873119,
                17.117987
              ],
              [
                120.873099,
                17.118146
              ],
              [
                120.873099,
                17.118228
              ],
              [
                120.8731,
                17.118231
              ],
              [
                120.873107,
                17.118281
              ],
              [
                120.873108,
                17.118286
              ],
              [
                120.87311,
                17.11829
              ],
              [
                120.873133,
                17.118334
              ],
              [
                120.873136,
                17.118338
              ],
              [
                120.87314,
                17.118342
              ],
              [
                120.873178,
                17.118374
              ],
              [
                120.873181,
                17.118377
              ],
              [
                120.87295,
                17.118495
              ],
              [
                120.872886,
                17.118377
              ],
              [
                120.872859,
                17.118265
              ]
            ]
          ]
        ]
      }
    },
    {
      "type": "Feature",
      "properties": {
        "classification": "C-3",
        "road_carve_m": 3
      },
      "geometry": {
        "type": "MultiPolygon",
        "coordinates": [
          [
            [
              [
                120.874488,
                17.119758
              ],
              [
                120.874594,
                17.119628
              ],
              [
                120.874734,
                17.1197
              ],
              [
                120.874669,
                17.119841
              ],
              [
                120.874825,
                17.120003
              ],
              [
                120.875002,
                17.119962
              ],
              [
                120.875077,
                17.120151
              ],
              [
                120.875168,
                17.120461
              ],
              [
                120.875224,
                17.120702
              ],
              [
                120.875233,
                17.120951
              ],
              [
                120.875136,
                17.121095
              ],
              [
                120.874929,
                17.120927
              ],
              [
                120.875053,
                17.120845
              ],
              [
                120.875058,
                17.120841
              ],
              [
                120.875061,
                17.120837
              ],
              [
                120.875064,
                17.120832
              ],
              [
                120.875065,
                17.120826
              ],
              [
                120.875065,
                17.120821
              ],
              [
                120.875043,
                17.12059
              ],
              [
                120.875041,
                17.120582
              ],
              [
                120.874821,
                17.120049
              ],
              [
                120.874818,
                17.120044
              ],
              [
                120.874814,
                17.120039
              ],
              [
                120.874488,
                17.119758
              ]
            ]
          ],
          [
            [
              [
                120.873789,
                17.120838
              ],
              [
                120.874017,
                17.120761
              ],
              [
                120.874197,
                17.120669
              ],
              [
                120.874304,
                17.12079
              ],
              [
                120.874439,
                17.120797
              ],
              [
                120.87465,
                17.120943
              ],
              [
                120.874656,
                17.120736
              ],
              [
                120.87475,
                17.12069
              ],
              [
                120.874605,
                17.120354
              ],
              [
                120.874541,
                17.120195
              ],
              [
                120.874205,
                17.119913
              ],
              [
                120.874101,
                17.1198
              ],
              [
                120.874071,
                17.119711
              ],
              [
                120.87408,
                17.119706
              ],
              [
                120.87412,
                17.119691
              ],
              [
                120.874161,
                17.119686
              ],
              [
                120.874211,
                17.119688
              ],
              [
                120.874351,
                17.119713
              ],
              [
                120.874771,
                17.120075
              ],
              [
                120.874987,
                17.120598
              ],
              [
                120.875007,
                17.12081
              ],
              [
                120.874695,
                17.121016
              ],
              [
                120.874592,
                17.121016
              ],
              [
                120.874487,
                17.120921
              ],
              [
                120.874483,
                17.120918
              ],
              [
                120.874477,
                17.120915
              ],
              [
                120.874471,
                17.120914
              ],
              [
                120.874283,
                17.120893
              ],
              [
                120.874278,
                17.120893
              ],
              [
                120.874272,
                17.120894
              ],
              [
                120.874267,
                17.120896
              ],
              [
                120.874076,
                17.120993
              ],
              [
                120.87396,
                17.121028
              ],
              [
                120.873958,
                17.121029
              ],
              [
                120.873907,
                17.121049
              ],
              [
                120.873789,
                17.120838
              ]
            ]
          ],
          [
            [
              [
                120.873556,
                17.121446
              ],
              [
                120.873688,
                17.121254
              ],
              [
                120.873792,
                17.121169
              ],
              [
                120.873861,
                17.121125
              ],
              [
                120.873979,
                17.121079
              ],
              [
                120.874096,
                17.121044
              ],
              [
                120.8741,
                17.121042
              ],
              [
                120.874285,
                17.120948
              ],
              [
                120.874455,
                17.120967
              ],
              [
                120.874562,
                17.121063
              ],
              [
                120.874566,
                17.121066
              ],
              [
                120.874571,
                17.121068
              ],
              [
                120.874581,
                17.12107
              ],
              [
                120.8747,
                17.12107
              ],
              [
                120.87472,
                17.121307
              ],
              [
                120.874492,
                17.121307
              ],
              [
                120.87438,
                17.121246
              ],
              [
                120.874216,
                17.121261
              ],
              [
                120.873883,
                17.121384
              ],
              [
                120.873572,
                17.121615
              ],
              [
                120.873556,
                17.121446
              ]
            ]
          ]
        ]
      }
    },
    {
      "type": "Feature",
      "properties": {
        "classification": "R-6",
        "road_carve_m": 3
      },
      "geometry": {
        "type": "Polygon",
        "coordinates": [
          [
            [
              120.863608,
              17.112287
            ],
            [
              120.86364,
              17.112097
            ],
            [
              120.863734,
              17.112023
            ],
            [
              120.863903,
              17.1119
            ],
            [
              120.864263,
              17.111924
            ],
            [
              120.864297,
              17.11196
            ],
            [
              120.864301,
              17.111963
            ],
            [
              120.864305,
              17.111966
            ],
            [
              120.86431,
              17.111968
            ],
            [
              120.864513,
              17.112025
            ],
            [
              120.864673,
              17.112125
            ],
            [
              120.864675,
              17.112127
            ],
            [
              120.864817,
              17.1122
            ],
            [
              120.864964,
              17.11229
            ],
            [
              120.865013,
              17.112334
            ],
            [
              120.865049,
              17.112375
            ],
            [
              120.865065,
              17.112426
            ],
            [
              120.86506,
              17.112505
            ],
            [
              120.865041,
              17.112574
            ],
            [
              120.865007,
              17.11263
            ],
            [
              120.864944,
              17.1127
            ],
            [
              120.864941,
              17.112703
            ],
            [
              120.864928,
              17.112723
            ],
            [
              120.863817,
              17.112364
            ],
            [
              120.863742,
              17.112418
            ],
            [
              120.863608,
              17.112287
            ]
          ]
        ]
      }
    },
    {
      "type": "Feature",
      "properties": {
        "classification": "C-3",
        "road_carve_m": 3
      },
      "geometry": {
        "type": "MultiPolygon",
        "coordinates": [
          [
            [
              [
                120.868984,
                17.12417
              ],
              [
                120.86901,
                17.124059
              ],
              [
                120.869238,
                17.12362
              ],
              [
                120.869339,
                17.123549
              ],
              [
                120.86935,
                17.123568
              ],
              [
                120.869313,
                17.123825
              ],
              [
                120.869442,
                17.124022
              ],
              [
                120.869273,
                17.124417
              ],
              [
                120.868984,
                17.12417
              ]
            ]
          ],
          [
            [
              [
                120.868731,
                17.123953
              ],
              [
                120.869007,
                17.123425
              ],
              [
                120.869002,
                17.123212
              ],
              [
                120.868929,
                17.12315
              ],
              [
                120.868911,
                17.122804
              ],
              [
                120.869312,
                17.123501
              ],
              [
                120.869199,
                17.12358
              ],
              [
                120.869194,
                17.123585
              ],
              [
                120.869191,
                17.12359
              ],
              [
                120.868958,
                17.124038
              ],
              [
                120.868955,
                17.124044
              ],
              [
                120.868936,
                17.124128
              ],
              [
                120.868731,
                17.123953
              ]
            ]
          ]
        ]
      }
    },
    {
      "type": "Feature",
      "properties": {
        "classification": "C-3",
        "road_carve_m": 3
      },
      "geometry": {
        "type": "MultiPolygon",
        "coordinates": [
          [
            [
              [
                120.869918,
                17.125114
              ],
              [
                120.869962,
                17.124966
              ],
              [
                120.87006,
                17.124896
              ],
              [
                120.870183,
                17.124915
              ],
              [
                120.870188,
                17.124915
              ],
              [
                120.870192,
                17.124914
              ],
              [
                120.870197,
                17.124913
              ],
              [
                120.870326,
                17.124866
              ],
              [
                120.870785,
                17.125027
              ],
              [
                120.870616,
                17.125281
              ],
              [
                120.87041,
                17.125304
              ],
              [
                120.870396,
                17.125345
              ],
              [
                120.870246,
                17.125355
              ],
              [
                120.870217,
                17.125255
              ],
              [
                120.870109,
                17.125252
              ],
              [
                120.869918,
                17.125114
              ]
            ]
          ],
          [
            [
              [
                120.869584,
                17.124993
              ],
              [
                120.869592,
                17.124819
              ],
              [
                120.869924,
                17.124627
              ],
              [
                120.870045,
                17.124768
              ],
              [
                120.870245,
                17.124838
              ],
              [
                120.870184,
                17.12486
              ],
              [
                120.870057,
                17.124841
              ],
              [
                120.870052,
                17.124841
              ],
              [
                120.870046,
                17.124842
              ],
              [
                120.870036,
                17.124846
              ],
              [
                120.869921,
                17.124928
              ],
              [
                120.869917,
                17.124932
              ],
              [
                120.869913,
                17.124937
              ],
              [
                120.869911,
                17.124943
              ],
              [
                120.86987,
                17.125079
              ],
              [
                120.869702,
                17.124958
              ],
              [
                120.86971,
                17.125011
              ],
              [
                120.869584,
                17.124993
              ]
            ]
          ]
        ]
      }
    },
    {
      "type": "Feature",
      "properties": {
        "classification": "C-2",
        "road_carve_m": 3
      },
      "geometry": {
        "type": "MultiPolygon",
        "coordinates": [
          [
            [
              [
                120.871781,
                17.106
              ],
              [
                120.871915,
                17.105787
              ],
              [
                120.871929,
                17.10579
              ],
              [
                120.87194,
                17.105792
              ],
              [
                120.872007,
                17.105813
              ],
              [
                120.872063,
                17.105831
              ],
              [
                120.872064,
                17.105831
              ],
              [
                120.872066,
                17.105831
              ],
              [
                120.872282,
                17.105875
              ],
              [
                120.872282,
                17.105875
              ],
              [
                120.872286,
                17.105876
              ],
              [
                120.872328,
                17.105878
              ],
              [
                120.872358,
                17.105879
              ],
              [
                120.872363,
                17.105879
              ],
              [
                120.872368,
                17.105878
              ],
              [
                120.872373,
                17.105876
              ],
              [
                120.872376,
                17.105875
              ],
              [
                120.872377,
                17.105874
              ],
              [
                120.872396,
                17.10586
              ],
              [
                120.872413,
                17.105847
              ],
              [
                120.872414,
                17.105846
              ],
              [
                120.872417,
                17.105844
              ],
              [
                120.872442,
                17.105818
              ],
              [
                120.872465,
                17.105815
              ],
              [
                120.872483,
                17.10582
              ],
              [
                120.872585,
                17.105883
              ],
              [
                120.872593,
                17.105888
              ],
              [
                120.872593,
                17.105888
              ],
              [
                120.872596,
                17.10589
              ],
              [
                120.872599,
                17.105891
              ],
              [
                120.8726,
                17.105891
              ],
              [
                120.872613,
                17.105895
              ],
              [
                120.872674,
                17.105912
              ],
              [
                120.872676,
                17.105912
              ],
              [
                120.872678,
                17.105912
              ],
              [
                120.872756,
                17.105921
              ],
              [
                120.872757,
                17.105922
              ],
              [
                120.872758,
                17.105922
              ],
              [
                120.872837,
                17.105926
              ],
              [
                120.872839,
                17.105926
              ],
              [
                120.872841,
                17.105925
              ],
              [
                120.87289,
                17.105922
              ],
              [
                120.872899,
                17.105921
              ],
              [
                120.872902,
                17.105921
              ],
              [
                120.872903,
                17.10592
              ],
              [
                120.872903,
                17.10592
              ],
              [
                120.872904,
                17.10592
              ],
              [
                120.872905,
                17.10592
              ],
              [
                120.872905,
                17.10592
              ],
              [
                120.872906,
                17.105919
              ],
              [
                120.872907,
                17.105919
              ],
              [
                120.872909,
                17.105918
              ],
              [
                120.87291,
                17.105918
              ],
              [
                120.87291,
                17.105918
              ],
              [
                120.87291,
                17.105918
              ],
              [
                120.872911,
                17.105917
              ],
              [
                120.872912,
                17.105917
              ],
              [
                120.872912,
                17.105917
              ],
              [
                120.872943,
                17.105898
              ],
              [
                120.872994,
                17.105866
              ],
              [
                120.872995,
                17.105865
              ],
              [
                120.872998,
                17.105864
              ],
              [
                120.873,
                17.105861
              ],
              [
                120.873001,
                17.10586
              ],
              [
                120.873029,
                17.105827
              ],
              [
                120.873062,
                17.105809
              ],
              [
                120.87317,
                17.105807
              ],
              [
                120.873172,
                17.105807
              ],
              [
                120.873267,
                17.105824
              ],
              [
                120.873271,
                17.105825
              ],
              [
                120.873272,
                17.105825
              ],
              [
                120.873273,
                17.105825
              ],
              [
                120.873277,
                17.105824
              ],
              [
                120.873282,
                17.105823
              ],
              [
                120.873292,
                17.105819
              ],
              [
                120.873335,
                17.105803
              ],
              [
                120.873407,
                17.105788
              ],
              [
                120.873409,
                17.105787
              ],
              [
                120.873411,
                17.105786
              ],
              [
                120.873415,
                17.105784
              ],
              [
                120.873418,
                17.105783
              ],
              [
                120.873419,
                17.105782
              ],
              [
                120.873439,
                17.105765
              ],
              [
                120.873451,
                17.105755
              ],
              [
                120.873452,
                17.105754
              ],
              [
                120.873455,
                17.105752
              ],
              [
                120.873456,
                17.105749
              ],
              [
                120.873457,
                17.105748
              ],
              [
                120.87346,
                17.105744
              ],
              [
                120.873469,
                17.10573
              ],
              [
                120.87347,
                17.105726
              ],
              [
                120.873471,
                17.105723
              ],
              [
                120.873478,
                17.105699
              ],
              [
                120.873483,
                17.105684
              ],
              [
                120.873484,
                17.10568
              ],
              [
                120.873496,
                17.10558
              ],
              [
                120.873496,
                17.105576
              ],
              [
                120.873492,
                17.105448
              ],
              [
                120.873489,
                17.10533
              ],
              [
                120.873495,
                17.105287
              ],
              [
                120.873499,
                17.105252
              ],
              [
                120.873518,
                17.105164
              ],
              [
                120.873539,
                17.105066
              ],
              [
                120.873545,
                17.105051
              ],
              [
                120.873561,
                17.105009
              ],
              [
                120.873567,
                17.104993
              ],
              [
                120.873571,
                17.104981
              ],
              [
                120.8736,
                17.104959
              ],
              [
                120.873666,
                17.104932
              ],
              [
                120.8737,
                17.104918
              ],
              [
                120.873702,
                17.104917
              ],
              [
                120.873705,
                17.104915
              ],
              [
                120.873709,
                17.104912
              ],
              [
                120.873709,
                17.104912
              ],
              [
                120.873709,
                17.104912
              ],
              [
                120.873711,
                17.10491
              ],
              [
                120.87373,
                17.104892
              ],
              [
                120.873733,
                17.104889
              ],
              [
                120.873735,
                17.104886
              ],
              [
                120.873748,
                17.104864
              ],
              [
                120.873748,
                17.104864
              ],
              [
                120.873748,
                17.104864
              ],
              [
                120.87375,
                17.10486
              ],
              [
                120.87376,
                17.104832
              ],
              [
                120.873761,
                17.104829
              ],
              [
                120.873783,
                17.104736
              ],
              [
                120.873783,
                17.104733
              ],
              [
                120.873783,
                17.104729
              ],
              [
                120.873782,
                17.104635
              ],
              [
                120.873788,
                17.104604
              ],
              [
                120.873824,
                17.104566
              ],
              [
                120.873827,
                17.104562
              ],
              [
                120.873835,
                17.10455
              ],
              [
                120.873977,
                17.104562
              ],
              [
                120.874074,
                17.104657
              ],
              [
                120.873913,
                17.105087
              ],
              [
                120.873744,
                17.105185
              ],
              [
                120.873747,
                17.105672
              ],
              [
                120.873607,
                17.105974
              ],
              [
                120.873272,
                17.106151
              ],
              [
                120.872505,
                17.106131
              ],
              [
                120.872046,
                17.106131
              ],
              [
                120.871781,
                17.106
              ]
            ]
          ],
          [
            [
              [
                120.871946,
                17.105738
              ],
              [
                120.872089,
                17.10551
              ],
              [
                120.872526,
                17.105518
              ],
              [
                120.872797,
                17.105615
              ],
              [
                120.872953,
                17.105508
              ],
              [
                120.873191,
                17.10551
              ],
              [
                120.873186,
                17.105318
              ],
              [
                120.873304,
                17.1048
              ],
              [
                120.873492,
                17.104672
              ],
              [
                120.873497,
                17.104523
              ],
              [
                120.873768,
                17.104545
              ],
              [
                120.873741,
                17.104574
              ],
              [
                120.873738,
                17.104578
              ],
              [
                120.873736,
                17.104582
              ],
              [
                120.873735,
                17.104585
              ],
              [
                120.873734,
                17.104587
              ],
              [
                120.873726,
                17.104628
              ],
              [
                120.873726,
                17.104633
              ],
              [
                120.873726,
                17.104633
              ],
              [
                120.873727,
                17.104727
              ],
              [
                120.873706,
                17.104816
              ],
              [
                120.873703,
                17.104825
              ],
              [
                120.873697,
                17.10484
              ],
              [
                120.873688,
                17.104856
              ],
              [
                120.873673,
                17.10487
              ],
              [
                120.873574,
                17.104911
              ],
              [
                120.87357,
                17.104914
              ],
              [
                120.873568,
                17.104915
              ],
              [
                120.873561,
                17.10492
              ],
              [
                120.87353,
                17.104943
              ],
              [
                120.873529,
                17.104945
              ],
              [
                120.873527,
                17.104947
              ],
              [
                120.873524,
                17.104951
              ],
              [
                120.873522,
                17.104953
              ],
              [
                120.873521,
                17.104955
              ],
              [
                120.873515,
                17.104971
              ],
              [
                120.873508,
                17.10499
              ],
              [
                120.873508,
                17.10499
              ],
              [
                120.873507,
                17.10499
              ],
              [
                120.873485,
                17.10505
              ],
              [
                120.873485,
                17.105051
              ],
              [
                120.873485,
                17.105052
              ],
              [
                120.873485,
                17.105052
              ],
              [
                120.873484,
                17.105053
              ],
              [
                120.873443,
                17.105242
              ],
              [
                120.873443,
                17.105244
              ],
              [
                120.873443,
                17.105244
              ],
              [
                120.873443,
                17.105244
              ],
              [
                120.873433,
                17.105326
              ],
              [
                120.873433,
                17.105329
              ],
              [
                120.873436,
                17.105451
              ],
              [
                120.873439,
                17.105576
              ],
              [
                120.873432,
                17.105638
              ],
              [
                120.873428,
                17.105671
              ],
              [
                120.873422,
                17.105691
              ],
              [
                120.873418,
                17.105705
              ],
              [
                120.873415,
                17.105711
              ],
              [
                120.873411,
                17.105717
              ],
              [
                120.873387,
                17.105737
              ],
              [
                120.873355,
                17.105743
              ],
              [
                120.873321,
                17.10575
              ],
              [
                120.873317,
                17.105752
              ],
              [
                120.873316,
                17.105752
              ],
              [
                120.873269,
                17.10577
              ],
              [
                120.873259,
                17.105768
              ],
              [
                120.873178,
                17.105753
              ],
              [
                120.873172,
                17.105753
              ],
              [
                120.873164,
                17.105753
              ],
              [
                120.873053,
                17.105756
              ],
              [
                120.87305,
                17.105756
              ],
              [
                120.873049,
                17.105756
              ],
              [
                120.873044,
                17.105757
              ],
              [
                120.87304,
                17.105759
              ],
              [
                120.872996,
                17.105783
              ],
              [
                120.872995,
                17.105784
              ],
              [
                120.872992,
                17.105786
              ],
              [
                120.872991,
                17.105787
              ],
              [
                120.872988,
                17.105789
              ],
              [
                120.872966,
                17.105816
              ],
              [
                120.87296,
                17.105823
              ],
              [
                120.872888,
                17.105868
              ],
              [
                120.872838,
                17.105872
              ],
              [
                120.872762,
                17.105868
              ],
              [
                120.872719,
                17.105863
              ],
              [
                120.872687,
                17.105859
              ],
              [
                120.87262,
                17.10584
              ],
              [
                120.872511,
                17.105772
              ],
              [
                120.872507,
                17.10577
              ],
              [
                120.872506,
                17.10577
              ],
              [
                120.872503,
                17.105769
              ],
              [
                120.872481,
                17.105763
              ],
              [
                120.872475,
                17.105761
              ],
              [
                120.872469,
                17.10576
              ],
              [
                120.872463,
                17.10576
              ],
              [
                120.872424,
                17.105765
              ],
              [
                120.872418,
                17.105767
              ],
              [
                120.872412,
                17.10577
              ],
              [
                120.872411,
                17.105771
              ],
              [
                120.872408,
                17.105774
              ],
              [
                120.872377,
                17.105806
              ],
              [
                120.872351,
                17.105825
              ],
              [
                120.872291,
                17.105822
              ],
              [
                120.872079,
                17.105779
              ],
              [
                120.871957,
                17.105741
              ],
              [
                120.871956,
                17.105741
              ],
              [
                120.871955,
                17.10574
              ],
              [
                120.871946,
                17.105738
              ]
            ]
          ]
        ]
      }
    },
    {
      "type": "Feature",
      "properties": {
        "classification": "R-4",
        "source": "road-tag",
        "buffer_m": 30,
        "road_keys": [
          "975939929|lacmaan|120.87271051236945,17.108865547988177",
          "1308729348|lacmaan|120.8714506,17.1059255"
        ],
        "road_carve_m": 3
      },
      "geometry": {
        "type": "MultiPolygon",
        "coordinates": [
          [
            [
              [
                120.870928,
                17.106566
              ],
              [
                120.870937,
                17.1065
              ],
              [
                120.870962,
                17.106404
              ],
              [
                120.870976,
                17.106364
              ],
              [
                120.870996,
                17.106328
              ],
              [
                120.871029,
                17.106277
              ],
              [
                120.871032,
                17.106271
              ],
              [
                120.871026,
                17.106256
              ],
              [
                120.871014,
                17.106203
              ],
              [
                120.871014,
                17.106148
              ],
              [
                120.87102,
                17.106097
              ],
              [
                120.871028,
                17.106053
              ],
              [
                120.871045,
                17.10601
              ],
              [
                120.871081,
                17.105936
              ],
              [
                120.871124,
                17.105872
              ],
              [
                120.871238,
                17.105748
              ],
              [
                120.871279,
                17.105711
              ],
              [
                120.871288,
                17.105706
              ],
              [
                120.871433,
                17.105558
              ],
              [
                120.871636,
                17.10547
              ],
              [
                120.871838,
                17.105464
              ],
              [
                120.872019,
                17.105506
              ],
              [
                120.87208,
                17.105525
              ],
              [
                120.871956,
                17.105722
              ],
              [
                120.871951,
                17.10573
              ],
              [
                120.871815,
                17.105698
              ],
              [
                120.871688,
                17.105703
              ],
              [
                120.871568,
                17.105754
              ],
              [
                120.871425,
                17.1059
              ],
              [
                120.871431,
                17.105906
              ],
              [
                120.87143,
                17.105907
              ],
              [
                120.871424,
                17.105901
              ],
              [
                120.871307,
                17.106029
              ],
              [
                120.871265,
                17.106114
              ],
              [
                120.871258,
                17.106183
              ],
              [
                120.871286,
                17.106231
              ],
              [
                120.871286,
                17.106286
              ],
              [
                120.87128,
                17.106327
              ],
              [
                120.871243,
                17.106394
              ],
              [
                120.871203,
                17.106455
              ],
              [
                120.871175,
                17.106562
              ],
              [
                120.871175,
                17.10669
              ],
              [
                120.871222,
                17.106793
              ],
              [
                120.871314,
                17.106895
              ],
              [
                120.871451,
                17.106967
              ],
              [
                120.871533,
                17.106983
              ],
              [
                120.871624,
                17.106993
              ],
              [
                120.871643,
                17.107
              ],
              [
                120.871636,
                17.107005
              ],
              [
                120.871604,
                17.10701
              ],
              [
                120.871566,
                17.10701
              ],
              [
                120.871455,
                17.106999
              ],
              [
                120.871383,
                17.107008
              ],
              [
                120.871374,
                17.107091
              ],
              [
                120.871394,
                17.107136
              ],
              [
                120.871452,
                17.107177
              ],
              [
                120.871539,
                17.107196
              ],
              [
                120.871674,
                17.10724
              ],
              [
                120.871784,
                17.107259
              ],
              [
                120.871873,
                17.107239
              ],
              [
                120.872073,
                17.107225
              ],
              [
                120.872213,
                17.107245
              ],
              [
                120.87234,
                17.107273
              ],
              [
                120.872442,
                17.107289
              ],
              [
                120.872545,
                17.107359
              ],
              [
                120.872642,
                17.107468
              ],
              [
                120.872662,
                17.10752
              ],
              [
                120.872667,
                17.107574
              ],
              [
                120.872635,
                17.107646
              ],
              [
                120.872554,
                17.107744
              ],
              [
                120.872522,
                17.107826
              ],
              [
                120.872522,
                17.10792
              ],
              [
                120.872593,
                17.107965
              ],
              [
                120.872705,
                17.107962
              ],
              [
                120.872789,
                17.107916
              ],
              [
                120.872867,
                17.10788
              ],
              [
                120.872961,
                17.107866
              ],
              [
                120.872984,
                17.107876
              ],
              [
                120.873016,
                17.107919
              ],
              [
                120.87303,
                17.107976
              ],
              [
                120.873023,
                17.108051
              ],
              [
                120.873005,
                17.108116
              ],
              [
                120.872927,
                17.108234
              ],
              [
                120.872867,
                17.108338
              ],
              [
                120.872778,
                17.108446
              ],
              [
                120.872738,
                17.108511
              ],
              [
                120.872741,
                17.108612
              ],
              [
                120.872757,
                17.108708
              ],
              [
                120.87275,
                17.108772
              ],
              [
                120.872736,
                17.108805
              ],
              [
                120.87269,
                17.108836
              ],
              [
                120.872695,
                17.108843
              ],
              [
                120.872694,
                17.108844
              ],
              [
                120.87269,
                17.108847
              ],
              [
                120.87269,
                17.108847
              ],
              [
                120.87269,
                17.108847
              ],
              [
                120.872687,
                17.108851
              ],
              [
                120.872684,
                17.108856
              ],
              [
                120.872684,
                17.108856
              ],
              [
                120.872447,
                17.10877
              ],
              [
                120.872447,
                17.108769
              ],
              [
                120.872472,
                17.108722
              ],
              [
                120.872503,
                17.108683
              ],
              [
                120.872498,
                17.10865
              ],
              [
                120.872495,
                17.108616
              ],
              [
                120.872492,
                17.108529
              ],
              [
                120.872496,
                17.108478
              ],
              [
                120.872509,
                17.108429
              ],
              [
                120.872532,
                17.108383
              ],
              [
                120.872565,
                17.108329
              ],
              [
                120.872585,
                17.108302
              ],
              [
                120.87266,
                17.108209
              ],
              [
                120.872667,
                17.108197
              ],
              [
                120.872611,
                17.108199
              ],
              [
                120.872553,
                17.108194
              ],
              [
                120.872497,
                17.108179
              ],
              [
                120.872446,
                17.108153
              ],
              [
                120.872402,
                17.108125
              ],
              [
                120.872359,
                17.108092
              ],
              [
                120.872324,
                17.108051
              ],
              [
                120.872298,
                17.108004
              ],
              [
                120.872282,
                17.107953
              ],
              [
                120.872276,
                17.107901
              ],
              [
                120.872276,
                17.107833
              ],
              [
                120.87228,
                17.107786
              ],
              [
                120.872293,
                17.107741
              ],
              [
                120.87232,
                17.10767
              ],
              [
                120.872339,
                17.107631
              ],
              [
                120.872364,
                17.107595
              ],
              [
                120.872397,
                17.107555
              ],
              [
                120.872377,
                17.107532
              ],
              [
                120.872346,
                17.107511
              ],
              [
                120.872302,
                17.107504
              ],
              [
                120.872283,
                17.107501
              ],
              [
                120.872167,
                17.107475
              ],
              [
                120.872063,
                17.107461
              ],
              [
                120.871911,
                17.107471
              ],
              [
                120.871848,
                17.107485
              ],
              [
                120.87179,
                17.107492
              ],
              [
                120.871732,
                17.107488
              ],
              [
                120.871631,
                17.10747
              ],
              [
                120.871592,
                17.10746
              ],
              [
                120.871471,
                17.107421
              ],
              [
                120.871404,
                17.107406
              ],
              [
                120.87135,
                17.107389
              ],
              [
                120.871301,
                17.107361
              ],
              [
                120.871256,
                17.107331
              ],
              [
                120.871218,
                17.107299
              ],
              [
                120.871187,
                17.107261
              ],
              [
                120.871163,
                17.107218
              ],
              [
                120.871151,
                17.107191
              ],
              [
                120.871136,
                17.107147
              ],
              [
                120.871129,
                17.107102
              ],
              [
                120.87113,
                17.107055
              ],
              [
                120.871131,
                17.10705
              ],
              [
                120.871123,
                17.107043
              ],
              [
                120.871038,
                17.106949
              ],
              [
                120.871013,
                17.106916
              ],
              [
                120.870993,
                17.106881
              ],
              [
                120.870952,
                17.10679
              ],
              [
                120.870934,
                17.106737
              ],
              [
                120.870928,
                17.106682
              ],
              [
                120.870928,
                17.106566
              ]
            ]
          ],
          [
            [
              [
                120.871246,
                17.106571
              ],
              [
                120.871269,
                17.106485
              ],
              [
                120.871304,
                17.106431
              ],
              [
                120.87135,
                17.10635
              ],
              [
                120.871358,
                17.106291
              ],
              [
                120.871358,
                17.106212
              ],
              [
                120.871332,
                17.106167
              ],
              [
                120.871336,
                17.106134
              ],
              [
                120.871367,
                17.10607
              ],
              [
                120.871477,
                17.10595
              ],
              [
                120.871609,
                17.105815
              ],
              [
                120.871704,
                17.105774
              ],
              [
                120.871808,
                17.105771
              ],
              [
                120.87191,
                17.105794
              ],
              [
                120.871781,
                17.106
              ],
              [
                120.871797,
                17.106008
              ],
              [
                120.871785,
                17.106005
              ],
              [
                120.871756,
                17.106006
              ],
              [
                120.871744,
                17.106011
              ],
              [
                120.871692,
                17.106065
              ],
              [
                120.871663,
                17.106103
              ],
              [
                120.871599,
                17.106173
              ],
              [
                120.8716,
                17.106176
              ],
              [
                120.871604,
                17.106222
              ],
              [
                120.871604,
                17.106288
              ],
              [
                120.871602,
                17.106322
              ],
              [
                120.871595,
                17.106372
              ],
              [
                120.871584,
                17.10642
              ],
              [
                120.871564,
                17.106465
              ],
              [
                120.871522,
                17.10654
              ],
              [
                120.871513,
                17.106555
              ],
              [
                120.871499,
                17.106577
              ],
              [
                120.871493,
                17.1066
              ],
              [
                120.871493,
                17.106625
              ],
              [
                120.871494,
                17.106627
              ],
              [
                120.871517,
                17.106654
              ],
              [
                120.871561,
                17.106676
              ],
              [
                120.871581,
                17.10668
              ],
              [
                120.871665,
                17.106689
              ],
              [
                120.87174,
                17.106708
              ],
              [
                120.871792,
                17.106728
              ],
              [
                120.871845,
                17.106755
              ],
              [
                120.871891,
                17.106793
              ],
              [
                120.871927,
                17.106838
              ],
              [
                120.871952,
                17.10689
              ],
              [
                120.871961,
                17.106927
              ],
              [
                120.872054,
                17.10692
              ],
              [
                120.872116,
                17.106922
              ],
              [
                120.87226,
                17.106943
              ],
              [
                120.872283,
                17.106947
              ],
              [
                120.872401,
                17.106973
              ],
              [
                120.8725,
                17.106988
              ],
              [
                120.872562,
                17.107005
              ],
              [
                120.872618,
                17.107034
              ],
              [
                120.872732,
                17.107111
              ],
              [
                120.872784,
                17.107157
              ],
              [
                120.872889,
                17.107275
              ],
              [
                120.872918,
                17.107314
              ],
              [
                120.872939,
                17.107357
              ],
              [
                120.872963,
                17.107419
              ],
              [
                120.872979,
                17.107492
              ],
              [
                120.872985,
                17.10756
              ],
              [
                120.87303,
                17.107566
              ],
              [
                120.873082,
                17.107583
              ],
              [
                120.873123,
                17.107601
              ],
              [
                120.873167,
                17.107624
              ],
              [
                120.873206,
                17.107655
              ],
              [
                120.873238,
                17.107691
              ],
              [
                120.87328,
                17.107748
              ],
              [
                120.873307,
                17.107792
              ],
              [
                120.873324,
                17.107841
              ],
              [
                120.873341,
                17.107912
              ],
              [
                120.873348,
                17.107955
              ],
              [
                120.873348,
                17.107998
              ],
              [
                120.87334,
                17.108082
              ],
              [
                120.873332,
                17.108125
              ],
              [
                120.873312,
                17.108199
              ],
              [
                120.873298,
                17.108238
              ],
              [
                120.873277,
                17.108275
              ],
              [
                120.873201,
                17.108391
              ],
              [
                120.873142,
                17.10849
              ],
              [
                120.873119,
                17.108524
              ],
              [
                120.873061,
                17.108596
              ],
              [
                120.873072,
                17.108666
              ],
              [
                120.873074,
                17.108735
              ],
              [
                120.873066,
                17.108809
              ],
              [
                120.873047,
                17.108882
              ],
              [
                120.873027,
                17.10893
              ],
              [
                120.873004,
                17.108972
              ],
              [
                120.872752,
                17.108881
              ],
              [
                120.872794,
                17.108853
              ],
              [
                120.87282,
                17.10879
              ],
              [
                120.872829,
                17.108706
              ],
              [
                120.872813,
                17.108605
              ],
              [
                120.872811,
                17.108531
              ],
              [
                120.872837,
                17.108488
              ],
              [
                120.872926,
                17.108379
              ],
              [
                120.872989,
                17.108272
              ],
              [
                120.873072,
                17.108146
              ],
              [
                120.873094,
                17.108064
              ],
              [
                120.873103,
                17.107971
              ],
              [
                120.873082,
                17.107888
              ],
              [
                120.873031,
                17.107818
              ],
              [
                120.872971,
                17.107792
              ],
              [
                120.872846,
                17.107811
              ],
              [
                120.872757,
                17.107852
              ],
              [
                120.872685,
                17.107891
              ],
              [
                120.872613,
                17.107893
              ],
              [
                120.872594,
                17.107881
              ],
              [
                120.872594,
                17.107839
              ],
              [
                120.872617,
                17.107781
              ],
              [
                120.872696,
                17.107684
              ],
              [
                120.87274,
                17.107586
              ],
              [
                120.872733,
                17.107504
              ],
              [
                120.872705,
                17.107431
              ],
              [
                120.872593,
                17.107304
              ],
              [
                120.872469,
                17.10722
              ],
              [
                120.872353,
                17.107203
              ],
              [
                120.872226,
                17.107174
              ],
              [
                120.872076,
                17.107153
              ],
              [
                120.871862,
                17.107168
              ],
              [
                120.871782,
                17.107186
              ],
              [
                120.871691,
                17.10717
              ],
              [
                120.871558,
                17.107126
              ],
              [
                120.871481,
                17.10711
              ],
              [
                120.871451,
                17.107089
              ],
              [
                120.871447,
                17.10708
              ],
              [
                120.871448,
                17.107073
              ],
              [
                120.871457,
                17.107072
              ],
              [
                120.871563,
                17.107082
              ],
              [
                120.871609,
                17.107082
              ],
              [
                120.871665,
                17.107074
              ],
              [
                120.871728,
                17.107026
              ],
              [
                120.871718,
                17.106952
              ],
              [
                120.871642,
                17.106922
              ],
              [
                120.871543,
                17.106911
              ],
              [
                120.871475,
                17.106899
              ],
              [
                120.871359,
                17.106837
              ],
              [
                120.871283,
                17.106753
              ],
              [
                120.871246,
                17.106674
              ],
              [
                120.871246,
                17.106571
              ]
            ]
          ]
        ]
      }
    },
    {
      "type": "Feature",
      "properties": {
        "classification": "R-5",
        "road_carve_m": 3
      },
      "geometry": {
        "type": "MultiPolygon",
        "coordinates": [
          [
            [
              [
                120.871604,
                17.106288
              ],
              [
                120.871778,
                17.106005
              ],
              [
                120.871785,
                17.106005
              ],
              [
                120.871797,
                17.106008
              ],
              [
                120.871781,
                17.106
              ],
              [
                120.872046,
                17.106131
              ],
              [
                120.872505,
                17.106131
              ],
              [
                120.873272,
                17.106151
              ],
              [
                120.873607,
                17.105974
              ],
              [
                120.873747,
                17.105672
              ],
              [
                120.873744,
                17.105185
              ],
              [
                120.873913,
                17.105087
              ],
              [
                120.874074,
                17.104657
              ],
              [
                120.874294,
                17.104759
              ],
              [
                120.87431,
                17.104889
              ],
              [
                120.874039,
                17.105964
              ],
              [
                120.873934,
                17.106161
              ],
              [
                120.873795,
                17.106289
              ],
              [
                120.873256,
                17.106666
              ],
              [
                120.873012,
                17.106712
              ],
              [
                120.871625,
                17.106525
              ],
              [
                120.871604,
                17.106288
              ]
            ]
          ],
          [
            [
              [
                120.872089,
                17.10551
              ],
              [
                120.872403,
                17.105012
              ],
              [
                120.872306,
                17.104846
              ],
              [
                120.872306,
                17.104751
              ],
              [
                120.872422,
                17.104659
              ],
              [
                120.873342,
                17.104484
              ],
              [
                120.873497,
                17.104523
              ],
              [
                120.873492,
                17.104672
              ],
              [
                120.873304,
                17.1048
              ],
              [
                120.873186,
                17.105318
              ],
              [
                120.873191,
                17.10551
              ],
              [
                120.872953,
                17.105508
              ],
              [
                120.872797,
                17.105615
              ],
              [
                120.872526,
                17.105518
              ],
              [
                120.872089,
                17.10551
              ]
            ]
          ]
        ]
      }
    },
    {
      "type": "Feature",
      "properties": {
        "classification": "R-4",
        "road_carve_m": 3
      },
      "geometry": {
        "type": "MultiPolygon",
        "coordinates": [
          [
            [
              [
                120.872934,
                17.103248
              ],
              [
                120.872971,
                17.103043
              ],
              [
                120.873285,
                17.103056
              ],
              [
                120.873228,
                17.103119
              ],
              [
                120.873189,
                17.103162
              ],
              [
                120.873186,
                17.103166
              ],
              [
                120.873184,
                17.103171
              ],
              [
                120.873183,
                17.103177
              ],
              [
                120.873179,
                17.103213
              ],
              [
                120.873178,
                17.103217
              ],
              [
                120.873179,
                17.103222
              ],
              [
                120.873191,
                17.103268
              ],
              [
                120.873194,
                17.103274
              ],
              [
                120.873197,
                17.103279
              ],
              [
                120.873201,
                17.103283
              ],
              [
                120.873258,
                17.103325
              ],
              [
                120.873258,
                17.103326
              ],
              [
                120.873259,
                17.103326
              ],
              [
                120.873261,
                17.103327
              ],
              [
                120.873262,
                17.103328
              ],
              [
                120.873263,
                17.103328
              ],
              [
                120.873264,
                17.103329
              ],
              [
                120.873359,
                17.103369
              ],
              [
                120.873456,
                17.103426
              ],
              [
                120.873459,
                17.103427
              ],
              [
                120.873544,
                17.103466
              ],
              [
                120.873549,
                17.103468
              ],
              [
                120.873595,
                17.103479
              ],
              [
                120.87362,
                17.10349
              ],
              [
                120.873654,
                17.103523
              ],
              [
                120.873659,
                17.103527
              ],
              [
                120.873665,
                17.10353
              ],
              [
                120.87369,
                17.103539
              ],
              [
                120.873696,
                17.10354
              ],
              [
                120.873707,
                17.10354
              ],
              [
                120.873726,
                17.103535
              ],
              [
                120.873732,
                17.103533
              ],
              [
                120.873737,
                17.10353
              ],
              [
                120.873742,
                17.103525
              ],
              [
                120.87377,
                17.10349
              ],
              [
                120.873792,
                17.103461
              ],
              [
                120.873795,
                17.103462
              ],
              [
                120.873816,
                17.103482
              ],
              [
                120.873835,
                17.103516
              ],
              [
                120.873845,
                17.103557
              ],
              [
                120.873856,
                17.103613
              ],
              [
                120.873806,
                17.103735
              ],
              [
                120.873805,
                17.103739
              ],
              [
                120.873804,
                17.103744
              ],
              [
                120.873803,
                17.103929
              ],
              [
                120.87376,
                17.104172
              ],
              [
                120.87376,
                17.104173
              ],
              [
                120.873744,
                17.104273
              ],
              [
                120.873744,
                17.104283
              ],
              [
                120.873791,
                17.104491
              ],
              [
                120.87379,
                17.104516
              ],
              [
                120.87378,
                17.104532
              ],
              [
                120.873768,
                17.104545
              ],
              [
                120.873497,
                17.104523
              ],
              [
                120.873502,
                17.104233
              ],
              [
                120.873559,
                17.103759
              ],
              [
                120.873006,
                17.103477
              ],
              [
                120.872934,
                17.103248
              ]
            ]
          ],
          [
            [
              [
                120.873235,
                17.103214
              ],
              [
                120.873238,
                17.103191
              ],
              [
                120.873271,
                17.103154
              ],
              [
                120.873357,
                17.10306
              ],
              [
                120.87339,
                17.103061
              ],
              [
                120.87395,
                17.103192
              ],
              [
                120.874087,
                17.103331
              ],
              [
                120.874176,
                17.103656
              ],
              [
                120.874106,
                17.103815
              ],
              [
                120.874044,
                17.104266
              ],
              [
                120.874074,
                17.104657
              ],
              [
                120.873977,
                17.104562
              ],
              [
                120.873835,
                17.10455
              ],
              [
                120.873829,
                17.104559
              ],
              [
                120.873843,
                17.104537
              ],
              [
                120.873845,
                17.104533
              ],
              [
                120.873846,
                17.104528
              ],
              [
                120.873847,
                17.104524
              ],
              [
                120.873847,
                17.104483
              ],
              [
                120.873801,
                17.104276
              ],
              [
                120.873815,
                17.104181
              ],
              [
                120.873859,
                17.103936
              ],
              [
                120.873859,
                17.103932
              ],
              [
                120.873861,
                17.10375
              ],
              [
                120.873911,
                17.103625
              ],
              [
                120.873912,
                17.103621
              ],
              [
                120.873913,
                17.103616
              ],
              [
                120.873913,
                17.103611
              ],
              [
                120.873901,
                17.103547
              ],
              [
                120.8739,
                17.103546
              ],
              [
                120.873889,
                17.1035
              ],
              [
                120.873887,
                17.103493
              ],
              [
                120.873864,
                17.103453
              ],
              [
                120.873859,
                17.103447
              ],
              [
                120.873829,
                17.103418
              ],
              [
                120.873824,
                17.103415
              ],
              [
                120.873819,
                17.103412
              ],
              [
                120.873814,
                17.10341
              ],
              [
                120.873785,
                17.103405
              ],
              [
                120.873774,
                17.103405
              ],
              [
                120.873773,
                17.103406
              ],
              [
                120.873771,
                17.103406
              ],
              [
                120.87377,
                17.103407
              ],
              [
                120.873769,
                17.103407
              ],
              [
                120.873767,
                17.103408
              ],
              [
                120.873766,
                17.103409
              ],
              [
                120.873764,
                17.103409
              ],
              [
                120.873763,
                17.103411
              ],
              [
                120.873761,
                17.103412
              ],
              [
                120.873759,
                17.103414
              ],
              [
                120.873757,
                17.103416
              ],
              [
                120.873725,
                17.103457
              ],
              [
                120.873703,
                17.103485
              ],
              [
                120.873702,
                17.103485
              ],
              [
                120.87369,
                17.103481
              ],
              [
                120.873658,
                17.103449
              ],
              [
                120.873654,
                17.103446
              ],
              [
                120.87365,
                17.103444
              ],
              [
                120.873618,
                17.103429
              ],
              [
                120.873612,
                17.103427
              ],
              [
                120.873565,
                17.103416
              ],
              [
                120.873485,
                17.103379
              ],
              [
                120.873386,
                17.103322
              ],
              [
                120.873383,
                17.10332
              ],
              [
                120.87329,
                17.103281
              ],
              [
                120.873244,
                17.103246
              ],
              [
                120.873235,
                17.103214
              ]
            ]
          ]
        ]
      }
    },
    {
      "type": "Feature",
      "properties": {
        "classification": "C-2",
        "road_carve_m": 3
      },
      "geometry": {
        "type": "MultiPolygon",
        "coordinates": [
          [
            [
              [
                120.862776,
                17.097366
              ],
              [
                120.862784,
                17.097356
              ],
              [
                120.862786,
                17.097354
              ],
              [
                120.86279,
                17.097351
              ],
              [
                120.862793,
                17.097346
              ],
              [
                120.862795,
                17.097341
              ],
              [
                120.862796,
                17.097336
              ],
              [
                120.862796,
                17.097331
              ],
              [
                120.862795,
                17.097326
              ],
              [
                120.862793,
                17.097321
              ],
              [
                120.862787,
                17.097313
              ],
              [
                120.862781,
                17.097308
              ],
              [
                120.862779,
                17.097306
              ],
              [
                120.862918,
                17.097024
              ],
              [
                120.862938,
                17.097021
              ],
              [
                120.862957,
                17.097019
              ],
              [
                120.863068,
                17.097045
              ],
              [
                120.863138,
                17.097086
              ],
              [
                120.863225,
                17.09714
              ],
              [
                120.863231,
                17.097142
              ],
              [
                120.863312,
                17.097168
              ],
              [
                120.863317,
                17.097169
              ],
              [
                120.863323,
                17.097169
              ],
              [
                120.863328,
                17.097168
              ],
              [
                120.863391,
                17.097152
              ],
              [
                120.863399,
                17.097148
              ],
              [
                120.863494,
                17.09709
              ],
              [
                120.863499,
                17.097086
              ],
              [
                120.863502,
                17.097082
              ],
              [
                120.863505,
                17.097077
              ],
              [
                120.863538,
                17.097002
              ],
              [
                120.863604,
                17.096939
              ],
              [
                120.863677,
                17.096907
              ],
              [
                120.863678,
                17.096907
              ],
              [
                120.864072,
                17.097449
              ],
              [
                120.863707,
                17.097324
              ],
              [
                120.863329,
                17.097426
              ],
              [
                120.863136,
                17.097367
              ],
              [
                120.863273,
                17.09756
              ],
              [
                120.863377,
                17.097521
              ],
              [
                120.863565,
                17.097531
              ],
              [
                120.863718,
                17.097616
              ],
              [
                120.864061,
                17.098075
              ],
              [
                120.864155,
                17.098408
              ],
              [
                120.863978,
                17.098537
              ],
              [
                120.863922,
                17.09847
              ],
              [
                120.86392,
                17.098468
              ],
              [
                120.863841,
                17.098396
              ],
              [
                120.863817,
                17.098351
              ],
              [
                120.863815,
                17.09831
              ],
              [
                120.863826,
                17.098233
              ],
              [
                120.863826,
                17.098226
              ],
              [
                120.863818,
                17.098161
              ],
              [
                120.863817,
                17.098156
              ],
              [
                120.863813,
                17.098148
              ],
              [
                120.863794,
                17.098124
              ],
              [
                120.86379,
                17.09812
              ],
              [
                120.863786,
                17.098117
              ],
              [
                120.863781,
                17.098115
              ],
              [
                120.863775,
                17.098113
              ],
              [
                120.86377,
                17.098113
              ],
              [
                120.863767,
                17.098114
              ],
              [
                120.863768,
                17.098111
              ],
              [
                120.863769,
                17.098106
              ],
              [
                120.86377,
                17.0981
              ],
              [
                120.863769,
                17.098095
              ],
              [
                120.863767,
                17.09809
              ],
              [
                120.863764,
                17.098086
              ],
              [
                120.863551,
                17.097814
              ],
              [
                120.863547,
                17.09781
              ],
              [
                120.863542,
                17.097807
              ],
              [
                120.863517,
                17.097794
              ],
              [
                120.863481,
                17.097776
              ],
              [
                120.863476,
                17.097774
              ],
              [
                120.86347,
                17.097773
              ],
              [
                120.863388,
                17.097769
              ],
              [
                120.863383,
                17.09777
              ],
              [
                120.863379,
                17.09777
              ],
              [
                120.863298,
                17.097793
              ],
              [
                120.863226,
                17.097807
              ],
              [
                120.86317,
                17.097794
              ],
              [
                120.863101,
                17.097742
              ],
              [
                120.863026,
                17.097657
              ],
              [
                120.862939,
                17.097504
              ],
              [
                120.862936,
                17.097499
              ],
              [
                120.862932,
                17.097495
              ],
              [
                120.862922,
                17.097491
              ],
              [
                120.862916,
                17.09749
              ],
              [
                120.862911,
                17.09749
              ],
              [
                120.862905,
                17.097491
              ],
              [
                120.862827,
                17.097387
              ],
              [
                120.862776,
                17.097366
              ]
            ]
          ],
          [
            [
              [
                120.862946,
                17.096966
              ],
              [
                120.863022,
                17.096812
              ],
              [
                120.863588,
                17.096887
              ],
              [
                120.863576,
                17.096892
              ],
              [
                120.863568,
                17.096898
              ],
              [
                120.863494,
                17.096967
              ],
              [
                120.863491,
                17.096971
              ],
              [
                120.863488,
                17.096976
              ],
              [
                120.863456,
                17.097049
              ],
              [
                120.863372,
                17.097101
              ],
              [
                120.863322,
                17.097114
              ],
              [
                120.863253,
                17.097092
              ],
              [
                120.863169,
                17.09704
              ],
              [
                120.863168,
                17.09704
              ],
              [
                120.863094,
                17.096997
              ],
              [
                120.86309,
                17.096995
              ],
              [
                120.863086,
                17.096994
              ],
              [
                120.862966,
                17.096965
              ],
              [
                120.86296,
                17.096964
              ],
              [
                120.862955,
                17.096965
              ],
              [
                120.862946,
                17.096966
              ]
            ]
          ],
          [
            [
              [
                120.86372,
                17.098649
              ],
              [
                120.863736,
                17.098429
              ],
              [
                120.863761,
                17.09836
              ],
              [
                120.863762,
                17.098365
              ],
              [
                120.863764,
                17.09837
              ],
              [
                120.863793,
                17.098425
              ],
              [
                120.863796,
                17.098429
              ],
              [
                120.863799,
                17.098432
              ],
              [
                120.863879,
                17.098506
              ],
              [
                120.863933,
                17.098569
              ],
              [
                120.863744,
                17.098707
              ],
              [
                120.86372,
                17.098649
              ]
            ]
          ]
        ]
      }
    },
    {
      "type": "Feature",
      "properties": {
        "classification": "R-4",
        "road_carve_m": 3
      },
      "geometry": {
        "type": "MultiPolygon",
        "coordinates": [
          [
            [
              [
                120.863744,
                17.098707
              ],
              [
                120.863933,
                17.098569
              ],
              [
                120.863968,
                17.09861
              ],
              [
                120.864046,
                17.098735
              ],
              [
                120.864133,
                17.098903
              ],
              [
                120.864212,
                17.099103
              ],
              [
                120.864214,
                17.099108
              ],
              [
                120.864287,
                17.09922
              ],
              [
                120.864289,
                17.099224
              ],
              [
                120.864292,
                17.099227
              ],
              [
                120.864369,
                17.099288
              ],
              [
                120.864372,
                17.099291
              ],
              [
                120.864602,
                17.099426
              ],
              [
                120.864741,
                17.099526
              ],
              [
                120.864843,
                17.099606
              ],
              [
                120.864904,
                17.09966
              ],
              [
                120.86491,
                17.099664
              ],
              [
                120.864916,
                17.099667
              ],
              [
                120.864966,
                17.09968
              ],
              [
                120.864971,
                17.099681
              ],
              [
                120.864977,
                17.09968
              ],
              [
                120.865023,
                17.099674
              ],
              [
                120.865029,
                17.099672
              ],
              [
                120.865034,
                17.09967
              ],
              [
                120.86514,
                17.099604
              ],
              [
                120.865187,
                17.099583
              ],
              [
                120.865257,
                17.099583
              ],
              [
                120.865351,
                17.099605
              ],
              [
                120.86549,
                17.099656
              ],
              [
                120.865496,
                17.099657
              ],
              [
                120.865559,
                17.099666
              ],
              [
                120.865651,
                17.099666
              ],
              [
                120.865741,
                17.099643
              ],
              [
                120.865745,
                17.099641
              ],
              [
                120.865834,
                17.099603
              ],
              [
                120.865943,
                17.099568
              ],
              [
                120.86619,
                17.099558
              ],
              [
                120.866449,
                17.099555
              ],
              [
                120.866711,
                17.099595
              ],
              [
                120.866976,
                17.099654
              ],
              [
                120.866981,
                17.099655
              ],
              [
                120.867182,
                17.099665
              ],
              [
                120.867187,
                17.099665
              ],
              [
                120.867337,
                17.099644
              ],
              [
                120.867342,
                17.099643
              ],
              [
                120.867347,
                17.099641
              ],
              [
                120.867497,
                17.099565
              ],
              [
                120.867499,
                17.099563
              ],
              [
                120.867622,
                17.099483
              ],
              [
                120.867742,
                17.099443
              ],
              [
                120.867886,
                17.099403
              ],
              [
                120.867889,
                17.099402
              ],
              [
                120.867918,
                17.09939
              ],
              [
                120.867918,
                17.099645
              ],
              [
                120.867435,
                17.099891
              ],
              [
                120.866936,
                17.099901
              ],
              [
                120.866454,
                17.099814
              ],
              [
                120.866024,
                17.099804
              ],
              [
                120.865692,
                17.099927
              ],
              [
                120.864946,
                17.099932
              ],
              [
                120.864742,
                17.099875
              ],
              [
                120.864061,
                17.099363
              ],
              [
                120.863785,
                17.098849
              ],
              [
                120.863777,
                17.098753
              ],
              [
                120.863744,
                17.098707
              ]
            ]
          ],
          [
            [
              [
                120.863978,
                17.098537
              ],
              [
                120.864155,
                17.098408
              ],
              [
                120.864506,
                17.099045
              ],
              [
                120.864952,
                17.099316
              ],
              [
                120.86647,
                17.09926
              ],
              [
                120.867258,
                17.099352
              ],
              [
                120.867918,
                17.09906
              ],
              [
                120.867918,
                17.099332
              ],
              [
                120.867868,
                17.099351
              ],
              [
                120.867725,
                17.099392
              ],
              [
                120.867724,
                17.099392
              ],
              [
                120.8676,
                17.099433
              ],
              [
                120.867594,
                17.099436
              ],
              [
                120.867469,
                17.099518
              ],
              [
                120.867324,
                17.099592
              ],
              [
                120.867182,
                17.099611
              ],
              [
                120.866986,
                17.099601
              ],
              [
                120.866723,
                17.099543
              ],
              [
                120.866721,
                17.099542
              ],
              [
                120.866456,
                17.099501
              ],
              [
                120.866451,
                17.099501
              ],
              [
                120.866189,
                17.099504
              ],
              [
                120.866188,
                17.099504
              ],
              [
                120.865936,
                17.099514
              ],
              [
                120.865928,
                17.099515
              ],
              [
                120.865814,
                17.099552
              ],
              [
                120.865812,
                17.099553
              ],
              [
                120.865724,
                17.099591
              ],
              [
                120.86564,
                17.099613
              ],
              [
                120.865565,
                17.099613
              ],
              [
                120.865507,
                17.099604
              ],
              [
                120.865369,
                17.099554
              ],
              [
                120.865366,
                17.099553
              ],
              [
                120.865267,
                17.09953
              ],
              [
                120.86526,
                17.099529
              ],
              [
                120.865181,
                17.099529
              ],
              [
                120.865175,
                17.09953
              ],
              [
                120.865169,
                17.099532
              ],
              [
                120.865114,
                17.099556
              ],
              [
                120.865111,
                17.099558
              ],
              [
                120.865008,
                17.099621
              ],
              [
                120.864975,
                17.099626
              ],
              [
                120.864938,
                17.099617
              ],
              [
                120.864881,
                17.099566
              ],
              [
                120.86488,
                17.099565
              ],
              [
                120.864776,
                17.099484
              ],
              [
                120.864775,
                17.099483
              ],
              [
                120.864635,
                17.099382
              ],
              [
                120.864633,
                17.099381
              ],
              [
                120.864404,
                17.099246
              ],
              [
                120.864332,
                17.099188
              ],
              [
                120.864264,
                17.099082
              ],
              [
                120.864185,
                17.098883
              ],
              [
                120.864184,
                17.09888
              ],
              [
                120.864096,
                17.09871
              ],
              [
                120.864095,
                17.098708
              ],
              [
                120.864016,
                17.098581
              ],
              [
                120.864013,
                17.098578
              ],
              [
                120.863978,
                17.098537
              ]
            ]
          ]
        ]
      }
    },
    {
      "type": "Feature",
      "properties": {
        "classification": "R-4",
        "road_carve_m": 3
      },
      "geometry": {
        "type": "MultiPolygon",
        "coordinates": [
          [
            [
              [
                120.863005,
                17.096844
              ],
              [
                120.863058,
                17.096739
              ],
              [
                120.863632,
                17.096601
              ],
              [
                120.863924,
                17.096662
              ],
              [
                120.864184,
                17.096916
              ],
              [
                120.864753,
                17.096978
              ],
              [
                120.865306,
                17.097196
              ],
              [
                120.865547,
                17.097119
              ],
              [
                120.866293,
                17.096719
              ],
              [
                120.866326,
                17.096953
              ],
              [
                120.866301,
                17.096955
              ],
              [
                120.866296,
                17.096956
              ],
              [
                120.866292,
                17.096958
              ],
              [
                120.866147,
                17.097019
              ],
              [
                120.866143,
                17.097021
              ],
              [
                120.865918,
                17.097164
              ],
              [
                120.865917,
                17.097164
              ],
              [
                120.865652,
                17.09734
              ],
              [
                120.865528,
                17.097395
              ],
              [
                120.865388,
                17.097432
              ],
              [
                120.865251,
                17.097433
              ],
              [
                120.865078,
                17.097375
              ],
              [
                120.864917,
                17.097316
              ],
              [
                120.864673,
                17.097231
              ],
              [
                120.864669,
                17.09723
              ],
              [
                120.864434,
                17.097182
              ],
              [
                120.86443,
                17.097181
              ],
              [
                120.864237,
                17.097172
              ],
              [
                120.864116,
                17.097157
              ],
              [
                120.864019,
                17.097113
              ],
              [
                120.863948,
                17.097041
              ],
              [
                120.863886,
                17.096958
              ],
              [
                120.863882,
                17.096954
              ],
              [
                120.863802,
                17.09688
              ],
              [
                120.863798,
                17.096876
              ],
              [
                120.863793,
                17.096874
              ],
              [
                120.863788,
                17.096873
              ],
              [
                120.863679,
                17.096852
              ],
              [
                120.863673,
                17.096851
              ],
              [
                120.863667,
                17.096852
              ],
              [
                120.863662,
                17.096854
              ],
              [
                120.863588,
                17.096887
              ],
              [
                120.863022,
                17.096812
              ],
              [
                120.863006,
                17.096845
              ],
              [
                120.863005,
                17.096844
              ]
            ]
          ],
          [
            [
              [
                120.863642,
                17.096922
              ],
              [
                120.863677,
                17.096907
              ],
              [
                120.863769,
                17.096924
              ],
              [
                120.863841,
                17.096991
              ],
              [
                120.863903,
                17.097074
              ],
              [
                120.863905,
                17.097076
              ],
              [
                120.863982,
                17.097153
              ],
              [
                120.863985,
                17.097157
              ],
              [
                120.86399,
                17.097159
              ],
              [
                120.864096,
                17.097208
              ],
              [
                120.8641,
                17.097209
              ],
              [
                120.864104,
                17.09721
              ],
              [
                120.864231,
                17.097226
              ],
              [
                120.864233,
                17.097226
              ],
              [
                120.864425,
                17.097235
              ],
              [
                120.864655,
                17.097283
              ],
              [
                120.864897,
                17.097366
              ],
              [
                120.865058,
                17.097425
              ],
              [
                120.865059,
                17.097426
              ],
              [
                120.865237,
                17.097486
              ],
              [
                120.865242,
                17.097487
              ],
              [
                120.865247,
                17.097487
              ],
              [
                120.865392,
                17.097486
              ],
              [
                120.865399,
                17.097485
              ],
              [
                120.865545,
                17.097447
              ],
              [
                120.86555,
                17.097445
              ],
              [
                120.865678,
                17.097387
              ],
              [
                120.865682,
                17.097385
              ],
              [
                120.865949,
                17.097208
              ],
              [
                120.866172,
                17.097068
              ],
              [
                120.866311,
                17.097009
              ],
              [
                120.866333,
                17.097007
              ],
              [
                120.866368,
                17.097252
              ],
              [
                120.865796,
                17.097616
              ],
              [
                120.865429,
                17.097739
              ],
              [
                120.865204,
                17.097731
              ],
              [
                120.864423,
                17.09748
              ],
              [
                120.864072,
                17.097449
              ],
              [
                120.863678,
                17.096907
              ],
              [
                120.863677,
                17.096907
              ],
              [
                120.863642,
                17.096922
              ]
            ]
          ]
        ]
      }
    },
    {
      "type": "Feature",
      "properties": {
        "classification": "R-5"
      },
      "geometry": {
        "type": "Polygon",
        "coordinates": [
          [
            [
              120.863136,
              17.097367
            ],
            [
              120.863329,
              17.097426
            ],
            [
              120.863707,
              17.097324
            ],
            [
              120.864072,
              17.097449
            ],
            [
              120.864351,
              17.097947
            ],
            [
              120.864108,
              17.09824
            ],
            [
              120.864107,
              17.09824
            ],
            [
              120.864061,
              17.098075
            ],
            [
              120.863718,
              17.097616
            ],
            [
              120.863565,
              17.097531
            ],
            [
              120.863377,
              17.097521
            ],
            [
              120.863273,
              17.09756
            ],
            [
              120.863136,
              17.097367
            ]
          ]
        ]
      }
    },
    {
      "type": "Feature",
      "properties": {
        "classification": "C-2",
        "road_carve_m": 3
      },
      "geometry": {
        "type": "MultiPolygon",
        "coordinates": [
          [
            [
              [
                120.87,
                17.083515
              ],
              [
                120.870002,
                17.083405
              ],
              [
                120.870442,
                17.083266
              ],
              [
                120.870697,
                17.08322
              ],
              [
                120.870903,
                17.083243
              ],
              [
                120.871032,
                17.083305
              ],
              [
                120.871123,
                17.083402
              ],
              [
                120.871196,
                17.083387
              ],
              [
                120.871494,
                17.083281
              ],
              [
                120.871789,
                17.083243
              ],
              [
                120.871963,
                17.083279
              ],
              [
                120.872073,
                17.083389
              ],
              [
                120.872143,
                17.083571
              ],
              [
                120.872081,
                17.083751
              ],
              [
                120.871979,
                17.083866
              ],
              [
                120.872156,
                17.083876
              ],
              [
                120.872247,
                17.083956
              ],
              [
                120.872199,
                17.084251
              ],
              [
                120.872183,
                17.084298
              ],
              [
                120.872148,
                17.084194
              ],
              [
                120.872146,
                17.084189
              ],
              [
                120.872143,
                17.084185
              ],
              [
                120.872139,
                17.084181
              ],
              [
                120.872059,
                17.084119
              ],
              [
                120.872054,
                17.084116
              ],
              [
                120.872048,
                17.084114
              ],
              [
                120.872044,
                17.084113
              ],
              [
                120.872042,
                17.084113
              ],
              [
                120.871859,
                17.084108
              ],
              [
                120.871854,
                17.084108
              ],
              [
                120.87185,
                17.084109
              ],
              [
                120.871811,
                17.084121
              ],
              [
                120.871751,
                17.084138
              ],
              [
                120.871709,
                17.084126
              ],
              [
                120.871701,
                17.084111
              ],
              [
                120.871657,
                17.084024
              ],
              [
                120.871664,
                17.083882
              ],
              [
                120.871734,
                17.083759
              ],
              [
                120.871736,
                17.083756
              ],
              [
                120.871829,
                17.083655
              ],
              [
                120.871847,
                17.083635
              ],
              [
                120.87185,
                17.083631
              ],
              [
                120.871852,
                17.083627
              ],
              [
                120.871874,
                17.083576
              ],
              [
                120.871875,
                17.083574
              ],
              [
                120.871876,
                17.083571
              ],
              [
                120.871876,
                17.083565
              ],
              [
                120.871875,
                17.08356
              ],
              [
                120.871873,
                17.083554
              ],
              [
                120.871851,
                17.08351
              ],
              [
                120.87185,
                17.083508
              ],
              [
                120.871849,
                17.083506
              ],
              [
                120.871845,
                17.083502
              ],
              [
                120.871841,
                17.083499
              ],
              [
                120.871837,
                17.083497
              ],
              [
                120.871836,
                17.083497
              ],
              [
                120.871832,
                17.083496
              ],
              [
                120.871781,
                17.083486
              ],
              [
                120.871777,
                17.083485
              ],
              [
                120.87177,
                17.083485
              ],
              [
                120.871669,
                17.083501
              ],
              [
                120.871516,
                17.083524
              ],
              [
                120.871509,
                17.083526
              ],
              [
                120.871254,
                17.083627
              ],
              [
                120.871107,
                17.083661
              ],
              [
                120.870995,
                17.083632
              ],
              [
                120.870975,
                17.083626
              ],
              [
                120.870925,
                17.083609
              ],
              [
                120.870895,
                17.083521
              ],
              [
                120.870893,
                17.083514
              ],
              [
                120.870891,
                17.083509
              ],
              [
                120.870888,
                17.083505
              ],
              [
                120.870884,
                17.083501
              ],
              [
                120.870879,
                17.083498
              ],
              [
                120.870874,
                17.083496
              ],
              [
                120.870734,
                17.083455
              ],
              [
                120.870729,
                17.083454
              ],
              [
                120.870723,
                17.083454
              ],
              [
                120.870718,
                17.083455
              ],
              [
                120.870713,
                17.083457
              ],
              [
                120.870708,
                17.08346
              ],
              [
                120.870707,
                17.083461
              ],
              [
                120.870612,
                17.083477
              ],
              [
                120.870609,
                17.083477
              ],
              [
                120.870509,
                17.083501
              ],
              [
                120.870508,
                17.083502
              ],
              [
                120.870465,
                17.083515
              ],
              [
                120.870408,
                17.083531
              ],
              [
                120.870406,
                17.083532
              ],
              [
                120.870298,
                17.083574
              ],
              [
                120.87024,
                17.083582
              ],
              [
                120.870232,
                17.083583
              ],
              [
                120.870228,
                17.083584
              ],
              [
                120.870195,
                17.083592
              ],
              [
                120.870141,
                17.083605
              ],
              [
                120.870138,
                17.083607
              ],
              [
                120.870137,
                17.083607
              ],
              [
                120.870133,
                17.083609
              ],
              [
                120.870129,
                17.083612
              ],
              [
                120.870109,
                17.083631
              ],
              [
                120.870105,
                17.083635
              ],
              [
                120.870103,
                17.083638
              ],
              [
                120.870102,
                17.08364
              ],
              [
                120.870088,
                17.083673
              ],
              [
                120.870086,
                17.083679
              ],
              [
                120.870086,
                17.083682
              ],
              [
                120.87,
                17.083515
              ]
            ]
          ],
          [
            [
              [
                120.870133,
                17.083774
              ],
              [
                120.870134,
                17.083739
              ],
              [
                120.870142,
                17.083691
              ],
              [
                120.870148,
                17.083676
              ],
              [
                120.870152,
                17.083665
              ],
              [
                120.870158,
                17.08366
              ],
              [
                120.870163,
                17.083656
              ],
              [
                120.870204,
                17.083645
              ],
              [
                120.870241,
                17.083636
              ],
              [
                120.870309,
                17.083627
              ],
              [
                120.870313,
                17.083626
              ],
              [
                120.870316,
                17.083626
              ],
              [
                120.870426,
                17.083583
              ],
              [
                120.870524,
                17.083554
              ],
              [
                120.870622,
                17.08353
              ],
              [
                120.870683,
                17.08352
              ],
              [
                120.870733,
                17.083511
              ],
              [
                120.870793,
                17.083529
              ],
              [
                120.870844,
                17.083544
              ],
              [
                120.87087,
                17.083619
              ],
              [
                120.870876,
                17.083638
              ],
              [
                120.870878,
                17.083643
              ],
              [
                120.870881,
                17.083647
              ],
              [
                120.870885,
                17.083651
              ],
              [
                120.870886,
                17.083652
              ],
              [
                120.870889,
                17.083653
              ],
              [
                120.870894,
                17.083655
              ],
              [
                120.870978,
                17.083683
              ],
              [
                120.87098,
                17.083684
              ],
              [
                120.8711,
                17.083715
              ],
              [
                120.871101,
                17.083715
              ],
              [
                120.871104,
                17.083716
              ],
              [
                120.871111,
                17.083716
              ],
              [
                120.871114,
                17.083715
              ],
              [
                120.87127,
                17.083679
              ],
              [
                120.871272,
                17.083679
              ],
              [
                120.871274,
                17.083678
              ],
              [
                120.871478,
                17.083597
              ],
              [
                120.871528,
                17.083577
              ],
              [
                120.871569,
                17.083571
              ],
              [
                120.871677,
                17.083555
              ],
              [
                120.871678,
                17.083555
              ],
              [
                120.871723,
                17.083547
              ],
              [
                120.871774,
                17.083539
              ],
              [
                120.871796,
                17.083544
              ],
              [
                120.871807,
                17.083546
              ],
              [
                120.871813,
                17.083558
              ],
              [
                120.871817,
                17.083567
              ],
              [
                120.871816,
                17.08357
              ],
              [
                120.871802,
                17.083603
              ],
              [
                120.871692,
                17.083722
              ],
              [
                120.871691,
                17.083723
              ],
              [
                120.871688,
                17.083727
              ],
              [
                120.871611,
                17.083861
              ],
              [
                120.87161,
                17.083864
              ],
              [
                120.871609,
                17.083867
              ],
              [
                120.871608,
                17.083873
              ],
              [
                120.8716,
                17.084029
              ],
              [
                120.8716,
                17.084033
              ],
              [
                120.871601,
                17.084037
              ],
              [
                120.871601,
                17.084039
              ],
              [
                120.871603,
                17.084042
              ],
              [
                120.871664,
                17.08416
              ],
              [
                120.871667,
                17.084165
              ],
              [
                120.871671,
                17.084169
              ],
              [
                120.871675,
                17.084172
              ],
              [
                120.871681,
                17.084174
              ],
              [
                120.871743,
                17.084192
              ],
              [
                120.871748,
                17.084193
              ],
              [
                120.871754,
                17.084193
              ],
              [
                120.871759,
                17.084192
              ],
              [
                120.871841,
                17.084168
              ],
              [
                120.871862,
                17.084162
              ],
              [
                120.871906,
                17.084163
              ],
              [
                120.872031,
                17.084167
              ],
              [
                120.872038,
                17.084173
              ],
              [
                120.872097,
                17.084218
              ],
              [
                120.872127,
                17.084308
              ],
              [
                120.872132,
                17.084323
              ],
              [
                120.872134,
                17.084327
              ],
              [
                120.872151,
                17.08436
              ],
              [
                120.872157,
                17.084372
              ],
              [
                120.87207,
                17.084627
              ],
              [
                120.872041,
                17.084651
              ],
              [
                120.871885,
                17.084407
              ],
              [
                120.871743,
                17.084443
              ],
              [
                120.871496,
                17.084366
              ],
              [
                120.871354,
                17.084115
              ],
              [
                120.871357,
                17.083912
              ],
              [
                120.871097,
                17.083969
              ],
              [
                120.870689,
                17.083825
              ],
              [
                120.870627,
                17.083787
              ],
              [
                120.870375,
                17.083866
              ],
              [
                120.87027,
                17.08404
              ],
              [
                120.870133,
                17.083774
              ]
            ]
          ]
        ]
      }
    }
  ]
}
