{"type":"FeatureCollection","features":[{"type":"Feature","properties":{"name":"Alab Oriente","kind":"business","kind_label":"Business","source":"google_places","google_place_id":"ChIJwxPyL7TTjzMRyzFlpLkVyxs","google_primary_type":null,"google_primary_type_label":null,"google_types":["sublocality_level_2","sublocality","political"],"google_maps_uri":"https://maps.google.com/?cid=2002718346367545803&g_mp=Cidnb29nbGUubWFwcy5wbGFjZXMudjEuUGxhY2VzLlNlYXJjaFRleHQQAhgEIAA","google_icon_mask_base_uri":"https://maps.gstatic.com/mapfiles/place_api/icons/v2/generic_pinlet","google_icon_background_color":"#7B9EB0","formatted_address":"Alab Oriente, Bontoc, Mountain Province, Philippines","business_status":null,"rating":null,"user_rating_count":null,"barangay_slug":"alab-oriente","barangay_name":"Alab Oriente"},"geometry":{"type":"Point","coordinates":[120.95034349999997,17.0619433]}},{"type":"Feature","properties":{"name":"Alab Oriente Barangay","kind":"business","kind_label":"Business","source":"google_places","google_place_id":"ChIJG2RyaHXTjzMR27N9fa5O7sY","google_primary_type":"event_venue","google_primary_type_label":"Event Venue","google_types":["event_venue","point_of_interest","establishment"],"google_maps_uri":"https://maps.google.com/?cid=14334481175303533531&g_mp=Cidnb29nbGUubWFwcy5wbGFjZXMudjEuUGxhY2VzLlNlYXJjaFRleHQQAhgEIAA","google_icon_mask_base_uri":"https://maps.gstatic.com/mapfiles/place_api/icons/v2/generic_pinlet","google_icon_background_color":"#7B9EB0","formatted_address":"3W6R+3F9, Halsema Highway, Bontoc, Mountain Province, Philippines","business_status":"OPERATIONAL","rating":5,"user_rating_count":3,"barangay_slug":"alab-oriente","barangay_name":"Alab Oriente"},"geometry":{"type":"Point","coordinates":[120.9412239,17.0601597]}},{"type":"Feature","properties":{"name":"Kuyang Chef's Pizza","kind":"market","kind_label":"Market","source":"google_places","google_place_id":"ChIJM4WN8N7TjzMR9PWAoI66Ofo","google_primary_type":"pizza_restaurant","google_primary_type_label":"Pizza Restaurant","google_types":["pizza_restaurant","coffee_shop","cafe","snack_bar","meal_takeaway","pizza_delivery","meal_delivery","food_delivery","bakery","food_store","manufacturer","store","wholesaler","restaurant","point_of_interest","food","establishment"],"google_maps_uri":"https://maps.google.com/?cid=18030647704895419892&g_mp=Cilnb29nbGUubWFwcy5wbGFjZXMudjEuUGxhY2VzLlNlYXJjaE5lYXJieRACGAQgAA","google_icon_mask_base_uri":"https://maps.gstatic.com/mapfiles/place_api/icons/v2/restaurant_pinlet","google_icon_background_color":"#FF9E67","formatted_address":"Kaling-ay Dantay, Alab Oriente, Bontoc, 2616 Mountain Province, Philippines","business_status":"OPERATIONAL","rating":5,"user_rating_count":2,"barangay_slug":"alab-oriente","barangay_name":"Alab Oriente"},"geometry":{"type":"Point","coordinates":[120.94903280000001,17.075556400000004]}},{"type":"Feature","properties":{"name":"Alab Elementary School","kind":"school","kind_label":"School","source":"google_places","google_place_id":"ChIJOZPdJ3TTjzMRkZoB9lQggJc","google_primary_type":"primary_school","google_primary_type_label":"Elementary School","google_types":["primary_school","school","educational_institution","point_of_interest","establishment"],"google_maps_uri":"https://maps.google.com/?cid=10916761046022724241&g_mp=Cilnb29nbGUubWFwcy5wbGFjZXMudjEuUGxhY2VzLlNlYXJjaE5lYXJieRACGAQgAA","google_icon_mask_base_uri":"https://maps.gstatic.com/mapfiles/place_api/icons/v2/school_pinlet","google_icon_background_color":"#7B9EB0","formatted_address":"3W4Q+H98, Halsema Highway, Bontoc, Mountain Province, Philippines","business_status":"OPERATIONAL","rating":null,"user_rating_count":null,"barangay_slug":"alab-oriente","barangay_name":"Alab Oriente"},"geometry":{"type":"Point","coordinates":[120.9384479,17.0564009]}},{"type":"Feature","properties":{"name":"Alab Barangay Health Center","kind":"business","kind_label":"Business","source":"google_places","google_place_id":"ChIJXxfwImbTjzMRIo_RBA9_z20","google_primary_type":"medical_clinic","google_primary_type_label":"Medical Clinic","google_types":["medical_clinic","point_of_interest","health","establishment"],"google_maps_uri":"https://maps.google.com/?cid=7912682772795330338&g_mp=Cidnb29nbGUubWFwcy5wbGFjZXMudjEuUGxhY2VzLlNlYXJjaFRleHQQAhgEIAA","google_icon_mask_base_uri":"https://maps.gstatic.com/mapfiles/place_api/icons/v2/generic_pinlet","google_icon_background_color":"#7B9EB0","formatted_address":"17 Mountain Trail, Bontoc, Mountain Province, Philippines","business_status":"OPERATIONAL","rating":5,"user_rating_count":1,"barangay_slug":"alab-proper","barangay_name":"Alab Proper"},"geometry":{"type":"Point","coordinates":[120.93900479999999,17.058276799999998]}},{"type":"Feature","properties":{"name":"Alab Proper","kind":"business","kind_label":"Business","source":"google_places","google_place_id":"ChIJzc4ElVXSjzMRWTQXCPbXoa8","google_primary_type":null,"google_primary_type_label":null,"google_types":["sublocality_level_2","sublocality","political"],"google_maps_uri":"https://maps.google.com/?cid=12655633879585469529&g_mp=Cidnb29nbGUubWFwcy5wbGFjZXMudjEuUGxhY2VzLlNlYXJjaFRleHQQAhgEIAA","google_icon_mask_base_uri":"https://maps.gstatic.com/mapfiles/place_api/icons/v2/generic_pinlet","google_icon_background_color":"#7B9EB0","formatted_address":"Alab Proper, Bontoc, Mountain Province, Philippines","business_status":null,"rating":null,"user_rating_count":null,"barangay_slug":"alab-proper","barangay_name":"Alab Proper"},"geometry":{"type":"Point","coordinates":[120.94460579999998,17.0892245]}},{"type":"Feature","properties":{"name":"AMLOSONG STORE","kind":"business","kind_label":"Business","source":"google_places","google_place_id":"ChIJZ6ZHLgDTjzMRfxOzshyh80E","google_primary_type":"store","google_primary_type_label":"Store","google_types":["store","point_of_interest","establishment"],"google_maps_uri":"https://maps.google.com/?cid=4752319176435241855&g_mp=Cilnb29nbGUubWFwcy5wbGFjZXMudjEuUGxhY2VzLlNlYXJjaE5lYXJieRACGAQgAA","google_icon_mask_base_uri":"https://maps.gstatic.com/mapfiles/place_api/icons/v2/shopping_pinlet","google_icon_background_color":"#4B96F3","formatted_address":"3WHW+MXM, Bontoc, Mountain Province, Philippines","business_status":"OPERATIONAL","rating":null,"user_rating_count":null,"barangay_slug":"alab-proper","barangay_name":"Alab Proper"},"geometry":{"type":"Point","coordinates":[120.9474219,17.0792125]}},{"type":"Feature","properties":{"name":"BELLANG STORE","kind":"business","kind_label":"Business","source":"google_places","google_place_id":"ChIJlSE3egDTjzMRl4p2NHjH8jM","google_primary_type":"store","google_primary_type_label":"Store","google_types":["store","point_of_interest","establishment"],"google_maps_uri":"https://maps.google.com/?cid=3743273559388490391&g_mp=Cilnb29nbGUubWFwcy5wbGFjZXMudjEuUGxhY2VzLlNlYXJjaE5lYXJieRACGAQgAA","google_icon_mask_base_uri":"https://maps.gstatic.com/mapfiles/place_api/icons/v2/shopping_pinlet","google_icon_background_color":"#4B96F3","formatted_address":"3W6Q+PQC, Bontoc, Mountain Province, Philippines","business_status":"OPERATIONAL","rating":null,"user_rating_count":null,"barangay_slug":"alab-proper","barangay_name":"Alab Proper"},"geometry":{"type":"Point","coordinates":[120.93941459999999,17.061896]}},{"type":"Feature","properties":{"name":"Dantay Multipurpose Cooperative","kind":"business","kind_label":"Business","source":"google_places","google_place_id":"ChIJTVp2L6rTjzMRy9wy2GIVEQw","google_primary_type":"bank","google_primary_type_label":"Bank","google_types":["bank","finance","point_of_interest","establishment"],"google_maps_uri":"https://maps.google.com/?cid=869499717337406667&g_mp=Cilnb29nbGUubWFwcy5wbGFjZXMudjEuUGxhY2VzLlNlYXJjaE5lYXJieRACGAQgAA","google_icon_mask_base_uri":"https://maps.gstatic.com/mapfiles/place_api/icons/v2/bank-intl_pinlet","google_icon_background_color":"#909CE1","formatted_address":"3WGV+MH7, Staunton Rd, Bontoc, 2616 Mountain Province, Philippines","business_status":"OPERATIONAL","rating":null,"user_rating_count":null,"barangay_slug":"alab-proper","barangay_name":"Alab Proper"},"geometry":{"type":"Point","coordinates":[120.9439338,17.0766614]}},{"type":"Feature","properties":{"name":"Dantay Store","kind":"business","kind_label":"Business","source":"google_places","google_place_id":"ChIJu2gPKarTjzMRtPKkatHwNAE","google_primary_type":"store","google_primary_type_label":"Store","google_types":["store","point_of_interest","establishment"],"google_maps_uri":"https://maps.google.com/?cid=86959075054908084&g_mp=Cilnb29nbGUubWFwcy5wbGFjZXMudjEuUGxhY2VzLlNlYXJjaE5lYXJieRACGAQgAA","google_icon_mask_base_uri":"https://maps.gstatic.com/mapfiles/place_api/icons/v2/shopping_pinlet","google_icon_background_color":"#4B96F3","formatted_address":"3WGV+GHW, Staunton Rd, Bontoc, Mountain Province, Philippines","business_status":"OPERATIONAL","rating":4.7,"user_rating_count":9,"barangay_slug":"alab-proper","barangay_name":"Alab Proper"},"geometry":{"type":"Point","coordinates":[120.9439583,17.0763621]}},{"type":"Feature","properties":{"name":"Diocesan Employees Credit Cooperative","kind":"business","kind_label":"Business","source":"google_places","google_place_id":"ChIJIaAmRKrTjzMRJlnUnqwKVSI","google_primary_type":"bank","google_primary_type_label":"Bank","google_types":["bank","finance","point_of_interest","establishment"],"google_maps_uri":"https://maps.google.com/?cid=2473895306825324838&g_mp=Cilnb29nbGUubWFwcy5wbGFjZXMudjEuUGxhY2VzLlNlYXJjaE5lYXJieRACGAQgAA","google_icon_mask_base_uri":"https://maps.gstatic.com/mapfiles/place_api/icons/v2/bank-intl_pinlet","google_icon_background_color":"#909CE1","formatted_address":"3WHV+5FP, Staunton Rd, Bontoc, 2616 Mountain Province, Philippines","business_status":"OPERATIONAL","rating":null,"user_rating_count":null,"barangay_slug":"alab-proper","barangay_name":"Alab Proper"},"geometry":{"type":"Point","coordinates":[120.94369879999998,17.0779625]}},{"type":"Feature","properties":{"name":"Gabay Multipurpose Cooperative","kind":"business","kind_label":"Business","source":"google_places","google_place_id":"ChIJN71pFXTTjzMRW4K-Kts3wdk","google_primary_type":"bank","google_primary_type_label":"Bank","google_types":["bank","finance","point_of_interest","establishment"],"google_maps_uri":"https://maps.google.com/?cid=15690883991190012507&g_mp=Cilnb29nbGUubWFwcy5wbGFjZXMudjEuUGxhY2VzLlNlYXJjaE5lYXJieRACGAQgAA","google_icon_mask_base_uri":"https://maps.gstatic.com/mapfiles/place_api/icons/v2/bank-intl_pinlet","google_icon_background_color":"#909CE1","formatted_address":"3W4P+XW4, Halsema Highway, Sabangan, 2622 Mountain Province, Philippines","business_status":"OPERATIONAL","rating":null,"user_rating_count":null,"barangay_slug":"alab-proper","barangay_name":"Alab Proper"},"geometry":{"type":"Point","coordinates":[120.93733909999999,17.057378399999997]}},{"type":"Feature","properties":{"name":"Jann's store","kind":"business","kind_label":"Business","source":"google_places","google_place_id":"ChIJ892MvE7TjzMRHTAz5kDd7us","google_primary_type":"store","google_primary_type_label":"Store","google_types":["store","point_of_interest","establishment"],"google_maps_uri":"https://maps.google.com/?cid=17000768914179960861&g_mp=Cilnb29nbGUubWFwcy5wbGFjZXMudjEuUGxhY2VzLlNlYXJjaE5lYXJieRACGAQgAA","google_icon_mask_base_uri":"https://maps.gstatic.com/mapfiles/place_api/icons/v2/shopping_pinlet","google_icon_background_color":"#4B96F3","formatted_address":"alab road, 3W6R+247, Bontoc, 2616 Mountain Province, Philippines","business_status":"OPERATIONAL","rating":null,"user_rating_count":null,"barangay_slug":"alab-proper","barangay_name":"Alab Proper"},"geometry":{"type":"Point","coordinates":[120.94029820000002,17.060033999999998]}},{"type":"Feature","properties":{"name":"Kristine's Store","kind":"business","kind_label":"Business","source":"google_places","google_place_id":"ChIJaU2GR-3TjzMR42kJ2UU1exY","google_primary_type":"store","google_primary_type_label":"Store","google_types":["store","point_of_interest","establishment"],"google_maps_uri":"https://maps.google.com/?cid=1619947065080113635&g_mp=Cilnb29nbGUubWFwcy5wbGFjZXMudjEuUGxhY2VzLlNlYXJjaE5lYXJieRACGAQgAA","google_icon_mask_base_uri":"https://maps.gstatic.com/mapfiles/place_api/icons/v2/shopping_pinlet","google_icon_background_color":"#4B96F3","formatted_address":"Galingan, 3W6Q+MQH, Bontoc, Mountain Province, Philippines","business_status":"OPERATIONAL","rating":null,"user_rating_count":null,"barangay_slug":"alab-proper","barangay_name":"Alab Proper"},"geometry":{"type":"Point","coordinates":[120.93949989999999,17.061687]}},{"type":"Feature","properties":{"name":"Sagada Sunflower Honey Cooperative (Sashoco)","kind":"business","kind_label":"Business","source":"google_places","google_place_id":"ChIJO6U8-qrTjzMRUDD7ev-CWL8","google_primary_type":"bank","google_primary_type_label":"Bank","google_types":["bank","finance","point_of_interest","establishment"],"google_maps_uri":"https://maps.google.com/?cid=13787914292986327120&g_mp=Cilnb29nbGUubWFwcy5wbGFjZXMudjEuUGxhY2VzLlNlYXJjaE5lYXJieRACGAQgAA","google_icon_mask_base_uri":"https://maps.gstatic.com/mapfiles/place_api/icons/v2/bank-intl_pinlet","google_icon_background_color":"#909CE1","formatted_address":"3WHV+MH9, Staunton Rd, Sagada, 2619 Mountain Province, Philippines","business_status":"OPERATIONAL","rating":5,"user_rating_count":1,"barangay_slug":"alab-proper","barangay_name":"Alab Proper"},"geometry":{"type":"Point","coordinates":[120.943998,17.079173]}},{"type":"Feature","properties":{"name":"Saint Barnabas Credit Cooperative","kind":"business","kind_label":"Business","source":"google_places","google_place_id":"ChIJe0tLB6XTjzMRy2dD_DA_sr8","google_primary_type":"bank","google_primary_type_label":"Bank","google_types":["bank","finance","point_of_interest","establishment"],"google_maps_uri":"https://maps.google.com/?cid=13813172486721988555&g_mp=Cilnb29nbGUubWFwcy5wbGFjZXMudjEuUGxhY2VzLlNlYXJjaE5lYXJieRACGAQgAA","google_icon_mask_base_uri":"https://maps.gstatic.com/mapfiles/place_api/icons/v2/bank-intl_pinlet","google_icon_background_color":"#909CE1","formatted_address":"3WGV+6CF, Bontoc, 2616 Mountain Province, Philippines","business_status":"OPERATIONAL","rating":null,"user_rating_count":null,"barangay_slug":"alab-proper","barangay_name":"Alab Proper"},"geometry":{"type":"Point","coordinates":[120.94356219999999,17.0755712]}},{"type":"Feature","properties":{"name":"Alab Proper Barangay Hall","kind":"govt","kind_label":"Government","source":"google_places","google_place_id":"ChIJe4k8zOTTjzMR74LjGXWt00o","google_primary_type":"government_office","google_primary_type_label":"Government Office","google_types":["government_office","point_of_interest","establishment"],"google_maps_uri":"https://maps.google.com/?cid=5391843897349735151&g_mp=Cilnb29nbGUubWFwcy5wbGFjZXMudjEuUGxhY2VzLlNlYXJjaE5lYXJieRACGAQgAA","google_icon_mask_base_uri":"https://maps.gstatic.com/mapfiles/place_api/icons/v2/civic-bldg_pinlet","google_icon_background_color":"#7B9EB0","formatted_address":"Gawana, 3W6Q+7VG, Bontoc, Mountain Province, Philippines","business_status":"OPERATIONAL","rating":5,"user_rating_count":1,"barangay_slug":"alab-proper","barangay_name":"Alab Proper"},"geometry":{"type":"Point","coordinates":[120.9396902,17.0606912]}},{"type":"Feature","properties":{"name":"Cjie Store","kind":"market","kind_label":"Market","source":"google_places","google_place_id":"ChIJ236_iafTjzMR24HIgvITXQ8","google_primary_type":"grocery_store","google_primary_type_label":"Grocery Store","google_types":["grocery_store","food_store","store","point_of_interest","food","establishment"],"google_maps_uri":"https://maps.google.com/?cid=1107063015700201947&g_mp=Cilnb29nbGUubWFwcy5wbGFjZXMudjEuUGxhY2VzLlNlYXJjaE5lYXJieRACGAQgAA","google_icon_mask_base_uri":"https://maps.gstatic.com/mapfiles/place_api/icons/v2/shoppingcart_pinlet","google_icon_background_color":"#4B96F3","formatted_address":"Bontoc, Mountain Province, Philippines","business_status":"OPERATIONAL","rating":null,"user_rating_count":null,"barangay_slug":"alab-proper","barangay_name":"Alab Proper"},"geometry":{"type":"Point","coordinates":[120.94182769999999,17.069532199999998]}},{"type":"Feature","properties":{"name":"Dantay Coffee Shop","kind":"market","kind_label":"Market","source":"google_places","google_place_id":"ChIJnfxzYADTjzMRPFk9IuHhIIM","google_primary_type":"coffee_shop","google_primary_type_label":"Coffee Shop","google_types":["coffee_shop","cafe","food_store","store","point_of_interest","food","establishment"],"google_maps_uri":"https://maps.google.com/?cid=9448800375281637692&g_mp=Cilnb29nbGUubWFwcy5wbGFjZXMudjEuUGxhY2VzLlNlYXJjaE5lYXJieRACGAQgAA","google_icon_mask_base_uri":"https://maps.gstatic.com/mapfiles/place_api/icons/v2/cafe_pinlet","google_icon_background_color":"#FF9E67","formatted_address":"3WFV+7HP, Staunton Rd, Bontoc, Mountain Province, Philippines","business_status":"OPERATIONAL","rating":null,"user_rating_count":null,"barangay_slug":"alab-proper","barangay_name":"Alab Proper"},"geometry":{"type":"Point","coordinates":[120.9439571,17.0732212]}},{"type":"Feature","properties":{"name":"ZY STORE","kind":"market","kind_label":"Market","source":"google_places","google_place_id":"ChIJKzTLF3TTjzMRBZT2w26pHZE","google_primary_type":"grocery_store","google_primary_type_label":"Grocery Store","google_types":["grocery_store","food_store","store","point_of_interest","food","establishment"],"google_maps_uri":"https://maps.google.com/?cid=10456700203023373317&g_mp=Cilnb29nbGUubWFwcy5wbGFjZXMudjEuUGxhY2VzLlNlYXJjaE5lYXJieRACGAQgAA","google_icon_mask_base_uri":"https://maps.gstatic.com/mapfiles/place_api/icons/v2/shoppingcart_pinlet","google_icon_background_color":"#4B96F3","formatted_address":"Bontoc, Mountain Province, Philippines","business_status":"OPERATIONAL","rating":null,"user_rating_count":null,"barangay_slug":"alab-proper","barangay_name":"Alab Proper"},"geometry":{"type":"Point","coordinates":[120.93735959999998,17.0570532]}},{"type":"Feature","properties":{"name":"Bilig Elementary School","kind":"school","kind_label":"School","source":"google_places","google_place_id":"ChIJF6wX_dDTjzMRYHYuSaiavkM","google_primary_type":"primary_school","google_primary_type_label":"Elementary School","google_types":["primary_school","school","educational_institution","point_of_interest","establishment"],"google_maps_uri":"https://maps.google.com/?cid=4881509093689161312&g_mp=Cilnb29nbGUubWFwcy5wbGFjZXMudjEuUGxhY2VzLlNlYXJjaE5lYXJieRACGAQgAA","google_icon_mask_base_uri":"https://maps.gstatic.com/mapfiles/place_api/icons/v2/school_pinlet","google_icon_background_color":"#7B9EB0","formatted_address":"3W4M+HJJ Bilig, Alab Proper, Bontoc, Mountain Province, Philippines","business_status":"OPERATIONAL","rating":null,"user_rating_count":null,"barangay_slug":"alab-proper","barangay_name":"Alab Proper"},"geometry":{"type":"Point","coordinates":[120.93402259999999,17.0564614]}},{"type":"Feature","properties":{"name":"Dantay Primary School","kind":"school","kind_label":"School","source":"google_places","google_place_id":"ChIJj25DKarTjzMRMuieLTB8bpk","google_primary_type":"primary_school","google_primary_type_label":"Primary School","google_types":["primary_school","school","educational_institution","point_of_interest","establishment"],"google_maps_uri":"https://maps.google.com/?cid=11055910681606809650&g_mp=Cilnb29nbGUubWFwcy5wbGFjZXMudjEuUGxhY2VzLlNlYXJjaE5lYXJieRACGAQgAA","google_icon_mask_base_uri":"https://maps.gstatic.com/mapfiles/place_api/icons/v2/school_pinlet","google_icon_background_color":"#7B9EB0","formatted_address":"3WGV+GMV, Staunton Rd, Alab Oriente, Alab, Bontoc, Mountain Province, Philippines","business_status":"OPERATIONAL","rating":null,"user_rating_count":null,"barangay_slug":"alab-proper","barangay_name":"Alab Proper"},"geometry":{"type":"Point","coordinates":[120.944168,17.0763557]}},{"type":"Feature","properties":{"name":"Amlosong Park, Bontoc, Mt. Province","kind":"tourism","kind_label":"Tourism","source":"google_places","google_place_id":"ChIJfXWyHwDTjzMRLXXGcu4Gaew","google_primary_type":"park","google_primary_type_label":"Park","google_types":["park","point_of_interest","establishment"],"google_maps_uri":"https://maps.google.com/?cid=17035154686703203629&g_mp=Cilnb29nbGUubWFwcy5wbGFjZXMudjEuUGxhY2VzLlNlYXJjaE5lYXJieRACGAQgAA","google_icon_mask_base_uri":"https://maps.gstatic.com/mapfiles/place_api/icons/v2/tree_pinlet","google_icon_background_color":"#4DB546","formatted_address":"3WJW+5V8, Halsema Highway, Bontoc, Mountain Province, Philippines","business_status":"OPERATIONAL","rating":4.2,"user_rating_count":13,"barangay_slug":"alab-proper","barangay_name":"Alab Proper"},"geometry":{"type":"Point","coordinates":[120.94718920000001,17.080420099999998]}},{"type":"Feature","properties":{"name":"Macz Inn","kind":"tourism","kind_label":"Tourism","source":"google_places","google_place_id":"ChIJU7zNTwDTjzMRA_mwu9O-qwI","google_primary_type":"private_guest_room","google_primary_type_label":"Homestay","google_types":["private_guest_room","lodging","point_of_interest","establishment"],"google_maps_uri":"https://maps.google.com/?cid=192457225689692419&g_mp=Cilnb29nbGUubWFwcy5wbGFjZXMudjEuUGxhY2VzLlNlYXJjaE5lYXJieRACGAQgAA","google_icon_mask_base_uri":"https://maps.gstatic.com/mapfiles/place_api/icons/v2/hotel_pinlet","google_icon_background_color":"#909CE1","formatted_address":"3W4Q+R2F Alab Proper, Bontoc, Mountain Province, Philippines","business_status":"OPERATIONAL","rating":null,"user_rating_count":null,"barangay_slug":"alab-proper","barangay_name":"Alab Proper"},"geometry":{"type":"Point","coordinates":[120.937558,17.0570731]}},{"type":"Feature","properties":{"name":"MACZ INN","kind":"tourism","kind_label":"Tourism","source":"google_places","google_place_id":"ChIJ08QgFADTjzMRcE2RXBRMYt8","google_primary_type":"private_guest_room","google_primary_type_label":"Homestay","google_types":["private_guest_room","lodging","point_of_interest","establishment"],"google_maps_uri":"https://maps.google.com/?cid=16096511668511657328&g_mp=Cilnb29nbGUubWFwcy5wbGFjZXMudjEuUGxhY2VzLlNlYXJjaE5lYXJieRACGAQgAA","google_icon_mask_base_uri":"https://maps.gstatic.com/mapfiles/place_api/icons/v2/hotel_pinlet","google_icon_background_color":"#909CE1","formatted_address":"3WHV+5R5 Dantay Alab, Oriente, Bontoc, Mountain Province, Philippines","business_status":"OPERATIONAL","rating":null,"user_rating_count":null,"barangay_slug":"alab-proper","barangay_name":"Alab Proper"},"geometry":{"type":"Point","coordinates":[120.94462209999999,17.0778869]}},{"type":"Feature","properties":{"name":"Shanty(Leo)","kind":"tourism","kind_label":"Tourism","source":"google_places","google_place_id":"ChIJRz_ZLgDTjzMRHsmUt8taVuo","google_primary_type":"campground","google_primary_type_label":"Campground","google_types":["campground","lodging","point_of_interest","establishment"],"google_maps_uri":"https://maps.google.com/?cid=16885783683877095710&g_mp=Cilnb29nbGUubWFwcy5wbGFjZXMudjEuUGxhY2VzLlNlYXJjaE5lYXJieRACGAQgAA","google_icon_mask_base_uri":"https://maps.gstatic.com/mapfiles/place_api/icons/v2/camping_pinlet","google_icon_background_color":"#4DB546","formatted_address":"3XP2+639, Alab Proper, Bontoc, Mountain Province, Philippines","business_status":"OPERATIONAL","rating":null,"user_rating_count":null,"barangay_slug":"alab-proper","barangay_name":"Alab Proper"},"geometry":{"type":"Point","coordinates":[120.9502268,17.0855467]}},{"type":"Feature","properties":{"name":"Roman Catholic Church","kind":"worship","kind_label":"Worship","source":"google_places","google_place_id":"ChIJhUQ7zArTjzMRnE8_bQxm99s","google_primary_type":"church","google_primary_type_label":"Church","google_types":["church","place_of_worship","association_or_organization","point_of_interest","establishment"],"google_maps_uri":"https://maps.google.com/?cid=15850249617112256412&g_mp=Cilnb29nbGUubWFwcy5wbGFjZXMudjEuUGxhY2VzLlNlYXJjaE5lYXJieRACGAQgAA","google_icon_mask_base_uri":"https://maps.gstatic.com/mapfiles/place_api/icons/v2/worship_christian_pinlet","google_icon_background_color":"#7B9EB0","formatted_address":"3W6Q+GWW, Halsema Highway, Bontoc, Mountain Province, Philippines","business_status":"OPERATIONAL","rating":3.5,"user_rating_count":2,"barangay_slug":"alab-proper","barangay_name":"Alab Proper"},"geometry":{"type":"Point","coordinates":[120.93981609999999,17.0613714]}},{"type":"Feature","properties":{"name":"St. Barnabas Church","kind":"worship","kind_label":"Worship","source":"google_places","google_place_id":"ChIJ97nrq3XTjzMRd_OCehnh9Hw","google_primary_type":"church","google_primary_type_label":"Church","google_types":["church","place_of_worship","association_or_organization","point_of_interest","establishment"],"google_maps_uri":"https://maps.google.com/?cid=9004069054566298487&g_mp=Cilnb29nbGUubWFwcy5wbGFjZXMudjEuUGxhY2VzLlNlYXJjaE5lYXJieRACGAQgAA","google_icon_mask_base_uri":"https://maps.gstatic.com/mapfiles/place_api/icons/v2/worship_christian_pinlet","google_icon_background_color":"#7B9EB0","formatted_address":"3W5Q+9M6, Mountain Trail, Alab Proper, Bontoc, Mountain Province, Philippines","business_status":"OPERATIONAL","rating":4,"user_rating_count":2,"barangay_slug":"alab-proper","barangay_name":"Alab Proper"},"geometry":{"type":"Point","coordinates":[120.93915480000001,17.0584205]}},{"type":"Feature","properties":{"name":"St. George Mission","kind":"worship","kind_label":"Worship","source":"google_places","google_place_id":"ChIJsVmQ_RHTjzMR3OHJUzKOCwk","google_primary_type":"church","google_primary_type_label":"Church","google_types":["church","place_of_worship","association_or_organization","point_of_interest","establishment"],"google_maps_uri":"https://maps.google.com/?cid=651770917890417116&g_mp=Cilnb29nbGUubWFwcy5wbGFjZXMudjEuUGxhY2VzLlNlYXJjaE5lYXJieRACGAQgAA","google_icon_mask_base_uri":"https://maps.gstatic.com/mapfiles/place_api/icons/v2/worship_christian_pinlet","google_icon_background_color":"#7B9EB0","formatted_address":"3W4M+GM4 Bilig, Bontoc, Mountain Province, Philippines","business_status":"OPERATIONAL","rating":null,"user_rating_count":null,"barangay_slug":"alab-proper","barangay_name":"Alab Proper"},"geometry":{"type":"Point","coordinates":[120.93419659999999,17.0562584]}},{"type":"Feature","properties":{"name":"St. Timothy Church","kind":"worship","kind_label":"Worship","source":"google_places","google_place_id":"ChIJz7Q-KarTjzMRQv0gulC1qPk","google_primary_type":"church","google_primary_type_label":"Church","google_types":["church","place_of_worship","association_or_organization","point_of_interest","establishment"],"google_maps_uri":"https://maps.google.com/?cid=17989828069856181570&g_mp=Cilnb29nbGUubWFwcy5wbGFjZXMudjEuUGxhY2VzLlNlYXJjaE5lYXJieRACGAQgAA","google_icon_mask_base_uri":"https://maps.gstatic.com/mapfiles/place_api/icons/v2/worship_christian_pinlet","google_icon_background_color":"#7B9EB0","formatted_address":"3WGV+VP3, Staunton Rd, Bontoc, Mountain Province, Philippines","business_status":"OPERATIONAL","rating":4.3,"user_rating_count":4,"barangay_slug":"alab-proper","barangay_name":"Alab Proper"},"geometry":{"type":"Point","coordinates":[120.9442982,17.0771425]}},{"type":"Feature","properties":{"name":"Amber Little Store","kind":"business","kind_label":"Business","source":"google_places","google_place_id":"ChIJy9f1EQDVjzMRgZWqPuWdXdo","google_primary_type":"store","google_primary_type_label":"Store","google_types":["store","point_of_interest","establishment"],"google_maps_uri":"https://maps.google.com/?cid=15734906281026819457&g_mp=Cilnb29nbGUubWFwcy5wbGFjZXMudjEuUGxhY2VzLlNlYXJjaE5lYXJieRACGAQgAA","google_icon_mask_base_uri":"https://maps.gstatic.com/mapfiles/place_api/icons/v2/shopping_pinlet","google_icon_background_color":"#4B96F3","formatted_address":"Bontoc, Mountain Province, Philippines","business_status":"OPERATIONAL","rating":null,"user_rating_count":null,"barangay_slug":"balili","barangay_name":"Balili"},"geometry":{"type":"Point","coordinates":[120.92342369999999,17.0410198]}},{"type":"Feature","properties":{"name":"Balili","kind":"business","kind_label":"Business","source":"google_places","google_place_id":"ChIJGXiCfWLTjzMRuelU83IURBg","google_primary_type":null,"google_primary_type_label":null,"google_types":["sublocality_level_2","sublocality","political"],"google_maps_uri":"https://maps.google.com/?cid=1748545039267850681&g_mp=Cidnb29nbGUubWFwcy5wbGFjZXMudjEuUGxhY2VzLlNlYXJjaFRleHQQAhgEIAA","google_icon_mask_base_uri":"https://maps.gstatic.com/mapfiles/place_api/icons/v2/generic_pinlet","google_icon_background_color":"#7B9EB0","formatted_address":"Balili, Bontoc, Mountain Province, Philippines","business_status":null,"rating":null,"user_rating_count":null,"barangay_slug":"balili","barangay_name":"Balili"},"geometry":{"type":"Point","coordinates":[120.9331295,17.049048499999998]}},{"type":"Feature","properties":{"name":"Balili Public Cemetery","kind":"business","kind_label":"Business","source":"google_places","google_place_id":"ChIJw4rx02TTjzMRYm0xlBAI1Wo","google_primary_type":"cemetery","google_primary_type_label":"Cemetery","google_types":["cemetery","point_of_interest","service","establishment"],"google_maps_uri":"https://maps.google.com/?cid=7698068005358497122&g_mp=Cilnb29nbGUubWFwcy5wbGFjZXMudjEuUGxhY2VzLlNlYXJjaE5lYXJieRACGAQgAA","google_icon_mask_base_uri":"https://maps.gstatic.com/mapfiles/place_api/icons/v2/cemetery_pinlet","google_icon_background_color":"#7B9EB0","formatted_address":"2WXH+MXP, Mabisil - Payag-eo - Balili Rd, Bontoc, Mountain Province, Philippines","business_status":"OPERATIONAL","rating":null,"user_rating_count":null,"barangay_slug":"balili","barangay_name":"Balili"},"geometry":{"type":"Point","coordinates":[120.9299684,17.049214799999998]}},{"type":"Feature","properties":{"name":"Junior Machine Shop","kind":"business","kind_label":"Business","source":"google_places","google_place_id":"ChIJBTUdAfnTjzMRfgbjvXoY0Jo","google_primary_type":"car_repair","google_primary_type_label":"Car repair and maintenance service","google_types":["car_repair","service","point_of_interest","establishment"],"google_maps_uri":"https://maps.google.com/?cid=11155443192447567486&g_mp=Cidnb29nbGUubWFwcy5wbGFjZXMudjEuUGxhY2VzLlNlYXJjaFRleHQQAhgEIAA","google_icon_mask_base_uri":"https://maps.gstatic.com/mapfiles/place_api/icons/v2/generic_pinlet","google_icon_background_color":"#7B9EB0","formatted_address":"Halsema Highway, Mabaay, Bauko, 2621 Mountain Province, Philippines","business_status":"OPERATIONAL","rating":null,"user_rating_count":null,"barangay_slug":"balili","barangay_name":"Balili"},"geometry":{"type":"Point","coordinates":[120.9351187,17.0451136]}},{"type":"Feature","properties":{"name":"Mountain Province Cooperative Union","kind":"business","kind_label":"Business","source":"google_places","google_place_id":"ChIJc8uk6n3TjzMRFC3wJ17pqw0","google_primary_type":"bank","google_primary_type_label":"Bank","google_types":["bank","finance","point_of_interest","establishment"],"google_maps_uri":"https://maps.google.com/?cid=985137534116834580&g_mp=Cilnb29nbGUubWFwcy5wbGFjZXMudjEuUGxhY2VzLlNlYXJjaE5lYXJieRACGAQgAA","google_icon_mask_base_uri":"https://maps.gstatic.com/mapfiles/place_api/icons/v2/bank-intl_pinlet","google_icon_background_color":"#909CE1","formatted_address":"2WRM+VRH, Halsema Highway, Bontoc, 2616 Mountain Province, Philippines","business_status":"OPERATIONAL","rating":null,"user_rating_count":null,"barangay_slug":"balili","barangay_name":"Balili"},"geometry":{"type":"Point","coordinates":[120.93462470000001,17.0421782]}},{"type":"Feature","properties":{"name":"Payag-eo","kind":"business","kind_label":"Business","source":"google_places","google_place_id":"ChIJAQAAUJ7UjzMRuMsUVtoX3Uo","google_primary_type":null,"google_primary_type_label":null,"google_types":["point_of_interest","establishment"],"google_maps_uri":"https://maps.google.com/?cid=5394494155174235064&g_mp=Cidnb29nbGUubWFwcy5wbGFjZXMudjEuUGxhY2VzLlNlYXJjaFRleHQQAhgEIAA","google_icon_mask_base_uri":"https://maps.gstatic.com/mapfiles/place_api/icons/v2/school_pinlet","google_icon_background_color":"#7B9EB0","formatted_address":"2WRC+9WX, Mabisil - Payag-eo - Balili Rd, Bontoc, Mountain Province, Philippines","business_status":"OPERATIONAL","rating":4,"user_rating_count":2,"barangay_slug":"balili","barangay_name":"Balili"},"geometry":{"type":"Point","coordinates":[120.92236949999997,17.0409869]}},{"type":"Feature","properties":{"name":"Balili Elementary School","kind":"govt","kind_label":"Government","source":"google_places","google_place_id":"ChIJDzZQJTDSjzMRKlWOYdOVfwY","google_primary_type":"government_office","google_primary_type_label":"Government Office","google_types":["school","educational_institution","government_office","point_of_interest","establishment"],"google_maps_uri":"https://maps.google.com/?cid=468257621377176874&g_mp=Cilnb29nbGUubWFwcy5wbGFjZXMudjEuUGxhY2VzLlNlYXJjaE5lYXJieRACGAQgAA","google_icon_mask_base_uri":"https://maps.gstatic.com/mapfiles/place_api/icons/v2/school_pinlet","google_icon_background_color":"#7B9EB0","formatted_address":"2WWP+JF8, Halsema Highway, Bontoc, 2616 Mountain Province, Philippines","business_status":"OPERATIONAL","rating":null,"user_rating_count":null,"barangay_slug":"balili","barangay_name":"Balili"},"geometry":{"type":"Point","coordinates":[120.9362184,17.0465369]}},{"type":"Feature","properties":{"name":"Barangay Hall","kind":"govt","kind_label":"Government","source":"google_places","google_place_id":"ChIJzUDbTHvTjzMR-5h30HighHw","google_primary_type":"city_hall","google_primary_type_label":"City Hall","google_types":["city_hall","local_government_office","government_office","service","point_of_interest","establishment"],"google_maps_uri":"https://maps.google.com/?cid=8972472798382889211&g_mp=Cilnb29nbGUubWFwcy5wbGFjZXMudjEuUGxhY2VzLlNlYXJjaE5lYXJieRACGAQgAA","google_icon_mask_base_uri":"https://maps.gstatic.com/mapfiles/place_api/icons/v2/civic-bldg_pinlet","google_icon_background_color":"#7B9EB0","formatted_address":"2WXJ+44M, Mabisil - Payag-eo - Balili Rd, Bontoc, Mountain Province, Philippines","business_status":"OPERATIONAL","rating":null,"user_rating_count":null,"barangay_slug":"balili","barangay_name":"Balili"},"geometry":{"type":"Point","coordinates":[120.93028190000001,17.0478321]}},{"type":"Feature","properties":{"name":"Breadheart Bakery & Poultry Farm","kind":"market","kind_label":"Market","source":"google_places","google_place_id":"ChIJ0Yg2r73VjzMRcfjWT4EhEAA","google_primary_type":"bakery","google_primary_type_label":"Bakery","google_types":["bakery","food_store","food","point_of_interest","store","establishment"],"google_maps_uri":"https://maps.google.com/?cid=4540438901356657&g_mp=Cilnb29nbGUubWFwcy5wbGFjZXMudjEuUGxhY2VzLlNlYXJjaE5lYXJieRACGAQgAA","google_icon_mask_base_uri":"https://maps.gstatic.com/mapfiles/place_api/icons/v2/restaurant_pinlet","google_icon_background_color":"#FF9E67","formatted_address":"Kidang, Bontoc, Mountain Province, Philippines","business_status":"OPERATIONAL","rating":5,"user_rating_count":1,"barangay_slug":"balili","barangay_name":"Balili"},"geometry":{"type":"Point","coordinates":[120.9358081,17.0401255]}},{"type":"Feature","properties":{"name":"Langcao's Store","kind":"market","kind_label":"Market","source":"google_places","google_place_id":"ChIJx8BlPnzTjzMRnIggaE3nQGE","google_primary_type":"convenience_store","google_primary_type_label":"Convenience Store","google_types":["convenience_store","food_store","food","point_of_interest","store","establishment"],"google_maps_uri":"https://maps.google.com/?cid=7007855339833952412&g_mp=Cilnb29nbGUubWFwcy5wbGFjZXMudjEuUGxhY2VzLlNlYXJjaE5lYXJieRACGAQgAA","google_icon_mask_base_uri":"https://maps.gstatic.com/mapfiles/place_api/icons/v2/convenience_pinlet","google_icon_background_color":"#4B96F3","formatted_address":"2WVM+WW3, Halsema Highway, Bontoc, Mountain Province, Philippines","business_status":"OPERATIONAL","rating":5,"user_rating_count":1,"barangay_slug":"balili","barangay_name":"Balili"},"geometry":{"type":"Point","coordinates":[120.934799,17.0447624]}},{"type":"Feature","properties":{"name":"Albago National High School","kind":"school","kind_label":"School","source":"google_places","google_place_id":"ChIJSW05X3nTjzMR825EQVYys28","google_primary_type":"secondary_school","google_primary_type_label":"High school","google_types":["secondary_school","school","educational_institution","point_of_interest","establishment"],"google_maps_uri":"https://maps.google.com/?cid=8048832305084788467&g_mp=Cilnb29nbGUubWFwcy5wbGFjZXMudjEuUGxhY2VzLlNlYXJjaE5lYXJieRACGAQgAA","google_icon_mask_base_uri":"https://maps.gstatic.com/mapfiles/place_api/icons/v2/school_pinlet","google_icon_background_color":"#7B9EB0","formatted_address":"2WWP+Q9H, Mabisil - Payag-eo - Balili Rd, Balili, Bontoc, Mountain Province, Philippines","business_status":"OPERATIONAL","rating":null,"user_rating_count":null,"barangay_slug":"balili","barangay_name":"Balili"},"geometry":{"type":"Point","coordinates":[120.93598999999998,17.0469273]}},{"type":"Feature","properties":{"name":"Afung Sagada Transient House","kind":"tourism","kind_label":"Tourism","source":"google_places","google_place_id":"ChIJk2mBg0nVjzMRWvhjnKp1Kbo","google_primary_type":"private_guest_room","google_primary_type_label":"Homestay","google_types":["private_guest_room","lodging","point_of_interest","establishment"],"google_maps_uri":"https://maps.google.com/?cid=13414382340728420442&g_mp=Cilnb29nbGUubWFwcy5wbGFjZXMudjEuUGxhY2VzLlNlYXJjaE5lYXJieRACGAQgAA","google_icon_mask_base_uri":"https://maps.gstatic.com/mapfiles/place_api/icons/v2/hotel_pinlet","google_icon_background_color":"#909CE1","formatted_address":"Payag-eo, Sagada, 2619 Mountain Province, Philippines","business_status":"OPERATIONAL","rating":5,"user_rating_count":1,"barangay_slug":"balili","barangay_name":"Balili"},"geometry":{"type":"Point","coordinates":[120.9203806,17.0410966]}},{"type":"Feature","properties":{"name":"Blue Soil Hills","kind":"tourism","kind_label":"Tourism","source":"google_places","google_place_id":"ChIJj0nKZ_rTjzMRjD5LyWOohvI","google_primary_type":"tourist_attraction","google_primary_type_label":"Tourist Attraction","google_types":["tourist_attraction","point_of_interest","establishment"],"google_maps_uri":"https://maps.google.com/?cid=17475840550590168716&g_mp=Cilnb29nbGUubWFwcy5wbGFjZXMudjEuUGxhY2VzLlNlYXJjaE5lYXJieRACGAQgAA","google_icon_mask_base_uri":"https://maps.gstatic.com/mapfiles/place_api/icons/v2/generic_pinlet","google_icon_background_color":"#13B5C7","formatted_address":"Bontoc, Mountain Province, Philippines","business_status":"OPERATIONAL","rating":4.6,"user_rating_count":343,"barangay_slug":"balili","barangay_name":"Balili"},"geometry":{"type":"Point","coordinates":[120.9223777,17.0533447]}},{"type":"Feature","properties":{"name":"Ganga Burial Caves","kind":"tourism","kind_label":"Tourism","source":"google_places","google_place_id":"ChIJcYAt-PjTjzMRPvwNXF8V-MU","google_primary_type":"tourist_attraction","google_primary_type_label":"Tourist Attraction","google_types":["tourist_attraction","point_of_interest","establishment"],"google_maps_uri":"https://maps.google.com/?cid=14265175319006542910&g_mp=Cilnb29nbGUubWFwcy5wbGFjZXMudjEuUGxhY2VzLlNlYXJjaE5lYXJieRACGAQgAA","google_icon_mask_base_uri":"https://maps.gstatic.com/mapfiles/place_api/icons/v2/generic_pinlet","google_icon_background_color":"#13B5C7","formatted_address":"3W2V+5CC, Bontoc, Mountain Province, Philippines","business_status":"OPERATIONAL","rating":5,"user_rating_count":4,"barangay_slug":"balili","barangay_name":"Balili"},"geometry":{"type":"Point","coordinates":[120.94352020000001,17.0504307]}},{"type":"Feature","properties":{"name":"Kaman-Utek","kind":"tourism","kind_label":"Tourism","source":"google_places","google_place_id":"ChIJBQ6S5WTTjzMRjI0z-_eerKk","google_primary_type":"tourist_attraction","google_primary_type_label":"Tourist Attraction","google_types":["tourist_attraction","point_of_interest","establishment"],"google_maps_uri":"https://maps.google.com/?cid=12226321876312624524&g_mp=Cilnb29nbGUubWFwcy5wbGFjZXMudjEuUGxhY2VzLlNlYXJjaE5lYXJieRACGAQgAA","google_icon_mask_base_uri":"https://maps.gstatic.com/mapfiles/place_api/icons/v2/generic_pinlet","google_icon_background_color":"#13B5C7","formatted_address":"3W3C+GW6, Mabisil - Payag-eo - Balili Rd, Bontoc, Mountain Province, Philippines","business_status":"OPERATIONAL","rating":4.6,"user_rating_count":114,"barangay_slug":"balili","barangay_name":"Balili"},"geometry":{"type":"Point","coordinates":[120.92226229999999,17.0537781]}},{"type":"Feature","properties":{"name":"Mountain hotel","kind":"tourism","kind_label":"Tourism","source":"google_places","google_place_id":"ChIJ_WFKekvVjzMRdlNv2dv2wvo","google_primary_type":"hotel","google_primary_type_label":"Hotel","google_types":["hotel","lodging","point_of_interest","establishment"],"google_maps_uri":"https://maps.google.com/?cid=18069276079070073718&g_mp=Cilnb29nbGUubWFwcy5wbGFjZXMudjEuUGxhY2VzLlNlYXJjaE5lYXJieRACGAQgAA","google_icon_mask_base_uri":"https://maps.gstatic.com/mapfiles/place_api/icons/v2/hotel_pinlet","google_icon_background_color":"#909CE1","formatted_address":"Halsema bontoc-baguio, Lower Calutit, Bontoc, 2616 Mountain Province, Philippines","business_status":"OPERATIONAL","rating":1,"user_rating_count":1,"barangay_slug":"balili","barangay_name":"Balili"},"geometry":{"type":"Point","coordinates":[120.9380626,17.0377375]}},{"type":"Feature","properties":{"name":"Sagada Blue Mountains","kind":"tourism","kind_label":"Tourism","source":"google_places","google_place_id":"ChIJE-y1gmjTjzMRN9nCZ0ZXxd0","google_primary_type":"park","google_primary_type_label":"Park","google_types":["park","point_of_interest","establishment"],"google_maps_uri":"https://maps.google.com/?cid=15980274812694223159&g_mp=Cilnb29nbGUubWFwcy5wbGFjZXMudjEuUGxhY2VzLlNlYXJjaE5lYXJieRACGAQgAA","google_icon_mask_base_uri":"https://maps.gstatic.com/mapfiles/place_api/icons/v2/tree_pinlet","google_icon_background_color":"#4DB546","formatted_address":"3W3C+CWH, Bontoc, Mountain Province, Philippines","business_status":"OPERATIONAL","rating":4.9,"user_rating_count":12,"barangay_slug":"balili","barangay_name":"Balili"},"geometry":{"type":"Point","coordinates":[120.9223516,17.053569]}},{"type":"Feature","properties":{"name":"St. Agnes Mission","kind":"worship","kind_label":"Worship","source":"google_places","google_place_id":"ChIJf23mDZ7UjzMRMGcz2vlmxUs","google_primary_type":"church","google_primary_type_label":"Church","google_types":["church","place_of_worship","association_or_organization","point_of_interest","establishment"],"google_maps_uri":"https://maps.google.com/?cid=5459883346550286128&g_mp=Cilnb29nbGUubWFwcy5wbGFjZXMudjEuUGxhY2VzLlNlYXJjaE5lYXJieRACGAQgAA","google_icon_mask_base_uri":"https://maps.gstatic.com/mapfiles/place_api/icons/v2/worship_christian_pinlet","google_icon_background_color":"#7B9EB0","formatted_address":"2WRF+MJ2, Mabisil - Payag-eo - Balili Rd, Balili, Bontoc, Mountain Province, Philippines","business_status":"OPERATIONAL","rating":5,"user_rating_count":1,"barangay_slug":"balili","barangay_name":"Balili"},"geometry":{"type":"Point","coordinates":[120.92401230000002,17.041628199999998]}},{"type":"Feature","properties":{"name":"St. Thomas Mission","kind":"worship","kind_label":"Worship","source":"google_places","google_place_id":"ChIJOeCmmHzTjzMRsrdeKeMdULA","google_primary_type":"church","google_primary_type_label":"Church","google_types":["church","place_of_worship","association_or_organization","point_of_interest","establishment"],"google_maps_uri":"https://maps.google.com/?cid=12704687410301024178&g_mp=Cilnb29nbGUubWFwcy5wbGFjZXMudjEuUGxhY2VzLlNlYXJjaE5lYXJieRACGAQgAA","google_icon_mask_base_uri":"https://maps.gstatic.com/mapfiles/place_api/icons/v2/worship_christian_pinlet","google_icon_background_color":"#7B9EB0","formatted_address":"2WWJ+GMV, Mabisil - Payag-eo - Balili Rd, Bontoc, Mountain Province, Philippines","business_status":"OPERATIONAL","rating":4,"user_rating_count":2,"barangay_slug":"balili","barangay_name":"Balili"},"geometry":{"type":"Point","coordinates":[120.93168259999999,17.0463635]}},{"type":"Feature","properties":{"name":"Bayyo","kind":"business","kind_label":"Business","source":"google_places","google_place_id":"ChIJo1wnru7WjzMRmkaW3TUUBOc","google_primary_type":null,"google_primary_type_label":null,"google_types":["sublocality_level_2","sublocality","political"],"google_maps_uri":"https://maps.google.com/?cid=16646452344251631258&g_mp=Cidnb29nbGUubWFwcy5wbGFjZXMudjEuUGxhY2VzLlNlYXJjaFRleHQQAhgEIAA","google_icon_mask_base_uri":"https://maps.gstatic.com/mapfiles/place_api/icons/v2/generic_pinlet","google_icon_background_color":"#7B9EB0","formatted_address":"Bayyo, Bontoc, Mountain Province, Philippines","business_status":null,"rating":null,"user_rating_count":null,"barangay_slug":"bayyo","barangay_name":"Bayyo"},"geometry":{"type":"Point","coordinates":[121.0220422,17.0156872]}},{"type":"Feature","properties":{"name":"Bayyo Multipurpose Cooperative","kind":"business","kind_label":"Business","source":"google_places","google_place_id":"ChIJfzh1_u7WjzMRYTSSFSLv2oI","google_primary_type":"bank","google_primary_type_label":"Bank","google_types":["bank","finance","point_of_interest","establishment"],"google_maps_uri":"https://maps.google.com/?cid=9429111699523384417&g_mp=Cilnb29nbGUubWFwcy5wbGFjZXMudjEuUGxhY2VzLlNlYXJjaE5lYXJieRACGAQgAA","google_icon_mask_base_uri":"https://maps.gstatic.com/mapfiles/place_api/icons/v2/bank-intl_pinlet","google_icon_background_color":"#909CE1","formatted_address":"X2X9+6JW, Bontoc, 2616 Mountain Province, Philippines","business_status":"OPERATIONAL","rating":null,"user_rating_count":null,"barangay_slug":"bayyo","barangay_name":"Bayyo"},"geometry":{"type":"Point","coordinates":[121.01908199999998,16.998105]}},{"type":"Feature","properties":{"name":"Bayyo Barangay Hall","kind":"govt","kind_label":"Government","source":"google_places","google_place_id":"ChIJ3xaz5z_XjzMRTOzLBXZKtLc","google_primary_type":"government_office","google_primary_type_label":"Government Office","google_types":["government_office","point_of_interest","establishment"],"google_maps_uri":"https://maps.google.com/?cid=13237287075512577100&g_mp=Cilnb29nbGUubWFwcy5wbGFjZXMudjEuUGxhY2VzLlNlYXJjaE5lYXJieRACGAQgAA","google_icon_mask_base_uri":"https://maps.gstatic.com/mapfiles/place_api/icons/v2/civic-bldg_pinlet","google_icon_background_color":"#7B9EB0","formatted_address":"2248+WVG, Bontoc, Mountain Province, Philippines","business_status":"OPERATIONAL","rating":5,"user_rating_count":2,"barangay_slug":"bayyo","barangay_name":"Bayyo"},"geometry":{"type":"Point","coordinates":[121.0172048,17.0073197]}},{"type":"Feature","properties":{"name":"Bayyo Rice Terraces View Point","kind":"tourism","kind_label":"Tourism","source":"google_places","google_place_id":"ChIJrwUATgDXjzMRQLU6KHRL0Q8","google_primary_type":"tourist_attraction","google_primary_type_label":"Tourist Attraction","google_types":["tourist_attraction","point_of_interest","establishment"],"google_maps_uri":"https://maps.google.com/?cid=1139775142964671808&g_mp=Cilnb29nbGUubWFwcy5wbGFjZXMudjEuUGxhY2VzLlNlYXJjaE5lYXJieRACGAQgAA","google_icon_mask_base_uri":"https://maps.gstatic.com/mapfiles/place_api/icons/v2/generic_pinlet","google_icon_background_color":"#13B5C7","formatted_address":"2268+PP, Bontoc, Mountain Province, Philippines","business_status":"OPERATIONAL","rating":4.9,"user_rating_count":10,"barangay_slug":"bayyo","barangay_name":"Bayyo"},"geometry":{"type":"Point","coordinates":[121.016833,17.011841999999998]}},{"type":"Feature","properties":{"name":"Tummey Falls","kind":"tourism","kind_label":"Tourism","source":"google_places","google_place_id":"ChIJV0R2vIHXjzMRow9L48vmLto","google_primary_type":"hiking_area","google_primary_type_label":"Hiking Area","google_types":["hiking_area","sports_activity_location","point_of_interest","establishment"],"google_maps_uri":"https://maps.google.com/?cid=15721757112563077027&g_mp=Cilnb29nbGUubWFwcy5wbGFjZXMudjEuUGxhY2VzLlNlYXJjaE5lYXJieRACGAQgAA","google_icon_mask_base_uri":"https://maps.gstatic.com/mapfiles/place_api/icons/v2/hiking_pinlet","google_icon_background_color":"#4DB546","formatted_address":"222F+5H8, Bontoc, Mountain Province, Philippines","business_status":"OPERATIONAL","rating":null,"user_rating_count":null,"barangay_slug":"bayyo","barangay_name":"Bayyo"},"geometry":{"type":"Point","coordinates":[121.02395560000001,17.0004025]}},{"type":"Feature","properties":{"name":"San Pablo Church","kind":"worship","kind_label":"Worship","source":"google_places","google_place_id":"ChIJ0eF8AsLWjzMRxfkjyzUkIA0","google_primary_type":"church","google_primary_type_label":"Church","google_types":["church","place_of_worship","association_or_organization","point_of_interest","establishment"],"google_maps_uri":"https://maps.google.com/?cid=945795735207803333&g_mp=Cilnb29nbGUubWFwcy5wbGFjZXMudjEuUGxhY2VzLlNlYXJjaE5lYXJieRACGAQgAA","google_icon_mask_base_uri":"https://maps.gstatic.com/mapfiles/place_api/icons/v2/worship_christian_pinlet","google_icon_background_color":"#7B9EB0","formatted_address":"2248+JGX, Nueva Vizcaya - Ifugao - Mountain Province Rd, Bontoc, Mountain Province, Philippines","business_status":"OPERATIONAL","rating":4.4,"user_rating_count":5,"barangay_slug":"bayyo","barangay_name":"Bayyo"},"geometry":{"type":"Point","coordinates":[121.0163462,17.0066113]}},{"type":"Feature","properties":{"name":"Afm Restaurant","kind":"business","kind_label":"Business","source":"google_places","google_place_id":"ChIJW8D-MDTSjzMRvW25Af0_zVc","google_primary_type":"restaurant","google_primary_type_label":"Restaurant","google_types":["restaurant","food","point_of_interest","establishment"],"google_maps_uri":"https://maps.google.com/?cid=6326783407413620157&g_mp=Cilnb29nbGUubWFwcy5wbGFjZXMudjEuUGxhY2VzLlNlYXJjaE5lYXJieRACGAQgAA","google_icon_mask_base_uri":"https://maps.gstatic.com/mapfiles/place_api/icons/v2/restaurant_pinlet","google_icon_background_color":"#FF9E67","formatted_address":"Bontoc, Mountain Province, Philippines","business_status":"OPERATIONAL","rating":5,"user_rating_count":1,"barangay_slug":"bontoc-ili","barangay_name":"Bontoc Ili"},"geometry":{"type":"Point","coordinates":[120.96811029999998,17.0817964]}},{"type":"Feature","properties":{"name":"ALL SAINTS CREDIT COOPERATIVE","kind":"business","kind_label":"Business","source":"google_places","google_place_id":"ChIJe0osJjDSjzMRA_LPCLEhcqo","google_primary_type":"bank","google_primary_type_label":"Bank","google_types":["bank","finance","point_of_interest","establishment"],"google_maps_uri":"https://maps.google.com/?cid=12281916178033537539&g_mp=Cilnb29nbGUubWFwcy5wbGFjZXMudjEuUGxhY2VzLlNlYXJjaE5lYXJieRACGAQgAA","google_icon_mask_base_uri":"https://maps.gstatic.com/mapfiles/place_api/icons/v2/bank-intl_pinlet","google_icon_background_color":"#909CE1","formatted_address":"Bontoc, Mountain Province, Philippines","business_status":"OPERATIONAL","rating":null,"user_rating_count":null,"barangay_slug":"bontoc-ili","barangay_name":"Bontoc Ili"},"geometry":{"type":"Point","coordinates":[120.975964,17.0846289]}},{"type":"Feature","properties":{"name":"Banko Ü","kind":"business","kind_label":"Business","source":"google_places","google_place_id":"ChIJ1_tgmTHSjzMRcKmxPjsTENI","google_primary_type":"bank","google_primary_type_label":"Bank","google_types":["bank","finance","point_of_interest","establishment"],"google_maps_uri":"https://maps.google.com/?cid=15136619492768065904&g_mp=Cilnb29nbGUubWFwcy5wbGFjZXMudjEuUGxhY2VzLlNlYXJjaE5lYXJieRACGAQgAA","google_icon_mask_base_uri":"https://maps.gstatic.com/mapfiles/place_api/icons/v2/bank-intl_pinlet","google_icon_background_color":"#909CE1","formatted_address":"Bontoc, Mountain Province, Philippines","business_status":"OPERATIONAL","rating":null,"user_rating_count":null,"barangay_slug":"bontoc-ili","barangay_name":"Bontoc Ili"},"geometry":{"type":"Point","coordinates":[120.97374909999999,17.0826816]}},{"type":"Feature","properties":{"name":"Blest Cafe","kind":"business","kind_label":"Business","source":"google_places","google_place_id":"ChIJZeyTc_7TjzMRKYwdvqZX-Ik","google_primary_type":"cafe","google_primary_type_label":"Cafe","google_types":["cafe","point_of_interest","food","establishment"],"google_maps_uri":"https://maps.google.com/?cid=9941792551086165033&g_mp=Cilnb29nbGUubWFwcy5wbGFjZXMudjEuUGxhY2VzLlNlYXJjaE5lYXJieRACGAQgAA","google_icon_mask_base_uri":"https://maps.gstatic.com/mapfiles/place_api/icons/v2/cafe_pinlet","google_icon_background_color":"#FF9E67","formatted_address":"Bontoc Rd, Halsema Highway, Bontoc, Mountain Province, Philippines","business_status":"OPERATIONAL","rating":5,"user_rating_count":26,"barangay_slug":"bontoc-ili","barangay_name":"Bontoc Ili"},"geometry":{"type":"Point","coordinates":[120.97593150000002,17.0855514]}},{"type":"Feature","properties":{"name":"Bontoc Auto Supply","kind":"business","kind_label":"Business","source":"google_places","google_place_id":"ChIJ18doiaXTjzMRRqKW7nusqho","google_primary_type":"auto_parts_store","google_primary_type_label":"Auto Parts Store","google_types":["auto_parts_store","car_repair","store","service","point_of_interest","establishment"],"google_maps_uri":"https://maps.google.com/?cid=1921537839310742086&g_mp=Cilnb29nbGUubWFwcy5wbGFjZXMudjEuUGxhY2VzLlNlYXJjaE5lYXJieRACGAQgAA","google_icon_mask_base_uri":"https://maps.gstatic.com/mapfiles/place_api/icons/v2/shopping_pinlet","google_icon_background_color":"#4B96F3","formatted_address":"3XPG+7FG, Bontoc, Mountain Province, Philippines","business_status":"OPERATIONAL","rating":null,"user_rating_count":null,"barangay_slug":"bontoc-ili","barangay_name":"Bontoc Ili"},"geometry":{"type":"Point","coordinates":[120.9762143,17.0856945]}},{"type":"Feature","properties":{"name":"Causerie Snackbar and Restaurant","kind":"business","kind_label":"Business","source":"google_places","google_place_id":"ChIJLWnkW87TjzMRFCLyEG-N0Ls","google_primary_type":"restaurant","google_primary_type_label":"Restaurant","google_types":["restaurant","point_of_interest","food","establishment"],"google_maps_uri":"https://maps.google.com/?cid=13533472388413530644&g_mp=Cilnb29nbGUubWFwcy5wbGFjZXMudjEuUGxhY2VzLlNlYXJjaE5lYXJieRACGAQgAA","google_icon_mask_base_uri":"https://maps.gstatic.com/mapfiles/place_api/icons/v2/restaurant_pinlet","google_icon_background_color":"#FF9E67","formatted_address":"716 Chackong, Bontoc, Mountain Province, Philippines","business_status":"OPERATIONAL","rating":null,"user_rating_count":null,"barangay_slug":"bontoc-ili","barangay_name":"Bontoc Ili"},"geometry":{"type":"Point","coordinates":[120.97622739999998,17.0857197]}},{"type":"Feature","properties":{"name":"Cuisina'n Islao","kind":"business","kind_label":"Business","source":"google_places","google_place_id":"ChIJL7DGXwDTjzMRjuQHKw2g4cw","google_primary_type":"korean_restaurant","google_primary_type_label":"Korean Restaurant","google_types":["korean_restaurant","restaurant","food","point_of_interest","establishment"],"google_maps_uri":"https://maps.google.com/?cid=14763257031914153102&g_mp=Cilnb29nbGUubWFwcy5wbGFjZXMudjEuUGxhY2VzLlNlYXJjaE5lYXJieRACGAQgAA","google_icon_mask_base_uri":"https://maps.gstatic.com/mapfiles/place_api/icons/v2/restaurant_pinlet","google_icon_background_color":"#FF9E67","formatted_address":"3XMG+J6H Kiat ong building, Baguio - La Trinidad - Bontoc Rd, Bontoc, Mountain Province, Philippines","business_status":"OPERATIONAL","rating":null,"user_rating_count":null,"barangay_slug":"bontoc-ili","barangay_name":"Bontoc Ili"},"geometry":{"type":"Point","coordinates":[120.9757642,17.084116599999998]}},{"type":"Feature","properties":{"name":"GAYYAP Cafe & Restaurant","kind":"business","kind_label":"Business","source":"google_places","google_place_id":"ChIJE7Pp_S_SjzMR6SbPvF8GK34","google_primary_type":"restaurant","google_primary_type_label":"Restaurant","google_types":["restaurant","point_of_interest","food","establishment"],"google_maps_uri":"https://maps.google.com/?cid=9091367281036830441&g_mp=Cilnb29nbGUubWFwcy5wbGFjZXMudjEuUGxhY2VzLlNlYXJjaE5lYXJieRACGAQgAA","google_icon_mask_base_uri":"https://maps.gstatic.com/mapfiles/place_api/icons/v2/restaurant_pinlet","google_icon_background_color":"#FF9E67","formatted_address":"Bontoc, Mountain Province, Philippines","business_status":"OPERATIONAL","rating":null,"user_rating_count":null,"barangay_slug":"bontoc-ili","barangay_name":"Bontoc Ili"},"geometry":{"type":"Point","coordinates":[120.97624210000001,17.0861446]}},{"type":"Feature","properties":{"name":"Good Chow Bulaluhan","kind":"business","kind_label":"Business","source":"google_places","google_place_id":"ChIJE00Y-d3TjzMRVLwKQxRssYA","google_primary_type":"asian_restaurant","google_primary_type_label":"Asian Restaurant","google_types":["asian_restaurant","restaurant","point_of_interest","food","establishment"],"google_maps_uri":"https://maps.google.com/?cid=9273311942012484692&g_mp=Cilnb29nbGUubWFwcy5wbGFjZXMudjEuUGxhY2VzLlNlYXJjaE5lYXJieRACGAQgAA","google_icon_mask_base_uri":"https://maps.gstatic.com/mapfiles/place_api/icons/v2/restaurant_pinlet","google_icon_background_color":"#FF9E67","formatted_address":"3XPG+2F6, Bontoc, Mountain Province, Philippines","business_status":"OPERATIONAL","rating":5,"user_rating_count":1,"barangay_slug":"bontoc-ili","barangay_name":"Bontoc Ili"},"geometry":{"type":"Point","coordinates":[120.97614739999997,17.0850342]}},{"type":"Feature","properties":{"name":"INGCO TOOLS BONTOC by Samella General Merchandise","kind":"business","kind_label":"Business","source":"google_places","google_place_id":"ChIJ3agaTgDTjzMR9xjTJlO05Wk","google_primary_type":"hardware_store","google_primary_type_label":"Hardware Store","google_types":["hardware_store","building_materials_store","store","point_of_interest","establishment"],"google_maps_uri":"https://maps.google.com/?cid=7630703412875827447&g_mp=Cilnb29nbGUubWFwcy5wbGFjZXMudjEuUGxhY2VzLlNlYXJjaE5lYXJieRACGAQgAA","google_icon_mask_base_uri":"https://maps.gstatic.com/mapfiles/place_api/icons/v2/shopping_pinlet","google_icon_background_color":"#4B96F3","formatted_address":"Bontoc Ili, 3XMF+9RM, Bontoc, Mountain Province, Philippines","business_status":"OPERATIONAL","rating":null,"user_rating_count":null,"barangay_slug":"bontoc-ili","barangay_name":"Bontoc Ili"},"geometry":{"type":"Point","coordinates":[120.97456040000002,17.0834507]}},{"type":"Feature","properties":{"name":"Intertwine Cafe","kind":"business","kind_label":"Business","source":"google_places","google_place_id":"ChIJxdBCmCDTjzMRFwhQ-nrHnQE","google_primary_type":"cafe","google_primary_type_label":"Cafe","google_types":["cafe","point_of_interest","food","establishment"],"google_maps_uri":"https://maps.google.com/?cid=116468496380987415&g_mp=Cilnb29nbGUubWFwcy5wbGFjZXMudjEuUGxhY2VzLlNlYXJjaE5lYXJieRACGAQgAA","google_icon_mask_base_uri":"https://maps.gstatic.com/mapfiles/place_api/icons/v2/cafe_pinlet","google_icon_background_color":"#FF9E67","formatted_address":"Chakong Bontoc Ili BONTOC (Capital BONTOC (Capital, Bontoc, 2616 Mountain Province, Philippines","business_status":"OPERATIONAL","rating":null,"user_rating_count":null,"barangay_slug":"bontoc-ili","barangay_name":"Bontoc Ili"},"geometry":{"type":"Point","coordinates":[120.97600510000001,17.0858071]}},{"type":"Feature","properties":{"name":"J'S CHICKEN HAUS","kind":"business","kind_label":"Business","source":"google_places","google_place_id":"ChIJ2ZIiLTDSjzMRRK7U57AaF4Y","google_primary_type":"restaurant","google_primary_type_label":"Restaurant","google_types":["restaurant","food","point_of_interest","establishment"],"google_maps_uri":"https://maps.google.com/?cid=9662220872652729924&g_mp=Cilnb29nbGUubWFwcy5wbGFjZXMudjEuUGxhY2VzLlNlYXJjaE5lYXJieRACGAQgAA","google_icon_mask_base_uri":"https://maps.gstatic.com/mapfiles/place_api/icons/v2/restaurant_pinlet","google_icon_background_color":"#FF9E67","formatted_address":"Bontoc, Mountain Province, Philippines","business_status":"OPERATIONAL","rating":5,"user_rating_count":1,"barangay_slug":"bontoc-ili","barangay_name":"Bontoc Ili"},"geometry":{"type":"Point","coordinates":[120.97558500000001,17.0840822]}},{"type":"Feature","properties":{"name":"Joyamars Auto Supply","kind":"business","kind_label":"Business","source":"google_places","google_place_id":"ChIJMZhmKDDSjzMRnQfaedyCTfI","google_primary_type":"auto_parts_store","google_primary_type_label":"Auto Parts Store","google_types":["auto_parts_store","store","point_of_interest","car_repair","service","establishment"],"google_maps_uri":"https://maps.google.com/?cid=17459755213834028957&g_mp=Cilnb29nbGUubWFwcy5wbGFjZXMudjEuUGxhY2VzLlNlYXJjaE5lYXJieRACGAQgAA","google_icon_mask_base_uri":"https://maps.gstatic.com/mapfiles/place_api/icons/v2/shopping_pinlet","google_icon_background_color":"#4B96F3","formatted_address":"Bontoc, Mountain Province, Philippines","business_status":"OPERATIONAL","rating":5,"user_rating_count":1,"barangay_slug":"bontoc-ili","barangay_name":"Bontoc Ili"},"geometry":{"type":"Point","coordinates":[120.9760092,17.084527299999998]}},{"type":"Feature","properties":{"name":"KVL-Hardware","kind":"business","kind_label":"Business","source":"google_places","google_place_id":"ChIJzS01iyXTjzMR8GxAy2syG1o","google_primary_type":"hardware_store","google_primary_type_label":"Hardware Store","google_types":["hardware_store","building_materials_store","store","point_of_interest","establishment"],"google_maps_uri":"https://maps.google.com/?cid=6492838726337588464&g_mp=Cilnb29nbGUubWFwcy5wbGFjZXMudjEuUGxhY2VzLlNlYXJjaE5lYXJieRACGAQgAA","google_icon_mask_base_uri":"https://maps.gstatic.com/mapfiles/place_api/icons/v2/shopping_pinlet","google_icon_background_color":"#4B96F3","formatted_address":"Bontoc ili, Bontoc, 2616 Mountain Province, Philippines","business_status":"OPERATIONAL","rating":null,"user_rating_count":null,"barangay_slug":"bontoc-ili","barangay_name":"Bontoc Ili"},"geometry":{"type":"Point","coordinates":[120.9680799,17.0832663]}},{"type":"Feature","properties":{"name":"KYLLIE'S FURNITURE AND FIXTURE TRADING","kind":"business","kind_label":"Business","source":"google_places","google_place_id":"ChIJG3bVOTTSjzMRS0bbsm7QZdA","google_primary_type":"furniture_store","google_primary_type_label":"Furniture Store","google_types":["furniture_store","home_improvement_store","home_goods_store","store","point_of_interest","establishment"],"google_maps_uri":"https://maps.google.com/?cid=15016637706402481739&g_mp=Cilnb29nbGUubWFwcy5wbGFjZXMudjEuUGxhY2VzLlNlYXJjaE5lYXJieRACGAQgAA","google_icon_mask_base_uri":"https://maps.gstatic.com/mapfiles/place_api/icons/v2/shopping_pinlet","google_icon_background_color":"#4B96F3","formatted_address":"Bontoc, Mountain Province, Philippines","business_status":"OPERATIONAL","rating":null,"user_rating_count":null,"barangay_slug":"bontoc-ili","barangay_name":"Bontoc Ili"},"geometry":{"type":"Point","coordinates":[120.96827610000001,17.0814646]}},{"type":"Feature","properties":{"name":"Members Church of God International (MCGI) - Bontoc, Mountain Province","kind":"business","kind_label":"Business","source":"google_places","google_place_id":"ChIJ6c3ay1LTjzMR9PVvQUuzKKg","google_primary_type":"association_or_organization","google_primary_type_label":"Association / Organization","google_types":["association_or_organization","point_of_interest","establishment"],"google_maps_uri":"https://maps.google.com/?cid=12117131933242095092&g_mp=Cidnb29nbGUubWFwcy5wbGFjZXMudjEuUGxhY2VzLlNlYXJjaFRleHQQAhgEIAA","google_icon_mask_base_uri":"https://maps.gstatic.com/mapfiles/place_api/icons/v2/generic_pinlet","google_icon_background_color":"#7B9EB0","formatted_address":"3XMG+92J Tad-awan Building, Chacchakan, Poblacion, Bontoc, 2616 Mountain Province, Philippines","business_status":"OPERATIONAL","rating":null,"user_rating_count":null,"barangay_slug":"bontoc-ili","barangay_name":"Bontoc Ili"},"geometry":{"type":"Point","coordinates":[120.97500470000001,17.0834613]}},{"type":"Feature","properties":{"name":"Rusi Luzon Ram Cycles","kind":"business","kind_label":"Business","source":"google_places","google_place_id":"ChIJPbZnvTHSjzMRNv6pJZzbLkA","google_primary_type":"store","google_primary_type_label":"Store","google_types":["point_of_interest","store","establishment"],"google_maps_uri":"https://maps.google.com/?cid=4624875331049356854&g_mp=Cilnb29nbGUubWFwcy5wbGFjZXMudjEuUGxhY2VzLlNlYXJjaE5lYXJieRACGAQgAA","google_icon_mask_base_uri":"https://maps.gstatic.com/mapfiles/place_api/icons/v2/shopping_pinlet","google_icon_background_color":"#4B96F3","formatted_address":"Bontoc, Mountain Province, Philippines","business_status":"OPERATIONAL","rating":null,"user_rating_count":null,"barangay_slug":"bontoc-ili","barangay_name":"Bontoc Ili"},"geometry":{"type":"Point","coordinates":[120.9741078,17.0829742]}},{"type":"Feature","properties":{"name":"Spealberg Kambingan","kind":"business","kind_label":"Business","source":"google_places","google_place_id":"ChIJ5Q0tNzTSjzMRnqftPjzJ5jk","google_primary_type":"restaurant","google_primary_type_label":"Restaurant","google_types":["restaurant","food","point_of_interest","establishment"],"google_maps_uri":"https://maps.google.com/?cid=4172243365396326302&g_mp=Cilnb29nbGUubWFwcy5wbGFjZXMudjEuUGxhY2VzLlNlYXJjaE5lYXJieRACGAQgAA","google_icon_mask_base_uri":"https://maps.gstatic.com/mapfiles/place_api/icons/v2/restaurant_pinlet","google_icon_background_color":"#FF9E67","formatted_address":"3XJ9+M79, Halsema Highway, Bontoc, Mountain Province, Philippines","business_status":"OPERATIONAL","rating":2,"user_rating_count":1,"barangay_slug":"bontoc-ili","barangay_name":"Bontoc Ili"},"geometry":{"type":"Point","coordinates":[120.96823689999998,17.0816586]}},{"type":"Feature","properties":{"name":"Taraki's Restaurant","kind":"business","kind_label":"Business","source":"google_places","google_place_id":"ChIJkcutawDTjzMRxSwcNNCLCws","google_primary_type":"food","google_primary_type_label":"Food","google_types":["food","point_of_interest","service","establishment"],"google_maps_uri":"https://maps.google.com/?cid=795883485504744645&g_mp=Cidnb29nbGUubWFwcy5wbGFjZXMudjEuUGxhY2VzLlNlYXJjaFRleHQQAhgEIAA","google_icon_mask_base_uri":"https://maps.gstatic.com/mapfiles/place_api/icons/v2/generic_pinlet","google_icon_background_color":"#7B9EB0","formatted_address":"3XJ9+H8J, Baguio - La Trinidad - Bontoc Rd, Bontoc, Mountain Province, Philippines","business_status":"OPERATIONAL","rating":null,"user_rating_count":null,"barangay_slug":"bontoc-ili","barangay_name":"Bontoc Ili"},"geometry":{"type":"Point","coordinates":[120.9682693,17.0814579]}},{"type":"Feature","properties":{"name":"Triple Smb Store","kind":"business","kind_label":"Business","source":"google_places","google_place_id":"ChIJp68AUS7TjzMRMwRID3vYqpI","google_primary_type":"store","google_primary_type_label":"Store","google_types":["store","point_of_interest","establishment"],"google_maps_uri":"https://maps.google.com/?cid=10568497498627245107&g_mp=Cilnb29nbGUubWFwcy5wbGFjZXMudjEuUGxhY2VzLlNlYXJjaE5lYXJieRACGAQgAA","google_icon_mask_base_uri":"https://maps.gstatic.com/mapfiles/place_api/icons/v2/shopping_pinlet","google_icon_background_color":"#4B96F3","formatted_address":"Pattig, Along Guinaang Rd, Bontoc, Mountain Province, Philippines","business_status":"OPERATIONAL","rating":null,"user_rating_count":null,"barangay_slug":"bontoc-ili","barangay_name":"Bontoc Ili"},"geometry":{"type":"Point","coordinates":[120.9735857,17.0897628]}},{"type":"Feature","properties":{"name":"Washington Auto Supply","kind":"business","kind_label":"Business","source":"google_places","google_place_id":"ChIJj-QA9x_TjzMRW8Hs0IEeZoo","google_primary_type":"auto_parts_store","google_primary_type_label":"Auto Parts Store","google_types":["auto_parts_store","car_repair","point_of_interest","store","service","establishment"],"google_maps_uri":"https://maps.google.com/?cid=9972691967763333467&g_mp=Cilnb29nbGUubWFwcy5wbGFjZXMudjEuUGxhY2VzLlNlYXJjaE5lYXJieRACGAQgAA","google_icon_mask_base_uri":"https://maps.gstatic.com/mapfiles/place_api/icons/v2/shopping_pinlet","google_icon_background_color":"#4B96F3","formatted_address":"Upper, Loc-ong Rd, Bontoc, Mountain Province, Philippines","business_status":"OPERATIONAL","rating":5,"user_rating_count":2,"barangay_slug":"bontoc-ili","barangay_name":"Bontoc Ili"},"geometry":{"type":"Point","coordinates":[120.97601159999999,17.0858094]}},{"type":"Feature","properties":{"name":"Zeenshane Bicycle Store and Accessories","kind":"business","kind_label":"Business","source":"google_places","google_place_id":"ChIJgUXGD0zTjzMRwoep80Yb0Mw","google_primary_type":"bicycle_store","google_primary_type_label":"Bicycle Shop","google_types":["bicycle_store","sporting_goods_store","manufacturer","store","point_of_interest","establishment"],"google_maps_uri":"https://maps.google.com/?cid=14758325970442749890&g_mp=Cilnb29nbGUubWFwcy5wbGFjZXMudjEuUGxhY2VzLlNlYXJjaE5lYXJieRACGAQgAA","google_icon_mask_base_uri":"https://maps.gstatic.com/mapfiles/place_api/icons/v2/shopping_pinlet","google_icon_background_color":"#4B96F3","formatted_address":"3XMG+J6H Kiat ong building, Baguio - La Trinidad - Bontoc Rd, Bontoc, Mountain Province, Philippines","business_status":"OPERATIONAL","rating":null,"user_rating_count":null,"barangay_slug":"bontoc-ili","barangay_name":"Bontoc Ili"},"geometry":{"type":"Point","coordinates":[120.97567929999998,17.0841714]}},{"type":"Feature","properties":{"name":"Ivan Pharmacy Plus","kind":"clinic","kind_label":"Clinic","source":"google_places","google_place_id":"ChIJ-ykXuDrSjzMRN4ttXx3Rnpk","google_primary_type":"pharmacy","google_primary_type_label":"Pharmacy","google_types":["pharmacy","health","store","point_of_interest","establishment"],"google_maps_uri":"https://maps.google.com/?cid=11069514858208529207&g_mp=Cilnb29nbGUubWFwcy5wbGFjZXMudjEuUGxhY2VzLlNlYXJjaE5lYXJieRACGAQgAA","google_icon_mask_base_uri":"https://maps.gstatic.com/mapfiles/place_api/icons/v2/pharmacy_pinlet","google_icon_background_color":"#F88181","formatted_address":"Bontoc, Mountain Province, Philippines","business_status":"OPERATIONAL","rating":null,"user_rating_count":null,"barangay_slug":"bontoc-ili","barangay_name":"Bontoc Ili"},"geometry":{"type":"Point","coordinates":[120.97538700000001,17.087922]}},{"type":"Feature","properties":{"name":"Beniton Primary School","kind":"govt","kind_label":"Government","source":"google_places","google_place_id":"ChIJZUuv4C_SjzMRg1ddp0keJjo","google_primary_type":"government_office","google_primary_type_label":"Government Office","google_types":["government_office","school","educational_institution","point_of_interest","establishment"],"google_maps_uri":"https://maps.google.com/?cid=4190069805004183427&g_mp=Cilnb29nbGUubWFwcy5wbGFjZXMudjEuUGxhY2VzLlNlYXJjaE5lYXJieRACGAQgAA","google_icon_mask_base_uri":"https://maps.gstatic.com/mapfiles/place_api/icons/v2/school_pinlet","google_icon_background_color":"#7B9EB0","formatted_address":"3XPG+3HH, Halsema Highway, Bontoc, 2616 Mountain Province, Philippines","business_status":"CLOSED_TEMPORARILY","rating":null,"user_rating_count":null,"barangay_slug":"bontoc-ili","barangay_name":"Bontoc Ili"},"geometry":{"type":"Point","coordinates":[120.976478,17.085191]}},{"type":"Feature","properties":{"name":"Bontoc Ili Barangay Hall","kind":"govt","kind_label":"Government","source":"google_places","google_place_id":"ChIJbQ-6pULTjzMRU34SsjP5QgM","google_primary_type":"government_office","google_primary_type_label":"Government Office","google_types":["government_office","point_of_interest","establishment"],"google_maps_uri":"https://maps.google.com/?cid=235024131002891859&g_mp=Cilnb29nbGUubWFwcy5wbGFjZXMudjEuUGxhY2VzLlNlYXJjaE5lYXJieRACGAQgAA","google_icon_mask_base_uri":"https://maps.gstatic.com/mapfiles/place_api/icons/v2/civic-bldg_pinlet","google_icon_background_color":"#7B9EB0","formatted_address":"3XPG+442, Bontoc, Mountain Province, Philippines","business_status":"OPERATIONAL","rating":4,"user_rating_count":1,"barangay_slug":"bontoc-ili","barangay_name":"Bontoc Ili"},"geometry":{"type":"Point","coordinates":[120.97527120000001,17.0852523]}},{"type":"Feature","properties":{"name":"Buenavista Elementary School","kind":"govt","kind_label":"Government","source":"google_places","google_place_id":"ChIJDzZQJTDSjzMRsv4B8iRJTds","google_primary_type":"government_office","google_primary_type_label":"Government Office","google_types":["school","educational_institution","government_office","point_of_interest","establishment"],"google_maps_uri":"https://maps.google.com/?cid=15802367090540805810&g_mp=Cilnb29nbGUubWFwcy5wbGFjZXMudjEuUGxhY2VzLlNlYXJjaE5lYXJieRACGAQgAA","google_icon_mask_base_uri":"https://maps.gstatic.com/mapfiles/place_api/icons/v2/school_pinlet","google_icon_background_color":"#7B9EB0","formatted_address":"3XMG+V58, Halsema Highway, Bontoc, 2616 Mountain Province, Philippines","business_status":"CLOSED_TEMPORARILY","rating":null,"user_rating_count":null,"barangay_slug":"bontoc-ili","barangay_name":"Bontoc Ili"},"geometry":{"type":"Point","coordinates":[120.9754519,17.084670199999998]}},{"type":"Feature","properties":{"name":"Casao Primary School","kind":"govt","kind_label":"Government","source":"google_places","google_place_id":"ChIJZUuv4C_SjzMRBlu8vr6FaqU","google_primary_type":"government_office","google_primary_type_label":"Government Office","google_types":["government_office","school","educational_institution","point_of_interest","establishment"],"google_maps_uri":"https://maps.google.com/?cid=11919486418079734534&g_mp=Cilnb29nbGUubWFwcy5wbGFjZXMudjEuUGxhY2VzLlNlYXJjaE5lYXJieRACGAQgAA","google_icon_mask_base_uri":"https://maps.gstatic.com/mapfiles/place_api/icons/v2/school_pinlet","google_icon_background_color":"#7B9EB0","formatted_address":"3XPG+3HH, Halsema Highway, Bontoc, 2616 Mountain Province, Philippines","business_status":"CLOSED_TEMPORARILY","rating":null,"user_rating_count":null,"barangay_slug":"bontoc-ili","barangay_name":"Bontoc Ili"},"geometry":{"type":"Point","coordinates":[120.976478,17.085191]}},{"type":"Feature","properties":{"name":"Catmon Elementary School","kind":"govt","kind_label":"Government","source":"google_places","google_place_id":"ChIJZUuv4C_SjzMRxDPkv69Lszo","google_primary_type":"government_office","google_primary_type_label":"Government Office","google_types":["government_office","school","educational_institution","point_of_interest","establishment"],"google_maps_uri":"https://maps.google.com/?cid=4229807693241791428&g_mp=Cilnb29nbGUubWFwcy5wbGFjZXMudjEuUGxhY2VzLlNlYXJjaE5lYXJieRACGAQgAA","google_icon_mask_base_uri":"https://maps.gstatic.com/mapfiles/place_api/icons/v2/school_pinlet","google_icon_background_color":"#7B9EB0","formatted_address":"3XPG+3HH, Halsema Highway, Bontoc, 2616 Mountain Province, Philippines","business_status":"CLOSED_TEMPORARILY","rating":null,"user_rating_count":null,"barangay_slug":"bontoc-ili","barangay_name":"Bontoc Ili"},"geometry":{"type":"Point","coordinates":[120.976478,17.085191]}},{"type":"Feature","properties":{"name":"Divisoria Elementary School","kind":"govt","kind_label":"Government","source":"google_places","google_place_id":"ChIJDzZQJTDSjzMRFbzbvwwNdZ8","google_primary_type":"government_office","google_primary_type_label":"Government Office","google_types":["school","educational_institution","government_office","point_of_interest","establishment"],"google_maps_uri":"https://maps.google.com/?cid=11490104372715306005&g_mp=Cilnb29nbGUubWFwcy5wbGFjZXMudjEuUGxhY2VzLlNlYXJjaE5lYXJieRACGAQgAA","google_icon_mask_base_uri":"https://maps.gstatic.com/mapfiles/place_api/icons/v2/school_pinlet","google_icon_background_color":"#7B9EB0","formatted_address":"3XMG+V58, Halsema Highway, Bontoc, 2616 Mountain Province, Philippines","business_status":"CLOSED_TEMPORARILY","rating":null,"user_rating_count":null,"barangay_slug":"bontoc-ili","barangay_name":"Bontoc Ili"},"geometry":{"type":"Point","coordinates":[120.9754519,17.084670199999998]}},{"type":"Feature","properties":{"name":"Divisoria National High School","kind":"govt","kind_label":"Government","source":"google_places","google_place_id":"ChIJZUuv4C_SjzMR8XvRhgpmCqs","google_primary_type":"government_office","google_primary_type_label":"Government Office","google_types":["government_office","school","educational_institution","point_of_interest","establishment"],"google_maps_uri":"https://maps.google.com/?cid=12324775525650365425&g_mp=Cilnb29nbGUubWFwcy5wbGFjZXMudjEuUGxhY2VzLlNlYXJjaE5lYXJieRACGAQgAA","google_icon_mask_base_uri":"https://maps.gstatic.com/mapfiles/place_api/icons/v2/school_pinlet","google_icon_background_color":"#7B9EB0","formatted_address":"3XPG+3HH, Halsema Highway, Bontoc, 2616 Mountain Province, Philippines","business_status":"OPERATIONAL","rating":null,"user_rating_count":null,"barangay_slug":"bontoc-ili","barangay_name":"Bontoc Ili"},"geometry":{"type":"Point","coordinates":[120.976478,17.085191]}},{"type":"Feature","properties":{"name":"Guinaang National High School","kind":"govt","kind_label":"Government","source":"google_places","google_place_id":"ChIJZUuv4C_SjzMRbNYF22w0Opg","google_primary_type":"government_office","google_primary_type_label":"Government Office","google_types":["government_office","school","educational_institution","point_of_interest","establishment"],"google_maps_uri":"https://maps.google.com/?cid=10969137484549969516&g_mp=Cilnb29nbGUubWFwcy5wbGFjZXMudjEuUGxhY2VzLlNlYXJjaE5lYXJieRACGAQgAA","google_icon_mask_base_uri":"https://maps.gstatic.com/mapfiles/place_api/icons/v2/school_pinlet","google_icon_background_color":"#7B9EB0","formatted_address":"3XPG+3HH, Halsema Highway, Bontoc, 2616 Mountain Province, Philippines","business_status":"CLOSED_TEMPORARILY","rating":null,"user_rating_count":null,"barangay_slug":"bontoc-ili","barangay_name":"Bontoc Ili"},"geometry":{"type":"Point","coordinates":[120.976478,17.085191]}},{"type":"Feature","properties":{"name":"Hilaan Elementary School","kind":"govt","kind_label":"Government","source":"google_places","google_place_id":"ChIJZUuv4C_SjzMRI02d81_mPDM","google_primary_type":"government_office","google_primary_type_label":"Government Office","google_types":["government_office","school","educational_institution","point_of_interest","establishment"],"google_maps_uri":"https://maps.google.com/?cid=3692079094320418083&g_mp=Cilnb29nbGUubWFwcy5wbGFjZXMudjEuUGxhY2VzLlNlYXJjaE5lYXJieRACGAQgAA","google_icon_mask_base_uri":"https://maps.gstatic.com/mapfiles/place_api/icons/v2/school_pinlet","google_icon_background_color":"#7B9EB0","formatted_address":"3XPG+3HH, Halsema Highway, Bontoc, 2616 Mountain Province, Philippines","business_status":"CLOSED_TEMPORARILY","rating":null,"user_rating_count":null,"barangay_slug":"bontoc-ili","barangay_name":"Bontoc Ili"},"geometry":{"type":"Point","coordinates":[120.976478,17.085191]}},{"type":"Feature","properties":{"name":"Mainit Elementary School","kind":"govt","kind_label":"Government","source":"google_places","google_place_id":"ChIJDzZQJTDSjzMRmTa0iHQVGO0","google_primary_type":"government_office","google_primary_type_label":"Government Office","google_types":["school","educational_institution","government_office","point_of_interest","establishment"],"google_maps_uri":"https://maps.google.com/?cid=17084428776683878041&g_mp=Cilnb29nbGUubWFwcy5wbGFjZXMudjEuUGxhY2VzLlNlYXJjaE5lYXJieRACGAQgAA","google_icon_mask_base_uri":"https://maps.gstatic.com/mapfiles/place_api/icons/v2/school_pinlet","google_icon_background_color":"#7B9EB0","formatted_address":"3XMG+V58, Halsema Highway, Bontoc, 2616 Mountain Province, Philippines","business_status":"CLOSED_TEMPORARILY","rating":null,"user_rating_count":null,"barangay_slug":"bontoc-ili","barangay_name":"Bontoc Ili"},"geometry":{"type":"Point","coordinates":[120.9754519,17.084670199999998]}},{"type":"Feature","properties":{"name":"Paku National High School","kind":"govt","kind_label":"Government","source":"google_places","google_place_id":"ChIJZUuv4C_SjzMRAWeHaGZGkG8","google_primary_type":"government_office","google_primary_type_label":"Government Office","google_types":["government_office","school","educational_institution","point_of_interest","establishment"],"google_maps_uri":"https://maps.google.com/?cid=8039002740510648065&g_mp=Cilnb29nbGUubWFwcy5wbGFjZXMudjEuUGxhY2VzLlNlYXJjaE5lYXJieRACGAQgAA","google_icon_mask_base_uri":"https://maps.gstatic.com/mapfiles/place_api/icons/v2/school_pinlet","google_icon_background_color":"#7B9EB0","formatted_address":"3XPG+3HH, Halsema Highway, Bontoc, 2616 Mountain Province, Philippines","business_status":"CLOSED_TEMPORARILY","rating":null,"user_rating_count":null,"barangay_slug":"bontoc-ili","barangay_name":"Bontoc Ili"},"geometry":{"type":"Point","coordinates":[120.976478,17.085191]}},{"type":"Feature","properties":{"name":"Pamahawan Primary School","kind":"govt","kind_label":"Government","source":"google_places","google_place_id":"ChIJZUuv4C_SjzMRix48ObfO3So","google_primary_type":"government_office","google_primary_type_label":"Government Office","google_types":["government_office","school","educational_institution","point_of_interest","establishment"],"google_maps_uri":"https://maps.google.com/?cid=3088852205780606603&g_mp=Cilnb29nbGUubWFwcy5wbGFjZXMudjEuUGxhY2VzLlNlYXJjaE5lYXJieRACGAQgAA","google_icon_mask_base_uri":"https://maps.gstatic.com/mapfiles/place_api/icons/v2/school_pinlet","google_icon_background_color":"#7B9EB0","formatted_address":"3XPG+3HH, Halsema Highway, Bontoc, 2616 Mountain Province, Philippines","business_status":"CLOSED_TEMPORARILY","rating":null,"user_rating_count":null,"barangay_slug":"bontoc-ili","barangay_name":"Bontoc Ili"},"geometry":{"type":"Point","coordinates":[120.976478,17.085191]}},{"type":"Feature","properties":{"name":"Pamigsian Elementary School","kind":"govt","kind_label":"Government","source":"google_places","google_place_id":"ChIJZUuv4C_SjzMRieFXXghXSw0","google_primary_type":"government_office","google_primary_type_label":"Government Office","google_types":["government_office","school","educational_institution","point_of_interest","establishment"],"google_maps_uri":"https://maps.google.com/?cid=957955039200534921&g_mp=Cilnb29nbGUubWFwcy5wbGFjZXMudjEuUGxhY2VzLlNlYXJjaE5lYXJieRACGAQgAA","google_icon_mask_base_uri":"https://maps.gstatic.com/mapfiles/place_api/icons/v2/school_pinlet","google_icon_background_color":"#7B9EB0","formatted_address":"3XPG+3HH, Halsema Highway, Bontoc, 2616 Mountain Province, Philippines","business_status":"CLOSED_TEMPORARILY","rating":null,"user_rating_count":null,"barangay_slug":"bontoc-ili","barangay_name":"Bontoc Ili"},"geometry":{"type":"Point","coordinates":[120.976478,17.085191]}},{"type":"Feature","properties":{"name":"Phil Health","kind":"govt","kind_label":"Government","source":"google_places","google_place_id":"ChIJocmZViXSjzMRGdbwEkW7iTY","google_primary_type":"government_office","google_primary_type_label":"Government Office","google_types":["government_office","point_of_interest","establishment"],"google_maps_uri":"https://maps.google.com/?cid=3929878055202379289&g_mp=Cilnb29nbGUubWFwcy5wbGFjZXMudjEuUGxhY2VzLlNlYXJjaE5lYXJieRACGAQgAA","google_icon_mask_base_uri":"https://maps.gstatic.com/mapfiles/place_api/icons/v2/civic-bldg_pinlet","google_icon_background_color":"#7B9EB0","formatted_address":"3XMG+WFF, Halsema Highway, Bontoc, Mountain Province, Philippines","business_status":"OPERATIONAL","rating":null,"user_rating_count":null,"barangay_slug":"bontoc-ili","barangay_name":"Bontoc Ili"},"geometry":{"type":"Point","coordinates":[120.9761854,17.084812499999998]}},{"type":"Feature","properties":{"name":"San Vicente Primary School","kind":"govt","kind_label":"Government","source":"google_places","google_place_id":"ChIJDzZQJTDSjzMRkOE9snrBv2U","google_primary_type":"government_office","google_primary_type_label":"Government Office","google_types":["school","educational_institution","government_office","point_of_interest","establishment"],"google_maps_uri":"https://maps.google.com/?cid=7331791451103027600&g_mp=Cilnb29nbGUubWFwcy5wbGFjZXMudjEuUGxhY2VzLlNlYXJjaE5lYXJieRACGAQgAA","google_icon_mask_base_uri":"https://maps.gstatic.com/mapfiles/place_api/icons/v2/school_pinlet","google_icon_background_color":"#7B9EB0","formatted_address":"3XMG+V58, Halsema Highway, Bontoc, 2616 Mountain Province, Philippines","business_status":"CLOSED_TEMPORARILY","rating":null,"user_rating_count":null,"barangay_slug":"bontoc-ili","barangay_name":"Bontoc Ili"},"geometry":{"type":"Point","coordinates":[120.9754519,17.084670199999998]}},{"type":"Feature","properties":{"name":"Tocucan National High School","kind":"govt","kind_label":"Government","source":"google_places","google_place_id":"ChIJDzZQJTDSjzMRW96_NVY-VH8","google_primary_type":"government_office","google_primary_type_label":"Government Office","google_types":["school","educational_institution","government_office","point_of_interest","establishment"],"google_maps_uri":"https://maps.google.com/?cid=9175026880850419291&g_mp=Cilnb29nbGUubWFwcy5wbGFjZXMudjEuUGxhY2VzLlNlYXJjaE5lYXJieRACGAQgAA","google_icon_mask_base_uri":"https://maps.gstatic.com/mapfiles/place_api/icons/v2/school_pinlet","google_icon_background_color":"#7B9EB0","formatted_address":"3XMG+V58, Halsema Highway, Bontoc, 2616 Mountain Province, Philippines","business_status":"CLOSED_TEMPORARILY","rating":null,"user_rating_count":null,"barangay_slug":"bontoc-ili","barangay_name":"Bontoc Ili"},"geometry":{"type":"Point","coordinates":[120.9754519,17.084670199999998]}},{"type":"Feature","properties":{"name":"Union Elementary School","kind":"govt","kind_label":"Government","source":"google_places","google_place_id":"ChIJDzZQJTDSjzMR41XZY1HifyA","google_primary_type":"government_office","google_primary_type_label":"Government Office","google_types":["school","educational_institution","government_office","point_of_interest","establishment"],"google_maps_uri":"https://maps.google.com/?cid=2341839170451363299&g_mp=Cilnb29nbGUubWFwcy5wbGFjZXMudjEuUGxhY2VzLlNlYXJjaE5lYXJieRACGAQgAA","google_icon_mask_base_uri":"https://maps.gstatic.com/mapfiles/place_api/icons/v2/school_pinlet","google_icon_background_color":"#7B9EB0","formatted_address":"Halsema Highway, Malunggay, 3XMG+V58, Halsema Highway, Bontoc, 2616 Mountain Province, Philippines","business_status":"CLOSED_TEMPORARILY","rating":null,"user_rating_count":null,"barangay_slug":"bontoc-ili","barangay_name":"Bontoc Ili"},"geometry":{"type":"Point","coordinates":[120.9754519,17.084670199999998]}},{"type":"Feature","properties":{"name":"AlVi Korean Store","kind":"market","kind_label":"Market","source":"google_places","google_place_id":"ChIJdchCy2_TjzMR7eJXAn2q_uE","google_primary_type":"convenience_store","google_primary_type_label":"Convenience Store","google_types":["convenience_store","food_store","food","store","point_of_interest","establishment"],"google_maps_uri":"https://maps.google.com/?cid=16284640756505240301&g_mp=Cilnb29nbGUubWFwcy5wbGFjZXMudjEuUGxhY2VzLlNlYXJjaE5lYXJieRACGAQgAA","google_icon_mask_base_uri":"https://maps.gstatic.com/mapfiles/place_api/icons/v2/convenience_pinlet","google_icon_background_color":"#4B96F3","formatted_address":"Bontoc, 2616 Mountain Province, Philippines","business_status":"OPERATIONAL","rating":null,"user_rating_count":null,"barangay_slug":"bontoc-ili","barangay_name":"Bontoc Ili"},"geometry":{"type":"Point","coordinates":[120.97506030000001,17.0835462]}},{"type":"Feature","properties":{"name":"Amkinnak Café & Restaurant (formerly The Heritage Coffee Shop)","kind":"market","kind_label":"Market","source":"google_places","google_place_id":"ChIJcyUTFDTSjzMRg51i6vbD7G8","google_primary_type":"coffee_shop","google_primary_type_label":"Coffee Shop","google_types":["coffee_shop","cafe","food_store","store","point_of_interest","food","establishment"],"google_maps_uri":"https://maps.google.com/?cid=8065036497975418243&g_mp=Cilnb29nbGUubWFwcy5wbGFjZXMudjEuUGxhY2VzLlNlYXJjaE5lYXJieRACGAQgAA","google_icon_mask_base_uri":"https://maps.gstatic.com/mapfiles/place_api/icons/v2/cafe_pinlet","google_icon_background_color":"#FF9E67","formatted_address":"3XJ9+99F, Halsema Highway, Bontoc, Mountain Province, Philippines","business_status":"OPERATIONAL","rating":3.8,"user_rating_count":28,"barangay_slug":"bontoc-ili","barangay_name":"Bontoc Ili"},"geometry":{"type":"Point","coordinates":[120.96842579999999,17.0809392]}},{"type":"Feature","properties":{"name":"Arnold´s Store","kind":"market","kind_label":"Market","source":"google_places","google_place_id":"ChIJ65G6uDHSjzMRn5y0CDbBgOY","google_primary_type":"grocery_store","google_primary_type_label":"Grocery Store","google_types":["grocery_store","food_store","food","point_of_interest","store","establishment"],"google_maps_uri":"https://maps.google.com/?cid=16609487863560838303&g_mp=Cilnb29nbGUubWFwcy5wbGFjZXMudjEuUGxhY2VzLlNlYXJjaE5lYXJieRACGAQgAA","google_icon_mask_base_uri":"https://maps.gstatic.com/mapfiles/place_api/icons/v2/shoppingcart_pinlet","google_icon_background_color":"#4B96F3","formatted_address":"Bontoc, Mountain Province, Philippines","business_status":"OPERATIONAL","rating":null,"user_rating_count":null,"barangay_slug":"bontoc-ili","barangay_name":"Bontoc Ili"},"geometry":{"type":"Point","coordinates":[120.9746478,17.083185399999998]}},{"type":"Feature","properties":{"name":"Chutiyan's Store","kind":"market","kind_label":"Market","source":"google_places","google_place_id":"ChIJk9O2mTHSjzMR4OTWcIQp450","google_primary_type":"grocery_store","google_primary_type_label":"Grocery Store","google_types":["grocery_store","food_store","food","point_of_interest","store","establishment"],"google_maps_uri":"https://maps.google.com/?cid=11376982732473558240&g_mp=Cilnb29nbGUubWFwcy5wbGFjZXMudjEuUGxhY2VzLlNlYXJjaE5lYXJieRACGAQgAA","google_icon_mask_base_uri":"https://maps.gstatic.com/mapfiles/place_api/icons/v2/shoppingcart_pinlet","google_icon_background_color":"#4B96F3","formatted_address":"Bontoc, Mountain Province, Philippines","business_status":"OPERATIONAL","rating":null,"user_rating_count":null,"barangay_slug":"bontoc-ili","barangay_name":"Bontoc Ili"},"geometry":{"type":"Point","coordinates":[120.97389779999997,17.0827801]}},{"type":"Feature","properties":{"name":"Dom's Kapetearya","kind":"market","kind_label":"Market","source":"google_places","google_place_id":"ChIJXawpPwDTjzMRdNohGTp7zmw","google_primary_type":"coffee_shop","google_primary_type_label":"Coffee Shop","google_types":["coffee_shop","cafe","food_store","food","point_of_interest","store","establishment"],"google_maps_uri":"https://maps.google.com/?cid=7840339490758580852&g_mp=Cilnb29nbGUubWFwcy5wbGFjZXMudjEuUGxhY2VzLlNlYXJjaE5lYXJieRACGAQgAA","google_icon_mask_base_uri":"https://maps.gstatic.com/mapfiles/place_api/icons/v2/cafe_pinlet","google_icon_background_color":"#FF9E67","formatted_address":"3XJF+X8V, Bontoc, Mountain Province, Philippines","business_status":"OPERATIONAL","rating":null,"user_rating_count":null,"barangay_slug":"bontoc-ili","barangay_name":"Bontoc Ili"},"geometry":{"type":"Point","coordinates":[120.97329479999999,17.0824894]}},{"type":"Feature","properties":{"name":"Eataku","kind":"market","kind_label":"Market","source":"google_places","google_place_id":"ChIJddD_ISHTjzMReZo7R4cVC9Y","google_primary_type":"bakery","google_primary_type_label":"Bakery","google_types":["bakery","food_store","food","point_of_interest","store","establishment"],"google_maps_uri":"https://maps.google.com/?cid=15423445019620252281&g_mp=Cilnb29nbGUubWFwcy5wbGFjZXMudjEuUGxhY2VzLlNlYXJjaE5lYXJieRACGAQgAA","google_icon_mask_base_uri":"https://maps.gstatic.com/mapfiles/place_api/icons/v2/restaurant_pinlet","google_icon_background_color":"#FF9E67","formatted_address":"3XMF+25F, Baguio - La Trinidad - Bontoc Rd, Bontoc, Mountain Province, Philippines","business_status":"OPERATIONAL","rating":null,"user_rating_count":null,"barangay_slug":"bontoc-ili","barangay_name":"Bontoc Ili"},"geometry":{"type":"Point","coordinates":[120.9729129,17.082558799999997]}},{"type":"Feature","properties":{"name":"Makhuway's Peanut Butter","kind":"market","kind_label":"Market","source":"google_places","google_place_id":"ChIJf1fcLQDTjzMRTIi6-fpjmBs","google_primary_type":"bakery","google_primary_type_label":"Bakery","google_types":["bakery","food_store","food","point_of_interest","store","establishment"],"google_maps_uri":"https://maps.google.com/?cid=1988449165066799180&g_mp=Cilnb29nbGUubWFwcy5wbGFjZXMudjEuUGxhY2VzLlNlYXJjaE5lYXJieRACGAQgAA","google_icon_mask_base_uri":"https://maps.gstatic.com/mapfiles/place_api/icons/v2/restaurant_pinlet","google_icon_background_color":"#FF9E67","formatted_address":"3XM9+965, Baguio - La Trinidad - Bontoc Rd, Bontoc, Mountain Province, Philippines","business_status":"OPERATIONAL","rating":5,"user_rating_count":1,"barangay_slug":"bontoc-ili","barangay_name":"Bontoc Ili"},"geometry":{"type":"Point","coordinates":[120.9681249,17.0833843]}},{"type":"Feature","properties":{"name":"MYLLES STORE","kind":"market","kind_label":"Market","source":"google_places","google_place_id":"ChIJweOozjHSjzMR3iurYL0dVYc","google_primary_type":"grocery_store","google_primary_type_label":"Grocery Store","google_types":["grocery_store","food_store","food","point_of_interest","store","establishment"],"google_maps_uri":"https://maps.google.com/?cid=9751733267348532190&g_mp=Cilnb29nbGUubWFwcy5wbGFjZXMudjEuUGxhY2VzLlNlYXJjaE5lYXJieRACGAQgAA","google_icon_mask_base_uri":"https://maps.gstatic.com/mapfiles/place_api/icons/v2/shoppingcart_pinlet","google_icon_background_color":"#4B96F3","formatted_address":"Bontoc, Mountain Province, Philippines","business_status":"OPERATIONAL","rating":null,"user_rating_count":null,"barangay_slug":"bontoc-ili","barangay_name":"Bontoc Ili"},"geometry":{"type":"Point","coordinates":[120.9747874,17.0836927]}},{"type":"Feature","properties":{"name":"SAGER'S STORE","kind":"market","kind_label":"Market","source":"google_places","google_place_id":"ChIJsbWEyDHSjzMRZ6wz-70Z2yk","google_primary_type":"grocery_store","google_primary_type_label":"Grocery Store","google_types":["grocery_store","food_store","food","point_of_interest","store","establishment"],"google_maps_uri":"https://maps.google.com/?cid=3016032679208660071&g_mp=Cilnb29nbGUubWFwcy5wbGFjZXMudjEuUGxhY2VzLlNlYXJjaE5lYXJieRACGAQgAA","google_icon_mask_base_uri":"https://maps.gstatic.com/mapfiles/place_api/icons/v2/shoppingcart_pinlet","google_icon_background_color":"#4B96F3","formatted_address":"Bontoc, Mountain Province, Philippines","business_status":"OPERATIONAL","rating":null,"user_rating_count":null,"barangay_slug":"bontoc-ili","barangay_name":"Bontoc Ili"},"geometry":{"type":"Point","coordinates":[120.97494900000001,17.0834796]}},{"type":"Feature","properties":{"name":"Bontoc Ili Primary School (Foyayeng Primary School)","kind":"school","kind_label":"School","source":"google_places","google_place_id":"ChIJYzPHrzrSjzMR6Z66VaGT4A8","google_primary_type":"school","google_primary_type_label":"School","google_types":["school","educational_institution","point_of_interest","establishment"],"google_maps_uri":"https://maps.google.com/?cid=1144076626489417449&g_mp=Cilnb29nbGUubWFwcy5wbGFjZXMudjEuUGxhY2VzLlNlYXJjaE5lYXJieRACGAQgAA","google_icon_mask_base_uri":"https://maps.gstatic.com/mapfiles/place_api/icons/v2/school_pinlet","google_icon_background_color":"#7B9EB0","formatted_address":"3XPG+V6X, Bontoc, Mountain Province, Philippines","business_status":"OPERATIONAL","rating":null,"user_rating_count":null,"barangay_slug":"bontoc-ili","barangay_name":"Bontoc Ili"},"geometry":{"type":"Point","coordinates":[120.9756028,17.0872441]}},{"type":"Feature","properties":{"name":"Adlem","kind":"tourism","kind_label":"Tourism","source":"google_places","google_place_id":"ChIJH-qIEybTjzMRo86YokricT0","google_primary_type":"tourist_attraction","google_primary_type_label":"Tourist Attraction","google_types":["tourist_attraction","point_of_interest","establishment"],"google_maps_uri":"https://maps.google.com/?cid=4427568718865288867&g_mp=Cilnb29nbGUubWFwcy5wbGFjZXMudjEuUGxhY2VzLlNlYXJjaE5lYXJieRACGAQgAA","google_icon_mask_base_uri":"https://maps.gstatic.com/mapfiles/place_api/icons/v2/generic_pinlet","google_icon_background_color":"#13B5C7","formatted_address":"3XR8+W6, Bontoc, Mountain Province, Philippines","business_status":"OPERATIONAL","rating":null,"user_rating_count":null,"barangay_slug":"bontoc-ili","barangay_name":"Bontoc Ili"},"geometry":{"type":"Point","coordinates":[120.96556249999998,17.0923125]}},{"type":"Feature","properties":{"name":"Bontoc Ili","kind":"tourism","kind_label":"Tourism","source":"google_places","google_place_id":"ChIJ7XtDg7nTjzMRsJoHe4118r4","google_primary_type":"lodging","google_primary_type_label":"Lodging","google_types":["lodging","point_of_interest","establishment"],"google_maps_uri":"https://maps.google.com/?cid=13759189062085221040&g_mp=Cilnb29nbGUubWFwcy5wbGFjZXMudjEuUGxhY2VzLlNlYXJjaE5lYXJieRACGAQgAA","google_icon_mask_base_uri":"https://maps.gstatic.com/mapfiles/place_api/icons/v2/hotel_pinlet","google_icon_background_color":"#909CE1","formatted_address":"3XPG+Q2M, Omfeg, 3XQG+CJX, Omfeg, Bontoc Ili, Bontoc, Mountain Province, Philippines","business_status":"OPERATIONAL","rating":4.8,"user_rating_count":5,"barangay_slug":"bontoc-ili","barangay_name":"Bontoc Ili"},"geometry":{"type":"Point","coordinates":[120.9750469,17.0869625]}},{"type":"Feature","properties":{"name":"Bontoc View Deck","kind":"tourism","kind_label":"Tourism","source":"google_places","google_place_id":"ChIJiafvIDzSjzMRzOoTrXNt4i4","google_primary_type":"tourist_attraction","google_primary_type_label":"Tourist Attraction","google_types":["tourist_attraction","point_of_interest","establishment"],"google_maps_uri":"https://maps.google.com/?cid=3378383014073723596&g_mp=Cilnb29nbGUubWFwcy5wbGFjZXMudjEuUGxhY2VzLlNlYXJjaE5lYXJieRACGAQgAA","google_icon_mask_base_uri":"https://maps.gstatic.com/mapfiles/place_api/icons/v2/generic_pinlet","google_icon_background_color":"#13B5C7","formatted_address":"3XVC+P67, Guinaang Rd, Bontoc, 2616 Mountain Province, Philippines","business_status":"OPERATIONAL","rating":4.4,"user_rating_count":14,"barangay_slug":"bontoc-ili","barangay_name":"Bontoc Ili"},"geometry":{"type":"Point","coordinates":[120.9705499,17.094279]}},{"type":"Feature","properties":{"name":"Chata","kind":"tourism","kind_label":"Tourism","source":"google_places","google_place_id":"ChIJa6Blfy3TjzMRbIseJ9fLXIc","google_primary_type":"hiking_area","google_primary_type_label":"Hiking Area","google_types":["hiking_area","sports_activity_location","point_of_interest","establishment"],"google_maps_uri":"https://maps.google.com/?cid=9753895017912372076&g_mp=Cilnb29nbGUubWFwcy5wbGFjZXMudjEuUGxhY2VzLlNlYXJjaE5lYXJieRACGAQgAA","google_icon_mask_base_uri":"https://maps.gstatic.com/mapfiles/place_api/icons/v2/hiking_pinlet","google_icon_background_color":"#4DB546","formatted_address":"3XR9+C9Q, Bontoc, Mountain Province, Philippines","business_status":"OPERATIONAL","rating":5,"user_rating_count":2,"barangay_slug":"bontoc-ili","barangay_name":"Bontoc Ili"},"geometry":{"type":"Point","coordinates":[120.96849929999999,17.0910758]}},{"type":"Feature","properties":{"name":"J's Cozy Corner","kind":"tourism","kind_label":"Tourism","source":"google_places","google_place_id":"ChIJDcbrKgDRjzMReNUEakLS4-U","google_primary_type":"bed_and_breakfast","google_primary_type_label":"Bed & Breakfast","google_types":["bed_and_breakfast","lodging","point_of_interest","establishment"],"google_maps_uri":"https://maps.google.com/?cid=16565315037087192440&g_mp=Cilnb29nbGUubWFwcy5wbGFjZXMudjEuUGxhY2VzLlNlYXJjaE5lYXJieRACGAQgAA","google_icon_mask_base_uri":"https://maps.gstatic.com/mapfiles/place_api/icons/v2/hotel_pinlet","google_icon_background_color":"#909CE1","formatted_address":"3XM6+76P, Bontoc, Mountain Province, Philippines","business_status":"OPERATIONAL","rating":4.8,"user_rating_count":5,"barangay_slug":"bontoc-ili","barangay_name":"Bontoc Ili"},"geometry":{"type":"Point","coordinates":[120.9606263,17.08307]}},{"type":"Feature","properties":{"name":"Kadchog","kind":"tourism","kind_label":"Tourism","source":"google_places","google_place_id":"ChIJeXILRADTjzMR10Fyn7u2vl4","google_primary_type":"hiking_area","google_primary_type_label":"Hiking Area","google_types":["hiking_area","sports_activity_location","point_of_interest","establishment"],"google_maps_uri":"https://maps.google.com/?cid=6827095002090455511&g_mp=Cilnb29nbGUubWFwcy5wbGFjZXMudjEuUGxhY2VzLlNlYXJjaE5lYXJieRACGAQgAA","google_icon_mask_base_uri":"https://maps.gstatic.com/mapfiles/place_api/icons/v2/hiking_pinlet","google_icon_background_color":"#4DB546","formatted_address":"3XG9+C9X, Bontoc Ili, Bontoc, Mountain Province, Philippines","business_status":"OPERATIONAL","rating":5,"user_rating_count":2,"barangay_slug":"bontoc-ili","barangay_name":"Bontoc Ili"},"geometry":{"type":"Point","coordinates":[120.96846879999998,17.0761128]}},{"type":"Feature","properties":{"name":"Mount Pokis","kind":"tourism","kind_label":"Tourism","source":"google_places","google_place_id":"ChIJ1RRXHWnTjzMR8alL-hMT7Xg","google_primary_type":"hiking_area","google_primary_type_label":"Hiking Area","google_types":["hiking_area","sports_activity_location","point_of_interest","establishment"],"google_maps_uri":"https://maps.google.com/?cid=8713641830556346865&g_mp=Cilnb29nbGUubWFwcy5wbGFjZXMudjEuUGxhY2VzLlNlYXJjaE5lYXJieRACGAQgAA","google_icon_mask_base_uri":"https://maps.gstatic.com/mapfiles/place_api/icons/v2/hiking_pinlet","google_icon_background_color":"#4DB546","formatted_address":"4X48+5F4, Bontoc, Mountain Province, Philippines","business_status":"OPERATIONAL","rating":4.8,"user_rating_count":13,"barangay_slug":"bontoc-ili","barangay_name":"Bontoc Ili"},"geometry":{"type":"Point","coordinates":[120.96619700000001,17.1053999]}},{"type":"Feature","properties":{"name":"Mountain hotel & Restaurant","kind":"tourism","kind_label":"Tourism","source":"google_places","google_place_id":"ChIJR59U_C_SjzMRQivZERi_X-k","google_primary_type":"lodging","google_primary_type_label":"Lodging","google_types":["lodging","point_of_interest","establishment"],"google_maps_uri":"https://maps.google.com/?cid=16816369643724286786&g_mp=Cilnb29nbGUubWFwcy5wbGFjZXMudjEuUGxhY2VzLlNlYXJjaE5lYXJieRACGAQgAA","google_icon_mask_base_uri":"https://maps.gstatic.com/mapfiles/place_api/icons/v2/hotel_pinlet","google_icon_background_color":"#909CE1","formatted_address":"3XPG+CH2, Bontoc, Mountain Province, Philippines","business_status":"OPERATIONAL","rating":4,"user_rating_count":8,"barangay_slug":"bontoc-ili","barangay_name":"Bontoc Ili"},"geometry":{"type":"Point","coordinates":[120.97639319999999,17.0860231]}},{"type":"Feature","properties":{"name":"New Bontoc Hotel and Restaurant","kind":"tourism","kind_label":"Tourism","source":"google_places","google_place_id":"ChIJI1x6MnfTjzMRdjRJwBMNyEo","google_primary_type":"lodging","google_primary_type_label":"Lodging","google_types":["lodging","point_of_interest","establishment"],"google_maps_uri":"https://maps.google.com/?cid=5388571332630361206&g_mp=Cilnb29nbGUubWFwcy5wbGFjZXMudjEuUGxhY2VzLlNlYXJjaE5lYXJieRACGAQgAA","google_icon_mask_base_uri":"https://maps.gstatic.com/mapfiles/place_api/icons/v2/hotel_pinlet","google_icon_background_color":"#909CE1","formatted_address":"Upper Loc-ong Rd, Bontoc, Mountain Province, Philippines","business_status":"OPERATIONAL","rating":4,"user_rating_count":2,"barangay_slug":"bontoc-ili","barangay_name":"Bontoc Ili"},"geometry":{"type":"Point","coordinates":[120.97622729999999,17.0857192]}},{"type":"Feature","properties":{"name":"Palikot Aso","kind":"tourism","kind_label":"Tourism","source":"google_places","google_place_id":"ChIJUYkxZgDTjzMRYiVzI46rP6k","google_primary_type":"tourist_attraction","google_primary_type_label":"Tourist Attraction","google_types":["tourist_attraction","point_of_interest","establishment"],"google_maps_uri":"https://maps.google.com/?cid=12195654942911047010&g_mp=Cilnb29nbGUubWFwcy5wbGFjZXMudjEuUGxhY2VzLlNlYXJjaE5lYXJieRACGAQgAA","google_icon_mask_base_uri":"https://maps.gstatic.com/mapfiles/place_api/icons/v2/generic_pinlet","google_icon_background_color":"#13B5C7","formatted_address":"Bontoc Ili, 3XHF+M8W, Bontoc, Mountain Province, Philippines","business_status":"OPERATIONAL","rating":null,"user_rating_count":null,"barangay_slug":"bontoc-ili","barangay_name":"Bontoc Ili"},"geometry":{"type":"Point","coordinates":[120.9733169,17.0792321]}},{"type":"Feature","properties":{"name":"Papattay(Sacred Place) Bontoc","kind":"tourism","kind_label":"Tourism","source":"google_places","google_place_id":"ChIJl8yb3_TTjzMRSEeXBSrlGng","google_primary_type":"tourist_attraction","google_primary_type_label":"Tourist Attraction","google_types":["tourist_attraction","point_of_interest","establishment"],"google_maps_uri":"https://maps.google.com/?cid=8654481602591016776&g_mp=Cilnb29nbGUubWFwcy5wbGFjZXMudjEuUGxhY2VzLlNlYXJjaE5lYXJieRACGAQgAA","google_icon_mask_base_uri":"https://maps.gstatic.com/mapfiles/place_api/icons/v2/generic_pinlet","google_icon_background_color":"#13B5C7","formatted_address":"3XPF+R8, Bontoc, Mountain Province, Philippines","business_status":"OPERATIONAL","rating":null,"user_rating_count":null,"barangay_slug":"bontoc-ili","barangay_name":"Bontoc Ili"},"geometry":{"type":"Point","coordinates":[120.9732549,17.087049699999998]}},{"type":"Feature","properties":{"name":"Payanga, Bontoc","kind":"tourism","kind_label":"Tourism","source":"google_places","google_place_id":"ChIJGfYEQkrTjzMR8nGoh1pNmXE","google_primary_type":"tourist_attraction","google_primary_type_label":"Tourist Attraction","google_types":["tourist_attraction","point_of_interest","establishment"],"google_maps_uri":"https://maps.google.com/?cid=8185658848940945906&g_mp=Cilnb29nbGUubWFwcy5wbGFjZXMudjEuUGxhY2VzLlNlYXJjaE5lYXJieRACGAQgAA","google_icon_mask_base_uri":"https://maps.gstatic.com/mapfiles/place_api/icons/v2/generic_pinlet","google_icon_background_color":"#13B5C7","formatted_address":"3XPF+G7J, Bontoc, Mountain Province, Philippines","business_status":"OPERATIONAL","rating":null,"user_rating_count":null,"barangay_slug":"bontoc-ili","barangay_name":"Bontoc Ili"},"geometry":{"type":"Point","coordinates":[120.97313009999999,17.0863299]}},{"type":"Feature","properties":{"name":"Salod, Bontoc","kind":"tourism","kind_label":"Tourism","source":"google_places","google_place_id":"ChIJE_CFPhbTjzMRHGukmr0GbnQ","google_primary_type":"tourist_attraction","google_primary_type_label":"Tourist Attraction","google_types":["tourist_attraction","point_of_interest","establishment"],"google_maps_uri":"https://maps.google.com/?cid=8389650567250864924&g_mp=Cilnb29nbGUubWFwcy5wbGFjZXMudjEuUGxhY2VzLlNlYXJjaE5lYXJieRACGAQgAA","google_icon_mask_base_uri":"https://maps.gstatic.com/mapfiles/place_api/icons/v2/generic_pinlet","google_icon_background_color":"#13B5C7","formatted_address":"3XQF+C33, Filas, Bontoc, 2616 Mountain Province, Philippines","business_status":"OPERATIONAL","rating":5,"user_rating_count":1,"barangay_slug":"bontoc-ili","barangay_name":"Bontoc Ili"},"geometry":{"type":"Point","coordinates":[120.97267049999999,17.088510100000004]}},{"type":"Feature","properties":{"name":"Manay Gas Refilling Station","kind":"transport","kind_label":"Transport","source":"google_places","google_place_id":"ChIJ4S6LnTHSjzMRA27N-SMH-Do","google_primary_type":"gas_station","google_primary_type_label":"Gas Station","google_types":["gas_station","service","point_of_interest","establishment"],"google_maps_uri":"https://maps.google.com/?cid=4249154099520302595&g_mp=Cilnb29nbGUubWFwcy5wbGFjZXMudjEuUGxhY2VzLlNlYXJjaE5lYXJieRACGAQgAA","google_icon_mask_base_uri":"https://maps.gstatic.com/mapfiles/place_api/icons/v2/gas_pinlet","google_icon_background_color":"#909CE1","formatted_address":"Bontoc, Mountain Province, Philippines","business_status":"OPERATIONAL","rating":3.7,"user_rating_count":3,"barangay_slug":"bontoc-ili","barangay_name":"Bontoc Ili"},"geometry":{"type":"Point","coordinates":[120.9733047,17.0826608]}},{"type":"Feature","properties":{"name":"Petron","kind":"transport","kind_label":"Transport","source":"google_places","google_place_id":"ChIJ027X_C_SjzMRm7u_ZHdfPns","google_primary_type":"gas_station","google_primary_type_label":"Gas Station","google_types":["gas_station","service","point_of_interest","establishment"],"google_maps_uri":"https://maps.google.com/?cid=8880640481617230747&g_mp=Cilnb29nbGUubWFwcy5wbGFjZXMudjEuUGxhY2VzLlNlYXJjaE5lYXJieRACGAQgAA","google_icon_mask_base_uri":"https://maps.gstatic.com/mapfiles/place_api/icons/v2/gas_pinlet","google_icon_background_color":"#909CE1","formatted_address":"3XPG+6CX, Halsema Highway, Bontoc, Mountain Province, Philippines","business_status":"OPERATIONAL","rating":4.3,"user_rating_count":23,"barangay_slug":"bontoc-ili","barangay_name":"Bontoc Ili"},"geometry":{"type":"Point","coordinates":[120.97612350000001,17.0856186]}},{"type":"Feature","properties":{"name":"Ang Dating Daan Coordinating Center","kind":"worship","kind_label":"Worship","source":"google_places","google_place_id":"ChIJXaexyDHSjzMRsGxIsE4Kiqc","google_primary_type":"church","google_primary_type_label":"Church","google_types":["church","place_of_worship","association_or_organization","point_of_interest","establishment"],"google_maps_uri":"https://maps.google.com/?cid=12072473084201299120&g_mp=Cilnb29nbGUubWFwcy5wbGFjZXMudjEuUGxhY2VzLlNlYXJjaE5lYXJieRACGAQgAA","google_icon_mask_base_uri":"https://maps.gstatic.com/mapfiles/place_api/icons/v2/worship_christian_pinlet","google_icon_background_color":"#7B9EB0","formatted_address":"3XMG+92V, Bontoc, Mountain Province, Philippines","business_status":"OPERATIONAL","rating":5,"user_rating_count":2,"barangay_slug":"bontoc-ili","barangay_name":"Bontoc Ili"},"geometry":{"type":"Point","coordinates":[120.9750546,17.083487899999998]}},{"type":"Feature","properties":{"name":"Fundamental Baptist Church","kind":"worship","kind_label":"Worship","source":"google_places","google_place_id":"ChIJdTfamDHSjzMRCk252AoZFeU","google_primary_type":"church","google_primary_type_label":"Church","google_types":["church","place_of_worship","association_or_organization","point_of_interest","establishment"],"google_maps_uri":"https://maps.google.com/?cid=16507127543572811018&g_mp=Cilnb29nbGUubWFwcy5wbGFjZXMudjEuUGxhY2VzLlNlYXJjaE5lYXJieRACGAQgAA","google_icon_mask_base_uri":"https://maps.gstatic.com/mapfiles/place_api/icons/v2/worship_christian_pinlet","google_icon_background_color":"#7B9EB0","formatted_address":"Chakchakan, Bontoc Ili, Bontoc, 3XMF+4FW, Bontoc, Mountain Province, Philippines","business_status":"OPERATIONAL","rating":5,"user_rating_count":1,"barangay_slug":"bontoc-ili","barangay_name":"Bontoc Ili"},"geometry":{"type":"Point","coordinates":[120.9737038,17.082867099999998]}},{"type":"Feature","properties":{"name":"Youth With A Mission Bontoc - YWAM Mountain Province","kind":"worship","kind_label":"Worship","source":"google_places","google_place_id":"ChIJU1GgxDrSjzMRXE94AxCVq88","google_primary_type":"church","google_primary_type_label":"Church","google_types":["church","place_of_worship","association_or_organization","point_of_interest","establishment"],"google_maps_uri":"https://maps.google.com/?cid=14964218082878836572&g_mp=Cilnb29nbGUubWFwcy5wbGFjZXMudjEuUGxhY2VzLlNlYXJjaE5lYXJieRACGAQgAA","google_icon_mask_base_uri":"https://maps.gstatic.com/mapfiles/place_api/icons/v2/worship_christian_pinlet","google_icon_background_color":"#7B9EB0","formatted_address":"Bontoc, P.O. Box 11764, 2616, Mountain Province, Bontoc, Mountain Province, Philippines","business_status":"OPERATIONAL","rating":null,"user_rating_count":null,"barangay_slug":"bontoc-ili","barangay_name":"Bontoc Ili"},"geometry":{"type":"Point","coordinates":[120.975094,17.088618999999998]}},{"type":"Feature","properties":{"name":"100.9 Radyo Natin Bontoc","kind":"business","kind_label":"Business","source":"google_places","google_place_id":"ChIJv_n-qCTSjzMRv5XdLsfV8c8","google_primary_type":"television_studio","google_primary_type_label":"Television studio","google_types":["television_studio","point_of_interest","establishment"],"google_maps_uri":"https://maps.google.com/?cid=14983992486699832767&g_mp=Cidnb29nbGUubWFwcy5wbGFjZXMudjEuUGxhY2VzLlNlYXJjaFRleHQQAhgEIAA","google_icon_mask_base_uri":"https://maps.gstatic.com/mapfiles/place_api/icons/v2/generic_pinlet","google_icon_background_color":"#7B9EB0","formatted_address":"3XWH+MR4, Maligcong Rd, Bontoc, Mountain Province, Philippines","business_status":"OPERATIONAL","rating":4,"user_rating_count":4,"barangay_slug":"calutit","barangay_name":"Calutit"},"geometry":{"type":"Point","coordinates":[120.9795848,17.0966387]}},{"type":"Feature","properties":{"name":"Bontoc Cemetery","kind":"business","kind_label":"Business","source":"google_places","google_place_id":"ChIJnYdByCLSjzMRaD0C2MQ5Vak","google_primary_type":"cemetery","google_primary_type_label":"Cemetery","google_types":["cemetery","point_of_interest","service","establishment"],"google_maps_uri":"https://maps.google.com/?cid=12201722283030625640&g_mp=Cilnb29nbGUubWFwcy5wbGFjZXMudjEuUGxhY2VzLlNlYXJjaE5lYXJieRACGAQgAA","google_icon_mask_base_uri":"https://maps.gstatic.com/mapfiles/place_api/icons/v2/cemetery_pinlet","google_icon_background_color":"#7B9EB0","formatted_address":"3XWG+2Q7, Maligcong Rd, Bontoc, Mountain Province, Philippines","business_status":"OPERATIONAL","rating":null,"user_rating_count":null,"barangay_slug":"calutit","barangay_name":"Calutit"},"geometry":{"type":"Point","coordinates":[120.976928,17.095038]}},{"type":"Feature","properties":{"name":"Bontoc General Hospital Multipurpose Cooperative","kind":"business","kind_label":"Business","source":"google_places","google_place_id":"ChIJyVREqhjSjzMRS9buEtTDpAo","google_primary_type":"bank","google_primary_type_label":"Bank","google_types":["bank","finance","point_of_interest","establishment"],"google_maps_uri":"https://maps.google.com/?cid=766953152177952331&g_mp=Cilnb29nbGUubWFwcy5wbGFjZXMudjEuUGxhY2VzLlNlYXJjaE5lYXJieRACGAQgAA","google_icon_mask_base_uri":"https://maps.gstatic.com/mapfiles/place_api/icons/v2/bank-intl_pinlet","google_icon_background_color":"#909CE1","formatted_address":"3XVG+FJC, Halsema Highway, Bontoc, 2616 Mountain Province, Philippines","business_status":"OPERATIONAL","rating":null,"user_rating_count":null,"barangay_slug":"calutit","barangay_name":"Calutit"},"geometry":{"type":"Point","coordinates":[120.97652380000001,17.093693599999998]}},{"type":"Feature","properties":{"name":"Caluttit Basketball Court","kind":"business","kind_label":"Business","source":"google_places","google_place_id":"ChIJGxrMYwDTjzMRThPZUGDcjM4","google_primary_type":"playground","google_primary_type_label":"Playground","google_types":["playground","point_of_interest","establishment"],"google_maps_uri":"https://maps.google.com/?cid=14883513174784021326&g_mp=Cidnb29nbGUubWFwcy5wbGFjZXMudjEuUGxhY2VzLlNlYXJjaFRleHQQAhgEIAA","google_icon_mask_base_uri":"https://maps.gstatic.com/mapfiles/place_api/icons/v2/generic_pinlet","google_icon_background_color":"#7B9EB0","formatted_address":"3XVG+6M8, Caluttit, Bontoc, Mountain Province, Philippines","business_status":"OPERATIONAL","rating":null,"user_rating_count":null,"barangay_slug":"calutit","barangay_name":"Calutit"},"geometry":{"type":"Point","coordinates":[120.97670119999998,17.0930252]}},{"type":"Feature","properties":{"name":"Caranto hardware","kind":"business","kind_label":"Business","source":"google_places","google_place_id":"ChIJQSnwbwDTjzMRxlJABCatBU4","google_primary_type":"hardware_store","google_primary_type_label":"Hardware Store","google_types":["hardware_store","building_materials_store","store","point_of_interest","establishment"],"google_maps_uri":"https://maps.google.com/?cid=5622090088633619142&g_mp=Cilnb29nbGUubWFwcy5wbGFjZXMudjEuUGxhY2VzLlNlYXJjaE5lYXJieRACGAQgAA","google_icon_mask_base_uri":"https://maps.gstatic.com/mapfiles/place_api/icons/v2/shopping_pinlet","google_icon_background_color":"#4B96F3","formatted_address":"4X3M+CW2, Bontoc, Mountain Province, Philippines","business_status":"OPERATIONAL","rating":null,"user_rating_count":null,"barangay_slug":"calutit","barangay_name":"Calutit"},"geometry":{"type":"Point","coordinates":[120.98476420000001,17.1035058]}},{"type":"Feature","properties":{"name":"Challeya Centrum","kind":"business","kind_label":"Business","source":"google_places","google_place_id":"ChIJBbUP6NfTjzMR46eP5KeVMFQ","google_primary_type":"store","google_primary_type_label":"Store","google_types":["store","point_of_interest","establishment"],"google_maps_uri":"https://maps.google.com/?cid=6066513246394755043&g_mp=Cilnb29nbGUubWFwcy5wbGFjZXMudjEuUGxhY2VzLlNlYXJjaE5lYXJieRACGAQgAA","google_icon_mask_base_uri":"https://maps.gstatic.com/mapfiles/place_api/icons/v2/shopping_pinlet","google_icon_background_color":"#4B96F3","formatted_address":"Lower, Bontoc, 2616 Mountain Province, Philippines","business_status":"OPERATIONAL","rating":4.7,"user_rating_count":3,"barangay_slug":"calutit","barangay_name":"Calutit"},"geometry":{"type":"Point","coordinates":[120.97842599999998,17.0922111]}},{"type":"Feature","properties":{"name":"CURAMED Pharmacy","kind":"business","kind_label":"Business","source":"google_places","google_place_id":"ChIJ35GHIyPSjzMReciQB9w2W14","google_primary_type":"store","google_primary_type_label":"Store","google_types":["store","health","point_of_interest","establishment"],"google_maps_uri":"https://maps.google.com/?cid=6799088381093529721&g_mp=Cilnb29nbGUubWFwcy5wbGFjZXMudjEuUGxhY2VzLlNlYXJjaE5lYXJieRACGAQgAA","google_icon_mask_base_uri":"https://maps.gstatic.com/mapfiles/place_api/icons/v2/shopping_pinlet","google_icon_background_color":"#4B96F3","formatted_address":"3XVG+GWR, Maligcong Rd, Bontoc, Mountain Province, Philippines","business_status":"OPERATIONAL","rating":1,"user_rating_count":1,"barangay_slug":"calutit","barangay_name":"Calutit"},"geometry":{"type":"Point","coordinates":[120.97727869999999,17.0938682]}},{"type":"Feature","properties":{"name":"GLAMORE BEAUTY LOUNGE AND SPA (MP GLAM AESTHETIC CENTER)","kind":"business","kind_label":"Business","source":"google_places","google_place_id":"ChIJ2YjSKKPTjzMR33kgIprM9Lc","google_primary_type":"store","google_primary_type_label":"Store","google_types":["point_of_interest","store","establishment"],"google_maps_uri":"https://maps.google.com/?cid=13255444565627795935&g_mp=Cilnb29nbGUubWFwcy5wbGFjZXMudjEuUGxhY2VzLlNlYXJjaE5lYXJieRACGAQgAA","google_icon_mask_base_uri":"https://maps.gstatic.com/mapfiles/place_api/icons/v2/shopping_pinlet","google_icon_background_color":"#4B96F3","formatted_address":"RM 303, 3RD FLR, LOWER, CHALLEYA CENTRUM, Caluttit, Bontoc, 2616 Mountain Province, Philippines","business_status":"OPERATIONAL","rating":4.5,"user_rating_count":2,"barangay_slug":"calutit","barangay_name":"Calutit"},"geometry":{"type":"Point","coordinates":[120.97840219999999,17.0921819]}},{"type":"Feature","properties":{"name":"IGLESIA NI CRISTO [Mountain Province District Office] - Bontoc","kind":"business","kind_label":"Business","source":"google_places","google_place_id":"ChIJG5DFaCPSjzMRprELir47J7M","google_primary_type":"place_of_worship","google_primary_type_label":"Place of Worship","google_types":["place_of_worship","association_or_organization","point_of_interest","establishment"],"google_maps_uri":"https://maps.google.com/?cid=12909352546426663334&g_mp=Cidnb29nbGUubWFwcy5wbGFjZXMudjEuUGxhY2VzLlNlYXJjaFRleHQQAhgEIAA","google_icon_mask_base_uri":"https://maps.gstatic.com/mapfiles/place_api/icons/v2/generic_pinlet","google_icon_background_color":"#7B9EB0","formatted_address":"Lower, 3XRH+X63, Bontoc, Mountain Province, Philippines","business_status":"OPERATIONAL","rating":4.8,"user_rating_count":23,"barangay_slug":"calutit","barangay_name":"Calutit"},"geometry":{"type":"Point","coordinates":[120.9780337,17.092377199999998]}},{"type":"Feature","properties":{"name":"Khiyag Food Delivery Office","kind":"business","kind_label":"Business","source":"google_places","google_place_id":"ChIJnw2TV8DTjzMRzqY4qkQVaVs","google_primary_type":"service","google_primary_type_label":"Services","google_types":["shipping_service","service","point_of_interest","establishment"],"google_maps_uri":"https://maps.google.com/?cid=6586819314663859918&g_mp=Cidnb29nbGUubWFwcy5wbGFjZXMudjEuUGxhY2VzLlNlYXJjaFRleHQQAhgEIAA","google_icon_mask_base_uri":"https://maps.gstatic.com/mapfiles/place_api/icons/v2/generic_pinlet","google_icon_background_color":"#7B9EB0","formatted_address":"Upper, Ayyoweng Street, Caluttit, Bontoc, 2616 Mountain Province, Philippines","business_status":"OPERATIONAL","rating":5,"user_rating_count":1,"barangay_slug":"calutit","barangay_name":"Calutit"},"geometry":{"type":"Point","coordinates":[120.97733769999999,17.0935171]}},{"type":"Feature","properties":{"name":"Kitchen wares","kind":"business","kind_label":"Business","source":"google_places","google_place_id":"ChIJdRtV2rTTjzMRx5R0YVLiLKM","google_primary_type":"furniture_store","google_primary_type_label":"Furniture Store","google_types":["furniture_store","home_improvement_store","home_goods_store","store","point_of_interest","establishment"],"google_maps_uri":"https://maps.google.com/?cid=11758021570607748295&g_mp=Cilnb29nbGUubWFwcy5wbGFjZXMudjEuUGxhY2VzLlNlYXJjaE5lYXJieRACGAQgAA","google_icon_mask_base_uri":"https://maps.gstatic.com/mapfiles/place_api/icons/v2/shopping_pinlet","google_icon_background_color":"#4B96F3","formatted_address":"3XVH+V8M Lower, Caluttit, Bontoc, 2616 Mountain Province, Philippines","business_status":"OPERATIONAL","rating":null,"user_rating_count":null,"barangay_slug":"calutit","barangay_name":"Calutit"},"geometry":{"type":"Point","coordinates":[120.9783094,17.094703]}},{"type":"Feature","properties":{"name":"Label It All","kind":"business","kind_label":"Business","source":"google_places","google_place_id":"ChIJq5wMKZbTjzMRgf68QqO5CNI","google_primary_type":"manufacturer","google_primary_type_label":"Manufacturer","google_types":["manufacturer","service","store","point_of_interest","establishment"],"google_maps_uri":"https://maps.google.com/?cid=15134550658629041793&g_mp=Cilnb29nbGUubWFwcy5wbGFjZXMudjEuUGxhY2VzLlNlYXJjaE5lYXJieRACGAQgAA","google_icon_mask_base_uri":"https://maps.gstatic.com/mapfiles/place_api/icons/v2/shopping_pinlet","google_icon_background_color":"#4B96F3","formatted_address":"Caluttit, Bontoc, 2616 Mountain Province, Philippines","business_status":"OPERATIONAL","rating":null,"user_rating_count":null,"barangay_slug":"calutit","barangay_name":"Calutit"},"geometry":{"type":"Point","coordinates":[120.97042339999999,17.1032944]}},{"type":"Feature","properties":{"name":"MOPRECO","kind":"business","kind_label":"Business","source":"google_places","google_place_id":"ChIJ9xOMwSTSjzMRNh1yMog5q_g","google_primary_type":"service","google_primary_type_label":"Services","google_types":["service","point_of_interest","establishment"],"google_maps_uri":"https://maps.google.com/?cid=17918478799548325174&g_mp=Cidnb29nbGUubWFwcy5wbGFjZXMudjEuUGxhY2VzLlNlYXJjaFRleHQQAhgEIAA","google_icon_mask_base_uri":"https://maps.gstatic.com/mapfiles/place_api/icons/v2/generic_pinlet","google_icon_background_color":"#7B9EB0","formatted_address":"3XVJ+W3J, Nueva Vizcaya - Ifugao - Mountain Province Rd, Bontoc, Mountain Province, Philippines","business_status":"OPERATIONAL","rating":2.7,"user_rating_count":7,"barangay_slug":"calutit","barangay_name":"Calutit"},"geometry":{"type":"Point","coordinates":[120.9801476,17.094848199999998]}},{"type":"Feature","properties":{"name":"Mountain Province District Jail","kind":"business","kind_label":"Business","source":"google_places","google_place_id":"ChIJ-T5TSRjSjzMRYpor42E0kvE","google_primary_type":"service","google_primary_type_label":"Services","google_types":["point_of_interest","service","establishment"],"google_maps_uri":"https://maps.google.com/?cid=17407033104768146018&g_mp=Cidnb29nbGUubWFwcy5wbGFjZXMudjEuUGxhY2VzLlNlYXJjaFRleHQQAhgEIAA","google_icon_mask_base_uri":"https://maps.gstatic.com/mapfiles/place_api/icons/v2/civic-bldg_pinlet","google_icon_background_color":"#7B9EB0","formatted_address":"3XWH+7P3, Maligcong Rd, Bontoc, Mountain Province, Philippines","business_status":"OPERATIONAL","rating":null,"user_rating_count":null,"barangay_slug":"calutit","barangay_name":"Calutit"},"geometry":{"type":"Point","coordinates":[120.97928639999999,17.095648699999998]}},{"type":"Feature","properties":{"name":"Pingew Restaurant","kind":"business","kind_label":"Business","source":"google_places","google_place_id":"ChIJOYEk9OLRjzMRTRGLHGM7rAQ","google_primary_type":"restaurant","google_primary_type_label":"Restaurant","google_types":["restaurant","point_of_interest","food","establishment"],"google_maps_uri":"https://maps.google.com/?cid=336709369012621645&g_mp=Cilnb29nbGUubWFwcy5wbGFjZXMudjEuUGxhY2VzLlNlYXJjaE5lYXJieRACGAQgAA","google_icon_mask_base_uri":"https://maps.gstatic.com/mapfiles/place_api/icons/v2/restaurant_pinlet","google_icon_background_color":"#FF9E67","formatted_address":"3XWQ+HC8, Bontoc, Mountain Province, Philippines","business_status":"OPERATIONAL","rating":4.6,"user_rating_count":30,"barangay_slug":"calutit","barangay_name":"Calutit"},"geometry":{"type":"Point","coordinates":[120.98856939999999,17.0964243]}},{"type":"Feature","properties":{"name":"SDL Consumer Goods Trading","kind":"business","kind_label":"Business","source":"google_places","google_place_id":"ChIJX7qEUCHTjzMRmA993pFFdGI","google_primary_type":"store","google_primary_type_label":"Store","google_types":["manufacturer","store","point_of_interest","supplier","establishment"],"google_maps_uri":"https://maps.google.com/?cid=7094371805820686232&g_mp=Cilnb29nbGUubWFwcy5wbGFjZXMudjEuUGxhY2VzLlNlYXJjaE5lYXJieRACGAQgAA","google_icon_mask_base_uri":"https://maps.gstatic.com/mapfiles/place_api/icons/v2/shopping_pinlet","google_icon_background_color":"#4B96F3","formatted_address":"Omfeg, Bishop F, Claver Road, Poblacion, Bontoc, 2616 Mountain Province, Philippines","business_status":"OPERATIONAL","rating":null,"user_rating_count":null,"barangay_slug":"calutit","barangay_name":"Calutit"},"geometry":{"type":"Point","coordinates":[120.9829616,17.098871]}},{"type":"Feature","properties":{"name":"TITA-BAL enterprise corporation","kind":"business","kind_label":"Business","source":"google_places","google_place_id":"ChIJhc-dntnTjzMRqAkNMY6-lMw","google_primary_type":"building_materials_store","google_primary_type_label":"Building Materials Store","google_types":["building_materials_store","home_goods_store","store","point_of_interest","establishment"],"google_maps_uri":"https://maps.google.com/?cid=14741616998208047528&g_mp=Cilnb29nbGUubWFwcy5wbGFjZXMudjEuUGxhY2VzLlNlYXJjaE5lYXJieRACGAQgAA","google_icon_mask_base_uri":"https://maps.gstatic.com/mapfiles/place_api/icons/v2/shopping_pinlet","google_icon_background_color":"#4B96F3","formatted_address":"Pakkilville Lower, 3XWJ+5J9, Bontoc, 2616 Mountain Province, Philippines","business_status":"OPERATIONAL","rating":null,"user_rating_count":null,"barangay_slug":"calutit","barangay_name":"Calutit"},"geometry":{"type":"Point","coordinates":[120.98161949999998,17.0954233]}},{"type":"Feature","properties":{"name":"Ivan's Pharmacy","kind":"clinic","kind_label":"Clinic","source":"google_places","google_place_id":"ChIJHyMpOiPSjzMRPPRujNSA5R4","google_primary_type":"pharmacy","google_primary_type_label":"Pharmacy","google_types":["pharmacy","health","store","point_of_interest","establishment"],"google_maps_uri":"https://maps.google.com/?cid=2226327241182082108&g_mp=Cilnb29nbGUubWFwcy5wbGFjZXMudjEuUGxhY2VzLlNlYXJjaE5lYXJieRACGAQgAA","google_icon_mask_base_uri":"https://maps.gstatic.com/mapfiles/place_api/icons/v2/pharmacy_pinlet","google_icon_background_color":"#F88181","formatted_address":"Maligcong Rd, Bontoc, Mountain Province, Philippines","business_status":"OPERATIONAL","rating":null,"user_rating_count":null,"barangay_slug":"calutit","barangay_name":"Calutit"},"geometry":{"type":"Point","coordinates":[120.9767648,17.0932399]}},{"type":"Feature","properties":{"name":"Barangay Hall","kind":"govt","kind_label":"Government","source":"google_places","google_place_id":"ChIJFfBFOiPSjzMRTa_YO5-pyeE","google_primary_type":"city_hall","google_primary_type_label":"City Hall","google_types":["city_hall","community_center","event_venue","local_government_office","government_office","service","point_of_interest","establishment"],"google_maps_uri":"https://maps.google.com/?cid=16269721630221578061&g_mp=Cidnb29nbGUubWFwcy5wbGFjZXMudjEuUGxhY2VzLlNlYXJjaFRleHQQAhgEIAA","google_icon_mask_base_uri":"https://maps.gstatic.com/mapfiles/place_api/icons/v2/civic-bldg_pinlet","google_icon_background_color":"#7B9EB0","formatted_address":"Sum-at, Caluttit, 3XVG+8RC, Maligcong Rd, Bontoc, Lalawigang Bulubundukin, Philippines","business_status":"OPERATIONAL","rating":null,"user_rating_count":null,"barangay_slug":"calutit","barangay_name":"Calutit"},"geometry":{"type":"Point","coordinates":[120.97700619999999,17.0933188]}},{"type":"Feature","properties":{"name":"BFAR-CAR PFO Mountain Province","kind":"govt","kind_label":"Government","source":"google_places","google_place_id":"ChIJlYuYjiLSjzMRq-x6zHgElM4","google_primary_type":"government_office","google_primary_type_label":"Government Office","google_types":["government_office","point_of_interest","establishment"],"google_maps_uri":"https://maps.google.com/?cid=14885527585239526571&g_mp=Cilnb29nbGUubWFwcy5wbGFjZXMudjEuUGxhY2VzLlNlYXJjaE5lYXJieRACGAQgAA","google_icon_mask_base_uri":"https://maps.gstatic.com/mapfiles/place_api/icons/v2/civic-bldg_pinlet","google_icon_background_color":"#7B9EB0","formatted_address":"3XWH+7CG, Bontoc, Mountain Province, Philippines","business_status":"OPERATIONAL","rating":null,"user_rating_count":null,"barangay_slug":"calutit","barangay_name":"Calutit"},"geometry":{"type":"Point","coordinates":[120.97858370000002,17.0956799]}},{"type":"Feature","properties":{"name":"Bontoc Fire Station (Main)","kind":"govt","kind_label":"Government","source":"google_places","google_place_id":"ChIJd3mUYwDTjzMRP2-CbVLB6vU","google_primary_type":"fire_station","google_primary_type_label":"Fire Station","google_types":["fire_station","government_office","service","point_of_interest","establishment"],"google_maps_uri":"https://maps.google.com/?cid=17720188243611381567&g_mp=Cilnb29nbGUubWFwcy5wbGFjZXMudjEuUGxhY2VzLlNlYXJjaE5lYXJieRACGAQgAA","google_icon_mask_base_uri":"https://maps.gstatic.com/mapfiles/place_api/icons/v2/civic-bldg_pinlet","google_icon_background_color":"#7B9EB0","formatted_address":"3XVH+XJ9, Bontoc, Mountain Province, Philippines","business_status":"OPERATIONAL","rating":null,"user_rating_count":null,"barangay_slug":"calutit","barangay_name":"Calutit"},"geometry":{"type":"Point","coordinates":[120.97910490000001,17.0949059]}},{"type":"Feature","properties":{"name":"DENR","kind":"govt","kind_label":"Government","source":"google_places","google_place_id":"ChIJc8-DXCLSjzMR4WG3f2pp14Q","google_primary_type":"government_office","google_primary_type_label":"Government Office","google_types":["government_office","point_of_interest","establishment"],"google_maps_uri":"https://maps.google.com/?cid=9572235439129453025&g_mp=Cilnb29nbGUubWFwcy5wbGFjZXMudjEuUGxhY2VzLlNlYXJjaE5lYXJieRACGAQgAA","google_icon_mask_base_uri":"https://maps.gstatic.com/mapfiles/place_api/icons/v2/civic-bldg_pinlet","google_icon_background_color":"#7B9EB0","formatted_address":"3XVH+WQW, NIA Rd, Bontoc, Mountain Province, Philippines","business_status":"OPERATIONAL","rating":5,"user_rating_count":1,"barangay_slug":"calutit","barangay_name":"Calutit"},"geometry":{"type":"Point","coordinates":[120.979465,17.0948517]}},{"type":"Feature","properties":{"name":"Department of Science and Technology","kind":"govt","kind_label":"Government","source":"google_places","google_place_id":"ChIJ63jAH4nTjzMR6cKdlvs9mmo","google_primary_type":"government_office","google_primary_type_label":"Government Office","google_types":["government_office","point_of_interest","establishment"],"google_maps_uri":"https://maps.google.com/?cid=7681520265206809321&g_mp=Cilnb29nbGUubWFwcy5wbGFjZXMudjEuUGxhY2VzLlNlYXJjaE5lYXJieRACGAQgAA","google_icon_mask_base_uri":"https://maps.gstatic.com/mapfiles/place_api/icons/v2/civic-bldg_pinlet","google_icon_background_color":"#7B9EB0","formatted_address":"3XWH+CRV, Bontoc, Mountain Province, Philippines","business_status":"OPERATIONAL","rating":null,"user_rating_count":null,"barangay_slug":"calutit","barangay_name":"Calutit"},"geometry":{"type":"Point","coordinates":[120.97953840000001,17.096114800000002]}},{"type":"Feature","properties":{"name":"DILG","kind":"govt","kind_label":"Government","source":"google_places","google_place_id":"ChIJH7o7vyTSjzMR_ijW_F8mJeU","google_primary_type":"government_office","google_primary_type_label":"Government Office","google_types":["government_office","point_of_interest","establishment"],"google_maps_uri":"https://maps.google.com/?cid=16511645802529433854&g_mp=Cilnb29nbGUubWFwcy5wbGFjZXMudjEuUGxhY2VzLlNlYXJjaE5lYXJieRACGAQgAA","google_icon_mask_base_uri":"https://maps.gstatic.com/mapfiles/place_api/icons/v2/civic-bldg_pinlet","google_icon_background_color":"#7B9EB0","formatted_address":"3XWH+CH3, Bontoc, Mountain Province, Philippines","business_status":"OPERATIONAL","rating":null,"user_rating_count":null,"barangay_slug":"calutit","barangay_name":"Calutit"},"geometry":{"type":"Point","coordinates":[120.9789095,17.096007999999998]}},{"type":"Feature","properties":{"name":"DPWH - Mountain Province First District Engineering Office","kind":"govt","kind_label":"Government","source":"google_places","google_place_id":"ChIJOdUF2DrSjzMRRFILIF4oePg","google_primary_type":"government_office","google_primary_type_label":"Government Office","google_types":["government_office","point_of_interest","establishment"],"google_maps_uri":"https://maps.google.com/?cid=17904104703341056580&g_mp=Cilnb29nbGUubWFwcy5wbGFjZXMudjEuUGxhY2VzLlNlYXJjaE5lYXJieRACGAQgAA","google_icon_mask_base_uri":"https://maps.gstatic.com/mapfiles/place_api/icons/v2/civic-bldg_pinlet","google_icon_background_color":"#7B9EB0","formatted_address":"3XRH+RFR, Mount Province - Tabuk - Enrile - Cagayan Rd, Bontoc, Mountain Province, Philippines","business_status":"OPERATIONAL","rating":2,"user_rating_count":1,"barangay_slug":"calutit","barangay_name":"Calutit"},"geometry":{"type":"Point","coordinates":[120.9786535,17.0921167]}},{"type":"Feature","properties":{"name":"Local Health Insurance Office","kind":"govt","kind_label":"Government","source":"google_places","google_place_id":"ChIJ2yhL2CLSjzMRVNv-w8apj2M","google_primary_type":"government_office","google_primary_type_label":"Government Office","google_types":["government_office","point_of_interest","establishment"],"google_maps_uri":"https://maps.google.com/?cid=7174139402581367636&g_mp=Cilnb29nbGUubWFwcy5wbGFjZXMudjEuUGxhY2VzLlNlYXJjaE5lYXJieRACGAQgAA","google_icon_mask_base_uri":"https://maps.gstatic.com/mapfiles/place_api/icons/v2/civic-bldg_pinlet","google_icon_background_color":"#7B9EB0","formatted_address":"2nd Floor, Pachao Building, Bontoc, 2616 Mountain Province, Philippines","business_status":"OPERATIONAL","rating":null,"user_rating_count":null,"barangay_slug":"calutit","barangay_name":"Calutit"},"geometry":{"type":"Point","coordinates":[120.97690419999999,17.0945717]}},{"type":"Feature","properties":{"name":"MPENRO Nursery","kind":"govt","kind_label":"Government","source":"google_places","google_place_id":"ChIJwa46teXTjzMR0E5Tpzw41Rc","google_primary_type":"government_office","google_primary_type_label":"Government Office","google_types":["government_office","point_of_interest","establishment"],"google_maps_uri":"https://maps.google.com/?cid=1717340666068160208&g_mp=Cilnb29nbGUubWFwcy5wbGFjZXMudjEuUGxhY2VzLlNlYXJjaE5lYXJieRACGAQgAA","google_icon_mask_base_uri":"https://maps.gstatic.com/mapfiles/place_api/icons/v2/civic-bldg_pinlet","google_icon_background_color":"#7B9EB0","formatted_address":"3XWH+QC7, Bontoc, Mountain Province, Philippines","business_status":"OPERATIONAL","rating":null,"user_rating_count":null,"barangay_slug":"calutit","barangay_name":"Calutit"},"geometry":{"type":"Point","coordinates":[120.97854319999999,17.0969233]}},{"type":"Feature","properties":{"name":"National Irrigation Administration","kind":"govt","kind_label":"Government","source":"google_places","google_place_id":"ChIJbzwDCwDTjzMRg3LWijJ0ttc","google_primary_type":"government_office","google_primary_type_label":"Government Office","google_types":["government_office","point_of_interest","establishment"],"google_maps_uri":"https://maps.google.com/?cid=15543738924342342275&g_mp=Cilnb29nbGUubWFwcy5wbGFjZXMudjEuUGxhY2VzLlNlYXJjaE5lYXJieRACGAQgAA","google_icon_mask_base_uri":"https://maps.gstatic.com/mapfiles/place_api/icons/v2/civic-bldg_pinlet","google_icon_background_color":"#7B9EB0","formatted_address":"3XWH+2WX, Bontoc, Mountain Province, Philippines","business_status":"OPERATIONAL","rating":5,"user_rating_count":1,"barangay_slug":"calutit","barangay_name":"Calutit"},"geometry":{"type":"Point","coordinates":[120.97985139999999,17.0951114]}},{"type":"Feature","properties":{"name":"PCSO Mountain Province","kind":"govt","kind_label":"Government","source":"google_places","google_place_id":"ChIJfY63yHXTjzMRSpA-Vnd9xDY","google_primary_type":"government_office","google_primary_type_label":"Government Office","google_types":["government_office","point_of_interest","establishment"],"google_maps_uri":"https://maps.google.com/?cid=3946417124984918090&g_mp=Cilnb29nbGUubWFwcy5wbGFjZXMudjEuUGxhY2VzLlNlYXJjaE5lYXJieRACGAQgAA","google_icon_mask_base_uri":"https://maps.gstatic.com/mapfiles/place_api/icons/v2/civic-bldg_pinlet","google_icon_background_color":"#7B9EB0","formatted_address":"3XWH+P9W, Bontoc, Mountain Province, Philippines","business_status":"OPERATIONAL","rating":5,"user_rating_count":1,"barangay_slug":"calutit","barangay_name":"Calutit"},"geometry":{"type":"Point","coordinates":[120.97841909999998,17.0968917]}},{"type":"Feature","properties":{"name":"PDRRMC Evacuation Center","kind":"govt","kind_label":"Government","source":"google_places","google_place_id":"ChIJNYszYgDTjzMR-dceqSTXmzg","google_primary_type":"government_office","google_primary_type_label":"Government Office","google_types":["government_office","point_of_interest","establishment"],"google_maps_uri":"https://maps.google.com/?cid=4079090439970281465&g_mp=Cilnb29nbGUubWFwcy5wbGFjZXMudjEuUGxhY2VzLlNlYXJjaE5lYXJieRACGAQgAA","google_icon_mask_base_uri":"https://maps.gstatic.com/mapfiles/place_api/icons/v2/civic-bldg_pinlet","google_icon_background_color":"#7B9EB0","formatted_address":"3XWH+2G4, Caluttit, Bontoc, Mountain Province, Philippines","business_status":"OPERATIONAL","rating":null,"user_rating_count":null,"barangay_slug":"calutit","barangay_name":"Calutit"},"geometry":{"type":"Point","coordinates":[120.9788248,17.0950214]}},{"type":"Feature","properties":{"name":"PENRO","kind":"govt","kind_label":"Government","source":"google_places","google_place_id":"ChIJnZO1XCLSjzMR671NWuhT4sY","google_primary_type":"government_office","google_primary_type_label":"Government Office","google_types":["government_office","point_of_interest","establishment"],"google_maps_uri":"https://maps.google.com/?cid=14331109221658901995&g_mp=Cilnb29nbGUubWFwcy5wbGFjZXMudjEuUGxhY2VzLlNlYXJjaE5lYXJieRACGAQgAA","google_icon_mask_base_uri":"https://maps.gstatic.com/mapfiles/place_api/icons/v2/civic-bldg_pinlet","google_icon_background_color":"#7B9EB0","formatted_address":"3XVH+WRQ, NIA Rd, Bontoc, Mountain Province, Philippines","business_status":"OPERATIONAL","rating":5,"user_rating_count":1,"barangay_slug":"calutit","barangay_name":"Calutit"},"geometry":{"type":"Point","coordinates":[120.9796202,17.094828]}},{"type":"Feature","properties":{"name":"PhilHealth Regional Office CAR - Bontoc, Mt. Province","kind":"govt","kind_label":"Government","source":"google_places","google_place_id":"ChIJy75L2CLSjzMRw_2BcEjtpyg","google_primary_type":"health","google_primary_type_label":"Health","google_types":["local_government_office","government_office","health","point_of_interest","establishment"],"google_maps_uri":"https://maps.google.com/?cid=2929570978008792515&g_mp=Cilnb29nbGUubWFwcy5wbGFjZXMudjEuUGxhY2VzLlNlYXJjaE5lYXJieRACGAQgAA","google_icon_mask_base_uri":"https://maps.gstatic.com/mapfiles/place_api/icons/v2/civic-bldg_pinlet","google_icon_background_color":"#7B9EB0","formatted_address":"2/F, Pachao Bldg, Poblacion, Bontoc, 2616 Mountain Province, Philippines","business_status":"OPERATIONAL","rating":null,"user_rating_count":null,"barangay_slug":"calutit","barangay_name":"Calutit"},"geometry":{"type":"Point","coordinates":[120.97690000000001,17.0943912]}},{"type":"Feature","properties":{"name":"Provincial Agriculture Office","kind":"govt","kind_label":"Government","source":"google_places","google_place_id":"ChIJg665SgDTjzMR7tTqFKxC6K8","google_primary_type":"government_office","google_primary_type_label":"Government Office","google_types":["government_office","point_of_interest","establishment"],"google_maps_uri":"https://maps.google.com/?cid=12675454458087003374&g_mp=Cilnb29nbGUubWFwcy5wbGFjZXMudjEuUGxhY2VzLlNlYXJjaE5lYXJieRACGAQgAA","google_icon_mask_base_uri":"https://maps.gstatic.com/mapfiles/place_api/icons/v2/civic-bldg_pinlet","google_icon_background_color":"#7B9EB0","formatted_address":"3XWH+GPC, Caluttit, Bontoc, Mountain Province, Philippines","business_status":"OPERATIONAL","rating":5,"user_rating_count":1,"barangay_slug":"calutit","barangay_name":"Calutit"},"geometry":{"type":"Point","coordinates":[120.97925250000002,17.0963211]}},{"type":"Feature","properties":{"name":"Provincial Carpentry Shop","kind":"govt","kind_label":"Government","source":"google_places","google_place_id":"ChIJm5TMBQDTjzMR9yQXShe8dlM","google_primary_type":"government_office","google_primary_type_label":"Government Office","google_types":["government_office","point_of_interest","establishment"],"google_maps_uri":"https://maps.google.com/?cid=6014201160613176567&g_mp=Cilnb29nbGUubWFwcy5wbGFjZXMudjEuUGxhY2VzLlNlYXJjaE5lYXJieRACGAQgAA","google_icon_mask_base_uri":"https://maps.gstatic.com/mapfiles/place_api/icons/v2/civic-bldg_pinlet","google_icon_background_color":"#7B9EB0","formatted_address":"3XWH+7W3 Pospos Upper Caluttit, Tugwi st, Bontoc, 2616 Mountain Province, Philippines","business_status":"OPERATIONAL","rating":null,"user_rating_count":null,"barangay_slug":"calutit","barangay_name":"Calutit"},"geometry":{"type":"Point","coordinates":[120.9798085,17.0956472]}},{"type":"Feature","properties":{"name":"Provincial Coordination Office","kind":"govt","kind_label":"Government","source":"google_places","google_place_id":"ChIJyXJZjiLSjzMRBpI9RQd5EnY","google_primary_type":"government_office","google_primary_type_label":"Government Office","google_types":["government_office","point_of_interest","establishment"],"google_maps_uri":"https://maps.google.com/?cid=8507995718189683206&g_mp=Cilnb29nbGUubWFwcy5wbGFjZXMudjEuUGxhY2VzLlNlYXJjaE5lYXJieRACGAQgAA","google_icon_mask_base_uri":"https://maps.gstatic.com/mapfiles/place_api/icons/v2/civic-bldg_pinlet","google_icon_background_color":"#7B9EB0","formatted_address":"3XWH+8CR, Maligcong Rd, Bontoc, Mountain Province, Philippines","business_status":"OPERATIONAL","rating":null,"user_rating_count":null,"barangay_slug":"calutit","barangay_name":"Calutit"},"geometry":{"type":"Point","coordinates":[120.9785133,17.0958512]}},{"type":"Feature","properties":{"name":"Provincial Fisheries Office- Mountain Province","kind":"govt","kind_label":"Government","source":"google_places","google_place_id":"ChIJX8exKQDTjzMReF1XZ3SH-wE","google_primary_type":"government_office","google_primary_type_label":"Government Office","google_types":["government_office","point_of_interest","establishment"],"google_maps_uri":"https://maps.google.com/?cid=142856747212037496&g_mp=Cilnb29nbGUubWFwcy5wbGFjZXMudjEuUGxhY2VzLlNlYXJjaE5lYXJieRACGAQgAA","google_icon_mask_base_uri":"https://maps.gstatic.com/mapfiles/place_api/icons/v2/civic-bldg_pinlet","google_icon_background_color":"#7B9EB0","formatted_address":"3XWH+FQ5, Maligcong Rd, Bontoc, Mountain Province, Philippines","business_status":"OPERATIONAL","rating":null,"user_rating_count":null,"barangay_slug":"calutit","barangay_name":"Calutit"},"geometry":{"type":"Point","coordinates":[120.97964789999999,17.0961715]}},{"type":"Feature","properties":{"name":"Provincial S&T Office - Mt. Province","kind":"govt","kind_label":"Government","source":"google_places","google_place_id":"ChIJ5-DneyLSjzMRV9mFq7tM8ok","google_primary_type":"local_government_office","google_primary_type_label":"Local Government Office","google_types":["local_government_office","government_office","service","point_of_interest","establishment"],"google_maps_uri":"https://maps.google.com/?cid=9940091696480377175&g_mp=Cilnb29nbGUubWFwcy5wbGFjZXMudjEuUGxhY2VzLlNlYXJjaE5lYXJieRACGAQgAA","google_icon_mask_base_uri":"https://maps.gstatic.com/mapfiles/place_api/icons/v2/civic-bldg_pinlet","google_icon_background_color":"#7B9EB0","formatted_address":"3XWH+FQ5, Maligcong Rd, Bontoc, Mountain Province, Philippines","business_status":"OPERATIONAL","rating":null,"user_rating_count":null,"barangay_slug":"calutit","barangay_name":"Calutit"},"geometry":{"type":"Point","coordinates":[120.97949430000001,17.0961443]}},{"type":"Feature","properties":{"name":"Provincial Veterenarian's Office","kind":"govt","kind_label":"Government","source":"google_places","google_place_id":"ChIJJcbtiSLSjzMRMJ2PXOclxCE","google_primary_type":"government_office","google_primary_type_label":"Government Office","google_types":["government_office","point_of_interest","establishment"],"google_maps_uri":"https://maps.google.com/?cid=2433111374307499312&g_mp=Cilnb29nbGUubWFwcy5wbGFjZXMudjEuUGxhY2VzLlNlYXJjaE5lYXJieRACGAQgAA","google_icon_mask_base_uri":"https://maps.gstatic.com/mapfiles/place_api/icons/v2/civic-bldg_pinlet","google_icon_background_color":"#7B9EB0","formatted_address":"3XWH+7H8, Maligcong Rd, Bontoc, Mountain Province, Philippines","business_status":"OPERATIONAL","rating":null,"user_rating_count":null,"barangay_slug":"calutit","barangay_name":"Calutit"},"geometry":{"type":"Point","coordinates":[120.97895340000001,17.0956533]}},{"type":"Feature","properties":{"name":"Sanguniang Panlalawigan Building","kind":"govt","kind_label":"Government","source":"google_places","google_place_id":"ChIJNVabGgDTjzMRO-zD2ZIfAtA","google_primary_type":"government_office","google_primary_type_label":"Government Office","google_types":["government_office","point_of_interest","establishment"],"google_maps_uri":"https://maps.google.com/?cid=14988577225421614139&g_mp=Cilnb29nbGUubWFwcy5wbGFjZXMudjEuUGxhY2VzLlNlYXJjaE5lYXJieRACGAQgAA","google_icon_mask_base_uri":"https://maps.gstatic.com/mapfiles/place_api/icons/v2/civic-bldg_pinlet","google_icon_background_color":"#7B9EB0","formatted_address":"4X3M+CW2 Poblacion (Bontoc, Bontoc, Mountain Province, Philippines","business_status":"OPERATIONAL","rating":null,"user_rating_count":null,"barangay_slug":"calutit","barangay_name":"Calutit"},"geometry":{"type":"Point","coordinates":[120.98476420000001,17.1035058]}},{"type":"Feature","properties":{"name":"Bontoc General Hospital","kind":"hospital","kind_label":"Hospital","source":"google_places","google_place_id":"ChIJEWGYVVXajzMRwe3wrNgH4lY","google_primary_type":"general_hospital","google_primary_type_label":"General Hospital","google_types":["general_hospital","hospital","health","service","point_of_interest","establishment"],"google_maps_uri":"https://maps.google.com/?cid=6260575059194211777&g_mp=Cilnb29nbGUubWFwcy5wbGFjZXMudjEuUGxhY2VzLlNlYXJjaE5lYXJieRACGAQgAA","google_icon_mask_base_uri":"https://maps.gstatic.com/mapfiles/place_api/icons/v2/hospital-H_pinlet","google_icon_background_color":"#F88181","formatted_address":"3XVG+FJM, Maligcong Rd, Bontoc, 2616 Mountain Province, Philippines","business_status":"OPERATIONAL","rating":3.5,"user_rating_count":15,"barangay_slug":"calutit","barangay_name":"Calutit"},"geometry":{"type":"Point","coordinates":[120.9765537,17.0937205]}},{"type":"Feature","properties":{"name":"Alvin's Store","kind":"market","kind_label":"Market","source":"google_places","google_place_id":"ChIJi6JGCyPSjzMR2rRQY9fy4kw","google_primary_type":"grocery_store","google_primary_type_label":"Grocery Store","google_types":["grocery_store","food_store","store","point_of_interest","food","establishment"],"google_maps_uri":"https://maps.google.com/?cid=5540257498517255386&g_mp=Cilnb29nbGUubWFwcy5wbGFjZXMudjEuUGxhY2VzLlNlYXJjaE5lYXJieRACGAQgAA","google_icon_mask_base_uri":"https://maps.gstatic.com/mapfiles/place_api/icons/v2/shoppingcart_pinlet","google_icon_background_color":"#4B96F3","formatted_address":"Bontoc, Mountain Province, Philippines","business_status":"OPERATIONAL","rating":null,"user_rating_count":null,"barangay_slug":"calutit","barangay_name":"Calutit"},"geometry":{"type":"Point","coordinates":[120.97873890000001,17.092738999999998]}},{"type":"Feature","properties":{"name":"Good Sheperd Store","kind":"market","kind_label":"Market","source":"google_places","google_place_id":"ChIJUf38IyPSjzMRzQo90UuUJd4","google_primary_type":"grocery_store","google_primary_type_label":"Grocery Store","google_types":["grocery_store","food_store","store","point_of_interest","food","establishment"],"google_maps_uri":"https://maps.google.com/?cid=16007363503912192717&g_mp=Cilnb29nbGUubWFwcy5wbGFjZXMudjEuUGxhY2VzLlNlYXJjaE5lYXJieRACGAQgAA","google_icon_mask_base_uri":"https://maps.gstatic.com/mapfiles/place_api/icons/v2/shoppingcart_pinlet","google_icon_background_color":"#4B96F3","formatted_address":"3XVG+HVH, Maligcong Rd, Bontoc, Mountain Province, Philippines","business_status":"OPERATIONAL","rating":1,"user_rating_count":1,"barangay_slug":"calutit","barangay_name":"Calutit"},"geometry":{"type":"Point","coordinates":[120.97722119999997,17.0939363]}},{"type":"Feature","properties":{"name":"Lookie Minimart","kind":"market","kind_label":"Market","source":"google_places","google_place_id":"ChIJ2WvlDkPTjzMRfZMNn4W3WcM","google_primary_type":"general_store","google_primary_type_label":"General Store","google_types":["general_store","food_store","store","point_of_interest","food","establishment"],"google_maps_uri":"https://maps.google.com/?cid=14076483894850196349&g_mp=Cilnb29nbGUubWFwcy5wbGFjZXMudjEuUGxhY2VzLlNlYXJjaE5lYXJieRACGAQgAA","google_icon_mask_base_uri":"https://maps.gstatic.com/mapfiles/place_api/icons/v2/shopping_pinlet","google_icon_background_color":"#4B96F3","formatted_address":"3rd Floor, Challeya Centrum, Bontoc, Mountain Province, Philippines","business_status":"OPERATIONAL","rating":5,"user_rating_count":1,"barangay_slug":"calutit","barangay_name":"Calutit"},"geometry":{"type":"Point","coordinates":[120.9784942,17.092192600000004]}},{"type":"Feature","properties":{"name":"Mangomok's Kapeng Barako","kind":"market","kind_label":"Market","source":"google_places","google_place_id":"ChIJu7W2DXvTjzMRMm0NH9Rtuw0","google_primary_type":"food_store","google_primary_type_label":"Food Store","google_types":["food_store","store","point_of_interest","food","establishment"],"google_maps_uri":"https://maps.google.com/?cid=989505300959423794&g_mp=Cilnb29nbGUubWFwcy5wbGFjZXMudjEuUGxhY2VzLlNlYXJjaE5lYXJieRACGAQgAA","google_icon_mask_base_uri":"https://maps.gstatic.com/mapfiles/place_api/icons/v2/shopping_pinlet","google_icon_background_color":"#4B96F3","formatted_address":"Caluttit, Bontoc, 2616 Mountain Province, Philippines","business_status":"OPERATIONAL","rating":null,"user_rating_count":null,"barangay_slug":"calutit","barangay_name":"Calutit"},"geometry":{"type":"Point","coordinates":[120.97902810000001,17.104474]}},{"type":"Feature","properties":{"name":"Megeystore","kind":"market","kind_label":"Market","source":"google_places","google_place_id":"ChIJO7vNCUvTjzMRH559yoN0LaM","google_primary_type":"convenience_store","google_primary_type_label":"Convenience Store","google_types":["convenience_store","food_store","store","point_of_interest","food","establishment"],"google_maps_uri":"https://maps.google.com/?cid=11758182311521000991&g_mp=Cilnb29nbGUubWFwcy5wbGFjZXMudjEuUGxhY2VzLlNlYXJjaE5lYXJieRACGAQgAA","google_icon_mask_base_uri":"https://maps.gstatic.com/mapfiles/place_api/icons/v2/convenience_pinlet","google_icon_background_color":"#4B96F3","formatted_address":"Lower, Bontoc, 2616 Mountain Province, Philippines","business_status":"OPERATIONAL","rating":null,"user_rating_count":null,"barangay_slug":"calutit","barangay_name":"Calutit"},"geometry":{"type":"Point","coordinates":[120.97804119999999,17.0936983]}},{"type":"Feature","properties":{"name":"Stathij Cafe","kind":"market","kind_label":"Market","source":"google_places","google_place_id":"ChIJP4fXyIfTjzMRvUhc7ymQjmw","google_primary_type":"coffee_shop","google_primary_type_label":"Coffee Shop","google_types":["coffee_shop","cafe","food_store","store","point_of_interest","food","establishment"],"google_maps_uri":"https://maps.google.com/?cid=7822348112572991677&g_mp=Cilnb29nbGUubWFwcy5wbGFjZXMudjEuUGxhY2VzLlNlYXJjaE5lYXJieRACGAQgAA","google_icon_mask_base_uri":"https://maps.gstatic.com/mapfiles/place_api/icons/v2/cafe_pinlet","google_icon_background_color":"#FF9E67","formatted_address":"XiJEN College, 117 upper caluttit, Bontoc, 2616 Mountain Province, Philippines","business_status":"OPERATIONAL","rating":5,"user_rating_count":1,"barangay_slug":"calutit","barangay_name":"Calutit"},"geometry":{"type":"Point","coordinates":[120.9768735,17.093050899999998]}},{"type":"Feature","properties":{"name":"XiJEN College of Mountain Province Inc.","kind":"school","kind_label":"School","source":"google_places","google_place_id":"ChIJDdA0IOvTjzMRBjNTuLZ79Aw","google_primary_type":"university","google_primary_type_label":"College","google_types":["university","educational_institution","point_of_interest","establishment"],"google_maps_uri":"https://maps.google.com/?cid=933507047479259910&g_mp=Cidnb29nbGUubWFwcy5wbGFjZXMudjEuUGxhY2VzLlNlYXJjaFRleHQQAhgEIAA","google_icon_mask_base_uri":"https://maps.gstatic.com/mapfiles/place_api/icons/v2/school_pinlet","google_icon_background_color":"#7B9EB0","formatted_address":"3XVG+6Q3, Maligcong Rd, Bontoc, 2616 Mountain Province, Philippines","business_status":"OPERATIONAL","rating":null,"user_rating_count":null,"barangay_slug":"calutit","barangay_name":"Calutit"},"geometry":{"type":"Point","coordinates":[120.9769172,17.093007]}},{"type":"Feature","properties":{"name":"Bayle Hometel","kind":"tourism","kind_label":"Tourism","source":"google_places","google_place_id":"ChIJKbrlo8_TjzMRqsUHTv5vhi4","google_primary_type":"hotel","google_primary_type_label":"Hotel","google_types":["hotel","lodging","point_of_interest","establishment"],"google_maps_uri":"https://maps.google.com/?cid=3352490110645421482&g_mp=Cilnb29nbGUubWFwcy5wbGFjZXMudjEuUGxhY2VzLlNlYXJjaE5lYXJieRACGAQgAA","google_icon_mask_base_uri":"https://maps.gstatic.com/mapfiles/place_api/icons/v2/hotel_pinlet","google_icon_background_color":"#909CE1","formatted_address":"3XWH+QM8, Bontoc, Mountain Province, Philippines","business_status":"OPERATIONAL","rating":4.1,"user_rating_count":15,"barangay_slug":"calutit","barangay_name":"Calutit"},"geometry":{"type":"Point","coordinates":[120.9792094,17.096899]}},{"type":"Feature","properties":{"name":"Bontoc Biker's Camp 1","kind":"tourism","kind_label":"Tourism","source":"google_places","google_place_id":"ChIJD3BLFgDTjzMRSGfnHzxfbZM","google_primary_type":"tourist_attraction","google_primary_type_label":"Tourist Attraction","google_types":["tourist_attraction","point_of_interest","establishment"],"google_maps_uri":"https://maps.google.com/?cid=10623251807874803528&g_mp=Cilnb29nbGUubWFwcy5wbGFjZXMudjEuUGxhY2VzLlNlYXJjaE5lYXJieRACGAQgAA","google_icon_mask_base_uri":"https://maps.gstatic.com/mapfiles/place_api/icons/v2/generic_pinlet","google_icon_background_color":"#13B5C7","formatted_address":"3XVG+3PR, Bakun, Benguet, Philippines","business_status":"OPERATIONAL","rating":null,"user_rating_count":null,"barangay_slug":"calutit","barangay_name":"Calutit"},"geometry":{"type":"Point","coordinates":[120.9767726,17.092737]}},{"type":"Feature","properties":{"name":"Caluttit Plaza","kind":"tourism","kind_label":"Tourism","source":"google_places","google_place_id":"ChIJ3bSrSSPSjzMRDupmBcVLoc0","google_primary_type":"athletic_field","google_primary_type_label":"Athletic Field","google_types":["athletic_field","sports_activity_location","point_of_interest","establishment"],"google_maps_uri":"https://maps.google.com/?cid=14817207558596913678&g_mp=Cilnb29nbGUubWFwcy5wbGFjZXMudjEuUGxhY2VzLlNlYXJjaE5lYXJieRACGAQgAA","google_icon_mask_base_uri":"https://maps.gstatic.com/mapfiles/place_api/icons/v2/generic_pinlet","google_icon_background_color":"#7B9EB0","formatted_address":"3XVG+5M3, Maligcong Rd, Bontoc, Mountain Province, Philippines","business_status":"OPERATIONAL","rating":3.6,"user_rating_count":5,"barangay_slug":"calutit","barangay_name":"Calutit"},"geometry":{"type":"Point","coordinates":[120.9766817,17.092875199999998]}},{"type":"Feature","properties":{"name":"D & S Hotel","kind":"tourism","kind_label":"Tourism","source":"google_places","google_place_id":"ChIJ9wTRPyPSjzMRGwlDCebpagk","google_primary_type":"hotel","google_primary_type_label":"Hotel","google_types":["hotel","lodging","point_of_interest","establishment"],"google_maps_uri":"https://maps.google.com/?cid=678611868079819035&g_mp=Cilnb29nbGUubWFwcy5wbGFjZXMudjEuUGxhY2VzLlNlYXJjaE5lYXJieRACGAQgAA","google_icon_mask_base_uri":"https://maps.gstatic.com/mapfiles/place_api/icons/v2/hotel_pinlet","google_icon_background_color":"#909CE1","formatted_address":"3XVH+623, Bontoc, Mountain Province, Philippines","business_status":"OPERATIONAL","rating":null,"user_rating_count":null,"barangay_slug":"calutit","barangay_name":"Calutit"},"geometry":{"type":"Point","coordinates":[120.9775625,17.093015899999997]}},{"type":"Feature","properties":{"name":"Dalen's Homestay","kind":"tourism","kind_label":"Tourism","source":"google_places","google_place_id":"ChIJRX_ZcwDTjzMRqTrmsxelrTg","google_primary_type":"private_guest_room","google_primary_type_label":"Homestay","google_types":["private_guest_room","lodging","point_of_interest","establishment"],"google_maps_uri":"https://maps.google.com/?cid=4084101958315948713&g_mp=Cilnb29nbGUubWFwcy5wbGFjZXMudjEuUGxhY2VzLlNlYXJjaE5lYXJieRACGAQgAA","google_icon_mask_base_uri":"https://maps.gstatic.com/mapfiles/place_api/icons/v2/hotel_pinlet","google_icon_background_color":"#909CE1","formatted_address":"3XWJ+VX7, Bontoc, Mountain Province, Philippines","business_status":"OPERATIONAL","rating":null,"user_rating_count":null,"barangay_slug":"calutit","barangay_name":"Calutit"},"geometry":{"type":"Point","coordinates":[120.98242189999999,17.0971625]}},{"type":"Feature","properties":{"name":"Faliling","kind":"tourism","kind_label":"Tourism","source":"google_places","google_place_id":"ChIJ74smRgDTjzMRiZfZjCPDrN0","google_primary_type":"hiking_area","google_primary_type_label":"Hiking Area","google_types":["hiking_area","sports_activity_location","point_of_interest","establishment"],"google_maps_uri":"https://maps.google.com/?cid=15973356535830648713&g_mp=Cilnb29nbGUubWFwcy5wbGFjZXMudjEuUGxhY2VzLlNlYXJjaE5lYXJieRACGAQgAA","google_icon_mask_base_uri":"https://maps.gstatic.com/mapfiles/place_api/icons/v2/hiking_pinlet","google_icon_background_color":"#4DB546","formatted_address":"4X3M+8JJ, Bontoc, Mountain Province, Philippines","business_status":"OPERATIONAL","rating":null,"user_rating_count":null,"barangay_slug":"calutit","barangay_name":"Calutit"},"geometry":{"type":"Point","coordinates":[120.984021,17.1033375]}},{"type":"Feature","properties":{"name":"Filig Campsite","kind":"tourism","kind_label":"Tourism","source":"google_places","google_place_id":"ChIJAW5iIADTjzMRDa-EvomrJhM","google_primary_type":"campground","google_primary_type_label":"Campground","google_types":["campground","lodging","point_of_interest","establishment"],"google_maps_uri":"https://maps.google.com/?cid=1379978943930871565&g_mp=Cilnb29nbGUubWFwcy5wbGFjZXMudjEuUGxhY2VzLlNlYXJjaE5lYXJieRACGAQgAA","google_icon_mask_base_uri":"https://maps.gstatic.com/mapfiles/place_api/icons/v2/camping_pinlet","google_icon_background_color":"#4DB546","formatted_address":"3XWC+M75, Bontoc, Mountain Province, Philippines","business_status":"OPERATIONAL","rating":null,"user_rating_count":null,"barangay_slug":"calutit","barangay_name":"Calutit"},"geometry":{"type":"Point","coordinates":[120.970749,17.0966375]}},{"type":"Feature","properties":{"name":"INTERNATIONAL HOUSE","kind":"tourism","kind_label":"Tourism","source":"google_places","google_place_id":"ChIJxT4iQQDTjzMR07MIx3Mx1mA","google_primary_type":"private_guest_room","google_primary_type_label":"Homestay","google_types":["private_guest_room","lodging","point_of_interest","establishment"],"google_maps_uri":"https://maps.google.com/?cid=6977819045987398611&g_mp=Cilnb29nbGUubWFwcy5wbGFjZXMudjEuUGxhY2VzLlNlYXJjaE5lYXJieRACGAQgAA","google_icon_mask_base_uri":"https://maps.gstatic.com/mapfiles/place_api/icons/v2/hotel_pinlet","google_icon_background_color":"#909CE1","formatted_address":"3XWH+F4R, Maligcong Rd, Bontoc, Mountain Province, Philippines","business_status":"OPERATIONAL","rating":null,"user_rating_count":null,"barangay_slug":"calutit","barangay_name":"Calutit"},"geometry":{"type":"Point","coordinates":[120.977773,17.096243599999998]}},{"type":"Feature","properties":{"name":"Samoki Bontoc","kind":"transport","kind_label":"Transport","source":"google_places","google_place_id":"ChIJjyoiIgDTjzMRV2tlCeKBd8Y","google_primary_type":"parking_lot","google_primary_type_label":"Parking Lot","google_types":["parking_lot","parking","transportation_service","point_of_interest","service","establishment"],"google_maps_uri":"https://maps.google.com/?cid=14301041949558532951&g_mp=Cilnb29nbGUubWFwcy5wbGFjZXMudjEuUGxhY2VzLlNlYXJjaE5lYXJieRACGAQgAA","google_icon_mask_base_uri":"https://maps.gstatic.com/mapfiles/place_api/icons/v2/parking_pinlet","google_icon_background_color":"#7B9EB0","formatted_address":"4X3M+CW2 Poblacion (Bontoc, Bontoc, Mountain Province, Philippines","business_status":"OPERATIONAL","rating":null,"user_rating_count":null,"barangay_slug":"calutit","barangay_name":"Calutit"},"geometry":{"type":"Point","coordinates":[120.98476420000001,17.1035058]}},{"type":"Feature","properties":{"name":"GROWING IN GRACE CHURCH","kind":"worship","kind_label":"Worship","source":"google_places","google_place_id":"ChIJGQhl9dLTjzMR67NeOOs-yLU","google_primary_type":"church","google_primary_type_label":"Church","google_types":["church","place_of_worship","association_or_organization","point_of_interest","establishment"],"google_maps_uri":"https://maps.google.com/?cid=13098788696191054827&g_mp=Cilnb29nbGUubWFwcy5wbGFjZXMudjEuUGxhY2VzLlNlYXJjaE5lYXJieRACGAQgAA","google_icon_mask_base_uri":"https://maps.gstatic.com/mapfiles/place_api/icons/v2/worship_christian_pinlet","google_icon_background_color":"#7B9EB0","formatted_address":"3XVH+QG3 Upper, NIA Rd, Caluttit, Bontoc, Mountain Province, Philippines","business_status":"OPERATIONAL","rating":3,"user_rating_count":1,"barangay_slug":"calutit","barangay_name":"Calutit"},"geometry":{"type":"Point","coordinates":[120.97881000000001,17.0943985]}},{"type":"Feature","properties":{"name":"JMCIM - Bontoc Outreach","kind":"worship","kind_label":"Worship","source":"google_places","google_place_id":"ChIJXas2jMHTjzMR-y8fGj4IARs","google_primary_type":"church","google_primary_type_label":"Church","google_types":["church","place_of_worship","association_or_organization","point_of_interest","establishment"],"google_maps_uri":"https://maps.google.com/?cid=1945845576820011003&g_mp=Cilnb29nbGUubWFwcy5wbGFjZXMudjEuUGxhY2VzLlNlYXJjaE5lYXJieRACGAQgAA","google_icon_mask_base_uri":"https://maps.gstatic.com/mapfiles/place_api/icons/v2/worship_christian_pinlet","google_icon_background_color":"#7B9EB0","formatted_address":"4X4H+5J6 Lengsad Maligcong road, Bontoc ili Bontoc Mountain province, Bontoc, Mountain Province, Philippines","business_status":"OPERATIONAL","rating":5,"user_rating_count":3,"barangay_slug":"calutit","barangay_name":"Calutit"},"geometry":{"type":"Point","coordinates":[120.9790294,17.1054043]}},{"type":"Feature","properties":{"name":"Sr. Assunta Claver Sisters’ Convent","kind":"worship","kind_label":"Worship","source":"google_places","google_place_id":"ChIJ51zw7zzSjzMRmP2kPgWovew","google_primary_type":"church","google_primary_type_label":"Church","google_types":["church","place_of_worship","association_or_organization","point_of_interest","establishment"],"google_maps_uri":"https://maps.google.com/?cid=17058975704028609944&g_mp=Cilnb29nbGUubWFwcy5wbGFjZXMudjEuUGxhY2VzLlNlYXJjaE5lYXJieRACGAQgAA","google_icon_mask_base_uri":"https://maps.gstatic.com/mapfiles/place_api/icons/v2/worship_christian_pinlet","google_icon_background_color":"#7B9EB0","formatted_address":"Teng-ab, Bontoc, 3XVF+JJM, Bontoc, 2616 Mountain Province, Philippines","business_status":"OPERATIONAL","rating":null,"user_rating_count":null,"barangay_slug":"calutit","barangay_name":"Calutit"},"geometry":{"type":"Point","coordinates":[120.97406000000001,17.094096]}},{"type":"Feature","properties":{"name":"2G's Sportwear","kind":"business","kind_label":"Business","source":"google_places","google_place_id":"ChIJ6fb9ZQDRjzMRyNablhhKRjI","google_primary_type":"womens_clothing_store","google_primary_type_label":"Women's Clothing Store","google_types":["womens_clothing_store","clothing_store","store","point_of_interest","establishment"],"google_maps_uri":"https://maps.google.com/?cid=3622664419732608712&g_mp=Cilnb29nbGUubWFwcy5wbGFjZXMudjEuUGxhY2VzLlNlYXJjaE5lYXJieRACGAQgAA","google_icon_mask_base_uri":"https://maps.gstatic.com/mapfiles/place_api/icons/v2/shopping_pinlet","google_icon_background_color":"#4B96F3","formatted_address":"32R6+G64, Bontoc, Mountain Province, Philippines","business_status":"OPERATIONAL","rating":null,"user_rating_count":null,"barangay_slug":"caneo","barangay_name":"Caneo"},"geometry":{"type":"Point","coordinates":[121.0105733,17.091255999999998]}},{"type":"Feature","properties":{"name":"Bontea Bontoc","kind":"business","kind_label":"Business","source":"google_places","google_place_id":"ChIJAzg8lUbRjzMRi70COZsUhcY","google_primary_type":"tea_house","google_primary_type_label":"Tea House","google_types":["tea_house","point_of_interest","establishment"],"google_maps_uri":"https://maps.google.com/?cid=14304862448321215883&g_mp=Cidnb29nbGUubWFwcy5wbGFjZXMudjEuUGxhY2VzLlNlYXJjaFRleHQQAhgEIAA","google_icon_mask_base_uri":"https://maps.gstatic.com/mapfiles/place_api/icons/v2/generic_pinlet","google_icon_background_color":"#7B9EB0","formatted_address":"1st Floor, Chico, Chico Building, Bontoc, 2616 Mountain Province, Philippines","business_status":"OPERATIONAL","rating":3,"user_rating_count":1,"barangay_slug":"caneo","barangay_name":"Caneo"},"geometry":{"type":"Point","coordinates":[121.0105733,17.091255999999998]}},{"type":"Feature","properties":{"name":"Christine Handicrafts","kind":"business","kind_label":"Business","source":"google_places","google_place_id":"ChIJj0gWS87RjzMRZtuYdOhHIbc","google_primary_type":"shopping_mall","google_primary_type_label":"Shopping Mall","google_types":["shopping_mall","point_of_interest","establishment"],"google_maps_uri":"https://maps.google.com/?cid=13195907446886423398&g_mp=Cilnb29nbGUubWFwcy5wbGFjZXMudjEuUGxhY2VzLlNlYXJjaE5lYXJieRACGAQgAA","google_icon_mask_base_uri":"https://maps.gstatic.com/mapfiles/place_api/icons/v2/shopping_pinlet","google_icon_background_color":"#4B96F3","formatted_address":"32R6+G64, Bontoc, Mountain Province, Philippines","business_status":"OPERATIONAL","rating":null,"user_rating_count":null,"barangay_slug":"caneo","barangay_name":"Caneo"},"geometry":{"type":"Point","coordinates":[121.0105733,17.091255999999998]}},{"type":"Feature","properties":{"name":"House of Praise","kind":"business","kind_label":"Business","source":"google_places","google_place_id":"ChIJa2ENXQDRjzMRqKmK1cos_tE","google_primary_type":"place_of_worship","google_primary_type_label":"Place of Worship","google_types":["place_of_worship","association_or_organization","point_of_interest","establishment"],"google_maps_uri":"https://maps.google.com/?cid=15131581047689095592&g_mp=Cidnb29nbGUubWFwcy5wbGFjZXMudjEuUGxhY2VzLlNlYXJjaFRleHQQAhgEIAA","google_icon_mask_base_uri":"https://maps.gstatic.com/mapfiles/place_api/icons/v2/generic_pinlet","google_icon_background_color":"#7B9EB0","formatted_address":"32R6+G64, Bontoc, Mountain Province, Philippines","business_status":"OPERATIONAL","rating":null,"user_rating_count":null,"barangay_slug":"caneo","barangay_name":"Caneo"},"geometry":{"type":"Point","coordinates":[121.0105733,17.091255999999998]}},{"type":"Feature","properties":{"name":"Mountain Breeze Overseas Filipino Workers Hongkong Trading Inc.","kind":"business","kind_label":"Business","source":"google_places","google_place_id":"ChIJdVpgeQjRjzMRg8vQ7HoDa34","google_primary_type":"auto_parts_store","google_primary_type_label":"Auto Parts Store","google_types":["auto_parts_store","car_repair","service","store","point_of_interest","establishment"],"google_maps_uri":"https://maps.google.com/?cid=9109378497780960131&g_mp=Cilnb29nbGUubWFwcy5wbGFjZXMudjEuUGxhY2VzLlNlYXJjaE5lYXJieRACGAQgAA","google_icon_mask_base_uri":"https://maps.gstatic.com/mapfiles/place_api/icons/v2/shopping_pinlet","google_icon_background_color":"#4B96F3","formatted_address":"Bellang Bldg, Alab, Bontoc, 2616 Mountain Province, Philippines","business_status":"OPERATIONAL","rating":null,"user_rating_count":null,"barangay_slug":"caneo","barangay_name":"Caneo"},"geometry":{"type":"Point","coordinates":[121.0105733,17.091255999999998]}},{"type":"Feature","properties":{"name":"Paingan Resto Bar","kind":"business","kind_label":"Business","source":"google_places","google_place_id":"ChIJdYudLJnRjzMRFFWfANLt15Y","google_primary_type":"restaurant","google_primary_type_label":"Restaurant","google_types":["restaurant","food","point_of_interest","establishment"],"google_maps_uri":"https://maps.google.com/?cid=10869417711891338516&g_mp=Cilnb29nbGUubWFwcy5wbGFjZXMudjEuUGxhY2VzLlNlYXJjaE5lYXJieRACGAQgAA","google_icon_mask_base_uri":"https://maps.gstatic.com/mapfiles/place_api/icons/v2/restaurant_pinlet","google_icon_background_color":"#FF9E67","formatted_address":"3rd floor, Calaoa Bldg, Bontoc, 2616 Mountain Province, Philippines","business_status":"OPERATIONAL","rating":null,"user_rating_count":null,"barangay_slug":"caneo","barangay_name":"Caneo"},"geometry":{"type":"Point","coordinates":[121.01066139999999,17.0913511]}},{"type":"Feature","properties":{"name":"Riverbreeze Restobar","kind":"business","kind_label":"Business","source":"google_places","google_place_id":"ChIJpW5s3vPRjzMRN_9yktVekPI","google_primary_type":"restaurant","google_primary_type_label":"Restaurant","google_types":["restaurant","food","point_of_interest","establishment"],"google_maps_uri":"https://maps.google.com/?cid=17478574425202949943&g_mp=Cilnb29nbGUubWFwcy5wbGFjZXMudjEuUGxhY2VzLlNlYXJjaE5lYXJieRACGAQgAA","google_icon_mask_base_uri":"https://maps.gstatic.com/mapfiles/place_api/icons/v2/restaurant_pinlet","google_icon_background_color":"#FF9E67","formatted_address":"Cheppay Street, Bontoc, 2616 Mountain Province, Philippines","business_status":"OPERATIONAL","rating":5,"user_rating_count":1,"barangay_slug":"caneo","barangay_name":"Caneo"},"geometry":{"type":"Point","coordinates":[121.0105733,17.091255999999998]}},{"type":"Feature","properties":{"name":"TEXAS 2.0","kind":"business","kind_label":"Business","source":"google_places","google_place_id":"ChIJk95zGADRjzMR92cs1_WKM_Y","google_primary_type":"bar","google_primary_type_label":"Bar","google_types":["bar","point_of_interest","establishment"],"google_maps_uri":"https://maps.google.com/?cid=17740676145624147959&g_mp=Cilnb29nbGUubWFwcy5wbGFjZXMudjEuUGxhY2VzLlNlYXJjaE5lYXJieRACGAQgAA","google_icon_mask_base_uri":"https://maps.gstatic.com/mapfiles/place_api/icons/v2/bar_pinlet","google_icon_background_color":"#FF9E67","formatted_address":"Bontoc, Mountain Province, Philippines","business_status":"OPERATIONAL","rating":null,"user_rating_count":null,"barangay_slug":"caneo","barangay_name":"Caneo"},"geometry":{"type":"Point","coordinates":[121.0105733,17.091255999999998]}},{"type":"Feature","properties":{"name":"Wingman\"s Grill","kind":"business","kind_label":"Business","source":"google_places","google_place_id":"ChIJXSBkmVfRjzMR6gt6z8-H0cg","google_primary_type":"restaurant","google_primary_type_label":"Restaurant","google_types":["restaurant","food","point_of_interest","establishment"],"google_maps_uri":"https://maps.google.com/?cid=14470496404326976490&g_mp=Cilnb29nbGUubWFwcy5wbGFjZXMudjEuUGxhY2VzLlNlYXJjaE5lYXJieRACGAQgAA","google_icon_mask_base_uri":"https://maps.gstatic.com/mapfiles/place_api/icons/v2/restaurant_pinlet","google_icon_background_color":"#FF9E67","formatted_address":"32R6+G64, National Road, Bontoc, Mountain Province, Philippines","business_status":"OPERATIONAL","rating":null,"user_rating_count":null,"barangay_slug":"caneo","barangay_name":"Caneo"},"geometry":{"type":"Point","coordinates":[121.0105733,17.0912559]}},{"type":"Feature","properties":{"name":"Provincial Office - Mt. Province - Provincial Director (Director Iii)","kind":"govt","kind_label":"Government","source":"google_places","google_place_id":"ChIJAQAAAMDRjzMROFi-V6j3flY","google_primary_type":"government_office","google_primary_type_label":"Government Office","google_types":["government_office","point_of_interest","establishment"],"google_maps_uri":"https://maps.google.com/?cid=6232691236726003768&g_mp=Cilnb29nbGUubWFwcy5wbGFjZXMudjEuUGxhY2VzLlNlYXJjaE5lYXJieRACGAQgAA","google_icon_mask_base_uri":"https://maps.gstatic.com/mapfiles/place_api/icons/v2/civic-bldg_pinlet","google_icon_background_color":"#7B9EB0","formatted_address":"Poblacion, 32R6+G64, Bontoc, 2616 Mountain Province, Philippines","business_status":"OPERATIONAL","rating":null,"user_rating_count":null,"barangay_slug":"caneo","barangay_name":"Caneo"},"geometry":{"type":"Point","coordinates":[121.0105733,17.091255999999998]}},{"type":"Feature","properties":{"name":"Tesda","kind":"govt","kind_label":"Government","source":"google_places","google_place_id":"ChIJvyeDKwDRjzMRZXno-vz7L5U","google_primary_type":"government_office","google_primary_type_label":"Government Office","google_types":["government_office","point_of_interest","establishment"],"google_maps_uri":"https://maps.google.com/?cid=10750087899516533093&g_mp=Cilnb29nbGUubWFwcy5wbGFjZXMudjEuUGxhY2VzLlNlYXJjaE5lYXJieRACGAQgAA","google_icon_mask_base_uri":"https://maps.gstatic.com/mapfiles/place_api/icons/v2/civic-bldg_pinlet","google_icon_background_color":"#7B9EB0","formatted_address":"32R6+G64, Bontoc, Mountain Province, Philippines","business_status":"OPERATIONAL","rating":null,"user_rating_count":null,"barangay_slug":"caneo","barangay_name":"Caneo"},"geometry":{"type":"Point","coordinates":[121.0105733,17.091255999999998]}},{"type":"Feature","properties":{"name":"Atin's Meat Shop (Daplot's Meat Shop Extension)","kind":"market","kind_label":"Market","source":"google_places","google_place_id":"ChIJZxxOADDTjzMRsOT8cEUePC0","google_primary_type":"food_store","google_primary_type_label":"Food Store","google_types":["food_store","store","point_of_interest","food","establishment"],"google_maps_uri":"https://maps.google.com/?cid=3259513513906594992&g_mp=Cilnb29nbGUubWFwcy5wbGFjZXMudjEuUGxhY2VzLlNlYXJjaE5lYXJieRACGAQgAA","google_icon_mask_base_uri":"https://maps.gstatic.com/mapfiles/place_api/icons/v2/shopping_pinlet","google_icon_background_color":"#4B96F3","formatted_address":"Fagyan Building, Samoki Welcome,Samoki Bontoc Mountain Province Samoki, Bontoc, 2616 Mountain Province, Philippines","business_status":"OPERATIONAL","rating":null,"user_rating_count":null,"barangay_slug":"caneo","barangay_name":"Caneo"},"geometry":{"type":"Point","coordinates":[121.0048357,17.0870127]}},{"type":"Feature","properties":{"name":"Grazel Law ed","kind":"school","kind_label":"School","source":"google_places","google_place_id":"ChIJu5b8fBzRjzMRtCA6xmDy-Z4","google_primary_type":"school","google_primary_type_label":"School","google_types":["school","educational_institution","point_of_interest","establishment"],"google_maps_uri":"https://maps.google.com/?cid=11455453624650047668&g_mp=Cilnb29nbGUubWFwcy5wbGFjZXMudjEuUGxhY2VzLlNlYXJjaE5lYXJieRACGAQgAA","google_icon_mask_base_uri":"https://maps.gstatic.com/mapfiles/place_api/icons/v2/school_pinlet","google_icon_background_color":"#7B9EB0","formatted_address":"32R6+G64, Bontoc, Mountain Province, Philippines","business_status":"OPERATIONAL","rating":null,"user_rating_count":null,"barangay_slug":"caneo","barangay_name":"Caneo"},"geometry":{"type":"Point","coordinates":[121.0105733,17.091255999999998]}},{"type":"Feature","properties":{"name":"Bontoc","kind":"tourism","kind_label":"Tourism","source":"google_places","google_place_id":"ChIJ9-DR503RjzMRTk1R83hGT9Y","google_primary_type":"hiking_area","google_primary_type_label":"Hiking Area","google_types":["hiking_area","sports_activity_location","point_of_interest","establishment"],"google_maps_uri":"https://maps.google.com/?cid=15442639132568931662&g_mp=Cilnb29nbGUubWFwcy5wbGFjZXMudjEuUGxhY2VzLlNlYXJjaE5lYXJieRACGAQgAA","google_icon_mask_base_uri":"https://maps.gstatic.com/mapfiles/place_api/icons/v2/hiking_pinlet","google_icon_background_color":"#4DB546","formatted_address":"32R6+G64 sea of clouds, Bontoc, Mountain Province, Philippines","business_status":"OPERATIONAL","rating":null,"user_rating_count":null,"barangay_slug":"caneo","barangay_name":"Caneo"},"geometry":{"type":"Point","coordinates":[121.0105733,17.091255999999998]}},{"type":"Feature","properties":{"name":"Bontoc mountain Province","kind":"tourism","kind_label":"Tourism","source":"google_places","google_place_id":"ChIJD7THEQDRjzMRURsZPNWk9co","google_primary_type":"tourist_attraction","google_primary_type_label":"Tourist Attraction","google_types":["tourist_attraction","point_of_interest","establishment"],"google_maps_uri":"https://maps.google.com/?cid=14624776600698821457&g_mp=Cilnb29nbGUubWFwcy5wbGFjZXMudjEuUGxhY2VzLlNlYXJjaE5lYXJieRACGAQgAA","google_icon_mask_base_uri":"https://maps.gstatic.com/mapfiles/place_api/icons/v2/generic_pinlet","google_icon_background_color":"#13B5C7","formatted_address":"32R6+G64, Bontoc, Mountain Province, Philippines","business_status":"OPERATIONAL","rating":4.7,"user_rating_count":20,"barangay_slug":"caneo","barangay_name":"Caneo"},"geometry":{"type":"Point","coordinates":[121.0105733,17.091255999999998]}},{"type":"Feature","properties":{"name":"Mount Pokis","kind":"tourism","kind_label":"Tourism","source":"google_places","google_place_id":"ChIJP7VpPQDRjzMRl_Rab8n4qpE","google_primary_type":"tourist_attraction","google_primary_type_label":"Tourist Attraction","google_types":["tourist_attraction","point_of_interest","establishment"],"google_maps_uri":"https://maps.google.com/?cid=10496475425580709015&g_mp=Cilnb29nbGUubWFwcy5wbGFjZXMudjEuUGxhY2VzLlNlYXJjaE5lYXJieRACGAQgAA","google_icon_mask_base_uri":"https://maps.gstatic.com/mapfiles/place_api/icons/v2/generic_pinlet","google_icon_background_color":"#13B5C7","formatted_address":"32R6+G64, Bontoc, Mountain Province, Philippines","business_status":"OPERATIONAL","rating":5,"user_rating_count":1,"barangay_slug":"caneo","barangay_name":"Caneo"},"geometry":{"type":"Point","coordinates":[121.0105733,17.091255999999998]}},{"type":"Feature","properties":{"name":"Mt Fato","kind":"tourism","kind_label":"Tourism","source":"google_places","google_place_id":"ChIJuVZqHgDRjzMRoDVQnzR8_UA","google_primary_type":"hiking_area","google_primary_type_label":"Hiking Area","google_types":["hiking_area","sports_activity_location","point_of_interest","establishment"],"google_maps_uri":"https://maps.google.com/?cid=4683035752988161440&g_mp=Cilnb29nbGUubWFwcy5wbGFjZXMudjEuUGxhY2VzLlNlYXJjaE5lYXJieRACGAQgAA","google_icon_mask_base_uri":"https://maps.gstatic.com/mapfiles/place_api/icons/v2/hiking_pinlet","google_icon_background_color":"#4DB546","formatted_address":"32R6+G64, Bontoc, Mountain Province, Philippines","business_status":"OPERATIONAL","rating":5,"user_rating_count":5,"barangay_slug":"caneo","barangay_name":"Caneo"},"geometry":{"type":"Point","coordinates":[121.0105733,17.091255999999998]}},{"type":"Feature","properties":{"name":"Petroglyphs of Alab Oriente","kind":"tourism","kind_label":"Tourism","source":"google_places","google_place_id":"ChIJtW6ENQDRjzMRpkrjZIvubjQ","google_primary_type":"tourist_attraction","google_primary_type_label":"Tourist Attraction","google_types":["tourist_attraction","point_of_interest","establishment"],"google_maps_uri":"https://maps.google.com/?cid=3778219419870907046&g_mp=Cilnb29nbGUubWFwcy5wbGFjZXMudjEuUGxhY2VzLlNlYXJjaE5lYXJieRACGAQgAA","google_icon_mask_base_uri":"https://maps.gstatic.com/mapfiles/place_api/icons/v2/generic_pinlet","google_icon_background_color":"#13B5C7","formatted_address":"32R6+G64, Bontoc, Mountain Province, Philippines","business_status":"OPERATIONAL","rating":null,"user_rating_count":null,"barangay_slug":"caneo","barangay_name":"Caneo"},"geometry":{"type":"Point","coordinates":[121.0105733,17.091255999999998]}},{"type":"Feature","properties":{"name":"Talubin mini Falls","kind":"tourism","kind_label":"Tourism","source":"google_places","google_place_id":"ChIJqWRtZgDRjzMRLotwd_lqOwA","google_primary_type":"tourist_attraction","google_primary_type_label":"Tourist Attraction","google_types":["tourist_attraction","point_of_interest","establishment"],"google_maps_uri":"https://maps.google.com/?cid=16724643309194030&g_mp=Cilnb29nbGUubWFwcy5wbGFjZXMudjEuUGxhY2VzLlNlYXJjaE5lYXJieRACGAQgAA","google_icon_mask_base_uri":"https://maps.gstatic.com/mapfiles/place_api/icons/v2/generic_pinlet","google_icon_background_color":"#13B5C7","formatted_address":"32R6+G64, Bontoc, Mountain Province, Philippines","business_status":"OPERATIONAL","rating":null,"user_rating_count":null,"barangay_slug":"caneo","barangay_name":"Caneo"},"geometry":{"type":"Point","coordinates":[121.0105733,17.091255999999998]}},{"type":"Feature","properties":{"name":"Dalican Elementary School","kind":"school","kind_label":"School","source":"google_places","google_place_id":"ChIJ2QYAMILSjzMR4AKaEaal0RU","google_primary_type":"primary_school","google_primary_type_label":"Elementary School","google_types":["primary_school","school","educational_institution","point_of_interest","establishment"],"google_maps_uri":"https://maps.google.com/?cid=1572219877607473888&g_mp=Cilnb29nbGUubWFwcy5wbGFjZXMudjEuUGxhY2VzLlNlYXJjaE5lYXJieRACGAQgAA","google_icon_mask_base_uri":"https://maps.gstatic.com/mapfiles/place_api/icons/v2/school_pinlet","google_icon_background_color":"#7B9EB0","formatted_address":"4WFP+278, Dalican, Bontoc, Mountain Province, Philippines","business_status":"OPERATIONAL","rating":null,"user_rating_count":null,"barangay_slug":"dalican","barangay_name":"Dalican"},"geometry":{"type":"Point","coordinates":[120.93570580000001,17.122534599999998]}},{"type":"Feature","properties":{"name":"Pusong(Dalican)","kind":"tourism","kind_label":"Tourism","source":"google_places","google_place_id":"ChIJWdwoKfPTjzMRELUQFAxrGCw","google_primary_type":"tourist_attraction","google_primary_type_label":"Tourist Attraction","google_types":["tourist_attraction","point_of_interest","establishment"],"google_maps_uri":"https://maps.google.com/?cid=3177407236730303760&g_mp=Cilnb29nbGUubWFwcy5wbGFjZXMudjEuUGxhY2VzLlNlYXJjaE5lYXJieRACGAQgAA","google_icon_mask_base_uri":"https://maps.gstatic.com/mapfiles/place_api/icons/v2/generic_pinlet","google_icon_background_color":"#13B5C7","formatted_address":"4WGF+8CQ, Bontoc, Mountain Province, Philippines","business_status":"OPERATIONAL","rating":4,"user_rating_count":1,"barangay_slug":"dalican","barangay_name":"Dalican"},"geometry":{"type":"Point","coordinates":[120.9236249,17.1258276]}},{"type":"Feature","properties":{"name":"Holy Trinity Church","kind":"worship","kind_label":"Worship","source":"google_places","google_place_id":"ChIJZ3eJ04PSjzMRn_UHh_cMFzk","google_primary_type":"church","google_primary_type_label":"Church","google_types":["church","place_of_worship","association_or_organization","point_of_interest","establishment"],"google_maps_uri":"https://maps.google.com/?cid=4113771041888138655&g_mp=Cilnb29nbGUubWFwcy5wbGFjZXMudjEuUGxhY2VzLlNlYXJjaE5lYXJieRACGAQgAA","google_icon_mask_base_uri":"https://maps.gstatic.com/mapfiles/place_api/icons/v2/worship_christian_pinlet","google_icon_background_color":"#7B9EB0","formatted_address":"4WCP+R7J, Dalican, Bontoc, Mountain Province, Philippines","business_status":"OPERATIONAL","rating":null,"user_rating_count":null,"barangay_slug":"dalican","barangay_name":"Dalican"},"geometry":{"type":"Point","coordinates":[120.9356278,17.1220995]}},{"type":"Feature","properties":{"name":"Bawi","kind":"business","kind_label":"Business","source":"google_places","google_place_id":"ChIJebpLUSTVjzMRJLd94BKK6Hs","google_primary_type":"restaurant","google_primary_type_label":"Restaurant","google_types":["restaurant","food","point_of_interest","establishment"],"google_maps_uri":"https://maps.google.com/?cid=8928538074942388004&g_mp=Cilnb29nbGUubWFwcy5wbGFjZXMudjEuUGxhY2VzLlNlYXJjaE5lYXJieRACGAQgAA","google_icon_mask_base_uri":"https://maps.gstatic.com/mapfiles/place_api/icons/v2/restaurant_pinlet","google_icon_background_color":"#FF9E67","formatted_address":"2WFP+3FV, Bontoc, Mountain Province, Philippines","business_status":"OPERATIONAL","rating":3.3,"user_rating_count":3,"barangay_slug":"gonogon","barangay_name":"Gonogon"},"geometry":{"type":"Point","coordinates":[120.93616329999999,17.0227288]}},{"type":"Feature","properties":{"name":"Gonogon","kind":"business","kind_label":"Business","source":"google_places","google_place_id":"ChIJIyunHaHVjzMR0E_XnZGEU3c","google_primary_type":"association_or_organization","google_primary_type_label":"Association / Organization","google_types":["association_or_organization","service","point_of_interest","establishment"],"google_maps_uri":"https://maps.google.com/?cid=8598361874533666768&g_mp=Cidnb29nbGUubWFwcy5wbGFjZXMudjEuUGxhY2VzLlNlYXJjaFRleHQQAhgEIAA","google_icon_mask_base_uri":"https://maps.gstatic.com/mapfiles/place_api/icons/v2/generic_pinlet","google_icon_background_color":"#7B9EB0","formatted_address":"2WJQ+7QQ Legab, Bontoc, Mountain Province, Philippines","business_status":"OPERATIONAL","rating":null,"user_rating_count":null,"barangay_slug":"gonogon","barangay_name":"Gonogon"},"geometry":{"type":"Point","coordinates":[120.9394985,17.0307001]}},{"type":"Feature","properties":{"name":"Gonogon","kind":"business","kind_label":"Business","source":"google_places","google_place_id":"ChIJS-oUcnHUjzMRrp5Cbrkgdeo","google_primary_type":null,"google_primary_type_label":null,"google_types":["sublocality_level_2","sublocality","political"],"google_maps_uri":"https://maps.google.com/?cid=16894445557941182126&g_mp=Cidnb29nbGUubWFwcy5wbGFjZXMudjEuUGxhY2VzLlNlYXJjaFRleHQQAhgEIAA","google_icon_mask_base_uri":"https://maps.gstatic.com/mapfiles/place_api/icons/v2/generic_pinlet","google_icon_background_color":"#7B9EB0","formatted_address":"Gonogon, Bontoc, Mountain Province, Philippines","business_status":null,"rating":null,"user_rating_count":null,"barangay_slug":"gonogon","barangay_name":"Gonogon"},"geometry":{"type":"Point","coordinates":[120.95321229999998,17.0272577]}},{"type":"Feature","properties":{"name":"Gonogon,vulcanazing shop&car wash","kind":"business","kind_label":"Business","source":"google_places","google_place_id":"ChIJi7SlZv_VjzMR2sm9mA9l9OU","google_primary_type":"car_wash","google_primary_type_label":"Car Wash","google_types":["car_wash","point_of_interest","service","establishment"],"google_maps_uri":"https://maps.google.com/?cid=16569980046664387034&g_mp=Cidnb29nbGUubWFwcy5wbGFjZXMudjEuUGxhY2VzLlNlYXJjaFRleHQQAhgEIAA","google_icon_mask_base_uri":"https://maps.gstatic.com/mapfiles/place_api/icons/v2/generic_pinlet","google_icon_background_color":"#7B9EB0","formatted_address":"2WCP+G92, Bontoc, Mountain Province, Philippines","business_status":"OPERATIONAL","rating":5,"user_rating_count":1,"barangay_slug":"gonogon","barangay_name":"Gonogon"},"geometry":{"type":"Point","coordinates":[120.93587989999997,17.021265]}},{"type":"Feature","properties":{"name":"GREEN PASTURE RESTO","kind":"business","kind_label":"Business","source":"google_places","google_place_id":"ChIJ15BIffHUjzMRubtsVNrleTU","google_primary_type":"restaurant","google_primary_type_label":"Restaurant","google_types":["restaurant","point_of_interest","food","establishment"],"google_maps_uri":"https://maps.google.com/?cid=3853363682074213305&g_mp=Cilnb29nbGUubWFwcy5wbGFjZXMudjEuUGxhY2VzLlNlYXJjaE5lYXJieRACGAQgAA","google_icon_mask_base_uri":"https://maps.gstatic.com/mapfiles/place_api/icons/v2/restaurant_pinlet","google_icon_background_color":"#FF9E67","formatted_address":"Bontoc, Mountain Province, Philippines","business_status":"OPERATIONAL","rating":null,"user_rating_count":null,"barangay_slug":"gonogon","barangay_name":"Gonogon"},"geometry":{"type":"Point","coordinates":[120.93380540000001,17.014661]}},{"type":"Feature","properties":{"name":"Botika sa Barangay","kind":"clinic","kind_label":"Clinic","source":"google_places","google_place_id":"ChIJMenKx4fUjzMRTCg87n1kacA","google_primary_type":"pharmacy","google_primary_type_label":"Pharmacy","google_types":["pharmacy","health","store","point_of_interest","establishment"],"google_maps_uri":"https://maps.google.com/?cid=13864723419867392076&g_mp=Cilnb29nbGUubWFwcy5wbGFjZXMudjEuUGxhY2VzLlNlYXJjaE5lYXJieRACGAQgAA","google_icon_mask_base_uri":"https://maps.gstatic.com/mapfiles/place_api/icons/v2/pharmacy_pinlet","google_icon_background_color":"#F88181","formatted_address":"2WJQ+7VF, Mountain Trail, Bontoc, Mountain Province, Philippines","business_status":"OPERATIONAL","rating":3,"user_rating_count":1,"barangay_slug":"gonogon","barangay_name":"Gonogon"},"geometry":{"type":"Point","coordinates":[120.93966719999999,17.030689199999998]}},{"type":"Feature","properties":{"name":"Barangay Hall","kind":"govt","kind_label":"Government","source":"google_places","google_place_id":"ChIJXQoVL4bUjzMRxmvQjoFDksI","google_primary_type":"community_center","google_primary_type_label":"Community Center","google_types":["community_center","city_hall","event_venue","local_government_office","government_office","service","point_of_interest","establishment"],"google_maps_uri":"https://maps.google.com/?cid=14020342813683641286&g_mp=Cilnb29nbGUubWFwcy5wbGFjZXMudjEuUGxhY2VzLlNlYXJjaE5lYXJieRACGAQgAA","google_icon_mask_base_uri":"https://maps.gstatic.com/mapfiles/place_api/icons/v2/generic_pinlet","google_icon_background_color":"#7B9EB0","formatted_address":"2WJQ+8C4, Mountain Trail, Bontoc, Mountain Province, Philippines","business_status":"OPERATIONAL","rating":3,"user_rating_count":1,"barangay_slug":"gonogon","barangay_name":"Gonogon"},"geometry":{"type":"Point","coordinates":[120.93859099999999,17.0307693]}},{"type":"Feature","properties":{"name":"Brew Cafe","kind":"market","kind_label":"Market","source":"google_places","google_place_id":"ChIJZ_BuWNXVjzMR9dKCdCIynTA","google_primary_type":"coffee_shop","google_primary_type_label":"Coffee Shop","google_types":["coffee_shop","cafe","food_store","store","point_of_interest","food","establishment"],"google_maps_uri":"https://maps.google.com/?cid=3503011208729121525&g_mp=Cilnb29nbGUubWFwcy5wbGFjZXMudjEuUGxhY2VzLlNlYXJjaE5lYXJieRACGAQgAA","google_icon_mask_base_uri":"https://maps.gstatic.com/mapfiles/place_api/icons/v2/cafe_pinlet","google_icon_background_color":"#FF9E67","formatted_address":"2W7M+RGC, Bontoc, Mountain Province, Philippines","business_status":"OPERATIONAL","rating":4.6,"user_rating_count":5,"barangay_slug":"gonogon","barangay_name":"Gonogon"},"geometry":{"type":"Point","coordinates":[120.9337714,17.0145729]}},{"type":"Feature","properties":{"name":"VICTORIA'S GROCERY","kind":"market","kind_label":"Market","source":"google_places","google_place_id":"ChIJER0G2PPUjzMR611-koJ3YV0","google_primary_type":"grocery_store","google_primary_type_label":"Grocery Store","google_types":["grocery_store","food_store","store","point_of_interest","food","establishment"],"google_maps_uri":"https://maps.google.com/?cid=6728790720955440619&g_mp=Cilnb29nbGUubWFwcy5wbGFjZXMudjEuUGxhY2VzLlNlYXJjaE5lYXJieRACGAQgAA","google_icon_mask_base_uri":"https://maps.gstatic.com/mapfiles/place_api/icons/v2/shoppingcart_pinlet","google_icon_background_color":"#4B96F3","formatted_address":"Bontoc, Mountain Province, Philippines","business_status":"OPERATIONAL","rating":null,"user_rating_count":null,"barangay_slug":"gonogon","barangay_name":"Gonogon"},"geometry":{"type":"Point","coordinates":[120.93389119999999,17.0147324]}},{"type":"Feature","properties":{"name":"Grand Pali Inn","kind":"tourism","kind_label":"Tourism","source":"google_places","google_place_id":"ChIJlY6iCQDVjzMRynstti6tXeg","google_primary_type":"bed_and_breakfast","google_primary_type_label":"Bed & Breakfast","google_types":["bed_and_breakfast","lodging","point_of_interest","establishment"],"google_maps_uri":"https://maps.google.com/?cid=16743729405769907146&g_mp=Cilnb29nbGUubWFwcy5wbGFjZXMudjEuUGxhY2VzLlNlYXJjaE5lYXJieRACGAQgAA","google_icon_mask_base_uri":"https://maps.gstatic.com/mapfiles/place_api/icons/v2/hotel_pinlet","google_icon_background_color":"#909CE1","formatted_address":"2W7M+RGC, Bontoc, Mountain Province, Philippines","business_status":"OPERATIONAL","rating":5,"user_rating_count":2,"barangay_slug":"gonogon","barangay_name":"Gonogon"},"geometry":{"type":"Point","coordinates":[120.9339411,17.0147179]}},{"type":"Feature","properties":{"name":"Gonogon Bus Stop","kind":"transport","kind_label":"Transport","source":"google_places","google_place_id":"ChIJnZ4KJYbUjzMR_wgQ2zyCweE","google_primary_type":"bus_stop","google_primary_type_label":"Bus stop","google_types":["bus_stop","transit_stop","transit_station","transportation_service","point_of_interest","establishment"],"google_maps_uri":"https://maps.google.com/?cid=16267426526923852031&g_mp=Cilnb29nbGUubWFwcy5wbGFjZXMudjEuUGxhY2VzLlNlYXJjaE5lYXJieRACGAQgAA","google_icon_mask_base_uri":"https://maps.gstatic.com/mapfiles/place_api/icons/v2/transit_pinlet","google_icon_background_color":"#10BDFF","formatted_address":"Mountain Trail, Gonogon, Bontoc, Mountain Province, Philippines","business_status":"OPERATIONAL","rating":null,"user_rating_count":null,"barangay_slug":"gonogon","barangay_name":"Gonogon"},"geometry":{"type":"Point","coordinates":[120.9380539,17.0302968]}},{"type":"Feature","properties":{"name":"PTT Sabangan - Thailand's No. 1","kind":"transport","kind_label":"Transport","source":"google_places","google_place_id":"ChIJWQvtDk7VjzMRvnNL0sloyrM","google_primary_type":"gas_station","google_primary_type_label":"Gas Station","google_types":["gas_station","service","point_of_interest","establishment"],"google_maps_uri":"https://maps.google.com/?cid=12955282494110528446&g_mp=Cilnb29nbGUubWFwcy5wbGFjZXMudjEuUGxhY2VzLlNlYXJjaE5lYXJieRACGAQgAA","google_icon_mask_base_uri":"https://maps.gstatic.com/mapfiles/place_api/icons/v2/gas_pinlet","google_icon_background_color":"#909CE1","formatted_address":"Halsema Highway, Bontoc, Mountain Province, Philippines","business_status":"OPERATIONAL","rating":4.3,"user_rating_count":12,"barangay_slug":"gonogon","barangay_name":"Gonogon"},"geometry":{"type":"Point","coordinates":[120.933847,17.014909799999998]}},{"type":"Feature","properties":{"name":"St. Augustine's Church","kind":"worship","kind_label":"Worship","source":"google_places","google_place_id":"ChIJSfyLyIfUjzMRdUXIDGAlfpo","google_primary_type":"church","google_primary_type_label":"Church","google_types":["church","place_of_worship","association_or_organization","point_of_interest","establishment"],"google_maps_uri":"https://maps.google.com/?cid=11132376423367984501&g_mp=Cilnb29nbGUubWFwcy5wbGFjZXMudjEuUGxhY2VzLlNlYXJjaE5lYXJieRACGAQgAA","google_icon_mask_base_uri":"https://maps.gstatic.com/mapfiles/place_api/icons/v2/worship_christian_pinlet","google_icon_background_color":"#7B9EB0","formatted_address":"Legab, Bontoc, Mountain Province, Philippines","business_status":"OPERATIONAL","rating":3.5,"user_rating_count":2,"barangay_slug":"gonogon","barangay_name":"Gonogon"},"geometry":{"type":"Point","coordinates":[120.93949810000001,17.0307112]}},{"type":"Feature","properties":{"name":"st. therese","kind":"worship","kind_label":"Worship","source":"google_places","google_place_id":"ChIJNQ_gn4jUjzMR-GRqWVnAY-o","google_primary_type":"church","google_primary_type_label":"Church","google_types":["church","place_of_worship","association_or_organization","point_of_interest","establishment"],"google_maps_uri":"https://maps.google.com/?cid=16889554517554259192&g_mp=Cilnb29nbGUubWFwcy5wbGFjZXMudjEuUGxhY2VzLlNlYXJjaE5lYXJieRACGAQgAA","google_icon_mask_base_uri":"https://maps.gstatic.com/mapfiles/place_api/icons/v2/worship_christian_pinlet","google_icon_background_color":"#7B9EB0","formatted_address":"2WHQ+X22, Halsema Highway, Bontoc, Mountain Province, Philippines","business_status":"OPERATIONAL","rating":3,"user_rating_count":1,"barangay_slug":"gonogon","barangay_name":"Gonogon"},"geometry":{"type":"Point","coordinates":[120.93752149999999,17.029889]}},{"type":"Feature","properties":{"name":"Church Rectory","kind":"business","kind_label":"Business","source":"google_places","google_place_id":"ChIJM6NjDZDNjzMRL3b-o0G8mAA","google_primary_type":"premise","google_primary_type_label":"Building","google_types":["premise","street_address"],"google_maps_uri":"https://maps.google.com/?cid=42991186570278447&g_mp=Cidnb29nbGUubWFwcy5wbGFjZXMudjEuUGxhY2VzLlNlYXJjaFRleHQQAhgEIAA","google_icon_mask_base_uri":"https://maps.gstatic.com/mapfiles/place_api/icons/v2/generic_pinlet","google_icon_background_color":"#7B9EB0","formatted_address":"Church Rectory, Guina-ang Rd, Guinaang, Bontoc, Mountain Province, Philippines","business_status":null,"rating":null,"user_rating_count":null,"barangay_slug":"guinaang","barangay_name":"Guinaang"},"geometry":{"type":"Point","coordinates":[120.9539182,17.133601499999997]}},{"type":"Feature","properties":{"name":"Guina-ang National High School Athletic Ground","kind":"business","kind_label":"Business","source":"google_places","google_place_id":"ChIJl7Apj5rNjzMRA1U6pK6f2RA","google_primary_type":null,"google_primary_type_label":null,"google_types":["premise","street_address"],"google_maps_uri":"https://maps.google.com/?cid=1214177146981471491&g_mp=Cidnb29nbGUubWFwcy5wbGFjZXMudjEuUGxhY2VzLlNlYXJjaFRleHQQAhgEIAA","google_icon_mask_base_uri":"https://maps.gstatic.com/mapfiles/place_api/icons/v2/generic_pinlet","google_icon_background_color":"#7B9EB0","formatted_address":"Guina-ang National High School Athletic Ground, Guina-ang Rd, Guinaang, Bontoc, Mountain Province, Philippines","business_status":null,"rating":null,"user_rating_count":null,"barangay_slug":"guinaang","barangay_name":"Guinaang"},"geometry":{"type":"Point","coordinates":[120.95236059999999,17.1350059]}},{"type":"Feature","properties":{"name":"R Khen-Z Building","kind":"market","kind_label":"Market","source":"google_places","google_place_id":"ChIJDaPbWwDTjzMRyEOgH68TU3s","google_primary_type":"coffee_shop","google_primary_type_label":"Coffee Shop","google_types":["coffee_shop","cafe","food_store","store","point_of_interest","food","establishment"],"google_maps_uri":"https://maps.google.com/?cid=8886468132602921928&g_mp=Cilnb29nbGUubWFwcy5wbGFjZXMudjEuUGxhY2VzLlNlYXJjaE5lYXJieRACGAQgAA","google_icon_mask_base_uri":"https://maps.gstatic.com/mapfiles/place_api/icons/v2/cafe_pinlet","google_icon_background_color":"#FF9E67","formatted_address":"1 Poblacion, Bontoc, Mountain Province, Philippines","business_status":"OPERATIONAL","rating":null,"user_rating_count":null,"barangay_slug":"guinaang","barangay_name":"Guinaang"},"geometry":{"type":"Point","coordinates":[120.95978240000001,17.1186905]}},{"type":"Feature","properties":{"name":"Guina-ang Elementery School","kind":"school","kind_label":"School","source":"google_places","google_place_id":"ChIJW1hLg5rNjzMRMtaL8wYmShQ","google_primary_type":"primary_school","google_primary_type_label":"Elementary School","google_types":["primary_school","school","educational_institution","point_of_interest","establishment"],"google_maps_uri":"https://maps.google.com/?cid=1462022840332834354&g_mp=Cilnb29nbGUubWFwcy5wbGFjZXMudjEuUGxhY2VzLlNlYXJjaE5lYXJieRACGAQgAA","google_icon_mask_base_uri":"https://maps.gstatic.com/mapfiles/place_api/icons/v2/school_pinlet","google_icon_background_color":"#7B9EB0","formatted_address":"4XM3+R57, Guina-ang Rd, Guinaang, Bontoc, Mountain Province, Philippines","business_status":"OPERATIONAL","rating":null,"user_rating_count":null,"barangay_slug":"guinaang","barangay_name":"Guinaang"},"geometry":{"type":"Point","coordinates":[120.9529201,17.134543700000002]}},{"type":"Feature","properties":{"name":"Machaor","kind":"tourism","kind_label":"Tourism","source":"google_places","google_place_id":"ChIJJ_qXZQDNjzMRPc4UoBoac5c","google_primary_type":"tourist_attraction","google_primary_type_label":"Tourist Attraction","google_types":["tourist_attraction","point_of_interest","establishment"],"google_maps_uri":"https://maps.google.com/?cid=10913095023706033725&g_mp=Cilnb29nbGUubWFwcy5wbGFjZXMudjEuUGxhY2VzLlNlYXJjaE5lYXJieRACGAQgAA","google_icon_mask_base_uri":"https://maps.gstatic.com/mapfiles/place_api/icons/v2/generic_pinlet","google_icon_background_color":"#13B5C7","formatted_address":"4WPV+9J, Bontoc, Mountain Province, Philippines","business_status":"OPERATIONAL","rating":null,"user_rating_count":null,"barangay_slug":"guinaang","barangay_name":"Guinaang"},"geometry":{"type":"Point","coordinates":[120.94408010000001,17.135909599999998]}},{"type":"Feature","properties":{"name":"Mt. Fato Summit","kind":"tourism","kind_label":"Tourism","source":"google_places","google_place_id":"ChIJ3fWGHgDTjzMRL9p7nvImtTs","google_primary_type":"hiking_area","google_primary_type_label":"Hiking Area","google_types":["hiking_area","sports_activity_location","point_of_interest","establishment"],"google_maps_uri":"https://maps.google.com/?cid=4302387842505234991&g_mp=Cilnb29nbGUubWFwcy5wbGFjZXMudjEuUGxhY2VzLlNlYXJjaE5lYXJieRACGAQgAA","google_icon_mask_base_uri":"https://maps.gstatic.com/mapfiles/place_api/icons/v2/hiking_pinlet","google_icon_background_color":"#4DB546","formatted_address":"4X68+MJW, Guinaang, Bontoc, Mountain Province, Philippines","business_status":"OPERATIONAL","rating":null,"user_rating_count":null,"barangay_slug":"guinaang","barangay_name":"Guinaang"},"geometry":{"type":"Point","coordinates":[120.96658649999998,17.1117273]}},{"type":"Feature","properties":{"name":"Roman Catholic Church","kind":"worship","kind_label":"Worship","source":"google_places","google_place_id":"ChIJSbqWLY7NjzMRqjYoG5cjFb8","google_primary_type":"church","google_primary_type_label":"Church","google_types":["church","place_of_worship","association_or_organization","point_of_interest","establishment"],"google_maps_uri":"https://maps.google.com/?cid=13768950567657813674&g_mp=Cilnb29nbGUubWFwcy5wbGFjZXMudjEuUGxhY2VzLlNlYXJjaE5lYXJieRACGAQgAA","google_icon_mask_base_uri":"https://maps.gstatic.com/mapfiles/place_api/icons/v2/worship_christian_pinlet","google_icon_background_color":"#7B9EB0","formatted_address":"4XJ4+HG4, Guina-ang Rd, Guinaang, Bontoc, Mountain Province, Philippines","business_status":"OPERATIONAL","rating":2,"user_rating_count":1,"barangay_slug":"guinaang","barangay_name":"Guinaang"},"geometry":{"type":"Point","coordinates":[120.95632370000001,17.1313991]}},{"type":"Feature","properties":{"name":"St. Michael's Church","kind":"worship","kind_label":"Worship","source":"google_places","google_place_id":"ChIJvQVQcpDNjzMRK3kZzmxZ7Pg","google_primary_type":"church","google_primary_type_label":"Church","google_types":["church","place_of_worship","association_or_organization","point_of_interest","establishment"],"google_maps_uri":"https://maps.google.com/?cid=17936809739758958891&g_mp=Cilnb29nbGUubWFwcy5wbGFjZXMudjEuUGxhY2VzLlNlYXJjaE5lYXJieRACGAQgAA","google_icon_mask_base_uri":"https://maps.gstatic.com/mapfiles/place_api/icons/v2/worship_christian_pinlet","google_icon_background_color":"#7B9EB0","formatted_address":"4XM3+HGH, Guina-ang Rd, Guinaang, Bontoc, Mountain Province, Philippines","business_status":"OPERATIONAL","rating":null,"user_rating_count":null,"barangay_slug":"guinaang","barangay_name":"Guinaang"},"geometry":{"type":"Point","coordinates":[120.9538614,17.1339428]}},{"type":"Feature","properties":{"name":"Mainit Barangay Hall","kind":"govt","kind_label":"Government","source":"google_places","google_place_id":"ChIJg2rmY4rNjzMR3UNydv4YYbQ","google_primary_type":"government_office","google_primary_type_label":"Government Office","google_types":["government_office","point_of_interest","establishment"],"google_maps_uri":"https://maps.google.com/?cid=12997697480755921885&g_mp=Cilnb29nbGUubWFwcy5wbGFjZXMudjEuUGxhY2VzLlNlYXJjaE5lYXJieRACGAQgAA","google_icon_mask_base_uri":"https://maps.gstatic.com/mapfiles/place_api/icons/v2/civic-bldg_pinlet","google_icon_background_color":"#7B9EB0","formatted_address":"5X24+62W, Mainit, Bontoc, Mountain Province, Philippines","business_status":"OPERATIONAL","rating":5,"user_rating_count":2,"barangay_slug":"mainit","barangay_name":"Mainit"},"geometry":{"type":"Point","coordinates":[120.95508989999999,17.1506075]}},{"type":"Feature","properties":{"name":"Day Care Center","kind":"school","kind_label":"School","source":"google_places","google_place_id":"ChIJ89K_60bNjzMR9iT1RgY-yLg","google_primary_type":"school","google_primary_type_label":"School","google_types":["school","educational_institution","point_of_interest","establishment"],"google_maps_uri":"https://maps.google.com/?cid=13314960495002068214&g_mp=Cilnb29nbGUubWFwcy5wbGFjZXMudjEuUGxhY2VzLlNlYXJjaE5lYXJieRACGAQgAA","google_icon_mask_base_uri":"https://maps.gstatic.com/mapfiles/place_api/icons/v2/school_pinlet","google_icon_background_color":"#7B9EB0","formatted_address":"5X33+8F2, Arupey, Mainit, Bontoc, Mountain Province, Philippines","business_status":"OPERATIONAL","rating":null,"user_rating_count":null,"barangay_slug":"mainit","barangay_name":"Mainit"},"geometry":{"type":"Point","coordinates":[120.95363949999998,17.1532529]}},{"type":"Feature","properties":{"name":"Mainit National High School","kind":"school","kind_label":"School","source":"google_places","google_place_id":"ChIJuQI4cgDNjzMRGRZ4wa0z81I","google_primary_type":"school","google_primary_type_label":"School","google_types":["school","educational_institution","point_of_interest","establishment"],"google_maps_uri":"https://maps.google.com/?cid=5977177951819011609&g_mp=Cilnb29nbGUubWFwcy5wbGFjZXMudjEuUGxhY2VzLlNlYXJjaE5lYXJieRACGAQgAA","google_icon_mask_base_uri":"https://maps.gstatic.com/mapfiles/place_api/icons/v2/school_pinlet","google_icon_background_color":"#7B9EB0","formatted_address":"5W3X+F7X, Mainit, Bontoc, Mountain Province, Philippines","business_status":"OPERATIONAL","rating":null,"user_rating_count":null,"barangay_slug":"mainit","barangay_name":"Mainit"},"geometry":{"type":"Point","coordinates":[120.9482412,17.1537315]}},{"type":"Feature","properties":{"name":"Bumayeng","kind":"tourism","kind_label":"Tourism","source":"google_places","google_place_id":"ChIJNVowYjnNjzMRMB3ufMKsdy8","google_primary_type":"tourist_attraction","google_primary_type_label":"Tourist Attraction","google_types":["tourist_attraction","point_of_interest","establishment"],"google_maps_uri":"https://maps.google.com/?cid=3420392393330793776&g_mp=Cilnb29nbGUubWFwcy5wbGFjZXMudjEuUGxhY2VzLlNlYXJjaE5lYXJieRACGAQgAA","google_icon_mask_base_uri":"https://maps.gstatic.com/mapfiles/place_api/icons/v2/generic_pinlet","google_icon_background_color":"#13B5C7","formatted_address":"5W46+4F8, Sagada, Mountain Province, Philippines","business_status":"OPERATIONAL","rating":4.8,"user_rating_count":5,"barangay_slug":"mainit","barangay_name":"Mainit"},"geometry":{"type":"Point","coordinates":[120.91120310000001,17.1552875]}},{"type":"Feature","properties":{"name":"Chaweng Hot Springs","kind":"tourism","kind_label":"Tourism","source":"google_places","google_place_id":"ChIJ8TDIAgDNjzMRMV2m7dopowQ","google_primary_type":"tourist_attraction","google_primary_type_label":"Tourist Attraction","google_types":["tourist_attraction","point_of_interest","establishment"],"google_maps_uri":"https://maps.google.com/?cid=334156817622261041&g_mp=Cilnb29nbGUubWFwcy5wbGFjZXMudjEuUGxhY2VzLlNlYXJjaE5lYXJieRACGAQgAA","google_icon_mask_base_uri":"https://maps.gstatic.com/mapfiles/place_api/icons/v2/generic_pinlet","google_icon_background_color":"#13B5C7","formatted_address":"4XR2+4X, Bontoc, Mountain Province, Philippines","business_status":"OPERATIONAL","rating":3,"user_rating_count":1,"barangay_slug":"mainit","barangay_name":"Mainit"},"geometry":{"type":"Point","coordinates":[120.95242820000001,17.1403303]}},{"type":"Feature","properties":{"name":"Chongliyan Thermal Pools","kind":"tourism","kind_label":"Tourism","source":"google_places","google_place_id":"ChIJ54wvlLvNjzMRm83XoCtfeOQ","google_primary_type":"resort_hotel","google_primary_type_label":"Resort hotel","google_types":["resort_hotel","massage_spa","hotel","spa","massage","lodging","point_of_interest","service","establishment"],"google_maps_uri":"https://maps.google.com/?cid=16463013078839578011&g_mp=Cilnb29nbGUubWFwcy5wbGFjZXMudjEuUGxhY2VzLlNlYXJjaE5lYXJieRACGAQgAA","google_icon_mask_base_uri":"https://maps.gstatic.com/mapfiles/place_api/icons/v2/hotel_pinlet","google_icon_background_color":"#909CE1","formatted_address":"4XX4+9W7, Mainit Road, Mainit, Bontoc, Mountain Province, Philippines","business_status":"OPERATIONAL","rating":3.9,"user_rating_count":12,"barangay_slug":"mainit","barangay_name":"Mainit"},"geometry":{"type":"Point","coordinates":[120.9572983,17.1484114]}},{"type":"Feature","properties":{"name":"Geston Hot Spring","kind":"tourism","kind_label":"Tourism","source":"google_places","google_place_id":"ChIJd1K0E7zNjzMRWQzzutgAg_Q","google_primary_type":"resort_hotel","google_primary_type_label":"Resort hotel","google_types":["resort_hotel","massage_spa","hotel","spa","massage","lodging","point_of_interest","service","establishment"],"google_maps_uri":"https://maps.google.com/?cid=17618927098052938841&g_mp=Cilnb29nbGUubWFwcy5wbGFjZXMudjEuUGxhY2VzLlNlYXJjaE5lYXJieRACGAQgAA","google_icon_mask_base_uri":"https://maps.gstatic.com/mapfiles/place_api/icons/v2/hotel_pinlet","google_icon_background_color":"#909CE1","formatted_address":"4XW5+P44, Mainit Road, Mainit, Bontoc, Mountain Province, Philippines","business_status":"OPERATIONAL","rating":4,"user_rating_count":20,"barangay_slug":"mainit","barangay_name":"Mainit"},"geometry":{"type":"Point","coordinates":[120.95783429999999,17.1467653]}},{"type":"Feature","properties":{"name":"Great Wall of Mainit","kind":"tourism","kind_label":"Tourism","source":"google_places","google_place_id":"ChIJg0nj9uPNjzMRa3FAUv2WuxI","google_primary_type":"tourist_attraction","google_primary_type_label":"Tourist Attraction","google_types":["tourist_attraction","point_of_interest","establishment"],"google_maps_uri":"https://maps.google.com/?cid=1349838528078442859&g_mp=Cilnb29nbGUubWFwcy5wbGFjZXMudjEuUGxhY2VzLlNlYXJjaE5lYXJieRACGAQgAA","google_icon_mask_base_uri":"https://maps.gstatic.com/mapfiles/place_api/icons/v2/generic_pinlet","google_icon_background_color":"#13B5C7","formatted_address":"4XW5+F8J, Mainit Road, Mainit, Bontoc, Mountain Province, Philippines","business_status":"OPERATIONAL","rating":5,"user_rating_count":1,"barangay_slug":"mainit","barangay_name":"Mainit"},"geometry":{"type":"Point","coordinates":[120.9582506,17.1462151]}},{"type":"Feature","properties":{"name":"Hot Spring","kind":"tourism","kind_label":"Tourism","source":"google_places","google_place_id":"ChIJ9YrIKJ_NjzMRXbx-mCIIgmY","google_primary_type":"tourist_attraction","google_primary_type_label":"Tourist Attraction","google_types":["tourist_attraction","point_of_interest","establishment"],"google_maps_uri":"https://maps.google.com/?cid=7386475283521387613&g_mp=Cilnb29nbGUubWFwcy5wbGFjZXMudjEuUGxhY2VzLlNlYXJjaE5lYXJieRACGAQgAA","google_icon_mask_base_uri":"https://maps.gstatic.com/mapfiles/place_api/icons/v2/generic_pinlet","google_icon_background_color":"#13B5C7","formatted_address":"5X33+39C, Mainit, Bontoc, Mountain Province, Philippines","business_status":"OPERATIONAL","rating":4.7,"user_rating_count":3,"barangay_slug":"mainit","barangay_name":"Mainit"},"geometry":{"type":"Point","coordinates":[120.953414,17.152740599999998]}},{"type":"Feature","properties":{"name":"Inengnga-enga Falls","kind":"tourism","kind_label":"Tourism","source":"google_places","google_place_id":"ChIJD_9BSQDNjzMRXkDjB7k0Gf0","google_primary_type":"tourist_attraction","google_primary_type_label":"Tourist Attraction","google_types":["tourist_attraction","point_of_interest","establishment"],"google_maps_uri":"https://maps.google.com/?cid=18237666135319461982&g_mp=Cilnb29nbGUubWFwcy5wbGFjZXMudjEuUGxhY2VzLlNlYXJjaE5lYXJieRACGAQgAA","google_icon_mask_base_uri":"https://maps.gstatic.com/mapfiles/place_api/icons/v2/generic_pinlet","google_icon_background_color":"#13B5C7","formatted_address":"5X27+XMM, Mainit, Bontoc, Mountain Province, Philippines","business_status":"OPERATIONAL","rating":null,"user_rating_count":null,"barangay_slug":"mainit","barangay_name":"Mainit"},"geometry":{"type":"Point","coordinates":[120.9641799,17.1524725]}},{"type":"Feature","properties":{"name":"Matteng Rice Terraces","kind":"tourism","kind_label":"Tourism","source":"google_places","google_place_id":"ChIJw9b8OADNjzMRwCVsRnoFJKA","google_primary_type":"tourist_attraction","google_primary_type_label":"Tourist Attraction","google_types":["tourist_attraction","point_of_interest","establishment"],"google_maps_uri":"https://maps.google.com/?cid=11539354167955695040&g_mp=Cilnb29nbGUubWFwcy5wbGFjZXMudjEuUGxhY2VzLlNlYXJjaE5lYXJieRACGAQgAA","google_icon_mask_base_uri":"https://maps.gstatic.com/mapfiles/place_api/icons/v2/generic_pinlet","google_icon_background_color":"#13B5C7","formatted_address":"4XQ5+JJP, Guinaang, Bontoc, Mountain Province, Philippines","business_status":"OPERATIONAL","rating":null,"user_rating_count":null,"barangay_slug":"mainit","barangay_name":"Mainit"},"geometry":{"type":"Point","coordinates":[120.95907869999999,17.1390882]}},{"type":"Feature","properties":{"name":"Saffi Falls","kind":"tourism","kind_label":"Tourism","source":"google_places","google_place_id":"ChIJGcwjRwDNjzMRjMsIjoaveCU","google_primary_type":"tourist_attraction","google_primary_type_label":"Tourist Attraction","google_types":["tourist_attraction","point_of_interest","establishment"],"google_maps_uri":"https://maps.google.com/?cid=2700100969052031884&g_mp=Cilnb29nbGUubWFwcy5wbGFjZXMudjEuUGxhY2VzLlNlYXJjaE5lYXJieRACGAQgAA","google_icon_mask_base_uri":"https://maps.gstatic.com/mapfiles/place_api/icons/v2/generic_pinlet","google_icon_background_color":"#13B5C7","formatted_address":"5W4R+VCW, Mainit, Bontoc, Mountain Province, Philippines","business_status":"OPERATIONAL","rating":5,"user_rating_count":2,"barangay_slug":"mainit","barangay_name":"Mainit"},"geometry":{"type":"Point","coordinates":[120.94108639999999,17.157245200000002]}},{"type":"Feature","properties":{"name":"Mainit Golden Fundamental Baptist Church","kind":"worship","kind_label":"Worship","source":"google_places","google_place_id":"ChIJIWjnorvNjzMRFWEJ1r1P5ds","google_primary_type":"church","google_primary_type_label":"Church","google_types":["church","place_of_worship","association_or_organization","point_of_interest","establishment"],"google_maps_uri":"https://maps.google.com/?cid=15845158540731310357&g_mp=Cilnb29nbGUubWFwcy5wbGFjZXMudjEuUGxhY2VzLlNlYXJjaE5lYXJieRACGAQgAA","google_icon_mask_base_uri":"https://maps.gstatic.com/mapfiles/place_api/icons/v2/worship_christian_pinlet","google_icon_background_color":"#7B9EB0","formatted_address":"4XX4+GJ9, Mainit, Bontoc, Mountain Province, Philippines","business_status":"CLOSED_TEMPORARILY","rating":null,"user_rating_count":null,"barangay_slug":"mainit","barangay_name":"Mainit"},"geometry":{"type":"Point","coordinates":[120.95660639999998,17.1487925]}},{"type":"Feature","properties":{"name":"Roman Catholic Church","kind":"worship","kind_label":"Worship","source":"google_places","google_place_id":"ChIJe7F6nrvNjzMRcJz288niljg","google_primary_type":"church","google_primary_type_label":"Church","google_types":["church","place_of_worship","association_or_organization","point_of_interest","establishment"],"google_maps_uri":"https://maps.google.com/?cid=4077695869639892080&g_mp=Cilnb29nbGUubWFwcy5wbGFjZXMudjEuUGxhY2VzLlNlYXJjaE5lYXJieRACGAQgAA","google_icon_mask_base_uri":"https://maps.gstatic.com/mapfiles/place_api/icons/v2/worship_christian_pinlet","google_icon_background_color":"#7B9EB0","formatted_address":"4XX4+GFP, Mainit, Bontoc, Mountain Province, Philippines","business_status":"OPERATIONAL","rating":null,"user_rating_count":null,"barangay_slug":"mainit","barangay_name":"Mainit"},"geometry":{"type":"Point","coordinates":[120.95620869999999,17.1488491]}},{"type":"Feature","properties":{"name":"Saint Joseph Church","kind":"worship","kind_label":"Worship","source":"google_places","google_place_id":"ChIJiYNVPbvNjzMR4eDQv25YaF8","google_primary_type":"church","google_primary_type_label":"Church","google_types":["church","place_of_worship","association_or_organization","point_of_interest","establishment"],"google_maps_uri":"https://maps.google.com/?cid=6874842063868846305&g_mp=Cilnb29nbGUubWFwcy5wbGFjZXMudjEuUGxhY2VzLlNlYXJjaE5lYXJieRACGAQgAA","google_icon_mask_base_uri":"https://maps.gstatic.com/mapfiles/place_api/icons/v2/worship_christian_pinlet","google_icon_background_color":"#7B9EB0","formatted_address":"5X23+2R9, Mainit Road, Mainit, Bontoc, Mountain Province, Philippines","business_status":"OPERATIONAL","rating":null,"user_rating_count":null,"barangay_slug":"mainit","barangay_name":"Mainit"},"geometry":{"type":"Point","coordinates":[120.9546242,17.150026999999998]}},{"type":"Feature","properties":{"name":"Tribal Covenant of Christ's Ambassador","kind":"worship","kind_label":"Worship","source":"google_places","google_place_id":"ChIJQTWUWAzNjzMRxMnMhE1JjZY","google_primary_type":"church","google_primary_type_label":"Church","google_types":["church","place_of_worship","association_or_organization","point_of_interest","establishment"],"google_maps_uri":"https://maps.google.com/?cid=10848407674694715844&g_mp=Cilnb29nbGUubWFwcy5wbGFjZXMudjEuUGxhY2VzLlNlYXJjaE5lYXJieRACGAQgAA","google_icon_mask_base_uri":"https://maps.gstatic.com/mapfiles/place_api/icons/v2/worship_christian_pinlet","google_icon_background_color":"#7B9EB0","formatted_address":"5X24+X5F, Mainit, Bontoc, Mountain Province, Philippines","business_status":"OPERATIONAL","rating":null,"user_rating_count":null,"barangay_slug":"mainit","barangay_name":"Mainit"},"geometry":{"type":"Point","coordinates":[120.95541779999999,17.152428399999998]}},{"type":"Feature","properties":{"name":"Church Ground","kind":"business","kind_label":"Business","source":"google_places","google_place_id":"ChIJFY1gn-HNjzMRBZJeja8mesE","google_primary_type":null,"google_primary_type_label":null,"google_types":["premise","street_address"],"google_maps_uri":"https://maps.google.com/?cid=13941498131911709189&g_mp=Cidnb29nbGUubWFwcy5wbGFjZXMudjEuUGxhY2VzLlNlYXJjaFRleHQQAhgEIAA","google_icon_mask_base_uri":"https://maps.gstatic.com/mapfiles/place_api/icons/v2/generic_pinlet","google_icon_background_color":"#7B9EB0","formatted_address":"Church Ground, Bontoc, Mountain Province, Philippines","business_status":null,"rating":null,"user_rating_count":null,"barangay_slug":"maligcong","barangay_name":"Maligcong"},"geometry":{"type":"Point","coordinates":[120.98501060000001,17.1337047]}},{"type":"Feature","properties":{"name":"Maligcong Rice Terraces","kind":"business","kind_label":"Business","source":"google_places","google_place_id":"ChIJpab3BuXNjzMRU-JwTcPYiEc","google_primary_type":"scenic_spot","google_primary_type_label":"Scenic Spot","google_types":["scenic_spot","point_of_interest","establishment"],"google_maps_uri":"https://maps.google.com/?cid=5154608106854998611&g_mp=Cidnb29nbGUubWFwcy5wbGFjZXMudjEuUGxhY2VzLlNlYXJjaFRleHQQAhgEIAA","google_icon_mask_base_uri":"https://maps.gstatic.com/mapfiles/place_api/icons/v2/generic_pinlet","google_icon_background_color":"#7B9EB0","formatted_address":"4XJH+7C6, Bontoc, Mountain Province, Philippines","business_status":"OPERATIONAL","rating":4.9,"user_rating_count":34,"barangay_slug":"maligcong","barangay_name":"Maligcong"},"geometry":{"type":"Point","coordinates":[120.9785002,17.130666]}},{"type":"Feature","properties":{"name":"Seabank Mountain Province","kind":"business","kind_label":"Business","source":"google_places","google_place_id":"ChIJRRp6sBbNjzMRZq3-DIU8EoU","google_primary_type":"bank","google_primary_type_label":"Bank","google_types":["bank","finance","point_of_interest","establishment"],"google_maps_uri":"https://maps.google.com/?cid=9588793098771541350&g_mp=Cilnb29nbGUubWFwcy5wbGFjZXMudjEuUGxhY2VzLlNlYXJjaE5lYXJieRACGAQgAA","google_icon_mask_base_uri":"https://maps.gstatic.com/mapfiles/place_api/icons/v2/bank-intl_pinlet","google_icon_background_color":"#909CE1","formatted_address":"4XFG+285, Maligcong Rd, Bontoc, 2616 Mountain Province, Philippines","business_status":"OPERATIONAL","rating":null,"user_rating_count":null,"barangay_slug":"maligcong","barangay_name":"Maligcong"},"geometry":{"type":"Point","coordinates":[120.97584649999999,17.1225195]}},{"type":"Feature","properties":{"name":"Ator Dap-ay","kind":"govt","kind_label":"Government","source":"google_places","google_place_id":"ChIJo4T1Q-HNjzMRNcuHPUWQxHY","google_primary_type":"landmark","google_primary_type_label":"Landmark","google_types":["landmark","government_office","service","point_of_interest","establishment"],"google_maps_uri":"https://maps.google.com/?cid=8558123818970237749&g_mp=Cilnb29nbGUubWFwcy5wbGFjZXMudjEuUGxhY2VzLlNlYXJjaE5lYXJieRACGAQgAA","google_icon_mask_base_uri":"https://maps.gstatic.com/mapfiles/place_api/icons/v2/generic_pinlet","google_icon_background_color":"#7B9EB0","formatted_address":"4XMM+F59, Bontoc, Mountain Province, Philippines","business_status":"OPERATIONAL","rating":null,"user_rating_count":null,"barangay_slug":"maligcong","barangay_name":"Maligcong"},"geometry":{"type":"Point","coordinates":[120.9829742,17.13367]}},{"type":"Feature","properties":{"name":"Chalip Dap-ay","kind":"govt","kind_label":"Government","source":"google_places","google_place_id":"ChIJISDxaOHNjzMRM7MRivx13ZQ","google_primary_type":"government_office","google_primary_type_label":"Government Office","google_types":["government_office","point_of_interest","service","establishment"],"google_maps_uri":"https://maps.google.com/?cid=10726859614975013683&g_mp=Cilnb29nbGUubWFwcy5wbGFjZXMudjEuUGxhY2VzLlNlYXJjaE5lYXJieRACGAQgAA","google_icon_mask_base_uri":"https://maps.gstatic.com/mapfiles/place_api/icons/v2/civic-bldg_pinlet","google_icon_background_color":"#7B9EB0","formatted_address":"4XMM+9CF, Bontoc, Mountain Province, Philippines","business_status":"OPERATIONAL","rating":null,"user_rating_count":null,"barangay_slug":"maligcong","barangay_name":"Maligcong"},"geometry":{"type":"Point","coordinates":[120.9835445,17.1334303]}},{"type":"Feature","properties":{"name":"Lengwa Dap-ay","kind":"govt","kind_label":"Government","source":"google_places","google_place_id":"ChIJI9rPaeHNjzMRm8lTaYMegok","google_primary_type":"government_office","google_primary_type_label":"Government Office","google_types":["government_office","service","point_of_interest","establishment"],"google_maps_uri":"https://maps.google.com/?cid=9908515679925160347&g_mp=Cilnb29nbGUubWFwcy5wbGFjZXMudjEuUGxhY2VzLlNlYXJjaE5lYXJieRACGAQgAA","google_icon_mask_base_uri":"https://maps.gstatic.com/mapfiles/place_api/icons/v2/civic-bldg_pinlet","google_icon_background_color":"#7B9EB0","formatted_address":"4XMM+C96, Bontoc, Mountain Province, Philippines","business_status":"OPERATIONAL","rating":null,"user_rating_count":null,"barangay_slug":"maligcong","barangay_name":"Maligcong"},"geometry":{"type":"Point","coordinates":[120.98337649999999,17.1335419]}},{"type":"Feature","properties":{"name":"Lowag Dap-ay","kind":"govt","kind_label":"Government","source":"google_places","google_place_id":"ChIJnX7pQeHNjzMRmBXxz0SF5Ig","google_primary_type":"government_office","google_primary_type_label":"Government Office","google_types":["government_office","service","point_of_interest","establishment"],"google_maps_uri":"https://maps.google.com/?cid=9864155614441182616&g_mp=Cilnb29nbGUubWFwcy5wbGFjZXMudjEuUGxhY2VzLlNlYXJjaE5lYXJieRACGAQgAA","google_icon_mask_base_uri":"https://maps.gstatic.com/mapfiles/place_api/icons/v2/civic-bldg_pinlet","google_icon_background_color":"#7B9EB0","formatted_address":"4XMM+G8C, Bontoc, Mountain Province, Philippines","business_status":"OPERATIONAL","rating":null,"user_rating_count":null,"barangay_slug":"maligcong","barangay_name":"Maligcong"},"geometry":{"type":"Point","coordinates":[120.98326080000001,17.133801599999998]}},{"type":"Feature","properties":{"name":"Upland Maligcong Farmers Association","kind":"govt","kind_label":"Government","source":"google_places","google_place_id":"ChIJNf6-LOXNjzMRsnxRjUvnlNc","google_primary_type":"government_office","google_primary_type_label":"Government Office","google_types":["government_office","point_of_interest","establishment"],"google_maps_uri":"https://maps.google.com/?cid=15534295326387174578&g_mp=Cilnb29nbGUubWFwcy5wbGFjZXMudjEuUGxhY2VzLlNlYXJjaE5lYXJieRACGAQgAA","google_icon_mask_base_uri":"https://maps.gstatic.com/mapfiles/place_api/icons/v2/civic-bldg_pinlet","google_icon_background_color":"#7B9EB0","formatted_address":"Bontoc, Mountain Province, Philippines","business_status":"OPERATIONAL","rating":5,"user_rating_count":2,"barangay_slug":"maligcong","barangay_name":"Maligcong"},"geometry":{"type":"Point","coordinates":[120.9785914,17.1283024]}},{"type":"Feature","properties":{"name":"Alex's Station Coffee Roastery and cafe","kind":"market","kind_label":"Market","source":"google_places","google_place_id":"ChIJRaC7LkjTjzMR7HMIaE8tm5Y","google_primary_type":"coffee_shop","google_primary_type_label":"Coffee Shop","google_types":["coffee_shop","coffee_roastery","cafe","food_store","store","wholesaler","point_of_interest","food","establishment"],"google_maps_uri":"https://maps.google.com/?cid=10852317546150392812&g_mp=Cilnb29nbGUubWFwcy5wbGFjZXMudjEuUGxhY2VzLlNlYXJjaE5lYXJieRACGAQgAA","google_icon_mask_base_uri":"https://maps.gstatic.com/mapfiles/place_api/icons/v2/cafe_pinlet","google_icon_background_color":"#FF9E67","formatted_address":"Mayayat-Congo Rd, Bontoc, Mountain Province, Philippines","business_status":"OPERATIONAL","rating":null,"user_rating_count":null,"barangay_slug":"maligcong","barangay_name":"Maligcong"},"geometry":{"type":"Point","coordinates":[120.97500459999999,17.116343399999998]}},{"type":"Feature","properties":{"name":"Mayayats creek (Afidchao's Household)","kind":"market","kind_label":"Market","source":"google_places","google_place_id":"ChIJ82CRAubTjzMRT8J-j6jgkC8","google_primary_type":"coffee_shop","google_primary_type_label":"Coffee Shop","google_types":["coffee_shop","cafe","food_store","store","point_of_interest","food","establishment"],"google_maps_uri":"https://maps.google.com/?cid=3427486330995524175&g_mp=Cilnb29nbGUubWFwcy5wbGFjZXMudjEuUGxhY2VzLlNlYXJjaE5lYXJieRACGAQgAA","google_icon_mask_base_uri":"https://maps.gstatic.com/mapfiles/place_api/icons/v2/cafe_pinlet","google_icon_background_color":"#FF9E67","formatted_address":"4X7G+JC3, Maligcong, Bontoc, Mountain Province, Philippines","business_status":"OPERATIONAL","rating":null,"user_rating_count":null,"barangay_slug":"maligcong","barangay_name":"Maligcong"},"geometry":{"type":"Point","coordinates":[120.9760373,17.1140245]}},{"type":"Feature","properties":{"name":"Tangchor's store","kind":"market","kind_label":"Market","source":"google_places","google_place_id":"ChIJGyO8fwDNjzMR-ld1l7SRY5Q","google_primary_type":"asian_grocery_store","google_primary_type_label":"Asian Grocery Store","google_types":["asian_grocery_store","grocery_store","food_store","store","point_of_interest","food","establishment"],"google_maps_uri":"https://maps.google.com/?cid=10692550145128880122&g_mp=Cilnb29nbGUubWFwcy5wbGFjZXMudjEuUGxhY2VzLlNlYXJjaE5lYXJieRACGAQgAA","google_icon_mask_base_uri":"https://maps.gstatic.com/mapfiles/place_api/icons/v2/shoppingcart_pinlet","google_icon_background_color":"#4B96F3","formatted_address":"4X9G+F5J, Mayayat-Congo Rd, Bontoc, Mountain Province, Philippines","business_status":"OPERATIONAL","rating":5,"user_rating_count":5,"barangay_slug":"maligcong","barangay_name":"Maligcong"},"geometry":{"type":"Point","coordinates":[120.9753784,17.1187111]}},{"type":"Feature","properties":{"name":"Maligcong Elementary School","kind":"school","kind_label":"School","source":"google_places","google_place_id":"ChIJnwAAQOTNjzMRnlw24YUesnc","google_primary_type":"primary_school","google_primary_type_label":"Elementary School","google_types":["primary_school","school","educational_institution","point_of_interest","establishment"],"google_maps_uri":"https://maps.google.com/?cid=8624989796725841054&g_mp=Cidnb29nbGUubWFwcy5wbGFjZXMudjEuUGxhY2VzLlNlYXJjaFRleHQQAhgEIAA","google_icon_mask_base_uri":"https://maps.gstatic.com/mapfiles/place_api/icons/v2/school_pinlet","google_icon_background_color":"#7B9EB0","formatted_address":"4XGJ+VCR, Bontoc, Mountain Province, Philippines","business_status":"CLOSED_PERMANENTLY","rating":null,"user_rating_count":null,"barangay_slug":"maligcong","barangay_name":"Maligcong"},"geometry":{"type":"Point","coordinates":[120.9810165,17.1272274]}},{"type":"Feature","properties":{"name":"Adaan","kind":"tourism","kind_label":"Tourism","source":"google_places","google_place_id":"ChIJU_SCPfDNjzMRtfX8FTiRDo8","google_primary_type":"tourist_attraction","google_primary_type_label":"Tourist Attraction","google_types":["tourist_attraction","point_of_interest","establishment"],"google_maps_uri":"https://maps.google.com/?cid=10308336267170739637&g_mp=Cilnb29nbGUubWFwcy5wbGFjZXMudjEuUGxhY2VzLlNlYXJjaE5lYXJieRACGAQgAA","google_icon_mask_base_uri":"https://maps.gstatic.com/mapfiles/place_api/icons/v2/generic_pinlet","google_icon_background_color":"#13B5C7","formatted_address":"4XHF+6VG, Bontoc, Mountain Province, Philippines","business_status":"OPERATIONAL","rating":5,"user_rating_count":3,"barangay_slug":"maligcong","barangay_name":"Maligcong"},"geometry":{"type":"Point","coordinates":[120.97469149999999,17.1280617]}},{"type":"Feature","properties":{"name":"Alban's Peak Campground","kind":"tourism","kind_label":"Tourism","source":"google_places","google_place_id":"ChIJTaIsMADPjzMRnhaJGhWTbjM","google_primary_type":"campground","google_primary_type_label":"Campground","google_types":["campground","lodging","point_of_interest","establishment"],"google_maps_uri":"https://maps.google.com/?cid=3706061262221285022&g_mp=Cilnb29nbGUubWFwcy5wbGFjZXMudjEuUGxhY2VzLlNlYXJjaE5lYXJieRACGAQgAA","google_icon_mask_base_uri":"https://maps.gstatic.com/mapfiles/place_api/icons/v2/camping_pinlet","google_icon_background_color":"#4DB546","formatted_address":"Bontoc, Mountain Province, Philippines","business_status":"OPERATIONAL","rating":5,"user_rating_count":9,"barangay_slug":"maligcong","barangay_name":"Maligcong"},"geometry":{"type":"Point","coordinates":[120.983062,17.1234494]}},{"type":"Feature","properties":{"name":"Alice maligcong homestay","kind":"tourism","kind_label":"Tourism","source":"google_places","google_place_id":"ChIJHYwUnQTNjzMRM8icfAZpcLY","google_primary_type":"lodging","google_primary_type_label":"Lodging","google_types":["lodging","point_of_interest","establishment"],"google_maps_uri":"https://maps.google.com/?cid=13146122788875847731&g_mp=Cilnb29nbGUubWFwcy5wbGFjZXMudjEuUGxhY2VzLlNlYXJjaE5lYXJieRACGAQgAA","google_icon_mask_base_uri":"https://maps.gstatic.com/mapfiles/place_api/icons/v2/hotel_pinlet","google_icon_background_color":"#909CE1","formatted_address":"4XFG+339, Maligcong Rd, Bontoc, 2616 Mountain Province, Philippines","business_status":"OPERATIONAL","rating":5,"user_rating_count":7,"barangay_slug":"maligcong","barangay_name":"Maligcong"},"geometry":{"type":"Point","coordinates":[120.9752465,17.122651100000002]}},{"type":"Feature","properties":{"name":"Alicia's Homestay at Maligcong, Bontoc, Mountain Province - Family Room","kind":"tourism","kind_label":"Tourism","source":"google_places","google_place_id":"ChIJgVNZRPfNjzMRjGzccMuZikA","google_primary_type":"lodging","google_primary_type_label":"Lodging","google_types":["lodging","point_of_interest","establishment"],"google_maps_uri":"https://maps.google.com/?cid=4650698664264363148&g_mp=Cilnb29nbGUubWFwcy5wbGFjZXMudjEuUGxhY2VzLlNlYXJjaE5lYXJieRACGAQgAA","google_icon_mask_base_uri":"https://maps.gstatic.com/mapfiles/place_api/icons/v2/hotel_pinlet","google_icon_background_color":"#909CE1","formatted_address":"Bontoc, Mountain Province, Philippines","business_status":"OPERATIONAL","rating":null,"user_rating_count":null,"barangay_slug":"maligcong","barangay_name":"Maligcong"},"geometry":{"type":"Point","coordinates":[120.97524260000002,17.122650099999998]}},{"type":"Feature","properties":{"name":"Alicia's Homestay in Maligcong, Bontoc","kind":"tourism","kind_label":"Tourism","source":"google_places","google_place_id":"ChIJa1r2Q_fNjzMRmVZunpjcOLc","google_primary_type":"lodging","google_primary_type_label":"Lodging","google_types":["lodging","point_of_interest","establishment"],"google_maps_uri":"https://maps.google.com/?cid=13202544855687779993&g_mp=Cilnb29nbGUubWFwcy5wbGFjZXMudjEuUGxhY2VzLlNlYXJjaE5lYXJieRACGAQgAA","google_icon_mask_base_uri":"https://maps.gstatic.com/mapfiles/place_api/icons/v2/hotel_pinlet","google_icon_background_color":"#909CE1","formatted_address":"Bontoc, Mountain Province, Philippines","business_status":"OPERATIONAL","rating":null,"user_rating_count":null,"barangay_slug":"maligcong","barangay_name":"Maligcong"},"geometry":{"type":"Point","coordinates":[120.9751435,17.1225548]}},{"type":"Feature","properties":{"name":"Chen's Maligcong Homestay","kind":"tourism","kind_label":"Tourism","source":"google_places","google_place_id":"ChIJnSxMWffNjzMRnQWHkqk2rRc","google_primary_type":"hotel","google_primary_type_label":"Hotel","google_types":["hotel","lodging","service","point_of_interest","establishment"],"google_maps_uri":"https://maps.google.com/?cid=1706079935778981277&g_mp=Cilnb29nbGUubWFwcy5wbGFjZXMudjEuUGxhY2VzLlNlYXJjaE5lYXJieRACGAQgAA","google_icon_mask_base_uri":"https://maps.gstatic.com/mapfiles/place_api/icons/v2/hotel_pinlet","google_icon_background_color":"#909CE1","formatted_address":"4XFG+398, Bontoc, Mountain Province, Philippines","business_status":"OPERATIONAL","rating":5,"user_rating_count":18,"barangay_slug":"maligcong","barangay_name":"Maligcong"},"geometry":{"type":"Point","coordinates":[120.975945,17.122673799999998]}},{"type":"Feature","properties":{"name":"Converge user","kind":"tourism","kind_label":"Tourism","source":"google_places","google_place_id":"ChIJCUqJIwDNjzMRD-Fii2f8JY0","google_primary_type":"private_guest_room","google_primary_type_label":"Homestay","google_types":["private_guest_room","lodging","point_of_interest","establishment"],"google_maps_uri":"https://maps.google.com/?cid=10170812855136477455&g_mp=Cilnb29nbGUubWFwcy5wbGFjZXMudjEuUGxhY2VzLlNlYXJjaE5lYXJieRACGAQgAA","google_icon_mask_base_uri":"https://maps.gstatic.com/mapfiles/place_api/icons/v2/hotel_pinlet","google_icon_background_color":"#909CE1","formatted_address":"4XFG+H4J, Maligcong Rd, Bontoc, Mountain Province, Philippines","business_status":"OPERATIONAL","rating":null,"user_rating_count":null,"barangay_slug":"maligcong","barangay_name":"Maligcong"},"geometry":{"type":"Point","coordinates":[120.97525399999999,17.123958]}},{"type":"Feature","properties":{"name":"Dong-elays Maligcong Homestay","kind":"tourism","kind_label":"Tourism","source":"google_places","google_place_id":"ChIJdbGbWvfNjzMRMs8KTAhz_Ek","google_primary_type":"bed_and_breakfast","google_primary_type_label":"Bed & Breakfast","google_types":["bed_and_breakfast","hotel","lodging","point_of_interest","establishment"],"google_maps_uri":"https://maps.google.com/?cid=5331262538372534066&g_mp=Cilnb29nbGUubWFwcy5wbGFjZXMudjEuUGxhY2VzLlNlYXJjaE5lYXJieRACGAQgAA","google_icon_mask_base_uri":"https://maps.gstatic.com/mapfiles/place_api/icons/v2/hotel_pinlet","google_icon_background_color":"#909CE1","formatted_address":"Favuyan road, Maligcong, Bontoc, 2616 Mountain Province, Philippines","business_status":"OPERATIONAL","rating":5,"user_rating_count":12,"barangay_slug":"maligcong","barangay_name":"Maligcong"},"geometry":{"type":"Point","coordinates":[120.9754429,17.1228418]}},{"type":"Feature","properties":{"name":"FeeLIG Retreat and Grill","kind":"tourism","kind_label":"Tourism","source":"google_places","google_place_id":"ChIJF1nbWQDTjzMRu0rYvjJQ8SQ","google_primary_type":"campground","google_primary_type_label":"Campground","google_types":["campground","lodging","family_restaurant","restaurant","point_of_interest","food","establishment"],"google_maps_uri":"https://maps.google.com/?cid=2661997033633106619&g_mp=Cilnb29nbGUubWFwcy5wbGFjZXMudjEuUGxhY2VzLlNlYXJjaE5lYXJieRACGAQgAA","google_icon_mask_base_uri":"https://maps.gstatic.com/mapfiles/place_api/icons/v2/camping_pinlet","google_icon_background_color":"#4DB546","formatted_address":"Mayayat, Maligcong, Bontoc, 2616 Mountain Province, Philippines","business_status":"OPERATIONAL","rating":5,"user_rating_count":1,"barangay_slug":"maligcong","barangay_name":"Maligcong"},"geometry":{"type":"Point","coordinates":[120.97451669999998,17.1146015]}},{"type":"Feature","properties":{"name":"JFM Jr.'s House","kind":"tourism","kind_label":"Tourism","source":"google_places","google_place_id":"ChIJnx9haQDNjzMR_z-5i0rBjtg","google_primary_type":"private_guest_room","google_primary_type_label":"Homestay","google_types":["private_guest_room","lodging","point_of_interest","establishment"],"google_maps_uri":"https://maps.google.com/?cid=15604622284801261567&g_mp=Cilnb29nbGUubWFwcy5wbGFjZXMudjEuUGxhY2VzLlNlYXJjaE5lYXJieRACGAQgAA","google_icon_mask_base_uri":"https://maps.gstatic.com/mapfiles/place_api/icons/v2/hotel_pinlet","google_icon_background_color":"#909CE1","formatted_address":"4X9G+XC8, Bontoc, Mountain Province, Philippines","business_status":"OPERATIONAL","rating":null,"user_rating_count":null,"barangay_slug":"maligcong","barangay_name":"Maligcong"},"geometry":{"type":"Point","coordinates":[120.97683259999998,17.1199883]}},{"type":"Feature","properties":{"name":"Khayad's Dragon Fruit & Citrus Farm","kind":"tourism","kind_label":"Tourism","source":"google_places","google_place_id":"ChIJLZVAuLHTjzMRHrqWe3iefM0","google_primary_type":"tourist_attraction","google_primary_type_label":"Tourist Attraction","google_types":["tourist_attraction","point_of_interest","establishment"],"google_maps_uri":"https://maps.google.com/?cid=14806883915194087966&g_mp=Cilnb29nbGUubWFwcy5wbGFjZXMudjEuUGxhY2VzLlNlYXJjaE5lYXJieRACGAQgAA","google_icon_mask_base_uri":"https://maps.gstatic.com/mapfiles/place_api/icons/v2/generic_pinlet","google_icon_background_color":"#13B5C7","formatted_address":"4X7G+VCQ, Maligcong, Bontoc, Mountain Province, Philippines","business_status":"OPERATIONAL","rating":null,"user_rating_count":null,"barangay_slug":"maligcong","barangay_name":"Maligcong"},"geometry":{"type":"Point","coordinates":[120.97611060000001,17.1147065]}},{"type":"Feature","properties":{"name":"Maligcong, Bontoc Mountain Province","kind":"tourism","kind_label":"Tourism","source":"google_places","google_place_id":"ChIJe12bUgDNjzMR9Zbfw88yRyE","google_primary_type":"tourist_attraction","google_primary_type_label":"Tourist Attraction","google_types":["tourist_attraction","point_of_interest","establishment"],"google_maps_uri":"https://maps.google.com/?cid=2397941194523907829&g_mp=Cilnb29nbGUubWFwcy5wbGFjZXMudjEuUGxhY2VzLlNlYXJjaE5lYXJieRACGAQgAA","google_icon_mask_base_uri":"https://maps.gstatic.com/mapfiles/place_api/icons/v2/generic_pinlet","google_icon_background_color":"#13B5C7","formatted_address":"4XVJ+9QJ, Bontoc, Mountain Province, Philippines","business_status":"OPERATIONAL","rating":null,"user_rating_count":null,"barangay_slug":"maligcong","barangay_name":"Maligcong"},"geometry":{"type":"Point","coordinates":[120.9818962,17.1434629]}},{"type":"Feature","properties":{"name":"Mavy's maligcong homestay","kind":"tourism","kind_label":"Tourism","source":"google_places","google_place_id":"ChIJY6_-pdPNjzMRpspM4zo4pCk","google_primary_type":"private_guest_room","google_primary_type_label":"Homestay","google_types":["private_guest_room","lodging","point_of_interest","establishment"],"google_maps_uri":"https://maps.google.com/?cid=3000585077308312230&g_mp=Cilnb29nbGUubWFwcy5wbGFjZXMudjEuUGxhY2VzLlNlYXJjaE5lYXJieRACGAQgAA","google_icon_mask_base_uri":"https://maps.gstatic.com/mapfiles/place_api/icons/v2/hotel_pinlet","google_icon_background_color":"#909CE1","formatted_address":"4XFG+285, Maligcong Rd, Bontoc, 2616 Mountain Province, Philippines","business_status":"OPERATIONAL","rating":4.9,"user_rating_count":37,"barangay_slug":"maligcong","barangay_name":"Maligcong"},"geometry":{"type":"Point","coordinates":[120.97585120000001,17.122505]}},{"type":"Feature","properties":{"name":"Mavy's Maligcong Homestay - Double Room","kind":"tourism","kind_label":"Tourism","source":"google_places","google_place_id":"ChIJz1ZVRffNjzMRtsdoof2mltU","google_primary_type":"lodging","google_primary_type_label":"Lodging","google_types":["lodging","point_of_interest","establishment"],"google_maps_uri":"https://maps.google.com/?cid=15390672384850184118&g_mp=Cilnb29nbGUubWFwcy5wbGFjZXMudjEuUGxhY2VzLlNlYXJjaE5lYXJieRACGAQgAA","google_icon_mask_base_uri":"https://maps.gstatic.com/mapfiles/place_api/icons/v2/hotel_pinlet","google_icon_background_color":"#909CE1","formatted_address":"Bontoc, Mountain Province, Philippines","business_status":"OPERATIONAL","rating":null,"user_rating_count":null,"barangay_slug":"maligcong","barangay_name":"Maligcong"},"geometry":{"type":"Point","coordinates":[120.97544099999999,17.1228409]}},{"type":"Feature","properties":{"name":"Mt. Kupapey","kind":"tourism","kind_label":"Tourism","source":"google_places","google_place_id":"ChIJ7af_Af_NjzMRfNXMfPghRZ8","google_primary_type":"hiking_area","google_primary_type_label":"Hiking Area","google_types":["hiking_area","sports_activity_location","point_of_interest","establishment"],"google_maps_uri":"https://maps.google.com/?cid=11476616576552981884&g_mp=Cilnb29nbGUubWFwcy5wbGFjZXMudjEuUGxhY2VzLlNlYXJjaE5lYXJieRACGAQgAA","google_icon_mask_base_uri":"https://maps.gstatic.com/mapfiles/place_api/icons/v2/hiking_pinlet","google_icon_background_color":"#4DB546","formatted_address":"4XMF+GJR, Mt. Kupapey Trail, Bontoc, Mountain Province, Philippines","business_status":"OPERATIONAL","rating":4.9,"user_rating_count":126,"barangay_slug":"maligcong","barangay_name":"Maligcong"},"geometry":{"type":"Point","coordinates":[120.97402399999999,17.133865]}},{"type":"Feature","properties":{"name":"Rowena’s Maligcong Homestay","kind":"tourism","kind_label":"Tourism","source":"google_places","google_place_id":"ChIJYUkWNQXSjzMRGJ4smJ2_dIQ","google_primary_type":"private_guest_room","google_primary_type_label":"Homestay","google_types":["private_guest_room","lodging","point_of_interest","establishment"],"google_maps_uri":"https://maps.google.com/?cid=9544464193888755224&g_mp=Cilnb29nbGUubWFwcy5wbGFjZXMudjEuUGxhY2VzLlNlYXJjaE5lYXJieRACGAQgAA","google_icon_mask_base_uri":"https://maps.gstatic.com/mapfiles/place_api/icons/v2/hotel_pinlet","google_icon_background_color":"#909CE1","formatted_address":"Maligcong Rd, Bontoc, Mountain Province, Philippines","business_status":"OPERATIONAL","rating":5,"user_rating_count":12,"barangay_slug":"maligcong","barangay_name":"Maligcong"},"geometry":{"type":"Point","coordinates":[120.97441760000001,17.122462199999998]}},{"type":"Feature","properties":{"name":"Rowena's Maligcong Homestay - Family Room","kind":"tourism","kind_label":"Tourism","source":"google_places","google_place_id":"ChIJ_Tw2PvfNjzMR3qR6vL0u6NU","google_primary_type":"lodging","google_primary_type_label":"Lodging","google_types":["lodging","point_of_interest","establishment"],"google_maps_uri":"https://maps.google.com/?cid=15413621117121373406&g_mp=Cilnb29nbGUubWFwcy5wbGFjZXMudjEuUGxhY2VzLlNlYXJjaE5lYXJieRACGAQgAA","google_icon_mask_base_uri":"https://maps.gstatic.com/mapfiles/place_api/icons/v2/hotel_pinlet","google_icon_background_color":"#909CE1","formatted_address":"Bontoc, Mountain Province, Philippines","business_status":"OPERATIONAL","rating":null,"user_rating_count":null,"barangay_slug":"maligcong","barangay_name":"Maligcong"},"geometry":{"type":"Point","coordinates":[120.97451780000002,17.1224193]}},{"type":"Feature","properties":{"name":"Rowena's Maligcong Homestay - Quadruple Room","kind":"tourism","kind_label":"Tourism","source":"google_places","google_place_id":"ChIJ_Tw2PvfNjzMRpdiRwarbj-4","google_primary_type":"lodging","google_primary_type_label":"Lodging","google_types":["lodging","point_of_interest","establishment"],"google_maps_uri":"https://maps.google.com/?cid=17190199829134956709&g_mp=Cilnb29nbGUubWFwcy5wbGFjZXMudjEuUGxhY2VzLlNlYXJjaE5lYXJieRACGAQgAA","google_icon_mask_base_uri":"https://maps.gstatic.com/mapfiles/place_api/icons/v2/hotel_pinlet","google_icon_background_color":"#909CE1","formatted_address":"Bontoc, Mountain Province, Philippines","business_status":"OPERATIONAL","rating":null,"user_rating_count":null,"barangay_slug":"maligcong","barangay_name":"Maligcong"},"geometry":{"type":"Point","coordinates":[120.97451780000002,17.1224193]}},{"type":"Feature","properties":{"name":"Sacya-an Home and Lodge","kind":"tourism","kind_label":"Tourism","source":"google_places","google_place_id":"ChIJczkw-R7NjzMRfUCteHQTA_4","google_primary_type":"lodging","google_primary_type_label":"Lodging","google_types":["lodging","point_of_interest","establishment"],"google_maps_uri":"https://maps.google.com/?cid=18303494701525581949&g_mp=Cilnb29nbGUubWFwcy5wbGFjZXMudjEuUGxhY2VzLlNlYXJjaE5lYXJieRACGAQgAA","google_icon_mask_base_uri":"https://maps.gstatic.com/mapfiles/place_api/icons/v2/hotel_pinlet","google_icon_background_color":"#909CE1","formatted_address":"Favuyan, Maligcong, Bontoc, 2616 Mountain Province, Philippines","business_status":"OPERATIONAL","rating":5,"user_rating_count":3,"barangay_slug":"maligcong","barangay_name":"Maligcong"},"geometry":{"type":"Point","coordinates":[120.9758543,17.1229159]}},{"type":"Feature","properties":{"name":"Sacya-an Stone Homestay-Maligcong","kind":"tourism","kind_label":"Tourism","source":"google_places","google_place_id":"ChIJx_dB-fnNjzMRkXMq7ugvrGk","google_primary_type":"lodging","google_primary_type_label":"Lodging","google_types":["lodging","point_of_interest","establishment"],"google_maps_uri":"https://maps.google.com/?cid=7614513747451343761&g_mp=Cilnb29nbGUubWFwcy5wbGFjZXMudjEuUGxhY2VzLlNlYXJjaE5lYXJieRACGAQgAA","google_icon_mask_base_uri":"https://maps.gstatic.com/mapfiles/place_api/icons/v2/hotel_pinlet","google_icon_background_color":"#909CE1","formatted_address":"Favuyan Maligcong, Bontoc, 2616 Mountain Province, Philippines","business_status":"OPERATIONAL","rating":4.3,"user_rating_count":6,"barangay_slug":"maligcong","barangay_name":"Maligcong"},"geometry":{"type":"Point","coordinates":[120.9754429,17.1228418]}},{"type":"Feature","properties":{"name":"Sacya-an’s Stone Homestah","kind":"tourism","kind_label":"Tourism","source":"google_places","google_place_id":"ChIJF4v6JADNjzMRN6fbf_TMPSo","google_primary_type":"private_guest_room","google_primary_type_label":"Homestay","google_types":["private_guest_room","lodging","point_of_interest","establishment"],"google_maps_uri":"https://maps.google.com/?cid=3043814273661511479&g_mp=Cilnb29nbGUubWFwcy5wbGFjZXMudjEuUGxhY2VzLlNlYXJjaE5lYXJieRACGAQgAA","google_icon_mask_base_uri":"https://maps.gstatic.com/mapfiles/place_api/icons/v2/hotel_pinlet","google_icon_background_color":"#909CE1","formatted_address":"4XVJ+9Q, Bontoc, Mountain Province, Philippines","business_status":"OPERATIONAL","rating":null,"user_rating_count":null,"barangay_slug":"maligcong","barangay_name":"Maligcong"},"geometry":{"type":"Point","coordinates":[120.9818962,17.1434629]}},{"type":"Feature","properties":{"name":"Suzette's Maligcong Homestay","kind":"tourism","kind_label":"Tourism","source":"google_places","google_place_id":"ChIJo3ZINQXSjzMRxpHiPRrrNDY","google_primary_type":"bed_and_breakfast","google_primary_type_label":"Bed & Breakfast","google_types":["bed_and_breakfast","lodging","point_of_interest","establishment"],"google_maps_uri":"https://maps.google.com/?cid=3906005274776998342&g_mp=Cilnb29nbGUubWFwcy5wbGFjZXMudjEuUGxhY2VzLlNlYXJjaE5lYXJieRACGAQgAA","google_icon_mask_base_uri":"https://maps.gstatic.com/mapfiles/place_api/icons/v2/hotel_pinlet","google_icon_background_color":"#909CE1","formatted_address":"Maligcong Rd, Bontoc, Mountain Province, Philippines","business_status":"OPERATIONAL","rating":4.8,"user_rating_count":86,"barangay_slug":"maligcong","barangay_name":"Maligcong"},"geometry":{"type":"Point","coordinates":[120.9754913,17.1230554]}},{"type":"Feature","properties":{"name":"The Blue Kingfisher Coffee Farm","kind":"tourism","kind_label":"Tourism","source":"google_places","google_place_id":"ChIJZfbdwQ_NjzMR1xijeSqBLis","google_primary_type":"tourist_attraction","google_primary_type_label":"Tourist Attraction","google_types":["tourist_attraction","point_of_interest","establishment"],"google_maps_uri":"https://maps.google.com/?cid=3111566411988932823&g_mp=Cilnb29nbGUubWFwcy5wbGFjZXMudjEuUGxhY2VzLlNlYXJjaE5lYXJieRACGAQgAA","google_icon_mask_base_uri":"https://maps.gstatic.com/mapfiles/place_api/icons/v2/generic_pinlet","google_icon_background_color":"#13B5C7","formatted_address":"4XGH+6J6, Maligcong, Bontoc, Mountain Province, Philippines","business_status":"OPERATIONAL","rating":5,"user_rating_count":1,"barangay_slug":"maligcong","barangay_name":"Maligcong"},"geometry":{"type":"Point","coordinates":[120.97902810000001,17.1255257]}},{"type":"Feature","properties":{"name":"Vilma's Homestay","kind":"tourism","kind_label":"Tourism","source":"google_places","google_place_id":"ChIJF3MusfDNjzMR81O-JRGT65Y","google_primary_type":"hotel","google_primary_type_label":"Hotel","google_types":["hotel","lodging","point_of_interest","establishment"],"google_maps_uri":"https://maps.google.com/?cid=10874947427073151987&g_mp=Cilnb29nbGUubWFwcy5wbGFjZXMudjEuUGxhY2VzLlNlYXJjaE5lYXJieRACGAQgAA","google_icon_mask_base_uri":"https://maps.gstatic.com/mapfiles/place_api/icons/v2/hotel_pinlet","google_icon_background_color":"#909CE1","formatted_address":"4XFG+J25, Favuyan-Fang-uraw Trail, Bontoc, Mountain Province, Philippines","business_status":"OPERATIONAL","rating":4.9,"user_rating_count":63,"barangay_slug":"maligcong","barangay_name":"Maligcong"},"geometry":{"type":"Point","coordinates":[120.9751198,17.1240174]}},{"type":"Feature","properties":{"name":"Vilma's Homestay - Budget Double Room","kind":"tourism","kind_label":"Tourism","source":"google_places","google_place_id":"ChIJz1ZVRffNjzMRJRZIWHtmlc8","google_primary_type":"lodging","google_primary_type_label":"Lodging","google_types":["lodging","point_of_interest","establishment"],"google_maps_uri":"https://maps.google.com/?cid=14957974417329100325&g_mp=Cilnb29nbGUubWFwcy5wbGFjZXMudjEuUGxhY2VzLlNlYXJjaE5lYXJieRACGAQgAA","google_icon_mask_base_uri":"https://maps.gstatic.com/mapfiles/place_api/icons/v2/hotel_pinlet","google_icon_background_color":"#909CE1","formatted_address":"Bontoc, Mountain Province, Philippines","business_status":"OPERATIONAL","rating":null,"user_rating_count":null,"barangay_slug":"maligcong","barangay_name":"Maligcong"},"geometry":{"type":"Point","coordinates":[120.97544099999999,17.1228409]}},{"type":"Feature","properties":{"name":"Vilma's Homestay - Family Room","kind":"tourism","kind_label":"Tourism","source":"google_places","google_place_id":"ChIJz1ZVRffNjzMRMHH27wEvkag","google_primary_type":"lodging","google_primary_type_label":"Lodging","google_types":["lodging","point_of_interest","establishment"],"google_maps_uri":"https://maps.google.com/?cid=12146541355362316592&g_mp=Cilnb29nbGUubWFwcy5wbGFjZXMudjEuUGxhY2VzLlNlYXJjaE5lYXJieRACGAQgAA","google_icon_mask_base_uri":"https://maps.gstatic.com/mapfiles/place_api/icons/v2/hotel_pinlet","google_icon_background_color":"#909CE1","formatted_address":"Bontoc, Mountain Province, Philippines","business_status":"OPERATIONAL","rating":null,"user_rating_count":null,"barangay_slug":"maligcong","barangay_name":"Maligcong"},"geometry":{"type":"Point","coordinates":[120.97544099999999,17.1228409]}},{"type":"Feature","properties":{"name":"Vilma's Homestay - Quadruple Room","kind":"tourism","kind_label":"Tourism","source":"google_places","google_place_id":"ChIJz1ZVRffNjzMRZqZRaG_uJPQ","google_primary_type":"lodging","google_primary_type_label":"Lodging","google_types":["lodging","point_of_interest","establishment"],"google_maps_uri":"https://maps.google.com/?cid=17592448206674962022&g_mp=Cilnb29nbGUubWFwcy5wbGFjZXMudjEuUGxhY2VzLlNlYXJjaE5lYXJieRACGAQgAA","google_icon_mask_base_uri":"https://maps.gstatic.com/mapfiles/place_api/icons/v2/hotel_pinlet","google_icon_background_color":"#909CE1","formatted_address":"Bontoc, Mountain Province, Philippines","business_status":"OPERATIONAL","rating":null,"user_rating_count":null,"barangay_slug":"maligcong","barangay_name":"Maligcong"},"geometry":{"type":"Point","coordinates":[120.97544099999999,17.1228409]}},{"type":"Feature","properties":{"name":"Maligcong Baptist Church","kind":"worship","kind_label":"Worship","source":"google_places","google_place_id":"ChIJbdO_SOHNjzMRWZvVF-R2H-E","google_primary_type":"church","google_primary_type_label":"Church","google_types":["church","place_of_worship","association_or_organization","point_of_interest","establishment"],"google_maps_uri":"https://maps.google.com/?cid=16221815104836311897&g_mp=Cilnb29nbGUubWFwcy5wbGFjZXMudjEuUGxhY2VzLlNlYXJjaE5lYXJieRACGAQgAA","google_icon_mask_base_uri":"https://maps.gstatic.com/mapfiles/place_api/icons/v2/worship_christian_pinlet","google_icon_background_color":"#7B9EB0","formatted_address":"4XMM+H23, Bontoc, Mountain Province, Philippines","business_status":"OPERATIONAL","rating":null,"user_rating_count":null,"barangay_slug":"maligcong","barangay_name":"Maligcong"},"geometry":{"type":"Point","coordinates":[120.9825343,17.1338956]}},{"type":"Feature","properties":{"name":"St. Gabriel's Mission","kind":"worship","kind_label":"Worship","source":"google_places","google_place_id":"ChIJYTO0oeHNjzMRf-k8E4wzJdw","google_primary_type":"church","google_primary_type_label":"Church","google_types":["church","place_of_worship","association_or_organization","point_of_interest","establishment"],"google_maps_uri":"https://maps.google.com/?cid=15863141939193637247&g_mp=Cilnb29nbGUubWFwcy5wbGFjZXMudjEuUGxhY2VzLlNlYXJjaE5lYXJieRACGAQgAA","google_icon_mask_base_uri":"https://maps.gstatic.com/mapfiles/place_api/icons/v2/worship_christian_pinlet","google_icon_background_color":"#7B9EB0","formatted_address":"4XMM+GXP, Bontoc, Mountain Province, Philippines","business_status":"OPERATIONAL","rating":null,"user_rating_count":null,"barangay_slug":"maligcong","barangay_name":"Maligcong"},"geometry":{"type":"Point","coordinates":[120.9849682,17.1338413]}},{"type":"Feature","properties":{"name":"21st day dalay lama Bontoc Bistro","kind":"business","kind_label":"Business","source":"google_places","google_place_id":"ChIJv6erfRDTjzMR3_Faw7Yv-E0","google_primary_type":"american_restaurant","google_primary_type_label":"American Restaurant","google_types":["american_restaurant","restaurant","point_of_interest","food","establishment"],"google_maps_uri":"https://maps.google.com/?cid=5618292997152764383&g_mp=Cidnb29nbGUubWFwcy5wbGFjZXMudjEuUGxhY2VzLlNlYXJjaFRleHQQAhgEIAA","google_icon_mask_base_uri":"https://maps.gstatic.com/mapfiles/place_api/icons/v2/restaurant_pinlet","google_icon_background_color":"#FF9E67","formatted_address":"3XQG+PR5, Poblacion (Bontoc), Bontoc, Mountain Province, Philippines","business_status":"OPERATIONAL","rating":5,"user_rating_count":1,"barangay_slug":"poblacion","barangay_name":"Poblacion"},"geometry":{"type":"Point","coordinates":[120.9771129,17.089264699999998]}},{"type":"Feature","properties":{"name":"3a's Snacks Eatery","kind":"business","kind_label":"Business","source":"google_places","google_place_id":"ChIJ443-0iTSjzMRCJHFWbVpQss","google_primary_type":"restaurant","google_primary_type_label":"Restaurant","google_types":["restaurant","point_of_interest","food","establishment"],"google_maps_uri":"https://maps.google.com/?cid=14646385165778391304&g_mp=Cilnb29nbGUubWFwcy5wbGFjZXMudjEuUGxhY2VzLlNlYXJjaE5lYXJieRACGAQgAA","google_icon_mask_base_uri":"https://maps.gstatic.com/mapfiles/place_api/icons/v2/restaurant_pinlet","google_icon_background_color":"#FF9E67","formatted_address":"Bontoc, Mountain Province, Philippines","business_status":"OPERATIONAL","rating":null,"user_rating_count":null,"barangay_slug":"poblacion","barangay_name":"Poblacion"},"geometry":{"type":"Point","coordinates":[120.97632099999998,17.0896492]}},{"type":"Feature","properties":{"name":"ACLIPEN BUILDING","kind":"business","kind_label":"Business","source":"google_places","google_place_id":"ChIJWT5Z_K7TjzMRTpX5bvcOMA8","google_primary_type":"clothing_store","google_primary_type_label":"Clothing Store","google_types":["clothing_store","store","point_of_interest","establishment"],"google_maps_uri":"https://maps.google.com/?cid=1094391165332591950&g_mp=Cilnb29nbGUubWFwcy5wbGFjZXMudjEuUGxhY2VzLlNlYXJjaE5lYXJieRACGAQgAA","google_icon_mask_base_uri":"https://maps.gstatic.com/mapfiles/place_api/icons/v2/shopping_pinlet","google_icon_background_color":"#4B96F3","formatted_address":"Mountain Province Multi-Purpose Hall, Mount Province - Tabuk - Enrile - Cagayan Rd, Bontoc, Mountain Province, Philippines","business_status":"OPERATIONAL","rating":5,"user_rating_count":2,"barangay_slug":"poblacion","barangay_name":"Poblacion"},"geometry":{"type":"Point","coordinates":[120.97623610000001,17.0896212]}},{"type":"Feature","properties":{"name":"Anayah's Restaurant","kind":"business","kind_label":"Business","source":"google_places","google_place_id":"ChIJTyVQJSXSjzMRq9Za6BvQjjU","google_primary_type":"restaurant","google_primary_type_label":"Restaurant","google_types":["restaurant","point_of_interest","food","establishment"],"google_maps_uri":"https://maps.google.com/?cid=3859250748984055467&g_mp=Cilnb29nbGUubWFwcy5wbGFjZXMudjEuUGxhY2VzLlNlYXJjaE5lYXJieRACGAQgAA","google_icon_mask_base_uri":"https://maps.gstatic.com/mapfiles/place_api/icons/v2/restaurant_pinlet","google_icon_background_color":"#FF9E67","formatted_address":"3XQG+7QV, Halsema Highway, Bontoc, Mountain Province, Philippines","business_status":"OPERATIONAL","rating":4.2,"user_rating_count":54,"barangay_slug":"poblacion","barangay_name":"Poblacion"},"geometry":{"type":"Point","coordinates":[120.9769311,17.0882271]}},{"type":"Feature","properties":{"name":"Anchor Blue Water Refilling Station","kind":"business","kind_label":"Business","source":"google_places","google_place_id":"ChIJ9_2YODvSjzMRzT1-0QfZBJg","google_primary_type":"point_of_interest","google_primary_type_label":"Point of interest","google_types":["point_of_interest","establishment"],"google_maps_uri":"https://maps.google.com/?cid=10954118821274598861&g_mp=Cidnb29nbGUubWFwcy5wbGFjZXMudjEuUGxhY2VzLlNlYXJjaFRleHQQAhgEIAA","google_icon_mask_base_uri":"https://maps.gstatic.com/mapfiles/place_api/icons/v2/generic_pinlet","google_icon_background_color":"#7B9EB0","formatted_address":"Bontoc, Mountain Province, Philippines","business_status":"OPERATIONAL","rating":null,"user_rating_count":null,"barangay_slug":"poblacion","barangay_name":"Poblacion"},"geometry":{"type":"Point","coordinates":[120.9751851,17.090621]}},{"type":"Feature","properties":{"name":"Apakho's Cafe","kind":"business","kind_label":"Business","source":"google_places","google_place_id":"ChIJRyQhpE3TjzMRETHLrPx2dUY","google_primary_type":"cafe","google_primary_type_label":"Cafe","google_types":["cafe","point_of_interest","food","establishment"],"google_maps_uri":"https://maps.google.com/?cid=5077094982532935953&g_mp=Cilnb29nbGUubWFwcy5wbGFjZXMudjEuUGxhY2VzLlNlYXJjaE5lYXJieRACGAQgAA","google_icon_mask_base_uri":"https://maps.gstatic.com/mapfiles/place_api/icons/v2/cafe_pinlet","google_icon_background_color":"#FF9E67","formatted_address":"Backstreet, Poblacion (Bontoc), Bontoc, 2616 Mountain Province, Philippines","business_status":"OPERATIONAL","rating":null,"user_rating_count":null,"barangay_slug":"poblacion","barangay_name":"Poblacion"},"geometry":{"type":"Point","coordinates":[120.97625749999997,17.0889965]}},{"type":"Feature","properties":{"name":"ARJP Eatery","kind":"business","kind_label":"Business","source":"google_places","google_place_id":"ChIJPT3a3GfTjzMREnJWHEs2dbs","google_primary_type":"restaurant","google_primary_type_label":"Restaurant","google_types":["restaurant","food","point_of_interest","establishment"],"google_maps_uri":"https://maps.google.com/?cid=13507762353593545234&g_mp=Cidnb29nbGUubWFwcy5wbGFjZXMudjEuUGxhY2VzLlNlYXJjaFRleHQQAhgEIAA","google_icon_mask_base_uri":"https://maps.gstatic.com/mapfiles/place_api/icons/v2/restaurant_pinlet","google_icon_background_color":"#FF9E67","formatted_address":"3XPG+PHV, Bontoc, 2616 Mountain Province, Philippines","business_status":"OPERATIONAL","rating":null,"user_rating_count":null,"barangay_slug":"poblacion","barangay_name":"Poblacion"},"geometry":{"type":"Point","coordinates":[120.97643199999999,17.0868505]}},{"type":"Feature","properties":{"name":"Atuvan Studio Photography & Films","kind":"business","kind_label":"Business","source":"google_places","google_place_id":"ChIJQc1SfwDTjzMRAiNmh_0dseA","google_primary_type":"corporate_office","google_primary_type_label":"Corporate Office","google_types":["corporate_office","point_of_interest","establishment"],"google_maps_uri":"https://maps.google.com/?cid=16190755110109192962&g_mp=Cidnb29nbGUubWFwcy5wbGFjZXMudjEuUGxhY2VzLlNlYXJjaFRleHQQAhgEIAA","google_icon_mask_base_uri":"https://maps.gstatic.com/mapfiles/place_api/icons/v2/generic_pinlet","google_icon_background_color":"#7B9EB0","formatted_address":"Room 301, Challeya Centrum, Bontoc, Mountain Province, Philippines","business_status":"OPERATIONAL","rating":null,"user_rating_count":null,"barangay_slug":"poblacion","barangay_name":"Poblacion"},"geometry":{"type":"Point","coordinates":[120.9783521,17.0921128]}},{"type":"Feature","properties":{"name":"Balai Louna Creative Space","kind":"business","kind_label":"Business","source":"google_places","google_place_id":"ChIJbQY-xhwGQK8Rm_4oPBJZSbk","google_primary_type":"service","google_primary_type_label":"Services","google_types":["point_of_interest","service","establishment"],"google_maps_uri":"https://maps.google.com/?cid=13351300505170149019&g_mp=Cidnb29nbGUubWFwcy5wbGFjZXMudjEuUGxhY2VzLlNlYXJjaFRleHQQAhgEIAA","google_icon_mask_base_uri":"https://maps.gstatic.com/mapfiles/place_api/icons/v2/generic_pinlet","google_icon_background_color":"#7B9EB0","formatted_address":"Fanusan Building, Block 1, Back Street Market Compound, Poblacion, Bontoc, 2616 Mountain Province, Philippines","business_status":"OPERATIONAL","rating":null,"user_rating_count":null,"barangay_slug":"poblacion","barangay_name":"Poblacion"},"geometry":{"type":"Point","coordinates":[120.97671969999999,17.0893585]}},{"type":"Feature","properties":{"name":"Bar-e Cafe","kind":"business","kind_label":"Business","source":"google_places","google_place_id":"ChIJSVliceTTjzMRf_gQk59vrQ4","google_primary_type":"snack_bar","google_primary_type_label":"Snack Bar","google_types":["snack_bar","meal_takeaway","restaurant","point_of_interest","food","establishment"],"google_maps_uri":"https://maps.google.com/?cid=1057624218659780735&g_mp=Cilnb29nbGUubWFwcy5wbGFjZXMudjEuUGxhY2VzLlNlYXJjaE5lYXJieRACGAQgAA","google_icon_mask_base_uri":"https://maps.gstatic.com/mapfiles/place_api/icons/v2/restaurant_pinlet","google_icon_background_color":"#FF9E67","formatted_address":"Sangi Street, Bontoc, 2616 Mountain Province, Philippines","business_status":"OPERATIONAL","rating":null,"user_rating_count":null,"barangay_slug":"poblacion","barangay_name":"Poblacion"},"geometry":{"type":"Point","coordinates":[120.97669450000001,17.089810300000003]}},{"type":"Feature","properties":{"name":"Bontoc Cozy Nook","kind":"business","kind_label":"Business","source":"google_places","google_place_id":"ChIJxWzonFTTjzMRhuKWqoGNkos","google_primary_type":"store","google_primary_type_label":"Store","google_types":["store","point_of_interest","establishment"],"google_maps_uri":"https://maps.google.com/?cid=10057256505924051590&g_mp=Cidnb29nbGUubWFwcy5wbGFjZXMudjEuUGxhY2VzLlNlYXJjaFRleHQQAhgEIAA","google_icon_mask_base_uri":"https://maps.gstatic.com/mapfiles/place_api/icons/v2/shopping_pinlet","google_icon_background_color":"#4B96F3","formatted_address":"Market Compound, Khiyag, Bontoc, 2616 Mountain Province, Philippines","business_status":"OPERATIONAL","rating":null,"user_rating_count":null,"barangay_slug":"poblacion","barangay_name":"Poblacion"},"geometry":{"type":"Point","coordinates":[120.97665029999999,17.0892665]}},{"type":"Feature","properties":{"name":"Bontoc Public Market","kind":"business","kind_label":"Business","source":"google_places","google_place_id":"ChIJ1acR0STSjzMRL_Cf1ACDCkU","google_primary_type":"market","google_primary_type_label":"Market","google_types":["market","point_of_interest","establishment"],"google_maps_uri":"https://maps.google.com/?cid=4974932777974624303&g_mp=Cidnb29nbGUubWFwcy5wbGFjZXMudjEuUGxhY2VzLlNlYXJjaFRleHQQAhgEIAA","google_icon_mask_base_uri":"https://maps.gstatic.com/mapfiles/place_api/icons/v2/shopping_pinlet","google_icon_background_color":"#4B96F3","formatted_address":"3XQG+RQW, Bontoc, Mountain Province, Philippines","business_status":"OPERATIONAL","rating":4,"user_rating_count":433,"barangay_slug":"poblacion","barangay_name":"Poblacion"},"geometry":{"type":"Point","coordinates":[120.9769596,17.089614900000004]}},{"type":"Feature","properties":{"name":"BROS INASAL BONTOC MOUNTAIN PROVINCE (BRO'S INASAL BONTOC MOUNTAIN PROVINCE)","kind":"business","kind_label":"Business","source":"google_places","google_place_id":"ChIJi0wPcQDTjzMRxNHxjc405PU","google_primary_type":"restaurant","google_primary_type_label":"Restaurant","google_types":["restaurant","point_of_interest","food","establishment"],"google_maps_uri":"https://maps.google.com/?cid=17718344895731716548&g_mp=Cilnb29nbGUubWFwcy5wbGFjZXMudjEuUGxhY2VzLlNlYXJjaE5lYXJieRACGAQgAA","google_icon_mask_base_uri":"https://maps.gstatic.com/mapfiles/place_api/icons/v2/restaurant_pinlet","google_icon_background_color":"#FF9E67","formatted_address":"3XQH+GPC, Eyeb, Bontoc, Mountain Province, Philippines","business_status":"OPERATIONAL","rating":3,"user_rating_count":3,"barangay_slug":"poblacion","barangay_name":"Poblacion"},"geometry":{"type":"Point","coordinates":[120.97927269999998,17.0888073]}},{"type":"Feature","properties":{"name":"Café Davana","kind":"business","kind_label":"Business","source":"google_places","google_place_id":"ChIJs8yz_y_SjzMRp8Qu6gMeyZk","google_primary_type":"cafe","google_primary_type_label":"Cafe","google_types":["cafe","point_of_interest","food","establishment"],"google_maps_uri":"https://maps.google.com/?cid=11081421360284484775&g_mp=Cilnb29nbGUubWFwcy5wbGFjZXMudjEuUGxhY2VzLlNlYXJjaE5lYXJieRACGAQgAA","google_icon_mask_base_uri":"https://maps.gstatic.com/mapfiles/place_api/icons/v2/cafe_pinlet","google_icon_background_color":"#FF9E67","formatted_address":"3XPG+GGR, Bontoc, Mountain Province, Philippines","business_status":"OPERATIONAL","rating":5,"user_rating_count":2,"barangay_slug":"poblacion","barangay_name":"Poblacion"},"geometry":{"type":"Point","coordinates":[120.9762794,17.0863516]}},{"type":"Feature","properties":{"name":"Café Nadia","kind":"business","kind_label":"Business","source":"google_places","google_place_id":"ChIJjVdElWrTjzMRj2R3b5xAluI","google_primary_type":"cafe","google_primary_type_label":"Cafe","google_types":["cafe","point_of_interest","food","establishment"],"google_maps_uri":"https://maps.google.com/?cid=16327308539707483279&g_mp=Cilnb29nbGUubWFwcy5wbGFjZXMudjEuUGxhY2VzLlNlYXJjaE5lYXJieRACGAQgAA","google_icon_mask_base_uri":"https://maps.gstatic.com/mapfiles/place_api/icons/v2/cafe_pinlet","google_icon_background_color":"#FF9E67","formatted_address":"Fakeg St, Loc-ong Rd, Bontoc, 2616 Mountain Province, Philippines","business_status":"OPERATIONAL","rating":4.7,"user_rating_count":20,"barangay_slug":"poblacion","barangay_name":"Poblacion"},"geometry":{"type":"Point","coordinates":[120.9770489,17.0871282]}},{"type":"Feature","properties":{"name":"Cafe Tagtag","kind":"business","kind_label":"Business","source":"google_places","google_place_id":"ChIJk04oj9DTjzMRzgsicfdHndI","google_primary_type":"cafe","google_primary_type_label":"Cafe","google_types":["cafe","point_of_interest","food","establishment"],"google_maps_uri":"https://maps.google.com/?cid=15176365447388990414&g_mp=Cilnb29nbGUubWFwcy5wbGFjZXMudjEuUGxhY2VzLlNlYXJjaE5lYXJieRACGAQgAA","google_icon_mask_base_uri":"https://maps.gstatic.com/mapfiles/place_api/icons/v2/cafe_pinlet","google_icon_background_color":"#FF9E67","formatted_address":"3XQG+MG3, Omfeg, Bontoc, Mountain Province, Philippines","business_status":"OPERATIONAL","rating":null,"user_rating_count":null,"barangay_slug":"poblacion","barangay_name":"Poblacion"},"geometry":{"type":"Point","coordinates":[120.9763115,17.0891365]}},{"type":"Feature","properties":{"name":"Cafe Wichan","kind":"business","kind_label":"Business","source":"google_places","google_place_id":"ChIJBy5-_U3TjzMRIutRYVKLV1M","google_primary_type":"cafe","google_primary_type_label":"Cafe","google_types":["cafe","point_of_interest","food","establishment"],"google_maps_uri":"https://maps.google.com/?cid=6005421814058183458&g_mp=Cilnb29nbGUubWFwcy5wbGFjZXMudjEuUGxhY2VzLlNlYXJjaE5lYXJieRACGAQgAA","google_icon_mask_base_uri":"https://maps.gstatic.com/mapfiles/place_api/icons/v2/cafe_pinlet","google_icon_background_color":"#FF9E67","formatted_address":"Ground Floor, Road level CMV Building, Loc-ong Rd, Poblacion, Bontoc, 2616 Mountain Province, Philippines","business_status":"OPERATIONAL","rating":5,"user_rating_count":4,"barangay_slug":"poblacion","barangay_name":"Poblacion"},"geometry":{"type":"Point","coordinates":[120.97757359999999,17.0886857]}},{"type":"Feature","properties":{"name":"Caja Pizza, Bontoc","kind":"business","kind_label":"Business","source":"google_places","google_place_id":"ChIJfRUD-i_SjzMR2SQFPSLAyfc","google_primary_type":"restaurant","google_primary_type_label":"Restaurant","google_types":["restaurant","point_of_interest","food","establishment"],"google_maps_uri":"https://maps.google.com/?cid=17855013450972210393&g_mp=Cilnb29nbGUubWFwcy5wbGFjZXMudjEuUGxhY2VzLlNlYXJjaE5lYXJieRACGAQgAA","google_icon_mask_base_uri":"https://maps.gstatic.com/mapfiles/place_api/icons/v2/restaurant_pinlet","google_icon_background_color":"#FF9E67","formatted_address":"3XPG+FW8, Sub-ang St, Bontoc, Mountain Province, Philippines","business_status":"OPERATIONAL","rating":4.6,"user_rating_count":43,"barangay_slug":"poblacion","barangay_name":"Poblacion"},"geometry":{"type":"Point","coordinates":[120.97732249999999,17.0861546]}},{"type":"Feature","properties":{"name":"Calsaj Foodhouse","kind":"business","kind_label":"Business","source":"google_places","google_place_id":"ChIJS0BCjArTjzMRut_-lRoA-bs","google_primary_type":"restaurant","google_primary_type_label":"Restaurant","google_types":["restaurant","food","point_of_interest","establishment"],"google_maps_uri":"https://maps.google.com/?cid=13544857468479135674&g_mp=Cidnb29nbGUubWFwcy5wbGFjZXMudjEuUGxhY2VzLlNlYXJjaFRleHQQAhgEIAA","google_icon_mask_base_uri":"https://maps.gstatic.com/mapfiles/place_api/icons/v2/restaurant_pinlet","google_icon_background_color":"#FF9E67","formatted_address":"Bontoc-Banaue, Road Jungle Town Rd, Bontoc, 2616 Mountain Province, Philippines","business_status":"OPERATIONAL","rating":3.4,"user_rating_count":7,"barangay_slug":"poblacion","barangay_name":"Poblacion"},"geometry":{"type":"Point","coordinates":[120.97742930000001,17.0896371]}},{"type":"Feature","properties":{"name":"Cherway Convenience Store","kind":"business","kind_label":"Business","source":"google_places","google_place_id":"ChIJZSw-84DTjzMRLTnlWF45ERk","google_primary_type":"store","google_primary_type_label":"Store","google_types":["store","point_of_interest","establishment"],"google_maps_uri":"https://maps.google.com/?cid=1806288002933405997&g_mp=Cilnb29nbGUubWFwcy5wbGFjZXMudjEuUGxhY2VzLlNlYXJjaE5lYXJieRACGAQgAA","google_icon_mask_base_uri":"https://maps.gstatic.com/mapfiles/place_api/icons/v2/shopping_pinlet","google_icon_background_color":"#4B96F3","formatted_address":"3XQG+GP9, Guinaang Rd, Omfeg, Bontoc, Mountain Province, Philippines","business_status":"OPERATIONAL","rating":null,"user_rating_count":null,"barangay_slug":"poblacion","barangay_name":"Poblacion"},"geometry":{"type":"Point","coordinates":[120.9768369,17.0888485]}},{"type":"Feature","properties":{"name":"Cherway Live Band","kind":"business","kind_label":"Business","source":"google_places","google_place_id":"ChIJBf2v2yTSjzMRsHh01WyGim4","google_primary_type":"bar","google_primary_type_label":"Bar","google_types":["bar","point_of_interest","establishment"],"google_maps_uri":"https://maps.google.com/?cid=7965326692953913520&g_mp=Cilnb29nbGUubWFwcy5wbGFjZXMudjEuUGxhY2VzLlNlYXJjaE5lYXJieRACGAQgAA","google_icon_mask_base_uri":"https://maps.gstatic.com/mapfiles/place_api/icons/v2/bar_pinlet","google_icon_background_color":"#FF9E67","formatted_address":"3XQG+QRQ, Bontoc, Mountain Province, Philippines","business_status":"OPERATIONAL","rating":null,"user_rating_count":null,"barangay_slug":"poblacion","barangay_name":"Poblacion"},"geometry":{"type":"Point","coordinates":[120.97712479999998,17.0894633]}},{"type":"Feature","properties":{"name":"Chico Terrace Resto","kind":"business","kind_label":"Business","source":"google_places","google_place_id":"ChIJi935MCXSjzMR7rmmAKmJjTo","google_primary_type":"restaurant","google_primary_type_label":"Restaurant","google_types":["restaurant","point_of_interest","food","establishment"],"google_maps_uri":"https://maps.google.com/?cid=4219179784869427694&g_mp=Cidnb29nbGUubWFwcy5wbGFjZXMudjEuUGxhY2VzLlNlYXJjaFRleHQQAhgEIAA","google_icon_mask_base_uri":"https://maps.gstatic.com/mapfiles/place_api/icons/v2/restaurant_pinlet","google_icon_background_color":"#FF9E67","formatted_address":"Halsema Highway, Bontoc, Mountain Province, Philippines","business_status":"OPERATIONAL","rating":4,"user_rating_count":8,"barangay_slug":"poblacion","barangay_name":"Poblacion"},"geometry":{"type":"Point","coordinates":[120.97677220000001,17.088347199999998]}},{"type":"Feature","properties":{"name":"CMV Enterprise","kind":"business","kind_label":"Business","source":"google_places","google_place_id":"ChIJBcP_OSXSjzMRFtGmz5YALmA","google_primary_type":"clothing_store","google_primary_type_label":"Clothing Store","google_types":["clothing_store","store","point_of_interest","establishment"],"google_maps_uri":"https://maps.google.com/?cid=6930477524298682646&g_mp=Cidnb29nbGUubWFwcy5wbGFjZXMudjEuUGxhY2VzLlNlYXJjaFRleHQQAhgEIAA","google_icon_mask_base_uri":"https://maps.gstatic.com/mapfiles/place_api/icons/v2/shopping_pinlet","google_icon_background_color":"#4B96F3","formatted_address":"Omfeg, Bontoc, 2616 Mountain Province, Philippines","business_status":"OPERATIONAL","rating":4,"user_rating_count":5,"barangay_slug":"poblacion","barangay_name":"Poblacion"},"geometry":{"type":"Point","coordinates":[120.97691619999999,17.088195199999998]}},{"type":"Feature","properties":{"name":"Codalines Pick Up Point","kind":"business","kind_label":"Business","source":"google_places","google_place_id":"ChIJY3o-_iTSjzMR9oyrmCV5Rzk","google_primary_type":"truck_stop","google_primary_type_label":"Truck Stop","google_types":["truck_stop","store","point_of_interest","food","establishment"],"google_maps_uri":"https://maps.google.com/?cid=4127400785890479350&g_mp=Cilnb29nbGUubWFwcy5wbGFjZXMudjEuUGxhY2VzLlNlYXJjaE5lYXJieRACGAQgAA","google_icon_mask_base_uri":"https://maps.gstatic.com/mapfiles/place_api/icons/v2/shopping_pinlet","google_icon_background_color":"#4B96F3","formatted_address":"3XRG+2QX, Bontoc, Mountain Province, Philippines","business_status":"OPERATIONAL","rating":3.6,"user_rating_count":21,"barangay_slug":"poblacion","barangay_name":"Poblacion"},"geometry":{"type":"Point","coordinates":[120.9769898,17.090124]}},{"type":"Feature","properties":{"name":"Commercial Center","kind":"business","kind_label":"Business","source":"google_places","google_place_id":"ChIJkaw_zyTSjzMRdX5cYzFrTos","google_primary_type":"shopping_mall","google_primary_type_label":"Shopping Mall","google_types":["shopping_mall","point_of_interest","establishment"],"google_maps_uri":"https://maps.google.com/?cid=10038078479319989877&g_mp=Cilnb29nbGUubWFwcy5wbGFjZXMudjEuUGxhY2VzLlNlYXJjaE5lYXJieRACGAQgAA","google_icon_mask_base_uri":"https://maps.gstatic.com/mapfiles/place_api/icons/v2/shopping_pinlet","google_icon_background_color":"#4B96F3","formatted_address":"3XRG+2Q7, Bontoc, Mountain Province, Philippines","business_status":"OPERATIONAL","rating":4,"user_rating_count":2,"barangay_slug":"poblacion","barangay_name":"Poblacion"},"geometry":{"type":"Point","coordinates":[120.9769359,17.0900295]}},{"type":"Feature","properties":{"name":"Conie Store Triangle Square Good Pizza Takeout","kind":"business","kind_label":"Business","source":"google_places","google_place_id":"ChIJ5bq6UwDTjzMR-SwSqIbsA8c","google_primary_type":"meal_takeaway","google_primary_type_label":"Takeout Restaurant","google_types":["meal_takeaway","restaurant","point_of_interest","food","establishment"],"google_maps_uri":"https://maps.google.com/?cid=14340565701567327481&g_mp=Cilnb29nbGUubWFwcy5wbGFjZXMudjEuUGxhY2VzLlNlYXJjaE5lYXJieRACGAQgAA","google_icon_mask_base_uri":"https://maps.gstatic.com/mapfiles/place_api/icons/v2/restaurant_pinlet","google_icon_background_color":"#FF9E67","formatted_address":"Bontoc, Mountain Province, Philippines","business_status":"OPERATIONAL","rating":5,"user_rating_count":1,"barangay_slug":"poblacion","barangay_name":"Poblacion"},"geometry":{"type":"Point","coordinates":[120.9783535,17.0919167]}},{"type":"Feature","properties":{"name":"Cuppa Joy Tea shop","kind":"business","kind_label":"Business","source":"google_places","google_place_id":"ChIJbyxD-T_TjzMRRGfCy5EFX2M","google_primary_type":"cafe","google_primary_type_label":"Cafe","google_types":["cafe","point_of_interest","food","establishment"],"google_maps_uri":"https://maps.google.com/?cid=7160448056289290052&g_mp=Cilnb29nbGUubWFwcy5wbGFjZXMudjEuUGxhY2VzLlNlYXJjaE5lYXJieRACGAQgAA","google_icon_mask_base_uri":"https://maps.gstatic.com/mapfiles/place_api/icons/v2/cafe_pinlet","google_icon_background_color":"#FF9E67","formatted_address":"55B 3rd Floor, Sawi Building, Eyeb, Bontoc, Mountain Province, Philippines","business_status":"OPERATIONAL","rating":4.6,"user_rating_count":8,"barangay_slug":"poblacion","barangay_name":"Poblacion"},"geometry":{"type":"Point","coordinates":[120.9787986,17.0914193]}},{"type":"Feature","properties":{"name":"Dag-usan Store","kind":"business","kind_label":"Business","source":"google_places","google_place_id":"ChIJ5WXEPiXSjzMRxIdY07L-7Q4","google_primary_type":"store","google_primary_type_label":"Store","google_types":["point_of_interest","store","establishment"],"google_maps_uri":"https://maps.google.com/?cid=1075795930014844868&g_mp=Cidnb29nbGUubWFwcy5wbGFjZXMudjEuUGxhY2VzLlNlYXJjaFRleHQQAhgEIAA","google_icon_mask_base_uri":"https://maps.gstatic.com/mapfiles/place_api/icons/v2/shopping_pinlet","google_icon_background_color":"#4B96F3","formatted_address":"3XQG+CRG, Halsema Highway, Bontoc, Mountain Province, Philippines","business_status":"OPERATIONAL","rating":null,"user_rating_count":null,"barangay_slug":"poblacion","barangay_name":"Poblacion"},"geometry":{"type":"Point","coordinates":[120.9770722,17.0885702]}},{"type":"Feature","properties":{"name":"DB2 Panciteria","kind":"business","kind_label":"Business","source":"google_places","google_place_id":"ChIJH2oF8b7TjzMRnjA65MJ6cvw","google_primary_type":"restaurant","google_primary_type_label":"Restaurant","google_types":["restaurant","point_of_interest","food","establishment"],"google_maps_uri":"https://maps.google.com/?cid=18190736822374117534&g_mp=Cilnb29nbGUubWFwcy5wbGFjZXMudjEuUGxhY2VzLlNlYXJjaE5lYXJieRACGAQgAA","google_icon_mask_base_uri":"https://maps.gstatic.com/mapfiles/place_api/icons/v2/restaurant_pinlet","google_icon_background_color":"#FF9E67","formatted_address":"Poblacion, Bontoc, 2616 Mountain Province, Philippines","business_status":"OPERATIONAL","rating":4.4,"user_rating_count":5,"barangay_slug":"poblacion","barangay_name":"Poblacion"},"geometry":{"type":"Point","coordinates":[120.976619,17.0868298]}},{"type":"Feature","properties":{"name":"Drop-by Restaurant","kind":"business","kind_label":"Business","source":"google_places","google_place_id":"ChIJXT21NyXSjzMRdy06ZwD6cQ0","google_primary_type":"restaurant","google_primary_type_label":"Restaurant","google_types":["restaurant","point_of_interest","food","establishment"],"google_maps_uri":"https://maps.google.com/?cid=968830274500177271&g_mp=Cilnb29nbGUubWFwcy5wbGFjZXMudjEuUGxhY2VzLlNlYXJjaE5lYXJieRACGAQgAA","google_icon_mask_base_uri":"https://maps.gstatic.com/mapfiles/place_api/icons/v2/restaurant_pinlet","google_icon_background_color":"#FF9E67","formatted_address":"3XQG+4MM, Halsema Highway, Bontoc, Mountain Province, Philippines","business_status":"OPERATIONAL","rating":4.3,"user_rating_count":39,"barangay_slug":"poblacion","barangay_name":"Poblacion"},"geometry":{"type":"Point","coordinates":[120.97668189999999,17.0878277]}},{"type":"Feature","properties":{"name":"EJ's Minimart & Fashion Hub","kind":"business","kind_label":"Business","source":"google_places","google_place_id":"ChIJwyjNO9fTjzMRgEhTOSCCp2c","google_primary_type":"clothing_store","google_primary_type_label":"Clothing Store","google_types":["clothing_store","store","point_of_interest","establishment"],"google_maps_uri":"https://maps.google.com/?cid=7469081581929580672&g_mp=Cidnb29nbGUubWFwcy5wbGFjZXMudjEuUGxhY2VzLlNlYXJjaFRleHQQAhgEIAA","google_icon_mask_base_uri":"https://maps.gstatic.com/mapfiles/place_api/icons/v2/shopping_pinlet","google_icon_background_color":"#4B96F3","formatted_address":"Macliing Building, Poblacion, Bontoc, 2616 Mountain Province, Philippines","business_status":"OPERATIONAL","rating":null,"user_rating_count":null,"barangay_slug":"poblacion","barangay_name":"Poblacion"},"geometry":{"type":"Point","coordinates":[120.9775701,17.0902198]}},{"type":"Feature","properties":{"name":"ELBA'S STORE","kind":"business","kind_label":"Business","source":"google_places","google_place_id":"ChIJr2OD0CTSjzMRrQIQmNAF22Y","google_primary_type":"shopping_mall","google_primary_type_label":"Shopping Mall","google_types":["shopping_mall","point_of_interest","establishment"],"google_maps_uri":"https://maps.google.com/?cid=7411524005230805677&g_mp=Cidnb29nbGUubWFwcy5wbGFjZXMudjEuUGxhY2VzLlNlYXJjaFRleHQQAhgEIAA","google_icon_mask_base_uri":"https://maps.gstatic.com/mapfiles/place_api/icons/v2/shopping_pinlet","google_icon_background_color":"#4B96F3","formatted_address":"3XQG+QQV, Bontoc, Mountain Province, Philippines","business_status":"OPERATIONAL","rating":null,"user_rating_count":null,"barangay_slug":"poblacion","barangay_name":"Poblacion"},"geometry":{"type":"Point","coordinates":[120.9769362,17.0894789]}},{"type":"Feature","properties":{"name":"Espresso and Stories","kind":"business","kind_label":"Business","source":"google_places","google_place_id":"ChIJQRp4R9HTjzMRem95CL82TbI","google_primary_type":"cafe","google_primary_type_label":"Cafe","google_types":["cafe","point_of_interest","food","establishment"],"google_maps_uri":"https://maps.google.com/?cid=12847985506066722682&g_mp=Cilnb29nbGUubWFwcy5wbGFjZXMudjEuUGxhY2VzLlNlYXJjaE5lYXJieRACGAQgAA","google_icon_mask_base_uri":"https://maps.gstatic.com/mapfiles/place_api/icons/v2/cafe_pinlet","google_icon_background_color":"#FF9E67","formatted_address":"Poblacion Bontoc, 2616 Mountain Province, Philippines","business_status":"OPERATIONAL","rating":null,"user_rating_count":null,"barangay_slug":"poblacion","barangay_name":"Poblacion"},"geometry":{"type":"Point","coordinates":[120.9778515,17.0916169]}},{"type":"Feature","properties":{"name":"Euphoria Restaurant","kind":"business","kind_label":"Business","source":"google_places","google_place_id":"ChIJ7axndTjTjzMRJz3IirFGnHE","google_primary_type":"restaurant","google_primary_type_label":"Restaurant","google_types":["restaurant","point_of_interest","food","establishment"],"google_maps_uri":"https://maps.google.com/?cid=8186495951004253479&g_mp=Cilnb29nbGUubWFwcy5wbGFjZXMudjEuUGxhY2VzLlNlYXJjaE5lYXJieRACGAQgAA","google_icon_mask_base_uri":"https://maps.gstatic.com/mapfiles/place_api/icons/v2/restaurant_pinlet","google_icon_background_color":"#FF9E67","formatted_address":"Eyeb, Bontoc, 2616 Mountain Province, Philippines","business_status":"OPERATIONAL","rating":null,"user_rating_count":null,"barangay_slug":"poblacion","barangay_name":"Poblacion"},"geometry":{"type":"Point","coordinates":[120.97896689999999,17.091128299999998]}},{"type":"Feature","properties":{"name":"Garden Ramen","kind":"business","kind_label":"Business","source":"google_places","google_place_id":"ChIJT8gtXRvTjzMREsjahmPxAoE","google_primary_type":"ramen_restaurant","google_primary_type_label":"Ramen Restaurant","google_types":["ramen_restaurant","japanese_restaurant","restaurant","point_of_interest","food","establishment"],"google_maps_uri":"https://maps.google.com/?cid=9296257990612666386&g_mp=Cilnb29nbGUubWFwcy5wbGFjZXMudjEuUGxhY2VzLlNlYXJjaE5lYXJieRACGAQgAA","google_icon_mask_base_uri":"https://maps.gstatic.com/mapfiles/place_api/icons/v2/restaurant_pinlet","google_icon_background_color":"#FF9E67","formatted_address":"3rd Floor, Bontoc Commercial Building, Halsema Highway, Bontoc, Mountain Province, Philippines","business_status":"OPERATIONAL","rating":null,"user_rating_count":null,"barangay_slug":"poblacion","barangay_name":"Poblacion"},"geometry":{"type":"Point","coordinates":[120.97694829999999,17.0900192]}},{"type":"Feature","properties":{"name":"Gigglemug Corner/ F&D Pet Accessories","kind":"business","kind_label":"Business","source":"google_places","google_place_id":"ChIJAdJqsdLTjzMR-XXTxMIoJCA","google_primary_type":"pet_store","google_primary_type_label":"Pet Store","google_types":["pet_store","shawarma_restaurant","middle_eastern_restaurant","meal_takeaway","store","restaurant","food","point_of_interest","establishment"],"google_maps_uri":"https://maps.google.com/?cid=2316020925366236665&g_mp=Cidnb29nbGUubWFwcy5wbGFjZXMudjEuUGxhY2VzLlNlYXJjaFRleHQQAhgEIAA","google_icon_mask_base_uri":"https://maps.gstatic.com/mapfiles/place_api/icons/v2/shopping_pinlet","google_icon_background_color":"#4B96F3","formatted_address":"Fanusan Building, Block 1 Back Street Market Compound, Poblacion (Bontoc), Bontoc, 2616 Mountain Province, Philippines","business_status":"OPERATIONAL","rating":5,"user_rating_count":1,"barangay_slug":"poblacion","barangay_name":"Poblacion"},"geometry":{"type":"Point","coordinates":[120.9767193,17.0893584]}},{"type":"Feature","properties":{"name":"Government Center","kind":"business","kind_label":"Business","source":"google_places","google_place_id":"ChIJ6VJ2wSTSjzMR5rjMx_MnRto","google_primary_type":"premise","google_primary_type_label":"Building","google_types":["premise","street_address"],"google_maps_uri":"https://maps.google.com/?cid=15728302676620654822&g_mp=Cidnb29nbGUubWFwcy5wbGFjZXMudjEuUGxhY2VzLlNlYXJjaFRleHQQAhgEIAA","google_icon_mask_base_uri":"https://maps.gstatic.com/mapfiles/place_api/icons/v2/generic_pinlet","google_icon_background_color":"#7B9EB0","formatted_address":"Government Center, Nueva Vizcaya - Ifugao - Mountain Province Rd, Bontoc, Mountain Province, Philippines","business_status":null,"rating":null,"user_rating_count":null,"barangay_slug":"poblacion","barangay_name":"Poblacion"},"geometry":{"type":"Point","coordinates":[120.9775492,17.0900461]}},{"type":"Feature","properties":{"name":"Green Store and Souvenier Shop","kind":"business","kind_label":"Business","source":"google_places","google_place_id":"ChIJrZz9rVbTjzMRETPasF8EjkU","google_primary_type":"store","google_primary_type_label":"Store","google_types":["store","point_of_interest","establishment"],"google_maps_uri":"https://maps.google.com/?cid=5011948244345434897&g_mp=Cilnb29nbGUubWFwcy5wbGFjZXMudjEuUGxhY2VzLlNlYXJjaE5lYXJieRACGAQgAA","google_icon_mask_base_uri":"https://maps.gstatic.com/mapfiles/place_api/icons/v2/shopping_pinlet","google_icon_background_color":"#4B96F3","formatted_address":"Backstreet, Bontoc, 2616 Mountain Province, Philippines","business_status":"OPERATIONAL","rating":null,"user_rating_count":null,"barangay_slug":"poblacion","barangay_name":"Poblacion"},"geometry":{"type":"Point","coordinates":[120.97626,17.0899399]}},{"type":"Feature","properties":{"name":"Haraya Architectural Design Studio","kind":"business","kind_label":"Business","source":"google_places","google_place_id":"ChIJtyL1_zrTjzMRyfAMxeSZ8mE","google_primary_type":"service","google_primary_type_label":"Services","google_types":["point_of_interest","service","establishment"],"google_maps_uri":"https://maps.google.com/?cid=7057872773880541385&g_mp=Cidnb29nbGUubWFwcy5wbGFjZXMudjEuUGxhY2VzLlNlYXJjaFRleHQQAhgEIAA","google_icon_mask_base_uri":"https://maps.gstatic.com/mapfiles/place_api/icons/v2/generic_pinlet","google_icon_background_color":"#7B9EB0","formatted_address":"2/F, Gayyap Kalley Bldg, National Road, Poblacion, Bontoc, 2616 Mountain Province, Philippines","business_status":"OPERATIONAL","rating":null,"user_rating_count":null,"barangay_slug":"poblacion","barangay_name":"Poblacion"},"geometry":{"type":"Point","coordinates":[120.97626879999999,17.0862515]}},{"type":"Feature","properties":{"name":"HEIRESS Food House","kind":"business","kind_label":"Business","source":"google_places","google_place_id":"ChIJL0N9fiPSjzMRr_rO1Enwu-U","google_primary_type":"restaurant","google_primary_type_label":"Restaurant","google_types":["restaurant","point_of_interest","food","establishment"],"google_maps_uri":"https://maps.google.com/?cid=16554089055224003247&g_mp=Cilnb29nbGUubWFwcy5wbGFjZXMudjEuUGxhY2VzLlNlYXJjaE5lYXJieRACGAQgAA","google_icon_mask_base_uri":"https://maps.gstatic.com/mapfiles/place_api/icons/v2/restaurant_pinlet","google_icon_background_color":"#FF9E67","formatted_address":"Bontoc, Mountain Province, Philippines","business_status":"OPERATIONAL","rating":null,"user_rating_count":null,"barangay_slug":"poblacion","barangay_name":"Poblacion"},"geometry":{"type":"Point","coordinates":[120.97870959999997,17.0915333]}},{"type":"Feature","properties":{"name":"HotSpot ave snackhouse","kind":"business","kind_label":"Business","source":"google_places","google_place_id":"ChIJgZ6hDBLTjzMRFNsc0amH8zQ","google_primary_type":"restaurant","google_primary_type_label":"Restaurant","google_types":["restaurant","point_of_interest","food","establishment"],"google_maps_uri":"https://maps.google.com/?cid=3815542472740494100&g_mp=Cilnb29nbGUubWFwcy5wbGFjZXMudjEuUGxhY2VzLlNlYXJjaE5lYXJieRACGAQgAA","google_icon_mask_base_uri":"https://maps.gstatic.com/mapfiles/place_api/icons/v2/restaurant_pinlet","google_icon_background_color":"#FF9E67","formatted_address":"3XQG+M9P, Omfeg, Bontoc, Mountain Province, Philippines","business_status":"OPERATIONAL","rating":null,"user_rating_count":null,"barangay_slug":"poblacion","barangay_name":"Poblacion"},"geometry":{"type":"Point","coordinates":[120.97595760000002,17.0892124]}},{"type":"Feature","properties":{"name":"Igorot Venture OPC","kind":"business","kind_label":"Business","source":"google_places","google_place_id":"ChIJ2VdPVSTSjzMRXjMo0GKYfx4","google_primary_type":"hardware_store","google_primary_type_label":"Hardware Store","google_types":["hardware_store","building_materials_store","store","wholesaler","point_of_interest","establishment"],"google_maps_uri":"https://maps.google.com/?cid=2197642693346603870&g_mp=Cilnb29nbGUubWFwcy5wbGFjZXMudjEuUGxhY2VzLlNlYXJjaE5lYXJieRACGAQgAA","google_icon_mask_base_uri":"https://maps.gstatic.com/mapfiles/place_api/icons/v2/shopping_pinlet","google_icon_background_color":"#4B96F3","formatted_address":"Nueva Vizcaya - Ifugao - Mountain Province Rd, Bontoc, Mountain Province, Philippines","business_status":"OPERATIONAL","rating":3,"user_rating_count":2,"barangay_slug":"poblacion","barangay_name":"Poblacion"},"geometry":{"type":"Point","coordinates":[120.9791239,17.0887206]}},{"type":"Feature","properties":{"name":"Infinitea","kind":"business","kind_label":"Business","source":"google_places","google_place_id":"ChIJ54NMzyTSjzMRI5kScfk2kDE","google_primary_type":"cafe","google_primary_type_label":"Cafe","google_types":["cafe","point_of_interest","food","establishment"],"google_maps_uri":"https://maps.google.com/?cid=3571414949476604195&g_mp=Cilnb29nbGUubWFwcy5wbGFjZXMudjEuUGxhY2VzLlNlYXJjaE5lYXJieRACGAQgAA","google_icon_mask_base_uri":"https://maps.gstatic.com/mapfiles/place_api/icons/v2/cafe_pinlet","google_icon_background_color":"#FF9E67","formatted_address":"3XRG+2P7, Bontoc, Mountain Province, Philippines","business_status":"OPERATIONAL","rating":4.3,"user_rating_count":12,"barangay_slug":"poblacion","barangay_name":"Poblacion"},"geometry":{"type":"Point","coordinates":[120.9768108,17.0900384]}},{"type":"Feature","properties":{"name":"JC Computers","kind":"business","kind_label":"Business","source":"google_places","google_place_id":"ChIJT6k8eyPSjzMRqE7cmh65w2g","google_primary_type":"cafe","google_primary_type_label":"Cafe","google_types":["cafe","point_of_interest","food","establishment"],"google_maps_uri":"https://maps.google.com/?cid=7549080941501370024&g_mp=Cilnb29nbGUubWFwcy5wbGFjZXMudjEuUGxhY2VzLlNlYXJjaE5lYXJieRACGAQgAA","google_icon_mask_base_uri":"https://maps.gstatic.com/mapfiles/place_api/icons/v2/cafe_pinlet","google_icon_background_color":"#FF9E67","formatted_address":"3XRH+Q84, Bontoc, Mountain Province, Philippines","business_status":"OPERATIONAL","rating":null,"user_rating_count":null,"barangay_slug":"poblacion","barangay_name":"Poblacion"},"geometry":{"type":"Point","coordinates":[120.97834250000001,17.0918972]}},{"type":"Feature","properties":{"name":"JR Inasal House Bontoc","kind":"business","kind_label":"Business","source":"google_places","google_place_id":"ChIJySmeacHTjzMR3z-9At9njEs","google_primary_type":"fast_food_restaurant","google_primary_type_label":"Fast Food Restaurant","google_types":["fast_food_restaurant","restaurant","point_of_interest","food","establishment"],"google_maps_uri":"https://maps.google.com/?cid=5443840257105412063&g_mp=Cilnb29nbGUubWFwcy5wbGFjZXMudjEuUGxhY2VzLlNlYXJjaE5lYXJieRACGAQgAA","google_icon_mask_base_uri":"https://maps.gstatic.com/mapfiles/place_api/icons/v2/restaurant_pinlet","google_icon_background_color":"#FF9E67","formatted_address":"2nd floor, LA' PACITA BLDG, Poblacion, Bontoc, Mountain Province, Philippines","business_status":"OPERATIONAL","rating":4,"user_rating_count":9,"barangay_slug":"poblacion","barangay_name":"Poblacion"},"geometry":{"type":"Point","coordinates":[120.97688839999998,17.0889471]}},{"type":"Feature","properties":{"name":"KaAron Resto","kind":"business","kind_label":"Business","source":"google_places","google_place_id":"ChIJS9umyfrTjzMRCGvu9moqGe8","google_primary_type":"bar","google_primary_type_label":"Bar","google_types":["bar","point_of_interest","establishment"],"google_maps_uri":"https://maps.google.com/?cid=17228848488380263176&g_mp=Cilnb29nbGUubWFwcy5wbGFjZXMudjEuUGxhY2VzLlNlYXJjaE5lYXJieRACGAQgAA","google_icon_mask_base_uri":"https://maps.gstatic.com/mapfiles/place_api/icons/v2/bar_pinlet","google_icon_background_color":"#FF9E67","formatted_address":"Tabuk Road, Bontoc, 2616 Mountain Province, Philippines","business_status":"OPERATIONAL","rating":null,"user_rating_count":null,"barangay_slug":"poblacion","barangay_name":"Poblacion"},"geometry":{"type":"Point","coordinates":[120.9783013,17.0919406]}},{"type":"Feature","properties":{"name":"Khamfili's Cafe","kind":"business","kind_label":"Business","source":"google_places","google_place_id":"ChIJv3rXeiPSjzMRo-E83Eoui30","google_primary_type":"cafe","google_primary_type_label":"Cafe","google_types":["cafe","point_of_interest","food","establishment"],"google_maps_uri":"https://maps.google.com/?cid=9046375175561208227&g_mp=Cilnb29nbGUubWFwcy5wbGFjZXMudjEuUGxhY2VzLlNlYXJjaE5lYXJieRACGAQgAA","google_icon_mask_base_uri":"https://maps.gstatic.com/mapfiles/place_api/icons/v2/cafe_pinlet","google_icon_background_color":"#FF9E67","formatted_address":"3XRH+Q8H, Mount Province - Tabuk - Enrile - Cagayan Rd, Bontoc, Mountain Province, Philippines","business_status":"CLOSED_TEMPORARILY","rating":null,"user_rating_count":null,"barangay_slug":"poblacion","barangay_name":"Poblacion"},"geometry":{"type":"Point","coordinates":[120.9783534,17.0919375]}},{"type":"Feature","properties":{"name":"KUSINA RESTOBAR","kind":"business","kind_label":"Business","source":"google_places","google_place_id":"ChIJI7_rGADTjzMRUpzU9Lt8r3A","google_primary_type":"restaurant","google_primary_type_label":"Restaurant","google_types":["restaurant","point_of_interest","food","establishment"],"google_maps_uri":"https://maps.google.com/?cid=8119845799880596562&g_mp=Cilnb29nbGUubWFwcy5wbGFjZXMudjEuUGxhY2VzLlNlYXJjaE5lYXJieRACGAQgAA","google_icon_mask_base_uri":"https://maps.gstatic.com/mapfiles/place_api/icons/v2/restaurant_pinlet","google_icon_background_color":"#FF9E67","formatted_address":"3rd Floor, 3XQG+WMV Ayochok Bldg, Sangi, Poblacion, Bontoc, Mountain Province, Philippines","business_status":"OPERATIONAL","rating":null,"user_rating_count":null,"barangay_slug":"poblacion","barangay_name":"Poblacion"},"geometry":{"type":"Point","coordinates":[120.9766719,17.0898625]}},{"type":"Feature","properties":{"name":"Kuya Jeff's Eatery and Coffee Shop","kind":"business","kind_label":"Business","source":"google_places","google_place_id":"ChIJ4RuUkk7TjzMR_Mem7MPXqNo","google_primary_type":"cafe","google_primary_type_label":"Cafe","google_types":["cafe","point_of_interest","food","establishment"],"google_maps_uri":"https://maps.google.com/?cid=15756080532844627964&g_mp=Cilnb29nbGUubWFwcy5wbGFjZXMudjEuUGxhY2VzLlNlYXJjaE5lYXJieRACGAQgAA","google_icon_mask_base_uri":"https://maps.gstatic.com/mapfiles/place_api/icons/v2/cafe_pinlet","google_icon_background_color":"#FF9E67","formatted_address":"3XQG+WMV, Bontoc, Mountain Province, Philippines","business_status":"OPERATIONAL","rating":null,"user_rating_count":null,"barangay_slug":"poblacion","barangay_name":"Poblacion"},"geometry":{"type":"Point","coordinates":[120.97668010000001,17.0898725]}},{"type":"Feature","properties":{"name":"KVB TRAVEL AND TOURS","kind":"business","kind_label":"Business","source":"google_places","google_place_id":"ChIJXRT0XVLTjzMRmA5xguCRIi4","google_primary_type":"tour_agency","google_primary_type_label":"Tour Agency","google_types":["tour_agency","travel_agency","service","point_of_interest","establishment"],"google_maps_uri":"https://maps.google.com/?cid=3324379868399996568&g_mp=Cilnb29nbGUubWFwcy5wbGFjZXMudjEuUGxhY2VzLlNlYXJjaE5lYXJieRACGAQgAA","google_icon_mask_base_uri":"https://maps.gstatic.com/mapfiles/place_api/icons/v2/generic_pinlet","google_icon_background_color":"#7B9EB0","formatted_address":"Appong St, Jungle Town Rd, Bontoc, 2616 Mountain Province, Philippines","business_status":"OPERATIONAL","rating":null,"user_rating_count":null,"barangay_slug":"poblacion","barangay_name":"Poblacion"},"geometry":{"type":"Point","coordinates":[120.9778929,17.089877]}},{"type":"Feature","properties":{"name":"La Pizzeria","kind":"business","kind_label":"Business","source":"google_places","google_place_id":"ChIJaYt7LyXSjzMR5W4VsyIG-44","google_primary_type":"restaurant","google_primary_type_label":"Restaurant","google_types":["restaurant","food","point_of_interest","establishment"],"google_maps_uri":"https://maps.google.com/?cid=10302835318643322597&g_mp=Cidnb29nbGUubWFwcy5wbGFjZXMudjEuUGxhY2VzLlNlYXJjaFRleHQQAhgEIAA","google_icon_mask_base_uri":"https://maps.gstatic.com/mapfiles/place_api/icons/v2/restaurant_pinlet","google_icon_background_color":"#FF9E67","formatted_address":"3XQG+FP8, Halsema Highway, Bontoc, Mountain Province, Philippines","business_status":"OPERATIONAL","rating":2.3,"user_rating_count":3,"barangay_slug":"poblacion","barangay_name":"Poblacion"},"geometry":{"type":"Point","coordinates":[120.97682189999999,17.0886702]}},{"type":"Feature","properties":{"name":"Land Bank ATM Bontoc Plaza","kind":"business","kind_label":"Business","source":"google_places","google_place_id":"ChIJlzquxyTSjzMRozaK2lTNzaI","google_primary_type":"atm","google_primary_type_label":"ATM","google_types":["atm","finance","point_of_interest","establishment"],"google_maps_uri":"https://maps.google.com/?cid=11731258368697448099&g_mp=Cilnb29nbGUubWFwcy5wbGFjZXMudjEuUGxhY2VzLlNlYXJjaE5lYXJieRACGAQgAA","google_icon_mask_base_uri":"https://maps.gstatic.com/mapfiles/place_api/icons/v2/atm_pinlet","google_icon_background_color":"#909CE1","formatted_address":"3XRG+3RP, Bontoc, Mountain Province, Philippines","business_status":"OPERATIONAL","rating":4,"user_rating_count":1,"barangay_slug":"poblacion","barangay_name":"Poblacion"},"geometry":{"type":"Point","coordinates":[120.9770687,17.0902089]}},{"type":"Feature","properties":{"name":"LANDBANK - Bontoc","kind":"business","kind_label":"Business","source":"google_places","google_place_id":"ChIJDVjCyDrSjzMRhQloTUz4fac","google_primary_type":"bank","google_primary_type_label":"Bank","google_types":["bank","finance","point_of_interest","establishment"],"google_maps_uri":"https://maps.google.com/?cid=12069075583022664069&g_mp=Cilnb29nbGUubWFwcy5wbGFjZXMudjEuUGxhY2VzLlNlYXJjaE5lYXJieRACGAQgAA","google_icon_mask_base_uri":"https://maps.gstatic.com/mapfiles/place_api/icons/v2/bank-intl_pinlet","google_icon_background_color":"#909CE1","formatted_address":"Provincial Multi-Purpose Building, Mount Province - Tabuk - Enrile - Cagayan Rd, Bontoc, Mountain Province, Philippines","business_status":"OPERATIONAL","rating":3.3,"user_rating_count":11,"barangay_slug":"poblacion","barangay_name":"Poblacion"},"geometry":{"type":"Point","coordinates":[120.97713230000001,17.0901679]}},{"type":"Feature","properties":{"name":"Layad Street Kambingan","kind":"business","kind_label":"Business","source":"google_places","google_place_id":"ChIJ_65-fiPSjzMRghg10-1qFVE","google_primary_type":"restaurant","google_primary_type_label":"Restaurant","google_types":["restaurant","point_of_interest","food","establishment"],"google_maps_uri":"https://maps.google.com/?cid=5842693661266352258&g_mp=Cilnb29nbGUubWFwcy5wbGFjZXMudjEuUGxhY2VzLlNlYXJjaE5lYXJieRACGAQgAA","google_icon_mask_base_uri":"https://maps.gstatic.com/mapfiles/place_api/icons/v2/restaurant_pinlet","google_icon_background_color":"#FF9E67","formatted_address":"Bontoc, Mountain Province, Philippines","business_status":"OPERATIONAL","rating":null,"user_rating_count":null,"barangay_slug":"poblacion","barangay_name":"Poblacion"},"geometry":{"type":"Point","coordinates":[120.97868989999999,17.0915206]}},{"type":"Feature","properties":{"name":"LOPEZ ANIMAL SUPPLY","kind":"business","kind_label":"Business","source":"google_places","google_place_id":"ChIJkaqgLCXSjzMRAZFu2S9JOY8","google_primary_type":"pet_store","google_primary_type_label":"Pet Store","google_types":["pet_store","store","point_of_interest","establishment"],"google_maps_uri":"https://maps.google.com/?cid=10320360490956394753&g_mp=Cilnb29nbGUubWFwcy5wbGFjZXMudjEuUGxhY2VzLlNlYXJjaE5lYXJieRACGAQgAA","google_icon_mask_base_uri":"https://maps.gstatic.com/mapfiles/place_api/icons/v2/shopping_pinlet","google_icon_background_color":"#4B96F3","formatted_address":"3XQG+GFG, Bontoc, Mountain Province, Philippines","business_status":"OPERATIONAL","rating":null,"user_rating_count":null,"barangay_slug":"poblacion","barangay_name":"Poblacion"},"geometry":{"type":"Point","coordinates":[120.9762176,17.088810499999997]}},{"type":"Feature","properties":{"name":"Lopez Pet Shop","kind":"business","kind_label":"Business","source":"google_places","google_place_id":"ChIJB-jgLCXSjzMRD9-EYWqWdUo","google_primary_type":"pet_store","google_primary_type_label":"Pet Store","google_types":["pet_store","store","point_of_interest","establishment"],"google_maps_uri":"https://maps.google.com/?cid=5365359914728611599&g_mp=Cilnb29nbGUubWFwcy5wbGFjZXMudjEuUGxhY2VzLlNlYXJjaE5lYXJieRACGAQgAA","google_icon_mask_base_uri":"https://maps.gstatic.com/mapfiles/place_api/icons/v2/shopping_pinlet","google_icon_background_color":"#4B96F3","formatted_address":"3XQG+GG3, Bontoc, Mountain Province, Philippines","business_status":"OPERATIONAL","rating":5,"user_rating_count":1,"barangay_slug":"poblacion","barangay_name":"Poblacion"},"geometry":{"type":"Point","coordinates":[120.97628200000001,17.0887527]}},{"type":"Feature","properties":{"name":"Manalang Cafe","kind":"business","kind_label":"Business","source":"google_places","google_place_id":"ChIJr2NorSTSjzMR2oPtVETvtpI","google_primary_type":"cafe","google_primary_type_label":"Cafe","google_types":["cafe","point_of_interest","food","establishment"],"google_maps_uri":"https://maps.google.com/?cid=10571900252060484570&g_mp=Cilnb29nbGUubWFwcy5wbGFjZXMudjEuUGxhY2VzLlNlYXJjaE5lYXJieRACGAQgAA","google_icon_mask_base_uri":"https://maps.gstatic.com/mapfiles/place_api/icons/v2/cafe_pinlet","google_icon_background_color":"#FF9E67","formatted_address":"3XRG+FFG, Bontoc, Mountain Province, Philippines","business_status":"OPERATIONAL","rating":5,"user_rating_count":1,"barangay_slug":"poblacion","barangay_name":"Poblacion"},"geometry":{"type":"Point","coordinates":[120.976201,17.0911754]}},{"type":"Feature","properties":{"name":"MAXIN PRINTING SERVICES","kind":"business","kind_label":"Business","source":"google_places","google_place_id":"ChIJy39HVwDTjzMRH4A_m-Ge0g8","google_primary_type":"manufacturer","google_primary_type_label":"Manufacturer","google_types":["manufacturer","service","store","point_of_interest","establishment"],"google_maps_uri":"https://maps.google.com/?cid=1140148347487617055&g_mp=Cilnb29nbGUubWFwcy5wbGFjZXMudjEuUGxhY2VzLlNlYXJjaE5lYXJieRACGAQgAA","google_icon_mask_base_uri":"https://maps.gstatic.com/mapfiles/place_api/icons/v2/shopping_pinlet","google_icon_background_color":"#4B96F3","formatted_address":"3XQG+WHC Poblacion (Bontoc, Bontoc, Mountain Province, Philippines","business_status":"OPERATIONAL","rating":5,"user_rating_count":2,"barangay_slug":"poblacion","barangay_name":"Poblacion"},"geometry":{"type":"Point","coordinates":[120.9763916,17.089816799999998]}},{"type":"Feature","properties":{"name":"Midtown Restaurant","kind":"business","kind_label":"Business","source":"google_places","google_place_id":"ChIJh_YE0CTSjzMRQMfNH9_Z9C4","google_primary_type":"restaurant","google_primary_type_label":"Restaurant","google_types":["restaurant","point_of_interest","food","establishment"],"google_maps_uri":"https://maps.google.com/?cid=3383568772396599104&g_mp=Cilnb29nbGUubWFwcy5wbGFjZXMudjEuUGxhY2VzLlNlYXJjaE5lYXJieRACGAQgAA","google_icon_mask_base_uri":"https://maps.gstatic.com/mapfiles/place_api/icons/v2/restaurant_pinlet","google_icon_background_color":"#FF9E67","formatted_address":"3XQG+WPR, Halsema Highway, Bontoc, Mountain Province, Philippines","business_status":"OPERATIONAL","rating":4,"user_rating_count":66,"barangay_slug":"poblacion","barangay_name":"Poblacion"},"geometry":{"type":"Point","coordinates":[120.97677089999999,17.0898689]}},{"type":"Feature","properties":{"name":"Mountain Province General Comprehensive High School","kind":"business","kind_label":"Business","source":"google_places","google_place_id":"ChIJmYEh-STSjzMRVVpg_5ZbA6w","google_primary_type":null,"google_primary_type_label":null,"google_types":["premise","street_address"],"google_maps_uri":"https://maps.google.com/?cid=12394851303541463637&g_mp=Cidnb29nbGUubWFwcy5wbGFjZXMudjEuUGxhY2VzLlNlYXJjaFRleHQQAhgEIAA","google_icon_mask_base_uri":"https://maps.gstatic.com/mapfiles/place_api/icons/v2/generic_pinlet","google_icon_background_color":"#7B9EB0","formatted_address":"Mountain Province General Comprehensive High School, Nueva Vizcaya - Ifugao - Mountain Province Rd, Bontoc, Mountain Province, Philippines","business_status":null,"rating":null,"user_rating_count":null,"barangay_slug":"poblacion","barangay_name":"Poblacion"},"geometry":{"type":"Point","coordinates":[120.97849029999999,17.0902574]}},{"type":"Feature","properties":{"name":"Mountain Province SPED Center","kind":"business","kind_label":"Business","source":"google_places","google_place_id":"ChIJg9NQmiTSjzMRryM3RbkUMXQ","google_primary_type":null,"google_primary_type_label":null,"google_types":["point_of_interest","establishment"],"google_maps_uri":"https://maps.google.com/?cid=8372495968221209519&g_mp=Cidnb29nbGUubWFwcy5wbGFjZXMudjEuUGxhY2VzLlNlYXJjaFRleHQQAhgEIAA","google_icon_mask_base_uri":"https://maps.gstatic.com/mapfiles/place_api/icons/v2/school_pinlet","google_icon_background_color":"#7B9EB0","formatted_address":"3XRH+C67, Mount Province - Tabuk - Enrile - Cagayan Rd, Bontoc, Mountain Province, Philippines","business_status":"OPERATIONAL","rating":null,"user_rating_count":null,"barangay_slug":"poblacion","barangay_name":"Poblacion"},"geometry":{"type":"Point","coordinates":[120.978034,17.091044399999998]}},{"type":"Feature","properties":{"name":"Municipal Tourism Office of Bontoc Mountain Province","kind":"business","kind_label":"Business","source":"google_places","google_place_id":"ChIJkeR0HzPTjzMRdW3lHg1c6IA","google_primary_type":"tourist_information_center","google_primary_type_label":"Tourist Information Center","google_types":["tourist_information_center","tour_agency","travel_agency","point_of_interest","service","establishment"],"google_maps_uri":"https://maps.google.com/?cid=9288775442874330485&g_mp=Cidnb29nbGUubWFwcy5wbGFjZXMudjEuUGxhY2VzLlNlYXJjaFRleHQQAhgEIAA","google_icon_mask_base_uri":"https://maps.gstatic.com/mapfiles/place_api/icons/v2/generic_pinlet","google_icon_background_color":"#7B9EB0","formatted_address":"3XPG+HMV, Bontoc, 2616 Mountain Province, Philippines","business_status":"OPERATIONAL","rating":3.3,"user_rating_count":3,"barangay_slug":"poblacion","barangay_name":"Poblacion"},"geometry":{"type":"Point","coordinates":[120.9766802,17.086488799999998]}},{"type":"Feature","properties":{"name":"New Horizon Finance Corporation (Bontoc Branch)","kind":"business","kind_label":"Business","source":"google_places","google_place_id":"ChIJUWRx3sTTjzMRSW4dUqgaVmw","google_primary_type":"bank","google_primary_type_label":"Bank","google_types":["bank","finance","point_of_interest","establishment"],"google_maps_uri":"https://maps.google.com/?cid=7806456314327821897&g_mp=Cilnb29nbGUubWFwcy5wbGFjZXMudjEuUGxhY2VzLlNlYXJjaE5lYXJieRACGAQgAA","google_icon_mask_base_uri":"https://maps.gstatic.com/mapfiles/place_api/icons/v2/bank-intl_pinlet","google_icon_background_color":"#909CE1","formatted_address":"3XQG+VVR, Bontoc, 2616 Mountain Province, Philippines","business_status":"OPERATIONAL","rating":null,"user_rating_count":null,"barangay_slug":"poblacion","barangay_name":"Poblacion"},"geometry":{"type":"Point","coordinates":[120.9771479,17.0897267]}},{"type":"Feature","properties":{"name":"Nuestra Senora De Isabela Pawnshops","kind":"business","kind_label":"Business","source":"google_places","google_place_id":"ChIJoTQvmSTSjzMRuPg9QneJ35U","google_primary_type":"jewelry_store","google_primary_type_label":"Jewelry Store","google_types":["jewelry_store","store","point_of_interest","establishment"],"google_maps_uri":"https://maps.google.com/?cid=10799501576763209912&g_mp=Cilnb29nbGUubWFwcy5wbGFjZXMudjEuUGxhY2VzLlNlYXJjaE5lYXJieRACGAQgAA","google_icon_mask_base_uri":"https://maps.gstatic.com/mapfiles/place_api/icons/v2/shopping_pinlet","google_icon_background_color":"#4B96F3","formatted_address":"Road Level Cenon Building, National Hiway, Poblacion, 3XRH+F47, Bontoc, 2616 Mountain Province, Philippines","business_status":"OPERATIONAL","rating":null,"user_rating_count":null,"barangay_slug":"poblacion","barangay_name":"Poblacion"},"geometry":{"type":"Point","coordinates":[120.97781149999999,17.0911649]}},{"type":"Feature","properties":{"name":"Odchayak Restaurant @ Fesway Bldg.","kind":"business","kind_label":"Business","source":"google_places","google_place_id":"ChIJFeUsyYDTjzMRaMObDvna7Z4","google_primary_type":"restaurant","google_primary_type_label":"Restaurant","google_types":["restaurant","point_of_interest","food","establishment"],"google_maps_uri":"https://maps.google.com/?cid=11452050190699840360&g_mp=Cilnb29nbGUubWFwcy5wbGFjZXMudjEuUGxhY2VzLlNlYXJjaE5lYXJieRACGAQgAA","google_icon_mask_base_uri":"https://maps.gstatic.com/mapfiles/place_api/icons/v2/restaurant_pinlet","google_icon_background_color":"#FF9E67","formatted_address":"Layad St, 261 Eyeb, Bontoc, 2616 Mountain Province, Philippines","business_status":"OPERATIONAL","rating":5,"user_rating_count":1,"barangay_slug":"poblacion","barangay_name":"Poblacion"},"geometry":{"type":"Point","coordinates":[120.97891729999999,17.0911691]}},{"type":"Feature","properties":{"name":"OTOP.Ph Mountain Province","kind":"business","kind_label":"Business","source":"google_places","google_place_id":"ChIJq2rP_gXTjzMRXmFTt-wufJY","google_primary_type":"store","google_primary_type_label":"Store","google_types":["store","point_of_interest","establishment"],"google_maps_uri":"https://maps.google.com/?cid=10843593597024166238&g_mp=Cilnb29nbGUubWFwcy5wbGFjZXMudjEuUGxhY2VzLlNlYXJjaE5lYXJieRACGAQgAA","google_icon_mask_base_uri":"https://maps.gstatic.com/mapfiles/place_api/icons/v2/shopping_pinlet","google_icon_background_color":"#4B96F3","formatted_address":"Bontoc, 2616 Mountain Province, Philippines","business_status":"OPERATIONAL","rating":4.5,"user_rating_count":4,"barangay_slug":"poblacion","barangay_name":"Poblacion"},"geometry":{"type":"Point","coordinates":[120.97663209999999,17.0901644]}},{"type":"Feature","properties":{"name":"Oya-oy's Botiqu","kind":"business","kind_label":"Business","source":"google_places","google_place_id":"ChIJuaY1UADTjzMRXLzCDNxQ_kE","google_primary_type":"clothing_store","google_primary_type_label":"Clothing Store","google_types":["clothing_store","point_of_interest","store","establishment"],"google_maps_uri":"https://maps.google.com/?cid=4755327162586938460&g_mp=Cidnb29nbGUubWFwcy5wbGFjZXMudjEuUGxhY2VzLlNlYXJjaFRleHQQAhgEIAA","google_icon_mask_base_uri":"https://maps.gstatic.com/mapfiles/place_api/icons/v2/shopping_pinlet","google_icon_background_color":"#4B96F3","formatted_address":"3XPG+VM3, Halsema Highway, Bontoc, Mountain Province, Philippines","business_status":"OPERATIONAL","rating":5,"user_rating_count":5,"barangay_slug":"poblacion","barangay_name":"Poblacion"},"geometry":{"type":"Point","coordinates":[120.97693480000001,17.0871247]}},{"type":"Feature","properties":{"name":"Par-eng INASAL","kind":"business","kind_label":"Business","source":"google_places","google_place_id":"ChIJoQ-9oi7TjzMRR76wnXXIBbI","google_primary_type":"restaurant","google_primary_type_label":"Restaurant","google_types":["restaurant","point_of_interest","food","establishment"],"google_maps_uri":"https://maps.google.com/?cid=12827879521117060679&g_mp=Cilnb29nbGUubWFwcy5wbGFjZXMudjEuUGxhY2VzLlNlYXJjaE5lYXJieRACGAQgAA","google_icon_mask_base_uri":"https://maps.gstatic.com/mapfiles/place_api/icons/v2/restaurant_pinlet","google_icon_background_color":"#FF9E67","formatted_address":"3XRG+C2C Bogbogan Homestay, Bontoc, Mountain Province, Philippines","business_status":"OPERATIONAL","rating":null,"user_rating_count":null,"barangay_slug":"poblacion","barangay_name":"Poblacion"},"geometry":{"type":"Point","coordinates":[120.97502700000001,17.091072]}},{"type":"Feature","properties":{"name":"Pasalubong Center of Mountain Province","kind":"business","kind_label":"Business","source":"google_places","google_place_id":"ChIJWfaYLv_TjzMRLhzEtAofLK8","google_primary_type":"gift_shop","google_primary_type_label":"Gift Shop","google_types":["gift_shop","store","point_of_interest","establishment"],"google_maps_uri":"https://maps.google.com/?cid=12622497986455542830&g_mp=Cilnb29nbGUubWFwcy5wbGFjZXMudjEuUGxhY2VzLlNlYXJjaE5lYXJieRACGAQgAA","google_icon_mask_base_uri":"https://maps.gstatic.com/mapfiles/place_api/icons/v2/shopping_pinlet","google_icon_background_color":"#4B96F3","formatted_address":"Bontoc, Mountain Province, Philippines","business_status":"OPERATIONAL","rating":5,"user_rating_count":1,"barangay_slug":"poblacion","barangay_name":"Poblacion"},"geometry":{"type":"Point","coordinates":[120.9769942,17.0903099]}},{"type":"Feature","properties":{"name":"Pearl Cafe","kind":"business","kind_label":"Business","source":"google_places","google_place_id":"ChIJlQH5vyTSjzMRJBtW2MOH-5s","google_primary_type":"restaurant","google_primary_type_label":"Restaurant","google_types":["restaurant","point_of_interest","food","establishment"],"google_maps_uri":"https://maps.google.com/?cid=11239726570251098916&g_mp=Cilnb29nbGUubWFwcy5wbGFjZXMudjEuUGxhY2VzLlNlYXJjaE5lYXJieRACGAQgAA","google_icon_mask_base_uri":"https://maps.gstatic.com/mapfiles/place_api/icons/v2/restaurant_pinlet","google_icon_background_color":"#FF9E67","formatted_address":"3XRH+42X, Bontoc, Mountain Province, Philippines","business_status":"OPERATIONAL","rating":4.2,"user_rating_count":5,"barangay_slug":"poblacion","barangay_name":"Poblacion"},"geometry":{"type":"Point","coordinates":[120.97760000000001,17.090354599999998]}},{"type":"Feature","properties":{"name":"Personal Collection Bontoc Mountain Province","kind":"business","kind_label":"Business","source":"google_places","google_place_id":"ChIJvY4UeQDTjzMRaUhcHVycPgY","google_primary_type":"cosmetics_store","google_primary_type_label":"Cosmetics Store","google_types":["cosmetics_store","store","point_of_interest","establishment"],"google_maps_uri":"https://maps.google.com/?cid=449968932227139689&g_mp=Cilnb29nbGUubWFwcy5wbGFjZXMudjEuUGxhY2VzLlNlYXJjaE5lYXJieRACGAQgAA","google_icon_mask_base_uri":"https://maps.gstatic.com/mapfiles/place_api/icons/v2/shopping_pinlet","google_icon_background_color":"#4B96F3","formatted_address":"3XQG+JF5, Bontoc, Mountain Province, Philippines","business_status":"OPERATIONAL","rating":null,"user_rating_count":null,"barangay_slug":"poblacion","barangay_name":"Poblacion"},"geometry":{"type":"Point","coordinates":[120.9762291,17.089007199999998]}},{"type":"Feature","properties":{"name":"Philippine National Bank - Bontoc","kind":"business","kind_label":"Business","source":"google_places","google_place_id":"ChIJfyLrwzrSjzMRziowrW2aoC8","google_primary_type":"bank","google_primary_type_label":"Bank","google_types":["bank","finance","point_of_interest","establishment"],"google_maps_uri":"https://maps.google.com/?cid=3431912711904045774&g_mp=Cilnb29nbGUubWFwcy5wbGFjZXMudjEuUGxhY2VzLlNlYXJjaE5lYXJieRACGAQgAA","google_icon_mask_base_uri":"https://maps.gstatic.com/mapfiles/place_api/icons/v2/bank-intl_pinlet","google_icon_background_color":"#909CE1","formatted_address":"3XQH+X27, Nueva Vizcaya - Ifugao - Mountain Province Rd, Bontoc, 2616 Mountain Province, Philippines","business_status":"OPERATIONAL","rating":4.1,"user_rating_count":9,"barangay_slug":"poblacion","barangay_name":"Poblacion"},"geometry":{"type":"Point","coordinates":[120.9775552,17.089905599999998]}},{"type":"Feature","properties":{"name":"Pines Kitchenette and Inn","kind":"business","kind_label":"Business","source":"google_places","google_place_id":"ChIJJTWH0iTSjzMRon-Gbq4vQ-o","google_primary_type":"restaurant","google_primary_type_label":"Restaurant","google_types":["restaurant","point_of_interest","food","establishment"],"google_maps_uri":"https://maps.google.com/?cid=16880388254539874210&g_mp=Cilnb29nbGUubWFwcy5wbGFjZXMudjEuUGxhY2VzLlNlYXJjaE5lYXJieRACGAQgAA","google_icon_mask_base_uri":"https://maps.gstatic.com/mapfiles/place_api/icons/v2/restaurant_pinlet","google_icon_background_color":"#FF9E67","formatted_address":"3XQG+XG6, Bontoc, Mountain Province, Philippines","business_status":"CLOSED_TEMPORARILY","rating":3.9,"user_rating_count":32,"barangay_slug":"poblacion","barangay_name":"Poblacion"},"geometry":{"type":"Point","coordinates":[120.97626759999999,17.0899221]}},{"type":"Feature","properties":{"name":"Pio Dry Goods Trading - Backstreet Market","kind":"business","kind_label":"Business","source":"google_places","google_place_id":"ChIJ-XV5UADTjzMRLpBQ2-kJsKc","google_primary_type":"clothing_store","google_primary_type_label":"Clothing Store","google_types":["clothing_store","store","point_of_interest","establishment"],"google_maps_uri":"https://maps.google.com/?cid=12083168700246560814&g_mp=Cilnb29nbGUubWFwcy5wbGFjZXMudjEuUGxhY2VzLlNlYXJjaE5lYXJieRACGAQgAA","google_icon_mask_base_uri":"https://maps.gstatic.com/mapfiles/place_api/icons/v2/shopping_pinlet","google_icon_background_color":"#4B96F3","formatted_address":"3XQG+WHJ Poblacion (Bontoc, Bontoc, Mountain Province, Philippines","business_status":"OPERATIONAL","rating":null,"user_rating_count":null,"barangay_slug":"poblacion","barangay_name":"Poblacion"},"geometry":{"type":"Point","coordinates":[120.97638529999998,17.08985]}},{"type":"Feature","properties":{"name":"PRIAM's Gadgets and Allied Services","kind":"business","kind_label":"Business","source":"google_places","google_place_id":"ChIJBcOHorjTjzMRmfg1dGj70gU","google_primary_type":"electronics_store","google_primary_type_label":"Electronics Store","google_types":["electronics_store","store","point_of_interest","establishment"],"google_maps_uri":"https://maps.google.com/?cid=419674141343742105&g_mp=Cidnb29nbGUubWFwcy5wbGFjZXMudjEuUGxhY2VzLlNlYXJjaFRleHQQAhgEIAA","google_icon_mask_base_uri":"https://maps.gstatic.com/mapfiles/place_api/icons/v2/shopping_pinlet","google_icon_background_color":"#4B96F3","formatted_address":"2nd floor, Bagwan Building, Bontoc, Mountain Province, Philippines","business_status":"OPERATIONAL","rating":2.7,"user_rating_count":3,"barangay_slug":"poblacion","barangay_name":"Poblacion"},"geometry":{"type":"Point","coordinates":[120.9764615,17.0870802]}},{"type":"Feature","properties":{"name":"R.G Roxas kitchenwares Trading","kind":"business","kind_label":"Business","source":"google_places","google_place_id":"ChIJS_dqO0nTjzMRMKbwE83kpp8","google_primary_type":"furniture_store","google_primary_type_label":"Furniture Store","google_types":["furniture_store","home_improvement_store","home_goods_store","store","point_of_interest","establishment"],"google_maps_uri":"https://maps.google.com/?cid=11504133867618477616&g_mp=Cilnb29nbGUubWFwcy5wbGFjZXMudjEuUGxhY2VzLlNlYXJjaE5lYXJieRACGAQgAA","google_icon_mask_base_uri":"https://maps.gstatic.com/mapfiles/place_api/icons/v2/shopping_pinlet","google_icon_background_color":"#4B96F3","formatted_address":"3XQG+PJ3, Bontoc, Mountain Province, Philippines","business_status":"OPERATIONAL","rating":null,"user_rating_count":null,"barangay_slug":"poblacion","barangay_name":"Poblacion"},"geometry":{"type":"Point","coordinates":[120.97654019999999,17.0892649]}},{"type":"Feature","properties":{"name":"Radyo Pilipinas Bontoc - Presidential Broadcast Service","kind":"business","kind_label":"Business","source":"google_places","google_place_id":"ChIJuRBCxyTSjzMRhGGXHx1m1pI","google_primary_type":"television_studio","google_primary_type_label":"Television studio","google_types":["television_studio","point_of_interest","establishment"],"google_maps_uri":"https://maps.google.com/?cid=10580756649823658372&g_mp=Cidnb29nbGUubWFwcy5wbGFjZXMudjEuUGxhY2VzLlNlYXJjaFRleHQQAhgEIAA","google_icon_mask_base_uri":"https://maps.gstatic.com/mapfiles/place_api/icons/v2/generic_pinlet","google_icon_background_color":"#7B9EB0","formatted_address":"3XRG+4R2, Bontoc, Mountain Province, Philippines","business_status":"OPERATIONAL","rating":4,"user_rating_count":3,"barangay_slug":"poblacion","barangay_name":"Poblacion"},"geometry":{"type":"Point","coordinates":[120.97702799999999,17.090266]}},{"type":"Feature","properties":{"name":"Raven's Shop","kind":"business","kind_label":"Business","source":"google_places","google_place_id":"ChIJK_ek0CTSjzMRan9Gy8ke9Sc","google_primary_type":"clothing_store","google_primary_type_label":"Clothing Store","google_types":["clothing_store","store","point_of_interest","establishment"],"google_maps_uri":"https://maps.google.com/?cid=2879241388820954986&g_mp=Cilnb29nbGUubWFwcy5wbGFjZXMudjEuUGxhY2VzLlNlYXJjaE5lYXJieRACGAQgAA","google_icon_mask_base_uri":"https://maps.gstatic.com/mapfiles/place_api/icons/v2/shopping_pinlet","google_icon_background_color":"#4B96F3","formatted_address":"3XQG+QPG, Halsema Highway, Bontoc, Mountain Province, Philippines","business_status":"OPERATIONAL","rating":3.8,"user_rating_count":5,"barangay_slug":"poblacion","barangay_name":"Poblacion"},"geometry":{"type":"Point","coordinates":[120.97684199999999,17.0894388]}},{"type":"Feature","properties":{"name":"RC School and Office Supplies","kind":"business","kind_label":"Business","source":"google_places","google_place_id":"ChIJJSVJ_nLTjzMReLnjNnD7Xno","google_primary_type":"store","google_primary_type_label":"Store","google_types":["supplier","store","point_of_interest","establishment"],"google_maps_uri":"https://maps.google.com/?cid=8817761579813812600&g_mp=Cidnb29nbGUubWFwcy5wbGFjZXMudjEuUGxhY2VzLlNlYXJjaFRleHQQAhgEIAA","google_icon_mask_base_uri":"https://maps.gstatic.com/mapfiles/place_api/icons/v2/shopping_pinlet","google_icon_background_color":"#4B96F3","formatted_address":"Poblacion (Bontoc), Bontoc, 2616 Mountain Province, Philippines","business_status":"OPERATIONAL","rating":null,"user_rating_count":null,"barangay_slug":"poblacion","barangay_name":"Poblacion"},"geometry":{"type":"Point","coordinates":[120.97694500000001,17.089399500000003]}},{"type":"Feature","properties":{"name":"Rural Bank of Bontoc","kind":"business","kind_label":"Business","source":"google_places","google_place_id":"ChIJqW6JrTrSjzMRVoqjUdcoqHU","google_primary_type":"bank","google_primary_type_label":"Bank","google_types":["bank","finance","point_of_interest","establishment"],"google_maps_uri":"https://maps.google.com/?cid=8478071203777710678&g_mp=Cilnb29nbGUubWFwcy5wbGFjZXMudjEuUGxhY2VzLlNlYXJjaE5lYXJieRACGAQgAA","google_icon_mask_base_uri":"https://maps.gstatic.com/mapfiles/place_api/icons/v2/bank-intl_pinlet","google_icon_background_color":"#909CE1","formatted_address":"01 G/F, EDNP, Diocesan Center, Poblacion, Bontoc, 2616 Mountain Province, Philippines","business_status":"OPERATIONAL","rating":3,"user_rating_count":1,"barangay_slug":"poblacion","barangay_name":"Poblacion"},"geometry":{"type":"Point","coordinates":[120.97674250000001,17.0883732]}},{"type":"Feature","properties":{"name":"Sisigan Center, Main","kind":"business","kind_label":"Business","source":"google_places","google_place_id":"ChIJtSu2dcDTjzMRkOhzJh1-NP0","google_primary_type":"restaurant","google_primary_type_label":"Restaurant","google_types":["restaurant","point_of_interest","food","establishment"],"google_maps_uri":"https://maps.google.com/?cid=18245346654049003664&g_mp=Cilnb29nbGUubWFwcy5wbGFjZXMudjEuUGxhY2VzLlNlYXJjaE5lYXJieRACGAQgAA","google_icon_mask_base_uri":"https://maps.gstatic.com/mapfiles/place_api/icons/v2/restaurant_pinlet","google_icon_background_color":"#FF9E67","formatted_address":"Market Compound, Bontoc, 2616 Mountain Province, Philippines","business_status":"OPERATIONAL","rating":4,"user_rating_count":1,"barangay_slug":"poblacion","barangay_name":"Poblacion"},"geometry":{"type":"Point","coordinates":[120.9765703,17.0893667]}},{"type":"Feature","properties":{"name":"Snack 'n Sip and Gigglemug Cafe","kind":"business","kind_label":"Business","source":"google_places","google_place_id":"ChIJX0HtVMTTjzMRkkAK6D6-ic4","google_primary_type":"restaurant","google_primary_type_label":"Restaurant","google_types":["restaurant","point_of_interest","food","establishment"],"google_maps_uri":"https://maps.google.com/?cid=14882635621012750482&g_mp=Cilnb29nbGUubWFwcy5wbGFjZXMudjEuUGxhY2VzLlNlYXJjaE5lYXJieRACGAQgAA","google_icon_mask_base_uri":"https://maps.gstatic.com/mapfiles/place_api/icons/v2/restaurant_pinlet","google_icon_background_color":"#FF9E67","formatted_address":"3rd Floor, Fanusan Building, Back Street, Market Compound, Bontoc, Mountain Province, Philippines","business_status":"OPERATIONAL","rating":5,"user_rating_count":1,"barangay_slug":"poblacion","barangay_name":"Poblacion"},"geometry":{"type":"Point","coordinates":[120.97757589999999,17.0902255]}},{"type":"Feature","properties":{"name":"SnugBuds by Zeek&Zaq Baby Products Shop","kind":"business","kind_label":"Business","source":"google_places","google_place_id":"ChIJz_Bgpe3TjzMR8mp_04iKg6Q","google_primary_type":"child_care_agency","google_primary_type_label":"Child Care Agency","google_types":["child_care_agency","clothing_store","service","store","point_of_interest","establishment"],"google_maps_uri":"https://maps.google.com/?cid=11854470964437805810&g_mp=Cilnb29nbGUubWFwcy5wbGFjZXMudjEuUGxhY2VzLlNlYXJjaE5lYXJieRACGAQgAA","google_icon_mask_base_uri":"https://maps.gstatic.com/mapfiles/place_api/icons/v2/school_pinlet","google_icon_background_color":"#7B9EB0","formatted_address":"Poblacion (Bontoc), Bontoc, 2616 Mountain Province, Philippines","business_status":"OPERATIONAL","rating":null,"user_rating_count":null,"barangay_slug":"poblacion","barangay_name":"Poblacion"},"geometry":{"type":"Point","coordinates":[120.97573389999998,17.0927853]}},{"type":"Feature","properties":{"name":"Sta. Rita de Casia Cathedral","kind":"business","kind_label":"Business","source":"google_places","google_place_id":"ChIJw3skpyTSjzMRqdklG9_zb20","google_primary_type":null,"google_primary_type_label":null,"google_types":["premise","street_address"],"google_maps_uri":"https://maps.google.com/?cid=7885789612107749801&g_mp=Cidnb29nbGUubWFwcy5wbGFjZXMudjEuUGxhY2VzLlNlYXJjaFRleHQQAhgEIAA","google_icon_mask_base_uri":"https://maps.gstatic.com/mapfiles/place_api/icons/v2/generic_pinlet","google_icon_background_color":"#7B9EB0","formatted_address":"Sta. Rita de Casia Cathedral, 12 Capitol Rd, Bontoc, 2616 Mountain Province, Philippines","business_status":null,"rating":null,"user_rating_count":null,"barangay_slug":"poblacion","barangay_name":"Poblacion"},"geometry":{"type":"Point","coordinates":[120.9771459,17.091552999999998]}},{"type":"Feature","properties":{"name":"Stacey's Restaurant","kind":"business","kind_label":"Business","source":"google_places","google_place_id":"ChIJDzGk_y_SjzMRPcmCR93oTcI","google_primary_type":"restaurant","google_primary_type_label":"Restaurant","google_types":["restaurant","point_of_interest","food","establishment"],"google_maps_uri":"https://maps.google.com/?cid=14001102853649910077&g_mp=Cilnb29nbGUubWFwcy5wbGFjZXMudjEuUGxhY2VzLlNlYXJjaE5lYXJieRACGAQgAA","google_icon_mask_base_uri":"https://maps.gstatic.com/mapfiles/place_api/icons/v2/restaurant_pinlet","google_icon_background_color":"#FF9E67","formatted_address":"Bontoc, Mountain Province, Philippines","business_status":"OPERATIONAL","rating":5,"user_rating_count":1,"barangay_slug":"poblacion","barangay_name":"Poblacion"},"geometry":{"type":"Point","coordinates":[120.9763171,17.0863419]}},{"type":"Feature","properties":{"name":"Summit Bank","kind":"business","kind_label":"Business","source":"google_places","google_place_id":"ChIJ9xcgJCXSjzMRw8ldAQBflA0","google_primary_type":"bank","google_primary_type_label":"Bank","google_types":["bank","finance","point_of_interest","establishment"],"google_maps_uri":"https://maps.google.com/?cid=978511472673802691&g_mp=Cilnb29nbGUubWFwcy5wbGFjZXMudjEuUGxhY2VzLlNlYXJjaE5lYXJieRACGAQgAA","google_icon_mask_base_uri":"https://maps.gstatic.com/mapfiles/place_api/icons/v2/bank-intl_pinlet","google_icon_background_color":"#909CE1","formatted_address":"3XQG+GRW, Halsema Highway, Bontoc, Mountain Province, Philippines","business_status":"OPERATIONAL","rating":null,"user_rating_count":null,"barangay_slug":"poblacion","barangay_name":"Poblacion"},"geometry":{"type":"Point","coordinates":[120.9770758,17.088856900000003]}},{"type":"Feature","properties":{"name":"Sunray's Builder And Const'n Supplies","kind":"business","kind_label":"Business","source":"google_places","google_place_id":"ChIJGTmgWSXSjzMRZrGTwiMVwjU","google_primary_type":"building_materials_store","google_primary_type_label":"Building Materials Store","google_types":["building_materials_store","point_of_interest","store","establishment"],"google_maps_uri":"https://maps.google.com/?cid=3873681872824545638&g_mp=Cilnb29nbGUubWFwcy5wbGFjZXMudjEuUGxhY2VzLlNlYXJjaE5lYXJieRACGAQgAA","google_icon_mask_base_uri":"https://maps.gstatic.com/mapfiles/place_api/icons/v2/shopping_pinlet","google_icon_background_color":"#4B96F3","formatted_address":"3XPG+MR2, Loc-ong Rd, Bontoc, 2616 Mountain Province, Philippines","business_status":"OPERATIONAL","rating":3,"user_rating_count":1,"barangay_slug":"poblacion","barangay_name":"Poblacion"},"geometry":{"type":"Point","coordinates":[120.9770298,17.0866351]}},{"type":"Feature","properties":{"name":"Tanya's Restaurant","kind":"business","kind_label":"Business","source":"google_places","google_place_id":"ChIJ2wejwSTSjzMRlvuvOnEoWcY","google_primary_type":"restaurant","google_primary_type_label":"Restaurant","google_types":["restaurant","point_of_interest","food","establishment"],"google_maps_uri":"https://maps.google.com/?cid=14292499359218006934&g_mp=Cidnb29nbGUubWFwcy5wbGFjZXMudjEuUGxhY2VzLlNlYXJjaFRleHQQAhgEIAA","google_icon_mask_base_uri":"https://maps.gstatic.com/mapfiles/place_api/icons/v2/restaurant_pinlet","google_icon_background_color":"#FF9E67","formatted_address":"3XQG+XRM, Mount Province - Tabuk - Enrile - Cagayan Rd, Bontoc, Mountain Province, Philippines","business_status":"OPERATIONAL","rating":5,"user_rating_count":2,"barangay_slug":"poblacion","barangay_name":"Poblacion"},"geometry":{"type":"Point","coordinates":[120.9770333,17.089968799999998]}},{"type":"Feature","properties":{"name":"TEXAS 2.0","kind":"business","kind_label":"Business","source":"google_places","google_place_id":"ChIJN0YCXQDTjzMROyqv6pZj--8","google_primary_type":"bar","google_primary_type_label":"Bar","google_types":["bar","point_of_interest","establishment"],"google_maps_uri":"https://maps.google.com/?cid=17292524694052743739&g_mp=Cilnb29nbGUubWFwcy5wbGFjZXMudjEuUGxhY2VzLlNlYXJjaE5lYXJieRACGAQgAA","google_icon_mask_base_uri":"https://maps.gstatic.com/mapfiles/place_api/icons/v2/bar_pinlet","google_icon_background_color":"#FF9E67","formatted_address":"Poblacion, Bontoc, Mountain Province, Philippines","business_status":"OPERATIONAL","rating":null,"user_rating_count":null,"barangay_slug":"poblacion","barangay_name":"Poblacion"},"geometry":{"type":"Point","coordinates":[120.9766874,17.089833000000002]}},{"type":"Feature","properties":{"name":"Toklig Eatery and Coffee Shop","kind":"business","kind_label":"Business","source":"google_places","google_place_id":"ChIJ1WC1KQDTjzMRmtIglBPX_s0","google_primary_type":"restaurant","google_primary_type_label":"Restaurant","google_types":["restaurant","food","point_of_interest","establishment"],"google_maps_uri":"https://maps.google.com/?cid=14843537900949263002&g_mp=Cidnb29nbGUubWFwcy5wbGFjZXMudjEuUGxhY2VzLlNlYXJjaFRleHQQAhgEIAA","google_icon_mask_base_uri":"https://maps.gstatic.com/mapfiles/place_api/icons/v2/restaurant_pinlet","google_icon_background_color":"#FF9E67","formatted_address":"3XPG+JMW, Bontoc, Mountain Province, Philippines","business_status":"OPERATIONAL","rating":null,"user_rating_count":null,"barangay_slug":"poblacion","barangay_name":"Poblacion"},"geometry":{"type":"Point","coordinates":[120.976715,17.0866005]}},{"type":"Feature","properties":{"name":"Tribeline Enterprise","kind":"business","kind_label":"Business","source":"google_places","google_place_id":"ChIJVZ3MeiPSjzMRaFCny7Jc1F4","google_primary_type":"clothing_store","google_primary_type_label":"Clothing Store","google_types":["clothing_store","store","point_of_interest","establishment"],"google_maps_uri":"https://maps.google.com/?cid=6833188457618559080&g_mp=Cilnb29nbGUubWFwcy5wbGFjZXMudjEuUGxhY2VzLlNlYXJjaE5lYXJieRACGAQgAA","google_icon_mask_base_uri":"https://maps.gstatic.com/mapfiles/place_api/icons/v2/shopping_pinlet","google_icon_background_color":"#4B96F3","formatted_address":"3XRH+HG3, Bontoc, Mountain Province, Philippines","business_status":"OPERATIONAL","rating":null,"user_rating_count":null,"barangay_slug":"poblacion","barangay_name":"Poblacion"},"geometry":{"type":"Point","coordinates":[120.97880040000001,17.0913931]}},{"type":"Feature","properties":{"name":"Tuveng Multipurpose Cooperative","kind":"business","kind_label":"Business","source":"google_places","google_place_id":"ChIJnYl31STSjzMRYvlDftRh4Ms","google_primary_type":"bank","google_primary_type_label":"Bank","google_types":["bank","finance","point_of_interest","establishment"],"google_maps_uri":"https://maps.google.com/?cid=14690849549761902946&g_mp=Cilnb29nbGUubWFwcy5wbGFjZXMudjEuUGxhY2VzLlNlYXJjaE5lYXJieRACGAQgAA","google_icon_mask_base_uri":"https://maps.gstatic.com/mapfiles/place_api/icons/v2/bank-intl_pinlet","google_icon_background_color":"#909CE1","formatted_address":"3XQG+MGW, Halsema Highway, Bontoc, 2616 Mountain Province, Philippines","business_status":"OPERATIONAL","rating":null,"user_rating_count":null,"barangay_slug":"poblacion","barangay_name":"Poblacion"},"geometry":{"type":"Point","coordinates":[120.9763417,17.089231299999998]}},{"type":"Feature","properties":{"name":"Uncle Mar's Grill and Restaurant Ft. Inasal express","kind":"business","kind_label":"Business","source":"google_places","google_place_id":"ChIJyWjWOgDTjzMRvdj6rKoNfQk","google_primary_type":"barbecue_restaurant","google_primary_type_label":"Barbecue Restaurant","google_types":["barbecue_restaurant","restaurant","food","point_of_interest","establishment"],"google_maps_uri":"https://maps.google.com/?cid=683717745127905469&g_mp=Cidnb29nbGUubWFwcy5wbGFjZXMudjEuUGxhY2VzLlNlYXJjaFRleHQQAhgEIAA","google_icon_mask_base_uri":"https://maps.gstatic.com/mapfiles/place_api/icons/v2/restaurant_pinlet","google_icon_background_color":"#FF9E67","formatted_address":"Akfab, Bontoc, Mountain Province, Philippines","business_status":"OPERATIONAL","rating":5,"user_rating_count":1,"barangay_slug":"poblacion","barangay_name":"Poblacion"},"geometry":{"type":"Point","coordinates":[120.97662199999998,17.0867063]}},{"type":"Feature","properties":{"name":"UPLAND MUSICAL STORE","kind":"business","kind_label":"Business","source":"google_places","google_place_id":"ChIJbX4kfArTjzMRk2V6Bj662JM","google_primary_type":"store","google_primary_type_label":"Store","google_types":["store","point_of_interest","establishment"],"google_maps_uri":"https://maps.google.com/?cid=10653469694104331667&g_mp=Cidnb29nbGUubWFwcy5wbGFjZXMudjEuUGxhY2VzLlNlYXJjaFRleHQQAhgEIAA","google_icon_mask_base_uri":"https://maps.gstatic.com/mapfiles/place_api/icons/v2/shopping_pinlet","google_icon_background_color":"#4B96F3","formatted_address":"3XQG+GP9 Upland Musical Store, Guinaang Rd, Omfeg, Bontoc, 2616 Mountain Province, Philippines","business_status":"OPERATIONAL","rating":null,"user_rating_count":null,"barangay_slug":"poblacion","barangay_name":"Poblacion"},"geometry":{"type":"Point","coordinates":[120.97681249999998,17.0888125]}},{"type":"Feature","properties":{"name":"V-Hive Canteen","kind":"business","kind_label":"Business","source":"google_places","google_place_id":"ChIJoZaPZyPSjzMRLznSwK7P3i8","google_primary_type":"restaurant","google_primary_type_label":"Restaurant","google_types":["restaurant","point_of_interest","food","establishment"],"google_maps_uri":"https://maps.google.com/?cid=3449422714078640431&g_mp=Cilnb29nbGUubWFwcy5wbGFjZXMudjEuUGxhY2VzLlNlYXJjaE5lYXJieRACGAQgAA","google_icon_mask_base_uri":"https://maps.gstatic.com/mapfiles/place_api/icons/v2/restaurant_pinlet","google_icon_background_color":"#FF9E67","formatted_address":"Bontoc, Mountain Province, Philippines","business_status":"OPERATIONAL","rating":5,"user_rating_count":2,"barangay_slug":"poblacion","barangay_name":"Poblacion"},"geometry":{"type":"Point","coordinates":[120.9776631,17.092009]}},{"type":"Feature","properties":{"name":"Vergie’s Eatery","kind":"business","kind_label":"Business","source":"google_places","google_place_id":"ChIJx38A1STSjzMRJsyu2BhRKtI","google_primary_type":"restaurant","google_primary_type_label":"Restaurant","google_types":["restaurant","point_of_interest","food","establishment"],"google_maps_uri":"https://maps.google.com/?cid=15144005864143113254&g_mp=Cilnb29nbGUubWFwcy5wbGFjZXMudjEuUGxhY2VzLlNlYXJjaE5lYXJieRACGAQgAA","google_icon_mask_base_uri":"https://maps.gstatic.com/mapfiles/place_api/icons/v2/restaurant_pinlet","google_icon_background_color":"#FF9E67","formatted_address":"3XQG+PG9, Bontoc, Mountain Province, Philippines","business_status":"OPERATIONAL","rating":4.5,"user_rating_count":2,"barangay_slug":"poblacion","barangay_name":"Poblacion"},"geometry":{"type":"Point","coordinates":[120.9763452,17.0892943]}},{"type":"Feature","properties":{"name":"Chumacog Dental Clinic","kind":"clinic","kind_label":"Clinic","source":"google_places","google_place_id":"ChIJdxiQzSTSjzMRhsnnBwF6r40","google_primary_type":"dentist","google_primary_type_label":"Dentist","google_types":["dentist","point_of_interest","health","establishment"],"google_maps_uri":"https://maps.google.com/?cid=10209513025118390662&g_mp=Cilnb29nbGUubWFwcy5wbGFjZXMudjEuUGxhY2VzLlNlYXJjaE5lYXJieRACGAQgAA","google_icon_mask_base_uri":"https://maps.gstatic.com/mapfiles/place_api/icons/v2/generic_pinlet","google_icon_background_color":"#7B9EB0","formatted_address":"Bontoc, Mountain Province, Philippines","business_status":"OPERATIONAL","rating":5,"user_rating_count":2,"barangay_slug":"poblacion","barangay_name":"Poblacion"},"geometry":{"type":"Point","coordinates":[120.9763895,17.089832700000002]}},{"type":"Feature","properties":{"name":"Generik Drugstore","kind":"clinic","kind_label":"Clinic","source":"google_places","google_place_id":"ChIJDb-iVSXSjzMRO-EsgdiWmks","google_primary_type":"pharmacy","google_primary_type_label":"Pharmacy","google_types":["pharmacy","health","store","point_of_interest","establishment"],"google_maps_uri":"https://maps.google.com/?cid=5447832555882340667&g_mp=Cilnb29nbGUubWFwcy5wbGFjZXMudjEuUGxhY2VzLlNlYXJjaE5lYXJieRACGAQgAA","google_icon_mask_base_uri":"https://maps.gstatic.com/mapfiles/place_api/icons/v2/pharmacy_pinlet","google_icon_background_color":"#F88181","formatted_address":"Bontoc, Mountain Province, Philippines","business_status":"OPERATIONAL","rating":null,"user_rating_count":null,"barangay_slug":"poblacion","barangay_name":"Poblacion"},"geometry":{"type":"Point","coordinates":[120.97635539999999,17.0865932]}},{"type":"Feature","properties":{"name":"Gram Circle Pharmacy","kind":"clinic","kind_label":"Clinic","source":"google_places","google_place_id":"ChIJAZeq0CTSjzMRa4KVqA2EG8I","google_primary_type":"pharmacy","google_primary_type_label":"Pharmacy","google_types":["pharmacy","store","health","point_of_interest","establishment"],"google_maps_uri":"https://maps.google.com/?cid=13986918261927019115&g_mp=Cilnb29nbGUubWFwcy5wbGFjZXMudjEuUGxhY2VzLlNlYXJjaE5lYXJieRACGAQgAA","google_icon_mask_base_uri":"https://maps.gstatic.com/mapfiles/place_api/icons/v2/pharmacy_pinlet","google_icon_background_color":"#F88181","formatted_address":"3XQG+RP9, Halsema Highway, Bontoc, Mountain Province, Philippines","business_status":"OPERATIONAL","rating":4,"user_rating_count":1,"barangay_slug":"poblacion","barangay_name":"Poblacion"},"geometry":{"type":"Point","coordinates":[120.9768584,17.089535299999998]}},{"type":"Feature","properties":{"name":"New Bontoc Pharmacy","kind":"clinic","kind_label":"Clinic","source":"google_places","google_place_id":"ChIJf7Nq1iTSjzMRAA-We-VLw-g","google_primary_type":"pharmacy","google_primary_type_label":"Pharmacy","google_types":["pharmacy","point_of_interest","health","store","establishment"],"google_maps_uri":"https://maps.google.com/?cid=16772332886250884864&g_mp=Cilnb29nbGUubWFwcy5wbGFjZXMudjEuUGxhY2VzLlNlYXJjaE5lYXJieRACGAQgAA","google_icon_mask_base_uri":"https://maps.gstatic.com/mapfiles/place_api/icons/v2/pharmacy_pinlet","google_icon_background_color":"#F88181","formatted_address":"3XQG+PM2, Bontoc, Mountain Province, Philippines","business_status":"OPERATIONAL","rating":null,"user_rating_count":null,"barangay_slug":"poblacion","barangay_name":"Poblacion"},"geometry":{"type":"Point","coordinates":[120.97664770000002,17.089271099999998]}},{"type":"Feature","properties":{"name":"Bontoc Fire Station (Extension)","kind":"govt","kind_label":"Government","source":"google_places","google_place_id":"ChIJtWT5ESXSjzMRlPewXLly7Cc","google_primary_type":"fire_station","google_primary_type_label":"Fire Station","google_types":["fire_station","government_office","point_of_interest","service","establishment"],"google_maps_uri":"https://maps.google.com/?cid=2876800402432522132&g_mp=Cidnb29nbGUubWFwcy5wbGFjZXMudjEuUGxhY2VzLlNlYXJjaFRleHQQAhgEIAA","google_icon_mask_base_uri":"https://maps.gstatic.com/mapfiles/place_api/icons/v2/civic-bldg_pinlet","google_icon_background_color":"#7B9EB0","formatted_address":"3XPH+X8F, Bontoc, Mountain Province, Philippines","business_status":"OPERATIONAL","rating":5,"user_rating_count":1,"barangay_slug":"poblacion","barangay_name":"Poblacion"},"geometry":{"type":"Point","coordinates":[120.9783028,17.0874448]}},{"type":"Feature","properties":{"name":"Bontoc Municipal Capitol","kind":"govt","kind_label":"Government","source":"google_places","google_place_id":"ChIJJ1tX-C_SjzMRX0clVwRomVY","google_primary_type":"city_hall","google_primary_type_label":"City Hall","google_types":["city_hall","local_government_office","government_office","service","point_of_interest","establishment"],"google_maps_uri":"https://maps.google.com/?cid=6240133126549751647&g_mp=Cilnb29nbGUubWFwcy5wbGFjZXMudjEuUGxhY2VzLlNlYXJjaE5lYXJieRACGAQgAA","google_icon_mask_base_uri":"https://maps.gstatic.com/mapfiles/place_api/icons/v2/civic-bldg_pinlet","google_icon_background_color":"#7B9EB0","formatted_address":"Municipal Hall, Halsema Highway, Bontoc, 2616 Mountain Province, Philippines","business_status":"OPERATIONAL","rating":4.4,"user_rating_count":84,"barangay_slug":"poblacion","barangay_name":"Poblacion"},"geometry":{"type":"Point","coordinates":[120.97680969999999,17.086285699999998]}},{"type":"Feature","properties":{"name":"Bontoc Municipal Police Station","kind":"govt","kind_label":"Government","source":"google_places","google_place_id":"ChIJE2P8VSXSjzMR-Ru47MCOlGU","google_primary_type":"government_office","google_primary_type_label":"Government Office","google_types":["police","government_office","service","point_of_interest","establishment"],"google_maps_uri":"https://maps.google.com/?cid=7319632253640252409&g_mp=Cilnb29nbGUubWFwcy5wbGFjZXMudjEuUGxhY2VzLlNlYXJjaE5lYXJieRACGAQgAA","google_icon_mask_base_uri":"https://maps.gstatic.com/mapfiles/place_api/icons/v2/police_pinlet","google_icon_background_color":"#F88181","formatted_address":"3XPG+HMV Municipal Hall, Halsema Highway, Bontoc, 2616 Mountain Province, Philippines","business_status":"OPERATIONAL","rating":null,"user_rating_count":null,"barangay_slug":"poblacion","barangay_name":"Poblacion"},"geometry":{"type":"Point","coordinates":[120.9765254,17.0865273]}},{"type":"Feature","properties":{"name":"Bontoc Police Outpost","kind":"govt","kind_label":"Government","source":"google_places","google_place_id":"ChIJt2GoxiTSjzMRmJhsOh_mw_4","google_primary_type":"government_office","google_primary_type_label":"Government Office","google_types":["police","government_office","point_of_interest","service","establishment"],"google_maps_uri":"https://maps.google.com/?cid=18357769527890843800&g_mp=Cidnb29nbGUubWFwcy5wbGFjZXMudjEuUGxhY2VzLlNlYXJjaFRleHQQAhgEIAA","google_icon_mask_base_uri":"https://maps.gstatic.com/mapfiles/place_api/icons/v2/police_pinlet","google_icon_background_color":"#F88181","formatted_address":"3XRG+3V3, Halsema Highway, Poblacion (Bontoc), Bontoc, Mountain Province, Philippines","business_status":"OPERATIONAL","rating":null,"user_rating_count":null,"barangay_slug":"poblacion","barangay_name":"Poblacion"},"geometry":{"type":"Point","coordinates":[120.9771644,17.090132999999998]}},{"type":"Feature","properties":{"name":"Bureau of Agricultural Statistics Mt. Province Provincial Operations Center","kind":"govt","kind_label":"Government","source":"google_places","google_place_id":"ChIJbwOA0STSjzMRnhRq6-MzAzY","google_primary_type":"local_government_office","google_primary_type_label":"Local Government Office","google_types":["local_government_office","government_office","point_of_interest","establishment"],"google_maps_uri":"https://maps.google.com/?cid=3892011556978431134&g_mp=Cilnb29nbGUubWFwcy5wbGFjZXMudjEuUGxhY2VzLlNlYXJjaE5lYXJieRACGAQgAA","google_icon_mask_base_uri":"https://maps.gstatic.com/mapfiles/place_api/icons/v2/civic-bldg_pinlet","google_icon_background_color":"#7B9EB0","formatted_address":"3XQG+RJR, Halsema Highway, Bontoc, Mountain Province, Philippines","business_status":"OPERATIONAL","rating":null,"user_rating_count":null,"barangay_slug":"poblacion","barangay_name":"Poblacion"},"geometry":{"type":"Point","coordinates":[120.97652079999999,17.0896039]}},{"type":"Feature","properties":{"name":"Bureau of Fire Protection-Provincial Office","kind":"govt","kind_label":"Government","source":"google_places","google_place_id":"ChIJ_fKn0CTSjzMRmTYu5lsnEw8","google_primary_type":"government_office","google_primary_type_label":"Government Office","google_types":["government_office","point_of_interest","establishment"],"google_maps_uri":"https://maps.google.com/?cid=1086255210783717017&g_mp=Cilnb29nbGUubWFwcy5wbGFjZXMudjEuUGxhY2VzLlNlYXJjaE5lYXJieRACGAQgAA","google_icon_mask_base_uri":"https://maps.gstatic.com/mapfiles/place_api/icons/v2/civic-bldg_pinlet","google_icon_background_color":"#7B9EB0","formatted_address":"3XQG+QPH, Halsema Highway, Bontoc, Mountain Province, Philippines","business_status":"OPERATIONAL","rating":null,"user_rating_count":null,"barangay_slug":"poblacion","barangay_name":"Poblacion"},"geometry":{"type":"Point","coordinates":[120.97685620000001,17.0894263]}},{"type":"Feature","properties":{"name":"Camp Geronimo Montes","kind":"govt","kind_label":"Government","source":"google_places","google_place_id":"ChIJldNrViPSjzMRtDQgkNojxQw","google_primary_type":"government_office","google_primary_type_label":"Government Office","google_types":["police","government_office","point_of_interest","service","establishment"],"google_maps_uri":"https://maps.google.com/?cid=920181120495006900&g_mp=Cidnb29nbGUubWFwcy5wbGFjZXMudjEuUGxhY2VzLlNlYXJjaFRleHQQAhgEIAA","google_icon_mask_base_uri":"https://maps.gstatic.com/mapfiles/place_api/icons/v2/police_pinlet","google_icon_background_color":"#F88181","formatted_address":"3XRG+WH2, Maligcong Rd, Bontoc, Mountain Province, Philippines","business_status":"OPERATIONAL","rating":null,"user_rating_count":null,"barangay_slug":"poblacion","barangay_name":"Poblacion"},"geometry":{"type":"Point","coordinates":[120.97639179999999,17.0922506]}},{"type":"Feature","properties":{"name":"Civil Service Commission(CSC)","kind":"govt","kind_label":"Government","source":"google_places","google_place_id":"ChIJ1zPaKSXSjzMR2pDYCvZvVJE","google_primary_type":"government_office","google_primary_type_label":"Government Office","google_types":["government_office","point_of_interest","establishment"],"google_maps_uri":"https://maps.google.com/?cid=10472118136077848794&g_mp=Cilnb29nbGUubWFwcy5wbGFjZXMudjEuUGxhY2VzLlNlYXJjaE5lYXJieRACGAQgAA","google_icon_mask_base_uri":"https://maps.gstatic.com/mapfiles/place_api/icons/v2/civic-bldg_pinlet","google_icon_background_color":"#7B9EB0","formatted_address":"3XRH+F73, Bontoc, 2616 Mountain Province, Philippines","business_status":"OPERATIONAL","rating":3,"user_rating_count":2,"barangay_slug":"poblacion","barangay_name":"Poblacion"},"geometry":{"type":"Point","coordinates":[120.9781758,17.0911459]}},{"type":"Feature","properties":{"name":"Commission on Elections - Mountain Province","kind":"govt","kind_label":"Government","source":"google_places","google_place_id":"ChIJEw5-agDTjzMRmGkbLbasOmU","google_primary_type":"government_office","google_primary_type_label":"Government Office","google_types":["government_office","point_of_interest","establishment"],"google_maps_uri":"https://maps.google.com/?cid=7294332444920736152&g_mp=Cilnb29nbGUubWFwcy5wbGFjZXMudjEuUGxhY2VzLlNlYXJjaE5lYXJieRACGAQgAA","google_icon_mask_base_uri":"https://maps.gstatic.com/mapfiles/place_api/icons/v2/civic-bldg_pinlet","google_icon_background_color":"#7B9EB0","formatted_address":"3XRG+79F Poblacion (Bontoc, Bontoc, Mountain Province, Philippines","business_status":"OPERATIONAL","rating":null,"user_rating_count":null,"barangay_slug":"poblacion","barangay_name":"Poblacion"},"geometry":{"type":"Point","coordinates":[120.9759314,17.0906921]}},{"type":"Feature","properties":{"name":"DAR","kind":"govt","kind_label":"Government","source":"google_places","google_place_id":"ChIJy2Uk0iLSjzMR1SbgXIDc6JY","google_primary_type":"government_office","google_primary_type_label":"Government Office","google_types":["government_office","point_of_interest","establishment"],"google_maps_uri":"https://maps.google.com/?cid=10874183744158181077&g_mp=Cidnb29nbGUubWFwcy5wbGFjZXMudjEuUGxhY2VzLlNlYXJjaFRleHQQAhgEIAA","google_icon_mask_base_uri":"https://maps.gstatic.com/mapfiles/place_api/icons/v2/civic-bldg_pinlet","google_icon_background_color":"#7B9EB0","formatted_address":"3/F, Government Center, Bontoc, 2616 Mountain Province, Philippines","business_status":"OPERATIONAL","rating":3,"user_rating_count":1,"barangay_slug":"poblacion","barangay_name":"Poblacion"},"geometry":{"type":"Point","coordinates":[120.97746490000002,17.0900859]}},{"type":"Feature","properties":{"name":"Dep Prov'l Dir for Opns - Mt Province Police Provincial Office","kind":"govt","kind_label":"Government","source":"google_places","google_place_id":"ChIJMybCVSPSjzMR8rHRAHK8XnE","google_primary_type":"government_office","google_primary_type_label":"Government Office","google_types":["government_office","point_of_interest","establishment"],"google_maps_uri":"https://maps.google.com/?cid=8169173971922694642&g_mp=Cidnb29nbGUubWFwcy5wbGFjZXMudjEuUGxhY2VzLlNlYXJjaFRleHQQAhgEIAA","google_icon_mask_base_uri":"https://maps.gstatic.com/mapfiles/place_api/icons/v2/civic-bldg_pinlet","google_icon_background_color":"#7B9EB0","formatted_address":"3XRG+PH3, Maligcong Rd, Bontoc, 2616 Mountain Province, Philippines","business_status":"OPERATIONAL","rating":null,"user_rating_count":null,"barangay_slug":"poblacion","barangay_name":"Poblacion"},"geometry":{"type":"Point","coordinates":[120.97640650000001,17.091770399999998]}},{"type":"Feature","properties":{"name":"Department of Education - Divisional Offices (Mt. Province)","kind":"govt","kind_label":"Government","source":"google_places","google_place_id":"ChIJzYCdNDvSjzMRRsH1MoiU850","google_primary_type":"government_office","google_primary_type_label":"Government Office","google_types":["government_office","point_of_interest","establishment"],"google_maps_uri":"https://maps.google.com/?cid=11381603995986805062&g_mp=Cilnb29nbGUubWFwcy5wbGFjZXMudjEuUGxhY2VzLlNlYXJjaE5lYXJieRACGAQgAA","google_icon_mask_base_uri":"https://maps.gstatic.com/mapfiles/place_api/icons/v2/civic-bldg_pinlet","google_icon_background_color":"#7B9EB0","formatted_address":"3XRG+66F, Bontoc, Mountain Province, Philippines","business_status":"OPERATIONAL","rating":4,"user_rating_count":2,"barangay_slug":"poblacion","barangay_name":"Poblacion"},"geometry":{"type":"Point","coordinates":[120.97555380000001,17.0905509]}},{"type":"Feature","properties":{"name":"Department of Justice- Regional Trial Court Branches 35 and 36 and Office of Clerk of Court","kind":"govt","kind_label":"Government","source":"google_places","google_place_id":"ChIJ10oJzSTSjzMRVBeAWFidG9E","google_primary_type":"government_office","google_primary_type_label":"Government Office","google_types":["government_office","point_of_interest","establishment"],"google_maps_uri":"https://maps.google.com/?cid=15067809981065598804&g_mp=Cilnb29nbGUubWFwcy5wbGFjZXMudjEuUGxhY2VzLlNlYXJjaE5lYXJieRACGAQgAA","google_icon_mask_base_uri":"https://maps.gstatic.com/mapfiles/place_api/icons/v2/civic-bldg_pinlet","google_icon_background_color":"#7B9EB0","formatted_address":"3XRG+2FP, Bontoc, Mountain Province, Philippines","business_status":"OPERATIONAL","rating":3,"user_rating_count":1,"barangay_slug":"poblacion","barangay_name":"Poblacion"},"geometry":{"type":"Point","coordinates":[120.97620839999999,17.090083399999997]}},{"type":"Feature","properties":{"name":"Department of Labor and Employment- Mountain Province Field Office","kind":"govt","kind_label":"Government","source":"google_places","google_place_id":"ChIJh1ZBj_HTjzMRs22kEO83SuQ","google_primary_type":"government_office","google_primary_type_label":"Government Office","google_types":["government_office","point_of_interest","establishment"],"google_maps_uri":"https://maps.google.com/?cid=16450022088840080819&g_mp=Cilnb29nbGUubWFwcy5wbGFjZXMudjEuUGxhY2VzLlNlYXJjaE5lYXJieRACGAQgAA","google_icon_mask_base_uri":"https://maps.gstatic.com/mapfiles/place_api/icons/v2/civic-bldg_pinlet","google_icon_background_color":"#7B9EB0","formatted_address":"Red Cross Bldg, Bontoc, Mountain Province, Philippines","business_status":"OPERATIONAL","rating":null,"user_rating_count":null,"barangay_slug":"poblacion","barangay_name":"Poblacion"},"geometry":{"type":"Point","coordinates":[120.97598970000001,17.0902384]}},{"type":"Feature","properties":{"name":"DICT Mountain Province","kind":"govt","kind_label":"Government","source":"google_places","google_place_id":"ChIJFSfS39nTjzMRijdiiHuYBDg","google_primary_type":"government_office","google_primary_type_label":"Government Office","google_types":["government_office","point_of_interest","establishment"],"google_maps_uri":"https://maps.google.com/?cid=4036518822367344522&g_mp=Cidnb29nbGUubWFwcy5wbGFjZXMudjEuUGxhY2VzLlNlYXJjaFRleHQQAhgEIAA","google_icon_mask_base_uri":"https://maps.gstatic.com/mapfiles/place_api/icons/v2/civic-bldg_pinlet","google_icon_background_color":"#7B9EB0","formatted_address":"4th Floor, Sports Complex Building, Jungle Town Rd, Poblacion, Bontoc, Mountain Province, Philippines","business_status":"OPERATIONAL","rating":null,"user_rating_count":null,"barangay_slug":"poblacion","barangay_name":"Poblacion"},"geometry":{"type":"Point","coordinates":[120.9777224,17.0900388]}},{"type":"Feature","properties":{"name":"DOLE","kind":"govt","kind_label":"Government","source":"google_places","google_place_id":"ChIJj4_xMzvSjzMR-vChHvVSeuE","google_primary_type":"government_office","google_primary_type_label":"Government Office","google_types":["government_office","point_of_interest","establishment"],"google_maps_uri":"https://maps.google.com/?cid=16247389818426880250&g_mp=Cilnb29nbGUubWFwcy5wbGFjZXMudjEuUGxhY2VzLlNlYXJjaE5lYXJieRACGAQgAA","google_icon_mask_base_uri":"https://maps.gstatic.com/mapfiles/place_api/icons/v2/civic-bldg_pinlet","google_icon_background_color":"#7B9EB0","formatted_address":"3XRG+29R, Capitol Rd, Bontoc, Mountain Province, Philippines","business_status":"OPERATIONAL","rating":null,"user_rating_count":null,"barangay_slug":"poblacion","barangay_name":"Poblacion"},"geometry":{"type":"Point","coordinates":[120.9758768,17.0901013]}},{"type":"Feature","properties":{"name":"DTI MOUNTAIN PROVINCE PROVINCIAL OFFICE","kind":"govt","kind_label":"Government","source":"google_places","google_place_id":"ChIJ-zfjKADTjzMROL9Kr79kG2A","google_primary_type":"government_office","google_primary_type_label":"Government Office","google_types":["government_office","point_of_interest","establishment"],"google_maps_uri":"https://maps.google.com/?cid=6925239626454712120&g_mp=Cidnb29nbGUubWFwcy5wbGFjZXMudjEuUGxhY2VzLlNlYXJjaFRleHQQAhgEIAA","google_icon_mask_base_uri":"https://maps.gstatic.com/mapfiles/place_api/icons/v2/civic-bldg_pinlet","google_icon_background_color":"#7B9EB0","formatted_address":"2F, Akilith Building, Sepulchre Street, Poblacion, Bontoc, Mountain Province, Philippines","business_status":"OPERATIONAL","rating":null,"user_rating_count":null,"barangay_slug":"poblacion","barangay_name":"Poblacion"},"geometry":{"type":"Point","coordinates":[120.97737479999999,17.0916331]}},{"type":"Feature","properties":{"name":"DTI-Negosyo Center, Bontoc","kind":"govt","kind_label":"Government","source":"google_places","google_place_id":"ChIJKZkPdgDTjzMRqB8QSG3cEpk","google_primary_type":"government_office","google_primary_type_label":"Government Office","google_types":["government_office","point_of_interest","establishment"],"google_maps_uri":"https://maps.google.com/?cid=11030120799302328232&g_mp=Cidnb29nbGUubWFwcy5wbGFjZXMudjEuUGxhY2VzLlNlYXJjaFRleHQQAhgEIAA","google_icon_mask_base_uri":"https://maps.gstatic.com/mapfiles/place_api/icons/v2/civic-bldg_pinlet","google_icon_background_color":"#7B9EB0","formatted_address":"3F, PAG-IBIG OFFICE, Poblacion, Bontoc, Mountain Province, Philippines","business_status":"OPERATIONAL","rating":5,"user_rating_count":1,"barangay_slug":"poblacion","barangay_name":"Poblacion"},"geometry":{"type":"Point","coordinates":[120.9766366,17.0864102]}},{"type":"Feature","properties":{"name":"EBGAN and Mountain Province Educational and Theater Arts Group","kind":"govt","kind_label":"Government","source":"google_places","google_place_id":"ChIJw1BqKCXSjzMRfNfuqHF-0b4","google_primary_type":"government_office","google_primary_type_label":"Government Office","google_types":["government_office","point_of_interest","establishment"],"google_maps_uri":"https://maps.google.com/?cid=13749910163969464188&g_mp=Cidnb29nbGUubWFwcy5wbGFjZXMudjEuUGxhY2VzLlNlYXJjaFRleHQQAhgEIAA","google_icon_mask_base_uri":"https://maps.gstatic.com/mapfiles/place_api/icons/v2/civic-bldg_pinlet","google_icon_background_color":"#7B9EB0","formatted_address":"3rd Floor, Diocesan Center, Halsema Highway, Bontoc, 2616 Mountain Province, Philippines","business_status":"OPERATIONAL","rating":null,"user_rating_count":null,"barangay_slug":"poblacion","barangay_name":"Poblacion"},"geometry":{"type":"Point","coordinates":[120.97680529999998,17.088957]}},{"type":"Feature","properties":{"name":"Government Center - Bontoc","kind":"govt","kind_label":"Government","source":"google_places","google_place_id":"ChIJD12tTYHTjzMRmSzge33LBzY","google_primary_type":"government_office","google_primary_type_label":"Government Office","google_types":["government_office","point_of_interest","establishment"],"google_maps_uri":"https://maps.google.com/?cid=3893304142694722713&g_mp=Cidnb29nbGUubWFwcy5wbGFjZXMudjEuUGxhY2VzLlNlYXJjaFRleHQQAhgEIAA","google_icon_mask_base_uri":"https://maps.gstatic.com/mapfiles/place_api/icons/v2/civic-bldg_pinlet","google_icon_background_color":"#7B9EB0","formatted_address":"Government Center, Nueva Vizcaya - Ifugao - Mountain Province Rd, Bontoc, Mountain Province, Philippines","business_status":"OPERATIONAL","rating":5,"user_rating_count":1,"barangay_slug":"poblacion","barangay_name":"Poblacion"},"geometry":{"type":"Point","coordinates":[120.97758449999998,17.0900675]}},{"type":"Feature","properties":{"name":"Land Transportation Office","kind":"govt","kind_label":"Government","source":"google_places","google_place_id":"ChIJDTnF5STSjzMRN15kA7182yk","google_primary_type":"government_office","google_primary_type_label":"Government Office","google_types":["government_office","point_of_interest","establishment"],"google_maps_uri":"https://maps.google.com/?cid=3016141526702251575&g_mp=Cilnb29nbGUubWFwcy5wbGFjZXMudjEuUGxhY2VzLlNlYXJjaE5lYXJieRACGAQgAA","google_icon_mask_base_uri":"https://maps.gstatic.com/mapfiles/place_api/icons/v2/civic-bldg_pinlet","google_icon_background_color":"#7B9EB0","formatted_address":"3XQH+Q66, Nueva Vizcaya - Ifugao - Mountain Province Rd, Bontoc, Mountain Province, Philippines","business_status":"OPERATIONAL","rating":2.3,"user_rating_count":3,"barangay_slug":"poblacion","barangay_name":"Poblacion"},"geometry":{"type":"Point","coordinates":[120.97800099999999,17.0894004]}},{"type":"Feature","properties":{"name":"Mountain Province Provincial Statistics Office","kind":"govt","kind_label":"Government","source":"google_places","google_place_id":"ChIJl3rb6STSjzMRMbYj4sDp6TM","google_primary_type":"government_office","google_primary_type_label":"Government Office","google_types":["government_office","point_of_interest","establishment"],"google_maps_uri":"https://maps.google.com/?cid=3740777980144891441&g_mp=Cilnb29nbGUubWFwcy5wbGFjZXMudjEuUGxhY2VzLlNlYXJjaE5lYXJieRACGAQgAA","google_icon_mask_base_uri":"https://maps.gstatic.com/mapfiles/place_api/icons/v2/civic-bldg_pinlet","google_icon_background_color":"#7B9EB0","formatted_address":"3rd Flr, Bontoc Commercial Building, Poblacion, Bontoc, Mountain Province, Philippines","business_status":"OPERATIONAL","rating":null,"user_rating_count":null,"barangay_slug":"poblacion","barangay_name":"Poblacion"},"geometry":{"type":"Point","coordinates":[120.97758470000001,17.0898152]}},{"type":"Feature","properties":{"name":"MPGCHS Library","kind":"govt","kind_label":"Government","source":"google_places","google_place_id":"ChIJFalwvrzTjzMR3DVccfDGmdA","google_primary_type":"library","google_primary_type_label":"Library","google_types":["library","point_of_interest","service","establishment"],"google_maps_uri":"https://maps.google.com/?cid=15031263967322060252&g_mp=Cidnb29nbGUubWFwcy5wbGFjZXMudjEuUGxhY2VzLlNlYXJjaFRleHQQAhgEIAA","google_icon_mask_base_uri":"https://maps.gstatic.com/mapfiles/place_api/icons/v2/library_pinlet","google_icon_background_color":"#7B9EB0","formatted_address":"3XQH+HG9, Bontoc, Mountain Province, Philippines","business_status":"OPERATIONAL","rating":null,"user_rating_count":null,"barangay_slug":"poblacion","barangay_name":"Poblacion"},"geometry":{"type":"Point","coordinates":[120.97884690000001,17.0889088]}},{"type":"Feature","properties":{"name":"National Agricultural and Fishery Council - Mountain Province","kind":"govt","kind_label":"Government","source":"google_places","google_place_id":"ChIJNTcGSjvSjzMR3CJI83xEL58","google_primary_type":"government_office","google_primary_type_label":"Government Office","google_types":["government_office","point_of_interest","establishment"],"google_maps_uri":"https://maps.google.com/?cid=11470462079384167132&g_mp=Cilnb29nbGUubWFwcy5wbGFjZXMudjEuUGxhY2VzLlNlYXJjaE5lYXJieRACGAQgAA","google_icon_mask_base_uri":"https://maps.gstatic.com/mapfiles/place_api/icons/v2/civic-bldg_pinlet","google_icon_background_color":"#7B9EB0","formatted_address":"Office of the Provincial Agriculturist, Bontoc, Mountain Province, Philippines","business_status":"OPERATIONAL","rating":null,"user_rating_count":null,"barangay_slug":"poblacion","barangay_name":"Poblacion"},"geometry":{"type":"Point","coordinates":[120.975842,17.090552]}},{"type":"Feature","properties":{"name":"National Nutrition Council (NNC) - Mt. Province","kind":"govt","kind_label":"Government","source":"google_places","google_place_id":"ChIJf7hjTDvSjzMRkmNG2lIgVEY","google_primary_type":"government_office","google_primary_type_label":"Government Office","google_types":["government_office","point_of_interest","establishment"],"google_maps_uri":"https://maps.google.com/?cid=5067711020920103826&g_mp=Cilnb29nbGUubWFwcy5wbGFjZXMudjEuUGxhY2VzLlNlYXJjaE5lYXJieRACGAQgAA","google_icon_mask_base_uri":"https://maps.gstatic.com/mapfiles/place_api/icons/v2/civic-bldg_pinlet","google_icon_background_color":"#7B9EB0","formatted_address":"Bontoc, Mountain Province, Philippines","business_status":"OPERATIONAL","rating":null,"user_rating_count":null,"barangay_slug":"poblacion","barangay_name":"Poblacion"},"geometry":{"type":"Point","coordinates":[120.97596600000001,17.090904]}},{"type":"Feature","properties":{"name":"National Statistics Office","kind":"govt","kind_label":"Government","source":"google_places","google_place_id":"ChIJr7K4rzrSjzMRF6NhlWem5JM","google_primary_type":"government_office","google_primary_type_label":"Government Office","google_types":["government_office","point_of_interest","establishment"],"google_maps_uri":"https://maps.google.com/?cid=10656825582083482391&g_mp=Cidnb29nbGUubWFwcy5wbGFjZXMudjEuUGxhY2VzLlNlYXJjaFRleHQQAhgEIAA","google_icon_mask_base_uri":"https://maps.gstatic.com/mapfiles/place_api/icons/v2/civic-bldg_pinlet","google_icon_background_color":"#7B9EB0","formatted_address":"3XQH+X23, Nueva Vizcaya - Ifugao - Mountain Province Rd, Poblacion (Bontoc), Bontoc, 2616 Mountain Province, Philippines","business_status":"OPERATIONAL","rating":3,"user_rating_count":1,"barangay_slug":"poblacion","barangay_name":"Poblacion"},"geometry":{"type":"Point","coordinates":[120.97753600000001,17.0898847]}},{"type":"Feature","properties":{"name":"Office of the Governor - Mt. Province","kind":"govt","kind_label":"Government","source":"google_places","google_place_id":"ChIJLwc0TTvSjzMRa53G_K2h0DE","google_primary_type":"government_office","google_primary_type_label":"Government Office","google_types":["government_office","point_of_interest","establishment"],"google_maps_uri":"https://maps.google.com/?cid=3589546671656574315&g_mp=Cidnb29nbGUubWFwcy5wbGFjZXMudjEuUGxhY2VzLlNlYXJjaFRleHQQAhgEIAA","google_icon_mask_base_uri":"https://maps.gstatic.com/mapfiles/place_api/icons/v2/civic-bldg_pinlet","google_icon_background_color":"#7B9EB0","formatted_address":"Provincial Capitol, Bontoc, 2616, Bontoc, Mountain Province, Philippines","business_status":"OPERATIONAL","rating":null,"user_rating_count":null,"barangay_slug":"poblacion","barangay_name":"Poblacion"},"geometry":{"type":"Point","coordinates":[120.9761761,17.0911194]}},{"type":"Feature","properties":{"name":"PHLPOST: Philippine Postal Corporation, Philippines, Service","kind":"govt","kind_label":"Government","source":"google_places","google_place_id":"ChIJOwIoNDvSjzMR8QvEQYjNRBs","google_primary_type":"post_office","google_primary_type_label":"Post Office","google_types":["post_office","finance","shipping_service","government_office","association_or_organization","point_of_interest","service","establishment"],"google_maps_uri":"https://maps.google.com/?cid=1964921322542992369&g_mp=Cilnb29nbGUubWFwcy5wbGFjZXMudjEuUGxhY2VzLlNlYXJjaE5lYXJieRACGAQgAA","google_icon_mask_base_uri":"https://maps.gstatic.com/mapfiles/place_api/icons/v2/postoffice_pinlet","google_icon_background_color":"#909CE1","formatted_address":"3XRG+587, Guinaang Rd, Bontoc, Mountain Province, Philippines","business_status":"OPERATIONAL","rating":3,"user_rating_count":1,"barangay_slug":"poblacion","barangay_name":"Poblacion"},"geometry":{"type":"Point","coordinates":[120.97578539999999,17.0904111]}},{"type":"Feature","properties":{"name":"Poblacion Barangay Hall","kind":"govt","kind_label":"Government","source":"google_places","google_place_id":"ChIJwR5W80PTjzMRXn0YqGsIQSc","google_primary_type":"government_office","google_primary_type_label":"Government Office","google_types":["government_office","point_of_interest","establishment"],"google_maps_uri":"https://maps.google.com/?cid=2828551299440082270&g_mp=Cidnb29nbGUubWFwcy5wbGFjZXMudjEuUGxhY2VzLlNlYXJjaFRleHQQAhgEIAA","google_icon_mask_base_uri":"https://maps.gstatic.com/mapfiles/place_api/icons/v2/civic-bldg_pinlet","google_icon_background_color":"#7B9EB0","formatted_address":"3XRH+32P, Bontoc, Mountain Province, Philippines","business_status":"OPERATIONAL","rating":null,"user_rating_count":null,"barangay_slug":"poblacion","barangay_name":"Poblacion"},"geometry":{"type":"Point","coordinates":[120.9775701,17.0902198]}},{"type":"Feature","properties":{"name":"Provincial Capitol of Mountain Province","kind":"govt","kind_label":"Government","source":"google_places","google_place_id":"ChIJW5480iLSjzMRFA9oVE-d1hY","google_primary_type":"local_government_office","google_primary_type_label":"Local Government Office","google_types":["local_government_office","government_office","point_of_interest","establishment"],"google_maps_uri":"https://maps.google.com/?cid=1645675677894577940&g_mp=Cilnb29nbGUubWFwcy5wbGFjZXMudjEuUGxhY2VzLlNlYXJjaE5lYXJieRACGAQgAA","google_icon_mask_base_uri":"https://maps.gstatic.com/mapfiles/place_api/icons/v2/civic-bldg_pinlet","google_icon_background_color":"#7B9EB0","formatted_address":"3XRG+8C4, Capitol Rd, Bontoc, Mountain Province, Philippines","business_status":"OPERATIONAL","rating":4.4,"user_rating_count":8,"barangay_slug":"poblacion","barangay_name":"Poblacion"},"geometry":{"type":"Point","coordinates":[120.9760776,17.0907663]}},{"type":"Feature","properties":{"name":"Provincial Police Office","kind":"govt","kind_label":"Government","source":"google_places","google_place_id":"ChIJNSHdVSPSjzMRKuhoz5AQEXY","google_primary_type":"government_office","google_primary_type_label":"Government Office","google_types":["police","government_office","service","point_of_interest","establishment"],"google_maps_uri":"https://maps.google.com/?cid=8507599385220671530&g_mp=Cilnb29nbGUubWFwcy5wbGFjZXMudjEuUGxhY2VzLlNlYXJjaE5lYXJieRACGAQgAA","google_icon_mask_base_uri":"https://maps.gstatic.com/mapfiles/place_api/icons/v2/police_pinlet","google_icon_background_color":"#F88181","formatted_address":"3XRG+MHP, Maligcong Rd, Bontoc, Mountain Province, Philippines","business_status":"OPERATIONAL","rating":null,"user_rating_count":null,"barangay_slug":"poblacion","barangay_name":"Poblacion"},"geometry":{"type":"Point","coordinates":[120.97644989999999,17.0917158]}},{"type":"Feature","properties":{"name":"Public Employment Service Office - Bontoc","kind":"govt","kind_label":"Government","source":"google_places","google_place_id":"ChIJ20wx-C_SjzMRHSyHSZCLOV0","google_primary_type":"government_office","google_primary_type_label":"Government Office","google_types":["government_office","point_of_interest","establishment"],"google_maps_uri":"https://maps.google.com/?cid=6717553771024952349&g_mp=Cidnb29nbGUubWFwcy5wbGFjZXMudjEuUGxhY2VzLlNlYXJjaFRleHQQAhgEIAA","google_icon_mask_base_uri":"https://maps.gstatic.com/mapfiles/place_api/icons/v2/civic-bldg_pinlet","google_icon_background_color":"#7B9EB0","formatted_address":"Municipal Hall, Halsema Highway, Bontoc, 2616 Mountain Province, Philippines","business_status":"OPERATIONAL","rating":null,"user_rating_count":null,"barangay_slug":"poblacion","barangay_name":"Poblacion"},"geometry":{"type":"Point","coordinates":[120.97681000000001,17.086289]}},{"type":"Feature","properties":{"name":"Public Employment Service Office - Mountain Province","kind":"govt","kind_label":"Government","source":"google_places","google_place_id":"ChIJidloSjvSjzMRqGPj2PGgNX4","google_primary_type":"government_office","google_primary_type_label":"Government Office","google_types":["government_office","point_of_interest","establishment"],"google_maps_uri":"https://maps.google.com/?cid=9094351983130928040&g_mp=Cilnb29nbGUubWFwcy5wbGFjZXMudjEuUGxhY2VzLlNlYXJjaE5lYXJieRACGAQgAA","google_icon_mask_base_uri":"https://maps.gstatic.com/mapfiles/place_api/icons/v2/civic-bldg_pinlet","google_icon_background_color":"#7B9EB0","formatted_address":"3XRG+69C Provincial Capitol, Guinaang Rd, Bontoc, 2616 Mountain Province, Philippines","business_status":"OPERATIONAL","rating":null,"user_rating_count":null,"barangay_slug":"poblacion","barangay_name":"Poblacion"},"geometry":{"type":"Point","coordinates":[120.97589640000001,17.090552]}},{"type":"Feature","properties":{"name":"Registry of Deeds-Mountain Province","kind":"govt","kind_label":"Government","source":"google_places","google_place_id":"ChIJJQy5MzvSjzMRolz7u914Sr8","google_primary_type":"government_office","google_primary_type_label":"Government Office","google_types":["government_office","point_of_interest","establishment"],"google_maps_uri":"https://maps.google.com/?cid=13783962503257742498&g_mp=Cilnb29nbGUubWFwcy5wbGFjZXMudjEuUGxhY2VzLlNlYXJjaE5lYXJieRACGAQgAA","google_icon_mask_base_uri":"https://maps.gstatic.com/mapfiles/place_api/icons/v2/civic-bldg_pinlet","google_icon_background_color":"#7B9EB0","formatted_address":"3XRG+29M, Bontoc, Mountain Province, Philippines","business_status":"OPERATIONAL","rating":null,"user_rating_count":null,"barangay_slug":"poblacion","barangay_name":"Poblacion"},"geometry":{"type":"Point","coordinates":[120.97590659999999,17.0900884]}},{"type":"Feature","properties":{"name":"Social Security System","kind":"govt","kind_label":"Government","source":"google_places","google_place_id":"ChIJZ86frzrSjzMRuD56vnO4zLY","google_primary_type":"local_government_office","google_primary_type_label":"Local Government Office","google_types":["local_government_office","government_office","service","point_of_interest","establishment"],"google_maps_uri":"https://maps.google.com/?cid=13172105817408290488&g_mp=Cilnb29nbGUubWFwcy5wbGFjZXMudjEuUGxhY2VzLlNlYXJjaE5lYXJieRACGAQgAA","google_icon_mask_base_uri":"https://maps.gstatic.com/mapfiles/place_api/icons/v2/civic-bldg_pinlet","google_icon_background_color":"#7B9EB0","formatted_address":"Kiat-Ong Building, Sug-ang Street, Poblacion, Bontoc, 2616, Mountain Province, Bontoc, Mountain Province, Philippines","business_status":"OPERATIONAL","rating":3,"user_rating_count":1,"barangay_slug":"poblacion","barangay_name":"Poblacion"},"geometry":{"type":"Point","coordinates":[120.97687769999999,17.0860012]}},{"type":"Feature","properties":{"name":"SWAD MOUNTAIN PROVINCE","kind":"govt","kind_label":"Government","source":"google_places","google_place_id":"ChIJ2a9GUADTjzMRNxP-vUM6tYs","google_primary_type":"government_office","google_primary_type_label":"Government Office","google_types":["government_office","point_of_interest","establishment"],"google_maps_uri":"https://maps.google.com/?cid=10067016604681376567&g_mp=Cidnb29nbGUubWFwcy5wbGFjZXMudjEuUGxhY2VzLlNlYXJjaFRleHQQAhgEIAA","google_icon_mask_base_uri":"https://maps.gstatic.com/mapfiles/place_api/icons/v2/civic-bldg_pinlet","google_icon_background_color":"#7B9EB0","formatted_address":"1st and 3rd Floors, Akilith Building, Sepulchre Street, Poblacion, Bontoc, Mountain Province, Philippines","business_status":"OPERATIONAL","rating":null,"user_rating_count":null,"barangay_slug":"poblacion","barangay_name":"Poblacion"},"geometry":{"type":"Point","coordinates":[120.9775701,17.0902197]}},{"type":"Feature","properties":{"name":"The Episcopal Diocese of Northern Philippines","kind":"govt","kind_label":"Government","source":"google_places","google_place_id":"ChIJI5evtjHSjzMRlckUhUcrNJk","google_primary_type":"local_government_office","google_primary_type_label":"Local Government Office","google_types":["local_government_office","government_office","point_of_interest","establishment"],"google_maps_uri":"https://maps.google.com/?cid=11039496172767332757&g_mp=Cidnb29nbGUubWFwcy5wbGFjZXMudjEuUGxhY2VzLlNlYXJjaFRleHQQAhgEIAA","google_icon_mask_base_uri":"https://maps.gstatic.com/mapfiles/place_api/icons/v2/civic-bldg_pinlet","google_icon_background_color":"#7B9EB0","formatted_address":"Diocesan Center, Halsema Highway, Bontoc, 2616 Mountain Province, Philippines","business_status":"OPERATIONAL","rating":5,"user_rating_count":2,"barangay_slug":"poblacion","barangay_name":"Poblacion"},"geometry":{"type":"Point","coordinates":[120.9768156,17.0884173]}},{"type":"Feature","properties":{"name":"AFEW Snackhouse","kind":"market","kind_label":"Market","source":"google_places","google_place_id":"ChIJh1uDCQDTjzMRbiAX9ojb4B4","google_primary_type":"food_court","google_primary_type_label":"Food Court","google_types":["food_court","coffee_shop","cafe","food_store","store","point_of_interest","food","establishment"],"google_maps_uri":"https://maps.google.com/?cid=2225019597211770990&g_mp=Cilnb29nbGUubWFwcy5wbGFjZXMudjEuUGxhY2VzLlNlYXJjaE5lYXJieRACGAQgAA","google_icon_mask_base_uri":"https://maps.gstatic.com/mapfiles/place_api/icons/v2/restaurant_pinlet","google_icon_background_color":"#FF9E67","formatted_address":"Sangi, Poblacion, Bontoc, 2616 Mountain Province, Philippines","business_status":"OPERATIONAL","rating":null,"user_rating_count":null,"barangay_slug":"poblacion","barangay_name":"Poblacion"},"geometry":{"type":"Point","coordinates":[120.97636359999998,17.089969099999998]}},{"type":"Feature","properties":{"name":"After 5:01 Brew","kind":"market","kind_label":"Market","source":"google_places","google_place_id":"ChIJA8IV4MHTjzMRBTjqCdOVsnk","google_primary_type":"coffee_shop","google_primary_type_label":"Coffee Shop","google_types":["coffee_shop","cafe","food_store","store","point_of_interest","food","establishment"],"google_maps_uri":"https://maps.google.com/?cid=8769236158080759813&g_mp=Cilnb29nbGUubWFwcy5wbGFjZXMudjEuUGxhY2VzLlNlYXJjaE5lYXJieRACGAQgAA","google_icon_mask_base_uri":"https://maps.gstatic.com/mapfiles/place_api/icons/v2/cafe_pinlet","google_icon_background_color":"#FF9E67","formatted_address":"Poblacion (Bontoc), Bontoc, 2616 Mountain Province, Philippines","business_status":"OPERATIONAL","rating":null,"user_rating_count":null,"barangay_slug":"poblacion","barangay_name":"Poblacion"},"geometry":{"type":"Point","coordinates":[120.9751068,17.0916441]}},{"type":"Feature","properties":{"name":"Aglipay Trading","kind":"market","kind_label":"Market","source":"google_places","google_place_id":"ChIJdWky2iTSjzMRkLo72cKMN_k","google_primary_type":"grocery_store","google_primary_type_label":"Grocery Store","google_types":["grocery_store","food_store","store","point_of_interest","food","establishment"],"google_maps_uri":"https://maps.google.com/?cid=17957976807659256464&g_mp=Cilnb29nbGUubWFwcy5wbGFjZXMudjEuUGxhY2VzLlNlYXJjaE5lYXJieRACGAQgAA","google_icon_mask_base_uri":"https://maps.gstatic.com/mapfiles/place_api/icons/v2/shoppingcart_pinlet","google_icon_background_color":"#4B96F3","formatted_address":"3XQG+QR5, Halsema Highway, Bontoc, Mountain Province, Philippines","business_status":"OPERATIONAL","rating":3.7,"user_rating_count":15,"barangay_slug":"poblacion","barangay_name":"Poblacion"},"geometry":{"type":"Point","coordinates":[120.9771206,17.089391799999998]}},{"type":"Feature","properties":{"name":"Anthony Dumalsin Store","kind":"market","kind_label":"Market","source":"google_places","google_place_id":"ChIJgYjf4MTTjzMRotVmvKHT0RQ","google_primary_type":"convenience_store","google_primary_type_label":"Convenience Store","google_types":["convenience_store","food_store","food","point_of_interest","store","establishment"],"google_maps_uri":"https://maps.google.com/?cid=1500212842495137186&g_mp=Cidnb29nbGUubWFwcy5wbGFjZXMudjEuUGxhY2VzLlNlYXJjaFRleHQQAhgEIAA","google_icon_mask_base_uri":"https://maps.gstatic.com/mapfiles/place_api/icons/v2/convenience_pinlet","google_icon_background_color":"#4B96F3","formatted_address":"3XRH+32P, Poblacion (Bontoc), Bontoc, Mountain Province, Philippines","business_status":"OPERATIONAL","rating":4,"user_rating_count":1,"barangay_slug":"poblacion","barangay_name":"Poblacion"},"geometry":{"type":"Point","coordinates":[120.9775701,17.0902197]}},{"type":"Feature","properties":{"name":"AZ Paradaym Gen Merchandise","kind":"market","kind_label":"Market","source":"google_places","google_place_id":"ChIJGYRkDgDTjzMRSY_l7L4IjbE","google_primary_type":"convenience_store","google_primary_type_label":"Convenience Store","google_types":["convenience_store","food_store","store","point_of_interest","food","establishment"],"google_maps_uri":"https://maps.google.com/?cid=12793891732540723017&g_mp=Cidnb29nbGUubWFwcy5wbGFjZXMudjEuUGxhY2VzLlNlYXJjaFRleHQQAhgEIAA","google_icon_mask_base_uri":"https://maps.gstatic.com/mapfiles/place_api/icons/v2/convenience_pinlet","google_icon_background_color":"#4B96F3","formatted_address":"3XQH+X5M, Jungle Town Rd, Poblacion, Bontoc, Mountain Province, Philippines","business_status":"OPERATIONAL","rating":null,"user_rating_count":null,"barangay_slug":"poblacion","barangay_name":"Poblacion"},"geometry":{"type":"Point","coordinates":[120.9779364,17.089969699999997]}},{"type":"Feature","properties":{"name":"Bagni's Bakery","kind":"market","kind_label":"Market","source":"google_places","google_place_id":"ChIJ_0eD0yTSjzMRYwBLloJvJCs","google_primary_type":"bakery","google_primary_type_label":"Bakery","google_types":["bakery","food_store","store","point_of_interest","food","establishment"],"google_maps_uri":"https://maps.google.com/?cid=3108732249450414179&g_mp=Cilnb29nbGUubWFwcy5wbGFjZXMudjEuUGxhY2VzLlNlYXJjaE5lYXJieRACGAQgAA","google_icon_mask_base_uri":"https://maps.gstatic.com/mapfiles/place_api/icons/v2/restaurant_pinlet","google_icon_background_color":"#FF9E67","formatted_address":"Bontoc, Mountain Province, Philippines","business_status":"OPERATIONAL","rating":null,"user_rating_count":null,"barangay_slug":"poblacion","barangay_name":"Poblacion"},"geometry":{"type":"Point","coordinates":[120.976356,17.0895047]}},{"type":"Feature","properties":{"name":"Baguiwen's Dry Goods","kind":"market","kind_label":"Market","source":"google_places","google_place_id":"ChIJi36mdQDTjzMR3rn9xmNcPNU","google_primary_type":"convenience_store","google_primary_type_label":"Convenience Store","google_types":["convenience_store","food_store","store","point_of_interest","food","establishment"],"google_maps_uri":"https://maps.google.com/?cid=15365257612291324382&g_mp=Cilnb29nbGUubWFwcy5wbGFjZXMudjEuUGxhY2VzLlNlYXJjaE5lYXJieRACGAQgAA","google_icon_mask_base_uri":"https://maps.gstatic.com/mapfiles/place_api/icons/v2/convenience_pinlet","google_icon_background_color":"#4B96F3","formatted_address":"3XQG+WMW, Bontoc, Mountain Province, Philippines","business_status":"OPERATIONAL","rating":null,"user_rating_count":null,"barangay_slug":"poblacion","barangay_name":"Poblacion"},"geometry":{"type":"Point","coordinates":[120.9767117,17.089871]}},{"type":"Feature","properties":{"name":"Bontoc Brew","kind":"market","kind_label":"Market","source":"google_places","google_place_id":"ChIJubGrLgDTjzMRIn0WqRwjCKQ","google_primary_type":"coffee_shop","google_primary_type_label":"Coffee Shop","google_types":["coffee_shop","cafe","food_store","food","store","point_of_interest","establishment"],"google_maps_uri":"https://maps.google.com/?cid=11819735828036746530&g_mp=Cidnb29nbGUubWFwcy5wbGFjZXMudjEuUGxhY2VzLlNlYXJjaFRleHQQAhgEIAA","google_icon_mask_base_uri":"https://maps.gstatic.com/mapfiles/place_api/icons/v2/cafe_pinlet","google_icon_background_color":"#FF9E67","formatted_address":"3XPG+XJ3 Poblacion (Bontoc, Bontoc, Mountain Province, Philippines","business_status":"OPERATIONAL","rating":4.5,"user_rating_count":15,"barangay_slug":"poblacion","barangay_name":"Poblacion"},"geometry":{"type":"Point","coordinates":[120.9765587,17.0873968]}},{"type":"Feature","properties":{"name":"Cabello Bakery","kind":"market","kind_label":"Market","source":"google_places","google_place_id":"ChIJiQqcHYLTjzMRULUlCmNV0pU","google_primary_type":"bakery","google_primary_type_label":"Bakery","google_types":["bakery","food_store","store","point_of_interest","food","establishment"],"google_maps_uri":"https://maps.google.com/?cid=10795785140620866896&g_mp=Cilnb29nbGUubWFwcy5wbGFjZXMudjEuUGxhY2VzLlNlYXJjaE5lYXJieRACGAQgAA","google_icon_mask_base_uri":"https://maps.gstatic.com/mapfiles/place_api/icons/v2/restaurant_pinlet","google_icon_background_color":"#FF9E67","formatted_address":"3XQG+Q96, Omfeg, Bontoc, 2616 Mountain Province, Philippines","business_status":"OPERATIONAL","rating":4,"user_rating_count":1,"barangay_slug":"poblacion","barangay_name":"Poblacion"},"geometry":{"type":"Point","coordinates":[120.97589219999999,17.089415799999998]}},{"type":"Feature","properties":{"name":"Dumalsin Convenience Store","kind":"market","kind_label":"Market","source":"google_places","google_place_id":"ChIJG9k0twnTjzMRlu8qpyZ5xEA","google_primary_type":"general_store","google_primary_type_label":"General Store","google_types":["general_store","food_store","store","point_of_interest","food","establishment"],"google_maps_uri":"https://maps.google.com/?cid=4666988320783003542&g_mp=Cilnb29nbGUubWFwcy5wbGFjZXMudjEuUGxhY2VzLlNlYXJjaE5lYXJieRACGAQgAA","google_icon_mask_base_uri":"https://maps.gstatic.com/mapfiles/place_api/icons/v2/shopping_pinlet","google_icon_background_color":"#4B96F3","formatted_address":"3XRH+QCC, Bontoc, Mountain Province, Philippines","business_status":"OPERATIONAL","rating":5,"user_rating_count":2,"barangay_slug":"poblacion","barangay_name":"Poblacion"},"geometry":{"type":"Point","coordinates":[120.9785084,17.091929099999998]}},{"type":"Feature","properties":{"name":"Dumalsin's Grocery Store","kind":"market","kind_label":"Market","source":"google_places","google_place_id":"ChIJeSKl2STSjzMR5NRiOQ2XAU4","google_primary_type":"grocery_store","google_primary_type_label":"Grocery Store","google_types":["grocery_store","food_store","store","point_of_interest","food","establishment"],"google_maps_uri":"https://maps.google.com/?cid=5620939892988237028&g_mp=Cilnb29nbGUubWFwcy5wbGFjZXMudjEuUGxhY2VzLlNlYXJjaE5lYXJieRACGAQgAA","google_icon_mask_base_uri":"https://maps.gstatic.com/mapfiles/place_api/icons/v2/shoppingcart_pinlet","google_icon_background_color":"#4B96F3","formatted_address":"3XQG+QRH, Halsema Highway, Bontoc, Mountain Province, Philippines","business_status":"OPERATIONAL","rating":3.8,"user_rating_count":6,"barangay_slug":"poblacion","barangay_name":"Poblacion"},"geometry":{"type":"Point","coordinates":[120.9771232,17.0894361]}},{"type":"Feature","properties":{"name":"Evelyn's Bakeshop","kind":"market","kind_label":"Market","source":"google_places","google_place_id":"ChIJuSlv2STSjzMRhcdkQv2nLbo","google_primary_type":"bakery","google_primary_type_label":"Bakery","google_types":["bakery","food_store","store","point_of_interest","food","establishment"],"google_maps_uri":"https://maps.google.com/?cid=13415563571189041029&g_mp=Cilnb29nbGUubWFwcy5wbGFjZXMudjEuUGxhY2VzLlNlYXJjaE5lYXJieRACGAQgAA","google_icon_mask_base_uri":"https://maps.gstatic.com/mapfiles/place_api/icons/v2/restaurant_pinlet","google_icon_background_color":"#FF9E67","formatted_address":"Poblacion (Bontoc, Bontoc, Mountain Province, Philippines","business_status":"OPERATIONAL","rating":4.2,"user_rating_count":11,"barangay_slug":"poblacion","barangay_name":"Poblacion"},"geometry":{"type":"Point","coordinates":[120.9771445,17.0895749]}},{"type":"Feature","properties":{"name":"Hue 52 Corner","kind":"market","kind_label":"Market","source":"google_places","google_place_id":"ChIJpd6NWwDTjzMRF00toHp9K2o","google_primary_type":"coffee_shop","google_primary_type_label":"Coffee Shop","google_types":["coffee_shop","cafe","food_store","store","point_of_interest","food","establishment"],"google_maps_uri":"https://maps.google.com/?cid=7650346357645724951&g_mp=Cidnb29nbGUubWFwcy5wbGFjZXMudjEuUGxhY2VzLlNlYXJjaFRleHQQAhgEIAA","google_icon_mask_base_uri":"https://maps.gstatic.com/mapfiles/place_api/icons/v2/cafe_pinlet","google_icon_background_color":"#FF9E67","formatted_address":"Falag-ey Building, Jungle Town Rd, Poblacion, Bontoc, Mountain Province, Philippines","business_status":"OPERATIONAL","rating":null,"user_rating_count":null,"barangay_slug":"poblacion","barangay_name":"Poblacion"},"geometry":{"type":"Point","coordinates":[120.97849989999997,17.0891389]}},{"type":"Feature","properties":{"name":"Illengan Snack House","kind":"market","kind_label":"Market","source":"google_places","google_place_id":"ChIJYdB1IQDTjzMRZi-H1t3UgMU","google_primary_type":"coffee_shop","google_primary_type_label":"Coffee Shop","google_types":["coffee_shop","cafe","food_store","store","point_of_interest","food","establishment"],"google_maps_uri":"https://maps.google.com/?cid=14231608871742812006&g_mp=Cilnb29nbGUubWFwcy5wbGFjZXMudjEuUGxhY2VzLlNlYXJjaE5lYXJieRACGAQgAA","google_icon_mask_base_uri":"https://maps.gstatic.com/mapfiles/place_api/icons/v2/cafe_pinlet","google_icon_background_color":"#FF9E67","formatted_address":"3XQG+GF8 Omfeg Ili, Bontoc, Mountain Province, Philippines","business_status":"OPERATIONAL","rating":null,"user_rating_count":null,"barangay_slug":"poblacion","barangay_name":"Poblacion"},"geometry":{"type":"Point","coordinates":[120.9762023,17.0887998]}},{"type":"Feature","properties":{"name":"K Good's Bakery And Coffee Shop","kind":"market","kind_label":"Market","source":"google_places","google_place_id":"ChIJ_7Jd0iTSjzMR_G882UluhmM","google_primary_type":"bakery","google_primary_type_label":"Bakery","google_types":["bakery","food_store","store","point_of_interest","food","establishment"],"google_maps_uri":"https://maps.google.com/?cid=7171540720090378236&g_mp=Cilnb29nbGUubWFwcy5wbGFjZXMudjEuUGxhY2VzLlNlYXJjaE5lYXJieRACGAQgAA","google_icon_mask_base_uri":"https://maps.gstatic.com/mapfiles/place_api/icons/v2/restaurant_pinlet","google_icon_background_color":"#FF9E67","formatted_address":"Bontoc, Mountain Province, Philippines","business_status":"OPERATIONAL","rating":null,"user_rating_count":null,"barangay_slug":"poblacion","barangay_name":"Poblacion"},"geometry":{"type":"Point","coordinates":[120.97636929999999,17.0897009]}},{"type":"Feature","properties":{"name":"Karis Minimart","kind":"market","kind_label":"Market","source":"google_places","google_place_id":"ChIJdRU1-EnTjzMR3Gqv-U8TJqw","google_primary_type":"grocery_store","google_primary_type_label":"Grocery Store","google_types":["grocery_store","food_store","store","point_of_interest","food","establishment"],"google_maps_uri":"https://maps.google.com/?cid=12404623457850976988&g_mp=Cidnb29nbGUubWFwcy5wbGFjZXMudjEuUGxhY2VzLlNlYXJjaFRleHQQAhgEIAA","google_icon_mask_base_uri":"https://maps.gstatic.com/mapfiles/place_api/icons/v2/shoppingcart_pinlet","google_icon_background_color":"#4B96F3","formatted_address":"Poblacion, Bontoc, 2616 Mountain Province, Philippines","business_status":"OPERATIONAL","rating":null,"user_rating_count":null,"barangay_slug":"poblacion","barangay_name":"Poblacion"},"geometry":{"type":"Point","coordinates":[120.9765695,17.087397199999998]}},{"type":"Feature","properties":{"name":"Kudkudong Trading extension 1","kind":"market","kind_label":"Market","source":"google_places","google_place_id":"ChIJWQ4xYgDTjzMRdPT3_vq-nic","google_primary_type":"general_store","google_primary_type_label":"General Store","google_types":["general_store","food_store","store","point_of_interest","food","establishment"],"google_maps_uri":"https://maps.google.com/?cid=2854929199028237428&g_mp=Cilnb29nbGUubWFwcy5wbGFjZXMudjEuUGxhY2VzLlNlYXJjaE5lYXJieRACGAQgAA","google_icon_mask_base_uri":"https://maps.gstatic.com/mapfiles/place_api/icons/v2/shopping_pinlet","google_icon_background_color":"#4B96F3","formatted_address":"3XQG+PHC, Khiyag, Bontoc, Mountain Province, Philippines","business_status":"OPERATIONAL","rating":null,"user_rating_count":null,"barangay_slug":"poblacion","barangay_name":"Poblacion"},"geometry":{"type":"Point","coordinates":[120.976389,17.0893056]}},{"type":"Feature","properties":{"name":"LABREW","kind":"market","kind_label":"Market","source":"google_places","google_place_id":"ChIJ-SaMGwDTjzMRFgZ_ZQxqmZo","google_primary_type":"coffee_shop","google_primary_type_label":"Coffee Shop","google_types":["coffee_shop","cafe","food_store","store","point_of_interest","food","establishment"],"google_maps_uri":"https://maps.google.com/?cid=11140051754752607766&g_mp=Cilnb29nbGUubWFwcy5wbGFjZXMudjEuUGxhY2VzLlNlYXJjaE5lYXJieRACGAQgAA","google_icon_mask_base_uri":"https://maps.gstatic.com/mapfiles/place_api/icons/v2/cafe_pinlet","google_icon_background_color":"#FF9E67","formatted_address":"3rd Floor, Challoy Bldg, Layad Street, Eyeb, Bontoc, 2616 Mountain Province, Philippines","business_status":"OPERATIONAL","rating":5,"user_rating_count":2,"barangay_slug":"poblacion","barangay_name":"Poblacion"},"geometry":{"type":"Point","coordinates":[120.9788299,17.0912307]}},{"type":"Feature","properties":{"name":"Latawan's Accessories & General Merchandise","kind":"market","kind_label":"Market","source":"google_places","google_place_id":"ChIJp4U6wCTSjzMRPifsHm4ocKk","google_primary_type":"general_store","google_primary_type_label":"General Store","google_types":["general_store","food_store","food","point_of_interest","store","establishment"],"google_maps_uri":"https://maps.google.com/?cid=12209303043231721278&g_mp=Cidnb29nbGUubWFwcy5wbGFjZXMudjEuUGxhY2VzLlNlYXJjaFRleHQQAhgEIAA","google_icon_mask_base_uri":"https://maps.gstatic.com/mapfiles/place_api/icons/v2/shopping_pinlet","google_icon_background_color":"#4B96F3","formatted_address":"3XRH+323, Mount Province - Tabuk - Enrile - Cagayan Rd, Bontoc, Mountain Province, Philippines","business_status":"OPERATIONAL","rating":5,"user_rating_count":1,"barangay_slug":"poblacion","barangay_name":"Poblacion"},"geometry":{"type":"Point","coordinates":[120.97754,17.090132]}},{"type":"Feature","properties":{"name":"MJ's FOOD TRADING","kind":"market","kind_label":"Market","source":"google_places","google_place_id":"ChIJwaXLeADTjzMRFXj7AxZw83c","google_primary_type":"food_store","google_primary_type_label":"Food Store","google_types":["food_store","store","point_of_interest","food","establishment"],"google_maps_uri":"https://maps.google.com/?cid=8643375349712517141&g_mp=Cilnb29nbGUubWFwcy5wbGFjZXMudjEuUGxhY2VzLlNlYXJjaE5lYXJieRACGAQgAA","google_icon_mask_base_uri":"https://maps.gstatic.com/mapfiles/place_api/icons/v2/shopping_pinlet","google_icon_background_color":"#4B96F3","formatted_address":"3XQG+HFX Poblacion (Bontoc, Bontoc, Mountain Province, Philippines","business_status":"OPERATIONAL","rating":null,"user_rating_count":null,"barangay_slug":"poblacion","barangay_name":"Poblacion"},"geometry":{"type":"Point","coordinates":[120.9762452,17.0889796]}},{"type":"Feature","properties":{"name":"RAHWET FOOD HUB","kind":"market","kind_label":"Market","source":"google_places","google_place_id":"ChIJv-1fUgDTjzMRTDnvrZN5vw0","google_primary_type":"coffee_shop","google_primary_type_label":"Coffee Shop","google_types":["coffee_shop","cafe","food_store","store","point_of_interest","food","establishment"],"google_maps_uri":"https://maps.google.com/?cid=990644118230088012&g_mp=Cilnb29nbGUubWFwcy5wbGFjZXMudjEuUGxhY2VzLlNlYXJjaE5lYXJieRACGAQgAA","google_icon_mask_base_uri":"https://maps.gstatic.com/mapfiles/place_api/icons/v2/cafe_pinlet","google_icon_background_color":"#FF9E67","formatted_address":"Poblacion Market, 319 Sangi, Bontoc, Mountain Province, Philippines","business_status":"OPERATIONAL","rating":null,"user_rating_count":null,"barangay_slug":"poblacion","barangay_name":"Poblacion"},"geometry":{"type":"Point","coordinates":[120.9765764,17.0898154]}},{"type":"Feature","properties":{"name":"ROSETTE Cafe","kind":"market","kind_label":"Market","source":"google_places","google_place_id":"ChIJYXvAUQDTjzMRvj2AdP2kEQg","google_primary_type":"coffee_shop","google_primary_type_label":"Coffee Shop","google_types":["coffee_shop","cafe","food_store","store","point_of_interest","food","establishment"],"google_maps_uri":"https://maps.google.com/?cid=581427235395747262&g_mp=Cilnb29nbGUubWFwcy5wbGFjZXMudjEuUGxhY2VzLlNlYXJjaE5lYXJieRACGAQgAA","google_icon_mask_base_uri":"https://maps.gstatic.com/mapfiles/place_api/icons/v2/cafe_pinlet","google_icon_background_color":"#FF9E67","formatted_address":"3XQG+RQ8, Bontoc, Mountain Province, Philippines","business_status":"OPERATIONAL","rating":5,"user_rating_count":1,"barangay_slug":"poblacion","barangay_name":"Poblacion"},"geometry":{"type":"Point","coordinates":[120.97693919999999,17.089535299999998]}},{"type":"Feature","properties":{"name":"Route 160 Consumer Goods Trading","kind":"market","kind_label":"Market","source":"google_places","google_place_id":"ChIJ6aKeCCbTjzMRMgqbbimu-4Y","google_primary_type":"general_store","google_primary_type_label":"General Store","google_types":["general_store","food_store","store","point_of_interest","food","establishment"],"google_maps_uri":"https://maps.google.com/?cid=9726559313209264690&g_mp=Cidnb29nbGUubWFwcy5wbGFjZXMudjEuUGxhY2VzLlNlYXJjaFRleHQQAhgEIAA","google_icon_mask_base_uri":"https://maps.gstatic.com/mapfiles/place_api/icons/v2/shopping_pinlet","google_icon_background_color":"#4B96F3","formatted_address":"3XQG+4PX, Kayyab, Poblacion, Bontoc, 2616 Mountain Province, Philippines","business_status":"OPERATIONAL","rating":null,"user_rating_count":null,"barangay_slug":"poblacion","barangay_name":"Poblacion"},"geometry":{"type":"Point","coordinates":[120.9768483,17.0878533]}},{"type":"Feature","properties":{"name":"Sayong Malunggay Pandesalan- Omfeg","kind":"market","kind_label":"Market","source":"google_places","google_place_id":"ChIJC3o0CgDTjzMRLFUEt5Vr07I","google_primary_type":"bakery","google_primary_type_label":"Bakery","google_types":["bakery","food_store","store","point_of_interest","food","establishment"],"google_maps_uri":"https://maps.google.com/?cid=12885761249601934636&g_mp=Cilnb29nbGUubWFwcy5wbGFjZXMudjEuUGxhY2VzLlNlYXJjaE5lYXJieRACGAQgAA","google_icon_mask_base_uri":"https://maps.gstatic.com/mapfiles/place_api/icons/v2/restaurant_pinlet","google_icon_background_color":"#FF9E67","formatted_address":"3XQG+Q96, Omfeg, Bontoc, Mountain Province, Philippines","business_status":"OPERATIONAL","rating":1,"user_rating_count":1,"barangay_slug":"poblacion","barangay_name":"Poblacion"},"geometry":{"type":"Point","coordinates":[120.97589250000001,17.0894216]}},{"type":"Feature","properties":{"name":"Sentro Minimart","kind":"market","kind_label":"Market","source":"google_places","google_place_id":"ChIJ09embADTjzMRRH2JJogQuaY","google_primary_type":"grocery_store","google_primary_type_label":"Grocery Store","google_types":["grocery_store","food_store","store","point_of_interest","food","establishment"],"google_maps_uri":"https://maps.google.com/?cid=12013651657935650116&g_mp=Cidnb29nbGUubWFwcy5wbGFjZXMudjEuUGxhY2VzLlNlYXJjaFRleHQQAhgEIAA","google_icon_mask_base_uri":"https://maps.gstatic.com/mapfiles/place_api/icons/v2/shoppingcart_pinlet","google_icon_background_color":"#4B96F3","formatted_address":"1st floor, Diawayan Building, Along Halsema Highway, Poblacion, Bontoc, Mountain Province, Philippines","business_status":"OPERATIONAL","rating":5,"user_rating_count":1,"barangay_slug":"poblacion","barangay_name":"Poblacion"},"geometry":{"type":"Point","coordinates":[120.97684600000001,17.087807899999998]}},{"type":"Feature","properties":{"name":"Theo's Food Corner","kind":"market","kind_label":"Market","source":"google_places","google_place_id":"ChIJkYqOeADTjzMRD9fQEd0o5Uo","google_primary_type":"coffee_shop","google_primary_type_label":"Coffee Shop","google_types":["coffee_shop","cafe","food_store","store","point_of_interest","food","establishment"],"google_maps_uri":"https://maps.google.com/?cid=5396764658425190159&g_mp=Cilnb29nbGUubWFwcy5wbGFjZXMudjEuUGxhY2VzLlNlYXJjaE5lYXJieRACGAQgAA","google_icon_mask_base_uri":"https://maps.gstatic.com/mapfiles/place_api/icons/v2/cafe_pinlet","google_icon_background_color":"#FF9E67","formatted_address":"3XQG+XHR, Bontoc, Mountain Province, Philippines","business_status":"OPERATIONAL","rating":null,"user_rating_count":null,"barangay_slug":"poblacion","barangay_name":"Poblacion"},"geometry":{"type":"Point","coordinates":[120.97637689999998,17.0899923]}},{"type":"Feature","properties":{"name":"All Saints Mission Incorporated School","kind":"school","kind_label":"School","source":"google_places","google_place_id":"ChIJbS3cGSXSjzMRxblq-1Ej7SE","google_primary_type":"primary_school","google_primary_type_label":"Elementary School","google_types":["primary_school","school","educational_institution","point_of_interest","establishment"],"google_maps_uri":"https://maps.google.com/?cid=2444649007749446085&g_mp=Cilnb29nbGUubWFwcy5wbGFjZXMudjEuUGxhY2VzLlNlYXJjaE5lYXJieRACGAQgAA","google_icon_mask_base_uri":"https://maps.gstatic.com/mapfiles/place_api/icons/v2/school_pinlet","google_icon_background_color":"#7B9EB0","formatted_address":"3XQH+879, Bontoc, Mountain Province, Philippines","business_status":"OPERATIONAL","rating":null,"user_rating_count":null,"barangay_slug":"poblacion","barangay_name":"Poblacion"},"geometry":{"type":"Point","coordinates":[120.97823779999999,17.0882803]}},{"type":"Feature","properties":{"name":"Bontoc Central School","kind":"school","kind_label":"School","source":"google_places","google_place_id":"ChIJh6AzvSTSjzMR6TzBS0Nc7x4","google_primary_type":"school","google_primary_type_label":"School","google_types":["school","educational_institution","point_of_interest","establishment"],"google_maps_uri":"https://maps.google.com/?cid=2229101784675204329&g_mp=Cilnb29nbGUubWFwcy5wbGFjZXMudjEuUGxhY2VzLlNlYXJjaE5lYXJieRACGAQgAA","google_icon_mask_base_uri":"https://maps.gstatic.com/mapfiles/place_api/icons/v2/school_pinlet","google_icon_background_color":"#7B9EB0","formatted_address":"3XRG+8WW, Bontoc, Mountain Province, Philippines","business_status":"OPERATIONAL","rating":null,"user_rating_count":null,"barangay_slug":"poblacion","barangay_name":"Poblacion"},"geometry":{"type":"Point","coordinates":[120.97734279999999,17.090855299999998]}},{"type":"Feature","properties":{"name":"Bontoc Special Education Center","kind":"school","kind_label":"School","source":"google_places","google_place_id":"ChIJgdZdmiTSjzMRG1ZUqxNbsaY","google_primary_type":"school","google_primary_type_label":"School","google_types":["school","educational_institution","point_of_interest","establishment"],"google_maps_uri":"https://maps.google.com/?cid=12011481821210760731&g_mp=Cidnb29nbGUubWFwcy5wbGFjZXMudjEuUGxhY2VzLlNlYXJjaFRleHQQAhgEIAA","google_icon_mask_base_uri":"https://maps.gstatic.com/mapfiles/place_api/icons/v2/school_pinlet","google_icon_background_color":"#7B9EB0","formatted_address":"3XRH+96R, Bontoc, Mountain Province, Philippines","business_status":"OPERATIONAL","rating":null,"user_rating_count":null,"barangay_slug":"poblacion","barangay_name":"Poblacion"},"geometry":{"type":"Point","coordinates":[120.9780066,17.090999]}},{"type":"Feature","properties":{"name":"Highland Evangelical Churches Alliance Learning Center","kind":"school","kind_label":"School","source":"google_places","google_place_id":"ChIJT0nTNiXSjzMRFQ8NBT0go3g","google_primary_type":"university","google_primary_type_label":"College","google_types":["university","educational_institution","point_of_interest","establishment"],"google_maps_uri":"https://maps.google.com/?cid=8692827152205025045&g_mp=Cidnb29nbGUubWFwcy5wbGFjZXMudjEuUGxhY2VzLlNlYXJjaFRleHQQAhgEIAA","google_icon_mask_base_uri":"https://maps.gstatic.com/mapfiles/place_api/icons/v2/school_pinlet","google_icon_background_color":"#7B9EB0","formatted_address":"0481 Halsema Highway, Poblacion, Bontoc, 2616 Mountain Province, Philippines","business_status":"OPERATIONAL","rating":null,"user_rating_count":null,"barangay_slug":"poblacion","barangay_name":"Poblacion"},"geometry":{"type":"Point","coordinates":[120.976671,17.088096]}},{"type":"Feature","properties":{"name":"Mountain Province General Comprehensive High School","kind":"school","kind_label":"School","source":"google_places","google_place_id":"ChIJlQXX9iTSjzMRX-qjQPI2uOg","google_primary_type":"school","google_primary_type_label":"School","google_types":["school","educational_institution","point_of_interest","establishment"],"google_maps_uri":"https://maps.google.com/?cid=16769213626608511583&g_mp=Cidnb29nbGUubWFwcy5wbGFjZXMudjEuUGxhY2VzLlNlYXJjaFRleHQQAhgEIAA","google_icon_mask_base_uri":"https://maps.gstatic.com/mapfiles/place_api/icons/v2/school_pinlet","google_icon_background_color":"#7B9EB0","formatted_address":"3XQH+HF3, Bontoc, Mountain Province, Philippines","business_status":"OPERATIONAL","rating":null,"user_rating_count":null,"barangay_slug":"poblacion","barangay_name":"Poblacion"},"geometry":{"type":"Point","coordinates":[120.97867699999999,17.0888946]}},{"type":"Feature","properties":{"name":"Mountain Province State Polytechnic College","kind":"school","kind_label":"School","source":"google_places","google_place_id":"ChIJN33vVRXSjzMRW5j8X9t3iss","google_primary_type":"university","google_primary_type_label":"College","google_types":["university","educational_institution","point_of_interest","establishment"],"google_maps_uri":"https://maps.google.com/?cid=14666666920577374299&g_mp=Cilnb29nbGUubWFwcy5wbGFjZXMudjEuUGxhY2VzLlNlYXJjaE5lYXJieRACGAQgAA","google_icon_mask_base_uri":"https://maps.gstatic.com/mapfiles/place_api/icons/v2/school_pinlet","google_icon_background_color":"#7B9EB0","formatted_address":"3XRH+J4Q, Tabuk Road, Bontoc, Mountain Province, Philippines","business_status":"OPERATIONAL","rating":3.9,"user_rating_count":61,"barangay_slug":"poblacion","barangay_name":"Poblacion"},"geometry":{"type":"Point","coordinates":[120.97786289999998,17.091596499999998]}},{"type":"Feature","properties":{"name":"Northland Technical Institute, Inc.","kind":"school","kind_label":"School","source":"google_places","google_place_id":"ChIJTQmG7LPTjzMRmFGL2yEKjqM","google_primary_type":"school","google_primary_type_label":"School","google_types":["school","educational_institution","point_of_interest","establishment"],"google_maps_uri":"https://maps.google.com/?cid=11785368415408705944&g_mp=Cidnb29nbGUubWFwcy5wbGFjZXMudjEuUGxhY2VzLlNlYXJjaFRleHQQAhgEIAA","google_icon_mask_base_uri":"https://maps.gstatic.com/mapfiles/place_api/icons/v2/school_pinlet","google_icon_background_color":"#7B9EB0","formatted_address":"Eyeb, Poblacion, Bontoc, 2616 Mountain Province, Philippines","business_status":"OPERATIONAL","rating":null,"user_rating_count":null,"barangay_slug":"poblacion","barangay_name":"Poblacion"},"geometry":{"type":"Point","coordinates":[120.9792626,17.0888328]}},{"type":"Feature","properties":{"name":"Rajab Learning Academy Incorporated","kind":"school","kind_label":"School","source":"google_places","google_place_id":"ChIJFeUDQjvSjzMR8V7-cYL7Lq0","google_primary_type":"university","google_primary_type_label":"College","google_types":["university","educational_institution","point_of_interest","establishment"],"google_maps_uri":"https://maps.google.com/?cid=12479188155167039217&g_mp=Cilnb29nbGUubWFwcy5wbGFjZXMudjEuUGxhY2VzLlNlYXJjaE5lYXJieRACGAQgAA","google_icon_mask_base_uri":"https://maps.gstatic.com/mapfiles/place_api/icons/v2/school_pinlet","google_icon_background_color":"#7B9EB0","formatted_address":"130B Guinaang Rd, Bontoc, 2616 Mountain Province, Philippines","business_status":"CLOSED_TEMPORARILY","rating":null,"user_rating_count":null,"barangay_slug":"poblacion","barangay_name":"Poblacion"},"geometry":{"type":"Point","coordinates":[120.9747506,17.0910701]}},{"type":"Feature","properties":{"name":"Saint Vincent's School","kind":"school","kind_label":"School","source":"google_places","google_place_id":"ChIJmbDypSTSjzMRfpelg25EhG0","google_primary_type":"university","google_primary_type_label":"College","google_types":["university","educational_institution","point_of_interest","establishment"],"google_maps_uri":"https://maps.google.com/?cid=7891507688505710462&g_mp=Cidnb29nbGUubWFwcy5wbGFjZXMudjEuUGxhY2VzLlNlYXJjaFRleHQQAhgEIAA","google_icon_mask_base_uri":"https://maps.gstatic.com/mapfiles/place_api/icons/v2/school_pinlet","google_icon_background_color":"#7B9EB0","formatted_address":"12 Capitol Rd, Bontoc, 2616 Mountain Province, Philippines","business_status":"OPERATIONAL","rating":4.3,"user_rating_count":4,"barangay_slug":"poblacion","barangay_name":"Poblacion"},"geometry":{"type":"Point","coordinates":[120.97691800000001,17.091265]}},{"type":"Feature","properties":{"name":"St. Vincent Elementary School","kind":"school","kind_label":"School","source":"google_places","google_place_id":"ChIJkRoTMDvSjzMRo68mylG8Ii0","google_primary_type":"primary_school","google_primary_type_label":"Elementary School","google_types":["primary_school","school","educational_institution","point_of_interest","establishment"],"google_maps_uri":"https://maps.google.com/?cid=3252368940384825251&g_mp=Cilnb29nbGUubWFwcy5wbGFjZXMudjEuUGxhY2VzLlNlYXJjaE5lYXJieRACGAQgAA","google_icon_mask_base_uri":"https://maps.gstatic.com/mapfiles/place_api/icons/v2/school_pinlet","google_icon_background_color":"#7B9EB0","formatted_address":"3XRG+257, Omfeg, Bontoc, Mountain Province, Philippines","business_status":"OPERATIONAL","rating":null,"user_rating_count":null,"barangay_slug":"poblacion","barangay_name":"Poblacion"},"geometry":{"type":"Point","coordinates":[120.9754279,17.090035099999998]}},{"type":"Feature","properties":{"name":"Bogbogan Homestay","kind":"tourism","kind_label":"Tourism","source":"google_places","google_place_id":"ChIJB0mvT9TTjzMR15YOguYw0_o","google_primary_type":"private_guest_room","google_primary_type_label":"Homestay","google_types":["private_guest_room","lodging","point_of_interest","establishment"],"google_maps_uri":"https://maps.google.com/?cid=18073843496150537943&g_mp=Cilnb29nbGUubWFwcy5wbGFjZXMudjEuUGxhY2VzLlNlYXJjaE5lYXJieRACGAQgAA","google_icon_mask_base_uri":"https://maps.gstatic.com/mapfiles/place_api/icons/v2/hotel_pinlet","google_icon_background_color":"#909CE1","formatted_address":"Bogbogan, Bontoc, 2616 Mountain Province, Philippines","business_status":"OPERATIONAL","rating":4.1,"user_rating_count":11,"barangay_slug":"poblacion","barangay_name":"Poblacion"},"geometry":{"type":"Point","coordinates":[120.97505629999999,17.0905624]}},{"type":"Feature","properties":{"name":"Bonsaga Homestay & General Merchandise","kind":"tourism","kind_label":"Tourism","source":"google_places","google_place_id":"ChIJ12gBRTvSjzMRMST3gx36tYM","google_primary_type":"hotel","google_primary_type_label":"Hotel","google_types":["hotel","lodging","point_of_interest","establishment"],"google_maps_uri":"https://maps.google.com/?cid=9490766794428195889&g_mp=Cilnb29nbGUubWFwcy5wbGFjZXMudjEuUGxhY2VzLlNlYXJjaE5lYXJieRACGAQgAA","google_icon_mask_base_uri":"https://maps.gstatic.com/mapfiles/place_api/icons/v2/hotel_pinlet","google_icon_background_color":"#909CE1","formatted_address":"Bontoc, Mountain Province, Philippines","business_status":"OPERATIONAL","rating":5,"user_rating_count":2,"barangay_slug":"poblacion","barangay_name":"Poblacion"},"geometry":{"type":"Point","coordinates":[120.9752791,17.0911451]}},{"type":"Feature","properties":{"name":"Bontoc Bed & Bistro","kind":"tourism","kind_label":"Tourism","source":"google_places","google_place_id":"ChIJwUruQnzTjzMRY6LHQijnsZE","google_primary_type":"lodging","google_primary_type_label":"Lodging","google_types":["lodging","point_of_interest","establishment"],"google_maps_uri":"https://maps.google.com/?cid=10498426366482424419&g_mp=Cilnb29nbGUubWFwcy5wbGFjZXMudjEuUGxhY2VzLlNlYXJjaE5lYXJieRACGAQgAA","google_icon_mask_base_uri":"https://maps.gstatic.com/mapfiles/place_api/icons/v2/hotel_pinlet","google_icon_background_color":"#909CE1","formatted_address":"3rd floor, aglipay building, Bontoc, Mountain Province, Philippines","business_status":"OPERATIONAL","rating":4.3,"user_rating_count":27,"barangay_slug":"poblacion","barangay_name":"Poblacion"},"geometry":{"type":"Point","coordinates":[120.9770606,17.0891427]}},{"type":"Feature","properties":{"name":"Bontoc Fitness Center","kind":"tourism","kind_label":"Tourism","source":"google_places","google_place_id":"ChIJrVsqCADTjzMRbUlv5hA8a0s","google_primary_type":"gym","google_primary_type_label":"Gym","google_types":["gym","sports_activity_location","point_of_interest","health","establishment"],"google_maps_uri":"https://maps.google.com/?cid=5434503418635831661&g_mp=Cilnb29nbGUubWFwcy5wbGFjZXMudjEuUGxhY2VzLlNlYXJjaE5lYXJieRACGAQgAA","google_icon_mask_base_uri":"https://maps.gstatic.com/mapfiles/place_api/icons/v2/generic_pinlet","google_icon_background_color":"#7B9EB0","formatted_address":"Fanusan Bldg, Omfeg, Bontoc, Mountain Province, Philippines","business_status":"OPERATIONAL","rating":5,"user_rating_count":4,"barangay_slug":"poblacion","barangay_name":"Poblacion"},"geometry":{"type":"Point","coordinates":[120.9762613,17.088987600000003]}},{"type":"Feature","properties":{"name":"Bontoc Hotel","kind":"tourism","kind_label":"Tourism","source":"google_places","google_place_id":"ChIJcWekVyXSjzMRjvl-egK9MYk","google_primary_type":"hotel","google_primary_type_label":"Hotel","google_types":["hotel","lodging","point_of_interest","establishment"],"google_maps_uri":"https://maps.google.com/?cid=9885890475397675406&g_mp=Cilnb29nbGUubWFwcy5wbGFjZXMudjEuUGxhY2VzLlNlYXJjaE5lYXJieRACGAQgAA","google_icon_mask_base_uri":"https://maps.gstatic.com/mapfiles/place_api/icons/v2/hotel_pinlet","google_icon_background_color":"#909CE1","formatted_address":"3XPG+JMX, Bontoc, Mountain Province, Philippines","business_status":"OPERATIONAL","rating":3.4,"user_rating_count":24,"barangay_slug":"poblacion","barangay_name":"Poblacion"},"geometry":{"type":"Point","coordinates":[120.9767421,17.086606]}},{"type":"Feature","properties":{"name":"Bontoc Open Gym","kind":"tourism","kind_label":"Tourism","source":"google_places","google_place_id":"ChIJW5n7tiTSjzMR1lyq_SuoUkM","google_primary_type":"athletic_field","google_primary_type_label":"Athletic Field","google_types":["athletic_field","sports_activity_location","point_of_interest","establishment"],"google_maps_uri":"https://maps.google.com/?cid=4851124655524306134&g_mp=Cilnb29nbGUubWFwcy5wbGFjZXMudjEuUGxhY2VzLlNlYXJjaE5lYXJieRACGAQgAA","google_icon_mask_base_uri":"https://maps.gstatic.com/mapfiles/place_api/icons/v2/generic_pinlet","google_icon_background_color":"#7B9EB0","formatted_address":"3XRG+6MM, Bontoc, Mountain Province, Philippines","business_status":"OPERATIONAL","rating":5,"user_rating_count":1,"barangay_slug":"poblacion","barangay_name":"Poblacion"},"geometry":{"type":"Point","coordinates":[120.976671,17.0905935]}},{"type":"Feature","properties":{"name":"Bontoc Plaza","kind":"tourism","kind_label":"Tourism","source":"google_places","google_place_id":"ChIJBUHUySTSjzMROxnQ8zLgTl8","google_primary_type":"park","google_primary_type_label":"Park","google_types":["park","point_of_interest","establishment"],"google_maps_uri":"https://maps.google.com/?cid=6867672991230073147&g_mp=Cilnb29nbGUubWFwcy5wbGFjZXMudjEuUGxhY2VzLlNlYXJjaE5lYXJieRACGAQgAA","google_icon_mask_base_uri":"https://maps.gstatic.com/mapfiles/place_api/icons/v2/tree_pinlet","google_icon_background_color":"#4DB546","formatted_address":"3XRG+5M3, Bontoc, Mountain Province, Philippines","business_status":"OPERATIONAL","rating":4.4,"user_rating_count":94,"barangay_slug":"poblacion","barangay_name":"Poblacion"},"geometry":{"type":"Point","coordinates":[120.9766817,17.0903833]}},{"type":"Feature","properties":{"name":"Bontoc Province","kind":"tourism","kind_label":"Tourism","source":"google_places","google_place_id":"ChIJB4PcdgDTjzMRKR1YDmui7TM","google_primary_type":"private_guest_room","google_primary_type_label":"Homestay","google_types":["private_guest_room","lodging","point_of_interest","establishment"],"google_maps_uri":"https://maps.google.com/?cid=3741825446100606249&g_mp=Cilnb29nbGUubWFwcy5wbGFjZXMudjEuUGxhY2VzLlNlYXJjaE5lYXJieRACGAQgAA","google_icon_mask_base_uri":"https://maps.gstatic.com/mapfiles/place_api/icons/v2/hotel_pinlet","google_icon_background_color":"#909CE1","formatted_address":"3XQH+W2R, Nueva Vizcaya - Ifugao - Mountain Province Rd, Bontoc, Mountain Province, Philippines","business_status":"OPERATIONAL","rating":null,"user_rating_count":null,"barangay_slug":"poblacion","barangay_name":"Poblacion"},"geometry":{"type":"Point","coordinates":[120.977503,17.0898641]}},{"type":"Feature","properties":{"name":"Churya-a Hotel","kind":"tourism","kind_label":"Tourism","source":"google_places","google_place_id":"ChIJt76KMCXSjzMRFMvSU63gem4","google_primary_type":"hotel","google_primary_type_label":"Hotel","google_types":["hotel","lodging","point_of_interest","establishment"],"google_maps_uri":"https://maps.google.com/?cid=7960922326371060500&g_mp=Cilnb29nbGUubWFwcy5wbGFjZXMudjEuUGxhY2VzLlNlYXJjaE5lYXJieRACGAQgAA","google_icon_mask_base_uri":"https://maps.gstatic.com/mapfiles/place_api/icons/v2/hotel_pinlet","google_icon_background_color":"#909CE1","formatted_address":"3XQG+6M3, Halsema Highway, Bontoc, Mountain Province, Philippines","business_status":"OPERATIONAL","rating":3.6,"user_rating_count":39,"barangay_slug":"poblacion","barangay_name":"Poblacion"},"geometry":{"type":"Point","coordinates":[120.97666459999998,17.0880191]}},{"type":"Feature","properties":{"name":"Eyeb bontoc mountain province","kind":"tourism","kind_label":"Tourism","source":"google_places","google_place_id":"ChIJt7yNcADTjzMRKHurJZs4MRo","google_primary_type":"lodging","google_primary_type_label":"Lodging","google_types":["lodging","service","point_of_interest","establishment"],"google_maps_uri":"https://maps.google.com/?cid=1887351957848029992&g_mp=Cilnb29nbGUubWFwcy5wbGFjZXMudjEuUGxhY2VzLlNlYXJjaE5lYXJieRACGAQgAA","google_icon_mask_base_uri":"https://maps.gstatic.com/mapfiles/place_api/icons/v2/hotel_pinlet","google_icon_background_color":"#909CE1","formatted_address":"3XRH+2JC, Eyeb, Bontoc, Mountain Province, Philippines","business_status":"OPERATIONAL","rating":null,"user_rating_count":null,"barangay_slug":"poblacion","barangay_name":"Poblacion"},"geometry":{"type":"Point","coordinates":[120.97902780000001,17.0900687]}},{"type":"Feature","properties":{"name":"Eyeb Open Gym","kind":"tourism","kind_label":"Tourism","source":"google_places","google_place_id":"ChIJSe6igyTSjzMRtUA1hjWTjP0","google_primary_type":null,"google_primary_type_label":null,"google_types":["athletic_field","sports_activity_location","point_of_interest","establishment"],"google_maps_uri":"https://maps.google.com/?cid=18270139646429446325&g_mp=Cilnb29nbGUubWFwcy5wbGFjZXMudjEuUGxhY2VzLlNlYXJjaE5lYXJieRACGAQgAA","google_icon_mask_base_uri":"https://maps.gstatic.com/mapfiles/place_api/icons/v2/generic_pinlet","google_icon_background_color":"#7B9EB0","formatted_address":"3XRH+FC6, Mount Province - Tabuk - Enrile - Cagayan Rd, Bontoc, Mountain Province, Philippines","business_status":"OPERATIONAL","rating":4.2,"user_rating_count":5,"barangay_slug":"poblacion","barangay_name":"Poblacion"},"geometry":{"type":"Point","coordinates":[120.97852710000001,17.0911626]}},{"type":"Feature","properties":{"name":"Fesway Building","kind":"tourism","kind_label":"Tourism","source":"google_places","google_place_id":"ChIJIYaggCTSjzMRzESNqMe0mYU","google_primary_type":"hotel","google_primary_type_label":"Hotel","google_types":["hotel","lodging","point_of_interest","establishment"],"google_maps_uri":"https://maps.google.com/?cid=9626924448100467916&g_mp=Cilnb29nbGUubWFwcy5wbGFjZXMudjEuUGxhY2VzLlNlYXJjaE5lYXJieRACGAQgAA","google_icon_mask_base_uri":"https://maps.gstatic.com/mapfiles/place_api/icons/v2/hotel_pinlet","google_icon_background_color":"#909CE1","formatted_address":"3XRH+CJR, Mainit Road, Guinaang, Bontoc, Mountain Province, Philippines","business_status":"OPERATIONAL","rating":4,"user_rating_count":8,"barangay_slug":"poblacion","barangay_name":"Poblacion"},"geometry":{"type":"Point","coordinates":[120.9790236,17.091119799999998]}},{"type":"Feature","properties":{"name":"Law-ed Building","kind":"tourism","kind_label":"Tourism","source":"google_places","google_place_id":"ChIJ2UjzWwDTjzMR3H7ObJG5bBc","google_primary_type":"gym","google_primary_type_label":"Gym","google_types":["gym","sports_activity_location","point_of_interest","health","establishment"],"google_maps_uri":"https://maps.google.com/?cid=1687927994603962076&g_mp=Cilnb29nbGUubWFwcy5wbGFjZXMudjEuUGxhY2VzLlNlYXJjaE5lYXJieRACGAQgAA","google_icon_mask_base_uri":"https://maps.gstatic.com/mapfiles/place_api/icons/v2/generic_pinlet","google_icon_background_color":"#7B9EB0","formatted_address":"4th floor, Law-ed Building, Poblacion, Bontoc, Mountain Province, Philippines","business_status":"OPERATIONAL","rating":null,"user_rating_count":null,"barangay_slug":"poblacion","barangay_name":"Poblacion"},"geometry":{"type":"Point","coordinates":[120.9775701,17.0902197]}},{"type":"Feature","properties":{"name":"MPGCHS Athletic Field","kind":"tourism","kind_label":"Tourism","source":"google_places","google_place_id":"ChIJVVVVjCTSjzMRRiQXfFC334Q","google_primary_type":"athletic_field","google_primary_type_label":"Athletic Field","google_types":["athletic_field","sports_activity_location","point_of_interest","establishment"],"google_maps_uri":"https://maps.google.com/?cid=9574572889120121926&g_mp=Cilnb29nbGUubWFwcy5wbGFjZXMudjEuUGxhY2VzLlNlYXJjaE5lYXJieRACGAQgAA","google_icon_mask_base_uri":"https://maps.gstatic.com/mapfiles/place_api/icons/v2/generic_pinlet","google_icon_background_color":"#7B9EB0","formatted_address":"3XRH+495, Bontoc-Tabuk Rd, Bontoc, Mountain Province, Philippines","business_status":"OPERATIONAL","rating":1,"user_rating_count":1,"barangay_slug":"poblacion","barangay_name":"Poblacion"},"geometry":{"type":"Point","coordinates":[120.97849029999999,17.0902574]}},{"type":"Feature","properties":{"name":"PH QUEST CORDILLERA","kind":"tourism","kind_label":"Tourism","source":"google_places","google_place_id":"ChIJX57yLgDTjzMROIzURbWIhrM","google_primary_type":"tourist_attraction","google_primary_type_label":"Tourist Attraction","google_types":["tourist_attraction","point_of_interest","establishment"],"google_maps_uri":"https://maps.google.com/?cid=12936177291810343992&g_mp=Cilnb29nbGUubWFwcy5wbGFjZXMudjEuUGxhY2VzLlNlYXJjaE5lYXJieRACGAQgAA","google_icon_mask_base_uri":"https://maps.gstatic.com/mapfiles/place_api/icons/v2/generic_pinlet","google_icon_background_color":"#13B5C7","formatted_address":"3XRG+7CG, Capitol Rd, Bontoc, Mountain Province, Philippines","business_status":"OPERATIONAL","rating":null,"user_rating_count":null,"barangay_slug":"poblacion","barangay_name":"Poblacion"},"geometry":{"type":"Point","coordinates":[120.9760695,17.0906944]}},{"type":"Feature","properties":{"name":"Sonnorah's Inn Cafe & Restaurant","kind":"tourism","kind_label":"Tourism","source":"google_places","google_place_id":"ChIJPyHl5yTSjzMRmPc4gLCHx8c","google_primary_type":"hotel","google_primary_type_label":"Hotel","google_types":["hotel","lodging","point_of_interest","establishment"],"google_maps_uri":"https://maps.google.com/?cid=14395623926048290712&g_mp=Cilnb29nbGUubWFwcy5wbGFjZXMudjEuUGxhY2VzLlNlYXJjaE5lYXJieRACGAQgAA","google_icon_mask_base_uri":"https://maps.gstatic.com/mapfiles/place_api/icons/v2/hotel_pinlet","google_icon_background_color":"#909CE1","formatted_address":"3XQH+R27, Nueva Vizcaya - Ifugao - Mountain Province Rd, Bontoc, Mountain Province, Philippines","business_status":"OPERATIONAL","rating":2.6,"user_rating_count":12,"barangay_slug":"poblacion","barangay_name":"Poblacion"},"geometry":{"type":"Point","coordinates":[120.9775517,17.089537999999997]}},{"type":"Feature","properties":{"name":"The Bontoc Museum","kind":"tourism","kind_label":"Tourism","source":"google_places","google_place_id":"ChIJT6yUMTvSjzMR2PJxTZ1a9co","google_primary_type":"museum","google_primary_type_label":"Museum","google_types":["museum","tourist_attraction","point_of_interest","establishment"],"google_maps_uri":"https://maps.google.com/?cid=14624694996611232472&g_mp=Cilnb29nbGUubWFwcy5wbGFjZXMudjEuUGxhY2VzLlNlYXJjaE5lYXJieRACGAQgAA","google_icon_mask_base_uri":"https://maps.gstatic.com/mapfiles/place_api/icons/v2/museum_pinlet","google_icon_background_color":"#13B5C7","formatted_address":"3XQG+X64, Guinaang Rd, Omfeg, Bontoc, Mountain Province, Philippines","business_status":"OPERATIONAL","rating":4.5,"user_rating_count":153,"barangay_slug":"poblacion","barangay_name":"Poblacion"},"geometry":{"type":"Point","coordinates":[120.97559369999999,17.089875799999998]}},{"type":"Feature","properties":{"name":"Walter Clapp Centrum Hotel","kind":"tourism","kind_label":"Tourism","source":"google_places","google_place_id":"ChIJEeOqqyTSjzMR4xufmpJ0kaI","google_primary_type":"inn","google_primary_type_label":"Inn","google_types":["inn","hotel","lodging","point_of_interest","establishment"],"google_maps_uri":"https://maps.google.com/?cid=11714272278775536611&g_mp=Cilnb29nbGUubWFwcy5wbGFjZXMudjEuUGxhY2VzLlNlYXJjaE5lYXJieRACGAQgAA","google_icon_mask_base_uri":"https://maps.gstatic.com/mapfiles/place_api/icons/v2/hotel_pinlet","google_icon_background_color":"#909CE1","formatted_address":"3XQG+6X4, Halsema Highway, Bontoc, 2616 Mountain Province, Philippines","business_status":"OPERATIONAL","rating":3.1,"user_rating_count":16,"barangay_slug":"poblacion","barangay_name":"Poblacion"},"geometry":{"type":"Point","coordinates":[120.9774585,17.0880021]}},{"type":"Feature","properties":{"name":"Abatan Bauko Van Terminal Bus Stop","kind":"transport","kind_label":"Transport","source":"google_places","google_place_id":"ChIJM9kR6STSjzMRGZt3trrz7lU","google_primary_type":"bus_station","google_primary_type_label":"Bus Station","google_types":["bus_station","transit_station","transportation_service","point_of_interest","establishment"],"google_maps_uri":"https://maps.google.com/?cid=6192154520931769113&g_mp=Cilnb29nbGUubWFwcy5wbGFjZXMudjEuUGxhY2VzLlNlYXJjaE5lYXJieRACGAQgAA","google_icon_mask_base_uri":"https://maps.gstatic.com/mapfiles/place_api/icons/v2/bus_share_taxi_pinlet","google_icon_background_color":"#10BDFF","formatted_address":"Nueva Vizcaya - Ifugao - Mountain Province Rd, Poblacion (Bontoc), Bontoc, Mountain Province, Philippines","business_status":"OPERATIONAL","rating":null,"user_rating_count":null,"barangay_slug":"poblacion","barangay_name":"Poblacion"},"geometry":{"type":"Point","coordinates":[120.97754540000001,17.0898347]}},{"type":"Feature","properties":{"name":"Banaue Jeepney Terminal","kind":"transport","kind_label":"Transport","source":"google_places","google_place_id":"ChIJc6kY_C_SjzMRK0DHjU5r02A","google_primary_type":"bus_station","google_primary_type_label":"Bus Station","google_types":["bus_station","transit_station","transportation_service","point_of_interest","establishment"],"google_maps_uri":"https://maps.google.com/?cid=6977038232857296939&g_mp=Cilnb29nbGUubWFwcy5wbGFjZXMudjEuUGxhY2VzLlNlYXJjaE5lYXJieRACGAQgAA","google_icon_mask_base_uri":"https://maps.gstatic.com/mapfiles/place_api/icons/v2/bus_share_taxi_pinlet","google_icon_background_color":"#10BDFF","formatted_address":"Halsema Highway, Bontoc, Mountain Province, Philippines","business_status":"OPERATIONAL","rating":3,"user_rating_count":1,"barangay_slug":"poblacion","barangay_name":"Poblacion"},"geometry":{"type":"Point","coordinates":[120.97642959999999,17.0861427]}},{"type":"Feature","properties":{"name":"Eastern Gas Station","kind":"transport","kind_label":"Transport","source":"google_places","google_place_id":"ChIJUcijw-_TjzMRiw0txieVBxA","google_primary_type":"gas_station","google_primary_type_label":"Gas Station","google_types":["gas_station","point_of_interest","service","establishment"],"google_maps_uri":"https://maps.google.com/?cid=1155055827504926091&g_mp=Cilnb29nbGUubWFwcy5wbGFjZXMudjEuUGxhY2VzLlNlYXJjaE5lYXJieRACGAQgAA","google_icon_mask_base_uri":"https://maps.gstatic.com/mapfiles/place_api/icons/v2/gas_pinlet","google_icon_background_color":"#909CE1","formatted_address":"3XQG+9R4, Bontoc, Mountain Province, Philippines","business_status":"OPERATIONAL","rating":5,"user_rating_count":1,"barangay_slug":"poblacion","barangay_name":"Poblacion"},"geometry":{"type":"Point","coordinates":[120.9770627,17.0883985]}},{"type":"Feature","properties":{"name":"Lizardo GL Bus Station","kind":"transport","kind_label":"Transport","source":"google_places","google_place_id":"ChIJnWuIxiTSjzMRbedKZnKRFX8","google_primary_type":"bus_station","google_primary_type_label":"Bus Station","google_types":["bus_station","transit_station","transportation_service","point_of_interest","establishment"],"google_maps_uri":"https://maps.google.com/?cid=9157385337856255853&g_mp=Cilnb29nbGUubWFwcy5wbGFjZXMudjEuUGxhY2VzLlNlYXJjaE5lYXJieRACGAQgAA","google_icon_mask_base_uri":"https://maps.gstatic.com/mapfiles/place_api/icons/v2/bus_share_taxi_pinlet","google_icon_background_color":"#10BDFF","formatted_address":"Nueva Vizcaya - Ifugao - Mountain Province Rd, Bontoc, Mountain Province, Philippines","business_status":"OPERATIONAL","rating":4,"user_rating_count":2,"barangay_slug":"poblacion","barangay_name":"Poblacion"},"geometry":{"type":"Point","coordinates":[120.97706260000001,17.09005]}},{"type":"Feature","properties":{"name":"Mainit/Guinaang Jeepney Terminal","kind":"transport","kind_label":"Transport","source":"google_places","google_place_id":"ChIJNbuCLCXSjzMRDwxL8ATCeT8","google_primary_type":"bus_station","google_primary_type_label":"Bus Station","google_types":["bus_station","transit_station","transportation_service","point_of_interest","establishment"],"google_maps_uri":"https://maps.google.com/?cid=4573900223038557199&g_mp=Cilnb29nbGUubWFwcy5wbGFjZXMudjEuUGxhY2VzLlNlYXJjaE5lYXJieRACGAQgAA","google_icon_mask_base_uri":"https://maps.gstatic.com/mapfiles/place_api/icons/v2/bus_share_taxi_pinlet","google_icon_background_color":"#10BDFF","formatted_address":"Poblacion (Bontoc), Bontoc, Mountain Province, Philippines","business_status":"OPERATIONAL","rating":null,"user_rating_count":null,"barangay_slug":"poblacion","barangay_name":"Poblacion"},"geometry":{"type":"Point","coordinates":[120.97635179999999,17.0892411]}},{"type":"Feature","properties":{"name":"Maligcong Jeepney Station","kind":"transport","kind_label":"Transport","source":"google_places","google_place_id":"ChIJXa_7KiXSjzMRJ0brsnHAWUs","google_primary_type":"bus_station","google_primary_type_label":"Bus Station","google_types":["bus_station","transit_station","transportation_service","point_of_interest","establishment"],"google_maps_uri":"https://maps.google.com/?cid=5429582420337444391&g_mp=Cilnb29nbGUubWFwcy5wbGFjZXMudjEuUGxhY2VzLlNlYXJjaE5lYXJieRACGAQgAA","google_icon_mask_base_uri":"https://maps.gstatic.com/mapfiles/place_api/icons/v2/bus_share_taxi_pinlet","google_icon_background_color":"#10BDFF","formatted_address":"Poblacion (Bontoc), Bontoc, Mountain Province, Philippines","business_status":"OPERATIONAL","rating":4,"user_rating_count":1,"barangay_slug":"poblacion","barangay_name":"Poblacion"},"geometry":{"type":"Point","coordinates":[120.9762637,17.089042799999998]}},{"type":"Feature","properties":{"name":"Pm Fuels","kind":"transport","kind_label":"Transport","source":"google_places","google_place_id":"ChIJd34Y2STSjzMRyXr6mDjMz2k","google_primary_type":"gas_station","google_primary_type_label":"Gas Station","google_types":["gas_station","service","point_of_interest","establishment"],"google_maps_uri":"https://maps.google.com/?cid=7624537237618326217&g_mp=Cilnb29nbGUubWFwcy5wbGFjZXMudjEuUGxhY2VzLlNlYXJjaE5lYXJieRACGAQgAA","google_icon_mask_base_uri":"https://maps.gstatic.com/mapfiles/place_api/icons/v2/gas_pinlet","google_icon_background_color":"#909CE1","formatted_address":"Bontoc, Mountain Province, Philippines","business_status":"OPERATIONAL","rating":null,"user_rating_count":null,"barangay_slug":"poblacion","barangay_name":"Poblacion"},"geometry":{"type":"Point","coordinates":[120.9771445,17.089199999999998]}},{"type":"Feature","properties":{"name":"Sadanga Jeepney Terminal","kind":"transport","kind_label":"Transport","source":"google_places","google_place_id":"ChIJg0jqeiPSjzMR2DDgeUB3yR8","google_primary_type":"bus_station","google_primary_type_label":"Bus Station","google_types":["bus_station","transit_station","transportation_service","point_of_interest","establishment"],"google_maps_uri":"https://maps.google.com/?cid=2290493004300955864&g_mp=Cilnb29nbGUubWFwcy5wbGFjZXMudjEuUGxhY2VzLlNlYXJjaE5lYXJieRACGAQgAA","google_icon_mask_base_uri":"https://maps.gstatic.com/mapfiles/place_api/icons/v2/bus_share_taxi_pinlet","google_icon_background_color":"#10BDFF","formatted_address":"Bontoc-Tabuk Road, Bontoc, Mountain Province, Philippines","business_status":"OPERATIONAL","rating":4.5,"user_rating_count":2,"barangay_slug":"poblacion","barangay_name":"Poblacion"},"geometry":{"type":"Point","coordinates":[120.9784091,17.0919831]}},{"type":"Feature","properties":{"name":"Shell","kind":"transport","kind_label":"Transport","source":"google_places","google_place_id":"ChIJn__AJSXSjzMRyC3eoAeaKT8","google_primary_type":"gas_station","google_primary_type_label":"Gas Station","google_types":["gas_station","service","point_of_interest","establishment"],"google_maps_uri":"https://maps.google.com/?cid=4551338255988960712&g_mp=Cilnb29nbGUubWFwcy5wbGFjZXMudjEuUGxhY2VzLlNlYXJjaE5lYXJieRACGAQgAA","google_icon_mask_base_uri":"https://maps.gstatic.com/mapfiles/place_api/icons/v2/gas_pinlet","google_icon_background_color":"#909CE1","formatted_address":"3XQG+CRP, Halsema Highway, Bontoc, Mountain Province, Philippines","business_status":"OPERATIONAL","rating":2.8,"user_rating_count":4,"barangay_slug":"poblacion","barangay_name":"Poblacion"},"geometry":{"type":"Point","coordinates":[120.97707289999998,17.088582]}},{"type":"Feature","properties":{"name":"Tocucan Jeepney Station","kind":"transport","kind_label":"Transport","source":"google_places","google_place_id":"ChIJO2AyviTSjzMRcZ6G46FryK8","google_primary_type":"bus_station","google_primary_type_label":"Bus Station","google_types":["bus_station","transit_station","transportation_service","point_of_interest","establishment"],"google_maps_uri":"https://maps.google.com/?cid=12666492295030677105&g_mp=Cilnb29nbGUubWFwcy5wbGFjZXMudjEuUGxhY2VzLlNlYXJjaE5lYXJieRACGAQgAA","google_icon_mask_base_uri":"https://maps.gstatic.com/mapfiles/place_api/icons/v2/bus_share_taxi_pinlet","google_icon_background_color":"#10BDFF","formatted_address":"Poblacion (Bontoc), Bontoc, Mountain Province, Philippines","business_status":"OPERATIONAL","rating":5,"user_rating_count":1,"barangay_slug":"poblacion","barangay_name":"Poblacion"},"geometry":{"type":"Point","coordinates":[120.9775464,17.090429399999998]}},{"type":"Feature","properties":{"name":"Bontoc Seventh-Day Adventist Church","kind":"worship","kind_label":"Worship","source":"google_places","google_place_id":"ChIJ-VB_DQDTjzMRT3mTpzZXXDE","google_primary_type":"church","google_primary_type_label":"Church","google_types":["church","place_of_worship","association_or_organization","point_of_interest","establishment"],"google_maps_uri":"https://maps.google.com/?cid=3556813697967159631&g_mp=Cidnb29nbGUubWFwcy5wbGFjZXMudjEuUGxhY2VzLlNlYXJjaFRleHQQAhgEIAA","google_icon_mask_base_uri":"https://maps.gstatic.com/mapfiles/place_api/icons/v2/worship_christian_pinlet","google_icon_background_color":"#7B9EB0","formatted_address":"3XRG+V2J Poblacion (Bontoc, Bontoc, Mountain Province, Philippines","business_status":"OPERATIONAL","rating":null,"user_rating_count":null,"barangay_slug":"poblacion","barangay_name":"Poblacion"},"geometry":{"type":"Point","coordinates":[120.97501729999999,17.0922105]}},{"type":"Feature","properties":{"name":"Bp.F.Claver Road","kind":"worship","kind_label":"Worship","source":"google_places","google_place_id":"ChIJ-UHD_aDTjzMRK3-28_0rdO0","google_primary_type":"church","google_primary_type_label":"Church","google_types":["church","place_of_worship","association_or_organization","point_of_interest","establishment"],"google_maps_uri":"https://maps.google.com/?cid=17110349254002900779&g_mp=Cilnb29nbGUubWFwcy5wbGFjZXMudjEuUGxhY2VzLlNlYXJjaE5lYXJieRACGAQgAA","google_icon_mask_base_uri":"https://maps.gstatic.com/mapfiles/place_api/icons/v2/worship_christian_pinlet","google_icon_background_color":"#7B9EB0","formatted_address":"3XRG+579, Guinaang Rd, Bontoc, 2616 Mountain Province, Philippines","business_status":"OPERATIONAL","rating":null,"user_rating_count":null,"barangay_slug":"poblacion","barangay_name":"Poblacion"},"geometry":{"type":"Point","coordinates":[120.97572660000002,17.0904134]}},{"type":"Feature","properties":{"name":"Cathedral of All Saints","kind":"worship","kind_label":"Worship","source":"google_places","google_place_id":"ChIJ5XgSyzrSjzMROARxjk6V4qw","google_primary_type":"church","google_primary_type_label":"Church","google_types":["church","place_of_worship","association_or_organization","point_of_interest","establishment"],"google_maps_uri":"https://maps.google.com/?cid=12457683683889972280&g_mp=Cilnb29nbGUubWFwcy5wbGFjZXMudjEuUGxhY2VzLlNlYXJjaE5lYXJieRACGAQgAA","google_icon_mask_base_uri":"https://maps.gstatic.com/mapfiles/place_api/icons/v2/worship_christian_pinlet","google_icon_background_color":"#7B9EB0","formatted_address":"All Saints Cathedral, Halsema Highway, Bontoc, 2616 Mountain Province, Philippines","business_status":"OPERATIONAL","rating":4.5,"user_rating_count":2,"barangay_slug":"poblacion","barangay_name":"Poblacion"},"geometry":{"type":"Point","coordinates":[120.978201,17.0889687]}},{"type":"Feature","properties":{"name":"Christ To The Orient, Bontoc","kind":"worship","kind_label":"Worship","source":"google_places","google_place_id":"ChIJXfTCbgDTjzMRg7pbSpg-JFw","google_primary_type":"church","google_primary_type_label":"Church","google_types":["church","place_of_worship","association_or_organization","point_of_interest","establishment"],"google_maps_uri":"https://maps.google.com/?cid=6639500574454430339&g_mp=Cidnb29nbGUubWFwcy5wbGFjZXMudjEuUGxhY2VzLlNlYXJjaFRleHQQAhgEIAA","google_icon_mask_base_uri":"https://maps.gstatic.com/mapfiles/place_api/icons/v2/worship_christian_pinlet","google_icon_background_color":"#7B9EB0","formatted_address":"3XQG+5RQ, Kayyab, Bontoc, Mountain Province, Philippines","business_status":"OPERATIONAL","rating":null,"user_rating_count":null,"barangay_slug":"poblacion","barangay_name":"Poblacion"},"geometry":{"type":"Point","coordinates":[120.9771065,17.0879503]}},{"type":"Feature","properties":{"name":"Cordillera Highlands Baptist Church and Missions","kind":"worship","kind_label":"Worship","source":"google_places","google_place_id":"ChIJ8WFBOiXSjzMRfEL92hTpPWw","google_primary_type":"church","google_primary_type_label":"Church","google_types":["church","place_of_worship","association_or_organization","point_of_interest","establishment"],"google_maps_uri":"https://maps.google.com/?cid=7799646405458215548&g_mp=Cidnb29nbGUubWFwcy5wbGFjZXMudjEuUGxhY2VzLlNlYXJjaFRleHQQAhgEIAA","google_icon_mask_base_uri":"https://maps.gstatic.com/mapfiles/place_api/icons/v2/worship_christian_pinlet","google_icon_background_color":"#7B9EB0","formatted_address":"2nd Floor, Old Chakas Bldg, Bontoc, Mountain Province, Philippines","business_status":"OPERATIONAL","rating":4.3,"user_rating_count":4,"barangay_slug":"poblacion","barangay_name":"Poblacion"},"geometry":{"type":"Point","coordinates":[120.97698729999999,17.088162399999998]}},{"type":"Feature","properties":{"name":"Good News to the Nation Outreach","kind":"worship","kind_label":"Worship","source":"google_places","google_place_id":"ChIJqzLCwSTSjzMRTTQwfsM6Jmk","google_primary_type":"church","google_primary_type_label":"Church","google_types":["church","place_of_worship","association_or_organization","point_of_interest","establishment"],"google_maps_uri":"https://maps.google.com/?cid=7576808034407560269&g_mp=Cidnb29nbGUubWFwcy5wbGFjZXMudjEuUGxhY2VzLlNlYXJjaFRleHQQAhgEIAA","google_icon_mask_base_uri":"https://maps.gstatic.com/mapfiles/place_api/icons/v2/worship_christian_pinlet","google_icon_background_color":"#7B9EB0","formatted_address":"3XRH+222, Halsema Highway, Poblacion, Bontoc, 6604 Mountain Province, Philippines","business_status":"OPERATIONAL","rating":null,"user_rating_count":null,"barangay_slug":"poblacion","barangay_name":"Poblacion"},"geometry":{"type":"Point","coordinates":[120.9775296,17.0900185]}},{"type":"Feature","properties":{"name":"Newlife Christian Center-Bontoc Outreach","kind":"worship","kind_label":"Worship","source":"google_places","google_place_id":"ChIJA4GIMzvSjzMRS9CQM4QOq8k","google_primary_type":"church","google_primary_type_label":"Church","google_types":["church","place_of_worship","association_or_organization","point_of_interest","establishment"],"google_maps_uri":"https://maps.google.com/?cid=14531724583604637771&g_mp=Cilnb29nbGUubWFwcy5wbGFjZXMudjEuUGxhY2VzLlNlYXJjaE5lYXJieRACGAQgAA","google_icon_mask_base_uri":"https://maps.gstatic.com/mapfiles/place_api/icons/v2/worship_christian_pinlet","google_icon_background_color":"#7B9EB0","formatted_address":"3rd Floor, Red Cross Capitol Compound, Capitol Rd, Bontoc, Mountain Province, Philippines","business_status":"OPERATIONAL","rating":null,"user_rating_count":null,"barangay_slug":"poblacion","barangay_name":"Poblacion"},"geometry":{"type":"Point","coordinates":[120.97594710000001,17.0902082]}},{"type":"Feature","properties":{"name":"Sta Rita Cathedral","kind":"worship","kind_label":"Worship","source":"google_places","google_place_id":"ChIJDev6piTSjzMRV6AsuspjD3A","google_primary_type":"church","google_primary_type_label":"Church","google_types":["church","place_of_worship","association_or_organization","point_of_interest","establishment"],"google_maps_uri":"https://maps.google.com/?cid=8074782379256619095&g_mp=Cilnb29nbGUubWFwcy5wbGFjZXMudjEuUGxhY2VzLlNlYXJjaE5lYXJieRACGAQgAA","google_icon_mask_base_uri":"https://maps.gstatic.com/mapfiles/place_api/icons/v2/worship_christian_pinlet","google_icon_background_color":"#7B9EB0","formatted_address":"Sta. Rita de Casia Cathedral, 12 Capitol Rd, Bontoc, 2616 Mountain Province, Philippines","business_status":"OPERATIONAL","rating":5,"user_rating_count":8,"barangay_slug":"poblacion","barangay_name":"Poblacion"},"geometry":{"type":"Point","coordinates":[120.97709440000001,17.091444]}},{"type":"Feature","properties":{"name":"United Church of Christ in the Philippines","kind":"worship","kind_label":"Worship","source":"google_places","google_place_id":"ChIJH9xYWCXSjzMR5kmoyXW2L88","google_primary_type":"church","google_primary_type_label":"Church","google_types":["church","place_of_worship","association_or_organization","point_of_interest","establishment"],"google_maps_uri":"https://maps.google.com/?cid=14929351906767161830&g_mp=Cidnb29nbGUubWFwcy5wbGFjZXMudjEuUGxhY2VzLlNlYXJjaFRleHQQAhgEIAA","google_icon_mask_base_uri":"https://maps.gstatic.com/mapfiles/place_api/icons/v2/worship_christian_pinlet","google_icon_background_color":"#7B9EB0","formatted_address":"3XPG+JQM, Bontoc, Mountain Province, Philippines","business_status":"OPERATIONAL","rating":null,"user_rating_count":null,"barangay_slug":"poblacion","barangay_name":"Poblacion"},"geometry":{"type":"Point","coordinates":[120.97693219999998,17.086596]}},{"type":"Feature","properties":{"name":"ALMIGHTY DETERGENT OUTLET","kind":"business","kind_label":"Business","source":"google_places","google_place_id":"ChIJd9GbFADTjzMR0YSfrUCEy7c","google_primary_type":"home_goods_store","google_primary_type_label":"Home Goods Store","google_types":["home_goods_store","store","point_of_interest","establishment"],"google_maps_uri":"https://maps.google.com/?cid=13243824542538761425&g_mp=Cilnb29nbGUubWFwcy5wbGFjZXMudjEuUGxhY2VzLlNlYXJjaE5lYXJieRACGAQgAA","google_icon_mask_base_uri":"https://maps.gstatic.com/mapfiles/place_api/icons/v2/shopping_pinlet","google_icon_background_color":"#4B96F3","formatted_address":"Bontoc, Mountain Province, Philippines","business_status":"OPERATIONAL","rating":null,"user_rating_count":null,"barangay_slug":"samoki","barangay_name":"Samoki"},"geometry":{"type":"Point","coordinates":[120.98485729999999,17.0752256]}},{"type":"Feature","properties":{"name":"Ambet Paint Center","kind":"business","kind_label":"Business","source":"google_places","google_place_id":"ChIJM7phlqIBrWQRcLuDfjV1Th4","google_primary_type":"building_materials_store","google_primary_type_label":"Building Materials Store","google_types":["building_materials_store","point_of_interest","home_goods_store","store","establishment"],"google_maps_uri":"https://maps.google.com/?cid=2183811741937548144&g_mp=Cilnb29nbGUubWFwcy5wbGFjZXMudjEuUGxhY2VzLlNlYXJjaE5lYXJieRACGAQgAA","google_icon_mask_base_uri":"https://maps.gstatic.com/mapfiles/place_api/icons/v2/shopping_pinlet","google_icon_background_color":"#4B96F3","formatted_address":"Fangka Bldg, Samoki, Bontoc, Mountain Province, Philippines","business_status":"OPERATIONAL","rating":null,"user_rating_count":null,"barangay_slug":"samoki","barangay_name":"Samoki"},"geometry":{"type":"Point","coordinates":[120.98188109999998,17.0841353]}},{"type":"Feature","properties":{"name":"Anayah's Riverside Restaurant","kind":"business","kind_label":"Business","source":"google_places","google_place_id":"ChIJ5x7LTPjRjzMRuhPvitDvPLA","google_primary_type":"restaurant","google_primary_type_label":"Restaurant","google_types":["restaurant","point_of_interest","food","establishment"],"google_maps_uri":"https://maps.google.com/?cid=12699288728241116090&g_mp=Cilnb29nbGUubWFwcy5wbGFjZXMudjEuUGxhY2VzLlNlYXJjaE5lYXJieRACGAQgAA","google_icon_mask_base_uri":"https://maps.gstatic.com/mapfiles/place_api/icons/v2/restaurant_pinlet","google_icon_background_color":"#FF9E67","formatted_address":"3XCQ+W48, Nueva Vizcaya - Ifugao - Mountain Province Rd, Bontoc, Mountain Province, Philippines","business_status":"OPERATIONAL","rating":4.6,"user_rating_count":79,"barangay_slug":"samoki","barangay_name":"Samoki"},"geometry":{"type":"Point","coordinates":[120.98782720000001,17.072289299999998]}},{"type":"Feature","properties":{"name":"Bala`dang Handicrafts","kind":"business","kind_label":"Business","source":"google_places","google_place_id":"ChIJa_ijSy_SjzMRt66G-uxan4U","google_primary_type":"store","google_primary_type_label":"Store","google_types":["point_of_interest","store","establishment"],"google_maps_uri":"https://maps.google.com/?cid=9628514502203322039&g_mp=Cilnb29nbGUubWFwcy5wbGFjZXMudjEuUGxhY2VzLlNlYXJjaE5lYXJieRACGAQgAA","google_icon_mask_base_uri":"https://maps.gstatic.com/mapfiles/place_api/icons/v2/shopping_pinlet","google_icon_background_color":"#4B96F3","formatted_address":"3XPJ+2HR, Nueva Vizcaya - Ifugao - Mountain Province Rd, Bontoc, Mountain Province, Philippines","business_status":"OPERATIONAL","rating":4.5,"user_rating_count":4,"barangay_slug":"samoki","barangay_name":"Samoki"},"geometry":{"type":"Point","coordinates":[120.98137690000001,17.085110500000003]}},{"type":"Feature","properties":{"name":"Balai Louna Creative Space","kind":"business","kind_label":"Business","source":"google_places","google_place_id":"ChIJ2W9inWDTjzMRmTtZ4__dLhY","google_primary_type":"service","google_primary_type_label":"Services","google_types":["point_of_interest","service","establishment"],"google_maps_uri":"https://maps.google.com/?cid=1598459008863779737&g_mp=Cidnb29nbGUubWFwcy5wbGFjZXMudjEuUGxhY2VzLlNlYXJjaFRleHQQAhgEIAA","google_icon_mask_base_uri":"https://maps.gstatic.com/mapfiles/place_api/icons/v2/generic_pinlet","google_icon_background_color":"#7B9EB0","formatted_address":"Kalonglong road, Samoki, Bontoc, 2616 Mountain Province, Philippines","business_status":"OPERATIONAL","rating":null,"user_rating_count":null,"barangay_slug":"samoki","barangay_name":"Samoki"},"geometry":{"type":"Point","coordinates":[120.9815917,17.08484]}},{"type":"Feature","properties":{"name":"Benbest Lechon","kind":"business","kind_label":"Business","source":"google_places","google_place_id":"ChIJEc1SH2rTjzMR3WFddpvKUrg","google_primary_type":"restaurant","google_primary_type_label":"Restaurant","google_types":["restaurant","food","point_of_interest","establishment"],"google_maps_uri":"https://maps.google.com/?cid=13281901020123587037&g_mp=Cilnb29nbGUubWFwcy5wbGFjZXMudjEuUGxhY2VzLlNlYXJjaE5lYXJieRACGAQgAA","google_icon_mask_base_uri":"https://maps.gstatic.com/mapfiles/place_api/icons/v2/restaurant_pinlet","google_icon_background_color":"#FF9E67","formatted_address":"Nueva Vizcaya - Ifugao - Mountain Province Rd, Bontoc, 2616 Mountain Province, Philippines","business_status":"OPERATIONAL","rating":null,"user_rating_count":null,"barangay_slug":"samoki","barangay_name":"Samoki"},"geometry":{"type":"Point","coordinates":[120.9803994,17.086744799999998]}},{"type":"Feature","properties":{"name":"Cable Cafe & Restaurant","kind":"business","kind_label":"Business","source":"google_places","google_place_id":"ChIJTxTMNSXSjzMRkeIed7EsNVs","google_primary_type":"restaurant","google_primary_type_label":"Restaurant","google_types":["restaurant","point_of_interest","food","establishment"],"google_maps_uri":"https://maps.google.com/?cid=6572208371936453265&g_mp=Cilnb29nbGUubWFwcy5wbGFjZXMudjEuUGxhY2VzLlNlYXJjaE5lYXJieRACGAQgAA","google_icon_mask_base_uri":"https://maps.gstatic.com/mapfiles/place_api/icons/v2/restaurant_pinlet","google_icon_background_color":"#FF9E67","formatted_address":"Chico River Street, Poblacion, Bontoc, 3XPJ+C75, Bontoc, Mountain Province, Philippines","business_status":"OPERATIONAL","rating":3.8,"user_rating_count":50,"barangay_slug":"samoki","barangay_name":"Samoki"},"geometry":{"type":"Point","coordinates":[120.9807381,17.0860148]}},{"type":"Feature","properties":{"name":"CARMEN'S STORE","kind":"business","kind_label":"Business","source":"google_places","google_place_id":"ChIJOVYI0yjSjzMRI8R3fMwaBQ8","google_primary_type":"point_of_interest","google_primary_type_label":"Point of interest","google_types":["point_of_interest","establishment"],"google_maps_uri":"https://maps.google.com/?cid=1082300751016346659&g_mp=Cidnb29nbGUubWFwcy5wbGFjZXMudjEuUGxhY2VzLlNlYXJjaFRleHQQAhgEIAA","google_icon_mask_base_uri":"https://maps.gstatic.com/mapfiles/place_api/icons/v2/generic_pinlet","google_icon_background_color":"#7B9EB0","formatted_address":"3XMJ+8RW, Nueva Vizcaya - Ifugao - Mountain Province Rd, Bontoc, Mountain Province, Philippines","business_status":"OPERATIONAL","rating":null,"user_rating_count":null,"barangay_slug":"samoki","barangay_name":"Samoki"},"geometry":{"type":"Point","coordinates":[120.98206449999999,17.083356300000002]}},{"type":"Feature","properties":{"name":"Catleya's Store","kind":"business","kind_label":"Business","source":"google_places","google_place_id":"ChIJb3bPl2nTjzMRiBqjhPFpOBg","google_primary_type":"store","google_primary_type_label":"Store","google_types":["store","point_of_interest","establishment"],"google_maps_uri":"https://maps.google.com/?cid=1745261341639383688&g_mp=Cilnb29nbGUubWFwcy5wbGFjZXMudjEuUGxhY2VzLlNlYXJjaE5lYXJieRACGAQgAA","google_icon_mask_base_uri":"https://maps.gstatic.com/mapfiles/place_api/icons/v2/shopping_pinlet","google_icon_background_color":"#4B96F3","formatted_address":"3XPJ+6C6, Nueva Vizcaya - Ifugao - Mountain Province Rd, Bontoc, Mountain Province, Philippines","business_status":"OPERATIONAL","rating":3,"user_rating_count":1,"barangay_slug":"samoki","barangay_name":"Samoki"},"geometry":{"type":"Point","coordinates":[120.98102959999999,17.0855374]}},{"type":"Feature","properties":{"name":"Cronus Joven","kind":"business","kind_label":"Business","source":"google_places","google_place_id":"ChIJyQ5254vTjzMRx6yBY9iJJds","google_primary_type":"food_court","google_primary_type_label":"Food Court","google_types":["food_court","point_of_interest","food","establishment"],"google_maps_uri":"https://maps.google.com/?cid=15791179230919896263&g_mp=Cidnb29nbGUubWFwcy5wbGFjZXMudjEuUGxhY2VzLlNlYXJjaFRleHQQAhgEIAA","google_icon_mask_base_uri":"https://maps.gstatic.com/mapfiles/place_api/icons/v2/restaurant_pinlet","google_icon_background_color":"#FF9E67","formatted_address":"Bontoc, 2616 Mountain Province, Philippines","business_status":"OPERATIONAL","rating":5,"user_rating_count":2,"barangay_slug":"samoki","barangay_name":"Samoki"},"geometry":{"type":"Point","coordinates":[120.9798498,17.0873508]}},{"type":"Feature","properties":{"name":"DB Printing Co. Int","kind":"business","kind_label":"Business","source":"google_places","google_place_id":"ChIJ7yW5nOzTjzMR771nFch-vRY","google_primary_type":"manufacturer","google_primary_type_label":"Manufacturer","google_types":["manufacturer","service","store","point_of_interest","establishment"],"google_maps_uri":"https://maps.google.com/?cid=1638605237250407919&g_mp=Cilnb29nbGUubWFwcy5wbGFjZXMudjEuUGxhY2VzLlNlYXJjaE5lYXJieRACGAQgAA","google_icon_mask_base_uri":"https://maps.gstatic.com/mapfiles/place_api/icons/v2/shopping_pinlet","google_icon_background_color":"#4B96F3","formatted_address":"Bontoc, 2616 Mountain Province, Philippines","business_status":"OPERATIONAL","rating":null,"user_rating_count":null,"barangay_slug":"samoki","barangay_name":"Samoki"},"geometry":{"type":"Point","coordinates":[120.9826132,17.0861089]}},{"type":"Feature","properties":{"name":"Dela Cruz, True Money","kind":"business","kind_label":"Business","source":"google_places","google_place_id":"ChIJ1zVCawDTjzMRo9F58PR52pQ","google_primary_type":"store","google_primary_type_label":"Store","google_types":["point_of_interest","store","establishment"],"google_maps_uri":"https://maps.google.com/?cid=10726019555449754019&g_mp=Cilnb29nbGUubWFwcy5wbGFjZXMudjEuUGxhY2VzLlNlYXJjaE5lYXJieRACGAQgAA","google_icon_mask_base_uri":"https://maps.gstatic.com/mapfiles/place_api/icons/v2/shopping_pinlet","google_icon_background_color":"#4B96F3","formatted_address":"3XMJ+QMX, Nueva Vizcaya - Ifugao - Mountain Province Rd, Bontoc, Mountain Province, Philippines","business_status":"OPERATIONAL","rating":5,"user_rating_count":1,"barangay_slug":"samoki","barangay_name":"Samoki"},"geometry":{"type":"Point","coordinates":[120.9817407,17.0844939]}},{"type":"Feature","properties":{"name":"Exponent Motor Corporation","kind":"business","kind_label":"Business","source":"google_places","google_place_id":"ChIJg-dqp2_TjzMR3NRXAx9kQ6A","google_primary_type":"store","google_primary_type_label":"Store","google_types":["store","point_of_interest","establishment"],"google_maps_uri":"https://maps.google.com/?cid=11548183953870935260&g_mp=Cilnb29nbGUubWFwcy5wbGFjZXMudjEuUGxhY2VzLlNlYXJjaE5lYXJieRACGAQgAA","google_icon_mask_base_uri":"https://maps.gstatic.com/mapfiles/place_api/icons/v2/shopping_pinlet","google_icon_background_color":"#4B96F3","formatted_address":"Samoki, Bontoc, 2616 Mountain Province, Philippines","business_status":"OPERATIONAL","rating":null,"user_rating_count":null,"barangay_slug":"samoki","barangay_name":"Samoki"},"geometry":{"type":"Point","coordinates":[120.9825306,17.0825562]}},{"type":"Feature","properties":{"name":"FLORMAS CANTEEN","kind":"business","kind_label":"Business","source":"google_places","google_place_id":"ChIJIZL2wCXSjzMRWHYnr0T6yKI","google_primary_type":"restaurant","google_primary_type_label":"Restaurant","google_types":["restaurant","food","point_of_interest","establishment"],"google_maps_uri":"https://maps.google.com/?cid=11729900402389775960&g_mp=Cilnb29nbGUubWFwcy5wbGFjZXMudjEuUGxhY2VzLlNlYXJjaE5lYXJieRACGAQgAA","google_icon_mask_base_uri":"https://maps.gstatic.com/mapfiles/place_api/icons/v2/restaurant_pinlet","google_icon_background_color":"#FF9E67","formatted_address":"3XPJ+R8P, Bontoc, Mountain Province, Philippines","business_status":"OPERATIONAL","rating":2.5,"user_rating_count":2,"barangay_slug":"samoki","barangay_name":"Samoki"},"geometry":{"type":"Point","coordinates":[120.98083099999998,17.0870881]}},{"type":"Feature","properties":{"name":"FPBANYAS HARDWARE","kind":"business","kind_label":"Business","source":"google_places","google_place_id":"ChIJHXxia0TTjzMRJHiurV-ExR4","google_primary_type":"hardware_store","google_primary_type_label":"Hardware Store","google_types":["hardware_store","building_materials_store","point_of_interest","store","establishment"],"google_maps_uri":"https://maps.google.com/?cid=2217323938020489252&g_mp=Cilnb29nbGUubWFwcy5wbGFjZXMudjEuUGxhY2VzLlNlYXJjaE5lYXJieRACGAQgAA","google_icon_mask_base_uri":"https://maps.gstatic.com/mapfiles/place_api/icons/v2/shopping_pinlet","google_icon_background_color":"#4B96F3","formatted_address":"banyas, Bontoc, 2616 Mountain Province, Philippines","business_status":"OPERATIONAL","rating":5,"user_rating_count":1,"barangay_slug":"samoki","barangay_name":"Samoki"},"geometry":{"type":"Point","coordinates":[120.9834436,17.0754078]}},{"type":"Feature","properties":{"name":"HONDA","kind":"business","kind_label":"Business","source":"google_places","google_place_id":"ChIJGyYGYynSjzMRMEzwh8frObI","google_primary_type":"car_dealer","google_primary_type_label":"Car Dealer","google_types":["car_dealer","store","point_of_interest","establishment"],"google_maps_uri":"https://maps.google.com/?cid=12842555054635371568&g_mp=Cilnb29nbGUubWFwcy5wbGFjZXMudjEuUGxhY2VzLlNlYXJjaE5lYXJieRACGAQgAA","google_icon_mask_base_uri":"https://maps.gstatic.com/mapfiles/place_api/icons/v2/shopping_pinlet","google_icon_background_color":"#4B96F3","formatted_address":"3XJM+3HC, Nueva Vizcaya - Ifugao - Mountain Province Rd, Bontoc, Mountain Province, Philippines","business_status":"OPERATIONAL","rating":4,"user_rating_count":1,"barangay_slug":"samoki","barangay_name":"Samoki"},"geometry":{"type":"Point","coordinates":[120.983882,17.0801798]}},{"type":"Feature","properties":{"name":"Hunters cafe","kind":"business","kind_label":"Business","source":"google_places","google_place_id":"ChIJteRyLEPTjzMRXwbBz9PnnOM","google_primary_type":"restaurant","google_primary_type_label":"Restaurant","google_types":["restaurant","food","point_of_interest","establishment"],"google_maps_uri":"https://maps.google.com/?cid=16401238839886153311&g_mp=Cilnb29nbGUubWFwcy5wbGFjZXMudjEuUGxhY2VzLlNlYXJjaE5lYXJieRACGAQgAA","google_icon_mask_base_uri":"https://maps.gstatic.com/mapfiles/place_api/icons/v2/restaurant_pinlet","google_icon_background_color":"#FF9E67","formatted_address":"Lanao flood control street road, Poblacion Bontoc Mt. Povince, 3XPH+296, Bontoc, Mountain Province, Philippines","business_status":"OPERATIONAL","rating":5,"user_rating_count":2,"barangay_slug":"samoki","barangay_name":"Samoki"},"geometry":{"type":"Point","coordinates":[120.97840459999999,17.0850424]}},{"type":"Feature","properties":{"name":"Jeloy's Cafe and RestoBar","kind":"business","kind_label":"Business","source":"google_places","google_place_id":"ChIJG2dzrmbRjzMR6Abi98XAvpE","google_primary_type":"restaurant","google_primary_type_label":"Restaurant","google_types":["restaurant","food","point_of_interest","establishment"],"google_maps_uri":"https://maps.google.com/?cid=10502043337574450920&g_mp=Cilnb29nbGUubWFwcy5wbGFjZXMudjEuUGxhY2VzLlNlYXJjaE5lYXJieRACGAQgAA","google_icon_mask_base_uri":"https://maps.gstatic.com/mapfiles/place_api/icons/v2/restaurant_pinlet","google_icon_background_color":"#FF9E67","formatted_address":"3X8Q+4R, Bontoc, Mountain Province, Philippines","business_status":"OPERATIONAL","rating":3,"user_rating_count":2,"barangay_slug":"samoki","barangay_name":"Samoki"},"geometry":{"type":"Point","coordinates":[120.98959099999999,17.065371]}},{"type":"Feature","properties":{"name":"Jer Cycle Parts","kind":"business","kind_label":"Business","source":"google_places","google_place_id":"ChIJyfG-NS_SjzMR9lL-8XzzthU","google_primary_type":"auto_parts_store","google_primary_type_label":"Auto Parts Store","google_types":["auto_parts_store","car_repair","point_of_interest","service","store","establishment"],"google_maps_uri":"https://maps.google.com/?cid=1564705638519296758&g_mp=Cilnb29nbGUubWFwcy5wbGFjZXMudjEuUGxhY2VzLlNlYXJjaE5lYXJieRACGAQgAA","google_icon_mask_base_uri":"https://maps.gstatic.com/mapfiles/place_api/icons/v2/shopping_pinlet","google_icon_background_color":"#4B96F3","formatted_address":"3XMJ+MMC, Nueva Vizcaya - Ifugao - Mountain Province Rd, Bontoc, Mountain Province, Philippines","business_status":"OPERATIONAL","rating":null,"user_rating_count":null,"barangay_slug":"samoki","barangay_name":"Samoki"},"geometry":{"type":"Point","coordinates":[120.98162599999999,17.0841824]}},{"type":"Feature","properties":{"name":"JV'S PANCITERIA","kind":"business","kind_label":"Business","source":"google_places","google_place_id":"ChIJe4CJSi_SjzMRi4n3R4_1mrQ","google_primary_type":"restaurant","google_primary_type_label":"Restaurant","google_types":["restaurant","food","point_of_interest","establishment"],"google_maps_uri":"https://maps.google.com/?cid=13013984068977002891&g_mp=Cilnb29nbGUubWFwcy5wbGFjZXMudjEuUGxhY2VzLlNlYXJjaE5lYXJieRACGAQgAA","google_icon_mask_base_uri":"https://maps.gstatic.com/mapfiles/place_api/icons/v2/restaurant_pinlet","google_icon_background_color":"#FF9E67","formatted_address":"3XMJ+PMH, Nueva Vizcaya - Ifugao - Mountain Province Rd, Bontoc, Mountain Province, Philippines","business_status":"OPERATIONAL","rating":null,"user_rating_count":null,"barangay_slug":"samoki","barangay_name":"Samoki"},"geometry":{"type":"Point","coordinates":[120.98174379999999,17.0843132]}},{"type":"Feature","properties":{"name":"KSERVICO","kind":"business","kind_label":"Business","source":"google_places","google_place_id":"ChIJHSL2FKHTjzMRXG55imc-Tnw","google_primary_type":"store","google_primary_type_label":"Store","google_types":["store","point_of_interest","establishment"],"google_maps_uri":"https://maps.google.com/?cid=8957165323312262748&g_mp=Cilnb29nbGUubWFwcy5wbGFjZXMudjEuUGxhY2VzLlNlYXJjaE5lYXJieRACGAQgAA","google_icon_mask_base_uri":"https://maps.gstatic.com/mapfiles/place_api/icons/v2/shopping_pinlet","google_icon_background_color":"#4B96F3","formatted_address":"Khagwaang, Samoki, Bontoc, 2616 Mountain Province, Philippines","business_status":"OPERATIONAL","rating":5,"user_rating_count":1,"barangay_slug":"samoki","barangay_name":"Samoki"},"geometry":{"type":"Point","coordinates":[120.98360819999999,17.0818094]}},{"type":"Feature","properties":{"name":"LGC Store","kind":"business","kind_label":"Business","source":"google_places","google_place_id":"ChIJL291qELTjzMRyUwrU-PtWLo","google_primary_type":"store","google_primary_type_label":"Store","google_types":["store","point_of_interest","establishment"],"google_maps_uri":"https://maps.google.com/?cid=13427743849613839561&g_mp=Cidnb29nbGUubWFwcy5wbGFjZXMudjEuUGxhY2VzLlNlYXJjaFRleHQQAhgEIAA","google_icon_mask_base_uri":"https://maps.gstatic.com/mapfiles/place_api/icons/v2/shopping_pinlet","google_icon_background_color":"#4B96F3","formatted_address":"Karayan, Bontoc, 2616 Mountain Province, Philippines","business_status":"OPERATIONAL","rating":null,"user_rating_count":null,"barangay_slug":"samoki","barangay_name":"Samoki"},"geometry":{"type":"Point","coordinates":[120.97981390000001,17.0856901]}},{"type":"Feature","properties":{"name":"Lmdc Bontoc Branch","kind":"business","kind_label":"Business","source":"google_places","google_place_id":"ChIJayqPSi_SjzMRlr--crVWD1Q","google_primary_type":"bank","google_primary_type_label":"Bank","google_types":["bank","finance","point_of_interest","establishment"],"google_maps_uri":"https://maps.google.com/?cid=6057155361150779286&g_mp=Cilnb29nbGUubWFwcy5wbGFjZXMudjEuUGxhY2VzLlNlYXJjaE5lYXJieRACGAQgAA","google_icon_mask_base_uri":"https://maps.gstatic.com/mapfiles/place_api/icons/v2/bank-intl_pinlet","google_icon_background_color":"#909CE1","formatted_address":"3XMJ+PMH, Nueva Vizcaya - Ifugao - Mountain Province Rd, Bontoc, Mountain Province, Philippines","business_status":"OPERATIONAL","rating":null,"user_rating_count":null,"barangay_slug":"samoki","barangay_name":"Samoki"},"geometry":{"type":"Point","coordinates":[120.9817492,17.0843156]}},{"type":"Feature","properties":{"name":"Motoposh Motorcycle Dealer","kind":"business","kind_label":"Business","source":"google_places","google_place_id":"ChIJXc5dyyjSjzMR9pF1Jzn05IU","google_primary_type":"store","google_primary_type_label":"Store","google_types":["store","point_of_interest","establishment"],"google_maps_uri":"https://maps.google.com/?cid=9648104828046774774&g_mp=Cilnb29nbGUubWFwcy5wbGFjZXMudjEuUGxhY2VzLlNlYXJjaE5lYXJieRACGAQgAA","google_icon_mask_base_uri":"https://maps.gstatic.com/mapfiles/place_api/icons/v2/shopping_pinlet","google_icon_background_color":"#4B96F3","formatted_address":"3XMJ+HQH, Nueva Vizcaya - Ifugao - Mountain Province Rd, Bontoc, Mountain Province, Philippines","business_status":"OPERATIONAL","rating":3,"user_rating_count":2,"barangay_slug":"samoki","barangay_name":"Samoki"},"geometry":{"type":"Point","coordinates":[120.9819764,17.083937799999998]}},{"type":"Feature","properties":{"name":"P1sitaS by Chuma FS","kind":"business","kind_label":"Business","source":"google_places","google_place_id":"ChIJn08r1KbRjzMRyL08Ojq8aAc","google_primary_type":"store","google_primary_type_label":"Store","google_types":["store","cafe","food","point_of_interest","establishment"],"google_maps_uri":"https://maps.google.com/?cid=533883514114588104&g_mp=Cilnb29nbGUubWFwcy5wbGFjZXMudjEuUGxhY2VzLlNlYXJjaE5lYXJieRACGAQgAA","google_icon_mask_base_uri":"https://maps.gstatic.com/mapfiles/place_api/icons/v2/shopping_pinlet","google_icon_background_color":"#4B96F3","formatted_address":"Lanao, Rd, Bontoc, 2616 Mountain Province, Philippines","business_status":"OPERATIONAL","rating":null,"user_rating_count":null,"barangay_slug":"samoki","barangay_name":"Samoki"},"geometry":{"type":"Point","coordinates":[120.9777003,17.081859599999998]}},{"type":"Feature","properties":{"name":"Pacific Insurance","kind":"business","kind_label":"Business","source":"google_places","google_place_id":"ChIJh0AUdiHTjzMRtkPSi6flYP8","google_primary_type":"insurance_agency","google_primary_type_label":"Insurance Agency","google_types":["insurance_agency","point_of_interest","service","establishment"],"google_maps_uri":"https://maps.google.com/?cid=18401960585203958710&g_mp=Cilnb29nbGUubWFwcy5wbGFjZXMudjEuUGxhY2VzLlNlYXJjaE5lYXJieRACGAQgAA","google_icon_mask_base_uri":"https://maps.gstatic.com/mapfiles/place_api/icons/v2/generic_pinlet","google_icon_background_color":"#7B9EB0","formatted_address":"Samoki Bridge, Bontoc, 2616 Mountain Province, Philippines","business_status":"OPERATIONAL","rating":null,"user_rating_count":null,"barangay_slug":"samoki","barangay_name":"Samoki"},"geometry":{"type":"Point","coordinates":[120.9815313,17.0843426]}},{"type":"Feature","properties":{"name":"River Breeze","kind":"business","kind_label":"Business","source":"google_places","google_place_id":"ChIJSSNhw37TjzMRqCSFn8dycZg","google_primary_type":"restaurant","google_primary_type_label":"Restaurant","google_types":["restaurant","food","point_of_interest","establishment"],"google_maps_uri":"https://maps.google.com/?cid=10984687167833711784&g_mp=Cilnb29nbGUubWFwcy5wbGFjZXMudjEuUGxhY2VzLlNlYXJjaE5lYXJieRACGAQgAA","google_icon_mask_base_uri":"https://maps.gstatic.com/mapfiles/place_api/icons/v2/restaurant_pinlet","google_icon_background_color":"#FF9E67","formatted_address":"3XMH+XR3, Bontoc, Mountain Province, Philippines","business_status":"OPERATIONAL","rating":5,"user_rating_count":1,"barangay_slug":"samoki","barangay_name":"Samoki"},"geometry":{"type":"Point","coordinates":[120.9787889,17.0850777]}},{"type":"Feature","properties":{"name":"Samoki Mami House","kind":"business","kind_label":"Business","source":"google_places","google_place_id":"ChIJfd8J5UnTjzMRDj8GAoyZRNo","google_primary_type":"restaurant","google_primary_type_label":"Restaurant","google_types":["restaurant","food","point_of_interest","establishment"],"google_maps_uri":"https://maps.google.com/?cid=15727864625293049614&g_mp=Cilnb29nbGUubWFwcy5wbGFjZXMudjEuUGxhY2VzLlNlYXJjaE5lYXJieRACGAQgAA","google_icon_mask_base_uri":"https://maps.gstatic.com/mapfiles/place_api/icons/v2/restaurant_pinlet","google_icon_background_color":"#FF9E67","formatted_address":"3XPJ+4GF, Bontoc, Mountain Province, Philippines","business_status":"OPERATIONAL","rating":3.7,"user_rating_count":3,"barangay_slug":"samoki","barangay_name":"Samoki"},"geometry":{"type":"Point","coordinates":[120.98130649999999,17.0853041]}},{"type":"Feature","properties":{"name":"Sumi Lao's Grill n' Chill","kind":"business","kind_label":"Business","source":"google_places","google_place_id":"ChIJg8KLLrrTjzMRz8r46mUI8LM","google_primary_type":"restaurant","google_primary_type_label":"Restaurant","google_types":["restaurant","point_of_interest","food","establishment"],"google_maps_uri":"https://maps.google.com/?cid=12965872561026550479&g_mp=Cilnb29nbGUubWFwcy5wbGFjZXMudjEuUGxhY2VzLlNlYXJjaE5lYXJieRACGAQgAA","google_icon_mask_base_uri":"https://maps.gstatic.com/mapfiles/place_api/icons/v2/restaurant_pinlet","google_icon_background_color":"#FF9E67","formatted_address":"3XMJ+HQ, Bontoc, Mountain Province, Philippines","business_status":"OPERATIONAL","rating":4,"user_rating_count":4,"barangay_slug":"samoki","barangay_name":"Samoki"},"geometry":{"type":"Point","coordinates":[120.9819909,17.0839405]}},{"type":"Feature","properties":{"name":"TOROGI BAR & RESTAURANT","kind":"business","kind_label":"Business","source":"google_places","google_place_id":"ChIJHZGkSyrTjzMRY4L13lE33nE","google_primary_type":"bar","google_primary_type_label":"Bar","google_types":["bar","point_of_interest","establishment"],"google_maps_uri":"https://maps.google.com/?cid=8205056395888132707&g_mp=Cilnb29nbGUubWFwcy5wbGFjZXMudjEuUGxhY2VzLlNlYXJjaE5lYXJieRACGAQgAA","google_icon_mask_base_uri":"https://maps.gstatic.com/mapfiles/place_api/icons/v2/bar_pinlet","google_icon_background_color":"#FF9E67","formatted_address":"Faniyas, Samoki, Bontoc, 2616 Mountain Province, Philippines","business_status":"OPERATIONAL","rating":null,"user_rating_count":null,"barangay_slug":"samoki","barangay_name":"Samoki"},"geometry":{"type":"Point","coordinates":[120.9871527,17.073576199999998]}},{"type":"Feature","properties":{"name":"Tsip A's Palayok Restobar","kind":"business","kind_label":"Business","source":"google_places","google_place_id":"ChIJ54czxYzTjzMRr96cnjNbql4","google_primary_type":"restaurant","google_primary_type_label":"Restaurant","google_types":["restaurant","food","point_of_interest","establishment"],"google_maps_uri":"https://maps.google.com/?cid=6821364862868577967&g_mp=Cilnb29nbGUubWFwcy5wbGFjZXMudjEuUGxhY2VzLlNlYXJjaE5lYXJieRACGAQgAA","google_icon_mask_base_uri":"https://maps.gstatic.com/mapfiles/place_api/icons/v2/restaurant_pinlet","google_icon_background_color":"#FF9E67","formatted_address":"Lanao-tiktik bypass road, Bontoc, 2616 Mountain Province, Philippines","business_status":"OPERATIONAL","rating":4.3,"user_rating_count":10,"barangay_slug":"samoki","barangay_name":"Samoki"},"geometry":{"type":"Point","coordinates":[120.97624379999999,17.0813047]}},{"type":"Feature","properties":{"name":"Victory Assembly Of God Church","kind":"business","kind_label":"Business","source":"google_places","google_place_id":"ChIJz2XVSy_SjzMRph73oOg_crU","google_primary_type":"association_or_organization","google_primary_type_label":"Association / Organization","google_types":["association_or_organization","point_of_interest","establishment"],"google_maps_uri":"https://maps.google.com/?cid=13074582936575483558&g_mp=Cidnb29nbGUubWFwcy5wbGFjZXMudjEuUGxhY2VzLlNlYXJjaFRleHQQAhgEIAA","google_icon_mask_base_uri":"https://maps.gstatic.com/mapfiles/place_api/icons/v2/generic_pinlet","google_icon_background_color":"#7B9EB0","formatted_address":"3XMJ+QJV, Nueva Vizcaya - Ifugao - Mountain Province Rd, Bontoc, Mountain Province, Philippines","business_status":"OPERATIONAL","rating":null,"user_rating_count":null,"barangay_slug":"samoki","barangay_name":"Samoki"},"geometry":{"type":"Point","coordinates":[120.9815398,17.0844876]}},{"type":"Feature","properties":{"name":"Wangalen RestoBar","kind":"business","kind_label":"Business","source":"google_places","google_place_id":"ChIJoTwNAS7TjzMRE9UZzUUxAOc","google_primary_type":"bar","google_primary_type_label":"Bar","google_types":["bar","point_of_interest","establishment"],"google_maps_uri":"https://maps.google.com/?cid=16645358398624879891&g_mp=Cilnb29nbGUubWFwcy5wbGFjZXMudjEuUGxhY2VzLlNlYXJjaE5lYXJieRACGAQgAA","google_icon_mask_base_uri":"https://maps.gstatic.com/mapfiles/place_api/icons/v2/bar_pinlet","google_icon_background_color":"#FF9E67","formatted_address":"Riverside, 3XPH+HVF, Samoki, Bontoc, Mountain Province, Philippines","business_status":"OPERATIONAL","rating":5,"user_rating_count":1,"barangay_slug":"samoki","barangay_name":"Samoki"},"geometry":{"type":"Point","coordinates":[120.97967039999999,17.0864411]}},{"type":"Feature","properties":{"name":"Xuayan’s","kind":"business","kind_label":"Business","source":"google_places","google_place_id":"ChIJY6osNwDTjzMREHvf4fHgwD4","google_primary_type":"bistro","google_primary_type_label":"Bistro","google_types":["bistro","restaurant","food","point_of_interest","establishment"],"google_maps_uri":"https://maps.google.com/?cid=4521861355361237776&g_mp=Cilnb29nbGUubWFwcy5wbGFjZXMudjEuUGxhY2VzLlNlYXJjaE5lYXJieRACGAQgAA","google_icon_mask_base_uri":"https://maps.gstatic.com/mapfiles/place_api/icons/v2/restaurant_pinlet","google_icon_background_color":"#FF9E67","formatted_address":"3XPH+HCX, Cheppay, Lanao, Mountain Province, Philippines","business_status":"OPERATIONAL","rating":4.3,"user_rating_count":4,"barangay_slug":"samoki","barangay_name":"Samoki"},"geometry":{"type":"Point","coordinates":[120.9786126,17.0864924]}},{"type":"Feature","properties":{"name":"Yhuan Yhatz Shoppy - ROCKSACK","kind":"business","kind_label":"Business","source":"google_places","google_place_id":"ChIJyTvTJwDTjzMRgkMcoQrsk_0","google_primary_type":"store","google_primary_type_label":"Store","google_types":["store","point_of_interest","establishment"],"google_maps_uri":"https://maps.google.com/?cid=18272207643569046402&g_mp=Cilnb29nbGUubWFwcy5wbGFjZXMudjEuUGxhY2VzLlNlYXJjaE5lYXJieRACGAQgAA","google_icon_mask_base_uri":"https://maps.gstatic.com/mapfiles/place_api/icons/v2/shopping_pinlet","google_icon_background_color":"#4B96F3","formatted_address":"3XMJ+6WQ, Samoki, Bontoc, Mountain Province, Philippines","business_status":"OPERATIONAL","rating":5,"user_rating_count":1,"barangay_slug":"samoki","barangay_name":"Samoki"},"geometry":{"type":"Point","coordinates":[120.9823744,17.0830834]}},{"type":"Feature","properties":{"name":"VitaMed Pharmacy","kind":"clinic","kind_label":"Clinic","source":"google_places","google_place_id":"ChIJJ6JZr5nTjzMRXAeJOX-qkQQ","google_primary_type":"pharmacy","google_primary_type_label":"Pharmacy","google_types":["pharmacy","point_of_interest","health","store","establishment"],"google_maps_uri":"https://maps.google.com/?cid=329231711177607004&g_mp=Cilnb29nbGUubWFwcy5wbGFjZXMudjEuUGxhY2VzLlNlYXJjaE5lYXJieRACGAQgAA","google_icon_mask_base_uri":"https://maps.gstatic.com/mapfiles/place_api/icons/v2/pharmacy_pinlet","google_icon_background_color":"#F88181","formatted_address":"Samoki Bridge, Bontoc, 2616 Mountain Province, Philippines","business_status":"OPERATIONAL","rating":null,"user_rating_count":null,"barangay_slug":"samoki","barangay_name":"Samoki"},"geometry":{"type":"Point","coordinates":[120.98189420000001,17.084112299999997]}},{"type":"Feature","properties":{"name":"Samoki Elementary School","kind":"govt","kind_label":"Government","source":"google_places","google_place_id":"ChIJ0zChXibSjzMR9DKx53FwMv8","google_primary_type":"government_office","google_primary_type_label":"Government Office","google_types":["government_office","school","educational_institution","point_of_interest","establishment"],"google_maps_uri":"https://maps.google.com/?cid=18388883863027921652&g_mp=Cilnb29nbGUubWFwcy5wbGFjZXMudjEuUGxhY2VzLlNlYXJjaE5lYXJieRACGAQgAA","google_icon_mask_base_uri":"https://maps.gstatic.com/mapfiles/place_api/icons/v2/school_pinlet","google_icon_background_color":"#7B9EB0","formatted_address":"3XQM+2F7, Nueva Vizcaya - Ifugao - Mountain Province Rd, Bontoc, Mountain Province, Philippines","business_status":"CLOSED_TEMPORARILY","rating":null,"user_rating_count":null,"barangay_slug":"samoki","barangay_name":"Samoki"},"geometry":{"type":"Point","coordinates":[120.98366879999999,17.0875326]}},{"type":"Feature","properties":{"name":"Samoki Police Outpost","kind":"govt","kind_label":"Government","source":"google_places","google_place_id":"ChIJBzwmKinSjzMRyRBu80h2gcM","google_primary_type":"government_office","google_primary_type_label":"Government Office","google_types":["police","government_office","point_of_interest","service","establishment"],"google_maps_uri":"https://maps.google.com/?cid=14087671165085421769&g_mp=Cilnb29nbGUubWFwcy5wbGFjZXMudjEuUGxhY2VzLlNlYXJjaE5lYXJieRACGAQgAA","google_icon_mask_base_uri":"https://maps.gstatic.com/mapfiles/place_api/icons/v2/police_pinlet","google_icon_background_color":"#F88181","formatted_address":"3XMJ+4WF, Nueva Vizcaya - Ifugao - Mountain Province Rd, Bontoc, Mountain Province, Philippines","business_status":"OPERATIONAL","rating":null,"user_rating_count":null,"barangay_slug":"samoki","barangay_name":"Samoki"},"geometry":{"type":"Point","coordinates":[120.98230040000001,17.082816599999997]}},{"type":"Feature","properties":{"name":"Bontoc General Hospital","kind":"hospital","kind_label":"Hospital","source":"google_places","google_place_id":"ChIJw4ULpSXSjzMR43Y-bpNxhrY","google_primary_type":"hospital","google_primary_type_label":"Hospital","google_types":["hospital","health","service","point_of_interest","establishment"],"google_maps_uri":"https://maps.google.com/?cid=13152324639805830883&g_mp=Cilnb29nbGUubWFwcy5wbGFjZXMudjEuUGxhY2VzLlNlYXJjaE5lYXJieRACGAQgAA","google_icon_mask_base_uri":"https://maps.gstatic.com/mapfiles/place_api/icons/v2/hospital-H_pinlet","google_icon_background_color":"#F88181","formatted_address":"Bontoc Jumbo Bridge, Nueva Vizcaya - Ifugao - Mountain Province Rd, Bontoc, Lalawigang Bulubundukin, Philippines","business_status":"OPERATIONAL","rating":null,"user_rating_count":null,"barangay_slug":"samoki","barangay_name":"Samoki"},"geometry":{"type":"Point","coordinates":[120.97958659999999,17.08784]}},{"type":"Feature","properties":{"name":"AMM Samoki Food Products Trading","kind":"market","kind_label":"Market","source":"google_places","google_place_id":"ChIJHd4_WQDTjzMRn7sf-WHa21Y","google_primary_type":"food_store","google_primary_type_label":"Food Store","google_types":["food_store","food","point_of_interest","store","establishment"],"google_maps_uri":"https://maps.google.com/?cid=6258836221487725471&g_mp=Cidnb29nbGUubWFwcy5wbGFjZXMudjEuUGxhY2VzLlNlYXJjaFRleHQQAhgEIAA","google_icon_mask_base_uri":"https://maps.gstatic.com/mapfiles/place_api/icons/v2/shopping_pinlet","google_icon_background_color":"#4B96F3","formatted_address":"Near Temporay, Nueva Vizcaya Road, Samoki, Bontoc, 2616 Mountain Province, Philippines","business_status":"OPERATIONAL","rating":null,"user_rating_count":null,"barangay_slug":"samoki","barangay_name":"Samoki"},"geometry":{"type":"Point","coordinates":[120.98030639999999,17.087003199999998]}},{"type":"Feature","properties":{"name":"Baby Dragon","kind":"market","kind_label":"Market","source":"google_places","google_place_id":"ChIJA8BFSxbTjzMRuiVj9B3ddXA","google_primary_type":"grocery_store","google_primary_type_label":"Grocery Store","google_types":["grocery_store","food_store","store","point_of_interest","food","establishment"],"google_maps_uri":"https://maps.google.com/?cid=8103626225247004090&g_mp=Cilnb29nbGUubWFwcy5wbGFjZXMudjEuUGxhY2VzLlNlYXJjaE5lYXJieRACGAQgAA","google_icon_mask_base_uri":"https://maps.gstatic.com/mapfiles/place_api/icons/v2/shoppingcart_pinlet","google_icon_background_color":"#4B96F3","formatted_address":"3XPM+WFG, Bontoc, Mountain Province, Philippines","business_status":"OPERATIONAL","rating":null,"user_rating_count":null,"barangay_slug":"samoki","barangay_name":"Samoki"},"geometry":{"type":"Point","coordinates":[120.98371780000001,17.0873179]}},{"type":"Feature","properties":{"name":"Double G Frozen Foods","kind":"market","kind_label":"Market","source":"google_places","google_place_id":"ChIJbaK_NS_SjzMR5KY4TgjbtSo","google_primary_type":"grocery_store","google_primary_type_label":"Grocery Store","google_types":["grocery_store","food_store","food","point_of_interest","store","establishment"],"google_maps_uri":"https://maps.google.com/?cid=3077606749096158948&g_mp=Cilnb29nbGUubWFwcy5wbGFjZXMudjEuUGxhY2VzLlNlYXJjaE5lYXJieRACGAQgAA","google_icon_mask_base_uri":"https://maps.gstatic.com/mapfiles/place_api/icons/v2/shoppingcart_pinlet","google_icon_background_color":"#4B96F3","formatted_address":"3XMJ+MMJ, Nueva Vizcaya - Ifugao - Mountain Province Rd, Bontoc, Mountain Province, Philippines","business_status":"OPERATIONAL","rating":null,"user_rating_count":null,"barangay_slug":"samoki","barangay_name":"Samoki"},"geometry":{"type":"Point","coordinates":[120.9816331,17.0842101]}},{"type":"Feature","properties":{"name":"G-Mart Grocery","kind":"market","kind_label":"Market","source":"google_places","google_place_id":"ChIJ2U6z-QzTjzMRcRAzqD1Cpl4","google_primary_type":"grocery_store","google_primary_type_label":"Grocery Store","google_types":["grocery_store","food_store","food","point_of_interest","store","establishment"],"google_maps_uri":"https://maps.google.com/?cid=6820211518281551985&g_mp=Cilnb29nbGUubWFwcy5wbGFjZXMudjEuUGxhY2VzLlNlYXJjaE5lYXJieRACGAQgAA","google_icon_mask_base_uri":"https://maps.gstatic.com/mapfiles/place_api/icons/v2/shoppingcart_pinlet","google_icon_background_color":"#4B96F3","formatted_address":"Kalonglong, 3XMJ+GRR, Bontoc, Mountain Province, Philippines","business_status":"OPERATIONAL","rating":null,"user_rating_count":null,"barangay_slug":"samoki","barangay_name":"Samoki"},"geometry":{"type":"Point","coordinates":[120.9820153,17.0838619]}},{"type":"Feature","properties":{"name":"Makhuway's Bread And Pastries","kind":"market","kind_label":"Market","source":"google_places","google_place_id":"ChIJ23hPfgDTjzMR1n3ER82V3Ug","google_primary_type":"bakery","google_primary_type_label":"Bakery","google_types":["bakery","food_store","food","point_of_interest","store","establishment"],"google_maps_uri":"https://maps.google.com/?cid=5250517449488760278&g_mp=Cilnb29nbGUubWFwcy5wbGFjZXMudjEuUGxhY2VzLlNlYXJjaE5lYXJieRACGAQgAA","google_icon_mask_base_uri":"https://maps.gstatic.com/mapfiles/place_api/icons/v2/restaurant_pinlet","google_icon_background_color":"#FF9E67","formatted_address":"Faniswa Bldg, Samoki, Bontoc, Mountain Province, Philippines","business_status":"OPERATIONAL","rating":1,"user_rating_count":1,"barangay_slug":"samoki","barangay_name":"Samoki"},"geometry":{"type":"Point","coordinates":[120.98234509999999,17.0831478]}},{"type":"Feature","properties":{"name":"NORJIMS Snacks & Stocks","kind":"market","kind_label":"Market","source":"google_places","google_place_id":"ChIJe_s2HgDTjzMRw4JF3J-9974","google_primary_type":"coffee_shop","google_primary_type_label":"Coffee Shop","google_types":["coffee_shop","cafe","food_store","food","point_of_interest","store","establishment"],"google_maps_uri":"https://maps.google.com/?cid=13760675680746832579&g_mp=Cilnb29nbGUubWFwcy5wbGFjZXMudjEuUGxhY2VzLlNlYXJjaE5lYXJieRACGAQgAA","google_icon_mask_base_uri":"https://maps.gstatic.com/mapfiles/place_api/icons/v2/cafe_pinlet","google_icon_background_color":"#FF9E67","formatted_address":"3XMJ+HQH, Nueva Vizcaya - Ifugao - Mountain Province Rd, Bontoc, Mountain Province, Philippines","business_status":"OPERATIONAL","rating":null,"user_rating_count":null,"barangay_slug":"samoki","barangay_name":"Samoki"},"geometry":{"type":"Point","coordinates":[120.98194489999999,17.0838927]}},{"type":"Feature","properties":{"name":"Pinatz Sari-sari Store","kind":"market","kind_label":"Market","source":"google_places","google_place_id":"ChIJLcQXMgDTjzMRzg09_OMcOZc","google_primary_type":"general_store","google_primary_type_label":"General Store","google_types":["general_store","food_store","food","point_of_interest","store","establishment"],"google_maps_uri":"https://maps.google.com/?cid=10896772538914639310&g_mp=Cidnb29nbGUubWFwcy5wbGFjZXMudjEuUGxhY2VzLlNlYXJjaFRleHQQAhgEIAA","google_icon_mask_base_uri":"https://maps.gstatic.com/mapfiles/place_api/icons/v2/shopping_pinlet","google_icon_background_color":"#4B96F3","formatted_address":"3XPH+FC4, Cheppay, Poblacion, Bontoc, Mountain Province, Philippines","business_status":"OPERATIONAL","rating":null,"user_rating_count":null,"barangay_slug":"samoki","barangay_name":"Samoki"},"geometry":{"type":"Point","coordinates":[120.97859199999999,17.08613]}},{"type":"Feature","properties":{"name":"Rekumasi Hair & MakeUp Studio","kind":"market","kind_label":"Market","source":"google_places","google_place_id":"ChIJrVVkRdnTjzMROjMCWntDxRo","google_primary_type":"art_studio","google_primary_type_label":"Art Studio","google_types":["art_studio","beauty_salon","general_store","food_store","food","point_of_interest","service","store","establishment"],"google_maps_uri":"https://maps.google.com/?cid=1929022212468257594&g_mp=Cilnb29nbGUubWFwcy5wbGFjZXMudjEuUGxhY2VzLlNlYXJjaE5lYXJieRACGAQgAA","google_icon_mask_base_uri":"https://maps.gstatic.com/mapfiles/place_api/icons/v2/generic_pinlet","google_icon_background_color":"#7B9EB0","formatted_address":"Khefa, 3XPM+R68, Bontoc, 2616 Mountain Province, Philippines","business_status":"OPERATIONAL","rating":5,"user_rating_count":2,"barangay_slug":"samoki","barangay_name":"Samoki"},"geometry":{"type":"Point","coordinates":[120.98307469999999,17.0870258]}},{"type":"Feature","properties":{"name":"Renshamin Store","kind":"market","kind_label":"Market","source":"google_places","google_place_id":"ChIJ0w181ijSjzMRV49wGXAm4I0","google_primary_type":"grocery_store","google_primary_type_label":"Grocery Store","google_types":["grocery_store","food_store","food","point_of_interest","store","establishment"],"google_maps_uri":"https://maps.google.com/?cid=10223213417036025687&g_mp=Cilnb29nbGUubWFwcy5wbGFjZXMudjEuUGxhY2VzLlNlYXJjaE5lYXJieRACGAQgAA","google_icon_mask_base_uri":"https://maps.gstatic.com/mapfiles/place_api/icons/v2/shoppingcart_pinlet","google_icon_background_color":"#4B96F3","formatted_address":"2616 Samoki Bridge, Bontoc, 2616 Mountain Province, Philippines","business_status":"OPERATIONAL","rating":null,"user_rating_count":null,"barangay_slug":"samoki","barangay_name":"Samoki"},"geometry":{"type":"Point","coordinates":[120.98229419999998,17.0829791]}},{"type":"Feature","properties":{"name":"Samokey Coffee House","kind":"market","kind_label":"Market","source":"google_places","google_place_id":"ChIJ14cEPEDTjzMRZ34Ffbl0ZZA","google_primary_type":"coffee_shop","google_primary_type_label":"Coffee Shop","google_types":["coffee_shop","cafe","food_store","store","point_of_interest","food","establishment"],"google_maps_uri":"https://maps.google.com/?cid=10404850854124682855&g_mp=Cilnb29nbGUubWFwcy5wbGFjZXMudjEuUGxhY2VzLlNlYXJjaE5lYXJieRACGAQgAA","google_icon_mask_base_uri":"https://maps.gstatic.com/mapfiles/place_api/icons/v2/cafe_pinlet","google_icon_background_color":"#FF9E67","formatted_address":"Bontoc, Mountain Province, Philippines","business_status":"OPERATIONAL","rating":4.9,"user_rating_count":45,"barangay_slug":"samoki","barangay_name":"Samoki"},"geometry":{"type":"Point","coordinates":[120.98117339999997,17.0872285]}},{"type":"Feature","properties":{"name":"Ab-abtana Resort","kind":"tourism","kind_label":"Tourism","source":"google_places","google_place_id":"ChIJ_9bkDy_SjzMRxKQen9xjL6A","google_primary_type":"resort_hotel","google_primary_type_label":"Resort hotel","google_types":["resort_hotel","hotel","lodging","point_of_interest","establishment"],"google_maps_uri":"https://maps.google.com/?cid=11542554169187411140&g_mp=Cilnb29nbGUubWFwcy5wbGFjZXMudjEuUGxhY2VzLlNlYXJjaE5lYXJieRACGAQgAA","google_icon_mask_base_uri":"https://maps.gstatic.com/mapfiles/place_api/icons/v2/hotel_pinlet","google_icon_background_color":"#909CE1","formatted_address":"3XMH+JV4, Bontoc, Mountain Province, Philippines","business_status":"OPERATIONAL","rating":4.5,"user_rating_count":10,"barangay_slug":"samoki","barangay_name":"Samoki"},"geometry":{"type":"Point","coordinates":[120.97970949999998,17.0840067]}},{"type":"Feature","properties":{"name":"Archog Hotel and Restaurant","kind":"tourism","kind_label":"Tourism","source":"google_places","google_place_id":"ChIJoZDKVSTSjzMRhb29T6NHSmE","google_primary_type":"hotel","google_primary_type_label":"Hotel","google_types":["hotel","lodging","point_of_interest","establishment"],"google_maps_uri":"https://maps.google.com/?cid=7010494536698674565&g_mp=Cilnb29nbGUubWFwcy5wbGFjZXMudjEuUGxhY2VzLlNlYXJjaE5lYXJieRACGAQgAA","google_icon_mask_base_uri":"https://maps.gstatic.com/mapfiles/place_api/icons/v2/hotel_pinlet","google_icon_background_color":"#909CE1","formatted_address":"3XPJ+6F9, Nueva Vizcaya - Ifugao - Mountain Province Rd, Bontoc, Mountain Province, Philippines","business_status":"OPERATIONAL","rating":3.8,"user_rating_count":89,"barangay_slug":"samoki","barangay_name":"Samoki"},"geometry":{"type":"Point","coordinates":[120.98122769999998,17.0855271]}},{"type":"Feature","properties":{"name":"Diadems Inn","kind":"tourism","kind_label":"Tourism","source":"google_places","google_place_id":"ChIJBbZA0m_TjzMRgkNzQNwy-VQ","google_primary_type":"hotel","google_primary_type_label":"Hotel","google_types":["hotel","lodging","point_of_interest","establishment"],"google_maps_uri":"https://maps.google.com/?cid=6122981089942389634&g_mp=Cilnb29nbGUubWFwcy5wbGFjZXMudjEuUGxhY2VzLlNlYXJjaE5lYXJieRACGAQgAA","google_icon_mask_base_uri":"https://maps.gstatic.com/mapfiles/place_api/icons/v2/hotel_pinlet","google_icon_background_color":"#909CE1","formatted_address":"Barangay, Kalonglong Road, Samoki, Bontoc, 2616 Mountain Province, Philippines","business_status":"OPERATIONAL","rating":4.1,"user_rating_count":8,"barangay_slug":"samoki","barangay_name":"Samoki"},"geometry":{"type":"Point","coordinates":[120.9821705,17.0834063]}},{"type":"Feature","properties":{"name":"Dossip's Place","kind":"tourism","kind_label":"Tourism","source":"google_places","google_place_id":"ChIJu8HFkpvTjzMR8ctRvGt0BsA","google_primary_type":"swimming_pool","google_primary_type_label":"Swimming Pool","google_types":["swimming_pool","sports_activity_location","point_of_interest","establishment"],"google_maps_uri":"https://maps.google.com/?cid=13836874911212227569&g_mp=Cilnb29nbGUubWFwcy5wbGFjZXMudjEuUGxhY2VzLlNlYXJjaE5lYXJieRACGAQgAA","google_icon_mask_base_uri":"https://maps.gstatic.com/mapfiles/place_api/icons/v2/generic_pinlet","google_icon_background_color":"#7B9EB0","formatted_address":"3XFP+8V7, Nueva Vizcaya - Ifugao - Mountain Province Rd, Bontoc, Mountain Province, Philippines","business_status":"OPERATIONAL","rating":5,"user_rating_count":1,"barangay_slug":"samoki","barangay_name":"Samoki"},"geometry":{"type":"Point","coordinates":[120.9870974,17.07371]}},{"type":"Feature","properties":{"name":"Enjoy the comfort of Bontoc","kind":"tourism","kind_label":"Tourism","source":"google_places","google_place_id":"ChIJP049Ri_SjzMRNlzn3EQMMLA","google_primary_type":"lodging","google_primary_type_label":"Lodging","google_types":["lodging","point_of_interest","establishment"],"google_maps_uri":"https://maps.google.com/?cid=12695660839460887606&g_mp=Cilnb29nbGUubWFwcy5wbGFjZXMudjEuUGxhY2VzLlNlYXJjaE5lYXJieRACGAQgAA","google_icon_mask_base_uri":"https://maps.gstatic.com/mapfiles/place_api/icons/v2/hotel_pinlet","google_icon_background_color":"#909CE1","formatted_address":"Bontoc, Mountain Province, Philippines","business_status":"OPERATIONAL","rating":null,"user_rating_count":null,"barangay_slug":"samoki","barangay_name":"Samoki"},"geometry":{"type":"Point","coordinates":[120.98113249999999,17.0846291]}},{"type":"Feature","properties":{"name":"Kidlaa Hotel and Restaurant","kind":"tourism","kind_label":"Tourism","source":"google_places","google_place_id":"ChIJNzszlSXSjzMRwtKQWlj8Ass","google_primary_type":"hotel","google_primary_type_label":"Hotel","google_types":["hotel","lodging","point_of_interest","establishment"],"google_maps_uri":"https://maps.google.com/?cid=14628531996059554498&g_mp=Cilnb29nbGUubWFwcy5wbGFjZXMudjEuUGxhY2VzLlNlYXJjaE5lYXJieRACGAQgAA","google_icon_mask_base_uri":"https://maps.gstatic.com/mapfiles/place_api/icons/v2/hotel_pinlet","google_icon_background_color":"#909CE1","formatted_address":"3XMJ+QHW, Nueva Vizcaya - Ifugao - Mountain Province Rd, Bontoc, Mountain Province, Philippines","business_status":"OPERATIONAL","rating":3.7,"user_rating_count":10,"barangay_slug":"samoki","barangay_name":"Samoki"},"geometry":{"type":"Point","coordinates":[120.9814684,17.0844752]}},{"type":"Feature","properties":{"name":"Mara's Swimming Pool","kind":"tourism","kind_label":"Tourism","source":"google_places","google_place_id":"ChIJh_O2RxbTjzMRXezX9soa4M0","google_primary_type":"swimming_pool","google_primary_type_label":"Swimming Pool","google_types":["swimming_pool","sports_activity_location","point_of_interest","establishment"],"google_maps_uri":"https://maps.google.com/?cid=14834886631585475677&g_mp=Cilnb29nbGUubWFwcy5wbGFjZXMudjEuUGxhY2VzLlNlYXJjaE5lYXJieRACGAQgAA","google_icon_mask_base_uri":"https://maps.gstatic.com/mapfiles/place_api/icons/v2/generic_pinlet","google_icon_background_color":"#7B9EB0","formatted_address":"3XJJ+QPH, Bontoc, Mountain Province, Philippines","business_status":"OPERATIONAL","rating":4.3,"user_rating_count":6,"barangay_slug":"samoki","barangay_name":"Samoki"},"geometry":{"type":"Point","coordinates":[120.9818604,17.0819265]}},{"type":"Feature","properties":{"name":"Myrna Hotel","kind":"tourism","kind_label":"Tourism","source":"google_places","google_place_id":"ChIJ3_5WZ67TjzMRvXvB5SiIiP8","google_primary_type":"hotel","google_primary_type_label":"Hotel","google_types":["hotel","lodging","point_of_interest","establishment"],"google_maps_uri":"https://maps.google.com/?cid=18413116785739004861&g_mp=Cilnb29nbGUubWFwcy5wbGFjZXMudjEuUGxhY2VzLlNlYXJjaE5lYXJieRACGAQgAA","google_icon_mask_base_uri":"https://maps.gstatic.com/mapfiles/place_api/icons/v2/hotel_pinlet","google_icon_background_color":"#909CE1","formatted_address":"Brgy Samoki Bridge, Bontoc, 2616 Mountain Province, Philippines","business_status":"OPERATIONAL","rating":3,"user_rating_count":4,"barangay_slug":"samoki","barangay_name":"Samoki"},"geometry":{"type":"Point","coordinates":[120.981343,17.0846211]}},{"type":"Feature","properties":{"name":"ninjavan bontoc riders inn","kind":"tourism","kind_label":"Tourism","source":"google_places","google_place_id":"ChIJHdUAKkrTjzMRVmOkmo8n6y8","google_primary_type":"hotel","google_primary_type_label":"Hotel","google_types":["hotel","lodging","point_of_interest","establishment"],"google_maps_uri":"https://maps.google.com/?cid=3452897037037888342&g_mp=Cilnb29nbGUubWFwcy5wbGFjZXMudjEuUGxhY2VzLlNlYXJjaE5lYXJieRACGAQgAA","google_icon_mask_base_uri":"https://maps.gstatic.com/mapfiles/place_api/icons/v2/hotel_pinlet","google_icon_background_color":"#909CE1","formatted_address":"3XMJ+8RM, Nueva Vizcaya - Ifugao - Mountain Province Rd, Bontoc, Mountain Province, Philippines","business_status":"OPERATIONAL","rating":3,"user_rating_count":1,"barangay_slug":"samoki","barangay_name":"Samoki"},"geometry":{"type":"Point","coordinates":[120.981909,17.0840897]}},{"type":"Feature","properties":{"name":"Pudchao Inn","kind":"tourism","kind_label":"Tourism","source":"google_places","google_place_id":"ChIJFcOQ9YvRjzMRCAlQMBbYuAU","google_primary_type":"inn","google_primary_type_label":"Inn","google_types":["inn","lodging","point_of_interest","establishment"],"google_maps_uri":"https://maps.google.com/?cid=412316955715832072&g_mp=Cilnb29nbGUubWFwcy5wbGFjZXMudjEuUGxhY2VzLlNlYXJjaE5lYXJieRACGAQgAA","google_icon_mask_base_uri":"https://maps.gstatic.com/mapfiles/place_api/icons/v2/hotel_pinlet","google_icon_background_color":"#909CE1","formatted_address":"3XCQ+W48, Nueva Vizcaya - Ifugao - Mountain Province Rd, Bontoc, Mountain Province Agcuyo, Bontoc, 2616 Mountain Province, Philippines","business_status":"OPERATIONAL","rating":null,"user_rating_count":null,"barangay_slug":"samoki","barangay_name":"Samoki"},"geometry":{"type":"Point","coordinates":[120.98781249999999,17.0723125]}},{"type":"Feature","properties":{"name":"RD's Apartment in Eyeb, Poblacion, Bontoc - Entire Place","kind":"tourism","kind_label":"Tourism","source":"google_places","google_place_id":"ChIJ4xY6ZSTSjzMRb_n0lKjNpuY","google_primary_type":"lodging","google_primary_type_label":"Lodging","google_types":["lodging","point_of_interest","establishment"],"google_maps_uri":"https://maps.google.com/?cid=16620197598794676591&g_mp=Cilnb29nbGUubWFwcy5wbGFjZXMudjEuUGxhY2VzLlNlYXJjaE5lYXJieRACGAQgAA","google_icon_mask_base_uri":"https://maps.gstatic.com/mapfiles/place_api/icons/v2/hotel_pinlet","google_icon_background_color":"#909CE1","formatted_address":"Bontoc, Mountain Province, Philippines","business_status":"OPERATIONAL","rating":null,"user_rating_count":null,"barangay_slug":"samoki","barangay_name":"Samoki"},"geometry":{"type":"Point","coordinates":[120.9796295,17.0905132]}},{"type":"Feature","properties":{"name":"Ridgebrooke Hotel and Restaurant","kind":"tourism","kind_label":"Tourism","source":"google_places","google_place_id":"ChIJ26QKuyXSjzMRYPvHDCiA4gg","google_primary_type":"hotel","google_primary_type_label":"Hotel","google_types":["hotel","lodging","point_of_interest","establishment"],"google_maps_uri":"https://maps.google.com/?cid=640215006541511520&g_mp=Cilnb29nbGUubWFwcy5wbGFjZXMudjEuUGxhY2VzLlNlYXJjaE5lYXJieRACGAQgAA","google_icon_mask_base_uri":"https://maps.gstatic.com/mapfiles/place_api/icons/v2/hotel_pinlet","google_icon_background_color":"#909CE1","formatted_address":"Nueva Vizcaya - Ifugao - Mountain Province Rd, Bontoc, Mountain Province, Philippines","business_status":"OPERATIONAL","rating":4.1,"user_rating_count":90,"barangay_slug":"samoki","barangay_name":"Samoki"},"geometry":{"type":"Point","coordinates":[120.981279,17.0858505]}},{"type":"Feature","properties":{"name":"Samoki Valley Inn and Restaurant","kind":"tourism","kind_label":"Tourism","source":"google_places","google_place_id":"ChIJZ7dTvSXSjzMR674HlvrQHX0","google_primary_type":"hotel","google_primary_type_label":"Hotel","google_types":["hotel","lodging","point_of_interest","establishment"],"google_maps_uri":"https://maps.google.com/?cid=9015591803743092459&g_mp=Cilnb29nbGUubWFwcy5wbGFjZXMudjEuUGxhY2VzLlNlYXJjaE5lYXJieRACGAQgAA","google_icon_mask_base_uri":"https://maps.gstatic.com/mapfiles/place_api/icons/v2/hotel_pinlet","google_icon_background_color":"#909CE1","formatted_address":"3XPJ+88P, Nueva Vizcaya - Ifugao - Mountain Province Rd, Bontoc, Mountain Province, Philippines","business_status":"OPERATIONAL","rating":4.4,"user_rating_count":28,"barangay_slug":"samoki","barangay_name":"Samoki"},"geometry":{"type":"Point","coordinates":[120.980823,17.0858489]}},{"type":"Feature","properties":{"name":"Sight Homestay","kind":"tourism","kind_label":"Tourism","source":"google_places","google_place_id":"ChIJoRHBcwDTjzMR618aEYyvNqM","google_primary_type":"private_guest_room","google_primary_type_label":"Homestay","google_types":["private_guest_room","lodging","point_of_interest","establishment"],"google_maps_uri":"https://maps.google.com/?cid=11760780493041852395&g_mp=Cilnb29nbGUubWFwcy5wbGFjZXMudjEuUGxhY2VzLlNlYXJjaE5lYXJieRACGAQgAA","google_icon_mask_base_uri":"https://maps.gstatic.com/mapfiles/place_api/icons/v2/hotel_pinlet","google_icon_background_color":"#909CE1","formatted_address":"3XQJ+WGW, Bontoc, Mountain Province, Philippines","business_status":"OPERATIONAL","rating":null,"user_rating_count":null,"barangay_slug":"samoki","barangay_name":"Samoki"},"geometry":{"type":"Point","coordinates":[120.98132559999999,17.0898737]}},{"type":"Feature","properties":{"name":"Tay-og Building","kind":"tourism","kind_label":"Tourism","source":"google_places","google_place_id":"ChIJ_VQe8t_TjzMRrfqatXQ-Om0","google_primary_type":"private_guest_room","google_primary_type_label":"Homestay","google_types":["private_guest_room","lodging","point_of_interest","establishment"],"google_maps_uri":"https://maps.google.com/?cid=7870671969767324333&g_mp=Cilnb29nbGUubWFwcy5wbGFjZXMudjEuUGxhY2VzLlNlYXJjaE5lYXJieRACGAQgAA","google_icon_mask_base_uri":"https://maps.gstatic.com/mapfiles/place_api/icons/v2/hotel_pinlet","google_icon_background_color":"#909CE1","formatted_address":"3XMJ+QMX, Nueva Vizcaya - Ifugao - Mountain Province Rd, Bontoc, Mountain Province, Philippines","business_status":"OPERATIONAL","rating":null,"user_rating_count":null,"barangay_slug":"samoki","barangay_name":"Samoki"},"geometry":{"type":"Point","coordinates":[120.981742,17.084429999999998]}},{"type":"Feature","properties":{"name":"Torogi Shooting Range","kind":"tourism","kind_label":"Tourism","source":"google_places","google_place_id":"ChIJLbS1m4_TjzMR8bAUKvto6uc","google_primary_type":"sports_club","google_primary_type_label":"Sports Club","google_types":["sports_club","association_or_organization","point_of_interest","establishment"],"google_maps_uri":"https://maps.google.com/?cid=16711284795263725809&g_mp=Cilnb29nbGUubWFwcy5wbGFjZXMudjEuUGxhY2VzLlNlYXJjaE5lYXJieRACGAQgAA","google_icon_mask_base_uri":"https://maps.gstatic.com/mapfiles/place_api/icons/v2/generic_pinlet","google_icon_background_color":"#7B9EB0","formatted_address":"3XFP+8V7, Banaue Road, Faniyas, Bontoc, Mountain Province, Philippines","business_status":"OPERATIONAL","rating":null,"user_rating_count":null,"barangay_slug":"samoki","barangay_name":"Samoki"},"geometry":{"type":"Point","coordinates":[120.98717799999999,17.073297]}},{"type":"Feature","properties":{"name":"Bontoc","kind":"transport","kind_label":"Transport","source":"google_places","google_place_id":"ChIJJ6MW9CXSjzMRqpnK1cE750I","google_primary_type":"bus_stop","google_primary_type_label":"Bus stop","google_types":["bus_stop","transit_stop","transit_station","transportation_service","point_of_interest","establishment"],"google_maps_uri":"https://maps.google.com/?cid=4820887629824956842&g_mp=Cilnb29nbGUubWFwcy5wbGFjZXMudjEuUGxhY2VzLlNlYXJjaE5lYXJieRACGAQgAA","google_icon_mask_base_uri":"https://maps.gstatic.com/mapfiles/place_api/icons/v2/transit_pinlet","google_icon_background_color":"#10BDFF","formatted_address":"Bontoc, Mountain Province, Philippines","business_status":"OPERATIONAL","rating":5,"user_rating_count":3,"barangay_slug":"samoki","barangay_name":"Samoki"},"geometry":{"type":"Point","coordinates":[120.980756,17.086026999999998]}},{"type":"Feature","properties":{"name":"Gas Refilling Station","kind":"transport","kind_label":"Transport","source":"google_places","google_place_id":"ChIJAf-zMi_SjzMR5Xi3-CD7Oww","google_primary_type":"gas_station","google_primary_type_label":"Gas Station","google_types":["gas_station","point_of_interest","service","establishment"],"google_maps_uri":"https://maps.google.com/?cid=881574271111362789&g_mp=Cilnb29nbGUubWFwcy5wbGFjZXMudjEuUGxhY2VzLlNlYXJjaE5lYXJieRACGAQgAA","google_icon_mask_base_uri":"https://maps.gstatic.com/mapfiles/place_api/icons/v2/gas_pinlet","google_icon_background_color":"#909CE1","formatted_address":"3XMJ+7V7, Nueva Vizcaya - Ifugao - Mountain Province Rd, Bontoc, Mountain Province, Philippines","business_status":"OPERATIONAL","rating":3.7,"user_rating_count":6,"barangay_slug":"samoki","barangay_name":"Samoki"},"geometry":{"type":"Point","coordinates":[120.98218649999998,17.083154099999998]}},{"type":"Feature","properties":{"name":"GASAT Gas Station and General Merchandise","kind":"transport","kind_label":"Transport","source":"google_places","google_place_id":"ChIJTRefWi_SjzMR62CKJhj7IlM","google_primary_type":"gas_station","google_primary_type_label":"Gas Station","google_types":["gas_station","point_of_interest","service","establishment"],"google_maps_uri":"https://maps.google.com/?cid=5990626535500570859&g_mp=Cilnb29nbGUubWFwcy5wbGFjZXMudjEuUGxhY2VzLlNlYXJjaE5lYXJieRACGAQgAA","google_icon_mask_base_uri":"https://maps.gstatic.com/mapfiles/place_api/icons/v2/gas_pinlet","google_icon_background_color":"#909CE1","formatted_address":"3XPJ+3F3, Nueva Vizcaya - Ifugao - Mountain Province Rd, Bontoc, Mountain Province, Philippines","business_status":"OPERATIONAL","rating":4.2,"user_rating_count":5,"barangay_slug":"samoki","barangay_name":"Samoki"},"geometry":{"type":"Point","coordinates":[120.98116370000001,17.0851275]}},{"type":"Feature","properties":{"name":"Kalley Gas Station","kind":"transport","kind_label":"Transport","source":"google_places","google_place_id":"ChIJqXcGxyfTjzMRr-Uf88dESqA","google_primary_type":"gas_station","google_primary_type_label":"Gas Station","google_types":["gas_station","point_of_interest","service","establishment"],"google_maps_uri":"https://maps.google.com/?cid=11550119819913192879&g_mp=Cilnb29nbGUubWFwcy5wbGFjZXMudjEuUGxhY2VzLlNlYXJjaE5lYXJieRACGAQgAA","google_icon_mask_base_uri":"https://maps.gstatic.com/mapfiles/place_api/icons/v2/gas_pinlet","google_icon_background_color":"#909CE1","formatted_address":"3XHM+M6H, Bontoc, Mountain Province, Philippines","business_status":"OPERATIONAL","rating":4.3,"user_rating_count":13,"barangay_slug":"samoki","barangay_name":"Samoki"},"geometry":{"type":"Point","coordinates":[120.98310090000001,17.079182499999998]}},{"type":"Feature","properties":{"name":"Meldrans Oilshope","kind":"transport","kind_label":"Transport","source":"google_places","google_place_id":"ChIJ07Ir1CjSjzMR_LTURpakoKY","google_primary_type":"gas_station","google_primary_type_label":"Gas Station","google_types":["gas_station","point_of_interest","service","establishment"],"google_maps_uri":"https://maps.google.com/?cid=12006777571910137084&g_mp=Cilnb29nbGUubWFwcy5wbGFjZXMudjEuUGxhY2VzLlNlYXJjaE5lYXJieRACGAQgAA","google_icon_mask_base_uri":"https://maps.gstatic.com/mapfiles/place_api/icons/v2/gas_pinlet","google_icon_background_color":"#909CE1","formatted_address":"3XMJ+6VH, Nueva Vizcaya - Ifugao - Mountain Province Rd, Bontoc, Mountain Province, Philippines","business_status":"OPERATIONAL","rating":null,"user_rating_count":null,"barangay_slug":"samoki","barangay_name":"Samoki"},"geometry":{"type":"Point","coordinates":[120.98224340000002,17.0830603]}},{"type":"Feature","properties":{"name":"Temporary D' Rising Sun Parking","kind":"transport","kind_label":"Transport","source":"google_places","google_place_id":"ChIJRbEYZgHTjzMRiY3MmPlvMOk","google_primary_type":"parking_lot","google_primary_type_label":"Parking Lot","google_types":["parking_lot","parking","transportation_service","point_of_interest","service","establishment"],"google_maps_uri":"https://maps.google.com/?cid=16803053327520402825&g_mp=Cilnb29nbGUubWFwcy5wbGFjZXMudjEuUGxhY2VzLlNlYXJjaE5lYXJieRACGAQgAA","google_icon_mask_base_uri":"https://maps.gstatic.com/mapfiles/place_api/icons/v2/parking_pinlet","google_icon_background_color":"#7B9EB0","formatted_address":"Bontoc, Mountain Province, Philippines","business_status":"OPERATIONAL","rating":4.5,"user_rating_count":2,"barangay_slug":"samoki","barangay_name":"Samoki"},"geometry":{"type":"Point","coordinates":[120.97971189999998,17.0856216]}},{"type":"Feature","properties":{"name":"Torogi Fuels","kind":"transport","kind_label":"Transport","source":"google_places","google_place_id":"ChIJ01vauXnTjzMRgjpcXoHGQ0o","google_primary_type":"gas_station","google_primary_type_label":"Gas Station","google_types":["gas_station","point_of_interest","service","establishment"],"google_maps_uri":"https://maps.google.com/?cid=5351339041182464642&g_mp=Cilnb29nbGUubWFwcy5wbGFjZXMudjEuUGxhY2VzLlNlYXJjaE5lYXJieRACGAQgAA","google_icon_mask_base_uri":"https://maps.gstatic.com/mapfiles/place_api/icons/v2/gas_pinlet","google_icon_background_color":"#909CE1","formatted_address":"3XFP+8V7, Nueva Vizcaya - Ifugao - Mountain Province Rd, Bontoc, Mountain Province, Philippines","business_status":"OPERATIONAL","rating":4.7,"user_rating_count":6,"barangay_slug":"samoki","barangay_name":"Samoki"},"geometry":{"type":"Point","coordinates":[120.9871668,17.0732841]}},{"type":"Feature","properties":{"name":"Baptist Church","kind":"worship","kind_label":"Worship","source":"google_places","google_place_id":"ChIJIwbpAOvTjzMRHU3autZqT0c","google_primary_type":"church","google_primary_type_label":"Church","google_types":["church","place_of_worship","point_of_interest","association_or_organization","establishment"],"google_maps_uri":"https://maps.google.com/?cid=5138443170343439645&g_mp=Cilnb29nbGUubWFwcy5wbGFjZXMudjEuUGxhY2VzLlNlYXJjaE5lYXJieRACGAQgAA","google_icon_mask_base_uri":"https://maps.gstatic.com/mapfiles/place_api/icons/v2/worship_christian_pinlet","google_icon_background_color":"#7B9EB0","formatted_address":"Kagwa-ang Samoki, Bontoc, Mountain Province, Philippines","business_status":"OPERATIONAL","rating":null,"user_rating_count":null,"barangay_slug":"samoki","barangay_name":"Samoki"},"geometry":{"type":"Point","coordinates":[120.9833168,17.0818943]}},{"type":"Feature","properties":{"name":"Blessed Hope Baptist Church","kind":"worship","kind_label":"Worship","source":"google_places","google_place_id":"ChIJgzTLOcDTjzMRF_9QiFHLNAQ","google_primary_type":"church","google_primary_type_label":"Church","google_types":["church","place_of_worship","association_or_organization","point_of_interest","establishment"],"google_maps_uri":"https://maps.google.com/?cid=303090625980464919&g_mp=Cilnb29nbGUubWFwcy5wbGFjZXMudjEuUGxhY2VzLlNlYXJjaE5lYXJieRACGAQgAA","google_icon_mask_base_uri":"https://maps.gstatic.com/mapfiles/place_api/icons/v2/worship_christian_pinlet","google_icon_background_color":"#7B9EB0","formatted_address":"Archog Annex Bldg. (4th Floor Alawas Street, Bontoc, 2616 Mountain Province, Philippines","business_status":"OPERATIONAL","rating":null,"user_rating_count":null,"barangay_slug":"samoki","barangay_name":"Samoki"},"geometry":{"type":"Point","coordinates":[120.98161829999998,17.084220800000004]}},{"type":"Feature","properties":{"name":"Gospel Light Bible Baptist Church International, Inc.","kind":"worship","kind_label":"Worship","source":"google_places","google_place_id":"ChIJwWHBqDTTjzMRMcW7duU-xrU","google_primary_type":"church","google_primary_type_label":"Church","google_types":["church","place_of_worship","association_or_organization","point_of_interest","establishment"],"google_maps_uri":"https://maps.google.com/?cid=13098225721514116401&g_mp=Cilnb29nbGUubWFwcy5wbGFjZXMudjEuUGxhY2VzLlNlYXJjaE5lYXJieRACGAQgAA","google_icon_mask_base_uri":"https://maps.gstatic.com/mapfiles/place_api/icons/v2/worship_christian_pinlet","google_icon_background_color":"#7B9EB0","formatted_address":"Bontoc, 2616 Mountain Province, Philippines","business_status":"OPERATIONAL","rating":5,"user_rating_count":2,"barangay_slug":"samoki","barangay_name":"Samoki"},"geometry":{"type":"Point","coordinates":[120.98222700000001,17.082981]}},{"type":"Feature","properties":{"name":"Kingdom Hall of Jehova's Witnesses","kind":"worship","kind_label":"Worship","source":"google_places","google_place_id":"ChIJnfsIuyXSjzMR8FtTB8-FsC8","google_primary_type":"church","google_primary_type_label":"Church","google_types":["church","place_of_worship","association_or_organization","point_of_interest","establishment"],"google_maps_uri":"https://maps.google.com/?cid=3436393639911316464&g_mp=Cidnb29nbGUubWFwcy5wbGFjZXMudjEuUGxhY2VzLlNlYXJjaFRleHQQAhgEIAA","google_icon_mask_base_uri":"https://maps.gstatic.com/mapfiles/place_api/icons/v2/worship_christian_pinlet","google_icon_background_color":"#7B9EB0","formatted_address":"3XPJ+H6V Welcome, Khefa, Nueva Vizcaya - Ifugao - Mountain Province Rd, Samoki, Bontoc, 2616 Lalawigang Bulubundukin, Philippines","business_status":"OPERATIONAL","rating":5,"user_rating_count":1,"barangay_slug":"samoki","barangay_name":"Samoki"},"geometry":{"type":"Point","coordinates":[120.98053480000002,17.0864759]}},{"type":"Feature","properties":{"name":"Roman Catholic Church","kind":"worship","kind_label":"Worship","source":"google_places","google_place_id":"ChIJDSSkXibSjzMR3ABRZkgDG2Y","google_primary_type":"church","google_primary_type_label":"Church","google_types":["church","place_of_worship","point_of_interest","association_or_organization","establishment"],"google_maps_uri":"https://maps.google.com/?cid=7357478025728950492&g_mp=Cilnb29nbGUubWFwcy5wbGFjZXMudjEuUGxhY2VzLlNlYXJjaE5lYXJieRACGAQgAA","google_icon_mask_base_uri":"https://maps.gstatic.com/mapfiles/place_api/icons/v2/worship_christian_pinlet","google_icon_background_color":"#7B9EB0","formatted_address":"3XPM+XGM, Nueva Vizcaya - Ifugao - Mountain Province Rd, Bontoc, Mountain Province, Philippines","business_status":"OPERATIONAL","rating":5,"user_rating_count":1,"barangay_slug":"samoki","barangay_name":"Samoki"},"geometry":{"type":"Point","coordinates":[120.98380170000001,17.0874514]}},{"type":"Feature","properties":{"name":"St. Paul's Church","kind":"worship","kind_label":"Worship","source":"google_places","google_place_id":"ChIJQynZzijSjzMRmrwE5Auew0A","google_primary_type":"church","google_primary_type_label":"Church","google_types":["church","place_of_worship","association_or_organization","point_of_interest","establishment"],"google_maps_uri":"https://maps.google.com/?cid=4666747412793310362&g_mp=Cilnb29nbGUubWFwcy5wbGFjZXMudjEuUGxhY2VzLlNlYXJjaE5lYXJieRACGAQgAA","google_icon_mask_base_uri":"https://maps.gstatic.com/mapfiles/place_api/icons/v2/worship_christian_pinlet","google_icon_background_color":"#7B9EB0","formatted_address":"3XMJ+GXV, Nueva Vizcaya - Ifugao - Mountain Province Rd, Bontoc, Mountain Province, Philippines","business_status":"OPERATIONAL","rating":3,"user_rating_count":1,"barangay_slug":"samoki","barangay_name":"Samoki"},"geometry":{"type":"Point","coordinates":[120.98242769999999,17.0838644]}},{"type":"Feature","properties":{"name":"Binbay cafe,inn and resorts","kind":"business","kind_label":"Business","source":"google_places","google_place_id":"ChIJiQJaMgDXjzMRjUHlKNXkDbI","google_primary_type":"family_restaurant","google_primary_type_label":"Family Restaurant","google_types":["family_restaurant","restaurant","point_of_interest","food","establishment"],"google_maps_uri":"https://maps.google.com/?cid=12830162517613691277&g_mp=Cilnb29nbGUubWFwcy5wbGFjZXMudjEuUGxhY2VzLlNlYXJjaE5lYXJieRACGAQgAA","google_icon_mask_base_uri":"https://maps.gstatic.com/mapfiles/place_api/icons/v2/restaurant_pinlet","google_icon_background_color":"#FF9E67","formatted_address":"2298+9C3 Ab ab bridge, Talubin, Bontoc, Mountain Province, Philippines","business_status":"OPERATIONAL","rating":5,"user_rating_count":4,"barangay_slug":"talubin","barangay_name":"Talubin"},"geometry":{"type":"Point","coordinates":[121.016053,17.018395599999998]}},{"type":"Feature","properties":{"name":"Eury KitCom","kind":"business","kind_label":"Business","source":"google_places","google_place_id":"ChIJVX2diQ_RjzMRmIsOZSiyI7s","google_primary_type":"store","google_primary_type_label":"Store","google_types":["store","point_of_interest","establishment"],"google_maps_uri":"https://maps.google.com/?cid=13484817595841285016&g_mp=Cilnb29nbGUubWFwcy5wbGFjZXMudjEuUGxhY2VzLlNlYXJjaE5lYXJieRACGAQgAA","google_icon_mask_base_uri":"https://maps.gstatic.com/mapfiles/place_api/icons/v2/shopping_pinlet","google_icon_background_color":"#4B96F3","formatted_address":"NA, 2621 Mountain Province, Philippines","business_status":"OPERATIONAL","rating":null,"user_rating_count":null,"barangay_slug":"talubin","barangay_name":"Talubin"},"geometry":{"type":"Point","coordinates":[121.03350999999999,17.0663429]}},{"type":"Feature","properties":{"name":"Filipino restaurant","kind":"business","kind_label":"Business","source":"google_places","google_place_id":"ChIJJ21_RgDRjzMRLKLo2HgMMZI","google_primary_type":"filipino_restaurant","google_primary_type_label":"Filipino Restaurant","google_types":["filipino_restaurant","restaurant","food","point_of_interest","establishment"],"google_maps_uri":"https://maps.google.com/?cid=10534214716571034156&g_mp=Cilnb29nbGUubWFwcy5wbGFjZXMudjEuUGxhY2VzLlNlYXJjaE5lYXJieRACGAQgAA","google_icon_mask_base_uri":"https://maps.gstatic.com/mapfiles/place_api/icons/v2/restaurant_pinlet","google_icon_background_color":"#FF9E67","formatted_address":"3224+Q8, Bontoc, Mountain Province, Philippines","business_status":"OPERATIONAL","rating":5,"user_rating_count":1,"barangay_slug":"talubin","barangay_name":"Talubin"},"geometry":{"type":"Point","coordinates":[121.00586949999999,17.0519936]}},{"type":"Feature","properties":{"name":"Talubin Bridge","kind":"business","kind_label":"Business","source":"google_places","google_place_id":"ChIJF4YIe_jRjzMRMPYMa0-YkW8","google_primary_type":"bridge","google_primary_type_label":"Bridge","google_types":["bridge","transportation_service","point_of_interest","establishment"],"google_maps_uri":"https://maps.google.com/?cid=8039374276698895920&g_mp=Cidnb29nbGUubWFwcy5wbGFjZXMudjEuUGxhY2VzLlNlYXJjaFRleHQQAhgEIAA","google_icon_mask_base_uri":"https://maps.gstatic.com/mapfiles/place_api/icons/v2/generic_pinlet","google_icon_background_color":"#7B9EB0","formatted_address":"22P6+P5, Omfeg, Bontoc, Mountain Province, Philippines","business_status":"OPERATIONAL","rating":4.5,"user_rating_count":8,"barangay_slug":"talubin","barangay_name":"Talubin"},"geometry":{"type":"Point","coordinates":[121.0104375,17.0368125]}},{"type":"Feature","properties":{"name":"Talubin Credit Cooperative","kind":"business","kind_label":"Business","source":"google_places","google_place_id":"ChIJNcutqkHRjzMRmFiqUKl2LMw","google_primary_type":"bank","google_primary_type_label":"Bank","google_types":["bank","finance","point_of_interest","establishment"],"google_maps_uri":"https://maps.google.com/?cid=14712264552287459480&g_mp=Cilnb29nbGUubWFwcy5wbGFjZXMudjEuUGxhY2VzLlNlYXJjaE5lYXJieRACGAQgAA","google_icon_mask_base_uri":"https://maps.gstatic.com/mapfiles/place_api/icons/v2/bank-intl_pinlet","google_icon_background_color":"#909CE1","formatted_address":"22W5+R3G, Bontoc, 2616 Mountain Province, Philippines","business_status":"OPERATIONAL","rating":null,"user_rating_count":null,"barangay_slug":"talubin","barangay_name":"Talubin"},"geometry":{"type":"Point","coordinates":[121.007688,17.04706]}},{"type":"Feature","properties":{"name":"TTK Construction Corporation","kind":"business","kind_label":"Business","source":"google_places","google_place_id":"ChIJPXutc0fRjzMRkGcGmqgnPY0","google_primary_type":"building_materials_store","google_primary_type_label":"Building Materials Store","google_types":["building_materials_store","store","point_of_interest","establishment"],"google_maps_uri":"https://maps.google.com/?cid=10177334338019288976&g_mp=Cilnb29nbGUubWFwcy5wbGFjZXMudjEuUGxhY2VzLlNlYXJjaE5lYXJieRACGAQgAA","google_icon_mask_base_uri":"https://maps.gstatic.com/mapfiles/place_api/icons/v2/shopping_pinlet","google_icon_background_color":"#4B96F3","formatted_address":"Bontoc, Mountain Province, Philippines","business_status":"OPERATIONAL","rating":null,"user_rating_count":null,"barangay_slug":"talubin","barangay_name":"Talubin"},"geometry":{"type":"Point","coordinates":[121.0077058,17.0470261]}},{"type":"Feature","properties":{"name":"Talubin Elementary School","kind":"govt","kind_label":"Government","source":"google_places","google_place_id":"ChIJZUuv4C_SjzMRlZ3jUIOrV2s","google_primary_type":"government_office","google_primary_type_label":"Government Office","google_types":["government_office","school","educational_institution","point_of_interest","establishment"],"google_maps_uri":"https://maps.google.com/?cid=7734839465518275989&g_mp=Cilnb29nbGUubWFwcy5wbGFjZXMudjEuUGxhY2VzLlNlYXJjaE5lYXJieRACGAQgAA","google_icon_mask_base_uri":"https://maps.gstatic.com/mapfiles/place_api/icons/v2/school_pinlet","google_icon_background_color":"#7B9EB0","formatted_address":"22P6+GFG, Halsema Highway, Bontoc, 2616 Mountain Province, Philippines","business_status":"CLOSED_TEMPORARILY","rating":null,"user_rating_count":null,"barangay_slug":"talubin","barangay_name":"Talubin"},"geometry":{"type":"Point","coordinates":[121.01120150000001,17.0363147]}},{"type":"Feature","properties":{"name":"Tavag Ato","kind":"govt","kind_label":"Government","source":"google_places","google_place_id":"ChIJu2XeHADRjzMRYv5epqabevg","google_primary_type":"post_office","google_primary_type_label":"Post Office","google_types":["post_office","finance","shipping_service","government_office","association_or_organization","point_of_interest","service","establishment"],"google_maps_uri":"https://maps.google.com/?cid=17904794408622947938&g_mp=Cilnb29nbGUubWFwcy5wbGFjZXMudjEuUGxhY2VzLlNlYXJjaE5lYXJieRACGAQgAA","google_icon_mask_base_uri":"https://maps.gstatic.com/mapfiles/place_api/icons/v2/postoffice_pinlet","google_icon_background_color":"#909CE1","formatted_address":"22V5+G7, Bontoc, Mountain Province, Philippines","business_status":"OPERATIONAL","rating":null,"user_rating_count":null,"barangay_slug":"talubin","barangay_name":"Talubin"},"geometry":{"type":"Point","coordinates":[121.0081769,17.0437788]}},{"type":"Feature","properties":{"name":"CJ,s Bakery","kind":"market","kind_label":"Market","source":"google_places","google_place_id":"ChIJvVmuJQDRjzMRFua9X8U75Rw","google_primary_type":"bakery","google_primary_type_label":"Bakery","google_types":["bakery","food_store","store","point_of_interest","food","establishment"],"google_maps_uri":"https://maps.google.com/?cid=2082136121629599254&g_mp=Cilnb29nbGUubWFwcy5wbGFjZXMudjEuUGxhY2VzLlNlYXJjaE5lYXJieRACGAQgAA","google_icon_mask_base_uri":"https://maps.gstatic.com/mapfiles/place_api/icons/v2/restaurant_pinlet","google_icon_background_color":"#FF9E67","formatted_address":"22P6+MC8, Omfeg, Bontoc, Mountain Province, Philippines","business_status":"OPERATIONAL","rating":5,"user_rating_count":2,"barangay_slug":"talubin","barangay_name":"Talubin"},"geometry":{"type":"Point","coordinates":[121.01144629999999,17.037547399999998]}},{"type":"Feature","properties":{"name":"Jeston","kind":"market","kind_label":"Market","source":"google_places","google_place_id":"ChIJN2FWdADRjzMRPis_yBUhCpM","google_primary_type":"coffee_shop","google_primary_type_label":"Coffee Shop","google_types":["coffee_shop","cafe","food_store","food","point_of_interest","store","establishment"],"google_maps_uri":"https://maps.google.com/?cid=10595317450780126014&g_mp=Cilnb29nbGUubWFwcy5wbGFjZXMudjEuUGxhY2VzLlNlYXJjaE5lYXJieRACGAQgAA","google_icon_mask_base_uri":"https://maps.gstatic.com/mapfiles/place_api/icons/v2/cafe_pinlet","google_icon_background_color":"#FF9E67","formatted_address":"328M+GCJ, Bontoc, Mountain Province, Philippines","business_status":"OPERATIONAL","rating":null,"user_rating_count":null,"barangay_slug":"talubin","barangay_name":"Talubin"},"geometry":{"type":"Point","coordinates":[121.03350999999999,17.0663429]}},{"type":"Feature","properties":{"name":"Lanas Turning Point","kind":"market","kind_label":"Market","source":"google_places","google_place_id":"ChIJfcBtAQDRjzMR2wZG_wKClUk","google_primary_type":"grocery_store","google_primary_type_label":"Grocery Store","google_types":["grocery_store","food_store","store","point_of_interest","food","establishment"],"google_maps_uri":"https://maps.google.com/?cid=5302287085682951899&g_mp=Cilnb29nbGUubWFwcy5wbGFjZXMudjEuUGxhY2VzLlNlYXJjaE5lYXJieRACGAQgAA","google_icon_mask_base_uri":"https://maps.gstatic.com/mapfiles/place_api/icons/v2/shoppingcart_pinlet","google_icon_background_color":"#4B96F3","formatted_address":"22W4+X8, Bontoc, Mountain Province, Philippines","business_status":"OPERATIONAL","rating":null,"user_rating_count":null,"barangay_slug":"talubin","barangay_name":"Talubin"},"geometry":{"type":"Point","coordinates":[121.0058249,17.047417199999998]}},{"type":"Feature","properties":{"name":"Talubin Junction","kind":"market","kind_label":"Market","source":"google_places","google_place_id":"ChIJEUtYOQDRjzMRZTM--qLZQaY","google_primary_type":"convenience_store","google_primary_type_label":"Convenience Store","google_types":["convenience_store","food_store","store","point_of_interest","food","establishment"],"google_maps_uri":"https://maps.google.com/?cid=11980095777788539749&g_mp=Cilnb29nbGUubWFwcy5wbGFjZXMudjEuUGxhY2VzLlNlYXJjaE5lYXJieRACGAQgAA","google_icon_mask_base_uri":"https://maps.gstatic.com/mapfiles/place_api/icons/v2/convenience_pinlet","google_icon_background_color":"#4B96F3","formatted_address":"22P6+HFJ, Nueva Vizcaya - Ifugao - Mountain Province Rd, Bontoc, Mountain Province, Philippines","business_status":"OPERATIONAL","rating":null,"user_rating_count":null,"barangay_slug":"talubin","barangay_name":"Talubin"},"geometry":{"type":"Point","coordinates":[121.01115650000001,17.0364743]}},{"type":"Feature","properties":{"name":"Doddo National High School","kind":"school","kind_label":"School","source":"google_places","google_place_id":"ChIJ__870zfRjzMRAXd43vVms64","google_primary_type":"secondary_school","google_primary_type_label":"High school","google_types":["secondary_school","school","educational_institution","point_of_interest","establishment"],"google_maps_uri":"https://maps.google.com/?cid=12588518589616125697&g_mp=Cilnb29nbGUubWFwcy5wbGFjZXMudjEuUGxhY2VzLlNlYXJjaE5lYXJieRACGAQgAA","google_icon_mask_base_uri":"https://maps.gstatic.com/mapfiles/place_api/icons/v2/school_pinlet","google_icon_background_color":"#7B9EB0","formatted_address":"22P6+CC3, Nueva Vizcaya - Ifugao - Mountain Province Rd, Bontoc, Mountain Province, Philippines","business_status":"OPERATIONAL","rating":null,"user_rating_count":null,"barangay_slug":"talubin","barangay_name":"Talubin"},"geometry":{"type":"Point","coordinates":[121.01104369999999,17.0360063]}},{"type":"Feature","properties":{"name":"Masablang bantay","kind":"school","kind_label":"School","source":"google_places","google_place_id":"ChIJffRgwrnRjzMRYvun_kNbZHM","google_primary_type":"university","google_primary_type_label":"College","google_types":["university","educational_institution","point_of_interest","establishment"],"google_maps_uri":"https://maps.google.com/?cid=8314871159626136418&g_mp=Cilnb29nbGUubWFwcy5wbGFjZXMudjEuUGxhY2VzLlNlYXJjaE5lYXJieRACGAQgAA","google_icon_mask_base_uri":"https://maps.gstatic.com/mapfiles/place_api/icons/v2/school_pinlet","google_icon_background_color":"#7B9EB0","formatted_address":"328M+GCJ, Bontoc, Mountain Province, Philippines","business_status":"OPERATIONAL","rating":null,"user_rating_count":null,"barangay_slug":"talubin","barangay_name":"Talubin"},"geometry":{"type":"Point","coordinates":[121.03350999999999,17.0663429]}},{"type":"Feature","properties":{"name":"Mt. Prov. Gen. Comprehensive High School","kind":"school","kind_label":"School","source":"google_places","google_place_id":"ChIJ4amqqqrRjzMRtEW_d-04bBU","google_primary_type":"secondary_school","google_primary_type_label":"High school","google_types":["secondary_school","school","educational_institution","point_of_interest","establishment"],"google_maps_uri":"https://maps.google.com/?cid=1543671364848666036&g_mp=Cilnb29nbGUubWFwcy5wbGFjZXMudjEuUGxhY2VzLlNlYXJjaE5lYXJieRACGAQgAA","google_icon_mask_base_uri":"https://maps.gstatic.com/mapfiles/place_api/icons/v2/school_pinlet","google_icon_background_color":"#7B9EB0","formatted_address":"Poblacion, 328M+GCJ, Bontoc (Capital), Mountain Province, Philippines","business_status":"OPERATIONAL","rating":null,"user_rating_count":null,"barangay_slug":"talubin","barangay_name":"Talubin"},"geometry":{"type":"Point","coordinates":[121.0335083,17.0663433]}},{"type":"Feature","properties":{"name":"Talubin Elementary School 2","kind":"school","kind_label":"School","source":"google_places","google_place_id":"ChIJLTm0RQDRjzMRFQInSrkzMM0","google_primary_type":"primary_school","google_primary_type_label":"Elementary School","google_types":["primary_school","school","educational_institution","point_of_interest","establishment"],"google_maps_uri":"https://maps.google.com/?cid=14785374447563375125&g_mp=Cilnb29nbGUubWFwcy5wbGFjZXMudjEuUGxhY2VzLlNlYXJjaE5lYXJieRACGAQgAA","google_icon_mask_base_uri":"https://maps.gstatic.com/mapfiles/place_api/icons/v2/school_pinlet","google_icon_background_color":"#7B9EB0","formatted_address":"22X5+25Q, Nueva Vizcaya - Ifugao - Mountain Province Rd, Bontoc, Mountain Province, Philippines","business_status":"OPERATIONAL","rating":null,"user_rating_count":null,"barangay_slug":"talubin","barangay_name":"Talubin"},"geometry":{"type":"Point","coordinates":[121.0079317,17.0475647]}},{"type":"Feature","properties":{"name":"Bontoc","kind":"tourism","kind_label":"Tourism","source":"google_places","google_place_id":"ChIJ55egFADRjzMRLBSt2m3fYxE","google_primary_type":"hostel","google_primary_type_label":"Hostel","google_types":["hostel","lodging","point_of_interest","establishment"],"google_maps_uri":"https://maps.google.com/?cid=1253090784252335148&g_mp=Cilnb29nbGUubWFwcy5wbGFjZXMudjEuUGxhY2VzLlNlYXJjaE5lYXJieRACGAQgAA","google_icon_mask_base_uri":"https://maps.gstatic.com/mapfiles/place_api/icons/v2/hotel_pinlet","google_icon_background_color":"#909CE1","formatted_address":"328M+GCJ, Bontoc, Mountain Province, Philippines","business_status":"OPERATIONAL","rating":null,"user_rating_count":null,"barangay_slug":"talubin","barangay_name":"Talubin"},"geometry":{"type":"Point","coordinates":[121.03350999999999,17.0663429]}},{"type":"Feature","properties":{"name":"GOLDEN FARM HOTEL RESORT","kind":"tourism","kind_label":"Tourism","source":"google_places","google_place_id":"ChIJq2B8jzjRjzMRom8GLNnNtLA","google_primary_type":"resort_hotel","google_primary_type_label":"Resort hotel","google_types":["resort_hotel","hotel","lodging","point_of_interest","establishment"],"google_maps_uri":"https://maps.google.com/?cid=12733028379113451426&g_mp=Cilnb29nbGUubWFwcy5wbGFjZXMudjEuUGxhY2VzLlNlYXJjaE5lYXJieRACGAQgAA","google_icon_mask_base_uri":"https://maps.gstatic.com/mapfiles/place_api/icons/v2/hotel_pinlet","google_icon_background_color":"#909CE1","formatted_address":"22V3+RG6, Omfeg, Bontoc, Mountain Province, Philippines","business_status":"OPERATIONAL","rating":3.8,"user_rating_count":6,"barangay_slug":"talubin","barangay_name":"Talubin"},"geometry":{"type":"Point","coordinates":[121.0037656,17.0445313]}},{"type":"Feature","properties":{"name":"Mt. Kalawitan","kind":"tourism","kind_label":"Tourism","source":"google_places","google_place_id":"ChIJ2a94PwDVjzMRpJesXmXW6w0","google_primary_type":"hiking_area","google_primary_type_label":"Hiking Area","google_types":["hiking_area","sports_activity_location","point_of_interest","establishment"],"google_maps_uri":"https://maps.google.com/?cid=1003131072888477604&g_mp=Cilnb29nbGUubWFwcy5wbGFjZXMudjEuUGxhY2VzLlNlYXJjaE5lYXJieRACGAQgAA","google_icon_mask_base_uri":"https://maps.gstatic.com/mapfiles/place_api/icons/v2/hiking_pinlet","google_icon_background_color":"#4DB546","formatted_address":"Bontoc, Mountain Province, Philippines","business_status":"OPERATIONAL","rating":5,"user_rating_count":2,"barangay_slug":"talubin","barangay_name":"Talubin"},"geometry":{"type":"Point","coordinates":[121.04497679999999,17.0538897]}},{"type":"Feature","properties":{"name":"Pa-pat-tay view point","kind":"tourism","kind_label":"Tourism","source":"google_places","google_place_id":"ChIJUeUXOADRjzMR5W2KUAgq0B8","google_primary_type":"hiking_area","google_primary_type_label":"Hiking Area","google_types":["hiking_area","sports_activity_location","point_of_interest","establishment"],"google_maps_uri":"https://maps.google.com/?cid=2292378425530936805&g_mp=Cilnb29nbGUubWFwcy5wbGFjZXMudjEuUGxhY2VzLlNlYXJjaE5lYXJieRACGAQgAA","google_icon_mask_base_uri":"https://maps.gstatic.com/mapfiles/place_api/icons/v2/hiking_pinlet","google_icon_background_color":"#4DB546","formatted_address":"22R5+R2H, Nueva Vizcaya - Ifugao - Mountain Province Rd, Bontoc, Mountain Province, Philippines","business_status":"OPERATIONAL","rating":5,"user_rating_count":1,"barangay_slug":"talubin","barangay_name":"Talubin"},"geometry":{"type":"Point","coordinates":[121.0084883,17.0422577]}},{"type":"Feature","properties":{"name":"Siniblawan Talaw","kind":"tourism","kind_label":"Tourism","source":"google_places","google_place_id":"ChIJw2tNJgDRjzMRrI5Qui4ip3g","google_primary_type":"hiking_area","google_primary_type_label":"Hiking Area","google_types":["hiking_area","sports_activity_location","point_of_interest","establishment"],"google_maps_uri":"https://maps.google.com/?cid=8693955189751713452&g_mp=Cilnb29nbGUubWFwcy5wbGFjZXMudjEuUGxhY2VzLlNlYXJjaE5lYXJieRACGAQgAA","google_icon_mask_base_uri":"https://maps.gstatic.com/mapfiles/place_api/icons/v2/hiking_pinlet","google_icon_background_color":"#4DB546","formatted_address":"23P3+C7, Bontoc, Mountain Province, Philippines","business_status":"OPERATIONAL","rating":5,"user_rating_count":2,"barangay_slug":"talubin","barangay_name":"Talubin"},"geometry":{"type":"Point","coordinates":[121.05322600000001,17.036033]}},{"type":"Feature","properties":{"name":"Talubin Falls","kind":"tourism","kind_label":"Tourism","source":"google_places","google_place_id":"ChIJRdiBPADXjzMR43tQpw2inMI","google_primary_type":"tourist_attraction","google_primary_type_label":"Tourist Attraction","google_types":["tourist_attraction","point_of_interest","establishment"],"google_maps_uri":"https://maps.google.com/?cid=14023261519250226147&g_mp=Cilnb29nbGUubWFwcy5wbGFjZXMudjEuUGxhY2VzLlNlYXJjaE5lYXJieRACGAQgAA","google_icon_mask_base_uri":"https://maps.gstatic.com/mapfiles/place_api/icons/v2/generic_pinlet","google_icon_background_color":"#13B5C7","formatted_address":"22G8+Q4C, Talubin, Bontoc, Mountain Province, Philippines","business_status":"OPERATIONAL","rating":4.6,"user_rating_count":8,"barangay_slug":"talubin","barangay_name":"Talubin"},"geometry":{"type":"Point","coordinates":[121.01527569999999,17.0269452]}},{"type":"Feature","properties":{"name":"Talubin Open Gymn","kind":"tourism","kind_label":"Tourism","source":"google_places","google_place_id":"ChIJPY2zAUHRjzMRzOsoW1Xebf8","google_primary_type":"athletic_field","google_primary_type_label":"Athletic Field","google_types":["athletic_field","sports_activity_location","point_of_interest","establishment"],"google_maps_uri":"https://maps.google.com/?cid=18405611710316080076&g_mp=Cilnb29nbGUubWFwcy5wbGFjZXMudjEuUGxhY2VzLlNlYXJjaE5lYXJieRACGAQgAA","google_icon_mask_base_uri":"https://maps.gstatic.com/mapfiles/place_api/icons/v2/generic_pinlet","google_icon_background_color":"#7B9EB0","formatted_address":"22W5+P2W, Nueva Vizcaya - Ifugao - Mountain Province Rd, Bontoc, Mountain Province, Philippines","business_status":"OPERATIONAL","rating":4.3,"user_rating_count":3,"barangay_slug":"talubin","barangay_name":"Talubin"},"geometry":{"type":"Point","coordinates":[121.00759149999999,17.0468659]}},{"type":"Feature","properties":{"name":"Talubin Spring Resort","kind":"tourism","kind_label":"Tourism","source":"google_places","google_place_id":"ChIJfYAewqnRjzMRoZJBYeEsZJk","google_primary_type":"hotel","google_primary_type_label":"Hotel","google_types":["hotel","lodging","point_of_interest","establishment"],"google_maps_uri":"https://maps.google.com/?cid=11053008731984990881&g_mp=Cilnb29nbGUubWFwcy5wbGFjZXMudjEuUGxhY2VzLlNlYXJjaE5lYXJieRACGAQgAA","google_icon_mask_base_uri":"https://maps.gstatic.com/mapfiles/place_api/icons/v2/hotel_pinlet","google_icon_background_color":"#909CE1","formatted_address":"22J7+H43, Nueva Vizcaya - Ifugao - Mountain Province Rd, Bontoc, Mountain Province, Philippines","business_status":"OPERATIONAL","rating":3.9,"user_rating_count":15,"barangay_slug":"talubin","barangay_name":"Talubin"},"geometry":{"type":"Point","coordinates":[121.01279489999999,17.0313987]}},{"type":"Feature","properties":{"name":"Zion’s Inn","kind":"tourism","kind_label":"Tourism","source":"google_places","google_place_id":"ChIJgTcNcwDRjzMRBpuq0IG_twg","google_primary_type":"inn","google_primary_type_label":"Inn","google_types":["inn","lodging","point_of_interest","establishment"],"google_maps_uri":"https://maps.google.com/?cid=628181237314001670&g_mp=Cilnb29nbGUubWFwcy5wbGFjZXMudjEuUGxhY2VzLlNlYXJjaE5lYXJieRACGAQgAA","google_icon_mask_base_uri":"https://maps.gstatic.com/mapfiles/place_api/icons/v2/hotel_pinlet","google_icon_background_color":"#909CE1","formatted_address":"3224+Q8, Bontoc, Mountain Province, Philippines","business_status":"OPERATIONAL","rating":5,"user_rating_count":1,"barangay_slug":"talubin","barangay_name":"Talubin"},"geometry":{"type":"Point","coordinates":[121.0054682,17.051273]}},{"type":"Feature","properties":{"name":"Petron","kind":"transport","kind_label":"Transport","source":"google_places","google_place_id":"ChIJr1okX_LRjzMRuOexd2mEKMg","google_primary_type":"gas_station","google_primary_type_label":"Gas Station","google_types":["gas_station","service","point_of_interest","establishment"],"google_maps_uri":"https://maps.google.com/?cid=14422923395168593848&g_mp=Cilnb29nbGUubWFwcy5wbGFjZXMudjEuUGxhY2VzLlNlYXJjaE5lYXJieRACGAQgAA","google_icon_mask_base_uri":"https://maps.gstatic.com/mapfiles/place_api/icons/v2/gas_pinlet","google_icon_background_color":"#909CE1","formatted_address":"22R5+R2H, Nueva Vizcaya - Ifugao - Mountain Province Rd, Bontoc, Mountain Province, Philippines","business_status":"OPERATIONAL","rating":3.8,"user_rating_count":9,"barangay_slug":"talubin","barangay_name":"Talubin"},"geometry":{"type":"Point","coordinates":[121.0076061,17.0420525]}},{"type":"Feature","properties":{"name":"Church","kind":"worship","kind_label":"Worship","source":"google_places","google_place_id":"ChIJCbiwqkHRjzMRYSEQE_IdhtA","google_primary_type":"church","google_primary_type_label":"Church","google_types":["church","place_of_worship","association_or_organization","point_of_interest","establishment"],"google_maps_uri":"https://maps.google.com/?cid=15025730132307353953&g_mp=Cilnb29nbGUubWFwcy5wbGFjZXMudjEuUGxhY2VzLlNlYXJjaE5lYXJieRACGAQgAA","google_icon_mask_base_uri":"https://maps.gstatic.com/mapfiles/place_api/icons/v2/worship_christian_pinlet","google_icon_background_color":"#7B9EB0","formatted_address":"22W5+R2H, Nueva Vizcaya - Ifugao - Mountain Province Rd, Bontoc, Mountain Province, Philippines","business_status":"OPERATIONAL","rating":null,"user_rating_count":null,"barangay_slug":"talubin","barangay_name":"Talubin"},"geometry":{"type":"Point","coordinates":[121.00761949999999,17.047068799999998]}},{"type":"Feature","properties":{"name":"Saint Joseph Chapel","kind":"worship","kind_label":"Worship","source":"google_places","google_place_id":"ChIJX_fbxHLRjzMR5OGF4a5W5dA","google_primary_type":"church","google_primary_type_label":"Church","google_types":["church","place_of_worship","association_or_organization","point_of_interest","establishment"],"google_maps_uri":"https://maps.google.com/?cid=15052532638663696868&g_mp=Cilnb29nbGUubWFwcy5wbGFjZXMudjEuUGxhY2VzLlNlYXJjaE5lYXJieRACGAQgAA","google_icon_mask_base_uri":"https://maps.gstatic.com/mapfiles/place_api/icons/v2/worship_christian_pinlet","google_icon_background_color":"#7B9EB0","formatted_address":"22W5+Q2R, Omfeg, Bontoc, Mountain Province, Philippines","business_status":"OPERATIONAL","rating":null,"user_rating_count":null,"barangay_slug":"talubin","barangay_name":"Talubin"},"geometry":{"type":"Point","coordinates":[121.00752269999998,17.0469808]}},{"type":"Feature","properties":{"name":"Libchan Tocucan Naigawa Hardware","kind":"business","kind_label":"Business","source":"google_places","google_place_id":"ChIJKdhWZCDOjzMRIov1Q_Aobog","google_primary_type":"hardware_store","google_primary_type_label":"Hardware Store","google_types":["hardware_store","building_materials_store","point_of_interest","store","establishment"],"google_maps_uri":"https://maps.google.com/?cid=9830840048993798946&g_mp=Cilnb29nbGUubWFwcy5wbGFjZXMudjEuUGxhY2VzLlNlYXJjaE5lYXJieRACGAQgAA","google_icon_mask_base_uri":"https://maps.gstatic.com/mapfiles/place_api/icons/v2/shopping_pinlet","google_icon_background_color":"#4B96F3","formatted_address":"4277+458, Mount Province - Tabuk - Enrile - Cagayan Rd, Tocucan, Bontoc, Mountain Province, Philippines","business_status":"OPERATIONAL","rating":null,"user_rating_count":null,"barangay_slug":"tocucan","barangay_name":"Tocucan"},"geometry":{"type":"Point","coordinates":[121.01293949999999,17.1127795]}},{"type":"Feature","properties":{"name":"LV'S SARI-SARI STORE","kind":"business","kind_label":"Business","source":"google_places","google_place_id":"ChIJX6PGZQDPjzMRtjtnfnUI01Y","google_primary_type":"store","google_primary_type_label":"Store","google_types":["store","point_of_interest","establishment"],"google_maps_uri":"https://maps.google.com/?cid=6256353608072641462&g_mp=Cilnb29nbGUubWFwcy5wbGFjZXMudjEuUGxhY2VzLlNlYXJjaE5lYXJieRACGAQgAA","google_icon_mask_base_uri":"https://maps.gstatic.com/mapfiles/place_api/icons/v2/shopping_pinlet","google_icon_background_color":"#4B96F3","formatted_address":"429F+G2P, Bontoc, Mountain Province, Philippines","business_status":"OPERATIONAL","rating":null,"user_rating_count":null,"barangay_slug":"tocucan","barangay_name":"Tocucan"},"geometry":{"type":"Point","coordinates":[121.02257809999999,17.118837499999998]}},{"type":"Feature","properties":{"name":"PCSO Mountain Province Bea","kind":"govt","kind_label":"Government","source":"google_places","google_place_id":"ChIJB2e0cgDRjzMRXVTb13csUbI","google_primary_type":"government_office","google_primary_type_label":"Government Office","google_types":["government_office","point_of_interest","establishment"],"google_maps_uri":"https://maps.google.com/?cid=12849100105098941533&g_mp=Cilnb29nbGUubWFwcy5wbGFjZXMudjEuUGxhY2VzLlNlYXJjaE5lYXJieRACGAQgAA","google_icon_mask_base_uri":"https://maps.gstatic.com/mapfiles/place_api/icons/v2/civic-bldg_pinlet","google_icon_background_color":"#7B9EB0","formatted_address":"4X6W+RFQ, Bontoc, Mountain Province, Philippines","business_status":"OPERATIONAL","rating":null,"user_rating_count":null,"barangay_slug":"tocucan","barangay_name":"Tocucan"},"geometry":{"type":"Point","coordinates":[120.99623559999999,17.1120932]}},{"type":"Feature","properties":{"name":"Someday Growstead Farm","kind":"govt","kind_label":"Government","source":"google_places","google_place_id":"ChIJVycmMADPjzMRAR3gvqHnzLo","google_primary_type":"farm","google_primary_type_label":"Farm","google_types":["farm","government_office","ranch","food","point_of_interest","service","establishment"],"google_maps_uri":"https://maps.google.com/?cid=13460388068181679361&g_mp=Cilnb29nbGUubWFwcy5wbGFjZXMudjEuUGxhY2VzLlNlYXJjaE5lYXJieRACGAQgAA","google_icon_mask_base_uri":"https://maps.gstatic.com/mapfiles/place_api/icons/v2/generic_pinlet","google_icon_background_color":"#7B9EB0","formatted_address":"Pekcha Farm Road Pangarwis, Conig, Tocucan, Bontoc, 2616 Mountain Province, Philippines","business_status":"OPERATIONAL","rating":null,"user_rating_count":null,"barangay_slug":"tocucan","barangay_name":"Tocucan"},"geometry":{"type":"Point","coordinates":[121.0263382,17.1152501]}},{"type":"Feature","properties":{"name":"Tcocucan Barangay Health Station","kind":"govt","kind_label":"Government","source":"google_places","google_place_id":"ChIJFfPECQDPjzMR_80XMa6Jsjw","google_primary_type":"government_office","google_primary_type_label":"Government Office","google_types":["government_office","point_of_interest","establishment"],"google_maps_uri":"https://maps.google.com/?cid=4373709569371131391&g_mp=Cilnb29nbGUubWFwcy5wbGFjZXMudjEuUGxhY2VzLlNlYXJjaE5lYXJieRACGAQgAA","google_icon_mask_base_uri":"https://maps.gstatic.com/mapfiles/place_api/icons/v2/civic-bldg_pinlet","google_icon_background_color":"#7B9EB0","formatted_address":"200 Mount Province - Tabuk - Enrile - Cagayan Rd, Bontoc, Mountain Province, Philippines","business_status":"OPERATIONAL","rating":null,"user_rating_count":null,"barangay_slug":"tocucan","barangay_name":"Tocucan"},"geometry":{"type":"Point","coordinates":[121.01427389999999,17.1158055]}},{"type":"Feature","properties":{"name":"Tocucan national high school","kind":"school","kind_label":"School","source":"google_places","google_place_id":"ChIJubsZN6rPjzMR91OSX-7KOo4","google_primary_type":"school","google_primary_type_label":"School","google_types":["school","educational_institution","point_of_interest","establishment"],"google_maps_uri":"https://maps.google.com/?cid=10248727027189437431&g_mp=Cilnb29nbGUubWFwcy5wbGFjZXMudjEuUGxhY2VzLlNlYXJjaE5lYXJieRACGAQgAA","google_icon_mask_base_uri":"https://maps.gstatic.com/mapfiles/place_api/icons/v2/school_pinlet","google_icon_background_color":"#7B9EB0","formatted_address":"234 Mount Province - Tabuk - Enrile - Cagayan Rd, Tocucan, Bontoc, Mountain Province, Philippines","business_status":"OPERATIONAL","rating":null,"user_rating_count":null,"barangay_slug":"tocucan","barangay_name":"Tocucan"},"geometry":{"type":"Point","coordinates":[121.01570009999999,17.119359]}},{"type":"Feature","properties":{"name":"Lavara boarding house","kind":"tourism","kind_label":"Tourism","source":"google_places","google_place_id":"ChIJaYzsBwDRjzMRwwQGdKnCM68","google_primary_type":"lodging","google_primary_type_label":"Lodging","google_types":["lodging","point_of_interest","establishment"],"google_maps_uri":"https://maps.google.com/?cid=12624648213501445315&g_mp=Cilnb29nbGUubWFwcy5wbGFjZXMudjEuUGxhY2VzLlNlYXJjaE5lYXJieRACGAQgAA","google_icon_mask_base_uri":"https://maps.gstatic.com/mapfiles/place_api/icons/v2/hotel_pinlet","google_icon_background_color":"#909CE1","formatted_address":"4X6W+RFQ, Bontoc, Mountain Province, Philippines","business_status":"OPERATIONAL","rating":null,"user_rating_count":null,"barangay_slug":"tocucan","barangay_name":"Tocucan"},"geometry":{"type":"Point","coordinates":[120.99623559999999,17.1120932]}},{"type":"Feature","properties":{"name":"Martes Farm","kind":"tourism","kind_label":"Tourism","source":"google_places","google_place_id":"ChIJT4fuQwDPjzMRqyCSuB8ogAs","google_primary_type":"hiking_area","google_primary_type_label":"Hiking Area","google_types":["hiking_area","sports_activity_location","point_of_interest","establishment"],"google_maps_uri":"https://maps.google.com/?cid=828706448141852843&g_mp=Cilnb29nbGUubWFwcy5wbGFjZXMudjEuUGxhY2VzLlNlYXJjaE5lYXJieRACGAQgAA","google_icon_mask_base_uri":"https://maps.gstatic.com/mapfiles/place_api/icons/v2/hiking_pinlet","google_icon_background_color":"#4DB546","formatted_address":"42CF+9FF, Amfalla, Tocucan, Bontoc, Mountain Province, Philippines","business_status":"OPERATIONAL","rating":null,"user_rating_count":null,"barangay_slug":"tocucan","barangay_name":"Tocucan"},"geometry":{"type":"Point","coordinates":[121.0236601,17.1209252]}},{"type":"Feature","properties":{"name":"Mountain Spring Resort","kind":"tourism","kind_label":"Tourism","source":"google_places","google_place_id":"ChIJd8hjRgDPjzMRv-LMaWham2s","google_primary_type":"swimming_pool","google_primary_type_label":"Swimming Pool","google_types":["swimming_pool","sports_activity_location","point_of_interest","establishment"],"google_maps_uri":"https://maps.google.com/?cid=7753890587946574527&g_mp=Cilnb29nbGUubWFwcy5wbGFjZXMudjEuUGxhY2VzLlNlYXJjaE5lYXJieRACGAQgAA","google_icon_mask_base_uri":"https://maps.gstatic.com/mapfiles/place_api/icons/v2/generic_pinlet","google_icon_background_color":"#7B9EB0","formatted_address":"428G+6JP, Pangarwis, Tocucan, Bontoc, Mountain Province, Philippines","business_status":"OPERATIONAL","rating":null,"user_rating_count":null,"barangay_slug":"tocucan","barangay_name":"Tocucan"},"geometry":{"type":"Point","coordinates":[121.0265654,17.1155895]}},{"type":"Feature","properties":{"name":"Oh sheet","kind":"tourism","kind_label":"Tourism","source":"google_places","google_place_id":"ChIJqU0cJgDRjzMRkFKLqNi0-GE","google_primary_type":"tourist_attraction","google_primary_type_label":"Tourist Attraction","google_types":["tourist_attraction","point_of_interest","establishment"],"google_maps_uri":"https://maps.google.com/?cid=7059591258536891024&g_mp=Cilnb29nbGUubWFwcy5wbGFjZXMudjEuUGxhY2VzLlNlYXJjaE5lYXJieRACGAQgAA","google_icon_mask_base_uri":"https://maps.gstatic.com/mapfiles/place_api/icons/v2/generic_pinlet","google_icon_background_color":"#13B5C7","formatted_address":"4265+8VJ, Bontoc, Mountain Province, Philippines","business_status":"OPERATIONAL","rating":5,"user_rating_count":1,"barangay_slug":"tocucan","barangay_name":"Tocucan"},"geometry":{"type":"Point","coordinates":[121.0096538,17.11083]}},{"type":"Feature","properties":{"name":"Tokyo Gas Station","kind":"transport","kind_label":"Transport","source":"google_places","google_place_id":"ChIJMyQ_YI7PjzMRcZ2-JAXTnuA","google_primary_type":"gas_station","google_primary_type_label":"Gas Station","google_types":["gas_station","point_of_interest","service","establishment"],"google_maps_uri":"https://maps.google.com/?cid=16185606129860910449&g_mp=Cilnb29nbGUubWFwcy5wbGFjZXMudjEuUGxhY2VzLlNlYXJjaE5lYXJieRACGAQgAA","google_icon_mask_base_uri":"https://maps.gstatic.com/mapfiles/place_api/icons/v2/gas_pinlet","google_icon_background_color":"#909CE1","formatted_address":"Tocucan (Tabuk, Enrile Road, Bontoc, 2616 Mountain Province, Philippines","business_status":"OPERATIONAL","rating":null,"user_rating_count":null,"barangay_slug":"tocucan","barangay_name":"Tocucan"},"geometry":{"type":"Point","coordinates":[121.02401820000001,17.119298099999998]}},{"type":"Feature","properties":{"name":"Holy Cross Church","kind":"worship","kind_label":"Worship","source":"google_places","google_place_id":"ChIJp6kr5SHOjzMR6nXN8ca1ovQ","google_primary_type":"church","google_primary_type_label":"Church","google_types":["church","place_of_worship","point_of_interest","association_or_organization","establishment"],"google_maps_uri":"https://maps.google.com/?cid=17627851757546468842&g_mp=Cilnb29nbGUubWFwcy5wbGFjZXMudjEuUGxhY2VzLlNlYXJjaE5lYXJieRACGAQgAA","google_icon_mask_base_uri":"https://maps.gstatic.com/mapfiles/place_api/icons/v2/worship_christian_pinlet","google_icon_background_color":"#7B9EB0","formatted_address":"4286+P9G, Mount Province - Tabuk - Enrile - Cagayan Rd, Tocucan, Bontoc, Mountain Province, Philippines","business_status":"OPERATIONAL","rating":5,"user_rating_count":1,"barangay_slug":"tocucan","barangay_name":"Tocucan"},"geometry":{"type":"Point","coordinates":[121.01096609999998,17.1168051]}},{"type":"Feature","properties":{"name":"Roman Catholic Church","kind":"worship","kind_label":"Worship","source":"google_places","google_place_id":"ChIJT0PE8SDOjzMRy5EdduP3lds","google_primary_type":"church","google_primary_type_label":"Church","google_types":["church","place_of_worship","point_of_interest","association_or_organization","establishment"],"google_maps_uri":"https://maps.google.com/?cid=15822825422147391947&g_mp=Cilnb29nbGUubWFwcy5wbGFjZXMudjEuUGxhY2VzLlNlYXJjaE5lYXJieRACGAQgAA","google_icon_mask_base_uri":"https://maps.gstatic.com/mapfiles/place_api/icons/v2/worship_christian_pinlet","google_icon_background_color":"#7B9EB0","formatted_address":"4277+9JQ, Mount Province - Tabuk - Enrile - Cagayan Rd, Tocucan, Bontoc, Mountain Province, Philippines","business_status":"OPERATIONAL","rating":4.7,"user_rating_count":3,"barangay_slug":"tocucan","barangay_name":"Tocucan"},"geometry":{"type":"Point","coordinates":[121.01409849999999,17.113458299999998]}}]}
