{"type":"FeatureCollection","features":[{"type":"Feature","properties":{"name":"Alunogan","kind":"business","kind_label":"Business","source":"google_places","google_place_id":"ChIJe5Aj34LCjzMR4HOzIjUT5ow","google_primary_type":null,"google_primary_type_label":null,"google_types":["sublocality_level_2","sublocality","political"],"google_maps_uri":"https://maps.google.com/?cid=10152823528889742304&g_mp=Cidnb29nbGUubWFwcy5wbGFjZXMudjEuUGxhY2VzLlNlYXJjaFRleHQQAhgEIAA","google_icon_mask_base_uri":"https://maps.gstatic.com/mapfiles/place_api/icons/v2/generic_pinlet","google_icon_background_color":"#7B9EB0","formatted_address":"Alunogan, Natonin, Mountain Province, Philippines","business_status":null,"rating":null,"user_rating_count":null,"barangay_slug":"alunogan","barangay_name":"Alunogan"},"geometry":{"type":"Point","coordinates":[121.2454674,17.109209099999998]}},{"type":"Feature","properties":{"name":"Consumer store","kind":"market","kind_label":"Market","source":"google_places","google_place_id":"ChIJoUeE6jrDjzMRmAaDW-QVyI0","google_primary_type":"general_store","google_primary_type_label":"General Store","google_types":["general_store","food_store","store","point_of_interest","food","establishment"],"google_maps_uri":"https://maps.google.com/?cid=10216439825222010520&g_mp=Cilnb29nbGUubWFwcy5wbGFjZXMudjEuUGxhY2VzLlNlYXJjaE5lYXJieRACGAQgAA","google_icon_mask_base_uri":"https://maps.gstatic.com/mapfiles/place_api/icons/v2/shopping_pinlet","google_icon_background_color":"#4B96F3","formatted_address":"Natonin, Mountain Province, Philippines","business_status":"OPERATIONAL","rating":5,"user_rating_count":1,"barangay_slug":"alunogan","barangay_name":"Alunogan"},"geometry":{"type":"Point","coordinates":[121.2454674,17.109209099999998]}},{"type":"Feature","properties":{"name":"Mt. Lumang","kind":"tourism","kind_label":"Tourism","source":"google_places","google_place_id":"ChIJGzK9GQDDjzMRJUAsE3HgDbM","google_primary_type":"tourist_attraction","google_primary_type_label":"Tourist Attraction","google_types":["tourist_attraction","point_of_interest","establishment"],"google_maps_uri":"https://maps.google.com/?cid=12902215283743932453&g_mp=Cilnb29nbGUubWFwcy5wbGFjZXMudjEuUGxhY2VzLlNlYXJjaE5lYXJieRACGAQgAA","google_icon_mask_base_uri":"https://maps.gstatic.com/mapfiles/place_api/icons/v2/generic_pinlet","google_icon_background_color":"#13B5C7","formatted_address":"47C2+VVG, Natonin, Mountain Province, Philippines","business_status":"OPERATIONAL","rating":5,"user_rating_count":1,"barangay_slug":"alunogan","barangay_name":"Alunogan"},"geometry":{"type":"Point","coordinates":[121.2521889,17.1221934]}},{"type":"Feature","properties":{"name":"Pénadna Falls","kind":"tourism","kind_label":"Tourism","source":"google_places","google_place_id":"ChIJYRJCtQLDjzMRPmBuA4ZDLsM","google_primary_type":"tourist_attraction","google_primary_type_label":"Tourist Attraction","google_types":["tourist_attraction","point_of_interest","establishment"],"google_maps_uri":"https://maps.google.com/?cid=14064252929186881598&g_mp=Cilnb29nbGUubWFwcy5wbGFjZXMudjEuUGxhY2VzLlNlYXJjaE5lYXJieRACGAQgAA","google_icon_mask_base_uri":"https://maps.gstatic.com/mapfiles/place_api/icons/v2/generic_pinlet","google_icon_background_color":"#13B5C7","formatted_address":"36XW+QGQ, Talubin - Barlig - Paracelis Rd, Natonin, Mountain Province, Philippines","business_status":"OPERATIONAL","rating":4.8,"user_rating_count":4,"barangay_slug":"alunogan","barangay_name":"Alunogan"},"geometry":{"type":"Point","coordinates":[121.2463647,17.0994508]}},{"type":"Feature","properties":{"name":"Sta. Isabel View Deck","kind":"tourism","kind_label":"Tourism","source":"google_places","google_place_id":"ChIJ-XBrxpjDjzMR6WptnfJGeBQ","google_primary_type":"tourist_attraction","google_primary_type_label":"Tourist Attraction","google_types":["tourist_attraction","point_of_interest","establishment"],"google_maps_uri":"https://maps.google.com/?cid=1475006885801061097&g_mp=Cilnb29nbGUubWFwcy5wbGFjZXMudjEuUGxhY2VzLlNlYXJjaE5lYXJieRACGAQgAA","google_icon_mask_base_uri":"https://maps.gstatic.com/mapfiles/place_api/icons/v2/generic_pinlet","google_icon_background_color":"#13B5C7","formatted_address":"4734+FX6, Talubin - Barlig - Paracelis Rd, Natonin, Mountain Province, Philippines","business_status":"OPERATIONAL","rating":3.3,"user_rating_count":4,"barangay_slug":"alunogan","barangay_name":"Alunogan"},"geometry":{"type":"Point","coordinates":[121.25740130000001,17.103658199999998]}},{"type":"Feature","properties":{"name":"Langtiwan resident","kind":"business","kind_label":"Business","source":"google_places","google_place_id":"ChIJn7dURQDpjzMR1aGf1Zt7rrE","google_primary_type":"car_rental","google_primary_type_label":"Car Rental Agency","google_types":["car_rental","point_of_interest","service","establishment"],"google_maps_uri":"https://maps.google.com/?cid=12803306699895054805&g_mp=Cidnb29nbGUubWFwcy5wbGFjZXMudjEuUGxhY2VzLlNlYXJjaFRleHQQAhgEIAA","google_icon_mask_base_uri":"https://maps.gstatic.com/mapfiles/place_api/icons/v2/car-rental_pinlet","google_icon_background_color":"#909CE1","formatted_address":"474H+VMV, Natonin, Mountain Province, Philippines","business_status":"OPERATIONAL","rating":null,"user_rating_count":null,"barangay_slug":"balangao","barangay_name":"Balangao"},"geometry":{"type":"Point","coordinates":[121.28062999999999,17.107105999999998]}},{"type":"Feature","properties":{"name":"Nat-nat daycare center","kind":"business","kind_label":"Business","source":"google_places","google_place_id":"ChIJ63WTKnDpjzMRLLNlhjmb8P4","google_primary_type":"child_care_agency","google_primary_type_label":"Child Care Agency","google_types":["child_care_agency","service","point_of_interest","establishment"],"google_maps_uri":"https://maps.google.com/?cid=18370353551414506284&g_mp=Cidnb29nbGUubWFwcy5wbGFjZXMudjEuUGxhY2VzLlNlYXJjaFRleHQQAhgEIAA","google_icon_mask_base_uri":"https://maps.gstatic.com/mapfiles/place_api/icons/v2/school_pinlet","google_icon_background_color":"#7B9EB0","formatted_address":"37QF+8C3, Balangao, Natonin, Mountain Province, Philippines","business_status":"OPERATIONAL","rating":null,"user_rating_count":null,"barangay_slug":"balangao","barangay_name":"Balangao"},"geometry":{"type":"Point","coordinates":[121.2735541,17.0882514]}},{"type":"Feature","properties":{"name":"St. William Parish","kind":"business","kind_label":"Business","source":"google_places","google_place_id":"ChIJA-qRewDpjzMRY3HTdgq23NY","google_primary_type":"place_of_worship","google_primary_type_label":"Place of Worship","google_types":["place_of_worship","association_or_organization","point_of_interest","establishment"],"google_maps_uri":"https://maps.google.com/?cid=15482449775052419427&g_mp=Cidnb29nbGUubWFwcy5wbGFjZXMudjEuUGxhY2VzLlNlYXJjaFRleHQQAhgEIAA","google_icon_mask_base_uri":"https://maps.gstatic.com/mapfiles/place_api/icons/v2/generic_pinlet","google_icon_background_color":"#7B9EB0","formatted_address":"37WF+R6Q Aliawan Balangao, Natonin, Mountain Province, Philippines","business_status":"OPERATIONAL","rating":null,"user_rating_count":null,"barangay_slug":"balangao","barangay_name":"Balangao"},"geometry":{"type":"Point","coordinates":[121.27312309999999,17.0970993]}},{"type":"Feature","properties":{"name":"Apapawan Elementary School","kind":"school","kind_label":"School","source":"google_places","google_place_id":"ChIJm8crUenpjzMRzuOyRdyYRuU","google_primary_type":"primary_school","google_primary_type_label":"Primary School","google_types":["primary_school","school","educational_institution","point_of_interest","establishment"],"google_maps_uri":"https://maps.google.com/?cid=16521060354884821966&g_mp=Cilnb29nbGUubWFwcy5wbGFjZXMudjEuUGxhY2VzLlNlYXJjaE5lYXJieRACGAQgAA","google_icon_mask_base_uri":"https://maps.gstatic.com/mapfiles/place_api/icons/v2/school_pinlet","google_icon_background_color":"#7B9EB0","formatted_address":"37WF+8FP, Balangao, Natonin, Mountain Province, Philippines","business_status":"OPERATIONAL","rating":null,"user_rating_count":null,"barangay_slug":"balangao","barangay_name":"Balangao"},"geometry":{"type":"Point","coordinates":[121.27369039999999,17.0958382]}},{"type":"Feature","properties":{"name":"Lower Balangao apapawan Elementary School","kind":"school","kind_label":"School","source":"google_places","google_place_id":"ChIJIcFL7nnpjzMRo-HHKxXtAuM","google_primary_type":"primary_school","google_primary_type_label":"Elementary School","google_types":["primary_school","school","educational_institution","point_of_interest","establishment"],"google_maps_uri":"https://maps.google.com/?cid=16357897471747678627&g_mp=Cilnb29nbGUubWFwcy5wbGFjZXMudjEuUGxhY2VzLlNlYXJjaE5lYXJieRACGAQgAA","google_icon_mask_base_uri":"https://maps.gstatic.com/mapfiles/place_api/icons/v2/school_pinlet","google_icon_background_color":"#7B9EB0","formatted_address":"37PF+WCP, Balangao, Natonin, Mountain Province, Philippines","business_status":"OPERATIONAL","rating":null,"user_rating_count":null,"barangay_slug":"balangao","barangay_name":"Balangao"},"geometry":{"type":"Point","coordinates":[121.2735707,17.0873331]}},{"type":"Feature","properties":{"name":"Pangtor Primary School","kind":"school","kind_label":"School","source":"google_places","google_place_id":"ChIJnfBvrTfojzMRxExqP9WSIOM","google_primary_type":"primary_school","google_primary_type_label":"Primary School","google_types":["primary_school","school","educational_institution","point_of_interest","establishment"],"google_maps_uri":"https://maps.google.com/?cid=16366242490454002884&g_mp=Cilnb29nbGUubWFwcy5wbGFjZXMudjEuUGxhY2VzLlNlYXJjaE5lYXJieRACGAQgAA","google_icon_mask_base_uri":"https://maps.gstatic.com/mapfiles/place_api/icons/v2/school_pinlet","google_icon_background_color":"#7B9EB0","formatted_address":"Banawel, 472M+284, Natonin, Mountain Province, Philippines","business_status":"OPERATIONAL","rating":null,"user_rating_count":null,"barangay_slug":"balangao","barangay_name":"Balangao"},"geometry":{"type":"Point","coordinates":[121.2833328,17.1000004]}},{"type":"Feature","properties":{"name":"JYMS INN & RESTAURANT","kind":"tourism","kind_label":"Tourism","source":"google_places","google_place_id":"ChIJTamPigPpjzMRmoLYeJSKW-s","google_primary_type":"hotel","google_primary_type_label":"Hotel","google_types":["hotel","lodging","point_of_interest","establishment"],"google_maps_uri":"https://maps.google.com/?cid=16959301192080982682&g_mp=Cilnb29nbGUubWFwcy5wbGFjZXMudjEuUGxhY2VzLlNlYXJjaE5lYXJieRACGAQgAA","google_icon_mask_base_uri":"https://maps.gstatic.com/mapfiles/place_api/icons/v2/hotel_pinlet","google_icon_background_color":"#909CE1","formatted_address":"Witawit, Balangao, Natonin, 2624 Mountain Province, Philippines","business_status":"OPERATIONAL","rating":5,"user_rating_count":1,"barangay_slug":"balangao","barangay_name":"Balangao"},"geometry":{"type":"Point","coordinates":[121.28178039999999,17.1063757]}},{"type":"Feature","properties":{"name":"Sakaraw","kind":"tourism","kind_label":"Tourism","source":"google_places","google_place_id":"ChIJec18_dfpjzMR1L1Anoi1DwU","google_primary_type":"hiking_area","google_primary_type_label":"Hiking Area","google_types":["hiking_area","sports_activity_location","point_of_interest","establishment"],"google_maps_uri":"https://maps.google.com/?cid=364709693215522260&g_mp=Cilnb29nbGUubWFwcy5wbGFjZXMudjEuUGxhY2VzLlNlYXJjaE5lYXJieRACGAQgAA","google_icon_mask_base_uri":"https://maps.gstatic.com/mapfiles/place_api/icons/v2/hiking_pinlet","google_icon_background_color":"#4DB546","formatted_address":"473J+CC, Natonin, Mountain Province, Philippines","business_status":"OPERATIONAL","rating":5,"user_rating_count":4,"barangay_slug":"balangao","barangay_name":"Balangao"},"geometry":{"type":"Point","coordinates":[121.2811114,17.1035058]}},{"type":"Feature","properties":{"name":"Banao","kind":"business","kind_label":"Business","source":"google_places","google_place_id":"ChIJt5wmS2nDjzMRF3g_RrS17iI","google_primary_type":null,"google_primary_type_label":null,"google_types":["sublocality_level_2","sublocality","political"],"google_maps_uri":"https://maps.google.com/?cid=2517149027623991319&g_mp=Cidnb29nbGUubWFwcy5wbGFjZXMudjEuUGxhY2VzLlNlYXJjaFRleHQQAhgEIAA","google_icon_mask_base_uri":"https://maps.gstatic.com/mapfiles/place_api/icons/v2/generic_pinlet","google_icon_background_color":"#7B9EB0","formatted_address":"Banao, Natonin, Mountain Province, Philippines","business_status":null,"rating":null,"user_rating_count":null,"barangay_slug":"banao","barangay_name":"Banao"},"geometry":{"type":"Point","coordinates":[121.1882189,17.129475799999998]}},{"type":"Feature","properties":{"name":"Banao BHS","kind":"business","kind_label":"Business","source":"google_places","google_place_id":"ChIJSfhGagDdjzMRLu_eaC0zLt4","google_primary_type":"medical_clinic","google_primary_type_label":"Medical Clinic","google_types":["medical_clinic","health","point_of_interest","establishment"],"google_maps_uri":"https://maps.google.com/?cid=16009789995474677550&g_mp=Cidnb29nbGUubWFwcy5wbGFjZXMudjEuUGxhY2VzLlNlYXJjaFRleHQQAhgEIAA","google_icon_mask_base_uri":"https://maps.gstatic.com/mapfiles/place_api/icons/v2/generic_pinlet","google_icon_background_color":"#7B9EB0","formatted_address":"36C7+H77, Banao, Natonin, Mountain Province, Philippines","business_status":"OPERATIONAL","rating":null,"user_rating_count":null,"barangay_slug":"banao","barangay_name":"Banao"},"geometry":{"type":"Point","coordinates":[121.2131563,17.071417399999998]}},{"type":"Feature","properties":{"name":"Barangay Hall- Banao","kind":"govt","kind_label":"Government","source":"google_places","google_place_id":"ChIJH8IrKRjdjzMRaeXOe2w6qcc","google_primary_type":"government_office","google_primary_type_label":"Government Office","google_types":["government_office","point_of_interest","establishment"],"google_maps_uri":"https://maps.google.com/?cid=14387094722219795817&g_mp=Cilnb29nbGUubWFwcy5wbGFjZXMudjEuUGxhY2VzLlNlYXJjaE5lYXJieRACGAQgAA","google_icon_mask_base_uri":"https://maps.gstatic.com/mapfiles/place_api/icons/v2/civic-bldg_pinlet","google_icon_background_color":"#7B9EB0","formatted_address":"36C7+C2H, Talubin - Barlig - Paracelis Rd, Natonin, Mountain Province, Philippines","business_status":"OPERATIONAL","rating":null,"user_rating_count":null,"barangay_slug":"banao","barangay_name":"Banao"},"geometry":{"type":"Point","coordinates":[121.21260849999999,17.0710616]}},{"type":"Feature","properties":{"name":"Purag Primary School","kind":"school","kind_label":"School","source":"google_places","google_place_id":"ChIJnfBvrTfojzMRMECzJstIjOE","google_primary_type":"primary_school","google_primary_type_label":"Primary School","google_types":["primary_school","school","educational_institution","point_of_interest","establishment"],"google_maps_uri":"https://maps.google.com/?cid=16252445192638119984&g_mp=Cilnb29nbGUubWFwcy5wbGFjZXMudjEuUGxhY2VzLlNlYXJjaE5lYXJieRACGAQgAA","google_icon_mask_base_uri":"https://maps.gstatic.com/mapfiles/place_api/icons/v2/school_pinlet","google_icon_background_color":"#7B9EB0","formatted_address":"Banao, Natonin, Mountain Province, Philippines","business_status":"OPERATIONAL","rating":null,"user_rating_count":null,"barangay_slug":"banao","barangay_name":"Banao"},"geometry":{"type":"Point","coordinates":[121.21259699999999,17.071469699999998]}},{"type":"Feature","properties":{"name":"Mattar Cabin","kind":"tourism","kind_label":"Tourism","source":"google_places","google_place_id":"ChIJIdJwTADDjzMRhRUJCRaj7nE","google_primary_type":"hiking_area","google_primary_type_label":"Hiking Area","google_types":["hiking_area","sports_activity_location","point_of_interest","establishment"],"google_maps_uri":"https://maps.google.com/?cid=8209678485779191173&g_mp=Cilnb29nbGUubWFwcy5wbGFjZXMudjEuUGxhY2VzLlNlYXJjaE5lYXJieRACGAQgAA","google_icon_mask_base_uri":"https://maps.gstatic.com/mapfiles/place_api/icons/v2/hiking_pinlet","google_icon_background_color":"#4DB546","formatted_address":"456X+9W4, Natonin, Mountain Province, Philippines","business_status":"OPERATIONAL","rating":null,"user_rating_count":null,"barangay_slug":"banao","barangay_name":"Banao"},"geometry":{"type":"Point","coordinates":[121.1998435,17.1108993]}},{"type":"Feature","properties":{"name":"Banawel Elementary School","kind":"business","kind_label":"Business","source":"google_places","google_place_id":"ChIJL_4EmubpjzMRjoZ7h7G-WX8","google_primary_type":"educational_institution","google_primary_type_label":"Educational Institution","google_types":["educational_institution","point_of_interest","establishment"],"google_maps_uri":"https://maps.google.com/?cid=9176575385435604622&g_mp=Cidnb29nbGUubWFwcy5wbGFjZXMudjEuUGxhY2VzLlNlYXJjaFRleHQQAhgEIAA","google_icon_mask_base_uri":"https://maps.gstatic.com/mapfiles/place_api/icons/v2/school_pinlet","google_icon_background_color":"#7B9EB0","formatted_address":"Banawel, 476W+H49, Natonin, Mountain Province, Philippines","business_status":"OPERATIONAL","rating":null,"user_rating_count":null,"barangay_slug":"banawal","barangay_name":"Banawel"},"geometry":{"type":"Point","coordinates":[121.29535290000001,17.1114072]}},{"type":"Feature","properties":{"name":"BPM SLPA Banawel","kind":"business","kind_label":"Business","source":"google_places","google_place_id":"ChIJ3bkaw3vvjzMRKEjAeq1PYxU","google_primary_type":"store","google_primary_type_label":"Store","google_types":["store","point_of_interest","establishment"],"google_maps_uri":"https://maps.google.com/?cid=1541163103998199848&g_mp=Cilnb29nbGUubWFwcy5wbGFjZXMudjEuUGxhY2VzLlNlYXJjaE5lYXJieRACGAQgAA","google_icon_mask_base_uri":"https://maps.gstatic.com/mapfiles/place_api/icons/v2/shopping_pinlet","google_icon_background_color":"#4B96F3","formatted_address":"Banawal, Natonin, 2624 Mountain Province, Philippines","business_status":"OPERATIONAL","rating":null,"user_rating_count":null,"barangay_slug":"banawal","barangay_name":"Banawel"},"geometry":{"type":"Point","coordinates":[121.36559889999998,17.1044177]}},{"type":"Feature","properties":{"name":"Tita Urz Sari-sari Store","kind":"business","kind_label":"Business","source":"google_places","google_place_id":"ChIJX_Oh5ybpjzMRoGHiiB_abb0","google_primary_type":"store","google_primary_type_label":"Store","google_types":["store","point_of_interest","establishment"],"google_maps_uri":"https://maps.google.com/?cid=13649805874605220256&g_mp=Cilnb29nbGUubWFwcy5wbGFjZXMudjEuUGxhY2VzLlNlYXJjaE5lYXJieRACGAQgAA","google_icon_mask_base_uri":"https://maps.gstatic.com/mapfiles/place_api/icons/v2/shopping_pinlet","google_icon_background_color":"#4B96F3","formatted_address":"Purok 1, Poblacion, Natonin, 2624 Mountain Province, Philippines","business_status":"OPERATIONAL","rating":null,"user_rating_count":null,"barangay_slug":"banawal","barangay_name":"Banawel"},"geometry":{"type":"Point","coordinates":[121.2912463,17.1223943]}},{"type":"Feature","properties":{"name":"Barangay Health Station","kind":"govt","kind_label":"Government","source":"google_places","google_place_id":"ChIJn062ylLpjzMRDrF65hJG9pE","google_primary_type":"government_office","google_primary_type_label":"Government Office","google_types":["government_office","point_of_interest","establishment"],"google_maps_uri":"https://maps.google.com/?cid=10517671026760528142&g_mp=Cilnb29nbGUubWFwcy5wbGFjZXMudjEuUGxhY2VzLlNlYXJjaE5lYXJieRACGAQgAA","google_icon_mask_base_uri":"https://maps.gstatic.com/mapfiles/place_api/icons/v2/civic-bldg_pinlet","google_icon_background_color":"#7B9EB0","formatted_address":"Banawel, 476W+J2G, Natonin, Mountain Province, Philippines","business_status":"OPERATIONAL","rating":null,"user_rating_count":null,"barangay_slug":"banawal","barangay_name":"Banawel"},"geometry":{"type":"Point","coordinates":[121.29508379999999,17.111559000000003]}},{"type":"Feature","properties":{"name":"Tappo, Banawal, Natonin","kind":"govt","kind_label":"Government","source":"google_places","google_place_id":"ChIJr2IfYADpjzMRIaQ89CexOYo","google_primary_type":"government_office","google_primary_type_label":"Government Office","google_types":["government_office","point_of_interest","establishment"],"google_maps_uri":"https://maps.google.com/?cid=9960186836066018337&g_mp=Cilnb29nbGUubWFwcy5wbGFjZXMudjEuUGxhY2VzLlNlYXJjaE5lYXJieRACGAQgAA","google_icon_mask_base_uri":"https://maps.gstatic.com/mapfiles/place_api/icons/v2/civic-bldg_pinlet","google_icon_background_color":"#7B9EB0","formatted_address":"48PQ+XX, Natonin, Mountain Province, Philippines","business_status":"OPERATIONAL","rating":null,"user_rating_count":null,"barangay_slug":"banawal","barangay_name":"Banawel"},"geometry":{"type":"Point","coordinates":[121.3399594,17.137431499999998]}},{"type":"Feature","properties":{"name":"Bunag primary school","kind":"school","kind_label":"School","source":"google_places","google_place_id":"ChIJpWe2AXLvjzMRn65GbVFTwcc","google_primary_type":"primary_school","google_primary_type_label":"Elementary School","google_types":["primary_school","school","educational_institution","point_of_interest","establishment"],"google_maps_uri":"https://maps.google.com/?cid=14393877493243621023&g_mp=Cilnb29nbGUubWFwcy5wbGFjZXMudjEuUGxhY2VzLlNlYXJjaE5lYXJieRACGAQgAA","google_icon_mask_base_uri":"https://maps.gstatic.com/mapfiles/place_api/icons/v2/school_pinlet","google_icon_background_color":"#7B9EB0","formatted_address":"39F5+47X, Unnamed Road, Natonin, Mountain Province, Philippines","business_status":"OPERATIONAL","rating":null,"user_rating_count":null,"barangay_slug":"banawal","barangay_name":"Banawel"},"geometry":{"type":"Point","coordinates":[121.3582199,17.0728591]}},{"type":"Feature","properties":{"name":"Elias Resort","kind":"tourism","kind_label":"Tourism","source":"google_places","google_place_id":"ChIJOdgjXQDvjzMReP4cvI0xpPM","google_primary_type":"park","google_primary_type_label":"Park","google_types":["park","point_of_interest","establishment"],"google_maps_uri":"https://maps.google.com/?cid=17556211732213202552&g_mp=Cilnb29nbGUubWFwcy5wbGFjZXMudjEuUGxhY2VzLlNlYXJjaE5lYXJieRACGAQgAA","google_icon_mask_base_uri":"https://maps.gstatic.com/mapfiles/place_api/icons/v2/tree_pinlet","google_icon_background_color":"#4DB546","formatted_address":"3994+PF8, Natonin, Mountain Province, Philippines","business_status":"OPERATIONAL","rating":null,"user_rating_count":null,"barangay_slug":"banawal","barangay_name":"Banawel"},"geometry":{"type":"Point","coordinates":[121.3562025,17.0692874]}},{"type":"Feature","properties":{"name":"Elias Villa Homestay","kind":"tourism","kind_label":"Tourism","source":"google_places","google_place_id":"ChIJw6ean2LpjzMRp3YuyjNL_nQ","google_primary_type":"hotel","google_primary_type_label":"Hotel","google_types":["hotel","lodging","point_of_interest","establishment"],"google_maps_uri":"https://maps.google.com/?cid=8430258238291605159&g_mp=Cilnb29nbGUubWFwcy5wbGFjZXMudjEuUGxhY2VzLlNlYXJjaE5lYXJieRACGAQgAA","google_icon_mask_base_uri":"https://maps.gstatic.com/mapfiles/place_api/icons/v2/hotel_pinlet","google_icon_background_color":"#909CE1","formatted_address":"Bunag, Butac, Barangay, Aguinaldo, 3606 Ifugao, Philippines","business_status":"OPERATIONAL","rating":null,"user_rating_count":null,"barangay_slug":"banawal","barangay_name":"Banawel"},"geometry":{"type":"Point","coordinates":[121.35284349999999,17.0679375]}},{"type":"Feature","properties":{"name":"Khayem","kind":"tourism","kind_label":"Tourism","source":"google_places","google_place_id":"ChIJ4-uYotTpjzMRMGUPTMZxknQ","google_primary_type":"farmstay","google_primary_type_label":"Farmstay","google_types":["farmstay","lodging","point_of_interest","establishment"],"google_maps_uri":"https://maps.google.com/?cid=8399901351492937008&g_mp=Cilnb29nbGUubWFwcy5wbGFjZXMudjEuUGxhY2VzLlNlYXJjaE5lYXJieRACGAQgAA","google_icon_mask_base_uri":"https://maps.gstatic.com/mapfiles/place_api/icons/v2/hotel_pinlet","google_icon_background_color":"#909CE1","formatted_address":"Natonin, 2624 Mountain Province, Philippines","business_status":"OPERATIONAL","rating":null,"user_rating_count":null,"barangay_slug":"banawal","barangay_name":"Banawel"},"geometry":{"type":"Point","coordinates":[121.3327888,17.0972437]}},{"type":"Feature","properties":{"name":"Poyya-as","kind":"tourism","kind_label":"Tourism","source":"google_places","google_place_id":"ChIJc9JFIwDpjzMRtnpnGBTp_4c","google_primary_type":"tourist_attraction","google_primary_type_label":"Tourist Attraction","google_types":["tourist_attraction","point_of_interest","establishment"],"google_maps_uri":"https://maps.google.com/?cid=9799807586699541174&g_mp=Cilnb29nbGUubWFwcy5wbGFjZXMudjEuUGxhY2VzLlNlYXJjaE5lYXJieRACGAQgAA","google_icon_mask_base_uri":"https://maps.gstatic.com/mapfiles/place_api/icons/v2/generic_pinlet","google_icon_background_color":"#13B5C7","formatted_address":"48G2+842, Banawal, Natonin, Mountain Province, Philippines","business_status":"OPERATIONAL","rating":null,"user_rating_count":null,"barangay_slug":"banawal","barangay_name":"Banawel"},"geometry":{"type":"Point","coordinates":[121.3002647,17.1257624]}},{"type":"Feature","properties":{"name":"Butac BhS","kind":"business","kind_label":"Business","source":"google_places","google_place_id":"ChIJrSRShNrDjzMR3uxR9m0bPos","google_primary_type":"medical_clinic","google_primary_type_label":"Medical Clinic","google_types":["medical_clinic","health","point_of_interest","establishment"],"google_maps_uri":"https://maps.google.com/?cid=10033487178925993182&g_mp=Cidnb29nbGUubWFwcy5wbGFjZXMudjEuUGxhY2VzLlNlYXJjaFRleHQQAhgEIAA","google_icon_mask_base_uri":"https://maps.gstatic.com/mapfiles/place_api/icons/v2/generic_pinlet","google_icon_background_color":"#7B9EB0","formatted_address":"37X6+7V9, Natonin, Mountain Province, Philippines","business_status":"OPERATIONAL","rating":null,"user_rating_count":null,"barangay_slug":"butac","barangay_name":"Butac"},"geometry":{"type":"Point","coordinates":[121.2622495,17.098150099999998]}},{"type":"Feature","properties":{"name":"Butac Elementary School","kind":"school","kind_label":"School","source":"google_places","google_place_id":"ChIJnfBvrTfojzMREn3rBBUYjUY","google_primary_type":"primary_school","google_primary_type_label":"Elementary School","google_types":["primary_school","school","educational_institution","point_of_interest","establishment"],"google_maps_uri":"https://maps.google.com/?cid=5083746032927079698&g_mp=Cilnb29nbGUubWFwcy5wbGFjZXMudjEuUGxhY2VzLlNlYXJjaE5lYXJieRACGAQgAA","google_icon_mask_base_uri":"https://maps.gstatic.com/mapfiles/place_api/icons/v2/school_pinlet","google_icon_background_color":"#7B9EB0","formatted_address":"37X7+PQP Butac, Natonin, Mountain Province, Philippines","business_status":"OPERATIONAL","rating":null,"user_rating_count":null,"barangay_slug":"butac","barangay_name":"Butac"},"geometry":{"type":"Point","coordinates":[121.2644573,17.099327799999998]}},{"type":"Feature","properties":{"name":"To'or","kind":"tourism","kind_label":"Tourism","source":"google_places","google_place_id":"ChIJZWCGafLpjzMR2p2BqLzTYxY","google_primary_type":"tourist_attraction","google_primary_type_label":"Tourist Attraction","google_types":["tourist_attraction","point_of_interest","establishment"],"google_maps_uri":"https://maps.google.com/?cid=1613365898763148762&g_mp=Cilnb29nbGUubWFwcy5wbGFjZXMudjEuUGxhY2VzLlNlYXJjaE5lYXJieRACGAQgAA","google_icon_mask_base_uri":"https://maps.gstatic.com/mapfiles/place_api/icons/v2/generic_pinlet","google_icon_background_color":"#13B5C7","formatted_address":"4739+237, Natonin, Mountain Province, Philippines","business_status":"OPERATIONAL","rating":4.7,"user_rating_count":6,"barangay_slug":"butac","barangay_name":"Butac"},"geometry":{"type":"Point","coordinates":[121.2676658,17.1025412]}},{"type":"Feature","properties":{"name":"Maliggong","kind":"business","kind_label":"Business","source":"google_places","google_place_id":"ChIJ3bnZZwDrjzMRIFsbykm3o38","google_primary_type":"association_or_organization","google_primary_type_label":"Association / Organization","google_types":["service","association_or_organization","point_of_interest","establishment"],"google_maps_uri":"https://maps.google.com/?cid=9197396391571970848&g_mp=Cidnb29nbGUubWFwcy5wbGFjZXMudjEuUGxhY2VzLlNlYXJjaFRleHQQAhgEIAA","google_icon_mask_base_uri":"https://maps.gstatic.com/mapfiles/place_api/icons/v2/generic_pinlet","google_icon_background_color":"#7B9EB0","formatted_address":"575M+4QG, Natonin, Mountain Province, Philippines","business_status":"OPERATIONAL","rating":null,"user_rating_count":null,"barangay_slug":"maducayan","barangay_name":"Maducayan"},"geometry":{"type":"Point","coordinates":[121.28517430000001,17.1583008]}},{"type":"Feature","properties":{"name":"Motor parts","kind":"business","kind_label":"Business","source":"google_places","google_place_id":"ChIJ5Wu34prpjzMR32yOk_RMItA","google_primary_type":"auto_parts_store","google_primary_type_label":"Auto Parts Store","google_types":["auto_parts_store","car_repair","point_of_interest","service","store","establishment"],"google_maps_uri":"https://maps.google.com/?cid=14997634322428488927&g_mp=Cilnb29nbGUubWFwcy5wbGFjZXMudjEuUGxhY2VzLlNlYXJjaE5lYXJieRACGAQgAA","google_icon_mask_base_uri":"https://maps.gstatic.com/mapfiles/place_api/icons/v2/shopping_pinlet","google_icon_background_color":"#4B96F3","formatted_address":"Natonin, Mountain Province, Philippines","business_status":"OPERATIONAL","rating":null,"user_rating_count":null,"barangay_slug":"maducayan","barangay_name":"Maducayan"},"geometry":{"type":"Point","coordinates":[121.2855249,17.1286233]}},{"type":"Feature","properties":{"name":"Natonin","kind":"business","kind_label":"Business","source":"google_places","google_place_id":"ChIJ6V_TeDjqjzMRi-S3VpnWIxU","google_primary_type":null,"google_primary_type_label":null,"google_types":["locality","political"],"google_maps_uri":"https://maps.google.com/?cid=1523297053054592139&g_mp=Cidnb29nbGUubWFwcy5wbGFjZXMudjEuUGxhY2VzLlNlYXJjaFRleHQQAhgEIAA","google_icon_mask_base_uri":"https://maps.gstatic.com/mapfiles/place_api/icons/v2/generic_pinlet","google_icon_background_color":"#7B9EB0","formatted_address":"Natonin, Mountain Province, Philippines","business_status":null,"rating":null,"user_rating_count":null,"barangay_slug":"maducayan","barangay_name":"Maducayan"},"geometry":{"type":"Point","coordinates":[121.2855249,17.1286233]}},{"type":"Feature","properties":{"name":"Samoki","kind":"business","kind_label":"Business","source":"google_places","google_place_id":"ChIJ1VA1dwDrjzMRtBjZdYc_J0Q","google_primary_type":"association_or_organization","google_primary_type_label":"Association / Organization","google_types":["service","association_or_organization","point_of_interest","establishment"],"google_maps_uri":"https://maps.google.com/?cid=4910963769701111988&g_mp=Cidnb29nbGUubWFwcy5wbGFjZXMudjEuUGxhY2VzLlNlYXJjaFRleHQQAhgEIAA","google_icon_mask_base_uri":"https://maps.gstatic.com/mapfiles/place_api/icons/v2/generic_pinlet","google_icon_background_color":"#7B9EB0","formatted_address":"574J+4C, Natonin, Mountain Province, Philippines","business_status":"OPERATIONAL","rating":null,"user_rating_count":null,"barangay_slug":"maducayan","barangay_name":"Maducayan"},"geometry":{"type":"Point","coordinates":[121.281001,17.1552926]}},{"type":"Feature","properties":{"name":"Ambigaton Panot Farm","kind":"tourism","kind_label":"Tourism","source":"google_places","google_place_id":"ChIJSWKOAQDpjzMRFKJmenEVBVs","google_primary_type":"campground","google_primary_type_label":"Campground","google_types":["campground","lodging","point_of_interest","establishment"],"google_maps_uri":"https://maps.google.com/?cid=6558672009464029716&g_mp=Cilnb29nbGUubWFwcy5wbGFjZXMudjEuUGxhY2VzLlNlYXJjaE5lYXJieRACGAQgAA","google_icon_mask_base_uri":"https://maps.gstatic.com/mapfiles/place_api/icons/v2/camping_pinlet","google_icon_background_color":"#4DB546","formatted_address":"5728+M47 Ambigaton, Natonin, Mountain Province, Philippines","business_status":"OPERATIONAL","rating":null,"user_rating_count":null,"barangay_slug":"maducayan","barangay_name":"Maducayan"},"geometry":{"type":"Point","coordinates":[121.26530079999999,17.151656199999998]}},{"type":"Feature","properties":{"name":"Jarila Tranquil Resort","kind":"tourism","kind_label":"Tourism","source":"google_places","google_place_id":"ChIJRyJBuvLpjzMR4Ft2CXpZUWo","google_primary_type":"swimming_pool","google_primary_type_label":"Swimming Pool","google_types":["swimming_pool","sports_activity_location","point_of_interest","establishment"],"google_maps_uri":"https://maps.google.com/?cid=7661002821813558240&g_mp=Cilnb29nbGUubWFwcy5wbGFjZXMudjEuUGxhY2VzLlNlYXJjaE5lYXJieRACGAQgAA","google_icon_mask_base_uri":"https://maps.gstatic.com/mapfiles/place_api/icons/v2/generic_pinlet","google_icon_background_color":"#7B9EB0","formatted_address":"Mangnao, Maducayan, Natonin, Mountain Province, Philippines","business_status":"OPERATIONAL","rating":null,"user_rating_count":null,"barangay_slug":"maducayan","barangay_name":"Maducayan"},"geometry":{"type":"Point","coordinates":[121.30588119999997,17.1367592]}},{"type":"Feature","properties":{"name":"Vinoy-voyyogen","kind":"tourism","kind_label":"Tourism","source":"google_places","google_place_id":"ChIJf7JxJQDrjzMRxXx4k14nxzM","google_primary_type":"tourist_attraction","google_primary_type_label":"Tourist Attraction","google_types":["tourist_attraction","point_of_interest","establishment"],"google_maps_uri":"https://maps.google.com/?cid=3730994103454301381&g_mp=Cilnb29nbGUubWFwcy5wbGFjZXMudjEuUGxhY2VzLlNlYXJjaE5lYXJieRACGAQgAA","google_icon_mask_base_uri":"https://maps.gstatic.com/mapfiles/place_api/icons/v2/generic_pinlet","google_icon_background_color":"#13B5C7","formatted_address":"57WF+X72, Natonin, Mountain Province, Philippines","business_status":"OPERATIONAL","rating":null,"user_rating_count":null,"barangay_slug":"maducayan","barangay_name":"Maducayan"},"geometry":{"type":"Point","coordinates":[121.2731535,17.197396299999998]}},{"type":"Feature","properties":{"name":"ALDYXZIE Enterprises","kind":"business","kind_label":"Business","source":"google_places","google_place_id":"ChIJ2_1awmLpjzMRh3bxIzHAVAY","google_primary_type":"hardware_store","google_primary_type_label":"Hardware Store","google_types":["hardware_store","building_materials_store","store","point_of_interest","establishment"],"google_maps_uri":"https://maps.google.com/?cid=456200779560220295&g_mp=Cilnb29nbGUubWFwcy5wbGFjZXMudjEuUGxhY2VzLlNlYXJjaE5lYXJieRACGAQgAA","google_icon_mask_base_uri":"https://maps.gstatic.com/mapfiles/place_api/icons/v2/shopping_pinlet","google_icon_background_color":"#4B96F3","formatted_address":"475F+2X3, Talubin - Barlig - Paracelis Rd, Natonin, Mountain Province, Philippines","business_status":"OPERATIONAL","rating":null,"user_rating_count":null,"barangay_slug":"poblacion","barangay_name":"Poblacion"},"geometry":{"type":"Point","coordinates":[121.27493129999999,17.1075013]}},{"type":"Feature","properties":{"name":"ARA's PUB & CAFE","kind":"business","kind_label":"Business","source":"google_places","google_place_id":"ChIJjZsSZwDpjzMRbfEVKepTBJ8","google_primary_type":"restaurant","google_primary_type_label":"Restaurant","google_types":["restaurant","point_of_interest","food","establishment"],"google_maps_uri":"https://maps.google.com/?cid=11458375617114141037&g_mp=Cilnb29nbGUubWFwcy5wbGFjZXMudjEuUGxhY2VzLlNlYXJjaE5lYXJieRACGAQgAA","google_icon_mask_base_uri":"https://maps.gstatic.com/mapfiles/place_api/icons/v2/restaurant_pinlet","google_icon_background_color":"#FF9E67","formatted_address":"475H+Q4M, Poblacion, Natonin, Mountain Province, Philippines","business_status":"OPERATIONAL","rating":null,"user_rating_count":null,"barangay_slug":"poblacion","barangay_name":"Poblacion"},"geometry":{"type":"Point","coordinates":[121.27778620000001,17.1094692]}},{"type":"Feature","properties":{"name":"Aswat's Store","kind":"business","kind_label":"Business","source":"google_places","google_place_id":"ChIJW3MtWfnpjzMRirmA_bnj5-c","google_primary_type":"store","google_primary_type_label":"Store","google_types":["store","point_of_interest","establishment"],"google_maps_uri":"https://maps.google.com/?cid=16710575330343041418&g_mp=Cilnb29nbGUubWFwcy5wbGFjZXMudjEuUGxhY2VzLlNlYXJjaE5lYXJieRACGAQgAA","google_icon_mask_base_uri":"https://maps.gstatic.com/mapfiles/place_api/icons/v2/shopping_pinlet","google_icon_background_color":"#4B96F3","formatted_address":"475H+V4G, Natonin, Mountain Province, Philippines","business_status":"OPERATIONAL","rating":5,"user_rating_count":1,"barangay_slug":"poblacion","barangay_name":"Poblacion"},"geometry":{"type":"Point","coordinates":[121.2777841,17.109508599999998]}},{"type":"Feature","properties":{"name":"B&E PRINTING SHOP","kind":"business","kind_label":"Business","source":"google_places","google_place_id":"ChIJ4z8_wOnpjzMRtLhNqoviz1E","google_primary_type":"clothing_store","google_primary_type_label":"Clothing Store","google_types":["clothing_store","manufacturer","store","service","point_of_interest","establishment"],"google_maps_uri":"https://maps.google.com/?cid=5895179526736820404&g_mp=Cilnb29nbGUubWFwcy5wbGFjZXMudjEuUGxhY2VzLlNlYXJjaE5lYXJieRACGAQgAA","google_icon_mask_base_uri":"https://maps.gstatic.com/mapfiles/place_api/icons/v2/shopping_pinlet","google_icon_background_color":"#4B96F3","formatted_address":"Barracks, Poblacion, Natonin, 2624 Mountain Province, Philippines","business_status":"OPERATIONAL","rating":null,"user_rating_count":null,"barangay_slug":"poblacion","barangay_name":"Poblacion"},"geometry":{"type":"Point","coordinates":[121.27891460000001,17.109189399999998]}},{"type":"Feature","properties":{"name":"Balangao Films","kind":"business","kind_label":"Business","source":"google_places","google_place_id":"ChIJb9ll663pjzMRyudkiii27dM","google_primary_type":"manufacturer","google_primary_type_label":"Manufacturer","google_types":["point_of_interest","manufacturer","establishment"],"google_maps_uri":"https://maps.google.com/?cid=15271062196720035786&g_mp=Cidnb29nbGUubWFwcy5wbGFjZXMudjEuUGxhY2VzLlNlYXJjaFRleHQQAhgEIAA","google_icon_mask_base_uri":"https://maps.gstatic.com/mapfiles/place_api/icons/v2/generic_pinlet","google_icon_background_color":"#7B9EB0","formatted_address":"475J+WC6, Natonin, Mountain Province, Philippines","business_status":"OPERATIONAL","rating":5,"user_rating_count":2,"barangay_slug":"poblacion","barangay_name":"Poblacion"},"geometry":{"type":"Point","coordinates":[121.28101199999999,17.109796199999998]}},{"type":"Feature","properties":{"name":"Barracks Pharma and General Merchandise","kind":"business","kind_label":"Business","source":"google_places","google_place_id":"ChIJx994RnvpjzMRqrPmqHg-1X4","google_primary_type":"store","google_primary_type_label":"Store","google_types":["store","point_of_interest","establishment"],"google_maps_uri":"https://maps.google.com/?cid=9139279706768978858&g_mp=Cilnb29nbGUubWFwcy5wbGFjZXMudjEuUGxhY2VzLlNlYXJjaE5lYXJieRACGAQgAA","google_icon_mask_base_uri":"https://maps.gstatic.com/mapfiles/place_api/icons/v2/shopping_pinlet","google_icon_background_color":"#4B96F3","formatted_address":"475J+V4G, Talubin - Barlig - Paracelis Rd, Natonin, Mountain Province, Philippines","business_status":"OPERATIONAL","rating":null,"user_rating_count":null,"barangay_slug":"poblacion","barangay_name":"Poblacion"},"geometry":{"type":"Point","coordinates":[121.2803358,17.1096151]}},{"type":"Feature","properties":{"name":"Barracks Satellite Market","kind":"business","kind_label":"Business","source":"google_places","google_place_id":"ChIJA1LEtH_pjzMR2p3VOsobmMA","google_primary_type":"market","google_primary_type_label":"Market","google_types":["market","point_of_interest","establishment"],"google_maps_uri":"https://maps.google.com/?cid=13877872807126605274&g_mp=Cidnb29nbGUubWFwcy5wbGFjZXMudjEuUGxhY2VzLlNlYXJjaFRleHQQAhgEIAA","google_icon_mask_base_uri":"https://maps.gstatic.com/mapfiles/place_api/icons/v2/shopping_pinlet","google_icon_background_color":"#4B96F3","formatted_address":"475H+JR5, Talubin - Barlig - Paracelis Rd, Natonin, Mountain Province, Philippines","business_status":"OPERATIONAL","rating":4.7,"user_rating_count":3,"barangay_slug":"poblacion","barangay_name":"Poblacion"},"geometry":{"type":"Point","coordinates":[121.27959530000001,17.1090001]}},{"type":"Feature","properties":{"name":"Brenda's Cafe","kind":"business","kind_label":"Business","source":"google_places","google_place_id":"ChIJS-OBjEfpjzMRQG0Xorhm3YI","google_primary_type":"cafe","google_primary_type_label":"Cafe","google_types":["cafe","point_of_interest","food","establishment"],"google_maps_uri":"https://maps.google.com/?cid=9429806137963146560&g_mp=Cilnb29nbGUubWFwcy5wbGFjZXMudjEuUGxhY2VzLlNlYXJjaE5lYXJieRACGAQgAA","google_icon_mask_base_uri":"https://maps.gstatic.com/mapfiles/place_api/icons/v2/cafe_pinlet","google_icon_background_color":"#FF9E67","formatted_address":"475H+QC8, Talubin - Barlig - Paracelis Rd, Natonin, Mountain Province, Philippines","business_status":"OPERATIONAL","rating":4,"user_rating_count":1,"barangay_slug":"poblacion","barangay_name":"Poblacion"},"geometry":{"type":"Point","coordinates":[121.27854819999999,17.1093826]}},{"type":"Feature","properties":{"name":"Cafongtan Store","kind":"business","kind_label":"Business","source":"google_places","google_place_id":"ChIJ_dYqy_bpjzMRgR1KUJNw4zk","google_primary_type":"store","google_primary_type_label":"Store","google_types":["store","point_of_interest","establishment"],"google_maps_uri":"https://maps.google.com/?cid=4171301457884749185&g_mp=Cilnb29nbGUubWFwcy5wbGFjZXMudjEuUGxhY2VzLlNlYXJjaE5lYXJieRACGAQgAA","google_icon_mask_base_uri":"https://maps.gstatic.com/mapfiles/place_api/icons/v2/shopping_pinlet","google_icon_background_color":"#4B96F3","formatted_address":"475H+MJ2, Natonin, Mountain Province, Philippines","business_status":"OPERATIONAL","rating":2,"user_rating_count":1,"barangay_slug":"poblacion","barangay_name":"Poblacion"},"geometry":{"type":"Point","coordinates":[121.27909799999999,17.1091898]}},{"type":"Feature","properties":{"name":"CJ Office and School Supplies","kind":"business","kind_label":"Business","source":"google_places","google_place_id":"ChIJH-xt97LpjzMRpZd2GJJu1vc","google_primary_type":"wholesaler","google_primary_type_label":"Wholesaler","google_types":["wholesaler","point_of_interest","establishment"],"google_maps_uri":"https://maps.google.com/?cid=17858582946138986405&g_mp=Cidnb29nbGUubWFwcy5wbGFjZXMudjEuUGxhY2VzLlNlYXJjaFRleHQQAhgEIAA","google_icon_mask_base_uri":"https://maps.gstatic.com/mapfiles/place_api/icons/v2/generic_pinlet","google_icon_background_color":"#7B9EB0","formatted_address":"475G+PH3, Talubin - Barlig - Paracelis Rd, Natonin, Mountain Province, Philippines","business_status":"OPERATIONAL","rating":5,"user_rating_count":1,"barangay_slug":"poblacion","barangay_name":"Poblacion"},"geometry":{"type":"Point","coordinates":[121.2764263,17.109268]}},{"type":"Feature","properties":{"name":"DAMATI'S FOOD HOUSE & CATERING SERVICES","kind":"business","kind_label":"Business","source":"google_places","google_place_id":"ChIJcTVwl0vpjzMRXvj3MQ-ARok","google_primary_type":"restaurant","google_primary_type_label":"Restaurant","google_types":["restaurant","point_of_interest","food","establishment"],"google_maps_uri":"https://maps.google.com/?cid=9891734434317072478&g_mp=Cilnb29nbGUubWFwcy5wbGFjZXMudjEuUGxhY2VzLlNlYXJjaE5lYXJieRACGAQgAA","google_icon_mask_base_uri":"https://maps.gstatic.com/mapfiles/place_api/icons/v2/restaurant_pinlet","google_icon_background_color":"#FF9E67","formatted_address":"PUROK 2 LIKEY, Poblacion, Natonin, 2624 Mountain Province, Philippines","business_status":"OPERATIONAL","rating":null,"user_rating_count":null,"barangay_slug":"poblacion","barangay_name":"Poblacion"},"geometry":{"type":"Point","coordinates":[121.28086789999999,17.1105262]}},{"type":"Feature","properties":{"name":"EJ's Foods","kind":"business","kind_label":"Business","source":"google_places","google_place_id":"ChIJV7j48x7pjzMRbpvEG-Uha4g","google_primary_type":"store","google_primary_type_label":"Store","google_types":["store","point_of_interest","establishment"],"google_maps_uri":"https://maps.google.com/?cid=9829987879563336558&g_mp=Cilnb29nbGUubWFwcy5wbGFjZXMudjEuUGxhY2VzLlNlYXJjaE5lYXJieRACGAQgAA","google_icon_mask_base_uri":"https://maps.gstatic.com/mapfiles/place_api/icons/v2/shopping_pinlet","google_icon_background_color":"#4B96F3","formatted_address":"475H+V4G, Natonin, Mountain Province, Philippines","business_status":"OPERATIONAL","rating":4,"user_rating_count":1,"barangay_slug":"poblacion","barangay_name":"Poblacion"},"geometry":{"type":"Point","coordinates":[121.27779749999999,17.109738]}},{"type":"Feature","properties":{"name":"F&J Dry Goods","kind":"business","kind_label":"Business","source":"google_places","google_place_id":"ChIJ-9eusnXpjzMRpcr8LavyEoQ","google_primary_type":"clothing_store","google_primary_type_label":"Clothing Store","google_types":["clothing_store","store","point_of_interest","establishment"],"google_maps_uri":"https://maps.google.com/?cid=9516935779612150437&g_mp=Cilnb29nbGUubWFwcy5wbGFjZXMudjEuUGxhY2VzLlNlYXJjaE5lYXJieRACGAQgAA","google_icon_mask_base_uri":"https://maps.gstatic.com/mapfiles/place_api/icons/v2/shopping_pinlet","google_icon_background_color":"#4B96F3","formatted_address":"475F+2VF, Natonin, Mountain Province, Philippines","business_status":"OPERATIONAL","rating":null,"user_rating_count":null,"barangay_slug":"poblacion","barangay_name":"Poblacion"},"geometry":{"type":"Point","coordinates":[121.27438240000001,17.1074581]}},{"type":"Feature","properties":{"name":"JcVhal Eatery and Store","kind":"business","kind_label":"Business","source":"google_places","google_place_id":"ChIJZV62WWXpjzMRtLANYWwAT5g","google_primary_type":"restaurant","google_primary_type_label":"Restaurant","google_types":["restaurant","point_of_interest","food","establishment"],"google_maps_uri":"https://maps.google.com/?cid=10974991282409943220&g_mp=Cilnb29nbGUubWFwcy5wbGFjZXMudjEuUGxhY2VzLlNlYXJjaE5lYXJieRACGAQgAA","google_icon_mask_base_uri":"https://maps.gstatic.com/mapfiles/place_api/icons/v2/restaurant_pinlet","google_icon_background_color":"#FF9E67","formatted_address":"Natonin, Mountain Province, Philippines","business_status":"OPERATIONAL","rating":4,"user_rating_count":1,"barangay_slug":"poblacion","barangay_name":"Poblacion"},"geometry":{"type":"Point","coordinates":[121.28025249999997,17.109204899999998]}},{"type":"Feature","properties":{"name":"JOLIRONZ CAFE & RESTOBAR","kind":"business","kind_label":"Business","source":"google_places","google_place_id":"ChIJ4xQy3X_pjzMRfEABmcJpGX4","google_primary_type":"restaurant","google_primary_type_label":"Restaurant","google_types":["restaurant","point_of_interest","food","establishment"],"google_maps_uri":"https://maps.google.com/?cid=9086410007708254332&g_mp=Cilnb29nbGUubWFwcy5wbGFjZXMudjEuUGxhY2VzLlNlYXJjaE5lYXJieRACGAQgAA","google_icon_mask_base_uri":"https://maps.gstatic.com/mapfiles/place_api/icons/v2/restaurant_pinlet","google_icon_background_color":"#FF9E67","formatted_address":"Purok 2, Poblacion, Natonin, 2624 Mountain Province, Philippines","business_status":"OPERATIONAL","rating":null,"user_rating_count":null,"barangay_slug":"poblacion","barangay_name":"Poblacion"},"geometry":{"type":"Point","coordinates":[121.28000209999999,17.10884]}},{"type":"Feature","properties":{"name":"JYMS General Merchandise and CONSTRUCTION SUPPLIES","kind":"business","kind_label":"Business","source":"google_places","google_place_id":"ChIJ9bllEoLpjzMR4qRdoyPXsuo","google_primary_type":"hardware_store","google_primary_type_label":"Hardware Store","google_types":["hardware_store","building_materials_store","store","point_of_interest","establishment"],"google_maps_uri":"https://maps.google.com/?cid=16911816098794284258&g_mp=Cilnb29nbGUubWFwcy5wbGFjZXMudjEuUGxhY2VzLlNlYXJjaE5lYXJieRACGAQgAA","google_icon_mask_base_uri":"https://maps.gstatic.com/mapfiles/place_api/icons/v2/shopping_pinlet","google_icon_background_color":"#4B96F3","formatted_address":"Junction, Poblacion, Natonin, 2624 Mountain Province, Philippines","business_status":"OPERATIONAL","rating":null,"user_rating_count":null,"barangay_slug":"poblacion","barangay_name":"Poblacion"},"geometry":{"type":"Point","coordinates":[121.27860849999999,17.109223999999998]}},{"type":"Feature","properties":{"name":"Kien General Merchandise","kind":"business","kind_label":"Business","source":"google_places","google_place_id":"ChIJJ-kiBNPpjzMRhnD6BwcDlt0","google_primary_type":"store","google_primary_type_label":"Store","google_types":["store","point_of_interest","establishment"],"google_maps_uri":"https://maps.google.com/?cid=15966952857622179974&g_mp=Cilnb29nbGUubWFwcy5wbGFjZXMudjEuUGxhY2VzLlNlYXJjaE5lYXJieRACGAQgAA","google_icon_mask_base_uri":"https://maps.gstatic.com/mapfiles/place_api/icons/v2/shopping_pinlet","google_icon_background_color":"#4B96F3","formatted_address":"475F+43V, Talubin - Barlig - Paracelis Rd, Natonin, Mountain Province, Philippines","business_status":"OPERATIONAL","rating":4,"user_rating_count":2,"barangay_slug":"poblacion","barangay_name":"Poblacion"},"geometry":{"type":"Point","coordinates":[121.27292099999998,17.1073652]}},{"type":"Feature","properties":{"name":"Kieran's Snack House","kind":"business","kind_label":"Business","source":"google_places","google_place_id":"ChIJneok8GnpjzMRYt7X9ETvzaQ","google_primary_type":"restaurant","google_primary_type_label":"Restaurant","google_types":["restaurant","point_of_interest","food","establishment"],"google_maps_uri":"https://maps.google.com/?cid=11875410871890468450&g_mp=Cilnb29nbGUubWFwcy5wbGFjZXMudjEuUGxhY2VzLlNlYXJjaE5lYXJieRACGAQgAA","google_icon_mask_base_uri":"https://maps.gstatic.com/mapfiles/place_api/icons/v2/restaurant_pinlet","google_icon_background_color":"#FF9E67","formatted_address":"475H+QX4, Natonin, Mountain Province, Philippines","business_status":"OPERATIONAL","rating":null,"user_rating_count":null,"barangay_slug":"poblacion","barangay_name":"Poblacion"},"geometry":{"type":"Point","coordinates":[121.2800328,17.108950099999998]}},{"type":"Feature","properties":{"name":"MONAMON CAFÉ AND RESTO BAR","kind":"business","kind_label":"Business","source":"google_places","google_place_id":"ChIJbeJwDS3ojzMRkPoe_5moPGo","google_primary_type":"point_of_interest","google_primary_type_label":"Point of interest","google_types":["point_of_interest","establishment"],"google_maps_uri":"https://maps.google.com/?cid=7655178845986683536&g_mp=Cidnb29nbGUubWFwcy5wbGFjZXMudjEuUGxhY2VzLlNlYXJjaFRleHQQAhgEIAA","google_icon_mask_base_uri":"https://maps.gstatic.com/mapfiles/place_api/icons/v2/generic_pinlet","google_icon_background_color":"#7B9EB0","formatted_address":"475F+42J, Talubin - Barlig - Paracelis Rd, Natonin, Mountain Province, Philippines","business_status":"OPERATIONAL","rating":5,"user_rating_count":1,"barangay_slug":"poblacion","barangay_name":"Poblacion"},"geometry":{"type":"Point","coordinates":[121.27250169999999,17.107826]}},{"type":"Feature","properties":{"name":"Monamon Child Development Center","kind":"business","kind_label":"Business","source":"google_places","google_place_id":"ChIJ5Yash-bpjzMRS5soQuPRTtU","google_primary_type":"child_care_agency","google_primary_type_label":"Child Care Agency","google_types":["child_care_agency","service","point_of_interest","establishment"],"google_maps_uri":"https://maps.google.com/?cid=15370453352259820363&g_mp=Cidnb29nbGUubWFwcy5wbGFjZXMudjEuUGxhY2VzLlNlYXJjaFRleHQQAhgEIAA","google_icon_mask_base_uri":"https://maps.gstatic.com/mapfiles/place_api/icons/v2/school_pinlet","google_icon_background_color":"#7B9EB0","formatted_address":"475F+43V, Talubin - Barlig - Paracelis Rd, Natonin, Mountain Province, Philippines","business_status":"OPERATIONAL","rating":null,"user_rating_count":null,"barangay_slug":"poblacion","barangay_name":"Poblacion"},"geometry":{"type":"Point","coordinates":[121.2731265,17.1074761]}},{"type":"Feature","properties":{"name":"Natonin Multi-Purpose Cooperative","kind":"business","kind_label":"Business","source":"google_places","google_place_id":"ChIJqYDU0jLojzMRV0VNprTz37c","google_primary_type":"bank","google_primary_type_label":"Bank","google_types":["bank","finance","point_of_interest","establishment"],"google_maps_uri":"https://maps.google.com/?cid=13249576585957033303&g_mp=Cilnb29nbGUubWFwcy5wbGFjZXMudjEuUGxhY2VzLlNlYXJjaE5lYXJieRACGAQgAA","google_icon_mask_base_uri":"https://maps.gstatic.com/mapfiles/place_api/icons/v2/bank-intl_pinlet","google_icon_background_color":"#909CE1","formatted_address":"475H+9WV, Talubin - Barlig - Paracelis Rd, Natonin, Mountain Province, Philippines","business_status":"OPERATIONAL","rating":null,"user_rating_count":null,"barangay_slug":"poblacion","barangay_name":"Poblacion"},"geometry":{"type":"Point","coordinates":[121.27980099999999,17.1084928]}},{"type":"Feature","properties":{"name":"Poblacion","kind":"business","kind_label":"Business","source":"google_places","google_place_id":"ChIJp2uJ2o3pjzMRJwZyb8ZZnR8","google_primary_type":"association_or_organization","google_primary_type_label":"Association / Organization","google_types":["association_or_organization","service","point_of_interest","establishment"],"google_maps_uri":"https://maps.google.com/?cid=2278075695327479335&g_mp=Cidnb29nbGUubWFwcy5wbGFjZXMudjEuUGxhY2VzLlNlYXJjaFRleHQQAhgEIAA","google_icon_mask_base_uri":"https://maps.gstatic.com/mapfiles/place_api/icons/v2/generic_pinlet","google_icon_background_color":"#7B9EB0","formatted_address":"475G+PR, Natonin, Mountain Province, Philippines","business_status":"OPERATIONAL","rating":null,"user_rating_count":null,"barangay_slug":"poblacion","barangay_name":"Poblacion"},"geometry":{"type":"Point","coordinates":[121.27705800000001,17.1093303]}},{"type":"Feature","properties":{"name":"Ragsak Cafe","kind":"business","kind_label":"Business","source":"google_places","google_place_id":"ChIJz7cPeAHpjzMRmaZ0BduFsJg","google_primary_type":"cafe","google_primary_type_label":"Cafe","google_types":["cafe","point_of_interest","food","establishment"],"google_maps_uri":"https://maps.google.com/?cid=11002441065401984665&g_mp=Cilnb29nbGUubWFwcy5wbGFjZXMudjEuUGxhY2VzLlNlYXJjaE5lYXJieRACGAQgAA","google_icon_mask_base_uri":"https://maps.gstatic.com/mapfiles/place_api/icons/v2/cafe_pinlet","google_icon_background_color":"#FF9E67","formatted_address":"475C+4XF, Talubin - Barlig - Paracelis Rd, Natonin, Mountain Province, Philippines","business_status":"OPERATIONAL","rating":3.5,"user_rating_count":4,"barangay_slug":"poblacion","barangay_name":"Poblacion"},"geometry":{"type":"Point","coordinates":[121.27241909999998,17.1078022]}},{"type":"Feature","properties":{"name":"San Roque Parish Convent","kind":"business","kind_label":"Business","source":"google_places","google_place_id":"ChIJuxKF6brpjzMRpvw8wVvr_Pw","google_primary_type":"place_of_worship","google_primary_type_label":"Place of Worship","google_types":["place_of_worship","association_or_organization","point_of_interest","establishment"],"google_maps_uri":"https://maps.google.com/?cid=18229704171005476006&g_mp=Cidnb29nbGUubWFwcy5wbGFjZXMudjEuUGxhY2VzLlNlYXJjaFRleHQQAhgEIAA","google_icon_mask_base_uri":"https://maps.gstatic.com/mapfiles/place_api/icons/v2/generic_pinlet","google_icon_background_color":"#7B9EB0","formatted_address":"475G+C47, Natonin, Mountain Province, Philippines","business_status":"OPERATIONAL","rating":null,"user_rating_count":null,"barangay_slug":"poblacion","barangay_name":"Poblacion"},"geometry":{"type":"Point","coordinates":[121.2752909,17.1085293]}},{"type":"Feature","properties":{"name":"Spring Dry Goods","kind":"business","kind_label":"Business","source":"google_places","google_place_id":"ChIJc7b1q-3pjzMRmIjiDxOWFgM","google_primary_type":"store","google_primary_type_label":"Store","google_types":["store","point_of_interest","establishment"],"google_maps_uri":"https://maps.google.com/?cid=222530240216467608&g_mp=Cilnb29nbGUubWFwcy5wbGFjZXMudjEuUGxhY2VzLlNlYXJjaE5lYXJieRACGAQgAA","google_icon_mask_base_uri":"https://maps.gstatic.com/mapfiles/place_api/icons/v2/shopping_pinlet","google_icon_background_color":"#4B96F3","formatted_address":"475G+MM6, Poblacion, Natonin, Mountain Province, Philippines","business_status":"OPERATIONAL","rating":null,"user_rating_count":null,"barangay_slug":"poblacion","barangay_name":"Poblacion"},"geometry":{"type":"Point","coordinates":[121.2766395,17.1091606]}},{"type":"Feature","properties":{"name":"Steven's Snack House","kind":"business","kind_label":"Business","source":"google_places","google_place_id":"ChIJf2-Vda_pjzMRY_i8Yh5uzro","google_primary_type":"restaurant","google_primary_type_label":"Restaurant","google_types":["restaurant","point_of_interest","food","establishment"],"google_maps_uri":"https://maps.google.com/?cid=13460817413041616995&g_mp=Cilnb29nbGUubWFwcy5wbGFjZXMudjEuUGxhY2VzLlNlYXJjaE5lYXJieRACGAQgAA","google_icon_mask_base_uri":"https://maps.gstatic.com/mapfiles/place_api/icons/v2/restaurant_pinlet","google_icon_background_color":"#FF9E67","formatted_address":"Natonin, Mountain Province, Philippines","business_status":"OPERATIONAL","rating":3.7,"user_rating_count":3,"barangay_slug":"poblacion","barangay_name":"Poblacion"},"geometry":{"type":"Point","coordinates":[121.2806554,17.1095819]}},{"type":"Feature","properties":{"name":"SweetWorths Food Hub","kind":"business","kind_label":"Business","source":"google_places","google_place_id":"ChIJ5Zzjvq3pjzMR-yuxBvssRYc","google_primary_type":"restaurant","google_primary_type_label":"Restaurant","google_types":["restaurant","point_of_interest","food","establishment"],"google_maps_uri":"https://maps.google.com/?cid=9747246425173994491&g_mp=Cilnb29nbGUubWFwcy5wbGFjZXMudjEuUGxhY2VzLlNlYXJjaE5lYXJieRACGAQgAA","google_icon_mask_base_uri":"https://maps.gstatic.com/mapfiles/place_api/icons/v2/restaurant_pinlet","google_icon_background_color":"#FF9E67","formatted_address":"475G+MGX, Talubin - Barlig - Paracelis Rd, Natonin, Mountain Province, Philippines","business_status":"OPERATIONAL","rating":5,"user_rating_count":1,"barangay_slug":"poblacion","barangay_name":"Poblacion"},"geometry":{"type":"Point","coordinates":[121.27635449999998,17.1091935]}},{"type":"Feature","properties":{"name":"MedSquare Pharmacy","kind":"clinic","kind_label":"Clinic","source":"google_places","google_place_id":"ChIJEWc3gbTpjzMR9t3CxCVY3CQ","google_primary_type":"pharmacy","google_primary_type_label":"Pharmacy","google_types":["pharmacy","store","health","point_of_interest","establishment"],"google_maps_uri":"https://maps.google.com/?cid=2656094799479889398&g_mp=Cilnb29nbGUubWFwcy5wbGFjZXMudjEuUGxhY2VzLlNlYXJjaE5lYXJieRACGAQgAA","google_icon_mask_base_uri":"https://maps.gstatic.com/mapfiles/place_api/icons/v2/pharmacy_pinlet","google_icon_background_color":"#F88181","formatted_address":"475G+98H, Natonin, Mountain Province, Philippines","business_status":"OPERATIONAL","rating":5,"user_rating_count":2,"barangay_slug":"poblacion","barangay_name":"Poblacion"},"geometry":{"type":"Point","coordinates":[121.2758551,17.108435399999998]}},{"type":"Feature","properties":{"name":"Barangay hall","kind":"govt","kind_label":"Government","source":"google_places","google_place_id":"ChIJxcmYWADpjzMRqscUZOH38IQ","google_primary_type":"government_office","google_primary_type_label":"Government Office","google_types":["government_office","point_of_interest","establishment"],"google_maps_uri":"https://maps.google.com/?cid=9579428954835830698&g_mp=Cilnb29nbGUubWFwcy5wbGFjZXMudjEuUGxhY2VzLlNlYXJjaE5lYXJieRACGAQgAA","google_icon_mask_base_uri":"https://maps.gstatic.com/mapfiles/place_api/icons/v2/civic-bldg_pinlet","google_icon_background_color":"#7B9EB0","formatted_address":"475F+2VF, Natonin, Mountain Province, Philippines","business_status":"OPERATIONAL","rating":null,"user_rating_count":null,"barangay_slug":"poblacion","barangay_name":"Poblacion"},"geometry":{"type":"Point","coordinates":[121.27466509999998,17.1075283]}},{"type":"Feature","properties":{"name":"Bureau of Fire Protection","kind":"govt","kind_label":"Government","source":"google_places","google_place_id":"ChIJKba1AIHpjzMRR7_N1b7Zyyg","google_primary_type":"fire_station","google_primary_type_label":"Fire Station","google_types":["fire_station","government_office","service","point_of_interest","establishment"],"google_maps_uri":"https://maps.google.com/?cid=2939682595443425095&g_mp=Cilnb29nbGUubWFwcy5wbGFjZXMudjEuUGxhY2VzLlNlYXJjaE5lYXJieRACGAQgAA","google_icon_mask_base_uri":"https://maps.gstatic.com/mapfiles/place_api/icons/v2/civic-bldg_pinlet","google_icon_background_color":"#7B9EB0","formatted_address":"476J+235, Natonin, Mountain Province, Philippines","business_status":"OPERATIONAL","rating":null,"user_rating_count":null,"barangay_slug":"poblacion","barangay_name":"Poblacion"},"geometry":{"type":"Point","coordinates":[121.28024070000001,17.1100092]}},{"type":"Feature","properties":{"name":"Municipal Agricultural Office","kind":"govt","kind_label":"Government","source":"google_places","google_place_id":"ChIJP1P4sgPpjzMRh_fweMH7cuU","google_primary_type":"government_office","google_primary_type_label":"Government Office","google_types":["government_office","point_of_interest","establishment"],"google_maps_uri":"https://maps.google.com/?cid=16533553990406829959&g_mp=Cilnb29nbGUubWFwcy5wbGFjZXMudjEuUGxhY2VzLlNlYXJjaE5lYXJieRACGAQgAA","google_icon_mask_base_uri":"https://maps.gstatic.com/mapfiles/place_api/icons/v2/civic-bldg_pinlet","google_icon_background_color":"#7B9EB0","formatted_address":"475H+QX4, Natonin, Mountain Province, Philippines","business_status":"OPERATIONAL","rating":4,"user_rating_count":1,"barangay_slug":"poblacion","barangay_name":"Poblacion"},"geometry":{"type":"Point","coordinates":[121.27989369999999,17.1090732]}},{"type":"Feature","properties":{"name":"Municipal Circuit Trial Court (Natonin-Paracelis)","kind":"govt","kind_label":"Government","source":"google_places","google_place_id":"ChIJ1wxbJ6HpjzMRV5eem26_uIA","google_primary_type":"courthouse","google_primary_type_label":"Courthouse","google_types":["courthouse","local_government_office","government_office","service","point_of_interest","establishment"],"google_maps_uri":"https://maps.google.com/?cid=9275373914347706199&g_mp=Cilnb29nbGUubWFwcy5wbGFjZXMudjEuUGxhY2VzLlNlYXJjaE5lYXJieRACGAQgAA","google_icon_mask_base_uri":"https://maps.gstatic.com/mapfiles/place_api/icons/v2/civic-bldg_pinlet","google_icon_background_color":"#7B9EB0","formatted_address":"475J+X42, Talubin - Barlig - Paracelis Rd, Natonin, Mountain Province, Philippines","business_status":"OPERATIONAL","rating":5,"user_rating_count":1,"barangay_slug":"poblacion","barangay_name":"Poblacion"},"geometry":{"type":"Point","coordinates":[121.2802555,17.109825600000004]}},{"type":"Feature","properties":{"name":"Natonin Ligtas COVID Center","kind":"govt","kind_label":"Government","source":"google_places","google_place_id":"ChIJcxaDroHpjzMRh2a7O4d-AP0","google_primary_type":"government_office","google_primary_type_label":"Government Office","google_types":["government_office","point_of_interest","establishment"],"google_maps_uri":"https://maps.google.com/?cid=18230710410883589767&g_mp=Cilnb29nbGUubWFwcy5wbGFjZXMudjEuUGxhY2VzLlNlYXJjaE5lYXJieRACGAQgAA","google_icon_mask_base_uri":"https://maps.gstatic.com/mapfiles/place_api/icons/v2/civic-bldg_pinlet","google_icon_background_color":"#7B9EB0","formatted_address":"474F+XR5, Natonin, Mountain Province, Philippines","business_status":"OPERATIONAL","rating":null,"user_rating_count":null,"barangay_slug":"poblacion","barangay_name":"Poblacion"},"geometry":{"type":"Point","coordinates":[121.27461310000001,17.107395699999998]}},{"type":"Feature","properties":{"name":"Old Natonin Police Station Bldg","kind":"govt","kind_label":"Government","source":"google_places","google_place_id":"ChIJn7rpqszpjzMRkTa1_urK_sQ","google_primary_type":"government_office","google_primary_type_label":"Government Office","google_types":["government_office","point_of_interest","establishment"],"google_maps_uri":"https://maps.google.com/?cid=14195006186162828945&g_mp=Cilnb29nbGUubWFwcy5wbGFjZXMudjEuUGxhY2VzLlNlYXJjaE5lYXJieRACGAQgAA","google_icon_mask_base_uri":"https://maps.gstatic.com/mapfiles/place_api/icons/v2/civic-bldg_pinlet","google_icon_background_color":"#7B9EB0","formatted_address":"475H+FVM, Natonin, Mountain Province, Philippines","business_status":"OPERATIONAL","rating":null,"user_rating_count":null,"barangay_slug":"poblacion","barangay_name":"Poblacion"},"geometry":{"type":"Point","coordinates":[121.27968320000001,17.1087088]}},{"type":"Feature","properties":{"name":"Poblacion Barangay Hall","kind":"govt","kind_label":"Government","source":"google_places","google_place_id":"ChIJMShLnsrpjzMR_g3qrj4yUqw","google_primary_type":"government_office","google_primary_type_label":"Government Office","google_types":["government_office","point_of_interest","establishment"],"google_maps_uri":"https://maps.google.com/?cid=12417042367417814526&g_mp=Cilnb29nbGUubWFwcy5wbGFjZXMudjEuUGxhY2VzLlNlYXJjaE5lYXJieRACGAQgAA","google_icon_mask_base_uri":"https://maps.gstatic.com/mapfiles/place_api/icons/v2/civic-bldg_pinlet","google_icon_background_color":"#7B9EB0","formatted_address":"475H+GWH Barracks, Poblacion, Natonin, Mountain Province, Philippines","business_status":"OPERATIONAL","rating":null,"user_rating_count":null,"barangay_slug":"poblacion","barangay_name":"Poblacion"},"geometry":{"type":"Point","coordinates":[121.2798441,17.1088219]}},{"type":"Feature","properties":{"name":"Anastacia Rafael Sagel Memorial Hospital","kind":"hospital","kind_label":"Hospital","source":"google_places","google_place_id":"ChIJ9flvrTfojzMRQI1_5TmyQMg","google_primary_type":"hospital","google_primary_type_label":"Hospital","google_types":["hospital","health","service","point_of_interest","establishment"],"google_maps_uri":"https://maps.google.com/?cid=14429729167828290880&g_mp=Cilnb29nbGUubWFwcy5wbGFjZXMudjEuUGxhY2VzLlNlYXJjaE5lYXJieRACGAQgAA","google_icon_mask_base_uri":"https://maps.gstatic.com/mapfiles/place_api/icons/v2/hospital-H_pinlet","google_icon_background_color":"#F88181","formatted_address":"475H+VWP, Poblacion, Natonin, Mountain Province, Philippines","business_status":"OPERATIONAL","rating":3.8,"user_rating_count":4,"barangay_slug":"poblacion","barangay_name":"Poblacion"},"geometry":{"type":"Point","coordinates":[121.27982870000001,17.1097248]}},{"type":"Feature","properties":{"name":"Amsia's Store","kind":"market","kind_label":"Market","source":"google_places","google_place_id":"ChIJx0Nd2LLpjzMRi4L0S1_eflw","google_primary_type":"general_store","google_primary_type_label":"General Store","google_types":["general_store","food_store","store","point_of_interest","food","establishment"],"google_maps_uri":"https://maps.google.com/?cid=6665008999432487563&g_mp=Cilnb29nbGUubWFwcy5wbGFjZXMudjEuUGxhY2VzLlNlYXJjaE5lYXJieRACGAQgAA","google_icon_mask_base_uri":"https://maps.gstatic.com/mapfiles/place_api/icons/v2/shopping_pinlet","google_icon_background_color":"#4B96F3","formatted_address":"475H+V4G, Natonin, Mountain Province, Philippines","business_status":"OPERATIONAL","rating":5,"user_rating_count":1,"barangay_slug":"poblacion","barangay_name":"Poblacion"},"geometry":{"type":"Point","coordinates":[121.27766379999998,17.109602199999998]}},{"type":"Feature","properties":{"name":"Bandod's store","kind":"market","kind_label":"Market","source":"google_places","google_place_id":"ChIJgbzwlinpjzMRgChAPYy_q48","google_primary_type":"grocery_store","google_primary_type_label":"Grocery Store","google_types":["grocery_store","food_store","store","point_of_interest","food","establishment"],"google_maps_uri":"https://maps.google.com/?cid=10352578777485158528&g_mp=Cilnb29nbGUubWFwcy5wbGFjZXMudjEuUGxhY2VzLlNlYXJjaE5lYXJieRACGAQgAA","google_icon_mask_base_uri":"https://maps.gstatic.com/mapfiles/place_api/icons/v2/shoppingcart_pinlet","google_icon_background_color":"#4B96F3","formatted_address":"Purok 4, Poblacion, Natonin, 2624 Mountain Province, Philippines","business_status":"OPERATIONAL","rating":null,"user_rating_count":null,"barangay_slug":"poblacion","barangay_name":"Poblacion"},"geometry":{"type":"Point","coordinates":[121.2792287,17.1089615]}},{"type":"Feature","properties":{"name":"Bannagao's Store","kind":"market","kind_label":"Market","source":"google_places","google_place_id":"ChIJU-jrM0_pjzMRNvoL4fg92Ac","google_primary_type":"general_store","google_primary_type_label":"General Store","google_types":["general_store","food_store","store","point_of_interest","food","establishment"],"google_maps_uri":"https://maps.google.com/?cid=565269892371839542&g_mp=Cilnb29nbGUubWFwcy5wbGFjZXMudjEuUGxhY2VzLlNlYXJjaE5lYXJieRACGAQgAA","google_icon_mask_base_uri":"https://maps.gstatic.com/mapfiles/place_api/icons/v2/shopping_pinlet","google_icon_background_color":"#4B96F3","formatted_address":"475H+QC8, Talubin - Barlig - Paracelis Rd, Natonin, Mountain Province, Philippines","business_status":"OPERATIONAL","rating":5,"user_rating_count":1,"barangay_slug":"poblacion","barangay_name":"Poblacion"},"geometry":{"type":"Point","coordinates":[121.2782807,17.1092686]}},{"type":"Feature","properties":{"name":"Barracks Café","kind":"market","kind_label":"Market","source":"google_places","google_place_id":"ChIJ12bJhNXpjzMRPip13u_TdBY","google_primary_type":"coffee_shop","google_primary_type_label":"Coffee Shop","google_types":["coffee_shop","cafe","food_store","store","point_of_interest","food","establishment"],"google_maps_uri":"https://maps.google.com/?cid=1618151193315715646&g_mp=Cilnb29nbGUubWFwcy5wbGFjZXMudjEuUGxhY2VzLlNlYXJjaE5lYXJieRACGAQgAA","google_icon_mask_base_uri":"https://maps.gstatic.com/mapfiles/place_api/icons/v2/cafe_pinlet","google_icon_background_color":"#FF9E67","formatted_address":"475J+P42, Natonin, Mountain Province, Philippines","business_status":"OPERATIONAL","rating":4,"user_rating_count":1,"barangay_slug":"poblacion","barangay_name":"Poblacion"},"geometry":{"type":"Point","coordinates":[121.2802687,17.109263]}},{"type":"Feature","properties":{"name":"Chug-ohan Store","kind":"market","kind_label":"Market","source":"google_places","google_place_id":"ChIJSbpn70PpjzMRVoC3VsajXvQ","google_primary_type":"grocery_store","google_primary_type_label":"Grocery Store","google_types":["grocery_store","food_store","store","point_of_interest","food","establishment"],"google_maps_uri":"https://maps.google.com/?cid=17608691665318936662&g_mp=Cilnb29nbGUubWFwcy5wbGFjZXMudjEuUGxhY2VzLlNlYXJjaE5lYXJieRACGAQgAA","google_icon_mask_base_uri":"https://maps.gstatic.com/mapfiles/place_api/icons/v2/shoppingcart_pinlet","google_icon_background_color":"#4B96F3","formatted_address":"474F+XR5, Natonin, Mountain Province, Philippines","business_status":"OPERATIONAL","rating":null,"user_rating_count":null,"barangay_slug":"poblacion","barangay_name":"Poblacion"},"geometry":{"type":"Point","coordinates":[121.27485850000001,17.1072713]}},{"type":"Feature","properties":{"name":"Egan's Store","kind":"market","kind_label":"Market","source":"google_places","google_place_id":"ChIJlynpSwDpjzMROgGlEJhqdiY","google_primary_type":"grocery_store","google_primary_type_label":"Grocery Store","google_types":["grocery_store","food_store","store","point_of_interest","food","establishment"],"google_maps_uri":"https://maps.google.com/?cid=2771519822039941434&g_mp=Cilnb29nbGUubWFwcy5wbGFjZXMudjEuUGxhY2VzLlNlYXJjaE5lYXJieRACGAQgAA","google_icon_mask_base_uri":"https://maps.gstatic.com/mapfiles/place_api/icons/v2/shoppingcart_pinlet","google_icon_background_color":"#4B96F3","formatted_address":"475J+P4P, Talubin - Barlig - Paracelis Rd, Natonin, Mountain Province, Philippines","business_status":"OPERATIONAL","rating":null,"user_rating_count":null,"barangay_slug":"poblacion","barangay_name":"Poblacion"},"geometry":{"type":"Point","coordinates":[121.28033119999999,17.1093372]}},{"type":"Feature","properties":{"name":"Infinity Store","kind":"market","kind_label":"Market","source":"google_places","google_place_id":"ChIJGb3MWXTpjzMRcIQcs3joL8Q","google_primary_type":"general_store","google_primary_type_label":"General Store","google_types":["general_store","food_store","store","point_of_interest","food","establishment"],"google_maps_uri":"https://maps.google.com/?cid=14136773360437986416&g_mp=Cilnb29nbGUubWFwcy5wbGFjZXMudjEuUGxhY2VzLlNlYXJjaE5lYXJieRACGAQgAA","google_icon_mask_base_uri":"https://maps.gstatic.com/mapfiles/place_api/icons/v2/shopping_pinlet","google_icon_background_color":"#4B96F3","formatted_address":"475F+5X4, Talubin - Barlig - Paracelis Rd, Natonin, Mountain Province, Philippines","business_status":"OPERATIONAL","rating":null,"user_rating_count":null,"barangay_slug":"poblacion","barangay_name":"Poblacion"},"geometry":{"type":"Point","coordinates":[121.2749498,17.107895]}},{"type":"Feature","properties":{"name":"Jesvonne's Store","kind":"market","kind_label":"Market","source":"google_places","google_place_id":"ChIJyynqUTbpjzMRgQeQfcF9H-c","google_primary_type":"grocery_store","google_primary_type_label":"Grocery Store","google_types":["grocery_store","food_store","store","point_of_interest","food","establishment"],"google_maps_uri":"https://maps.google.com/?cid=16654168217028134785&g_mp=Cilnb29nbGUubWFwcy5wbGFjZXMudjEuUGxhY2VzLlNlYXJjaE5lYXJieRACGAQgAA","google_icon_mask_base_uri":"https://maps.gstatic.com/mapfiles/place_api/icons/v2/shoppingcart_pinlet","google_icon_background_color":"#4B96F3","formatted_address":"475F+2XM, Poblacion, Natonin, Mountain Province, Philippines","business_status":"OPERATIONAL","rating":4,"user_rating_count":1,"barangay_slug":"poblacion","barangay_name":"Poblacion"},"geometry":{"type":"Point","coordinates":[121.27492930000001,17.107579899999998]}},{"type":"Feature","properties":{"name":"Landobelay Sari-Sari Store","kind":"market","kind_label":"Market","source":"google_places","google_place_id":"ChIJ6bEtKs3pjzMR62hr2Y9EpTI","google_primary_type":"grocery_store","google_primary_type_label":"Grocery Store","google_types":["grocery_store","food_store","store","point_of_interest","food","establishment"],"google_maps_uri":"https://maps.google.com/?cid=3649398457672362219&g_mp=Cilnb29nbGUubWFwcy5wbGFjZXMudjEuUGxhY2VzLlNlYXJjaE5lYXJieRACGAQgAA","google_icon_mask_base_uri":"https://maps.gstatic.com/mapfiles/place_api/icons/v2/shoppingcart_pinlet","google_icon_background_color":"#4B96F3","formatted_address":"Natonin, Mountain Province, Philippines","business_status":"OPERATIONAL","rating":5,"user_rating_count":1,"barangay_slug":"poblacion","barangay_name":"Poblacion"},"geometry":{"type":"Point","coordinates":[121.27673240000001,17.109517]}},{"type":"Feature","properties":{"name":"Lanusa's Bakery","kind":"market","kind_label":"Market","source":"google_places","google_place_id":"ChIJqcZltgPpjzMREj8q-zwMWKs","google_primary_type":"bakery","google_primary_type_label":"Bakery","google_types":["bakery","food_store","store","point_of_interest","food","establishment"],"google_maps_uri":"https://maps.google.com/?cid=12346631834487635730&g_mp=Cilnb29nbGUubWFwcy5wbGFjZXMudjEuUGxhY2VzLlNlYXJjaE5lYXJieRACGAQgAA","google_icon_mask_base_uri":"https://maps.gstatic.com/mapfiles/place_api/icons/v2/restaurant_pinlet","google_icon_background_color":"#FF9E67","formatted_address":"475F+43V, Talubin - Barlig - Paracelis Rd, Natonin, Mountain Province, Philippines","business_status":"OPERATIONAL","rating":4,"user_rating_count":2,"barangay_slug":"poblacion","barangay_name":"Poblacion"},"geometry":{"type":"Point","coordinates":[121.27347060000001,17.1076205]}},{"type":"Feature","properties":{"name":"Samira's Consumer Goods Store","kind":"market","kind_label":"Market","source":"google_places","google_place_id":"ChIJKRqUiynpjzMR763-uzSaoak","google_primary_type":"grocery_store","google_primary_type_label":"Grocery Store","google_types":["grocery_store","food_store","store","point_of_interest","food","establishment"],"google_maps_uri":"https://maps.google.com/?cid=12223220414943243759&g_mp=Cilnb29nbGUubWFwcy5wbGFjZXMudjEuUGxhY2VzLlNlYXJjaE5lYXJieRACGAQgAA","google_icon_mask_base_uri":"https://maps.gstatic.com/mapfiles/place_api/icons/v2/shoppingcart_pinlet","google_icon_background_color":"#4B96F3","formatted_address":"Purok 2, Natonin, 2624 Mountain Province, Philippines","business_status":"OPERATIONAL","rating":null,"user_rating_count":null,"barangay_slug":"poblacion","barangay_name":"Poblacion"},"geometry":{"type":"Point","coordinates":[121.2801378,17.1082713]}},{"type":"Feature","properties":{"name":"Immaculate Heart HighSchool","kind":"school","kind_label":"School","source":"google_places","google_place_id":"ChIJC9IBvTLojzMR56s-fjV6p2E","google_primary_type":"school","google_primary_type_label":"School","google_types":["school","educational_institution","point_of_interest","establishment"],"google_maps_uri":"https://maps.google.com/?cid=7036727312959581159&g_mp=Cilnb29nbGUubWFwcy5wbGFjZXMudjEuUGxhY2VzLlNlYXJjaE5lYXJieRACGAQgAA","google_icon_mask_base_uri":"https://maps.gstatic.com/mapfiles/place_api/icons/v2/school_pinlet","google_icon_background_color":"#7B9EB0","formatted_address":"475F+8X4, Natonin, Mountain Province, Philippines","business_status":"OPERATIONAL","rating":null,"user_rating_count":null,"barangay_slug":"poblacion","barangay_name":"Poblacion"},"geometry":{"type":"Point","coordinates":[121.2749631,17.108274599999998]}},{"type":"Feature","properties":{"name":"Natonin Central School","kind":"school","kind_label":"School","source":"google_places","google_place_id":"ChIJgRMJRjPojzMRrYltg6CmX4M","google_primary_type":"primary_school","google_primary_type_label":"Elementary School","google_types":["primary_school","school","educational_institution","point_of_interest","establishment"],"google_maps_uri":"https://maps.google.com/?cid=9466468150086044077&g_mp=Cilnb29nbGUubWFwcy5wbGFjZXMudjEuUGxhY2VzLlNlYXJjaE5lYXJieRACGAQgAA","google_icon_mask_base_uri":"https://maps.gstatic.com/mapfiles/place_api/icons/v2/school_pinlet","google_icon_background_color":"#7B9EB0","formatted_address":"475H+6FG, Natonin, Mountain Province, Philippines","business_status":"OPERATIONAL","rating":null,"user_rating_count":null,"barangay_slug":"poblacion","barangay_name":"Poblacion"},"geometry":{"type":"Point","coordinates":[121.2787151,17.1080728]}},{"type":"Feature","properties":{"name":"Natonin Stand Alone Senior High School","kind":"school","kind_label":"School","source":"google_places","google_place_id":"ChIJJYMnqBzpjzMRgGCkE2t1OaE","google_primary_type":"school","google_primary_type_label":"School","google_types":["school","educational_institution","point_of_interest","establishment"],"google_maps_uri":"https://maps.google.com/?cid=11617445816530395264&g_mp=Cilnb29nbGUubWFwcy5wbGFjZXMudjEuUGxhY2VzLlNlYXJjaE5lYXJieRACGAQgAA","google_icon_mask_base_uri":"https://maps.gstatic.com/mapfiles/place_api/icons/v2/school_pinlet","google_icon_background_color":"#7B9EB0","formatted_address":"474H+X7G, Natonin, Mountain Province, Philippines","business_status":"OPERATIONAL","rating":null,"user_rating_count":null,"barangay_slug":"poblacion","barangay_name":"Poblacion"},"geometry":{"type":"Point","coordinates":[121.2781895,17.1074412]}},{"type":"Feature","properties":{"name":"Twin Open Gymnasium","kind":"school","kind_label":"School","source":"google_places","google_place_id":"ChIJUUT5QwzpjzMRZ0LUTNeKnuk","google_primary_type":"school","google_primary_type_label":"School","google_types":["school","educational_institution","point_of_interest","establishment"],"google_maps_uri":"https://maps.google.com/?cid=16834045114469073511&g_mp=Cilnb29nbGUubWFwcy5wbGFjZXMudjEuUGxhY2VzLlNlYXJjaE5lYXJieRACGAQgAA","google_icon_mask_base_uri":"https://maps.gstatic.com/mapfiles/place_api/icons/v2/school_pinlet","google_icon_background_color":"#7B9EB0","formatted_address":"475H+QX4, Natonin, Mountain Province, Philippines","business_status":"OPERATIONAL","rating":null,"user_rating_count":null,"barangay_slug":"poblacion","barangay_name":"Poblacion"},"geometry":{"type":"Point","coordinates":[121.2799509,17.109398799999997]}},{"type":"Feature","properties":{"name":"Dr. Lim's Memorial Hospital","kind":"tourism","kind_label":"Tourism","source":"google_places","google_place_id":"ChIJ42RemkTpjzMRUPXB-7mJ2uM","google_primary_type":"private_guest_room","google_primary_type_label":"Homestay","google_types":["private_guest_room","lodging","point_of_interest","establishment"],"google_maps_uri":"https://maps.google.com/?cid=16418586823418312016&g_mp=Cilnb29nbGUubWFwcy5wbGFjZXMudjEuUGxhY2VzLlNlYXJjaE5lYXJieRACGAQgAA","google_icon_mask_base_uri":"https://maps.gstatic.com/mapfiles/place_api/icons/v2/hotel_pinlet","google_icon_background_color":"#909CE1","formatted_address":"475G+H4R, Natonin, Mountain Province, Philippines","business_status":"OPERATIONAL","rating":null,"user_rating_count":null,"barangay_slug":"poblacion","barangay_name":"Poblacion"},"geometry":{"type":"Point","coordinates":[121.27527020000001,17.1089995]}},{"type":"Feature","properties":{"name":"Memento Homestay","kind":"tourism","kind_label":"Tourism","source":"google_places","google_place_id":"ChIJdaeGEl_pjzMRVIGynWEwVYQ","google_primary_type":"guest_house","google_primary_type_label":"Guest House","google_types":["guest_house","lodging","point_of_interest","establishment"],"google_maps_uri":"https://maps.google.com/?cid=9535580981842575700&g_mp=Cilnb29nbGUubWFwcy5wbGFjZXMudjEuUGxhY2VzLlNlYXJjaE5lYXJieRACGAQgAA","google_icon_mask_base_uri":"https://maps.gstatic.com/mapfiles/place_api/icons/v2/hotel_pinlet","google_icon_background_color":"#909CE1","formatted_address":"Junction, Poblacion, Natonin N/A, Natonin, 2624 Mountain Province, Philippines","business_status":"OPERATIONAL","rating":null,"user_rating_count":null,"barangay_slug":"poblacion","barangay_name":"Poblacion"},"geometry":{"type":"Point","coordinates":[121.27875639999999,17.1093624]}},{"type":"Feature","properties":{"name":"Opet Falls","kind":"tourism","kind_label":"Tourism","source":"google_places","google_place_id":"ChIJ-WQWAQDpjzMRk6-12doytPE","google_primary_type":"tourist_attraction","google_primary_type_label":"Tourist Attraction","google_types":["tourist_attraction","point_of_interest","establishment"],"google_maps_uri":"https://maps.google.com/?cid=17416601574485372819&g_mp=Cilnb29nbGUubWFwcy5wbGFjZXMudjEuUGxhY2VzLlNlYXJjaE5lYXJieRACGAQgAA","google_icon_mask_base_uri":"https://maps.gstatic.com/mapfiles/place_api/icons/v2/generic_pinlet","google_icon_background_color":"#13B5C7","formatted_address":"4759+P83, Poblacion, Natonin, Mountain Province, Philippines","business_status":"OPERATIONAL","rating":5,"user_rating_count":1,"barangay_slug":"poblacion","barangay_name":"Poblacion"},"geometry":{"type":"Point","coordinates":[121.2682814,17.109265399999998]}},{"type":"Feature","properties":{"name":"Opet Park","kind":"tourism","kind_label":"Tourism","source":"google_places","google_place_id":"ChIJI68kxmfpjzMRAQI0SmdMmJU","google_primary_type":"park","google_primary_type_label":"Park","google_types":["park","point_of_interest","establishment"],"google_maps_uri":"https://maps.google.com/?cid=10779449714621547009&g_mp=Cilnb29nbGUubWFwcy5wbGFjZXMudjEuUGxhY2VzLlNlYXJjaE5lYXJieRACGAQgAA","google_icon_mask_base_uri":"https://maps.gstatic.com/mapfiles/place_api/icons/v2/tree_pinlet","google_icon_background_color":"#4DB546","formatted_address":"4759+F93, Talubin - Barlig - Paracelis Rd, Natonin, Mountain Province, Philippines","business_status":"OPERATIONAL","rating":4.3,"user_rating_count":9,"barangay_slug":"poblacion","barangay_name":"Poblacion"},"geometry":{"type":"Point","coordinates":[121.2684108,17.108629399999998]}},{"type":"Feature","properties":{"name":"Poblacion Gymnasium","kind":"tourism","kind_label":"Tourism","source":"google_places","google_place_id":"ChIJ105lgrTpjzMRfN3u6SWTVSY","google_primary_type":"gym","google_primary_type_label":"Gym","google_types":["gym","sports_activity_location","health","point_of_interest","establishment"],"google_maps_uri":"https://maps.google.com/?cid=2762275737509485948&g_mp=Cilnb29nbGUubWFwcy5wbGFjZXMudjEuUGxhY2VzLlNlYXJjaE5lYXJieRACGAQgAA","google_icon_mask_base_uri":"https://maps.gstatic.com/mapfiles/place_api/icons/v2/generic_pinlet","google_icon_background_color":"#7B9EB0","formatted_address":"475H+QX4NatoninMountain Province, Natonin, Mountain Province, Philippines","business_status":"OPERATIONAL","rating":null,"user_rating_count":null,"barangay_slug":"poblacion","barangay_name":"Poblacion"},"geometry":{"type":"Point","coordinates":[121.2799531,17.1093875]}},{"type":"Feature","properties":{"name":"Sakura Homestay","kind":"tourism","kind_label":"Tourism","source":"google_places","google_place_id":"ChIJKRaG_TLpjzMR3d-1uRAkyfk","google_primary_type":"guest_house","google_primary_type_label":"Guest House","google_types":["guest_house","lodging","point_of_interest","establishment"],"google_maps_uri":"https://maps.google.com/?cid=17998957040016678877&g_mp=Cilnb29nbGUubWFwcy5wbGFjZXMudjEuUGxhY2VzLlNlYXJjaE5lYXJieRACGAQgAA","google_icon_mask_base_uri":"https://maps.gstatic.com/mapfiles/place_api/icons/v2/hotel_pinlet","google_icon_background_color":"#909CE1","formatted_address":"475H+MJ2, Natonin, Mountain Province, Philippines","business_status":"OPERATIONAL","rating":5,"user_rating_count":2,"barangay_slug":"poblacion","barangay_name":"Poblacion"},"geometry":{"type":"Point","coordinates":[121.2790924,17.1092097]}},{"type":"Feature","properties":{"name":"The Rainforest Eco-Resort","kind":"tourism","kind_label":"Tourism","source":"google_places","google_place_id":"ChIJRZHT7dLpjzMRCRRIq9fISZA","google_primary_type":"swimming_pool","google_primary_type_label":"Swimming Pool","google_types":["swimming_pool","sports_activity_location","point_of_interest","establishment"],"google_maps_uri":"https://maps.google.com/?cid=10397062043378652169&g_mp=Cilnb29nbGUubWFwcy5wbGFjZXMudjEuUGxhY2VzLlNlYXJjaE5lYXJieRACGAQgAA","google_icon_mask_base_uri":"https://maps.gstatic.com/mapfiles/place_api/icons/v2/generic_pinlet","google_icon_background_color":"#7B9EB0","formatted_address":"476H+P6W, Natonin, Mountain Province, Philippines","business_status":"OPERATIONAL","rating":4.4,"user_rating_count":14,"barangay_slug":"poblacion","barangay_name":"Poblacion"},"geometry":{"type":"Point","coordinates":[121.27808639999999,17.1118626]}},{"type":"Feature","properties":{"name":"Travis Homestay","kind":"tourism","kind_label":"Tourism","source":"google_places","google_place_id":"ChIJDZfuLo_pjzMRlSSx0ZJHq6Y","google_primary_type":"lodging","google_primary_type_label":"Lodging","google_types":["lodging","point_of_interest","establishment"],"google_maps_uri":"https://maps.google.com/?cid=12009771527222404245&g_mp=Cilnb29nbGUubWFwcy5wbGFjZXMudjEuUGxhY2VzLlNlYXJjaE5lYXJieRACGAQgAA","google_icon_mask_base_uri":"https://maps.gstatic.com/mapfiles/place_api/icons/v2/hotel_pinlet","google_icon_background_color":"#909CE1","formatted_address":"Purok 2 Likey, Poblacion, Natonin, 2624 Mountain Province, Philippines","business_status":"OPERATIONAL","rating":null,"user_rating_count":null,"barangay_slug":"poblacion","barangay_name":"Poblacion"},"geometry":{"type":"Point","coordinates":[121.28079480000001,17.1098818]}},{"type":"Feature","properties":{"name":"Edison Gas Station","kind":"transport","kind_label":"Transport","source":"google_places","google_place_id":"ChIJUZqYoXjpjzMR_8Zwbm-e0Wg","google_primary_type":"gas_station","google_primary_type_label":"Gas Station","google_types":["gas_station","point_of_interest","service","establishment"],"google_maps_uri":"https://maps.google.com/?cid=7552992251508475647&g_mp=Cilnb29nbGUubWFwcy5wbGFjZXMudjEuUGxhY2VzLlNlYXJjaE5lYXJieRACGAQgAA","google_icon_mask_base_uri":"https://maps.gstatic.com/mapfiles/place_api/icons/v2/gas_pinlet","google_icon_background_color":"#909CE1","formatted_address":"475F+43V, Talubin - Barlig - Paracelis Rd, Natonin, Mountain Province, Philippines","business_status":"OPERATIONAL","rating":5,"user_rating_count":5,"barangay_slug":"poblacion","barangay_name":"Poblacion"},"geometry":{"type":"Point","coordinates":[121.2727416,17.1080362]}},{"type":"Feature","properties":{"name":"Harvester Bible Baptist Church","kind":"worship","kind_label":"Worship","source":"google_places","google_place_id":"ChIJKaCRHyrpjzMRKMIUA2N0nMk","google_primary_type":"church","google_primary_type_label":"Church","google_types":["church","place_of_worship","association_or_organization","point_of_interest","establishment"],"google_maps_uri":"https://maps.google.com/?cid=14527614466592653864&g_mp=Cilnb29nbGUubWFwcy5wbGFjZXMudjEuUGxhY2VzLlNlYXJjaE5lYXJieRACGAQgAA","google_icon_mask_base_uri":"https://maps.gstatic.com/mapfiles/place_api/icons/v2/worship_christian_pinlet","google_icon_background_color":"#7B9EB0","formatted_address":"475F+2JX, Natonin, Mountain Province, Philippines","business_status":"OPERATIONAL","rating":null,"user_rating_count":null,"barangay_slug":"poblacion","barangay_name":"Poblacion"},"geometry":{"type":"Point","coordinates":[121.2741209,17.1076229]}},{"type":"Feature","properties":{"name":"Natonin Envangelical Church Alliance","kind":"worship","kind_label":"Worship","source":"google_places","google_place_id":"ChIJq0f622DpjzMRBvQj86HX6Jk","google_primary_type":"church","google_primary_type_label":"Church","google_types":["church","place_of_worship","association_or_organization","point_of_interest","establishment"],"google_maps_uri":"https://maps.google.com/?cid=11090351172968772614&g_mp=Cilnb29nbGUubWFwcy5wbGFjZXMudjEuUGxhY2VzLlNlYXJjaE5lYXJieRACGAQgAA","google_icon_mask_base_uri":"https://maps.gstatic.com/mapfiles/place_api/icons/v2/worship_christian_pinlet","google_icon_background_color":"#7B9EB0","formatted_address":"474H+VMV, Natonin, Mountain Province, Philippines","business_status":"OPERATIONAL","rating":null,"user_rating_count":null,"barangay_slug":"poblacion","barangay_name":"Poblacion"},"geometry":{"type":"Point","coordinates":[121.2791755,17.1072293]}},{"type":"Feature","properties":{"name":"San Roque Catholic Misson","kind":"worship","kind_label":"Worship","source":"google_places","google_place_id":"ChIJ9flvrTfojzMRUSzyJfgyjss","google_primary_type":"church","google_primary_type_label":"Church","google_types":["church","place_of_worship","association_or_organization","point_of_interest","establishment"],"google_maps_uri":"https://maps.google.com/?cid=14667717077762190417&g_mp=Cilnb29nbGUubWFwcy5wbGFjZXMudjEuUGxhY2VzLlNlYXJjaE5lYXJieRACGAQgAA","google_icon_mask_base_uri":"https://maps.gstatic.com/mapfiles/place_api/icons/v2/worship_christian_pinlet","google_icon_background_color":"#7B9EB0","formatted_address":"475G+843, Poblacion, Natonin, 2624 Mountain Province, Philippines","business_status":"OPERATIONAL","rating":4.5,"user_rating_count":13,"barangay_slug":"poblacion","barangay_name":"Poblacion"},"geometry":{"type":"Point","coordinates":[121.2753085,17.1082525]}},{"type":"Feature","properties":{"name":"UECFI Espirito Santo","kind":"worship","kind_label":"Worship","source":"google_places","google_place_id":"ChIJNVMOtPHpjzMRrHhZkWOLQwo","google_primary_type":"church","google_primary_type_label":"Church","google_types":["church","place_of_worship","association_or_organization","point_of_interest","establishment"],"google_maps_uri":"https://maps.google.com/?cid=739588023575476396&g_mp=Cilnb29nbGUubWFwcy5wbGFjZXMudjEuUGxhY2VzLlNlYXJjaE5lYXJieRACGAQgAA","google_icon_mask_base_uri":"https://maps.gstatic.com/mapfiles/place_api/icons/v2/worship_christian_pinlet","google_icon_background_color":"#7B9EB0","formatted_address":"476J+VM, Natonin, Mountain Province, Philippines","business_status":"OPERATIONAL","rating":5,"user_rating_count":1,"barangay_slug":"poblacion","barangay_name":"Poblacion"},"geometry":{"type":"Point","coordinates":[121.28165659999998,17.112169299999998]}},{"type":"Feature","properties":{"name":"Pudo","kind":"business","kind_label":"Business","source":"google_places","google_place_id":"ChIJ5UNH7pXCjzMR4znhHt4FrTs","google_primary_type":null,"google_primary_type_label":null,"google_types":["sublocality_level_2","sublocality","political"],"google_maps_uri":"https://maps.google.com/?cid=4300099670767647203&g_mp=Cidnb29nbGUubWFwcy5wbGFjZXMudjEuUGxhY2VzLlNlYXJjaFRleHQQAhgEIAA","google_icon_mask_base_uri":"https://maps.gstatic.com/mapfiles/place_api/icons/v2/generic_pinlet","google_icon_background_color":"#7B9EB0","formatted_address":"Pudo, Natonin, Mountain Province, Philippines","business_status":null,"rating":null,"user_rating_count":null,"barangay_slug":"pudo","barangay_name":"Pudo"},"geometry":{"type":"Point","coordinates":[121.2454674,17.0777006]}},{"type":"Feature","properties":{"name":"Pudo BHS","kind":"business","kind_label":"Business","source":"google_places","google_place_id":"ChIJnWZ8qYXDjzMRoCEVKMZOK6g","google_primary_type":"medical_clinic","google_primary_type_label":"Medical Clinic","google_types":["medical_clinic","health","point_of_interest","establishment"],"google_maps_uri":"https://maps.google.com/?cid=12117865835353416096&g_mp=Cidnb29nbGUubWFwcy5wbGFjZXMudjEuUGxhY2VzLlNlYXJjaFRleHQQAhgEIAA","google_icon_mask_base_uri":"https://maps.gstatic.com/mapfiles/place_api/icons/v2/generic_pinlet","google_icon_background_color":"#7B9EB0","formatted_address":"36VP+7G9, Talubin - Barlig - Paracelis Rd, Natonin, Mountain Province, Philippines","business_status":"OPERATIONAL","rating":null,"user_rating_count":null,"barangay_slug":"pudo","barangay_name":"Pudo"},"geometry":{"type":"Point","coordinates":[121.23637249999999,17.0931694]}},{"type":"Feature","properties":{"name":"Pudo Barangay Hall","kind":"govt","kind_label":"Government","source":"google_places","google_place_id":"ChIJUcJuCgDDjzMRnsL45_EY4UY","google_primary_type":"government_office","google_primary_type_label":"Government Office","google_types":["government_office","point_of_interest","establishment"],"google_maps_uri":"https://maps.google.com/?cid=5107390879672877726&g_mp=Cilnb29nbGUubWFwcy5wbGFjZXMudjEuUGxhY2VzLlNlYXJjaE5lYXJieRACGAQgAA","google_icon_mask_base_uri":"https://maps.gstatic.com/mapfiles/place_api/icons/v2/civic-bldg_pinlet","google_icon_background_color":"#7B9EB0","formatted_address":"36VQ+3JH, Natonin, Mountain Province, Philippines","business_status":"OPERATIONAL","rating":null,"user_rating_count":null,"barangay_slug":"pudo","barangay_name":"Pudo"},"geometry":{"type":"Point","coordinates":[121.23912139999999,17.0926884]}},{"type":"Feature","properties":{"name":"Layog-Ogtong Elementary School","kind":"school","kind_label":"School","source":"google_places","google_place_id":"ChIJiyFsOa7DjzMRGsBbXgVSK8c","google_primary_type":"primary_school","google_primary_type_label":"Elementary School","google_types":["primary_school","school","educational_institution","point_of_interest","establishment"],"google_maps_uri":"https://maps.google.com/?cid=14351654820557602842&g_mp=Cilnb29nbGUubWFwcy5wbGFjZXMudjEuUGxhY2VzLlNlYXJjaE5lYXJieRACGAQgAA","google_icon_mask_base_uri":"https://maps.gstatic.com/mapfiles/place_api/icons/v2/school_pinlet","google_icon_background_color":"#7B9EB0","formatted_address":"36VP+CW2, Natonin, Mountain Province, Philippines","business_status":"OPERATIONAL","rating":null,"user_rating_count":null,"barangay_slug":"pudo","barangay_name":"Pudo"},"geometry":{"type":"Point","coordinates":[121.23725370000001,17.0935034]}},{"type":"Feature","properties":{"name":"Mt. Mawileng","kind":"tourism","kind_label":"Tourism","source":"google_places","google_place_id":"ChIJ58pDDQDDjzMRzjCIWUzKLKs","google_primary_type":"hiking_area","google_primary_type_label":"Hiking Area","google_types":["hiking_area","sports_activity_location","point_of_interest","establishment"],"google_maps_uri":"https://maps.google.com/?cid=12334455908729368782&g_mp=Cilnb29nbGUubWFwcy5wbGFjZXMudjEuUGxhY2VzLlNlYXJjaE5lYXJieRACGAQgAA","google_icon_mask_base_uri":"https://maps.gstatic.com/mapfiles/place_api/icons/v2/hiking_pinlet","google_icon_background_color":"#4DB546","formatted_address":"46FC+2V5, Natonin, Mountain Province, Philippines","business_status":"OPERATIONAL","rating":null,"user_rating_count":null,"barangay_slug":"pudo","barangay_name":"Pudo"},"geometry":{"type":"Point","coordinates":[121.222247,17.1225007]}},{"type":"Feature","properties":{"name":"Mt. Upod Rock Formation","kind":"tourism","kind_label":"Tourism","source":"google_places","google_place_id":"ChIJ7bTuPgDDjzMRv6NW61AyxlI","google_primary_type":"tourist_attraction","google_primary_type_label":"Tourist Attraction","google_types":["tourist_attraction","point_of_interest","establishment"],"google_maps_uri":"https://maps.google.com/?cid=5964510079625896895&g_mp=Cilnb29nbGUubWFwcy5wbGFjZXMudjEuUGxhY2VzLlNlYXJjaE5lYXJieRACGAQgAA","google_icon_mask_base_uri":"https://maps.gstatic.com/mapfiles/place_api/icons/v2/generic_pinlet","google_icon_background_color":"#13B5C7","formatted_address":"467C+XGJ, Natonin, Mountain Province, Philippines","business_status":"OPERATIONAL","rating":5,"user_rating_count":2,"barangay_slug":"pudo","barangay_name":"Pudo"},"geometry":{"type":"Point","coordinates":[121.2212769,17.1149718]}},{"type":"Feature","properties":{"name":"Pa'leng Mad-an Falls","kind":"tourism","kind_label":"Tourism","source":"google_places","google_place_id":"ChIJ7VLj_7jDjzMRRCbwnWspE2M","google_primary_type":"tourist_attraction","google_primary_type_label":"Tourist Attraction","google_types":["tourist_attraction","point_of_interest","establishment"],"google_maps_uri":"https://maps.google.com/?cid=7139095376500368964&g_mp=Cilnb29nbGUubWFwcy5wbGFjZXMudjEuUGxhY2VzLlNlYXJjaE5lYXJieRACGAQgAA","google_icon_mask_base_uri":"https://maps.gstatic.com/mapfiles/place_api/icons/v2/generic_pinlet","google_icon_background_color":"#13B5C7","formatted_address":"36XF+8R9, Pudo, Natonin, Mountain Province, Philippines","business_status":"OPERATIONAL","rating":null,"user_rating_count":null,"barangay_slug":"pudo","barangay_name":"Pudo"},"geometry":{"type":"Point","coordinates":[121.224604,17.0982962]}},{"type":"Feature","properties":{"name":"Nativeland Bible Baptist Church","kind":"worship","kind_label":"Worship","source":"google_places","google_place_id":"ChIJsffVjJTDjzMRsXHkAeA6jvg","google_primary_type":"church","google_primary_type_label":"Church","google_types":["church","place_of_worship","association_or_organization","point_of_interest","establishment"],"google_maps_uri":"https://maps.google.com/?cid=17910317501877875121&g_mp=Cilnb29nbGUubWFwcy5wbGFjZXMudjEuUGxhY2VzLlNlYXJjaE5lYXJieRACGAQgAA","google_icon_mask_base_uri":"https://maps.gstatic.com/mapfiles/place_api/icons/v2/worship_christian_pinlet","google_icon_background_color":"#7B9EB0","formatted_address":"36VP+FXM, Talubin - Barlig - Paracelis Rd, Natonin, Mountain Province, Philippines","business_status":"OPERATIONAL","rating":5,"user_rating_count":1,"barangay_slug":"pudo","barangay_name":"Pudo"},"geometry":{"type":"Point","coordinates":[121.2374232,17.0937064]}},{"type":"Feature","properties":{"name":"San Mateo Roman Catholic Church Pudo Natonin","kind":"worship","kind_label":"Worship","source":"google_places","google_place_id":"ChIJ-_wTYQDDjzMR03f3fMsQMqg","google_primary_type":"church","google_primary_type_label":"Church","google_types":["church","place_of_worship","association_or_organization","point_of_interest","establishment"],"google_maps_uri":"https://maps.google.com/?cid=12119768013368424403&g_mp=Cilnb29nbGUubWFwcy5wbGFjZXMudjEuUGxhY2VzLlNlYXJjaE5lYXJieRACGAQgAA","google_icon_mask_base_uri":"https://maps.gstatic.com/mapfiles/place_api/icons/v2/worship_christian_pinlet","google_icon_background_color":"#7B9EB0","formatted_address":"Proper, 36WQ+7MP, Pudo, Natonin, Mountain Province, Philippines","business_status":"OPERATIONAL","rating":null,"user_rating_count":null,"barangay_slug":"pudo","barangay_name":"Pudo"},"geometry":{"type":"Point","coordinates":[121.2392067,17.0957209]}},{"type":"Feature","properties":{"name":"APO","kind":"business","kind_label":"Business","source":"google_places","google_place_id":"ChIJTXKcAQDrjzMRboWtDNfzMf4","google_primary_type":"general_contractor","google_primary_type_label":"General Contractor","google_types":["general_contractor","service","point_of_interest","establishment"],"google_maps_uri":"https://maps.google.com/?cid=18316689264448734574&g_mp=Cidnb29nbGUubWFwcy5wbGFjZXMudjEuUGxhY2VzLlNlYXJjaFRleHQQAhgEIAA","google_icon_mask_base_uri":"https://maps.gstatic.com/mapfiles/place_api/icons/v2/generic_pinlet","google_icon_background_color":"#7B9EB0","formatted_address":"584G+H9, Natonin, Mountain Province, Philippines","business_status":"OPERATIONAL","rating":null,"user_rating_count":null,"barangay_slug":"saliok","barangay_name":"Saliok"},"geometry":{"type":"Point","coordinates":[121.3258662,17.1563227]}},{"type":"Feature","properties":{"name":"CA Store","kind":"business","kind_label":"Business","source":"google_places","google_place_id":"ChIJXwtfA4LpjzMRBCHUZo4b9Zo","google_primary_type":"point_of_interest","google_primary_type_label":"Point of interest","google_types":["point_of_interest","establishment"],"google_maps_uri":"https://maps.google.com/?cid=11165861149559496964&g_mp=Cidnb29nbGUubWFwcy5wbGFjZXMudjEuUGxhY2VzLlNlYXJjaFRleHQQAhgEIAA","google_icon_mask_base_uri":"https://maps.gstatic.com/mapfiles/place_api/icons/v2/generic_pinlet","google_icon_background_color":"#7B9EB0","formatted_address":"Natonin, Mountain Province, Philippines","business_status":"OPERATIONAL","rating":null,"user_rating_count":null,"barangay_slug":"saliok","barangay_name":"Saliok"},"geometry":{"type":"Point","coordinates":[121.30777060000001,17.1402444]}},{"type":"Feature","properties":{"name":"Caburao Patrol Base","kind":"business","kind_label":"Business","source":"google_places","google_place_id":"ChIJN-fSLQDrjzMRS0VAYCkKWpc","google_primary_type":"service","google_primary_type_label":"Services","google_types":["service","point_of_interest","establishment"],"google_maps_uri":"https://maps.google.com/?cid=10906040620455839051&g_mp=Cidnb29nbGUubWFwcy5wbGFjZXMudjEuUGxhY2VzLlNlYXJjaFRleHQQAhgEIAA","google_icon_mask_base_uri":"https://maps.gstatic.com/mapfiles/place_api/icons/v2/civic-bldg_pinlet","google_icon_background_color":"#7B9EB0","formatted_address":"586W+46, Natonin, Mountain Province, Philippines","business_status":"OPERATIONAL","rating":null,"user_rating_count":null,"barangay_slug":"saliok","barangay_name":"Saliok"},"geometry":{"type":"Point","coordinates":[121.3455267,17.1603376]}},{"type":"Feature","properties":{"name":"Saliok","kind":"business","kind_label":"Business","source":"google_places","google_place_id":"ChIJs-38RnTrjzMRreR0uerTnyo","google_primary_type":null,"google_primary_type_label":null,"google_types":["sublocality_level_2","sublocality","political"],"google_maps_uri":"https://maps.google.com/?cid=3071406475977221293&g_mp=Cidnb29nbGUubWFwcy5wbGFjZXMudjEuUGxhY2VzLlNlYXJjaFRleHQQAhgEIAA","google_icon_mask_base_uri":"https://maps.gstatic.com/mapfiles/place_api/icons/v2/generic_pinlet","google_icon_background_color":"#7B9EB0","formatted_address":"Saliok, Natonin, Mountain Province, Philippines","business_status":null,"rating":null,"user_rating_count":null,"barangay_slug":"saliok","barangay_name":"Saliok"},"geometry":{"type":"Point","coordinates":[121.33128819999999,17.1627848]}},{"type":"Feature","properties":{"name":"Shad pisowifi","kind":"business","kind_label":"Business","source":"google_places","google_place_id":"ChIJ17Iptu7rjzMRUUIpcgynR20","google_primary_type":"internet_cafe","google_primary_type_label":"Internet Cafe","google_types":["internet_cafe","service","point_of_interest","establishment"],"google_maps_uri":"https://maps.google.com/?cid=7874446145377354321&g_mp=Cidnb29nbGUubWFwcy5wbGFjZXMudjEuUGxhY2VzLlNlYXJjaFRleHQQAhgEIAA","google_icon_mask_base_uri":"https://maps.gstatic.com/mapfiles/place_api/icons/v2/generic_pinlet","google_icon_background_color":"#7B9EB0","formatted_address":"582C+9RM, Saliok, Natonin, Mountain Province, Philippines","business_status":"OPERATIONAL","rating":5,"user_rating_count":1,"barangay_slug":"saliok","barangay_name":"Saliok"},"geometry":{"type":"Point","coordinates":[121.3220523,17.1509557]}},{"type":"Feature","properties":{"name":"Vomarowan Farmers Producer Cooperative","kind":"business","kind_label":"Business","source":"google_places","google_place_id":"ChIJLbaY79rrjzMRmBMXxRlnNJc","google_primary_type":"bank","google_primary_type_label":"Bank","google_types":["bank","finance","point_of_interest","establishment"],"google_maps_uri":"https://maps.google.com/?cid=10895446758894539672&g_mp=Cilnb29nbGUubWFwcy5wbGFjZXMudjEuUGxhY2VzLlNlYXJjaE5lYXJieRACGAQgAA","google_icon_mask_base_uri":"https://maps.gstatic.com/mapfiles/place_api/icons/v2/bank-intl_pinlet","google_icon_background_color":"#909CE1","formatted_address":"582F+R3W, Natonin, 2624 Mountain Province, Philippines","business_status":"CLOSED_TEMPORARILY","rating":null,"user_rating_count":null,"barangay_slug":"saliok","barangay_name":"Saliok"},"geometry":{"type":"Point","coordinates":[121.3226943,17.152118599999998]}},{"type":"Feature","properties":{"name":"DPWH - MPSDEO","kind":"govt","kind_label":"Government","source":"google_places","google_place_id":"ChIJ1x8udiPrjzMR4EQEPlqt8n0","google_primary_type":"government_office","google_primary_type_label":"Government Office","google_types":["government_office","point_of_interest","establishment"],"google_maps_uri":"https://maps.google.com/?cid=9075506802204099808&g_mp=Cilnb29nbGUubWFwcy5wbGFjZXMudjEuUGxhY2VzLlNlYXJjaE5lYXJieRACGAQgAA","google_icon_mask_base_uri":"https://maps.gstatic.com/mapfiles/place_api/icons/v2/civic-bldg_pinlet","google_icon_background_color":"#7B9EB0","formatted_address":"5829+5Q7, Natonin, Mountain Province, Philippines","business_status":"OPERATIONAL","rating":4.6,"user_rating_count":5,"barangay_slug":"saliok","barangay_name":"Saliok"},"geometry":{"type":"Point","coordinates":[121.31943249999999,17.1504228]}},{"type":"Feature","properties":{"name":"Saliok Barangay Hall","kind":"govt","kind_label":"Government","source":"google_places","google_place_id":"ChIJT9xCHwDrjzMRJxC0ko9AsLc","google_primary_type":"government_office","google_primary_type_label":"Government Office","google_types":["government_office","point_of_interest","establishment"],"google_maps_uri":"https://maps.google.com/?cid=13236150290227662887&g_mp=Cilnb29nbGUubWFwcy5wbGFjZXMudjEuUGxhY2VzLlNlYXJjaE5lYXJieRACGAQgAA","google_icon_mask_base_uri":"https://maps.gstatic.com/mapfiles/place_api/icons/v2/civic-bldg_pinlet","google_icon_background_color":"#7B9EB0","formatted_address":"583C+795, Natonin, Mountain Province, Philippines","business_status":"OPERATIONAL","rating":null,"user_rating_count":null,"barangay_slug":"saliok","barangay_name":"Saliok"},"geometry":{"type":"Point","coordinates":[121.32099120000001,17.1531408]}},{"type":"Feature","properties":{"name":"Saliok Day Care Center","kind":"govt","kind_label":"Government","source":"google_places","google_place_id":"ChIJSRn5kvvrjzMRFnXPEwA0R0s","google_primary_type":"government_office","google_primary_type_label":"Government Office","google_types":["government_office","point_of_interest","establishment"],"google_maps_uri":"https://maps.google.com/?cid=5424361451128059158&g_mp=Cilnb29nbGUubWFwcy5wbGFjZXMudjEuUGxhY2VzLlNlYXJjaE5lYXJieRACGAQgAA","google_icon_mask_base_uri":"https://maps.gstatic.com/mapfiles/place_api/icons/v2/civic-bldg_pinlet","google_icon_background_color":"#7B9EB0","formatted_address":"583C+66H, Talubin - Barlig - Paracelis Rd, Natonin, Mountain Province, Philippines","business_status":"OPERATIONAL","rating":4.5,"user_rating_count":2,"barangay_slug":"saliok","barangay_name":"Saliok"},"geometry":{"type":"Point","coordinates":[121.32061089999999,17.153058299999998]}},{"type":"Feature","properties":{"name":"Enchong and Sinchang's Store","kind":"market","kind_label":"Market","source":"google_places","google_place_id":"ChIJ5xRidWTpjzMRYFI7nzOFmuw","google_primary_type":"general_store","google_primary_type_label":"General Store","google_types":["general_store","food_store","food","point_of_interest","store","establishment"],"google_maps_uri":"https://maps.google.com/?cid=17049085796125725280&g_mp=Cilnb29nbGUubWFwcy5wbGFjZXMudjEuUGxhY2VzLlNlYXJjaE5lYXJieRACGAQgAA","google_icon_mask_base_uri":"https://maps.gstatic.com/mapfiles/place_api/icons/v2/shopping_pinlet","google_icon_background_color":"#4B96F3","formatted_address":"San Gabriel, Mangnao, Natonin, 2624 Mountain Province, Philippines","business_status":"OPERATIONAL","rating":null,"user_rating_count":null,"barangay_slug":"saliok","barangay_name":"Saliok"},"geometry":{"type":"Point","coordinates":[121.3087381,17.1413173]}},{"type":"Feature","properties":{"name":"H & I Variety Store","kind":"market","kind_label":"Market","source":"google_places","google_place_id":"ChIJ23Uk5trrjzMR_IYy4UM6558","google_primary_type":"general_store","google_primary_type_label":"General Store","google_types":["general_store","food_store","store","point_of_interest","food","establishment"],"google_maps_uri":"https://maps.google.com/?cid=11522242234866108156&g_mp=Cilnb29nbGUubWFwcy5wbGFjZXMudjEuUGxhY2VzLlNlYXJjaE5lYXJieRACGAQgAA","google_icon_mask_base_uri":"https://maps.gstatic.com/mapfiles/place_api/icons/v2/shopping_pinlet","google_icon_background_color":"#4B96F3","formatted_address":"582C+WRH, Natonin, Mountain Province, Philippines","business_status":"OPERATIONAL","rating":4.5,"user_rating_count":6,"barangay_slug":"saliok","barangay_name":"Saliok"},"geometry":{"type":"Point","coordinates":[121.32211099999999,17.152309799999998]}},{"type":"Feature","properties":{"name":"Wagacon Grocery Store","kind":"market","kind_label":"Market","source":"google_places","google_place_id":"ChIJv1GubwDrjzMRn2ppwSNYyD0","google_primary_type":"grocery_store","google_primary_type_label":"Grocery Store","google_types":["grocery_store","food_store","food","point_of_interest","store","establishment"],"google_maps_uri":"https://maps.google.com/?cid=4451905142247746207&g_mp=Cilnb29nbGUubWFwcy5wbGFjZXMudjEuUGxhY2VzLlNlYXJjaE5lYXJieRACGAQgAA","google_icon_mask_base_uri":"https://maps.gstatic.com/mapfiles/place_api/icons/v2/shoppingcart_pinlet","google_icon_background_color":"#4B96F3","formatted_address":"583F+FJC, Talubin - Barlig - Paracelis Rd, Natonin, Mountain Province, Philippines","business_status":"OPERATIONAL","rating":3.5,"user_rating_count":2,"barangay_slug":"saliok","barangay_name":"Saliok"},"geometry":{"type":"Point","coordinates":[121.32402110000001,17.153691200000004]}},{"type":"Feature","properties":{"name":"Ambatotong Elementary School","kind":"school","kind_label":"School","source":"google_places","google_place_id":"ChIJhZpOYG_rjzMRRsTmAd8Xsd4","google_primary_type":"primary_school","google_primary_type_label":"Elementary School","google_types":["primary_school","school","educational_institution","point_of_interest","establishment"],"google_maps_uri":"https://maps.google.com/?cid=16046633193874834502&g_mp=Cilnb29nbGUubWFwcy5wbGFjZXMudjEuUGxhY2VzLlNlYXJjaE5lYXJieRACGAQgAA","google_icon_mask_base_uri":"https://maps.gstatic.com/mapfiles/place_api/icons/v2/school_pinlet","google_icon_background_color":"#7B9EB0","formatted_address":"58FM+GV9 Ambatutong paracelis mountain provjnce, Paracelis, Mountain Province, Philippines","business_status":"OPERATIONAL","rating":null,"user_rating_count":null,"barangay_slug":"saliok","barangay_name":"Saliok"},"geometry":{"type":"Point","coordinates":[121.33472210000001,17.173799199999998]}},{"type":"Feature","properties":{"name":"Saliok Elementary School","kind":"school","kind_label":"School","source":"google_places","google_place_id":"ChIJpeLI29rrjzMRhbmT2uTfBG0","google_primary_type":"primary_school","google_primary_type_label":"Elementary School","google_types":["primary_school","school","educational_institution","government_office","point_of_interest","establishment"],"google_maps_uri":"https://maps.google.com/?cid=7855649824053639557&g_mp=Cilnb29nbGUubWFwcy5wbGFjZXMudjEuUGxhY2VzLlNlYXJjaE5lYXJieRACGAQgAA","google_icon_mask_base_uri":"https://maps.gstatic.com/mapfiles/place_api/icons/v2/school_pinlet","google_icon_background_color":"#7B9EB0","formatted_address":"5839+PR6 Talubin-Barlig, Talubin - Barlig - Paracelis Rd, Natonin, Mountain Province, Philippines","business_status":"OPERATIONAL","rating":null,"user_rating_count":null,"barangay_slug":"saliok","barangay_name":"Saliok"},"geometry":{"type":"Point","coordinates":[121.31952640000002,17.1542895]}},{"type":"Feature","properties":{"name":"Saliok National Technical Vocational Skills Training High Schooll","kind":"school","kind_label":"School","source":"google_places","google_place_id":"ChIJSX_s2trrjzMRiGfZh2_Agrg","google_primary_type":"secondary_school","google_primary_type_label":"High school","google_types":["secondary_school","school","educational_institution","government_office","point_of_interest","establishment"],"google_maps_uri":"https://maps.google.com/?cid=13295400635204200328&g_mp=Cilnb29nbGUubWFwcy5wbGFjZXMudjEuUGxhY2VzLlNlYXJjaE5lYXJieRACGAQgAA","google_icon_mask_base_uri":"https://maps.gstatic.com/mapfiles/place_api/icons/v2/school_pinlet","google_icon_background_color":"#7B9EB0","formatted_address":"5849+684 Talubin-Barlig, Talubin - Barlig - Paracelis Rd, Natonin, Mountain Province, Philippines","business_status":"OPERATIONAL","rating":null,"user_rating_count":null,"barangay_slug":"saliok","barangay_name":"Saliok"},"geometry":{"type":"Point","coordinates":[121.31832209999999,17.1555005]}},{"type":"Feature","properties":{"name":"Fuyun Springs","kind":"tourism","kind_label":"Tourism","source":"google_places","google_place_id":"ChIJHzazq0frjzMRdK-66xI7Jec","google_primary_type":"tourist_attraction","google_primary_type_label":"Tourist Attraction","google_types":["tourist_attraction","point_of_interest","establishment"],"google_maps_uri":"https://maps.google.com/?cid=16655783749349977972&g_mp=Cilnb29nbGUubWFwcy5wbGFjZXMudjEuUGxhY2VzLlNlYXJjaE5lYXJieRACGAQgAA","google_icon_mask_base_uri":"https://maps.gstatic.com/mapfiles/place_api/icons/v2/generic_pinlet","google_icon_background_color":"#13B5C7","formatted_address":"5835+PG6, Natonin, Mountain Province, Philippines","business_status":"OPERATIONAL","rating":4,"user_rating_count":2,"barangay_slug":"saliok","barangay_name":"Saliok"},"geometry":{"type":"Point","coordinates":[121.30875929999998,17.1542979]}},{"type":"Feature","properties":{"name":"Karwit","kind":"tourism","kind_label":"Tourism","source":"google_places","google_place_id":"ChIJ1xOuOgDrjzMRCXegYEProgA","google_primary_type":"swimming_pool","google_primary_type_label":"Swimming Pool","google_types":["swimming_pool","sports_activity_location","point_of_interest","establishment"],"google_maps_uri":"https://maps.google.com/?cid=45857620843591433&g_mp=Cilnb29nbGUubWFwcy5wbGFjZXMudjEuUGxhY2VzLlNlYXJjaE5lYXJieRACGAQgAA","google_icon_mask_base_uri":"https://maps.gstatic.com/mapfiles/place_api/icons/v2/generic_pinlet","google_icon_background_color":"#7B9EB0","formatted_address":"5837+Q89, Natonin, Mountain Province, Philippines","business_status":"OPERATIONAL","rating":4,"user_rating_count":1,"barangay_slug":"saliok","barangay_name":"Saliok"},"geometry":{"type":"Point","coordinates":[121.31352830000002,17.1536082]}},{"type":"Feature","properties":{"name":"Pip-ingo","kind":"tourism","kind_label":"Tourism","source":"google_places","google_place_id":"ChIJ_2tluoXrjzMRhAfkqIVRGEc","google_primary_type":"tourist_attraction","google_primary_type_label":"Tourist Attraction","google_types":["tourist_attraction","point_of_interest","establishment"],"google_maps_uri":"https://maps.google.com/?cid=5122934210639955844&g_mp=Cilnb29nbGUubWFwcy5wbGFjZXMudjEuUGxhY2VzLlNlYXJjaE5lYXJieRACGAQgAA","google_icon_mask_base_uri":"https://maps.gstatic.com/mapfiles/place_api/icons/v2/generic_pinlet","google_icon_background_color":"#13B5C7","formatted_address":"48XC+MM, Natonin, Mountain Province, Philippines","business_status":"OPERATIONAL","rating":5,"user_rating_count":1,"barangay_slug":"saliok","barangay_name":"Saliok"},"geometry":{"type":"Point","coordinates":[121.3216768,17.1492234]}},{"type":"Feature","properties":{"name":"St. Jude Mission (Episcopalian Church)","kind":"worship","kind_label":"Worship","source":"google_places","google_place_id":"ChIJgdP2NwDrjzMRUDKgrhZ43H8","google_primary_type":"church","google_primary_type_label":"Church","google_types":["church","place_of_worship","association_or_organization","point_of_interest","establishment"],"google_maps_uri":"https://maps.google.com/?cid=9213370976507540048&g_mp=Cilnb29nbGUubWFwcy5wbGFjZXMudjEuUGxhY2VzLlNlYXJjaE5lYXJieRACGAQgAA","google_icon_mask_base_uri":"https://maps.gstatic.com/mapfiles/place_api/icons/v2/worship_christian_pinlet","google_icon_background_color":"#7B9EB0","formatted_address":"582C+RGR, Natonin, Mountain Province, Philippines","business_status":"OPERATIONAL","rating":null,"user_rating_count":null,"barangay_slug":"saliok","barangay_name":"Saliok"},"geometry":{"type":"Point","coordinates":[121.32125739999998,17.1521035]}},{"type":"Feature","properties":{"name":"Santa Isabel BHS","kind":"business","kind_label":"Business","source":"google_places","google_place_id":"ChIJtcWWUS3DjzMRW79tKZGRyZQ","google_primary_type":"medical_clinic","google_primary_type_label":"Medical Clinic","google_types":["medical_clinic","health","point_of_interest","establishment"],"google_maps_uri":"https://maps.google.com/?cid=10721260440583520091&g_mp=Cidnb29nbGUubWFwcy5wbGFjZXMudjEuUGxhY2VzLlNlYXJjaFRleHQQAhgEIAA","google_icon_mask_base_uri":"https://maps.gstatic.com/mapfiles/place_api/icons/v2/generic_pinlet","google_icon_background_color":"#7B9EB0","formatted_address":"4736+JGQ, Natonin, Mountain Province, Philippines","business_status":"OPERATIONAL","rating":null,"user_rating_count":null,"barangay_slug":"sta-isabel","barangay_name":"Santa Isabel"},"geometry":{"type":"Point","coordinates":[121.26137120000001,17.1040769]}},{"type":"Feature","properties":{"name":"Sta. Isabel","kind":"business","kind_label":"Business","source":"google_places","google_place_id":"ChIJQwBIYYLCjzMRyfmo6KEtrf0","google_primary_type":null,"google_primary_type_label":null,"google_types":["sublocality_level_2","sublocality","political"],"google_maps_uri":"https://maps.google.com/?cid=18279316635983083977&g_mp=Cidnb29nbGUubWFwcy5wbGFjZXMudjEuUGxhY2VzLlNlYXJjaFRleHQQAhgEIAA","google_icon_mask_base_uri":"https://maps.gstatic.com/mapfiles/place_api/icons/v2/generic_pinlet","google_icon_background_color":"#7B9EB0","formatted_address":"Sta. Isabel, Natonin, Mountain Province, Philippines","business_status":null,"rating":null,"user_rating_count":null,"barangay_slug":"sta-isabel","barangay_name":"Santa Isabel"},"geometry":{"type":"Point","coordinates":[121.25977530000002,17.1251478]}},{"type":"Feature","properties":{"name":"Santa Isabel National High School","kind":"govt","kind_label":"Government","source":"google_places","google_place_id":"ChIJ35ZjDL_pjzMRQSNO-7UmJ9Q","google_primary_type":"government_office","google_primary_type_label":"Government Office","google_types":["school","educational_institution","government_office","point_of_interest","establishment"],"google_maps_uri":"https://maps.google.com/?cid=15287230023179576129&g_mp=Cilnb29nbGUubWFwcy5wbGFjZXMudjEuUGxhY2VzLlNlYXJjaE5lYXJieRACGAQgAA","google_icon_mask_base_uri":"https://maps.gstatic.com/mapfiles/place_api/icons/v2/school_pinlet","google_icon_background_color":"#7B9EB0","formatted_address":"4726+F3F, Talubin - Barlig - Paracelis Rd, Natonin, 2624 Mountain Province, Philippines","business_status":"OPERATIONAL","rating":null,"user_rating_count":null,"barangay_slug":"sta-isabel","barangay_name":"Santa Isabel"},"geometry":{"type":"Point","coordinates":[121.26015869999999,17.1011806]}},{"type":"Feature","properties":{"name":"Sta. Isabel Elementary School","kind":"govt","kind_label":"Government","source":"google_places","google_place_id":"ChIJ35ZjDL_pjzMRb___WU__EAw","google_primary_type":"government_office","google_primary_type_label":"Government Office","google_types":["school","educational_institution","government_office","point_of_interest","establishment"],"google_maps_uri":"https://maps.google.com/?cid=869475444359954287&g_mp=Cilnb29nbGUubWFwcy5wbGFjZXMudjEuUGxhY2VzLlNlYXJjaE5lYXJieRACGAQgAA","google_icon_mask_base_uri":"https://maps.gstatic.com/mapfiles/place_api/icons/v2/school_pinlet","google_icon_background_color":"#7B9EB0","formatted_address":"4726+G3M, Talubin - Barlig - Paracelis Rd, Natonin, 2624 Mountain Province, Philippines","business_status":"CLOSED_TEMPORARILY","rating":null,"user_rating_count":null,"barangay_slug":"sta-isabel","barangay_name":"Santa Isabel"},"geometry":{"type":"Point","coordinates":[121.26016349999999,17.1013383]}},{"type":"Feature","properties":{"name":"Apatan Rice Terraces","kind":"tourism","kind_label":"Tourism","source":"google_places","google_place_id":"ChIJf_hwalvpjzMR_KO0_riCci0","google_primary_type":"tourist_attraction","google_primary_type_label":"Tourist Attraction","google_types":["tourist_attraction","point_of_interest","establishment"],"google_maps_uri":"https://maps.google.com/?cid=3274823610110616572&g_mp=Cilnb29nbGUubWFwcy5wbGFjZXMudjEuUGxhY2VzLlNlYXJjaE5lYXJieRACGAQgAA","google_icon_mask_base_uri":"https://maps.gstatic.com/mapfiles/place_api/icons/v2/generic_pinlet","google_icon_background_color":"#13B5C7","formatted_address":"4738+J45, Natonin, Mountain Province, Philippines","business_status":"OPERATIONAL","rating":5,"user_rating_count":4,"barangay_slug":"sta-isabel","barangay_name":"Santa Isabel"},"geometry":{"type":"Point","coordinates":[121.26536480000001,17.1040153]}},{"type":"Feature","properties":{"name":"Fawfaw","kind":"tourism","kind_label":"Tourism","source":"google_places","google_place_id":"ChIJ-2s_dmfpjzMRHY49FLpsAfI","google_primary_type":"hiking_area","google_primary_type_label":"Hiking Area","google_types":["hiking_area","sports_activity_location","point_of_interest","establishment"],"google_maps_uri":"https://maps.google.com/?cid=17438338778614566429&g_mp=Cilnb29nbGUubWFwcy5wbGFjZXMudjEuUGxhY2VzLlNlYXJjaE5lYXJieRACGAQgAA","google_icon_mask_base_uri":"https://maps.gstatic.com/mapfiles/place_api/icons/v2/hiking_pinlet","google_icon_background_color":"#4DB546","formatted_address":"47M8+Q23, Sta. Isabel, Natonin, Mountain Province, Philippines","business_status":"OPERATIONAL","rating":5,"user_rating_count":1,"barangay_slug":"sta-isabel","barangay_name":"Santa Isabel"},"geometry":{"type":"Point","coordinates":[121.26503659999999,17.134390600000003]}},{"type":"Feature","properties":{"name":"Longhad, Sta.Isabel, Natonin","kind":"tourism","kind_label":"Tourism","source":"google_places","google_place_id":"ChIJ-_ZnUgDDjzMRLcqYfH95POY","google_primary_type":"tourist_attraction","google_primary_type_label":"Tourist Attraction","google_types":["tourist_attraction","point_of_interest","establishment"],"google_maps_uri":"https://maps.google.com/?cid=16590268715784260141&g_mp=Cilnb29nbGUubWFwcy5wbGFjZXMudjEuUGxhY2VzLlNlYXJjaE5lYXJieRACGAQgAA","google_icon_mask_base_uri":"https://maps.gstatic.com/mapfiles/place_api/icons/v2/generic_pinlet","google_icon_background_color":"#13B5C7","formatted_address":"4746+632, Santa Isabel, Natonin, Mountain Province, Philippines","business_status":"OPERATIONAL","rating":null,"user_rating_count":null,"barangay_slug":"sta-isabel","barangay_name":"Santa Isabel"},"geometry":{"type":"Point","coordinates":[121.26013390000001,17.1055185]}},{"type":"Feature","properties":{"name":"NAROPAAN FALLS","kind":"tourism","kind_label":"Tourism","source":"google_places","google_place_id":"ChIJVdUUMADDjzMRjbuy5bJGMh0","google_primary_type":"tourist_attraction","google_primary_type_label":"Tourist Attraction","google_types":["tourist_attraction","point_of_interest","establishment"],"google_maps_uri":"https://maps.google.com/?cid=2103821710107261837&g_mp=Cilnb29nbGUubWFwcy5wbGFjZXMudjEuUGxhY2VzLlNlYXJjaE5lYXJieRACGAQgAA","google_icon_mask_base_uri":"https://maps.gstatic.com/mapfiles/place_api/icons/v2/generic_pinlet","google_icon_background_color":"#13B5C7","formatted_address":"4745+9QR, Talubin - Barlig - Paracelis Rd, Natonin, Mountain Province, Philippines","business_status":"OPERATIONAL","rating":null,"user_rating_count":null,"barangay_slug":"sta-isabel","barangay_name":"Santa Isabel"},"geometry":{"type":"Point","coordinates":[121.25938649999999,17.105988]}},{"type":"Feature","properties":{"name":"Pudo, Natonin Mountain Province","kind":"business","kind_label":"Business","source":"google_places","google_place_id":"ChIJS5PJfwDDjzMRTD34bIO4358","google_primary_type":"association_or_organization","google_primary_type_label":"Association / Organization","google_types":["association_or_organization","point_of_interest","service","establishment"],"google_maps_uri":"https://maps.google.com/?cid=11520129246445452620&g_mp=Cidnb29nbGUubWFwcy5wbGFjZXMudjEuUGxhY2VzLlNlYXJjaFRleHQQAhgEIAA","google_icon_mask_base_uri":"https://maps.gstatic.com/mapfiles/place_api/icons/v2/generic_pinlet","google_icon_background_color":"#7B9EB0","formatted_address":"36PJ+M35, Natonin, Mountain Province, Philippines","business_status":"OPERATIONAL","rating":null,"user_rating_count":null,"barangay_slug":"tonglayan","barangay_name":"Tonglayan"},"geometry":{"type":"Point","coordinates":[121.2291757,17.088041099999998]}},{"type":"Feature","properties":{"name":"Tonglayan Barangay Hall","kind":"govt","kind_label":"Government","source":"google_places","google_place_id":"ChIJb49JayTDjzMR8DrWs3w8ap8","google_primary_type":"government_office","google_primary_type_label":"Government Office","google_types":["government_office","point_of_interest","establishment"],"google_maps_uri":"https://maps.google.com/?cid=11487060305852644080&g_mp=Cilnb29nbGUubWFwcy5wbGFjZXMudjEuUGxhY2VzLlNlYXJjaE5lYXJieRACGAQgAA","google_icon_mask_base_uri":"https://maps.gstatic.com/mapfiles/place_api/icons/v2/civic-bldg_pinlet","google_icon_background_color":"#7B9EB0","formatted_address":"Pora, 36MJ+XG5, Natonin, Mountain Province, Philippines","business_status":"OPERATIONAL","rating":5,"user_rating_count":1,"barangay_slug":"tonglayan","barangay_name":"Tonglayan"},"geometry":{"type":"Point","coordinates":[121.2313581,17.084896699999998]}},{"type":"Feature","properties":{"name":"Natonin National High School","kind":"school","kind_label":"School","source":"google_places","google_place_id":"ChIJk_RKcXrDjzMRC9oDn67Ns_s","google_primary_type":"secondary_school","google_primary_type_label":"High school","google_types":["secondary_school","school","educational_institution","point_of_interest","establishment"],"google_maps_uri":"https://maps.google.com/?cid=18137066274226952715&g_mp=Cilnb29nbGUubWFwcy5wbGFjZXMudjEuUGxhY2VzLlNlYXJjaE5lYXJieRACGAQgAA","google_icon_mask_base_uri":"https://maps.gstatic.com/mapfiles/place_api/icons/v2/school_pinlet","google_icon_background_color":"#7B9EB0","formatted_address":"Pora, 36PJ+M35, Natonin, Mountain Province, Philippines","business_status":"OPERATIONAL","rating":null,"user_rating_count":null,"barangay_slug":"tonglayan","barangay_name":"Tonglayan"},"geometry":{"type":"Point","coordinates":[121.23022300000001,17.0866381]}},{"type":"Feature","properties":{"name":"Tonglayan Elementary School","kind":"school","kind_label":"School","source":"google_places","google_place_id":"ChIJL74HG2TDjzMROrzOYbGIfZs","google_primary_type":"primary_school","google_primary_type_label":"Elementary School","google_types":["primary_school","school","educational_institution","point_of_interest","establishment"],"google_maps_uri":"https://maps.google.com/?cid=11204261743399189562&g_mp=Cilnb29nbGUubWFwcy5wbGFjZXMudjEuUGxhY2VzLlNlYXJjaE5lYXJieRACGAQgAA","google_icon_mask_base_uri":"https://maps.gstatic.com/mapfiles/place_api/icons/v2/school_pinlet","google_icon_background_color":"#7B9EB0","formatted_address":"36PJ+G76 Pora, Natonin, Mountain Province, Philippines","business_status":"OPERATIONAL","rating":null,"user_rating_count":null,"barangay_slug":"tonglayan","barangay_name":"Tonglayan"},"geometry":{"type":"Point","coordinates":[121.2306428,17.0862786]}},{"type":"Feature","properties":{"name":"Tonglayan Rice Terraces","kind":"tourism","kind_label":"Tourism","source":"google_places","google_place_id":"ChIJuTwKSDDDjzMR-hMMN86dJNk","google_primary_type":"tourist_attraction","google_primary_type_label":"Tourist Attraction","google_types":["tourist_attraction","point_of_interest","establishment"],"google_maps_uri":"https://maps.google.com/?cid=15646804514404307962&g_mp=Cilnb29nbGUubWFwcy5wbGFjZXMudjEuUGxhY2VzLlNlYXJjaE5lYXJieRACGAQgAA","google_icon_mask_base_uri":"https://maps.gstatic.com/mapfiles/place_api/icons/v2/generic_pinlet","google_icon_background_color":"#13B5C7","formatted_address":"36JG+68F, Natonin, Mountain Province, Philippines","business_status":"OPERATIONAL","rating":4.4,"user_rating_count":5,"barangay_slug":"tonglayan","barangay_name":"Tonglayan"},"geometry":{"type":"Point","coordinates":[121.22580930000001,17.0805737]}},{"type":"Feature","properties":{"name":"FOSSING GAS STATION","kind":"transport","kind_label":"Transport","source":"google_places","google_place_id":"ChIJKdp0NADDjzMRlRnqCj26R4Y","google_primary_type":"gas_station","google_primary_type_label":"Gas Station","google_types":["gas_station","point_of_interest","service","establishment"],"google_maps_uri":"https://maps.google.com/?cid=9675907095767685525&g_mp=Cilnb29nbGUubWFwcy5wbGFjZXMudjEuUGxhY2VzLlNlYXJjaE5lYXJieRACGAQgAA","google_icon_mask_base_uri":"https://maps.gstatic.com/mapfiles/place_api/icons/v2/gas_pinlet","google_icon_background_color":"#909CE1","formatted_address":"36QH+6M6, Natonin, Mountain Province, Philippines","business_status":"OPERATIONAL","rating":null,"user_rating_count":null,"barangay_slug":"tonglayan","barangay_name":"Tonglayan"},"geometry":{"type":"Point","coordinates":[121.22912780000001,17.0880482]}},{"type":"Feature","properties":{"name":"UECFI DALAN TI CAPPIA","kind":"worship","kind_label":"Worship","source":"google_places","google_place_id":"ChIJ8XC8MXzDjzMRBkazQH5-Vtg","google_primary_type":"church","google_primary_type_label":"Church","google_types":["church","place_of_worship","association_or_organization","point_of_interest","establishment"],"google_maps_uri":"https://maps.google.com/?cid=15588786240906020358&g_mp=Cilnb29nbGUubWFwcy5wbGFjZXMudjEuUGxhY2VzLlNlYXJjaE5lYXJieRACGAQgAA","google_icon_mask_base_uri":"https://maps.gstatic.com/mapfiles/place_api/icons/v2/worship_christian_pinlet","google_icon_background_color":"#7B9EB0","formatted_address":"36HM+JFG, Natonin, Mountain Province, Philippines","business_status":"OPERATIONAL","rating":5,"user_rating_count":1,"barangay_slug":"tonglayan","barangay_name":"Tonglayan"},"geometry":{"type":"Point","coordinates":[121.23368799999999,17.0790734]}}]}
