{"type":"FeatureCollection","features":[{"type":"Feature","properties":{"name":"Anonat National Agricultural and Vocational High School","kind":"business","kind_label":"Business","source":"google_places","google_place_id":"ChIJ0-72xV3zjzMRBWiIqdHDhHM","google_primary_type":"educational_institution","google_primary_type_label":"Educational Institution","google_types":["educational_institution","point_of_interest","establishment"],"google_maps_uri":"https://maps.google.com/?cid=8323993316547389445&g_mp=Cidnb29nbGUubWFwcy5wbGFjZXMudjEuUGxhY2VzLlNlYXJjaFRleHQQAhgEIAA","google_icon_mask_base_uri":"https://maps.gstatic.com/mapfiles/place_api/icons/v2/school_pinlet","google_icon_background_color":"#7B9EB0","formatted_address":"4GP6+W99, Paracelis, Mountain Province, Philippines","business_status":"OPERATIONAL","rating":5,"user_rating_count":2,"barangay_slug":"anonat","barangay_name":"Anonat"},"geometry":{"type":"Point","coordinates":[121.51097039999998,17.137276699999997]}},{"type":"Feature","properties":{"name":"Bacarri National Trade Agricultural School - Anonat Annex","kind":"business","kind_label":"Business","source":"google_places","google_place_id":"ChIJWULDK7zzjzMRbrk3DMdwG7Q","google_primary_type":null,"google_primary_type_label":null,"google_types":["premise","street_address"],"google_maps_uri":"https://maps.google.com/?cid=12978090751403997550&g_mp=Cidnb29nbGUubWFwcy5wbGFjZXMudjEuUGxhY2VzLlNlYXJjaFRleHQQAhgEIAA","google_icon_mask_base_uri":"https://maps.gstatic.com/mapfiles/place_api/icons/v2/generic_pinlet","google_icon_background_color":"#7B9EB0","formatted_address":"Bacarri National Trade Agricultural School - Anonat Annex, Paracelis, Mountain Province, Philippines","business_status":null,"rating":null,"user_rating_count":null,"barangay_slug":"anonat","barangay_name":"Anonat"},"geometry":{"type":"Point","coordinates":[121.51101639999999,17.137400799999998]}},{"type":"Feature","properties":{"name":"Bunnot paracelis mountain province","kind":"business","kind_label":"Business","source":"google_places","google_place_id":"ChIJfdc5KgDzjzMRqMV20_Ywhh4","google_primary_type":"service","google_primary_type_label":"Services","google_types":["point_of_interest","service","establishment"],"google_maps_uri":"https://maps.google.com/?cid=2199499304684930472&g_mp=Cidnb29nbGUubWFwcy5wbGFjZXMudjEuUGxhY2VzLlNlYXJjaFRleHQQAhgEIAA","google_icon_mask_base_uri":"https://maps.gstatic.com/mapfiles/place_api/icons/v2/generic_pinlet","google_icon_background_color":"#7B9EB0","formatted_address":"5F4R+FGP, Paracelis, Mountain Province, Philippines","business_status":"OPERATIONAL","rating":null,"user_rating_count":null,"barangay_slug":"anonat","barangay_name":"Anonat"},"geometry":{"type":"Point","coordinates":[121.4913182,17.1562214]}},{"type":"Feature","properties":{"name":"Dannal","kind":"business","kind_label":"Business","source":"google_places","google_place_id":"ChIJR8WYPADzjzMRi7IMQ7RN8zo","google_primary_type":"association_or_organization","google_primary_type_label":"Association / Organization","google_types":["service","association_or_organization","point_of_interest","establishment"],"google_maps_uri":"https://maps.google.com/?cid=4247824310154867339&g_mp=Cidnb29nbGUubWFwcy5wbGFjZXMudjEuUGxhY2VzLlNlYXJjaFRleHQQAhgEIAA","google_icon_mask_base_uri":"https://maps.gstatic.com/mapfiles/place_api/icons/v2/generic_pinlet","google_icon_background_color":"#7B9EB0","formatted_address":"4GFC+6VX, Paracelis, Mountain Province, Philippines","business_status":"OPERATIONAL","rating":null,"user_rating_count":null,"barangay_slug":"anonat","barangay_name":"Anonat"},"geometry":{"type":"Point","coordinates":[121.52226230000001,17.1230773]}},{"type":"Feature","properties":{"name":"Derrick's Printing Services","kind":"business","kind_label":"Business","source":"google_places","google_place_id":"ChIJAyGtl3vzjzMRhjnZFPwKb7k","google_primary_type":"manufacturer","google_primary_type_label":"Manufacturer","google_types":["manufacturer","store","service","point_of_interest","establishment"],"google_maps_uri":"https://maps.google.com/?cid=13361910697229367686&g_mp=Cilnb29nbGUubWFwcy5wbGFjZXMudjEuUGxhY2VzLlNlYXJjaE5lYXJieRACGAQgAA","google_icon_mask_base_uri":"https://maps.gstatic.com/mapfiles/place_api/icons/v2/shopping_pinlet","google_icon_background_color":"#4B96F3","formatted_address":"Dagawe, Paracelis, 2625 Mountain Province, Philippines","business_status":"OPERATIONAL","rating":null,"user_rating_count":null,"barangay_slug":"anonat","barangay_name":"Anonat"},"geometry":{"type":"Point","coordinates":[121.4913182,17.1562214]}},{"type":"Feature","properties":{"name":"Gayang Motor cycle Parts and accessories","kind":"business","kind_label":"Business","source":"google_places","google_place_id":"ChIJvYFaO-jzjzMRa81uKcj-qAk","google_primary_type":"store","google_primary_type_label":"Store","google_types":["store","point_of_interest","establishment"],"google_maps_uri":"https://maps.google.com/?cid=696086278070783339&g_mp=Cilnb29nbGUubWFwcy5wbGFjZXMudjEuUGxhY2VzLlNlYXJjaE5lYXJieRACGAQgAA","google_icon_mask_base_uri":"https://maps.gstatic.com/mapfiles/place_api/icons/v2/shopping_pinlet","google_icon_background_color":"#4B96F3","formatted_address":"Sitio Gayang, Paracelis, 2625 Mountain Province, Philippines","business_status":"OPERATIONAL","rating":null,"user_rating_count":null,"barangay_slug":"anonat","barangay_name":"Anonat"},"geometry":{"type":"Point","coordinates":[121.49151730000001,17.154171599999998]}},{"type":"Feature","properties":{"name":"Lisa store","kind":"business","kind_label":"Business","source":"google_places","google_place_id":"ChIJ30-dYxvzjzMRBoRtZ6KlyYo","google_primary_type":"store","google_primary_type_label":"Store","google_types":["store","point_of_interest","establishment"],"google_maps_uri":"https://maps.google.com/?cid=10000706564491412486&g_mp=Cilnb29nbGUubWFwcy5wbGFjZXMudjEuUGxhY2VzLlNlYXJjaE5lYXJieRACGAQgAA","google_icon_mask_base_uri":"https://maps.gstatic.com/mapfiles/place_api/icons/v2/shopping_pinlet","google_icon_background_color":"#4B96F3","formatted_address":"Laud, Paracelis, 2625 Mountain Province, Philippines","business_status":"OPERATIONAL","rating":null,"user_rating_count":null,"barangay_slug":"anonat","barangay_name":"Anonat"},"geometry":{"type":"Point","coordinates":[121.4913182,17.1562214]}},{"type":"Feature","properties":{"name":"Makilo buringal paracelis","kind":"business","kind_label":"Business","source":"google_places","google_place_id":"ChIJ____LxTzjzMRC-wo0eXlSQ8","google_primary_type":"landmark","google_primary_type_label":"Landmark","google_types":["landmark","point_of_interest","establishment"],"google_maps_uri":"https://maps.google.com/?cid=1101664359088188427&g_mp=Cidnb29nbGUubWFwcy5wbGFjZXMudjEuUGxhY2VzLlNlYXJjaFRleHQQAhgEIAA","google_icon_mask_base_uri":"https://maps.gstatic.com/mapfiles/place_api/icons/v2/generic_pinlet","google_icon_background_color":"#7B9EB0","formatted_address":"5GC6+2G6, Paracelis, Mountain Province, Philippines","business_status":"OPERATIONAL","rating":5,"user_rating_count":2,"barangay_slug":"anonat","barangay_name":"Anonat"},"geometry":{"type":"Point","coordinates":[121.50916489999999,17.1708324]}},{"type":"Feature","properties":{"name":"Yzabelle's Gotohan and Pansitan & Sari Sari Store","kind":"business","kind_label":"Business","source":"google_places","google_place_id":"ChIJN4REfLf3jzMRMcLCDygFFhs","google_primary_type":"food","google_primary_type_label":"Food","google_types":["service","point_of_interest","food","establishment"],"google_maps_uri":"https://maps.google.com/?cid=1951753158132941361&g_mp=Cidnb29nbGUubWFwcy5wbGFjZXMudjEuUGxhY2VzLlNlYXJjaFRleHQQAhgEIAA","google_icon_mask_base_uri":"https://maps.gstatic.com/mapfiles/place_api/icons/v2/generic_pinlet","google_icon_background_color":"#7B9EB0","formatted_address":"3HP8+863, Paracelis, Mountain Province, Philippines","business_status":"OPERATIONAL","rating":null,"user_rating_count":null,"barangay_slug":"anonat","barangay_name":"Anonat"},"geometry":{"type":"Point","coordinates":[121.5655424,17.085765]}},{"type":"Feature","properties":{"name":"TGP The Generics Pharmacy (Lalauanan, Tumauini)","kind":"clinic","kind_label":"Clinic","source":"google_places","google_place_id":"ChIJYQjn97PzjzMR1-tiJxlC8A8","google_primary_type":"pharmacy","google_primary_type_label":"Pharmacy","google_types":["pharmacy","point_of_interest","health","store","establishment"],"google_maps_uri":"https://maps.google.com/?cid=1148490580781886423&g_mp=Cilnb29nbGUubWFwcy5wbGFjZXMudjEuUGxhY2VzLlNlYXJjaE5lYXJieRACGAQgAA","google_icon_mask_base_uri":"https://maps.gstatic.com/mapfiles/place_api/icons/v2/pharmacy_pinlet","google_icon_background_color":"#F88181","formatted_address":"Lalauanan, Tumauini, 3325 Isabela, Philippines","business_status":"OPERATIONAL","rating":null,"user_rating_count":null,"barangay_slug":"anonat","barangay_name":"Anonat"},"geometry":{"type":"Point","coordinates":[121.503065,17.143537]}},{"type":"Feature","properties":{"name":"Anonat Barangay Hall","kind":"govt","kind_label":"Government","source":"google_places","google_place_id":"ChIJg1IoJ47zjzMR4jAg2zQdPBM","google_primary_type":"local_government_office","google_primary_type_label":"Local Government Office","google_types":["local_government_office","government_office","point_of_interest","establishment"],"google_maps_uri":"https://maps.google.com/?cid=1386014898175095010&g_mp=Cilnb29nbGUubWFwcy5wbGFjZXMudjEuUGxhY2VzLlNlYXJjaE5lYXJieRACGAQgAA","google_icon_mask_base_uri":"https://maps.gstatic.com/mapfiles/place_api/icons/v2/civic-bldg_pinlet","google_icon_background_color":"#7B9EB0","formatted_address":"4GW7+CQG, Paracelis, Mountain Province, Philippines","business_status":"OPERATIONAL","rating":null,"user_rating_count":null,"barangay_slug":"anonat","barangay_name":"Anonat"},"geometry":{"type":"Point","coordinates":[121.5144413,17.146058099999998]}},{"type":"Feature","properties":{"name":"Anonat Barangay Station - Damsite","kind":"govt","kind_label":"Government","source":"google_places","google_place_id":"ChIJFX2nMof1jzMR1dG7vrqotN8","google_primary_type":"government_office","google_primary_type_label":"Government Office","google_types":["government_office","point_of_interest","establishment"],"google_maps_uri":"https://maps.google.com/?cid=16119694486283211221&g_mp=Cilnb29nbGUubWFwcy5wbGFjZXMudjEuUGxhY2VzLlNlYXJjaE5lYXJieRACGAQgAA","google_icon_mask_base_uri":"https://maps.gstatic.com/mapfiles/place_api/icons/v2/civic-bldg_pinlet","google_icon_background_color":"#7B9EB0","formatted_address":"4HJ6+MPG, Bobby Asuncion St, Paracelis, Mountain Province, Philippines","business_status":"OPERATIONAL","rating":null,"user_rating_count":null,"barangay_slug":"anonat","barangay_name":"Anonat"},"geometry":{"type":"Point","coordinates":[121.561823,17.1316791]}},{"type":"Feature","properties":{"name":"Mayor's Sattelite Office - Paracelis","kind":"govt","kind_label":"Government","source":"google_places","google_place_id":"ChIJtVcb5Tn1jzMRzDqkawi2xOo","google_primary_type":"government_office","google_primary_type_label":"Government Office","google_types":["government_office","point_of_interest","establishment"],"google_maps_uri":"https://maps.google.com/?cid=16916846247592344268&g_mp=Cilnb29nbGUubWFwcy5wbGFjZXMudjEuUGxhY2VzLlNlYXJjaE5lYXJieRACGAQgAA","google_icon_mask_base_uri":"https://maps.gstatic.com/mapfiles/place_api/icons/v2/civic-bldg_pinlet","google_icon_background_color":"#7B9EB0","formatted_address":"4HJ6+MQV, Bobby Asuncion St, Paracelis, Mountain Province, Philippines","business_status":"OPERATIONAL","rating":5,"user_rating_count":1,"barangay_slug":"anonat","barangay_name":"Anonat"},"geometry":{"type":"Point","coordinates":[121.5619371,17.1317412]}},{"type":"Feature","properties":{"name":"Paracelis MPS & 1st Platoon 2nd Mountain Province Police Mobile Force Company Joint Border Control","kind":"govt","kind_label":"Government","source":"google_places","google_place_id":"ChIJLR3_tZv1jzMRJKMilxUPcUY","google_primary_type":"government_office","google_primary_type_label":"Government Office","google_types":["government_office","point_of_interest","establishment"],"google_maps_uri":"https://maps.google.com/?cid=5075854840427619108&g_mp=Cilnb29nbGUubWFwcy5wbGFjZXMudjEuUGxhY2VzLlNlYXJjaE5lYXJieRACGAQgAA","google_icon_mask_base_uri":"https://maps.gstatic.com/mapfiles/place_api/icons/v2/civic-bldg_pinlet","google_icon_background_color":"#7B9EB0","formatted_address":"4H62+C3H, Mount Province - Isabela Rd, Paracelis, Mountain Province, Philippines","business_status":"OPERATIONAL","rating":null,"user_rating_count":null,"barangay_slug":"anonat","barangay_name":"Anonat"},"geometry":{"type":"Point","coordinates":[121.550249,17.1110628]}},{"type":"Feature","properties":{"name":"Orchard of Fruit Trees","kind":"market","kind_label":"Market","source":"google_places","google_place_id":"ChIJmRU4ghT3jzMRAzI4kF49kmg","google_primary_type":"grocery_store","google_primary_type_label":"Grocery Store","google_types":["grocery_store","market","food_store","store","point_of_interest","food","establishment"],"google_maps_uri":"https://maps.google.com/?cid=7535152602900083203&g_mp=Cilnb29nbGUubWFwcy5wbGFjZXMudjEuUGxhY2VzLlNlYXJjaE5lYXJieRACGAQgAA","google_icon_mask_base_uri":"https://maps.gstatic.com/mapfiles/place_api/icons/v2/shoppingcart_pinlet","google_icon_background_color":"#4B96F3","formatted_address":"Siffu Road, Simimbaan, Paracelis, 3320 Mountain Province, Philippines","business_status":"OPERATIONAL","rating":null,"user_rating_count":null,"barangay_slug":"anonat","barangay_name":"Anonat"},"geometry":{"type":"Point","coordinates":[121.5655424,17.085765]}},{"type":"Feature","properties":{"name":"Anonat Elementary School","kind":"school","kind_label":"School","source":"google_places","google_place_id":"ChIJJS7lCRrzjzMR0QxWiX3qhL0","google_primary_type":"primary_school","google_primary_type_label":"Elementary School","google_types":["primary_school","school","educational_institution","point_of_interest","establishment"],"google_maps_uri":"https://maps.google.com/?cid=13656297794990116049&g_mp=Cilnb29nbGUubWFwcy5wbGFjZXMudjEuUGxhY2VzLlNlYXJjaE5lYXJieRACGAQgAA","google_icon_mask_base_uri":"https://maps.gstatic.com/mapfiles/place_api/icons/v2/school_pinlet","google_icon_background_color":"#7B9EB0","formatted_address":"Proper, 5GC6+2G6, Paracelis, Mountain Province, Philippines","business_status":"OPERATIONAL","rating":null,"user_rating_count":null,"barangay_slug":"anonat","barangay_name":"Anonat"},"geometry":{"type":"Point","coordinates":[121.5112562,17.1700372]}},{"type":"Feature","properties":{"name":"cudal national high school","kind":"school","kind_label":"School","source":"google_places","google_place_id":"ChIJBVsOBezzjzMRR7ZszEoUng0","google_primary_type":"secondary_school","google_primary_type_label":"High school","google_types":["secondary_school","school","educational_institution","point_of_interest","establishment"],"google_maps_uri":"https://maps.google.com/?cid=981244080303158855&g_mp=Cilnb29nbGUubWFwcy5wbGFjZXMudjEuUGxhY2VzLlNlYXJjaE5lYXJieRACGAQgAA","google_icon_mask_base_uri":"https://maps.gstatic.com/mapfiles/place_api/icons/v2/school_pinlet","google_icon_background_color":"#7B9EB0","formatted_address":"5F4R+FGP, Paracelis, Mountain Province, Philippines","business_status":"OPERATIONAL","rating":null,"user_rating_count":null,"barangay_slug":"anonat","barangay_name":"Anonat"},"geometry":{"type":"Point","coordinates":[121.4913182,17.1562214]}},{"type":"Feature","properties":{"name":"Damsite Primary School . MT","kind":"school","kind_label":"School","source":"google_places","google_place_id":"ChIJiTtPHEL1jzMRPpOKH6OQ9B4","google_primary_type":"primary_school","google_primary_type_label":"Elementary School","google_types":["primary_school","school","educational_institution","point_of_interest","establishment"],"google_maps_uri":"https://maps.google.com/?cid=2230566745738482494&g_mp=Cidnb29nbGUubWFwcy5wbGFjZXMudjEuUGxhY2VzLlNlYXJjaFRleHQQAhgEIAA","google_icon_mask_base_uri":"https://maps.gstatic.com/mapfiles/place_api/icons/v2/school_pinlet","google_icon_background_color":"#7B9EB0","formatted_address":"Damsite, Paracelis, 2625 Mountain Province, Philippines","business_status":"OPERATIONAL","rating":null,"user_rating_count":null,"barangay_slug":"anonat","barangay_name":"Anonat"},"geometry":{"type":"Point","coordinates":[121.5621926,17.1305393]}},{"type":"Feature","properties":{"name":"Dannal Anonat Paracelis Mountain Province","kind":"school","kind_label":"School","source":"google_places","google_place_id":"ChIJczyeDA3zjzMRFwJU4bLUziQ","google_primary_type":"primary_school","google_primary_type_label":"Elementary School","google_types":["primary_school","school","educational_institution","point_of_interest","establishment"],"google_maps_uri":"https://maps.google.com/?cid=2652291095317447191&g_mp=Cilnb29nbGUubWFwcy5wbGFjZXMudjEuUGxhY2VzLlNlYXJjaE5lYXJieRACGAQgAA","google_icon_mask_base_uri":"https://maps.gstatic.com/mapfiles/place_api/icons/v2/school_pinlet","google_icon_background_color":"#7B9EB0","formatted_address":"4GFC+2WW, Paracelis, Mountain Province, Philippines","business_status":"OPERATIONAL","rating":null,"user_rating_count":null,"barangay_slug":"anonat","barangay_name":"Anonat"},"geometry":{"type":"Point","coordinates":[121.52233550000001,17.122621]}},{"type":"Feature","properties":{"name":"Dannal Elementary School","kind":"school","kind_label":"School","source":"google_places","google_place_id":"ChIJh7EPRyrzjzMRAH1YH_UlHEQ","google_primary_type":"primary_school","google_primary_type_label":"Elementary School","google_types":["primary_school","school","educational_institution","point_of_interest","establishment"],"google_maps_uri":"https://maps.google.com/?cid=4907839428650106112&g_mp=Cilnb29nbGUubWFwcy5wbGFjZXMudjEuUGxhY2VzLlNlYXJjaE5lYXJieRACGAQgAA","google_icon_mask_base_uri":"https://maps.gstatic.com/mapfiles/place_api/icons/v2/school_pinlet","google_icon_background_color":"#7B9EB0","formatted_address":"Sitio Dannal, 4GCC+4XW, Paracelis, 2625 Mountain Province, Philippines","business_status":"OPERATIONAL","rating":null,"user_rating_count":null,"barangay_slug":"anonat","barangay_name":"Anonat"},"geometry":{"type":"Point","coordinates":[121.52244110000001,17.1203662]}},{"type":"Feature","properties":{"name":"Gassilang Elementary School","kind":"school","kind_label":"School","source":"google_places","google_place_id":"ChIJiS_Dev3zjzMR7qLue-fFxtE","google_primary_type":"primary_school","google_primary_type_label":"Elementary School","google_types":["primary_school","school","educational_institution","point_of_interest","establishment"],"google_maps_uri":"https://maps.google.com/?cid=15115986797323002606&g_mp=Cilnb29nbGUubWFwcy5wbGFjZXMudjEuUGxhY2VzLlNlYXJjaE5lYXJieRACGAQgAA","google_icon_mask_base_uri":"https://maps.gstatic.com/mapfiles/place_api/icons/v2/school_pinlet","google_icon_background_color":"#7B9EB0","formatted_address":"5F74+QW, Paracelis, Mountain Province, Philippines","business_status":"OPERATIONAL","rating":null,"user_rating_count":null,"barangay_slug":"anonat","barangay_name":"Anonat"},"geometry":{"type":"Point","coordinates":[121.45735049999999,17.1645179]}},{"type":"Feature","properties":{"name":"Aries R. Boniog","kind":"tourism","kind_label":"Tourism","source":"google_places","google_place_id":"ChIJo6RBGAD1jzMRtsKmYmgmHBk","google_primary_type":"private_guest_room","google_primary_type_label":"Homestay","google_types":["private_guest_room","lodging","point_of_interest","establishment"],"google_maps_uri":"https://maps.google.com/?cid=1809363380069647030&g_mp=Cilnb29nbGUubWFwcy5wbGFjZXMudjEuUGxhY2VzLlNlYXJjaE5lYXJieRACGAQgAA","google_icon_mask_base_uri":"https://maps.gstatic.com/mapfiles/place_api/icons/v2/hotel_pinlet","google_icon_background_color":"#909CE1","formatted_address":"4H88+V6F Sinamar, Paracelis, Mountain Province, Philippines","business_status":"OPERATIONAL","rating":null,"user_rating_count":null,"barangay_slug":"anonat","barangay_name":"Anonat"},"geometry":{"type":"Point","coordinates":[121.5655424,17.1171954]}},{"type":"Feature","properties":{"name":"Kabigaan Dam","kind":"tourism","kind_label":"Tourism","source":"google_places","google_place_id":"ChIJlTM1MQD1jzMRNKIMXKBjEOU","google_primary_type":"tourist_attraction","google_primary_type_label":"Tourist Attraction","google_types":["tourist_attraction","point_of_interest","establishment"],"google_maps_uri":"https://maps.google.com/?cid=16505802174703116852&g_mp=Cilnb29nbGUubWFwcy5wbGFjZXMudjEuUGxhY2VzLlNlYXJjaE5lYXJieRACGAQgAA","google_icon_mask_base_uri":"https://maps.gstatic.com/mapfiles/place_api/icons/v2/generic_pinlet","google_icon_background_color":"#13B5C7","formatted_address":"4H87+87, Paracelis, Mountain Province, Philippines","business_status":"OPERATIONAL","rating":null,"user_rating_count":null,"barangay_slug":"anonat","barangay_name":"Anonat"},"geometry":{"type":"Point","coordinates":[121.56323289999999,17.1157853]}},{"type":"Feature","properties":{"name":"Mabaro'bot Boiling Mud","kind":"tourism","kind_label":"Tourism","source":"google_places","google_place_id":"ChIJG9AnH43zjzMR1FFYCMRdVZU","google_primary_type":"tourist_attraction","google_primary_type_label":"Tourist Attraction","google_types":["tourist_attraction","point_of_interest","establishment"],"google_maps_uri":"https://maps.google.com/?cid=10760609981206647252&g_mp=Cilnb29nbGUubWFwcy5wbGFjZXMudjEuUGxhY2VzLlNlYXJjaE5lYXJieRACGAQgAA","google_icon_mask_base_uri":"https://maps.gstatic.com/mapfiles/place_api/icons/v2/generic_pinlet","google_icon_background_color":"#13B5C7","formatted_address":"5FF8+WG7, Anonat, Paracelis, Mountain Province, Philippines","business_status":"OPERATIONAL","rating":4,"user_rating_count":2,"barangay_slug":"anonat","barangay_name":"Anonat"},"geometry":{"type":"Point","coordinates":[121.46628910000001,17.1747829]}},{"type":"Feature","properties":{"name":"Mulliang-Nambaran Hanging Bridge","kind":"tourism","kind_label":"Tourism","source":"google_places","google_place_id":"ChIJ8SFI3F7zjzMRfnmAXWFqiiY","google_primary_type":"tourist_attraction","google_primary_type_label":"Tourist Attraction","google_types":["tourist_attraction","point_of_interest","establishment"],"google_maps_uri":"https://maps.google.com/?cid=2777149086640404862&g_mp=Cilnb29nbGUubWFwcy5wbGFjZXMudjEuUGxhY2VzLlNlYXJjaE5lYXJieRACGAQgAA","google_icon_mask_base_uri":"https://maps.gstatic.com/mapfiles/place_api/icons/v2/generic_pinlet","google_icon_background_color":"#13B5C7","formatted_address":"4GV8+39Q, Paracelis, Mountain Province, Philippines","business_status":"OPERATIONAL","rating":4.2,"user_rating_count":5,"barangay_slug":"anonat","barangay_name":"Anonat"},"geometry":{"type":"Point","coordinates":[121.51599619999999,17.142702399999997]}},{"type":"Feature","properties":{"name":"paris mountain resort","kind":"tourism","kind_label":"Tourism","source":"google_places","google_place_id":"ChIJtQGg3rnzjzMRToEkZV301GM","google_primary_type":"resort_hotel","google_primary_type_label":"Resort hotel","google_types":["resort_hotel","hotel","lodging","point_of_interest","establishment"],"google_maps_uri":"https://maps.google.com/?cid=7193643186783551822&g_mp=Cilnb29nbGUubWFwcy5wbGFjZXMudjEuUGxhY2VzLlNlYXJjaE5lYXJieRACGAQgAA","google_icon_mask_base_uri":"https://maps.gstatic.com/mapfiles/place_api/icons/v2/hotel_pinlet","google_icon_background_color":"#909CE1","formatted_address":"5F4R+FGP, Paracelis, Mountain Province, Philippines","business_status":"OPERATIONAL","rating":null,"user_rating_count":null,"barangay_slug":"anonat","barangay_name":"Anonat"},"geometry":{"type":"Point","coordinates":[121.4913182,17.1562214]}},{"type":"Feature","properties":{"name":"Pinsal Falls","kind":"tourism","kind_label":"Tourism","source":"google_places","google_place_id":"ChIJ3WUUw8X3jzMRq0Vu_9FUtpo","google_primary_type":"hiking_area","google_primary_type_label":"Hiking Area","google_types":["hiking_area","sports_activity_location","point_of_interest","establishment"],"google_maps_uri":"https://maps.google.com/?cid=11148191188512556459&g_mp=Cilnb29nbGUubWFwcy5wbGFjZXMudjEuUGxhY2VzLlNlYXJjaE5lYXJieRACGAQgAA","google_icon_mask_base_uri":"https://maps.gstatic.com/mapfiles/place_api/icons/v2/hiking_pinlet","google_icon_background_color":"#4DB546","formatted_address":"3HQ5+Q24, Paracelis, Mountain Province, Philippines","business_status":"OPERATIONAL","rating":1,"user_rating_count":1,"barangay_slug":"anonat","barangay_name":"Anonat"},"geometry":{"type":"Point","coordinates":[121.55758650000001,17.089398499999998]}},{"type":"Feature","properties":{"name":"Purisima's Highland Farm and Resort","kind":"tourism","kind_label":"Tourism","source":"google_places","google_place_id":"ChIJa-K7TAL1jzMRlo5uTcIuy2g","google_primary_type":"campground","google_primary_type_label":"Campground","google_types":["campground","lodging","point_of_interest","establishment"],"google_maps_uri":"https://maps.google.com/?cid=7551180612274392726&g_mp=Cilnb29nbGUubWFwcy5wbGFjZXMudjEuUGxhY2VzLlNlYXJjaE5lYXJieRACGAQgAA","google_icon_mask_base_uri":"https://maps.gstatic.com/mapfiles/place_api/icons/v2/camping_pinlet","google_icon_background_color":"#4DB546","formatted_address":"4H96+6Q8, Paracelis, Mountain Province, Philippines","business_status":"OPERATIONAL","rating":null,"user_rating_count":null,"barangay_slug":"anonat","barangay_name":"Anonat"},"geometry":{"type":"Point","coordinates":[121.56193969999998,17.1180436]}},{"type":"Feature","properties":{"name":"Simmacbot View Deck","kind":"tourism","kind_label":"Tourism","source":"google_places","google_place_id":"ChIJE0n2Cmf1jzMR8TxjCAYKJSw","google_primary_type":"tourist_attraction","google_primary_type_label":"Tourist Attraction","google_types":["tourist_attraction","point_of_interest","establishment"],"google_maps_uri":"https://maps.google.com/?cid=3180959732833926385&g_mp=Cilnb29nbGUubWFwcy5wbGFjZXMudjEuUGxhY2VzLlNlYXJjaE5lYXJieRACGAQgAA","google_icon_mask_base_uri":"https://maps.gstatic.com/mapfiles/place_api/icons/v2/generic_pinlet","google_icon_background_color":"#13B5C7","formatted_address":"4H53+832, Paracelis, Mountain Province, Philippines","business_status":"OPERATIONAL","rating":4.6,"user_rating_count":85,"barangay_slug":"anonat","barangay_name":"Anonat"},"geometry":{"type":"Point","coordinates":[121.5526288,17.108258]}},{"type":"Feature","properties":{"name":"Simmacbot Viewpoint","kind":"tourism","kind_label":"Tourism","source":"google_places","google_place_id":"ChIJL8-BfgD1jzMRTdgvxpwlsl0","google_primary_type":"tourist_attraction","google_primary_type_label":"Tourist Attraction","google_types":["tourist_attraction","point_of_interest","establishment"],"google_maps_uri":"https://maps.google.com/?cid=6751500146651945037&g_mp=Cilnb29nbGUubWFwcy5wbGFjZXMudjEuUGxhY2VzLlNlYXJjaE5lYXJieRACGAQgAA","google_icon_mask_base_uri":"https://maps.gstatic.com/mapfiles/place_api/icons/v2/generic_pinlet","google_icon_background_color":"#13B5C7","formatted_address":"4H53+72, Paracelis, Mountain Province, Philippines","business_status":"OPERATIONAL","rating":4.6,"user_rating_count":32,"barangay_slug":"anonat","barangay_name":"Anonat"},"geometry":{"type":"Point","coordinates":[121.55261329999999,17.1082711]}},{"type":"Feature","properties":{"name":"Sinamar Burubor","kind":"tourism","kind_label":"Tourism","source":"google_places","google_place_id":"ChIJW2T4LQD1jzMRddzFNlxsyEE","google_primary_type":"hiking_area","google_primary_type_label":"Hiking Area","google_types":["hiking_area","sports_activity_location","point_of_interest","establishment"],"google_maps_uri":"https://maps.google.com/?cid=4740157751119174773&g_mp=Cilnb29nbGUubWFwcy5wbGFjZXMudjEuUGxhY2VzLlNlYXJjaE5lYXJieRACGAQgAA","google_icon_mask_base_uri":"https://maps.gstatic.com/mapfiles/place_api/icons/v2/hiking_pinlet","google_icon_background_color":"#4DB546","formatted_address":"4H75+P4Q, Sinamar, Mountain Province, Philippines","business_status":"OPERATIONAL","rating":null,"user_rating_count":null,"barangay_slug":"anonat","barangay_name":"Anonat"},"geometry":{"type":"Point","coordinates":[121.5578675,17.114336299999998]}},{"type":"Feature","properties":{"name":"Yalida Adventures","kind":"tourism","kind_label":"Tourism","source":"google_places","google_place_id":"ChIJ5xinCq3xjzMRmnABkdosqxM","google_primary_type":"adventure_sports_center","google_primary_type_label":"Adventure Sports Center","google_types":["adventure_sports_center","sports_complex","sports_activity_location","point_of_interest","establishment"],"google_maps_uri":"https://maps.google.com/?cid=1417275824985436314&g_mp=Cilnb29nbGUubWFwcy5wbGFjZXMudjEuUGxhY2VzLlNlYXJjaE5lYXJieRACGAQgAA","google_icon_mask_base_uri":"https://maps.gstatic.com/mapfiles/place_api/icons/v2/generic_pinlet","google_icon_background_color":"#7B9EB0","formatted_address":"4G4F+HC, Anonat, Paracelis, 2625 Mountain Province, Philippines","business_status":"OPERATIONAL","rating":3.6,"user_rating_count":53,"barangay_slug":"anonat","barangay_name":"Anonat"},"geometry":{"type":"Point","coordinates":[121.5235625,17.1064375]}},{"type":"Feature","properties":{"name":"Yalida Peak","kind":"tourism","kind_label":"Tourism","source":"google_places","google_place_id":"ChIJMR_DFgDzjzMRpc5rDUVET4A","google_primary_type":"hiking_area","google_primary_type_label":"Hiking Area","google_types":["hiking_area","sports_activity_location","point_of_interest","establishment"],"google_maps_uri":"https://maps.google.com/?cid=9245683623383518885&g_mp=Cilnb29nbGUubWFwcy5wbGFjZXMudjEuUGxhY2VzLlNlYXJjaE5lYXJieRACGAQgAA","google_icon_mask_base_uri":"https://maps.gstatic.com/mapfiles/place_api/icons/v2/hiking_pinlet","google_icon_background_color":"#4DB546","formatted_address":"4G79+W98, Paracelis, Mountain Province, Philippines","business_status":"OPERATIONAL","rating":5,"user_rating_count":2,"barangay_slug":"anonat","barangay_name":"Anonat"},"geometry":{"type":"Point","coordinates":[121.51845440000001,17.114798]}},{"type":"Feature","properties":{"name":"Assembly of God","kind":"worship","kind_label":"Worship","source":"google_places","google_place_id":"ChIJyQpvpL3zjzMRBtzR7ahqyG8","google_primary_type":"church","google_primary_type_label":"Church","google_types":["church","place_of_worship","association_or_organization","point_of_interest","establishment"],"google_maps_uri":"https://maps.google.com/?cid=8054805207329135622&g_mp=Cilnb29nbGUubWFwcy5wbGFjZXMudjEuUGxhY2VzLlNlYXJjaE5lYXJieRACGAQgAA","google_icon_mask_base_uri":"https://maps.gstatic.com/mapfiles/place_api/icons/v2/worship_christian_pinlet","google_icon_background_color":"#7B9EB0","formatted_address":"4GFC+6VX, Paracelis, Mountain Province, Philippines","business_status":"OPERATIONAL","rating":null,"user_rating_count":null,"barangay_slug":"anonat","barangay_name":"Anonat"},"geometry":{"type":"Point","coordinates":[121.52224849999999,17.1231205]}},{"type":"Feature","properties":{"name":"Community of Christ Damsite Congregation","kind":"worship","kind_label":"Worship","source":"google_places","google_place_id":"ChIJGTmj2PH1jzMRtxS5JflM15o","google_primary_type":"church","google_primary_type_label":"Church","google_types":["church","place_of_worship","association_or_organization","point_of_interest","establishment"],"google_maps_uri":"https://maps.google.com/?cid=11157471234797147319&g_mp=Cidnb29nbGUubWFwcy5wbGFjZXMudjEuUGxhY2VzLlNlYXJjaFRleHQQAhgEIAA","google_icon_mask_base_uri":"https://maps.gstatic.com/mapfiles/place_api/icons/v2/worship_christian_pinlet","google_icon_background_color":"#7B9EB0","formatted_address":"4HM8+292, Paracelis, Mountain Province, Philippines","business_status":"OPERATIONAL","rating":5,"user_rating_count":1,"barangay_slug":"anonat","barangay_name":"Anonat"},"geometry":{"type":"Point","coordinates":[121.56589069999998,17.1325112]}},{"type":"Feature","properties":{"name":"Evangelical Church","kind":"worship","kind_label":"Worship","source":"google_places","google_place_id":"ChIJtYj_WZbzjzMRncfTMdr27wk","google_primary_type":"church","google_primary_type_label":"Church","google_types":["church","place_of_worship","association_or_organization","point_of_interest","establishment"],"google_maps_uri":"https://maps.google.com/?cid=716062282774464413&g_mp=Cilnb29nbGUubWFwcy5wbGFjZXMudjEuUGxhY2VzLlNlYXJjaE5lYXJieRACGAQgAA","google_icon_mask_base_uri":"https://maps.gstatic.com/mapfiles/place_api/icons/v2/worship_christian_pinlet","google_icon_background_color":"#7B9EB0","formatted_address":"4GV7+R78, Paracelis, Mountain Province, Philippines","business_status":"OPERATIONAL","rating":null,"user_rating_count":null,"barangay_slug":"anonat","barangay_name":"Anonat"},"geometry":{"type":"Point","coordinates":[121.5132096,17.1445456]}},{"type":"Feature","properties":{"name":"San Juan Gabriel Perboyre Catholic Church","kind":"worship","kind_label":"Worship","source":"google_places","google_place_id":"ChIJe9pyCcTzjzMR4Xrcx5q0Upg","google_primary_type":"church","google_primary_type_label":"Church","google_types":["church","place_of_worship","association_or_organization","point_of_interest","establishment"],"google_maps_uri":"https://maps.google.com/?cid=10976033818726398689&g_mp=Cilnb29nbGUubWFwcy5wbGFjZXMudjEuUGxhY2VzLlNlYXJjaE5lYXJieRACGAQgAA","google_icon_mask_base_uri":"https://maps.gstatic.com/mapfiles/place_api/icons/v2/worship_christian_pinlet","google_icon_background_color":"#7B9EB0","formatted_address":"4GW8+J4X, Paracelis, Mountain Province, Philippines","business_status":"OPERATIONAL","rating":null,"user_rating_count":null,"barangay_slug":"anonat","barangay_name":"Anonat"},"geometry":{"type":"Point","coordinates":[121.5153739,17.146611699999998]}},{"type":"Feature","properties":{"name":"Simimbaan purok8 anaraar","kind":"worship","kind_label":"Worship","source":"google_places","google_place_id":"ChIJG0Kwzcj3jzMRn2EdhFv71FA","google_primary_type":"church","google_primary_type_label":"Church","google_types":["church","place_of_worship","association_or_organization","point_of_interest","establishment"],"google_maps_uri":"https://maps.google.com/?cid=5824556588574007711&g_mp=Cilnb29nbGUubWFwcy5wbGFjZXMudjEuUGxhY2VzLlNlYXJjaE5lYXJieRACGAQgAA","google_icon_mask_base_uri":"https://maps.gstatic.com/mapfiles/place_api/icons/v2/worship_christian_pinlet","google_icon_background_color":"#7B9EB0","formatted_address":"3HP8+863, Anonat, Paracelis, Mountain Province, Philippines","business_status":"OPERATIONAL","rating":5,"user_rating_count":1,"barangay_slug":"anonat","barangay_name":"Anonat"},"geometry":{"type":"Point","coordinates":[121.5655424,17.085765]}},{"type":"Feature","properties":{"name":"Bacarri National Trade Agricultural School","kind":"business","kind_label":"Business","source":"google_places","google_place_id":"ChIJz4uEsRKTjzMRi9hRLNu-eH4","google_primary_type":null,"google_primary_type_label":null,"google_types":["premise","street_address"],"google_maps_uri":"https://maps.google.com/?cid=9113243694534875275&g_mp=Cidnb29nbGUubWFwcy5wbGFjZXMudjEuUGxhY2VzLlNlYXJjaFRleHQQAhgEIAA","google_icon_mask_base_uri":"https://maps.gstatic.com/mapfiles/place_api/icons/v2/generic_pinlet","google_icon_background_color":"#7B9EB0","formatted_address":"Bacarri National Trade Agricultural School, Paracelis, Mountain Province, Philippines","business_status":null,"rating":null,"user_rating_count":null,"barangay_slug":"bacarni","barangay_name":"Bacarni"},"geometry":{"type":"Point","coordinates":[121.37810549999999,17.2488968]}},{"type":"Feature","properties":{"name":"coliwan sari-sari store","kind":"business","kind_label":"Business","source":"google_places","google_place_id":"ChIJ56tE-ECTjzMR44I9egKteUg","google_primary_type":"store","google_primary_type_label":"Store","google_types":["store","point_of_interest","establishment"],"google_maps_uri":"https://maps.google.com/?cid=5222395469065192163&g_mp=Cilnb29nbGUubWFwcy5wbGFjZXMudjEuUGxhY2VzLlNlYXJjaE5lYXJieRACGAQgAA","google_icon_mask_base_uri":"https://maps.gstatic.com/mapfiles/place_api/icons/v2/shopping_pinlet","google_icon_background_color":"#4B96F3","formatted_address":"Tabuk - Paracelis Rd, Bacarri, Paracelis, 2625 Mountain Province, Philippines","business_status":"OPERATIONAL","rating":null,"user_rating_count":null,"barangay_slug":"bacarni","barangay_name":"Bacarni"},"geometry":{"type":"Point","coordinates":[121.4337324,17.2827076]}},{"type":"Feature","properties":{"name":"Store ni honorata","kind":"business","kind_label":"Business","source":"google_places","google_place_id":"ChIJ15MpVwCTjzMRMwUWg4_3v_Y","google_primary_type":"store","google_primary_type_label":"Store","google_types":["store","point_of_interest","establishment"],"google_maps_uri":"https://maps.google.com/?cid=17780202049633649971&g_mp=Cilnb29nbGUubWFwcy5wbGFjZXMudjEuUGxhY2VzLlNlYXJjaE5lYXJieRACGAQgAA","google_icon_mask_base_uri":"https://maps.gstatic.com/mapfiles/place_api/icons/v2/shopping_pinlet","google_icon_background_color":"#4B96F3","formatted_address":"Bue, Bacarri, Paracelis, Mountain Province, Philippines","business_status":"OPERATIONAL","rating":null,"user_rating_count":null,"barangay_slug":"bacarni","barangay_name":"Bacarni"},"geometry":{"type":"Point","coordinates":[121.40436530000001,17.2610097]}},{"type":"Feature","properties":{"name":"Store ni honorata2","kind":"business","kind_label":"Business","source":"google_places","google_place_id":"ChIJn6n8DgCTjzMReU_MLMxwPx4","google_primary_type":"store","google_primary_type_label":"Store","google_types":["store","point_of_interest","establishment"],"google_maps_uri":"https://maps.google.com/?cid=2179584766897835897&g_mp=Cilnb29nbGUubWFwcy5wbGFjZXMudjEuUGxhY2VzLlNlYXJjaE5lYXJieRACGAQgAA","google_icon_mask_base_uri":"https://maps.gstatic.com/mapfiles/place_api/icons/v2/shopping_pinlet","google_icon_background_color":"#4B96F3","formatted_address":"7C47+PM, Paracelis, Mountain Province, Philippines","business_status":"OPERATIONAL","rating":null,"user_rating_count":null,"barangay_slug":"bacarni","barangay_name":"Bacarni"},"geometry":{"type":"Point","coordinates":[121.4141891,17.256842]}},{"type":"Feature","properties":{"name":"Upper sacacang","kind":"business","kind_label":"Business","source":"google_places","google_place_id":"ChIJA17OFgCTjzMRitZoaNlCxG8","google_primary_type":"home_goods_store","google_primary_type_label":"Home Goods Store","google_types":["home_goods_store","store","point_of_interest","establishment"],"google_maps_uri":"https://maps.google.com/?cid=8053635535172327050&g_mp=Cilnb29nbGUubWFwcy5wbGFjZXMudjEuUGxhY2VzLlNlYXJjaE5lYXJieRACGAQgAA","google_icon_mask_base_uri":"https://maps.gstatic.com/mapfiles/place_api/icons/v2/shopping_pinlet","google_icon_background_color":"#4B96F3","formatted_address":"793Q+CRX, Bacarri, Paracelis, Mountain Province, Philippines","business_status":"OPERATIONAL","rating":null,"user_rating_count":null,"barangay_slug":"bacarni","barangay_name":"Bacarni"},"geometry":{"type":"Point","coordinates":[121.3896024,17.2536172]}},{"type":"Feature","properties":{"name":"A & D Sari-Sari Store","kind":"market","kind_label":"Market","source":"google_places","google_place_id":"ChIJ3e8nphGSjzMR1mDBsNzQc4E","google_primary_type":"grocery_store","google_primary_type_label":"Grocery Store","google_types":["grocery_store","food_store","store","point_of_interest","food","establishment"],"google_maps_uri":"https://maps.google.com/?cid=9328028899491274966&g_mp=Cilnb29nbGUubWFwcy5wbGFjZXMudjEuUGxhY2VzLlNlYXJjaE5lYXJieRACGAQgAA","google_icon_mask_base_uri":"https://maps.gstatic.com/mapfiles/place_api/icons/v2/shoppingcart_pinlet","google_icon_background_color":"#4B96F3","formatted_address":"Paracelis, Mountain Province, Philippines","business_status":"OPERATIONAL","rating":null,"user_rating_count":null,"barangay_slug":"bacarni","barangay_name":"Bacarni"},"geometry":{"type":"Point","coordinates":[121.43155920000001,17.2786892]}},{"type":"Feature","properties":{"name":"Ful-Ace Variety Store","kind":"market","kind_label":"Market","source":"google_places","google_place_id":"ChIJO6zHXQCTjzMRftyS1Hbn8LI","google_primary_type":"general_store","google_primary_type_label":"General Store","google_types":["general_store","food_store","store","point_of_interest","food","establishment"],"google_maps_uri":"https://maps.google.com/?cid=12894060230720281726&g_mp=Cilnb29nbGUubWFwcy5wbGFjZXMudjEuUGxhY2VzLlNlYXJjaE5lYXJieRACGAQgAA","google_icon_mask_base_uri":"https://maps.gstatic.com/mapfiles/place_api/icons/v2/shopping_pinlet","google_icon_background_color":"#4B96F3","formatted_address":"793Q+CR, Paracelis, Mountain Province, Philippines","business_status":"OPERATIONAL","rating":null,"user_rating_count":null,"barangay_slug":"bacarni","barangay_name":"Bacarni"},"geometry":{"type":"Point","coordinates":[121.38961750000001,17.2535788]}},{"type":"Feature","properties":{"name":"Store ni Ola","kind":"market","kind_label":"Market","source":"google_places","google_place_id":"ChIJ2812kH-TjzMR3NNQWuIHDEQ","google_primary_type":"convenience_store","google_primary_type_label":"Convenience Store","google_types":["convenience_store","food_store","store","point_of_interest","food","establishment"],"google_maps_uri":"https://maps.google.com/?cid=4903302763058877404&g_mp=Cilnb29nbGUubWFwcy5wbGFjZXMudjEuUGxhY2VzLlNlYXJjaE5lYXJieRACGAQgAA","google_icon_mask_base_uri":"https://maps.gstatic.com/mapfiles/place_api/icons/v2/convenience_pinlet","google_icon_background_color":"#4B96F3","formatted_address":"Dabburab, Paracelis, 2625 Mountain Province, Philippines","business_status":"OPERATIONAL","rating":null,"user_rating_count":null,"barangay_slug":"bacarni","barangay_name":"Bacarni"},"geometry":{"type":"Point","coordinates":[121.42117019999999,17.2432181]}},{"type":"Feature","properties":{"name":"Bacarri Elementary School","kind":"school","kind_label":"School","source":"google_places","google_place_id":"ChIJ3Q1t7CCTjzMR-jw3uAr1nbs","google_primary_type":"primary_school","google_primary_type_label":"Elementary School","google_types":["primary_school","school","educational_institution","point_of_interest","establishment"],"google_maps_uri":"https://maps.google.com/?cid=13519231082825202938&g_mp=Cilnb29nbGUubWFwcy5wbGFjZXMudjEuUGxhY2VzLlNlYXJjaE5lYXJieRACGAQgAA","google_icon_mask_base_uri":"https://maps.gstatic.com/mapfiles/place_api/icons/v2/school_pinlet","google_icon_background_color":"#7B9EB0","formatted_address":"69XP+V4W, Unnamed Road, Paracelis, Mountain Province, Philippines","business_status":"OPERATIONAL","rating":null,"user_rating_count":null,"barangay_slug":"bacarni","barangay_name":"Bacarni"},"geometry":{"type":"Point","coordinates":[121.38534220000001,17.2497473]}},{"type":"Feature","properties":{"name":"BNTAS (Bacarri National Trade and Agricultural School)","kind":"school","kind_label":"School","source":"google_places","google_place_id":"ChIJVWsa-hiTjzMRqIQRMgkTha0","google_primary_type":"secondary_school","google_primary_type_label":"High school","google_types":["secondary_school","school","educational_institution","point_of_interest","establishment"],"google_maps_uri":"https://maps.google.com/?cid=12503420870679692456&g_mp=Cilnb29nbGUubWFwcy5wbGFjZXMudjEuUGxhY2VzLlNlYXJjaE5lYXJieRACGAQgAA","google_icon_mask_base_uri":"https://maps.gstatic.com/mapfiles/place_api/icons/v2/school_pinlet","google_icon_background_color":"#7B9EB0","formatted_address":"Bacarri, 69XG+CV2, Paracelis, Mountain Province, Philippines","business_status":"OPERATIONAL","rating":null,"user_rating_count":null,"barangay_slug":"bacarni","barangay_name":"Bacarni"},"geometry":{"type":"Point","coordinates":[121.37713689999998,17.2485086]}},{"type":"Feature","properties":{"name":"Maclinic Elementary School","kind":"school","kind_label":"School","source":"google_places","google_place_id":"ChIJKTkVA7OTjzMRZKL_mdQlHa0","google_primary_type":"primary_school","google_primary_type_label":"Elementary School","google_types":["primary_school","school","educational_institution","point_of_interest","establishment"],"google_maps_uri":"https://maps.google.com/?cid=12474168137933103716&g_mp=Cilnb29nbGUubWFwcy5wbGFjZXMudjEuUGxhY2VzLlNlYXJjaE5lYXJieRACGAQgAA","google_icon_mask_base_uri":"https://maps.gstatic.com/mapfiles/place_api/icons/v2/school_pinlet","google_icon_background_color":"#7B9EB0","formatted_address":"Dabburab Bacarri, Paracelis, 2625 Mountain Province, Philippines","business_status":"OPERATIONAL","rating":null,"user_rating_count":null,"barangay_slug":"bacarni","barangay_name":"Bacarni"},"geometry":{"type":"Point","coordinates":[121.4170723,17.2346237]}},{"type":"Feature","properties":{"name":"Marallag Elementary School","kind":"school","kind_label":"School","source":"google_places","google_place_id":"ChIJ84DDOCKTjzMRTEDDuJqdNGg","google_primary_type":"primary_school","google_primary_type_label":"Elementary School","google_types":["primary_school","school","educational_institution","point_of_interest","establishment"],"google_maps_uri":"https://maps.google.com/?cid=7508799766583787596&g_mp=Cilnb29nbGUubWFwcy5wbGFjZXMudjEuUGxhY2VzLlNlYXJjaE5lYXJieRACGAQgAA","google_icon_mask_base_uri":"https://maps.gstatic.com/mapfiles/place_api/icons/v2/school_pinlet","google_icon_background_color":"#7B9EB0","formatted_address":"7C7P+J5, Bacarri, Paracelis, Mountain Province, Philippines","business_status":"OPERATIONAL","rating":null,"user_rating_count":null,"barangay_slug":"bacarni","barangay_name":"Bacarni"},"geometry":{"type":"Point","coordinates":[121.4354786,17.264107199999998]}},{"type":"Feature","properties":{"name":"San Emilio Elementary School","kind":"school","kind_label":"School","source":"google_places","google_place_id":"ChIJeXp7tMuTjzMRfefeyeO9c0Q","google_primary_type":"primary_school","google_primary_type_label":"Elementary School","google_types":["primary_school","school","educational_institution","point_of_interest","establishment"],"google_maps_uri":"https://maps.google.com/?cid=4932494802942879613&g_mp=Cilnb29nbGUubWFwcy5wbGFjZXMudjEuUGxhY2VzLlNlYXJjaE5lYXJieRACGAQgAA","google_icon_mask_base_uri":"https://maps.gstatic.com/mapfiles/place_api/icons/v2/school_pinlet","google_icon_background_color":"#7B9EB0","formatted_address":"7C63+4GG, Unnamed Road, Paracelis, Mountain Province, Philippines","business_status":"OPERATIONAL","rating":null,"user_rating_count":null,"barangay_slug":"bacarni","barangay_name":"Bacarni"},"geometry":{"type":"Point","coordinates":[121.4038186,17.2603176]}},{"type":"Feature","properties":{"name":"San Emilio ES Baay Extension","kind":"school","kind_label":"School","source":"google_places","google_place_id":"ChIJw_MEFQCTjzMRqZdLMzQ0cuo","google_primary_type":"primary_school","google_primary_type_label":"Elementary School","google_types":["primary_school","school","educational_institution","point_of_interest","establishment"],"google_maps_uri":"https://maps.google.com/?cid=16893622551023687593&g_mp=Cilnb29nbGUubWFwcy5wbGFjZXMudjEuUGxhY2VzLlNlYXJjaE5lYXJieRACGAQgAA","google_icon_mask_base_uri":"https://maps.gstatic.com/mapfiles/place_api/icons/v2/school_pinlet","google_icon_background_color":"#7B9EB0","formatted_address":"6CW3+V6, Paracelis, Mountain Province, Philippines","business_status":"OPERATIONAL","rating":null,"user_rating_count":null,"barangay_slug":"bacarni","barangay_name":"Bacarni"},"geometry":{"type":"Point","coordinates":[121.403016,17.247184999999998]}},{"type":"Feature","properties":{"name":"Bautista's residence","kind":"tourism","kind_label":"Tourism","source":"google_places","google_place_id":"ChIJZSg4dQCTjzMRGmmP1xJXqU8","google_primary_type":"campground","google_primary_type_label":"Campground","google_types":["campground","lodging","point_of_interest","establishment"],"google_maps_uri":"https://maps.google.com/?cid=5740214938497935642&g_mp=Cilnb29nbGUubWFwcy5wbGFjZXMudjEuUGxhY2VzLlNlYXJjaE5lYXJieRACGAQgAA","google_icon_mask_base_uri":"https://maps.gstatic.com/mapfiles/place_api/icons/v2/camping_pinlet","google_icon_background_color":"#4DB546","formatted_address":"7C53+RP5, Bacarri, Paracelis, Mountain Province, Philippines","business_status":"OPERATIONAL","rating":null,"user_rating_count":null,"barangay_slug":"bacarni","barangay_name":"Bacarni"},"geometry":{"type":"Point","coordinates":[121.40435419999999,17.2595137]}},{"type":"Feature","properties":{"name":"Centro Genesis","kind":"worship","kind_label":"Worship","source":"google_places","google_place_id":"ChIJTdBaPwCNjzMRwrYa7FkHlT8","google_primary_type":"church","google_primary_type_label":"Church","google_types":["church","place_of_worship","association_or_organization","point_of_interest","establishment"],"google_maps_uri":"https://maps.google.com/?cid=4581576278714005186&g_mp=Cilnb29nbGUubWFwcy5wbGFjZXMudjEuUGxhY2VzLlNlYXJjaE5lYXJieRACGAQgAA","google_icon_mask_base_uri":"https://maps.gstatic.com/mapfiles/place_api/icons/v2/worship_christian_pinlet","google_icon_background_color":"#7B9EB0","formatted_address":"Sabalan, Bacarri, Paracelis, Mountain Province, Philippines","business_status":"OPERATIONAL","rating":null,"user_rating_count":null,"barangay_slug":"bacarni","barangay_name":"Bacarni"},"geometry":{"type":"Point","coordinates":[121.4502667,17.2877]}},{"type":"Feature","properties":{"name":"UCCP, Wala","kind":"worship","kind_label":"Worship","source":"google_places","google_place_id":"ChIJ7fQ8SgCTjzMRXYJSLF8glMU","google_primary_type":"church","google_primary_type_label":"Church","google_types":["church","place_of_worship","association_or_organization","point_of_interest","establishment"],"google_maps_uri":"https://maps.google.com/?cid=14237039915162567261&g_mp=Cilnb29nbGUubWFwcy5wbGFjZXMudjEuUGxhY2VzLlNlYXJjaE5lYXJieRACGAQgAA","google_icon_mask_base_uri":"https://maps.gstatic.com/mapfiles/place_api/icons/v2/worship_christian_pinlet","google_icon_background_color":"#7B9EB0","formatted_address":"7CC6+48M Wala, Bacarri, Paracelis, Mountain Province, Philippines","business_status":"OPERATIONAL","rating":5,"user_rating_count":1,"barangay_slug":"bacarni","barangay_name":"Bacarni"},"geometry":{"type":"Point","coordinates":[121.41080860000001,17.2703466]}},{"type":"Feature","properties":{"name":"ANGELICA STORE","kind":"business","kind_label":"Business","source":"google_places","google_place_id":"ChIJ4Z_c2Q_ujzMRxDe_e0Dq2Cw","google_primary_type":"point_of_interest","google_primary_type_label":"Point of interest","google_types":["point_of_interest","establishment"],"google_maps_uri":"https://maps.google.com/?cid=3231590295313266628&g_mp=Cidnb29nbGUubWFwcy5wbGFjZXMudjEuUGxhY2VzLlNlYXJjaFRleHQQAhgEIAA","google_icon_mask_base_uri":"https://maps.gstatic.com/mapfiles/place_api/icons/v2/generic_pinlet","google_icon_background_color":"#7B9EB0","formatted_address":"Paracelis, Mountain Province, Philippines","business_status":"OPERATIONAL","rating":null,"user_rating_count":null,"barangay_slug":"bananao","barangay_name":"Bananao"},"geometry":{"type":"Point","coordinates":[121.43208589999999,17.1142146]}},{"type":"Feature","properties":{"name":"Paracelis Green Banana Flour Processing","kind":"business","kind_label":"Business","source":"google_places","google_place_id":"ChIJ0w64ohXtjzMRgpEZ8M6hK3s","google_primary_type":"manufacturer","google_primary_type_label":"Manufacturer","google_types":["manufacturer","point_of_interest","establishment"],"google_maps_uri":"https://maps.google.com/?cid=8875365400827236738&g_mp=Cidnb29nbGUubWFwcy5wbGFjZXMudjEuUGxhY2VzLlNlYXJjaFRleHQQAhgEIAA","google_icon_mask_base_uri":"https://maps.gstatic.com/mapfiles/place_api/icons/v2/generic_pinlet","google_icon_background_color":"#7B9EB0","formatted_address":"Arumoy, Paracelis, 2625 Mountain Province, Philippines","business_status":"OPERATIONAL","rating":null,"user_rating_count":null,"barangay_slug":"bananao","barangay_name":"Bananao"},"geometry":{"type":"Point","coordinates":[121.428904,17.1280997]}},{"type":"Feature","properties":{"name":"San Rafael Bananao paracelis mountain province","kind":"business","kind_label":"Business","source":"google_places","google_place_id":"ChIJPXmvfwDtjzMRBKV0fTuTVvg","google_primary_type":"service","google_primary_type_label":"Services","google_types":["service","point_of_interest","establishment"],"google_maps_uri":"https://maps.google.com/?cid=17894652053120394500&g_mp=Cidnb29nbGUubWFwcy5wbGFjZXMudjEuUGxhY2VzLlNlYXJjaFRleHQQAhgEIAA","google_icon_mask_base_uri":"https://maps.gstatic.com/mapfiles/place_api/icons/v2/generic_pinlet","google_icon_background_color":"#7B9EB0","formatted_address":"4CGH+8XP, Lista - Paracelis Rd, Paracelis, Mountain Province, Philippines","business_status":"OPERATIONAL","rating":null,"user_rating_count":null,"barangay_slug":"bananao","barangay_name":"Bananao"},"geometry":{"type":"Point","coordinates":[121.42993919999999,17.1258354]}},{"type":"Feature","properties":{"name":"Aiza Edduba Store","kind":"market","kind_label":"Market","source":"google_places","google_place_id":"ChIJH_YkLgDvjzMR_Vd2aUgO7Bk","google_primary_type":"convenience_store","google_primary_type_label":"Convenience Store","google_types":["convenience_store","food_store","store","point_of_interest","food","establishment"],"google_maps_uri":"https://maps.google.com/?cid=1867883649621710845&g_mp=Cilnb29nbGUubWFwcy5wbGFjZXMudjEuUGxhY2VzLlNlYXJjaE5lYXJieRACGAQgAA","google_icon_mask_base_uri":"https://maps.gstatic.com/mapfiles/place_api/icons/v2/convenience_pinlet","google_icon_background_color":"#4B96F3","formatted_address":"4CCM+WVV Proper, Paracelis, Mountain Province, Philippines","business_status":"OPERATIONAL","rating":null,"user_rating_count":null,"barangay_slug":"bananao","barangay_name":"Bananao"},"geometry":{"type":"Point","coordinates":[121.4346686,17.1223709]}},{"type":"Feature","properties":{"name":"Bucatan Sari - Sari Store","kind":"market","kind_label":"Market","source":"google_places","google_place_id":"ChIJk7FggBzujzMRMtiWmIAtXM0","google_primary_type":"grocery_store","google_primary_type_label":"Grocery Store","google_types":["grocery_store","food_store","store","point_of_interest","food","establishment"],"google_maps_uri":"https://maps.google.com/?cid=14797752505971693618&g_mp=Cilnb29nbGUubWFwcy5wbGFjZXMudjEuUGxhY2VzLlNlYXJjaE5lYXJieRACGAQgAA","google_icon_mask_base_uri":"https://maps.gstatic.com/mapfiles/place_api/icons/v2/shoppingcart_pinlet","google_icon_background_color":"#4B96F3","formatted_address":"Paracelis, Mountain Province, Philippines","business_status":"OPERATIONAL","rating":4.6,"user_rating_count":5,"barangay_slug":"bananao","barangay_name":"Bananao"},"geometry":{"type":"Point","coordinates":[121.44006189999999,17.1100751]}},{"type":"Feature","properties":{"name":"Bananao Elementary School","kind":"school","kind_label":"School","source":"google_places","google_place_id":"ChIJFbHHKwTujzMRFdf1Dvbs2OM","google_primary_type":"primary_school","google_primary_type_label":"Elementary School","google_types":["primary_school","school","educational_institution","point_of_interest","establishment"],"google_maps_uri":"https://maps.google.com/?cid=16418132983136245525&g_mp=Cilnb29nbGUubWFwcy5wbGFjZXMudjEuUGxhY2VzLlNlYXJjaE5lYXJieRACGAQgAA","google_icon_mask_base_uri":"https://maps.gstatic.com/mapfiles/place_api/icons/v2/school_pinlet","google_icon_background_color":"#7B9EB0","formatted_address":"4C9P+6XQ, Paracelis, Mountain Province, Philippines","business_status":"OPERATIONAL","rating":null,"user_rating_count":null,"barangay_slug":"bananao","barangay_name":"Bananao"},"geometry":{"type":"Point","coordinates":[121.43748029999998,17.1180993]}},{"type":"Feature","properties":{"name":"San Rafael Elementary School","kind":"school","kind_label":"School","source":"google_places","google_place_id":"ChIJl3P_6hvujzMRLx0J5wBiThk","google_primary_type":"primary_school","google_primary_type_label":"Elementary School","google_types":["primary_school","school","educational_institution","point_of_interest","establishment"],"google_maps_uri":"https://maps.google.com/?cid=1823502655147285807&g_mp=Cilnb29nbGUubWFwcy5wbGFjZXMudjEuUGxhY2VzLlNlYXJjaE5lYXJieRACGAQgAA","google_icon_mask_base_uri":"https://maps.gstatic.com/mapfiles/place_api/icons/v2/school_pinlet","google_icon_background_color":"#7B9EB0","formatted_address":"4C5Q+GC5, Lista - Paracelis Rd, Paracelis, Mountain Province, Philippines","business_status":"OPERATIONAL","rating":null,"user_rating_count":null,"barangay_slug":"bananao","barangay_name":"Bananao"},"geometry":{"type":"Point","coordinates":[121.438616,17.108761899999998]}},{"type":"Feature","properties":{"name":"San Rafael National High School","kind":"school","kind_label":"School","source":"google_places","google_place_id":"ChIJFd4LyRvujzMRHru8uUY6LaU","google_primary_type":"secondary_school","google_primary_type_label":"High school","google_types":["secondary_school","school","educational_institution","point_of_interest","establishment"],"google_maps_uri":"https://maps.google.com/?cid=11902233465648364318&g_mp=Cilnb29nbGUubWFwcy5wbGFjZXMudjEuUGxhY2VzLlNlYXJjaE5lYXJieRACGAQgAA","google_icon_mask_base_uri":"https://maps.gstatic.com/mapfiles/place_api/icons/v2/school_pinlet","google_icon_background_color":"#7B9EB0","formatted_address":"4C5P+JX5, Lista - Paracelis Rd, Paracelis, Mountain Province, Philippines","business_status":"OPERATIONAL","rating":null,"user_rating_count":null,"barangay_slug":"bananao","barangay_name":"Bananao"},"geometry":{"type":"Point","coordinates":[121.437484,17.1090163]}},{"type":"Feature","properties":{"name":"Marc Gasoline Station","kind":"transport","kind_label":"Transport","source":"google_places","google_place_id":"ChIJRQFZcBDujzMRSWc4Zm_Nei4","google_primary_type":"gas_station","google_primary_type_label":"Gas Station","google_types":["gas_station","point_of_interest","service","establishment"],"google_maps_uri":"https://maps.google.com/?cid=3349215151243421513&g_mp=Cilnb29nbGUubWFwcy5wbGFjZXMudjEuUGxhY2VzLlNlYXJjaE5lYXJieRACGAQgAA","google_icon_mask_base_uri":"https://maps.gstatic.com/mapfiles/place_api/icons/v2/gas_pinlet","google_icon_background_color":"#909CE1","formatted_address":"Paracelis, Mountain Province, Philippines","business_status":"OPERATIONAL","rating":5,"user_rating_count":1,"barangay_slug":"bananao","barangay_name":"Bananao"},"geometry":{"type":"Point","coordinates":[121.43365539999999,17.1118239]}},{"type":"Feature","properties":{"name":"HECA Church","kind":"worship","kind_label":"Worship","source":"google_places","google_place_id":"ChIJi7HxohvujzMR_6cwlzMgknA","google_primary_type":"church","google_primary_type_label":"Church","google_types":["church","place_of_worship","association_or_organization","point_of_interest","establishment"],"google_maps_uri":"https://maps.google.com/?cid=8111581284799653887&g_mp=Cilnb29nbGUubWFwcy5wbGFjZXMudjEuUGxhY2VzLlNlYXJjaE5lYXJieRACGAQgAA","google_icon_mask_base_uri":"https://maps.gstatic.com/mapfiles/place_api/icons/v2/worship_christian_pinlet","google_icon_background_color":"#7B9EB0","formatted_address":"4C5Q+W82, Lista - Paracelis Rd, Paracelis, Mountain Province, Philippines","business_status":"OPERATIONAL","rating":4,"user_rating_count":1,"barangay_slug":"bananao","barangay_name":"Bananao"},"geometry":{"type":"Point","coordinates":[121.43827429999999,17.1097674]}},{"type":"Feature","properties":{"name":"Methodist","kind":"worship","kind_label":"Worship","source":"google_places","google_place_id":"ChIJhVuh0orvjzMRYpT9j2rd2MU","google_primary_type":"church","google_primary_type_label":"Church","google_types":["church","place_of_worship","association_or_organization","point_of_interest","establishment"],"google_maps_uri":"https://maps.google.com/?cid=14256388070193337442&g_mp=Cilnb29nbGUubWFwcy5wbGFjZXMudjEuUGxhY2VzLlNlYXJjaE5lYXJieRACGAQgAA","google_icon_mask_base_uri":"https://maps.gstatic.com/mapfiles/place_api/icons/v2/worship_christian_pinlet","google_icon_background_color":"#7B9EB0","formatted_address":"4C8P+XPM, Bananao Access Rd, Paracelis, Mountain Province, Philippines","business_status":"OPERATIONAL","rating":null,"user_rating_count":null,"barangay_slug":"bananao","barangay_name":"Bananao"},"geometry":{"type":"Point","coordinates":[121.4367914,17.1174539]}},{"type":"Feature","properties":{"name":"3ple J Variety Store/ Motorshop","kind":"business","kind_label":"Business","source":"google_places","google_place_id":"ChIJOd9JlpHtjzMR3nTRWgxuRQY","google_primary_type":"store","google_primary_type_label":"Store","google_types":["store","point_of_interest","establishment"],"google_maps_uri":"https://maps.google.com/?cid=451888336962942174&g_mp=Cilnb29nbGUubWFwcy5wbGFjZXMudjEuUGxhY2VzLlNlYXJjaE5lYXJieRACGAQgAA","google_icon_mask_base_uri":"https://maps.gstatic.com/mapfiles/place_api/icons/v2/shopping_pinlet","google_icon_background_color":"#4B96F3","formatted_address":"Labay, Paracelis, 2625 Mountain Province, Philippines","business_status":"OPERATIONAL","rating":null,"user_rating_count":null,"barangay_slug":"bantay","barangay_name":"Bantay"},"geometry":{"type":"Point","coordinates":[121.42024500000001,17.187932999999997]}},{"type":"Feature","properties":{"name":"Dulnuan's Computer Services","kind":"business","kind_label":"Business","source":"google_places","google_place_id":"ChIJEVUVI-DtjzMRPP7DDFaejcQ","google_primary_type":"internet_cafe","google_primary_type_label":"Internet Cafe","google_types":["internet_cafe","service","point_of_interest","establishment"],"google_maps_uri":"https://maps.google.com/?cid=14163150495568625212&g_mp=Cidnb29nbGUubWFwcy5wbGFjZXMudjEuUGxhY2VzLlNlYXJjaFRleHQQAhgEIAA","google_icon_mask_base_uri":"https://maps.gstatic.com/mapfiles/place_api/icons/v2/generic_pinlet","google_icon_background_color":"#7B9EB0","formatted_address":"Bantay, Labay, Paracelis, Mountain Province, Philippines","business_status":"OPERATIONAL","rating":5,"user_rating_count":1,"barangay_slug":"bantay","barangay_name":"Bantay"},"geometry":{"type":"Point","coordinates":[121.4119341,17.183959599999998]}},{"type":"Feature","properties":{"name":"Dulnuan's Snack House","kind":"business","kind_label":"Business","source":"google_places","google_place_id":"ChIJH0ZzwBDtjzMREdNUYY7zyXk","google_primary_type":"restaurant","google_primary_type_label":"Restaurant","google_types":["restaurant","food","point_of_interest","establishment"],"google_maps_uri":"https://maps.google.com/?cid=8775813141751976721&g_mp=Cilnb29nbGUubWFwcy5wbGFjZXMudjEuUGxhY2VzLlNlYXJjaE5lYXJieRACGAQgAA","google_icon_mask_base_uri":"https://maps.gstatic.com/mapfiles/place_api/icons/v2/restaurant_pinlet","google_icon_background_color":"#FF9E67","formatted_address":"Paracelis, Mountain Province, Philippines","business_status":"OPERATIONAL","rating":null,"user_rating_count":null,"barangay_slug":"bantay","barangay_name":"Bantay"},"geometry":{"type":"Point","coordinates":[121.41277059999997,17.184302799999998]}},{"type":"Feature","properties":{"name":"kyrie pot cafe","kind":"business","kind_label":"Business","source":"google_places","google_place_id":"ChIJRWbAMwDtjzMRRPuDzLoFRRM","google_primary_type":"cafe","google_primary_type_label":"Cafe","google_types":["cafe","food","point_of_interest","establishment"],"google_maps_uri":"https://maps.google.com/?cid=1388522359966923588&g_mp=Cilnb29nbGUubWFwcy5wbGFjZXMudjEuUGxhY2VzLlNlYXJjaE5lYXJieRACGAQgAA","google_icon_mask_base_uri":"https://maps.gstatic.com/mapfiles/place_api/icons/v2/cafe_pinlet","google_icon_background_color":"#FF9E67","formatted_address":"5CM7+XC6 Bantay, Paracelis, Mountain Province, Philippines","business_status":"OPERATIONAL","rating":null,"user_rating_count":null,"barangay_slug":"bantay","barangay_name":"Bantay"},"geometry":{"type":"Point","coordinates":[121.41351009999998,17.184901699999998]}},{"type":"Feature","properties":{"name":"Mazi Motor Parts and Services","kind":"business","kind_label":"Business","source":"google_places","google_place_id":"ChIJZQTlnEftjzMRb84x7H5xQQ8","google_primary_type":"service","google_primary_type_label":"Services","google_types":["point_of_interest","service","establishment"],"google_maps_uri":"https://maps.google.com/?cid=1099284573997616751&g_mp=Cidnb29nbGUubWFwcy5wbGFjZXMudjEuUGxhY2VzLlNlYXJjaFRleHQQAhgEIAA","google_icon_mask_base_uri":"https://maps.gstatic.com/mapfiles/place_api/icons/v2/generic_pinlet","google_icon_background_color":"#7B9EB0","formatted_address":"Labay, Paracelis, 2625 Mountain Province, Philippines","business_status":"OPERATIONAL","rating":null,"user_rating_count":null,"barangay_slug":"bantay","barangay_name":"Bantay"},"geometry":{"type":"Point","coordinates":[121.4116118,17.1840997]}},{"type":"Feature","properties":{"name":"Papa Jack's Sari sari store","kind":"business","kind_label":"Business","source":"google_places","google_place_id":"ChIJ83yaFADtjzMRoD1z6qTj8kQ","google_primary_type":"apartment_building","google_primary_type_label":"Apartment Building","google_types":["apartment_building","point_of_interest","service","establishment"],"google_maps_uri":"https://maps.google.com/?cid=4968283636390641056&g_mp=Cidnb29nbGUubWFwcy5wbGFjZXMudjEuUGxhY2VzLlNlYXJjaFRleHQQAhgEIAA","google_icon_mask_base_uri":"https://maps.gstatic.com/mapfiles/place_api/icons/v2/generic_pinlet","google_icon_background_color":"#7B9EB0","formatted_address":"6C63+227, Poblacion, Paracelis, Mountain Province, Philippines","business_status":"OPERATIONAL","rating":5,"user_rating_count":1,"barangay_slug":"bantay","barangay_name":"Bantay"},"geometry":{"type":"Point","coordinates":[121.40254639999999,17.2100412]}},{"type":"Feature","properties":{"name":"Paracelis Mountain Province","kind":"business","kind_label":"Business","source":"google_places","google_place_id":"ChIJ594PGwDxjzMRJCd0BLN64qs","google_primary_type":"association_or_organization","google_primary_type_label":"Association / Organization","google_types":["association_or_organization","point_of_interest","establishment"],"google_maps_uri":"https://maps.google.com/?cid=12385596834514741028&g_mp=Cidnb29nbGUubWFwcy5wbGFjZXMudjEuUGxhY2VzLlNlYXJjaFRleHQQAhgEIAA","google_icon_mask_base_uri":"https://maps.gstatic.com/mapfiles/place_api/icons/v2/generic_pinlet","google_icon_background_color":"#7B9EB0","formatted_address":"696X+9FJ, Paracelis, Mountain Province, Philippines","business_status":"OPERATIONAL","rating":3,"user_rating_count":2,"barangay_slug":"bantay","barangay_name":"Bantay"},"geometry":{"type":"Point","coordinates":[121.39865520000001,17.210971999999998]}},{"type":"Feature","properties":{"name":"Paracelis Technical and Vocational High School","kind":"business","kind_label":"Business","source":"google_places","google_place_id":"ChIJcSO3MRftjzMR_q8-TYFtcl4","google_primary_type":null,"google_primary_type_label":null,"google_types":["premise","street_address"],"google_maps_uri":"https://maps.google.com/?cid=6805622389024403454&g_mp=Cidnb29nbGUubWFwcy5wbGFjZXMudjEuUGxhY2VzLlNlYXJjaFRleHQQAhgEIAA","google_icon_mask_base_uri":"https://maps.gstatic.com/mapfiles/place_api/icons/v2/generic_pinlet","google_icon_background_color":"#7B9EB0","formatted_address":"Paracelis Technical and Vocational High School, Paracelis, Mountain Province, Philippines","business_status":null,"rating":null,"user_rating_count":null,"barangay_slug":"bantay","barangay_name":"Bantay"},"geometry":{"type":"Point","coordinates":[121.4136526,17.185847799999998]}},{"type":"Feature","properties":{"name":"Printopia by M.R","kind":"business","kind_label":"Business","source":"google_places","google_place_id":"ChIJ7bn9ccPtjzMRevCE5AQXwxs","google_primary_type":"manufacturer","google_primary_type_label":"Manufacturer","google_types":["manufacturer","service","store","point_of_interest","establishment"],"google_maps_uri":"https://maps.google.com/?cid=2000467969263857786&g_mp=Cilnb29nbGUubWFwcy5wbGFjZXMudjEuUGxhY2VzLlNlYXJjaE5lYXJieRACGAQgAA","google_icon_mask_base_uri":"https://maps.gstatic.com/mapfiles/place_api/icons/v2/shopping_pinlet","google_icon_background_color":"#4B96F3","formatted_address":"Bitufut, Labay, Bantay, Paracelis, 2625 Mountain Province, Philippines","business_status":"OPERATIONAL","rating":null,"user_rating_count":null,"barangay_slug":"bantay","barangay_name":"Bantay"},"geometry":{"type":"Point","coordinates":[121.4379223,17.193939900000004]}},{"type":"Feature","properties":{"name":"SGN DRY GOODS STORE","kind":"business","kind_label":"Business","source":"google_places","google_place_id":"ChIJHUmpZbTtjzMRBiOPAnBw7FU","google_primary_type":"home_goods_store","google_primary_type_label":"Home Goods Store","google_types":["home_goods_store","store","point_of_interest","establishment"],"google_maps_uri":"https://maps.google.com/?cid=6191447214109172486&g_mp=Cilnb29nbGUubWFwcy5wbGFjZXMudjEuUGxhY2VzLlNlYXJjaE5lYXJieRACGAQgAA","google_icon_mask_base_uri":"https://maps.gstatic.com/mapfiles/place_api/icons/v2/shopping_pinlet","google_icon_background_color":"#4B96F3","formatted_address":"Labay, Paracelis, 2625 Mountain Province, Philippines","business_status":"OPERATIONAL","rating":null,"user_rating_count":null,"barangay_slug":"bantay","barangay_name":"Bantay"},"geometry":{"type":"Point","coordinates":[121.41279420000001,17.184691400000002]}},{"type":"Feature","properties":{"name":"Alyana Variety Store","kind":"market","kind_label":"Market","source":"google_places","google_place_id":"ChIJoyaBCADtjzMRbNQ6kvf5Z6U","google_primary_type":"convenience_store","google_primary_type_label":"Convenience Store","google_types":["convenience_store","food_store","food","point_of_interest","store","establishment"],"google_maps_uri":"https://maps.google.com/?cid=11918769780564874348&g_mp=Cilnb29nbGUubWFwcy5wbGFjZXMudjEuUGxhY2VzLlNlYXJjaE5lYXJieRACGAQgAA","google_icon_mask_base_uri":"https://maps.gstatic.com/mapfiles/place_api/icons/v2/convenience_pinlet","google_icon_background_color":"#4B96F3","formatted_address":"5CP8+CG3 Bantay, Paracelis, Mountain Province, Philippines","business_status":"OPERATIONAL","rating":null,"user_rating_count":null,"barangay_slug":"bantay","barangay_name":"Bantay"},"geometry":{"type":"Point","coordinates":[121.4163016,17.1860191]}},{"type":"Feature","properties":{"name":"Ellet’s Store, Labay, Bantay, Paracelis, Mountain Province","kind":"market","kind_label":"Market","source":"google_places","google_place_id":"ChIJhT_yAgDtjzMR63Ve6tk5Y40","google_primary_type":"grocery_store","google_primary_type_label":"Grocery Store","google_types":["grocery_store","food_store","store","point_of_interest","food","establishment"],"google_maps_uri":"https://maps.google.com/?cid=10188050390144939499&g_mp=Cilnb29nbGUubWFwcy5wbGFjZXMudjEuUGxhY2VzLlNlYXJjaE5lYXJieRACGAQgAA","google_icon_mask_base_uri":"https://maps.gstatic.com/mapfiles/place_api/icons/v2/shoppingcart_pinlet","google_icon_background_color":"#4B96F3","formatted_address":"5CRJ+XRR Ellet’s Store, Labay, Bantay, Paracelis, Mountain Province, Philippines","business_status":"OPERATIONAL","rating":null,"user_rating_count":null,"barangay_slug":"bantay","barangay_name":"Bantay"},"geometry":{"type":"Point","coordinates":[121.4320201,17.1924995]}},{"type":"Feature","properties":{"name":"Lander's Sari-sari store","kind":"market","kind_label":"Market","source":"google_places","google_place_id":"ChIJS8wVBQDtjzMRQxK01dhn9HI","google_primary_type":"convenience_store","google_primary_type_label":"Convenience Store","google_types":["convenience_store","food_store","store","point_of_interest","food","establishment"],"google_maps_uri":"https://maps.google.com/?cid=8283359795637129795&g_mp=Cilnb29nbGUubWFwcy5wbGFjZXMudjEuUGxhY2VzLlNlYXJjaE5lYXJieRACGAQgAA","google_icon_mask_base_uri":"https://maps.gstatic.com/mapfiles/place_api/icons/v2/convenience_pinlet","google_icon_background_color":"#4B96F3","formatted_address":"6C53+X37 Bantay, Paracelis, Mountain Province, Philippines","business_status":"OPERATIONAL","rating":null,"user_rating_count":null,"barangay_slug":"bantay","barangay_name":"Bantay"},"geometry":{"type":"Point","coordinates":[121.4026669,17.2099098]}},{"type":"Feature","properties":{"name":"SUGWARAN STORE","kind":"market","kind_label":"Market","source":"google_places","google_place_id":"ChIJi2I1G7vtjzMR1LXoqoGZowk","google_primary_type":"grocery_store","google_primary_type_label":"Grocery Store","google_types":["grocery_store","food_store","store","point_of_interest","food","establishment"],"google_maps_uri":"https://maps.google.com/?cid=694567549742396884&g_mp=Cilnb29nbGUubWFwcy5wbGFjZXMudjEuUGxhY2VzLlNlYXJjaE5lYXJieRACGAQgAA","google_icon_mask_base_uri":"https://maps.gstatic.com/mapfiles/place_api/icons/v2/shoppingcart_pinlet","google_icon_background_color":"#4B96F3","formatted_address":"Paracelis, Mountain Province, Philippines","business_status":"OPERATIONAL","rating":null,"user_rating_count":null,"barangay_slug":"bantay","barangay_name":"Bantay"},"geometry":{"type":"Point","coordinates":[121.41463519999998,17.156993099999998]}},{"type":"Feature","properties":{"name":"Yacudz place","kind":"market","kind_label":"Market","source":"google_places","google_place_id":"ChIJqTwPM93tjzMRvmxLvBdyrHc","google_primary_type":"coffee_shop","google_primary_type_label":"Coffee Shop","google_types":["coffee_shop","cafe","food_store","food","point_of_interest","store","establishment"],"google_maps_uri":"https://maps.google.com/?cid=8623392832776531134&g_mp=Cilnb29nbGUubWFwcy5wbGFjZXMudjEuUGxhY2VzLlNlYXJjaE5lYXJieRACGAQgAA","google_icon_mask_base_uri":"https://maps.gstatic.com/mapfiles/place_api/icons/v2/cafe_pinlet","google_icon_background_color":"#FF9E67","formatted_address":"Mabaclao, 5C57+4JF, Paracelis, Mountain Province, Philippines","business_status":"OPERATIONAL","rating":null,"user_rating_count":null,"barangay_slug":"bantay","barangay_name":"Bantay"},"geometry":{"type":"Point","coordinates":[121.4140487,17.157803599999998]}},{"type":"Feature","properties":{"name":"Balindan Elementary School","kind":"school","kind_label":"School","source":"google_places","google_place_id":"ChIJoeAJjjHtjzMROGeumU-crZI","google_primary_type":"primary_school","google_primary_type_label":"Elementary School","google_types":["primary_school","school","educational_institution","point_of_interest","establishment"],"google_maps_uri":"https://maps.google.com/?cid=10569275766203115320&g_mp=Cilnb29nbGUubWFwcy5wbGFjZXMudjEuUGxhY2VzLlNlYXJjaE5lYXJieRACGAQgAA","google_icon_mask_base_uri":"https://maps.gstatic.com/mapfiles/place_api/icons/v2/school_pinlet","google_icon_background_color":"#7B9EB0","formatted_address":"5C57+4CQ, Alfonso Lista - Paracelis Rd, Paracelis, Mountain Province, Philippines","business_status":"OPERATIONAL","rating":null,"user_rating_count":null,"barangay_slug":"bantay","barangay_name":"Bantay"},"geometry":{"type":"Point","coordinates":[121.4136035,17.1578451]}},{"type":"Feature","properties":{"name":"Dalanao Elementary School","kind":"school","kind_label":"School","source":"google_places","google_place_id":"ChIJaWpPkN7sjzMRTfGGzjH6Cjo","google_primary_type":"primary_school","google_primary_type_label":"Elementary School","google_types":["primary_school","school","educational_institution","point_of_interest","establishment"],"google_maps_uri":"https://maps.google.com/?cid=4182430295792218445&g_mp=Cilnb29nbGUubWFwcy5wbGFjZXMudjEuUGxhY2VzLlNlYXJjaE5lYXJieRACGAQgAA","google_icon_mask_base_uri":"https://maps.gstatic.com/mapfiles/place_api/icons/v2/school_pinlet","google_icon_background_color":"#7B9EB0","formatted_address":"6C73+539, Tabuk - Paracelis Rd, Paracelis, Mountain Province, Philippines","business_status":"OPERATIONAL","rating":null,"user_rating_count":null,"barangay_slug":"bantay","barangay_name":"Bantay"},"geometry":{"type":"Point","coordinates":[121.4027352,17.2129024]}},{"type":"Feature","properties":{"name":"KALAO ELEMENTARY SCHOOL","kind":"school","kind_label":"School","source":"google_places","google_place_id":"ChIJAcb7UqXtjzMRmQo3Ha9anu8","google_primary_type":"primary_school","google_primary_type_label":"Elementary School","google_types":["primary_school","school","educational_institution","point_of_interest","establishment"],"google_maps_uri":"https://maps.google.com/?cid=17266337729540983449&g_mp=Cidnb29nbGUubWFwcy5wbGFjZXMudjEuUGxhY2VzLlNlYXJjaFRleHQQAhgEIAA","google_icon_mask_base_uri":"https://maps.gstatic.com/mapfiles/place_api/icons/v2/school_pinlet","google_icon_background_color":"#7B9EB0","formatted_address":"5CJM+R84, Bantay, Paracelis, Mountain Province, Philippines","business_status":"OPERATIONAL","rating":null,"user_rating_count":null,"barangay_slug":"bantay","barangay_name":"Bantay"},"geometry":{"type":"Point","coordinates":[121.4333284,17.1820219]}},{"type":"Feature","properties":{"name":"LABAY ELEMENTAR SCHOOL","kind":"school","kind_label":"School","source":"google_places","google_place_id":"ChIJwY_e8f3tjzMRPeGjZf-Mfm4","google_primary_type":"primary_school","google_primary_type_label":"Elementary School","google_types":["primary_school","school","educational_institution","point_of_interest","establishment"],"google_maps_uri":"https://maps.google.com/?cid=7961956219787403581&g_mp=Cilnb29nbGUubWFwcy5wbGFjZXMudjEuUGxhY2VzLlNlYXJjaE5lYXJieRACGAQgAA","google_icon_mask_base_uri":"https://maps.gstatic.com/mapfiles/place_api/icons/v2/school_pinlet","google_icon_background_color":"#7B9EB0","formatted_address":"5CQ8+WQG, Bantay, Paracelis, Mountain Province, Philippines","business_status":"OPERATIONAL","rating":null,"user_rating_count":null,"barangay_slug":"bantay","barangay_name":"Bantay"},"geometry":{"type":"Point","coordinates":[121.41693799999999,17.189801199999998]}},{"type":"Feature","properties":{"name":"Labay Elementary School - Pagga Extension","kind":"school","kind_label":"School","source":"google_places","google_place_id":"ChIJt6h0pEHtjzMRFk0886GhE6E","google_primary_type":"primary_school","google_primary_type_label":"Elementary School","google_types":["primary_school","school","educational_institution","point_of_interest","establishment"],"google_maps_uri":"https://maps.google.com/?cid=11606798381606522134&g_mp=Cilnb29nbGUubWFwcy5wbGFjZXMudjEuUGxhY2VzLlNlYXJjaE5lYXJieRACGAQgAA","google_icon_mask_base_uri":"https://maps.gstatic.com/mapfiles/place_api/icons/v2/school_pinlet","google_icon_background_color":"#7B9EB0","formatted_address":"5CRJ+XRR, Paracelis, Mountain Province, Philippines","business_status":"OPERATIONAL","rating":null,"user_rating_count":null,"barangay_slug":"bantay","barangay_name":"Bantay"},"geometry":{"type":"Point","coordinates":[121.4320201,17.1924995]}},{"type":"Feature","properties":{"name":"NATTA'LONGAN ELEMENTARY SCHOOL","kind":"school","kind_label":"School","source":"google_places","google_place_id":"ChIJ54W696_tjzMRAfYKCf5VoMw","google_primary_type":"primary_school","google_primary_type_label":"Elementary School","google_types":["primary_school","school","educational_institution","point_of_interest","establishment"],"google_maps_uri":"https://maps.google.com/?cid=14744879729572771329&g_mp=Cilnb29nbGUubWFwcy5wbGFjZXMudjEuUGxhY2VzLlNlYXJjaE5lYXJieRACGAQgAA","google_icon_mask_base_uri":"https://maps.gstatic.com/mapfiles/place_api/icons/v2/school_pinlet","google_icon_background_color":"#7B9EB0","formatted_address":"5CHV+JWJ Natta'longan, Bantay, Paracelis, Mountain Province, Philippines","business_status":"OPERATIONAL","rating":null,"user_rating_count":null,"barangay_slug":"bantay","barangay_name":"Bantay"},"geometry":{"type":"Point","coordinates":[121.4447774,17.1790812]}},{"type":"Feature","properties":{"name":"Paracelis Technical and Vocational High School","kind":"school","kind_label":"School","source":"google_places","google_place_id":"ChIJy9X8WN7tjzMRiOkhytDbcPw","google_primary_type":"secondary_school","google_primary_type_label":"High school","google_types":["secondary_school","school","educational_institution","point_of_interest","establishment"],"google_maps_uri":"https://maps.google.com/?cid=18190280584740333960&g_mp=Cilnb29nbGUubWFwcy5wbGFjZXMudjEuUGxhY2VzLlNlYXJjaE5lYXJieRACGAQgAA","google_icon_mask_base_uri":"https://maps.gstatic.com/mapfiles/place_api/icons/v2/school_pinlet","google_icon_background_color":"#7B9EB0","formatted_address":"Labay, 5CM7+P34, Paracelis, Mountain Province, Philippines","business_status":"OPERATIONAL","rating":null,"user_rating_count":null,"barangay_slug":"bantay","barangay_name":"Bantay"},"geometry":{"type":"Point","coordinates":[121.41270879999999,17.1842591]}},{"type":"Feature","properties":{"name":"The United Methodist Church","kind":"worship","kind_label":"Worship","source":"google_places","google_place_id":"ChIJvXYkawDtjzMRMRBEuvytaAg","google_primary_type":"church","google_primary_type_label":"Church","google_types":["church","place_of_worship","association_or_organization","point_of_interest","establishment"],"google_maps_uri":"https://maps.google.com/?cid=605925450849718321&g_mp=Cilnb29nbGUubWFwcy5wbGFjZXMudjEuUGxhY2VzLlNlYXJjaE5lYXJieRACGAQgAA","google_icon_mask_base_uri":"https://maps.gstatic.com/mapfiles/place_api/icons/v2/worship_christian_pinlet","google_icon_background_color":"#7B9EB0","formatted_address":"5CXM+2MG, Banwang, Bantay, Paracelis, Mountain Province, Philippines","business_status":"OPERATIONAL","rating":null,"user_rating_count":null,"barangay_slug":"bantay","barangay_name":"Bantay"},"geometry":{"type":"Point","coordinates":[121.43419,17.197553199999998]}},{"type":"Feature","properties":{"name":"UECFI Centro: Pergamo","kind":"worship","kind_label":"Worship","source":"google_places","google_place_id":"ChIJEy1hfhvtjzMRFXzR_dWLE4w","google_primary_type":"church","google_primary_type_label":"Church","google_types":["church","place_of_worship","association_or_organization","point_of_interest","establishment"],"google_maps_uri":"https://maps.google.com/?cid=10093564941070072853&g_mp=Cilnb29nbGUubWFwcy5wbGFjZXMudjEuUGxhY2VzLlNlYXJjaE5lYXJieRACGAQgAA","google_icon_mask_base_uri":"https://maps.gstatic.com/mapfiles/place_api/icons/v2/worship_christian_pinlet","google_icon_background_color":"#7B9EB0","formatted_address":"5CP7+JH5, Bantay, Paracelis, Mountain Province, Philippines","business_status":"OPERATIONAL","rating":5,"user_rating_count":1,"barangay_slug":"bantay","barangay_name":"Bantay"},"geometry":{"type":"Point","coordinates":[121.4139889,17.186514199999998]}},{"type":"Feature","properties":{"name":"Addang","kind":"business","kind_label":"Business","source":"google_places","google_place_id":"ChIJaVEZMADrjzMRN2MGanSQMDY","google_primary_type":"association_or_organization","google_primary_type_label":"Association / Organization","google_types":["association_or_organization","service","point_of_interest","establishment"],"google_maps_uri":"https://maps.google.com/?cid=3904779706599629623&g_mp=Cidnb29nbGUubWFwcy5wbGFjZXMudjEuUGxhY2VzLlNlYXJjaFRleHQQAhgEIAA","google_icon_mask_base_uri":"https://maps.gstatic.com/mapfiles/place_api/icons/v2/generic_pinlet","google_icon_background_color":"#7B9EB0","formatted_address":"58WQ+HFQ, Paracelis, Mountain Province, Philippines","business_status":"OPERATIONAL","rating":5,"user_rating_count":1,"barangay_slug":"bunot","barangay_name":"Bunot"},"geometry":{"type":"Point","coordinates":[121.3391035,17.1968905]}},{"type":"Feature","properties":{"name":"AFACO Livelihood","kind":"business","kind_label":"Business","source":"google_places","google_place_id":"ChIJuehrycWTjzMRlipNrirof_0","google_primary_type":"food","google_primary_type_label":"Food","google_types":["food","point_of_interest","establishment"],"google_maps_uri":"https://maps.google.com/?cid=18266573883648584342&g_mp=Cidnb29nbGUubWFwcy5wbGFjZXMudjEuUGxhY2VzLlNlYXJjaFRleHQQAhgEIAA","google_icon_mask_base_uri":"https://maps.gstatic.com/mapfiles/place_api/icons/v2/generic_pinlet","google_icon_background_color":"#7B9EB0","formatted_address":"Paracelis, 2625 Mountain Province, Philippines","business_status":"OPERATIONAL","rating":null,"user_rating_count":null,"barangay_slug":"bunot","barangay_name":"Bunot"},"geometry":{"type":"Point","coordinates":[121.36559889999998,17.2303823]}},{"type":"Feature","properties":{"name":"Bunot","kind":"business","kind_label":"Business","source":"google_places","google_place_id":"ChIJ9-T1bXyTjzMRlw0vGOSkLZs","google_primary_type":null,"google_primary_type_label":null,"google_types":["sublocality_level_2","sublocality","political"],"google_maps_uri":"https://maps.google.com/?cid=11181774749396045207&g_mp=Cidnb29nbGUubWFwcy5wbGFjZXMudjEuUGxhY2VzLlNlYXJjaFRleHQQAhgEIAA","google_icon_mask_base_uri":"https://maps.gstatic.com/mapfiles/place_api/icons/v2/generic_pinlet","google_icon_background_color":"#7B9EB0","formatted_address":"Bunot, Paracelis, Mountain Province, Philippines","business_status":null,"rating":null,"user_rating_count":null,"barangay_slug":"bunot","barangay_name":"Bunot"},"geometry":{"type":"Point","coordinates":[121.36559889999998,17.2303823]}},{"type":"Feature","properties":{"name":"Bunot ,Clinic","kind":"business","kind_label":"Business","source":"google_places","google_place_id":"ChIJ46r90ufrjzMRIyt6zzmDuV8","google_primary_type":"medical_clinic","google_primary_type_label":"Medical Clinic","google_types":["medical_clinic","health","point_of_interest","establishment"],"google_maps_uri":"https://maps.google.com/?cid=6897688588611889955&g_mp=Cidnb29nbGUubWFwcy5wbGFjZXMudjEuUGxhY2VzLlNlYXJjaFRleHQQAhgEIAA","google_icon_mask_base_uri":"https://maps.gstatic.com/mapfiles/place_api/icons/v2/generic_pinlet","google_icon_background_color":"#7B9EB0","formatted_address":"58XQ+5R2, Bunot, Paracelis, Mountain Province, Philippines","business_status":"OPERATIONAL","rating":null,"user_rating_count":null,"barangay_slug":"bunot","barangay_name":"Bunot"},"geometry":{"type":"Point","coordinates":[121.33950379999999,17.1978805]}},{"type":"Feature","properties":{"name":"Bunot Barangay Health Station","kind":"govt","kind_label":"Government","source":"google_places","google_place_id":"ChIJ0cCuagDrjzMR8gRHeSG-860","google_primary_type":"government_office","google_primary_type_label":"Government Office","google_types":["government_office","point_of_interest","establishment"],"google_maps_uri":"https://maps.google.com/?cid=12534571238880118002&g_mp=Cilnb29nbGUubWFwcy5wbGFjZXMudjEuUGxhY2VzLlNlYXJjaE5lYXJieRACGAQgAA","google_icon_mask_base_uri":"https://maps.gstatic.com/mapfiles/place_api/icons/v2/civic-bldg_pinlet","google_icon_background_color":"#7B9EB0","formatted_address":"58XQ+5R2, Paracelis, Mountain Province, Philippines","business_status":"OPERATIONAL","rating":null,"user_rating_count":null,"barangay_slug":"bunot","barangay_name":"Bunot"},"geometry":{"type":"Point","coordinates":[121.33950469999999,17.1978744]}},{"type":"Feature","properties":{"name":"Apalis Elementary School","kind":"school","kind_label":"School","source":"google_places","google_place_id":"ChIJOftU_VzrjzMRPZQV5GkdsSE","google_primary_type":"primary_school","google_primary_type_label":"Elementary School","google_types":["primary_school","government_office","school","educational_institution","point_of_interest","establishment"],"google_maps_uri":"https://maps.google.com/?cid=2427754014764799037&g_mp=Cilnb29nbGUubWFwcy5wbGFjZXMudjEuUGxhY2VzLlNlYXJjaE5lYXJieRACGAQgAA","google_icon_mask_base_uri":"https://maps.gstatic.com/mapfiles/place_api/icons/v2/school_pinlet","google_icon_background_color":"#7B9EB0","formatted_address":"684V+2XJ, Paracelis, Mountain Province, Philippines","business_status":"CLOSED_TEMPORARILY","rating":null,"user_rating_count":null,"barangay_slug":"bunot","barangay_name":"Bunot"},"geometry":{"type":"Point","coordinates":[121.3449033,17.205077]}},{"type":"Feature","properties":{"name":"Apalis ES","kind":"school","kind_label":"School","source":"google_places","google_place_id":"ChIJJYzwRgDtjzMRTA1_7MldCNg","google_primary_type":"primary_school","google_primary_type_label":"Elementary School","google_types":["primary_school","school","educational_institution","point_of_interest","establishment"],"google_maps_uri":"https://maps.google.com/?cid=15566795233843678540&g_mp=Cilnb29nbGUubWFwcy5wbGFjZXMudjEuUGxhY2VzLlNlYXJjaE5lYXJieRACGAQgAA","google_icon_mask_base_uri":"https://maps.gstatic.com/mapfiles/place_api/icons/v2/school_pinlet","google_icon_background_color":"#7B9EB0","formatted_address":"6974+MX, Paracelis, Mountain Province, Philippines","business_status":"OPERATIONAL","rating":null,"user_rating_count":null,"barangay_slug":"bunot","barangay_name":"Bunot"},"geometry":{"type":"Point","coordinates":[121.357489,17.214138]}},{"type":"Feature","properties":{"name":"Sports Field","kind":"tourism","kind_label":"Tourism","source":"google_places","google_place_id":"ChIJAQCkF0GTjzMRNtP35Ol2d_Y","google_primary_type":"athletic_field","google_primary_type_label":"Athletic Field","google_types":["athletic_field","sports_activity_location","point_of_interest","establishment"],"google_maps_uri":"https://maps.google.com/?cid=17759794402499744566&g_mp=Cilnb29nbGUubWFwcy5wbGFjZXMudjEuUGxhY2VzLlNlYXJjaE5lYXJieRACGAQgAA","google_icon_mask_base_uri":"https://maps.gstatic.com/mapfiles/place_api/icons/v2/generic_pinlet","google_icon_background_color":"#7B9EB0","formatted_address":"Paracelis, Mountain Province, Philippines","business_status":"OPERATIONAL","rating":null,"user_rating_count":null,"barangay_slug":"bunot","barangay_name":"Bunot"},"geometry":{"type":"Point","coordinates":[121.3733487,17.2357516]}},{"type":"Feature","properties":{"name":"Buringal","kind":"business","kind_label":"Business","source":"google_places","google_place_id":"ChIJv375VOCMjzMRnVpHkL1OUQ8","google_primary_type":null,"google_primary_type_label":null,"google_types":["sublocality_level_2","sublocality","political"],"google_maps_uri":"https://maps.google.com/?cid=1103749959758863005&g_mp=Cidnb29nbGUubWFwcy5wbGFjZXMudjEuUGxhY2VzLlNlYXJjaFRleHQQAhgEIAA","google_icon_mask_base_uri":"https://maps.gstatic.com/mapfiles/place_api/icons/v2/generic_pinlet","google_icon_background_color":"#7B9EB0","formatted_address":"Buringal, Paracelis, Mountain Province, Philippines","business_status":null,"rating":null,"user_rating_count":null,"barangay_slug":"buringal","barangay_name":"Buringal"},"geometry":{"type":"Point","coordinates":[121.5141615,17.2151899]}},{"type":"Feature","properties":{"name":"Buringal Agri Supply","kind":"business","kind_label":"Business","source":"google_places","google_place_id":"ChIJa7CSY6mNjzMRoL5q2xLoNkY","google_primary_type":"association_or_organization","google_primary_type_label":"Association / Organization","google_types":["association_or_organization","service","point_of_interest","establishment"],"google_maps_uri":"https://maps.google.com/?cid=5059486399085592224&g_mp=Cidnb29nbGUubWFwcy5wbGFjZXMudjEuUGxhY2VzLlNlYXJjaFRleHQQAhgEIAA","google_icon_mask_base_uri":"https://maps.gstatic.com/mapfiles/place_api/icons/v2/generic_pinlet","google_icon_background_color":"#7B9EB0","formatted_address":"Cambafangan, Buringal, Paracelis, 2617 Mountain Province, Philippines","business_status":"OPERATIONAL","rating":null,"user_rating_count":null,"barangay_slug":"buringal","barangay_name":"Buringal"},"geometry":{"type":"Point","coordinates":[121.5141615,17.2151899]}},{"type":"Feature","properties":{"name":"Bacarri National Trade & Agricultural School","kind":"school","kind_label":"School","source":"google_places","google_place_id":"ChIJw20DwuqNjzMRzzOj6mXRH4c","google_primary_type":"school","google_primary_type_label":"School","google_types":["school","educational_institution","point_of_interest","establishment"],"google_maps_uri":"https://maps.google.com/?cid=9736731155056767951&g_mp=Cilnb29nbGUubWFwcy5wbGFjZXMudjEuUGxhY2VzLlNlYXJjaE5lYXJieRACGAQgAA","google_icon_mask_base_uri":"https://maps.gstatic.com/mapfiles/place_api/icons/v2/school_pinlet","google_icon_background_color":"#7B9EB0","formatted_address":"7F88+MM7, Bacarri, Paracelis, Mountain Province, Philippines","business_status":"OPERATIONAL","rating":4,"user_rating_count":2,"barangay_slug":"buringal","barangay_name":"Buringal"},"geometry":{"type":"Point","coordinates":[121.4666672,17.2666664]}},{"type":"Feature","properties":{"name":"Bagabag Elementary School","kind":"school","kind_label":"School","source":"google_places","google_place_id":"ChIJi6iYtMKNjzMRtE4WDCaiFTo","google_primary_type":"primary_school","google_primary_type_label":"Elementary School","google_types":["primary_school","school","educational_institution","point_of_interest","establishment"],"google_maps_uri":"https://maps.google.com/?cid=4185429713005989556&g_mp=Cilnb29nbGUubWFwcy5wbGFjZXMudjEuUGxhY2VzLlNlYXJjaE5lYXJieRACGAQgAA","google_icon_mask_base_uri":"https://maps.gstatic.com/mapfiles/place_api/icons/v2/school_pinlet","google_icon_background_color":"#7B9EB0","formatted_address":"6F8W+XGJ, Buringal, Paracelis, Mountain Province, Philippines","business_status":"OPERATIONAL","rating":null,"user_rating_count":null,"barangay_slug":"buringal","barangay_name":"Buringal"},"geometry":{"type":"Point","coordinates":[121.4962644,17.217454099999998]}},{"type":"Feature","properties":{"name":"Balindan Primary School","kind":"school","kind_label":"School","source":"google_places","google_place_id":"ChIJw20DwuqNjzMRYLdNND6_g2U","google_primary_type":"primary_school","google_primary_type_label":"Primary School","google_types":["primary_school","school","educational_institution","point_of_interest","establishment"],"google_maps_uri":"https://maps.google.com/?cid=7314900493666203488&g_mp=Cilnb29nbGUubWFwcy5wbGFjZXMudjEuUGxhY2VzLlNlYXJjaE5lYXJieRACGAQgAA","google_icon_mask_base_uri":"https://maps.gstatic.com/mapfiles/place_api/icons/v2/school_pinlet","google_icon_background_color":"#7B9EB0","formatted_address":"Bantay, 7F88+MM7, Paracelis, Mountain Province, Philippines","business_status":"OPERATIONAL","rating":null,"user_rating_count":null,"barangay_slug":"buringal","barangay_name":"Buringal"},"geometry":{"type":"Point","coordinates":[121.4666672,17.2666664]}},{"type":"Feature","properties":{"name":"Buringal National High School","kind":"school","kind_label":"School","source":"google_places","google_place_id":"ChIJVVWVMYGOjzMRglTBuyE4PTI","google_primary_type":"secondary_school","google_primary_type_label":"High school","google_types":["secondary_school","school","educational_institution","point_of_interest","establishment"],"google_maps_uri":"https://maps.google.com/?cid=3620111393010832514&g_mp=Cilnb29nbGUubWFwcy5wbGFjZXMudjEuUGxhY2VzLlNlYXJjaE5lYXJieRACGAQgAA","google_icon_mask_base_uri":"https://maps.gstatic.com/mapfiles/place_api/icons/v2/school_pinlet","google_icon_background_color":"#7B9EB0","formatted_address":"7FPV+GX9, Paracelis, Mountain Province, Philippines","business_status":"OPERATIONAL","rating":null,"user_rating_count":null,"barangay_slug":"buringal","barangay_name":"Buringal"},"geometry":{"type":"Point","coordinates":[121.49497699999999,17.286296399999998]}},{"type":"Feature","properties":{"name":"Cabuaan Primary School","kind":"school","kind_label":"School","source":"google_places","google_place_id":"ChIJw20DwuqNjzMRfRTv9OyAFuo","google_primary_type":"primary_school","google_primary_type_label":"Primary School","google_types":["primary_school","school","educational_institution","point_of_interest","establishment"],"google_maps_uri":"https://maps.google.com/?cid=16867811209572717693&g_mp=Cilnb29nbGUubWFwcy5wbGFjZXMudjEuUGxhY2VzLlNlYXJjaE5lYXJieRACGAQgAA","google_icon_mask_base_uri":"https://maps.gstatic.com/mapfiles/place_api/icons/v2/school_pinlet","google_icon_background_color":"#7B9EB0","formatted_address":"Butigue, 7F88+MM7, Paracelis, Mountain Province, Philippines","business_status":"OPERATIONAL","rating":null,"user_rating_count":null,"barangay_slug":"buringal","barangay_name":"Buringal"},"geometry":{"type":"Point","coordinates":[121.4666672,17.2666664]}},{"type":"Feature","properties":{"name":"Camparadi Primary School","kind":"school","kind_label":"School","source":"google_places","google_place_id":"ChIJw20DwuqNjzMRy-38YQR4RXs","google_primary_type":"primary_school","google_primary_type_label":"Primary School","google_types":["primary_school","school","educational_institution","point_of_interest","establishment"],"google_maps_uri":"https://maps.google.com/?cid=8882637800277339595&g_mp=Cilnb29nbGUubWFwcy5wbGFjZXMudjEuUGxhY2VzLlNlYXJjaE5lYXJieRACGAQgAA","google_icon_mask_base_uri":"https://maps.gstatic.com/mapfiles/place_api/icons/v2/school_pinlet","google_icon_background_color":"#7B9EB0","formatted_address":"Buringal, 7F88+MM7, Paracelis, Mountain Province, Philippines","business_status":"OPERATIONAL","rating":null,"user_rating_count":null,"barangay_slug":"buringal","barangay_name":"Buringal"},"geometry":{"type":"Point","coordinates":[121.4666672,17.2666664]}},{"type":"Feature","properties":{"name":"Catao Primary School","kind":"school","kind_label":"School","source":"google_places","google_place_id":"ChIJ__9veyeMjzMR2KDoPEemaPI","google_primary_type":"primary_school","google_primary_type_label":"Primary School","google_types":["primary_school","school","educational_institution","point_of_interest","establishment"],"google_maps_uri":"https://maps.google.com/?cid=17467393979651236056&g_mp=Cilnb29nbGUubWFwcy5wbGFjZXMudjEuUGxhY2VzLlNlYXJjaE5lYXJieRACGAQgAA","google_icon_mask_base_uri":"https://maps.gstatic.com/mapfiles/place_api/icons/v2/school_pinlet","google_icon_background_color":"#7B9EB0","formatted_address":"7GH4+MF3, Paracelis, Mountain Province, Philippines","business_status":"OPERATIONAL","rating":null,"user_rating_count":null,"barangay_slug":"buringal","barangay_name":"Buringal"},"geometry":{"type":"Point","coordinates":[121.5061758,17.2791444]}},{"type":"Feature","properties":{"name":"Catubangan Primary School","kind":"school","kind_label":"School","source":"google_places","google_place_id":"ChIJw20DwuqNjzMRsvYdor_mSBw","google_primary_type":"primary_school","google_primary_type_label":"Primary School","google_types":["primary_school","school","educational_institution","point_of_interest","establishment"],"google_maps_uri":"https://maps.google.com/?cid=2038132542118164146&g_mp=Cilnb29nbGUubWFwcy5wbGFjZXMudjEuUGxhY2VzLlNlYXJjaE5lYXJieRACGAQgAA","google_icon_mask_base_uri":"https://maps.gstatic.com/mapfiles/place_api/icons/v2/school_pinlet","google_icon_background_color":"#7B9EB0","formatted_address":"Palitud, 7F88+MM7, Paracelis, Mountain Province, Philippines","business_status":"OPERATIONAL","rating":null,"user_rating_count":null,"barangay_slug":"buringal","barangay_name":"Buringal"},"geometry":{"type":"Point","coordinates":[121.4666672,17.2666664]}},{"type":"Feature","properties":{"name":"Dalanao Primary School","kind":"school","kind_label":"School","source":"google_places","google_place_id":"ChIJw20DwuqNjzMRoLEk2HP9IuA","google_primary_type":"primary_school","google_primary_type_label":"Primary School","google_types":["primary_school","school","educational_institution","point_of_interest","establishment"],"google_maps_uri":"https://maps.google.com/?cid=16150749887693369760&g_mp=Cilnb29nbGUubWFwcy5wbGFjZXMudjEuUGxhY2VzLlNlYXJjaE5lYXJieRACGAQgAA","google_icon_mask_base_uri":"https://maps.gstatic.com/mapfiles/place_api/icons/v2/school_pinlet","google_icon_background_color":"#7B9EB0","formatted_address":"Bantay, 7F88+MM7, Paracelis, Mountain Province, Philippines","business_status":"OPERATIONAL","rating":null,"user_rating_count":null,"barangay_slug":"buringal","barangay_name":"Buringal"},"geometry":{"type":"Point","coordinates":[121.4666672,17.2666664]}},{"type":"Feature","properties":{"name":"Gassilang Primary School","kind":"school","kind_label":"School","source":"google_places","google_place_id":"ChIJw20DwuqNjzMRmzclU3Mq1ok","google_primary_type":"primary_school","google_primary_type_label":"Primary School","google_types":["primary_school","school","educational_institution","point_of_interest","establishment"],"google_maps_uri":"https://maps.google.com/?cid=9932172703016761243&g_mp=Cilnb29nbGUubWFwcy5wbGFjZXMudjEuUGxhY2VzLlNlYXJjaE5lYXJieRACGAQgAA","google_icon_mask_base_uri":"https://maps.gstatic.com/mapfiles/place_api/icons/v2/school_pinlet","google_icon_background_color":"#7B9EB0","formatted_address":"Bantay, 7F88+MM7, Paracelis, Mountain Province, Philippines","business_status":"OPERATIONAL","rating":null,"user_rating_count":null,"barangay_slug":"buringal","barangay_name":"Buringal"},"geometry":{"type":"Point","coordinates":[121.4666672,17.2666664]}},{"type":"Feature","properties":{"name":"Minoli Primary School (Minoli - Uchon MC)","kind":"school","kind_label":"School","source":"google_places","google_place_id":"ChIJw20DwuqNjzMRqxMDcQEYtPY","google_primary_type":"primary_school","google_primary_type_label":"Primary School","google_types":["primary_school","school","educational_institution","point_of_interest","establishment"],"google_maps_uri":"https://maps.google.com/?cid=17776860023608251307&g_mp=Cilnb29nbGUubWFwcy5wbGFjZXMudjEuUGxhY2VzLlNlYXJjaE5lYXJieRACGAQgAA","google_icon_mask_base_uri":"https://maps.gstatic.com/mapfiles/place_api/icons/v2/school_pinlet","google_icon_background_color":"#7B9EB0","formatted_address":"Poblacion, 7F88+MM7, Paracelis, Mountain Province, Philippines","business_status":"OPERATIONAL","rating":null,"user_rating_count":null,"barangay_slug":"buringal","barangay_name":"Buringal"},"geometry":{"type":"Point","coordinates":[121.4666672,17.2666664]}},{"type":"Feature","properties":{"name":"Pacak Primary School","kind":"school","kind_label":"School","source":"google_places","google_place_id":"ChIJw20DwuqNjzMRexQq0Cjl8SE","google_primary_type":"primary_school","google_primary_type_label":"Primary School","google_types":["primary_school","school","educational_institution","point_of_interest","establishment"],"google_maps_uri":"https://maps.google.com/?cid=2445988036092761211&g_mp=Cilnb29nbGUubWFwcy5wbGFjZXMudjEuUGxhY2VzLlNlYXJjaE5lYXJieRACGAQgAA","google_icon_mask_base_uri":"https://maps.gstatic.com/mapfiles/place_api/icons/v2/school_pinlet","google_icon_background_color":"#7B9EB0","formatted_address":"Butigue, 7F88+MM7, Paracelis, Mountain Province, Philippines","business_status":"OPERATIONAL","rating":null,"user_rating_count":null,"barangay_slug":"buringal","barangay_name":"Buringal"},"geometry":{"type":"Point","coordinates":[121.4666672,17.2666664]}},{"type":"Feature","properties":{"name":"Burubor Falls","kind":"tourism","kind_label":"Tourism","source":"google_places","google_place_id":"ChIJzZXcLwD1jzMRMWqxOjbIWn4","google_primary_type":"tourist_attraction","google_primary_type_label":"Tourist Attraction","google_types":["tourist_attraction","point_of_interest","establishment"],"google_maps_uri":"https://maps.google.com/?cid=9104809731921373745&g_mp=Cilnb29nbGUubWFwcy5wbGFjZXMudjEuUGxhY2VzLlNlYXJjaE5lYXJieRACGAQgAA","google_icon_mask_base_uri":"https://maps.gstatic.com/mapfiles/place_api/icons/v2/generic_pinlet","google_icon_background_color":"#13B5C7","formatted_address":"5G8X+5RX, Buringal, Paracelis, Mountain Province, Philippines","business_status":"OPERATIONAL","rating":4.8,"user_rating_count":4,"barangay_slug":"buringal","barangay_name":"Buringal"},"geometry":{"type":"Point","coordinates":[121.5496127,17.165499]}},{"type":"Feature","properties":{"name":"Duyog falls","kind":"tourism","kind_label":"Tourism","source":"google_places","google_place_id":"ChIJzX8HagD1jzMR2DnPdMKMN-k","google_primary_type":"tourist_attraction","google_primary_type_label":"Tourist Attraction","google_types":["tourist_attraction","point_of_interest","establishment"],"google_maps_uri":"https://maps.google.com/?cid=16805055301367577048&g_mp=Cilnb29nbGUubWFwcy5wbGFjZXMudjEuUGxhY2VzLlNlYXJjaE5lYXJieRACGAQgAA","google_icon_mask_base_uri":"https://maps.gstatic.com/mapfiles/place_api/icons/v2/generic_pinlet","google_icon_background_color":"#13B5C7","formatted_address":"5GGX+R3, Paracelis, Mountain Province, Philippines","business_status":"OPERATIONAL","rating":5,"user_rating_count":2,"barangay_slug":"buringal","barangay_name":"Buringal"},"geometry":{"type":"Point","coordinates":[121.54769749999998,17.1770162]}},{"type":"Feature","properties":{"name":"San Gabriel Catholic Mission","kind":"worship","kind_label":"Worship","source":"google_places","google_place_id":"ChIJ-9GQ7uqNjzMRUhzMA8G43Vg","google_primary_type":"church","google_primary_type_label":"Church","google_types":["church","place_of_worship","association_or_organization","point_of_interest","establishment"],"google_maps_uri":"https://maps.google.com/?cid=6403477384322620498&g_mp=Cilnb29nbGUubWFwcy5wbGFjZXMudjEuUGxhY2VzLlNlYXJjaE5lYXJieRACGAQgAA","google_icon_mask_base_uri":"https://maps.gstatic.com/mapfiles/place_api/icons/v2/worship_christian_pinlet","google_icon_background_color":"#7B9EB0","formatted_address":"7F88+VM2, Poblacion, Paracelis, 2625 Mountain Province, Philippines","business_status":"OPERATIONAL","rating":null,"user_rating_count":null,"barangay_slug":"buringal","barangay_name":"Buringal"},"geometry":{"type":"Point","coordinates":[121.46663199999999,17.267138]}},{"type":"Feature","properties":{"name":"A & G KENEPT STORE","kind":"business","kind_label":"Business","source":"google_places","google_place_id":"ChIJy8Bd1-7xjzMRk7QEa-txG-c","google_primary_type":"point_of_interest","google_primary_type_label":"Point of interest","google_types":["point_of_interest","establishment"],"google_maps_uri":"https://maps.google.com/?cid=16653029303059264659&g_mp=Cidnb29nbGUubWFwcy5wbGFjZXMudjEuUGxhY2VzLlNlYXJjaFRleHQQAhgEIAA","google_icon_mask_base_uri":"https://maps.gstatic.com/mapfiles/place_api/icons/v2/generic_pinlet","google_icon_background_color":"#7B9EB0","formatted_address":"4F36+R37, Mount Province - Isabela Rd, Paracelis, Mountain Province, Philippines","business_status":"OPERATIONAL","rating":null,"user_rating_count":null,"barangay_slug":"butigue","barangay_name":"Butigue"},"geometry":{"type":"Point","coordinates":[121.46017589999998,17.104546]}},{"type":"Feature","properties":{"name":"Bunuan motorcycle parts and accessories shop","kind":"business","kind_label":"Business","source":"google_places","google_place_id":"ChIJOWyXk0LxjzMRVzppb6klMV8","google_primary_type":"car_repair","google_primary_type_label":"Car repair and maintenance service","google_types":["car_repair","service","point_of_interest","establishment"],"google_maps_uri":"https://maps.google.com/?cid=6859305117110843991&g_mp=Cidnb29nbGUubWFwcy5wbGFjZXMudjEuUGxhY2VzLlNlYXJjaFRleHQQAhgEIAA","google_icon_mask_base_uri":"https://maps.gstatic.com/mapfiles/place_api/icons/v2/generic_pinlet","google_icon_background_color":"#7B9EB0","formatted_address":"3FX7+7Q8, Butigue, Paracelis, Mountain Province, Philippines","business_status":"OPERATIONAL","rating":null,"user_rating_count":null,"barangay_slug":"butigue","barangay_name":"Butigue"},"geometry":{"type":"Point","coordinates":[121.46445630000001,17.098172100000003]}},{"type":"Feature","properties":{"name":"Butigue Gymnasium","kind":"business","kind_label":"Business","source":"google_places","google_place_id":"ChIJ_z1UVenxjzMRUpVIusLiKP0","google_primary_type":null,"google_primary_type_label":null,"google_types":["premise","street_address"],"google_maps_uri":"https://maps.google.com/?cid=18242079616641045842&g_mp=Cidnb29nbGUubWFwcy5wbGFjZXMudjEuUGxhY2VzLlNlYXJjaFRleHQQAhgEIAA","google_icon_mask_base_uri":"https://maps.gstatic.com/mapfiles/place_api/icons/v2/generic_pinlet","google_icon_background_color":"#7B9EB0","formatted_address":"Butigue Gymnasium, Paracelis, Mountain Province, Philippines","business_status":null,"rating":null,"user_rating_count":null,"barangay_slug":"butigue","barangay_name":"Butigue"},"geometry":{"type":"Point","coordinates":[121.462713,17.103356599999998]}},{"type":"Feature","properties":{"name":"Butigue Seventh-Day Adventist Church","kind":"business","kind_label":"Business","source":"google_places","google_place_id":"ChIJ0_6brj3xjzMRr_rAmEjE7JU","google_primary_type":"place_of_worship","google_primary_type_label":"Place of Worship","google_types":["place_of_worship","association_or_organization","point_of_interest","establishment"],"google_maps_uri":"https://maps.google.com/?cid=10803225422234450607&g_mp=Cidnb29nbGUubWFwcy5wbGFjZXMudjEuUGxhY2VzLlNlYXJjaFRleHQQAhgEIAA","google_icon_mask_base_uri":"https://maps.gstatic.com/mapfiles/place_api/icons/v2/generic_pinlet","google_icon_background_color":"#7B9EB0","formatted_address":"4F45+32F, Mount Province - Isabela Rd, Paracelis, Mountain Province, Philippines","business_status":"OPERATIONAL","rating":3,"user_rating_count":1,"barangay_slug":"butigue","barangay_name":"Butigue"},"geometry":{"type":"Point","coordinates":[121.45756170000001,17.1051756]}},{"type":"Feature","properties":{"name":"CATALINA STORE","kind":"business","kind_label":"Business","source":"google_places","google_place_id":"ChIJTwxkOJXxjzMR1CjqWtQS7mc","google_primary_type":"point_of_interest","google_primary_type_label":"Point of interest","google_types":["point_of_interest","establishment"],"google_maps_uri":"https://maps.google.com/?cid=7488943933631375572&g_mp=Cidnb29nbGUubWFwcy5wbGFjZXMudjEuUGxhY2VzLlNlYXJjaFRleHQQAhgEIAA","google_icon_mask_base_uri":"https://maps.gstatic.com/mapfiles/place_api/icons/v2/generic_pinlet","google_icon_background_color":"#7B9EB0","formatted_address":"3FX9+9PP, Mount Province - Isabela Rd, Paracelis, Mountain Province, Philippines","business_status":"OPERATIONAL","rating":null,"user_rating_count":null,"barangay_slug":"butigue","barangay_name":"Butigue"},"geometry":{"type":"Point","coordinates":[121.46933859999999,17.0984652]}},{"type":"Feature","properties":{"name":"CHEZ FOOD HOUSE & STORE","kind":"business","kind_label":"Business","source":"google_places","google_place_id":"ChIJnY4Kz8HxjzMROHizQ5_zYoI","google_primary_type":"restaurant","google_primary_type_label":"Restaurant","google_types":["restaurant","food","point_of_interest","establishment"],"google_maps_uri":"https://maps.google.com/?cid=9395339638009460792&g_mp=Cilnb29nbGUubWFwcy5wbGFjZXMudjEuUGxhY2VzLlNlYXJjaE5lYXJieRACGAQgAA","google_icon_mask_base_uri":"https://maps.gstatic.com/mapfiles/place_api/icons/v2/restaurant_pinlet","google_icon_background_color":"#FF9E67","formatted_address":"Paracelis, Mountain Province, Philippines","business_status":"OPERATIONAL","rating":3,"user_rating_count":1,"barangay_slug":"butigue","barangay_name":"Butigue"},"geometry":{"type":"Point","coordinates":[121.46502799999999,17.0970259]}},{"type":"Feature","properties":{"name":"ESTEBAN STORE","kind":"business","kind_label":"Business","source":"google_places","google_place_id":"ChIJ5xdHPurxjzMRiCKFWkURFgc","google_primary_type":"point_of_interest","google_primary_type_label":"Point of interest","google_types":["point_of_interest","establishment"],"google_maps_uri":"https://maps.google.com/?cid=510614597322220168&g_mp=Cidnb29nbGUubWFwcy5wbGFjZXMudjEuUGxhY2VzLlNlYXJjaFRleHQQAhgEIAA","google_icon_mask_base_uri":"https://maps.gstatic.com/mapfiles/place_api/icons/v2/generic_pinlet","google_icon_background_color":"#7B9EB0","formatted_address":"3FX7+QH8, Mount Province - Isabela Rd, Paracelis, Mountain Province, Philippines","business_status":"OPERATIONAL","rating":null,"user_rating_count":null,"barangay_slug":"butigue","barangay_name":"Butigue"},"geometry":{"type":"Point","coordinates":[121.4639461,17.0994247]}},{"type":"Feature","properties":{"name":"Gaste's Sari - Sari Store","kind":"business","kind_label":"Business","source":"google_places","google_place_id":"ChIJQ3RT--bxjzMRLXw34_HZrGI","google_primary_type":"point_of_interest","google_primary_type_label":"Point of interest","google_types":["point_of_interest","establishment"],"google_maps_uri":"https://maps.google.com/?cid=7110297544633580589&g_mp=Cidnb29nbGUubWFwcy5wbGFjZXMudjEuUGxhY2VzLlNlYXJjaFRleHQQAhgEIAA","google_icon_mask_base_uri":"https://maps.gstatic.com/mapfiles/place_api/icons/v2/generic_pinlet","google_icon_background_color":"#7B9EB0","formatted_address":"4F33+499, Lista - Paracelis Rd, Paracelis, Mountain Province, Philippines","business_status":"OPERATIONAL","rating":null,"user_rating_count":null,"barangay_slug":"butigue","barangay_name":"Butigue"},"geometry":{"type":"Point","coordinates":[121.45348410000001,17.102797499999998]}},{"type":"Feature","properties":{"name":"Iglesia Ni Cristo [Kalinga] - Butigue","kind":"business","kind_label":"Business","source":"google_places","google_place_id":"ChIJD9WCFJjxjzMRPmKoQKodolo","google_primary_type":"place_of_worship","google_primary_type_label":"Place of Worship","google_types":["place_of_worship","association_or_organization","point_of_interest","establishment"],"google_maps_uri":"https://maps.google.com/?cid=6530815026707063358&g_mp=Cidnb29nbGUubWFwcy5wbGFjZXMudjEuUGxhY2VzLlNlYXJjaFRleHQQAhgEIAA","google_icon_mask_base_uri":"https://maps.gstatic.com/mapfiles/place_api/icons/v2/generic_pinlet","google_icon_background_color":"#7B9EB0","formatted_address":"3FX6+5QP, Paracelis, Mountain Province, Philippines","business_status":"OPERATIONAL","rating":5,"user_rating_count":1,"barangay_slug":"butigue","barangay_name":"Butigue"},"geometry":{"type":"Point","coordinates":[121.46196859999999,17.0979659]}},{"type":"Feature","properties":{"name":"IGOROT BLADES SHOP","kind":"business","kind_label":"Business","source":"google_places","google_place_id":"ChIJm6bSdgDxjzMRvx6PVNhcWZs","google_primary_type":"gift_shop","google_primary_type_label":"Gift Shop","google_types":["gift_shop","store","point_of_interest","establishment"],"google_maps_uri":"https://maps.google.com/?cid=11194080433007435455&g_mp=Cilnb29nbGUubWFwcy5wbGFjZXMudjEuUGxhY2VzLlNlYXJjaE5lYXJieRACGAQgAA","google_icon_mask_base_uri":"https://maps.gstatic.com/mapfiles/place_api/icons/v2/shopping_pinlet","google_icon_background_color":"#4B96F3","formatted_address":"Lower Laud Butigue, Paracelis, Mountain Province, Philippines","business_status":"OPERATIONAL","rating":5,"user_rating_count":1,"barangay_slug":"butigue","barangay_name":"Butigue"},"geometry":{"type":"Point","coordinates":[121.45346249999999,17.1069611]}},{"type":"Feature","properties":{"name":"JANNETTE STORE","kind":"business","kind_label":"Business","source":"google_places","google_place_id":"ChIJEaTk1-7xjzMR-BGAoIjwEt8","google_primary_type":"point_of_interest","google_primary_type_label":"Point of interest","google_types":["point_of_interest","establishment"],"google_maps_uri":"https://maps.google.com/?cid=16074174489637687800&g_mp=Cidnb29nbGUubWFwcy5wbGFjZXMudjEuUGxhY2VzLlNlYXJjaFRleHQQAhgEIAA","google_icon_mask_base_uri":"https://maps.gstatic.com/mapfiles/place_api/icons/v2/generic_pinlet","google_icon_background_color":"#7B9EB0","formatted_address":"4F35+RXF, Mount Province - Isabela Rd, Paracelis, Mountain Province, Philippines","business_status":"OPERATIONAL","rating":null,"user_rating_count":null,"barangay_slug":"butigue","barangay_name":"Butigue"},"geometry":{"type":"Point","coordinates":[121.45992509999998,17.1045698]}},{"type":"Feature","properties":{"name":"Jeth Gasoline Station","kind":"business","kind_label":"Business","source":"google_places","google_place_id":"ChIJif0m2RzxjzMRzduJWhWlNS0","google_primary_type":null,"google_primary_type_label":null,"google_types":["point_of_interest","establishment"],"google_maps_uri":"https://maps.google.com/?cid=3257691416604302285&g_mp=Cidnb29nbGUubWFwcy5wbGFjZXMudjEuUGxhY2VzLlNlYXJjaFRleHQQAhgEIAA","google_icon_mask_base_uri":"https://maps.gstatic.com/mapfiles/place_api/icons/v2/generic_pinlet","google_icon_background_color":"#7B9EB0","formatted_address":"Butigue, Paracelis, 2625 Mountain Province, Philippines","business_status":"OPERATIONAL","rating":null,"user_rating_count":null,"barangay_slug":"butigue","barangay_name":"Butigue"},"geometry":{"type":"Point","coordinates":[121.46582490000002,17.0978769]}},{"type":"Feature","properties":{"name":"SALVADICS DELICIOUS DELIGHTS","kind":"business","kind_label":"Business","source":"google_places","google_place_id":"ChIJF3bhg1fxjzMRWz69HubPj98","google_primary_type":"snack_bar","google_primary_type_label":"Snack Bar","google_types":["snack_bar","meal_takeaway","restaurant","food","point_of_interest","establishment"],"google_maps_uri":"https://maps.google.com/?cid=16109322979392699995&g_mp=Cilnb29nbGUubWFwcy5wbGFjZXMudjEuUGxhY2VzLlNlYXJjaE5lYXJieRACGAQgAA","google_icon_mask_base_uri":"https://maps.gstatic.com/mapfiles/place_api/icons/v2/restaurant_pinlet","google_icon_background_color":"#FF9E67","formatted_address":"Malin-awa, Butigue, Paracelis, 2625 Mountain Province, Philippines","business_status":"OPERATIONAL","rating":null,"user_rating_count":null,"barangay_slug":"butigue","barangay_name":"Butigue"},"geometry":{"type":"Point","coordinates":[121.4594025,17.1118459]}},{"type":"Feature","properties":{"name":"St. Williams Multi - Purpose Cooperative","kind":"business","kind_label":"Business","source":"google_places","google_place_id":"ChIJj40_Y-HxjzMRfK-dGNwaQek","google_primary_type":"bank","google_primary_type_label":"Bank","google_types":["bank","finance","point_of_interest","establishment"],"google_maps_uri":"https://maps.google.com/?cid=16807744816931516284&g_mp=Cilnb29nbGUubWFwcy5wbGFjZXMudjEuUGxhY2VzLlNlYXJjaE5lYXJieRACGAQgAA","google_icon_mask_base_uri":"https://maps.gstatic.com/mapfiles/place_api/icons/v2/bank-intl_pinlet","google_icon_background_color":"#909CE1","formatted_address":"Paracelis, Mountain Province, Philippines","business_status":"OPERATIONAL","rating":3.8,"user_rating_count":4,"barangay_slug":"butigue","barangay_name":"Butigue"},"geometry":{"type":"Point","coordinates":[121.44927159999999,17.105547599999998]}},{"type":"Feature","properties":{"name":"Turod","kind":"business","kind_label":"Business","source":"google_places","google_place_id":"ChIJORtbtU_xjzMRN2aemdLAa7w","google_primary_type":"service","google_primary_type_label":"Services","google_types":["point_of_interest","service","establishment"],"google_maps_uri":"https://maps.google.com/?cid=13577157512391452215&g_mp=Cidnb29nbGUubWFwcy5wbGFjZXMudjEuUGxhY2VzLlNlYXJjaFRleHQQAhgEIAA","google_icon_mask_base_uri":"https://maps.gstatic.com/mapfiles/place_api/icons/v2/generic_pinlet","google_icon_background_color":"#7B9EB0","formatted_address":"3FV2+XGP, Paracelis, Mountain Province, Philippines","business_status":"OPERATIONAL","rating":null,"user_rating_count":null,"barangay_slug":"butigue","barangay_name":"Butigue"},"geometry":{"type":"Point","coordinates":[121.45133140000002,17.0949506]}},{"type":"Feature","properties":{"name":"MDC Obstetrics and Gynecology Clinic","kind":"clinic","kind_label":"Clinic","source":"google_places","google_place_id":"ChIJudeRUJ3xjzMR6NwhbcQSIIE","google_primary_type":"doctor","google_primary_type_label":"Doctor","google_types":["doctor","health","point_of_interest","establishment"],"google_maps_uri":"https://maps.google.com/?cid=9304457465001270504&g_mp=Cilnb29nbGUubWFwcy5wbGFjZXMudjEuUGxhY2VzLlNlYXJjaE5lYXJieRACGAQgAA","google_icon_mask_base_uri":"https://maps.gstatic.com/mapfiles/place_api/icons/v2/generic_pinlet","google_icon_background_color":"#7B9EB0","formatted_address":"Pontian, Butigue, Paracelis, Mountain Province, Philippines","business_status":"OPERATIONAL","rating":null,"user_rating_count":null,"barangay_slug":"butigue","barangay_name":"Butigue"},"geometry":{"type":"Point","coordinates":[121.4652347,17.0969509]}},{"type":"Feature","properties":{"name":"William's Pharmacy","kind":"clinic","kind_label":"Clinic","source":"google_places","google_place_id":"ChIJ6eq-Y-HxjzMRJj-rI01uX-M","google_primary_type":"pharmacy","google_primary_type_label":"Pharmacy","google_types":["pharmacy","store","health","point_of_interest","establishment"],"google_maps_uri":"https://maps.google.com/?cid=16383935246987116326&g_mp=Cilnb29nbGUubWFwcy5wbGFjZXMudjEuUGxhY2VzLlNlYXJjaE5lYXJieRACGAQgAA","google_icon_mask_base_uri":"https://maps.gstatic.com/mapfiles/place_api/icons/v2/pharmacy_pinlet","google_icon_background_color":"#F88181","formatted_address":"Paracelis, Mountain Province, Philippines","business_status":"OPERATIONAL","rating":null,"user_rating_count":null,"barangay_slug":"butigue","barangay_name":"Butigue"},"geometry":{"type":"Point","coordinates":[121.44944029999999,17.1055311]}},{"type":"Feature","properties":{"name":"Cabuan","kind":"market","kind_label":"Market","source":"google_places","google_place_id":"ChIJibjhWwDxjzMRpkiS7FK3DRI","google_primary_type":"general_store","google_primary_type_label":"General Store","google_types":["general_store","food_store","store","point_of_interest","food","establishment"],"google_maps_uri":"https://maps.google.com/?cid=1300897434164152486&g_mp=Cilnb29nbGUubWFwcy5wbGFjZXMudjEuUGxhY2VzLlNlYXJjaE5lYXJieRACGAQgAA","google_icon_mask_base_uri":"https://maps.gstatic.com/mapfiles/place_api/icons/v2/shopping_pinlet","google_icon_background_color":"#4B96F3","formatted_address":"3FV2+XGP, Paracelis, Mountain Province, Philippines","business_status":"OPERATIONAL","rating":null,"user_rating_count":null,"barangay_slug":"butigue","barangay_name":"Butigue"},"geometry":{"type":"Point","coordinates":[121.45133140000002,17.0949506]}},{"type":"Feature","properties":{"name":"ULLIPAN STORE","kind":"market","kind_label":"Market","source":"google_places","google_place_id":"ChIJnf7L2e7xjzMR-jvW0I5aA-w","google_primary_type":"grocery_store","google_primary_type_label":"Grocery Store","google_types":["grocery_store","food_store","store","point_of_interest","food","establishment"],"google_maps_uri":"https://maps.google.com/?cid=17006536187316681722&g_mp=Cilnb29nbGUubWFwcy5wbGFjZXMudjEuUGxhY2VzLlNlYXJjaE5lYXJieRACGAQgAA","google_icon_mask_base_uri":"https://maps.gstatic.com/mapfiles/place_api/icons/v2/shoppingcart_pinlet","google_icon_background_color":"#4B96F3","formatted_address":"4F36+V25, Mount Province - Isabela Rd, Paracelis, Mountain Province, Philippines","business_status":"OPERATIONAL","rating":null,"user_rating_count":null,"barangay_slug":"butigue","barangay_name":"Butigue"},"geometry":{"type":"Point","coordinates":[121.46010109999999,17.104646799999998]}},{"type":"Feature","properties":{"name":"Umalikayu Kasin","kind":"market","kind_label":"Market","source":"google_places","google_place_id":"ChIJ_xqcFQDxjzMRdIWsbB3fqTo","google_primary_type":"bakery","google_primary_type_label":"Bakery","google_types":["bakery","food_store","food","point_of_interest","store","establishment"],"google_maps_uri":"https://maps.google.com/?cid=4227155042734212468&g_mp=Cilnb29nbGUubWFwcy5wbGFjZXMudjEuUGxhY2VzLlNlYXJjaE5lYXJieRACGAQgAA","google_icon_mask_base_uri":"https://maps.gstatic.com/mapfiles/place_api/icons/v2/restaurant_pinlet","google_icon_background_color":"#FF9E67","formatted_address":"3FX6+2WW, Paracelis, Mountain Province, Philippines","business_status":"OPERATIONAL","rating":5,"user_rating_count":5,"barangay_slug":"butigue","barangay_name":"Butigue"},"geometry":{"type":"Point","coordinates":[121.46231539999998,17.0976046]}},{"type":"Feature","properties":{"name":"Butigue Elementary School","kind":"school","kind_label":"School","source":"google_places","google_place_id":"ChIJM29D3uvxjzMRB5vgP4cpTs8","google_primary_type":"primary_school","google_primary_type_label":"Elementary School","google_types":["primary_school","school","educational_institution","point_of_interest","establishment"],"google_maps_uri":"https://maps.google.com/?cid=14937922674903522055&g_mp=Cilnb29nbGUubWFwcy5wbGFjZXMudjEuUGxhY2VzLlNlYXJjaE5lYXJieRACGAQgAA","google_icon_mask_base_uri":"https://maps.gstatic.com/mapfiles/place_api/icons/v2/school_pinlet","google_icon_background_color":"#7B9EB0","formatted_address":"4F27+Q5Q, Paracelis, Mountain Province, Philippines","business_status":"OPERATIONAL","rating":null,"user_rating_count":null,"barangay_slug":"butigue","barangay_name":"Butigue"},"geometry":{"type":"Point","coordinates":[121.4629947,17.1019547]}},{"type":"Feature","properties":{"name":"Butigue National High School","kind":"school","kind_label":"School","source":"google_places","google_place_id":"ChIJp4G3HOzxjzMRJ8ZPKIRuh14","google_primary_type":"secondary_school","google_primary_type_label":"High school","google_types":["secondary_school","school","educational_institution","point_of_interest","establishment"],"google_maps_uri":"https://maps.google.com/?cid=6811534475312219687&g_mp=Cilnb29nbGUubWFwcy5wbGFjZXMudjEuUGxhY2VzLlNlYXJjaE5lYXJieRACGAQgAA","google_icon_mask_base_uri":"https://maps.gstatic.com/mapfiles/place_api/icons/v2/school_pinlet","google_icon_background_color":"#7B9EB0","formatted_address":"4F37+J59, Paracelis, Mountain Province, Philippines","business_status":"OPERATIONAL","rating":null,"user_rating_count":null,"barangay_slug":"butigue","barangay_name":"Butigue"},"geometry":{"type":"Point","coordinates":[121.4629966,17.1040341]}},{"type":"Feature","properties":{"name":"Balatongbeans place","kind":"tourism","kind_label":"Tourism","source":"google_places","google_place_id":"ChIJv6s33iDxjzMRM018YIWvtQM","google_primary_type":"tourist_attraction","google_primary_type_label":"Tourist Attraction","google_types":["tourist_attraction","point_of_interest","establishment"],"google_maps_uri":"https://maps.google.com/?cid=267312740282682675&g_mp=Cilnb29nbGUubWFwcy5wbGFjZXMudjEuUGxhY2VzLlNlYXJjaE5lYXJieRACGAQgAA","google_icon_mask_base_uri":"https://maps.gstatic.com/mapfiles/place_api/icons/v2/generic_pinlet","google_icon_background_color":"#13B5C7","formatted_address":"Butigue, Paracelis, Mountain Province, Philippines","business_status":"OPERATIONAL","rating":null,"user_rating_count":null,"barangay_slug":"butigue","barangay_name":"Butigue"},"geometry":{"type":"Point","coordinates":[121.45979829999999,17.097621099999998]}},{"type":"Feature","properties":{"name":"SwmpC Farm & Resort","kind":"tourism","kind_label":"Tourism","source":"google_places","google_place_id":"ChIJe3aB-a7xjzMRKZR-7gc4H9Y","google_primary_type":"resort_hotel","google_primary_type_label":"Resort hotel","google_types":["resort_hotel","hotel","lodging","point_of_interest","establishment"],"google_maps_uri":"https://maps.google.com/?cid=15429112455111808041&g_mp=Cilnb29nbGUubWFwcy5wbGFjZXMudjEuUGxhY2VzLlNlYXJjaE5lYXJieRACGAQgAA","google_icon_mask_base_uri":"https://maps.gstatic.com/mapfiles/place_api/icons/v2/hotel_pinlet","google_icon_background_color":"#909CE1","formatted_address":"Pontian, Butigue, Paracelis, 2625 Mountain Province, Philippines","business_status":"OPERATIONAL","rating":5,"user_rating_count":2,"barangay_slug":"butigue","barangay_name":"Butigue"},"geometry":{"type":"Point","coordinates":[121.4678109,17.0988474]}},{"type":"Feature","properties":{"name":"BUTIGUE - Bride Of The Lord Jesus Christ","kind":"worship","kind_label":"Worship","source":"google_places","google_place_id":"ChIJ7dxVIKPxjzMRYcHD5R5LGcQ","google_primary_type":"church","google_primary_type_label":"Church","google_types":["church","place_of_worship","association_or_organization","point_of_interest","establishment"],"google_maps_uri":"https://maps.google.com/?cid=14130407901927555425&g_mp=Cilnb29nbGUubWFwcy5wbGFjZXMudjEuUGxhY2VzLlNlYXJjaE5lYXJieRACGAQgAA","google_icon_mask_base_uri":"https://maps.gstatic.com/mapfiles/place_api/icons/v2/worship_christian_pinlet","google_icon_background_color":"#7B9EB0","formatted_address":"3FX3+P87, Paracelis, Mountain Province, Philippines","business_status":"OPERATIONAL","rating":4.5,"user_rating_count":2,"barangay_slug":"butigue","barangay_name":"Butigue"},"geometry":{"type":"Point","coordinates":[121.45328509999999,17.099296]}},{"type":"Feature","properties":{"name":"Butigue Evangelical Alliance Church","kind":"worship","kind_label":"Worship","source":"google_places","google_place_id":"ChIJVXw9NADxjzMRF8-G3SWfKtA","google_primary_type":"church","google_primary_type_label":"Church","google_types":["church","place_of_worship","association_or_organization","point_of_interest","establishment"],"google_maps_uri":"https://maps.google.com/?cid=14999976493890064151&g_mp=Cilnb29nbGUubWFwcy5wbGFjZXMudjEuUGxhY2VzLlNlYXJjaE5lYXJieRACGAQgAA","google_icon_mask_base_uri":"https://maps.gstatic.com/mapfiles/place_api/icons/v2/worship_christian_pinlet","google_icon_background_color":"#7B9EB0","formatted_address":"813 Mount Province - Isabela Rd, Paracelis, Mountain Province, Philippines","business_status":"OPERATIONAL","rating":5,"user_rating_count":3,"barangay_slug":"butigue","barangay_name":"Butigue"},"geometry":{"type":"Point","coordinates":[121.45610749999999,17.105463999999998]}},{"type":"Feature","properties":{"name":"St. Wlliam's Parish","kind":"worship","kind_label":"Worship","source":"google_places","google_place_id":"ChIJZf1yeADxjzMRteAGuzfW8E4","google_primary_type":"church","google_primary_type_label":"Church","google_types":["church","place_of_worship","association_or_organization","point_of_interest","establishment"],"google_maps_uri":"https://maps.google.com/?cid=5688281864218271925&g_mp=Cilnb29nbGUubWFwcy5wbGFjZXMudjEuUGxhY2VzLlNlYXJjaE5lYXJieRACGAQgAA","google_icon_mask_base_uri":"https://maps.gstatic.com/mapfiles/place_api/icons/v2/worship_christian_pinlet","google_icon_background_color":"#7B9EB0","formatted_address":"4C3X+VQ9, Paracelis, Mountain Province, Philippines","business_status":"OPERATIONAL","rating":null,"user_rating_count":null,"barangay_slug":"butigue","barangay_name":"Butigue"},"geometry":{"type":"Point","coordinates":[121.44949499999998,17.1046612]}},{"type":"Feature","properties":{"name":"CG's Accessories & repair shop","kind":"business","kind_label":"Business","source":"google_places","google_place_id":"ChIJ27eTMgDzjzMRqaoda5s4GRY","google_primary_type":"auto_parts_store","google_primary_type_label":"Auto Parts Store","google_types":["auto_parts_store","car_repair","store","service","point_of_interest","establishment"],"google_maps_uri":"https://maps.google.com/?cid=1592366183420373673&g_mp=Cilnb29nbGUubWFwcy5wbGFjZXMudjEuUGxhY2VzLlNlYXJjaE5lYXJieRACGAQgAA","google_icon_mask_base_uri":"https://maps.gstatic.com/mapfiles/place_api/icons/v2/shopping_pinlet","google_icon_background_color":"#4B96F3","formatted_address":"4FFF+627, Paracelis, Mountain Province, Philippines","business_status":"OPERATIONAL","rating":null,"user_rating_count":null,"barangay_slug":"palitod","barangay_name":"Palitod"},"geometry":{"type":"Point","coordinates":[121.472542,17.1230409]}},{"type":"Feature","properties":{"name":"magnolia school little","kind":"business","kind_label":"Business","source":"google_places","google_place_id":"ChIJPTOSQwDxjzMR8-25OAsypYc","google_primary_type":"association_or_organization","google_primary_type_label":"Association / Organization","google_types":["association_or_organization","point_of_interest","establishment"],"google_maps_uri":"https://maps.google.com/?cid=9774273590055267827&g_mp=Cidnb29nbGUubWFwcy5wbGFjZXMudjEuUGxhY2VzLlNlYXJjaFRleHQQAhgEIAA","google_icon_mask_base_uri":"https://maps.gstatic.com/mapfiles/place_api/icons/v2/generic_pinlet","google_icon_background_color":"#7B9EB0","formatted_address":"3GJ6+WM2, Palitud, Paracelis, Mountain Province, Philippines","business_status":"OPERATIONAL","rating":5,"user_rating_count":1,"barangay_slug":"palitod","barangay_name":"Palitod"},"geometry":{"type":"Point","coordinates":[121.5116389,17.082252699999998]}},{"type":"Feature","properties":{"name":"Barangay Hall","kind":"govt","kind_label":"Government","source":"google_places","google_place_id":"ChIJ3Z5PnCbyjzMRu4cRiZx2V1I","google_primary_type":"community_center","google_primary_type_label":"Community Center","google_types":["community_center","local_government_office","event_venue","government_office","point_of_interest","service","establishment"],"google_maps_uri":"https://maps.google.com/?cid=5933341448770521019&g_mp=Cilnb29nbGUubWFwcy5wbGFjZXMudjEuUGxhY2VzLlNlYXJjaE5lYXJieRACGAQgAA","google_icon_mask_base_uri":"https://maps.gstatic.com/mapfiles/place_api/icons/v2/generic_pinlet","google_icon_background_color":"#7B9EB0","formatted_address":"4FCG+QCG, Paracelis, Mountain Province, Philippines","business_status":"OPERATIONAL","rating":null,"user_rating_count":null,"barangay_slug":"palitod","barangay_name":"Palitod"},"geometry":{"type":"Point","coordinates":[121.4760916,17.121947]}},{"type":"Feature","properties":{"name":"Paracelis Corn-Feed Mill (OPAG-MP SUB-OFFICE)","kind":"govt","kind_label":"Government","source":"google_places","google_place_id":"ChIJY6xxeQDxjzMRn_o17gySBxc","google_primary_type":"government_office","google_primary_type_label":"Government Office","google_types":["government_office","point_of_interest","establishment"],"google_maps_uri":"https://maps.google.com/?cid=1659455571943094943&g_mp=Cilnb29nbGUubWFwcy5wbGFjZXMudjEuUGxhY2VzLlNlYXJjaE5lYXJieRACGAQgAA","google_icon_mask_base_uri":"https://maps.gstatic.com/mapfiles/place_api/icons/v2/civic-bldg_pinlet","google_icon_background_color":"#7B9EB0","formatted_address":"4F3J+962, Sinigpit Palitud, Paracelis, Mountain Province, Philippines","business_status":"OPERATIONAL","rating":null,"user_rating_count":null,"barangay_slug":"palitod","barangay_name":"Palitod"},"geometry":{"type":"Point","coordinates":[121.48050049999998,17.103378199999998]}},{"type":"Feature","properties":{"name":"Burayok Elementary School","kind":"school","kind_label":"School","source":"google_places","google_place_id":"ChIJAQD8hIHxjzMR6OJamtmsyZ0","google_primary_type":"primary_school","google_primary_type_label":"Elementary School","google_types":["primary_school","school","educational_institution","point_of_interest","establishment"],"google_maps_uri":"https://maps.google.com/?cid=11369808784871056104&g_mp=Cilnb29nbGUubWFwcy5wbGFjZXMudjEuUGxhY2VzLlNlYXJjaE5lYXJieRACGAQgAA","google_icon_mask_base_uri":"https://maps.gstatic.com/mapfiles/place_api/icons/v2/school_pinlet","google_icon_background_color":"#7B9EB0","formatted_address":"4F5R+F8X, Paracelis, Mountain Province, Philippines","business_status":"OPERATIONAL","rating":null,"user_rating_count":null,"barangay_slug":"palitod","barangay_name":"Palitod"},"geometry":{"type":"Point","coordinates":[121.48897660000002,17.1099697]}},{"type":"Feature","properties":{"name":"Cabulalaan Primary School","kind":"school","kind_label":"School","source":"google_places","google_place_id":"ChIJq6q-OozxjzMRIO22vBfXBsU","google_primary_type":"primary_school","google_primary_type_label":"Primary School","google_types":["primary_school","school","educational_institution","point_of_interest","establishment"],"google_maps_uri":"https://maps.google.com/?cid=14197271372282391840&g_mp=Cilnb29nbGUubWFwcy5wbGFjZXMudjEuUGxhY2VzLlNlYXJjaE5lYXJieRACGAQgAA","google_icon_mask_base_uri":"https://maps.gstatic.com/mapfiles/place_api/icons/v2/school_pinlet","google_icon_background_color":"#7B9EB0","formatted_address":"4F6F+39J, Paracelis, Mountain Province, Philippines","business_status":"OPERATIONAL","rating":null,"user_rating_count":null,"barangay_slug":"palitod","barangay_name":"Palitod"},"geometry":{"type":"Point","coordinates":[121.4734017,17.110221]}},{"type":"Feature","properties":{"name":"Cattungan Primary School","kind":"school","kind_label":"School","source":"google_places","google_place_id":"ChIJq6p6CHPxjzMRT3I_AM9zaTM","google_primary_type":"primary_school","google_primary_type_label":"Primary School","google_types":["primary_school","school","educational_institution","point_of_interest","establishment"],"google_maps_uri":"https://maps.google.com/?cid=3704619501388526159&g_mp=Cilnb29nbGUubWFwcy5wbGFjZXMudjEuUGxhY2VzLlNlYXJjaE5lYXJieRACGAQgAA","google_icon_mask_base_uri":"https://maps.gstatic.com/mapfiles/place_api/icons/v2/school_pinlet","google_icon_background_color":"#7B9EB0","formatted_address":"3FVX+QMJ, Paracelis, Mountain Province, Philippines","business_status":"OPERATIONAL","rating":null,"user_rating_count":null,"barangay_slug":"palitod","barangay_name":"Palitod"},"geometry":{"type":"Point","coordinates":[121.49912649999999,17.0944695]}},{"type":"Feature","properties":{"name":"Palitod Elementary School","kind":"school","kind_label":"School","source":"google_places","google_place_id":"ChIJHz53zTHyjzMRXf-Ey-Y965g","google_primary_type":"primary_school","google_primary_type_label":"Elementary School","google_types":["primary_school","school","educational_institution","point_of_interest","establishment"],"google_maps_uri":"https://maps.google.com/?cid=11018968974758313821&g_mp=Cilnb29nbGUubWFwcy5wbGFjZXMudjEuUGxhY2VzLlNlYXJjaE5lYXJieRACGAQgAA","google_icon_mask_base_uri":"https://maps.gstatic.com/mapfiles/place_api/icons/v2/school_pinlet","google_icon_background_color":"#7B9EB0","formatted_address":"4FGM+Q57, Paracelis, Mountain Province, Philippines","business_status":"OPERATIONAL","rating":null,"user_rating_count":null,"barangay_slug":"palitod","barangay_name":"Palitod"},"geometry":{"type":"Point","coordinates":[121.4829125,17.126917199999998]}},{"type":"Feature","properties":{"name":"Palitod National High School","kind":"school","kind_label":"School","source":"google_places","google_place_id":"ChIJGT9UMYfxjzMRXQ93_mwJoHo","google_primary_type":"secondary_school","google_primary_type_label":"High school","google_types":["secondary_school","school","educational_institution","point_of_interest","establishment"],"google_maps_uri":"https://maps.google.com/?cid=8836072832631246685&g_mp=Cilnb29nbGUubWFwcy5wbGFjZXMudjEuUGxhY2VzLlNlYXJjaE5lYXJieRACGAQgAA","google_icon_mask_base_uri":"https://maps.gstatic.com/mapfiles/place_api/icons/v2/school_pinlet","google_icon_background_color":"#7B9EB0","formatted_address":"4F7P+F4V, Paracelis, Mountain Province, Philippines","business_status":"OPERATIONAL","rating":null,"user_rating_count":null,"barangay_slug":"palitod","barangay_name":"Palitod"},"geometry":{"type":"Point","coordinates":[121.48528970000001,17.113730399999998]}},{"type":"Feature","properties":{"name":"Hanging Bridge, Palitod","kind":"tourism","kind_label":"Tourism","source":"google_places","google_place_id":"ChIJA9ZiGQDzjzMRWnVPbaZCpJQ","google_primary_type":"tourist_attraction","google_primary_type_label":"Tourist Attraction","google_types":["tourist_attraction","point_of_interest","establishment"],"google_maps_uri":"https://maps.google.com/?cid=10710759096359810394&g_mp=Cilnb29nbGUubWFwcy5wbGFjZXMudjEuUGxhY2VzLlNlYXJjaE5lYXJieRACGAQgAA","google_icon_mask_base_uri":"https://maps.gstatic.com/mapfiles/place_api/icons/v2/generic_pinlet","google_icon_background_color":"#13B5C7","formatted_address":"4F9G+WX, Paracelis, Mountain Province, Philippines","business_status":"OPERATIONAL","rating":3.7,"user_rating_count":3,"barangay_slug":"palitod","barangay_name":"Palitod"},"geometry":{"type":"Point","coordinates":[121.4774082,17.1198527]}},{"type":"Feature","properties":{"name":"Hill Top Palitod","kind":"tourism","kind_label":"Tourism","source":"google_places","google_place_id":"ChIJNWyPMQDzjzMR_ZDAup8ZjE4","google_primary_type":"tourist_attraction","google_primary_type_label":"Tourist Attraction","google_types":["tourist_attraction","point_of_interest","establishment"],"google_maps_uri":"https://maps.google.com/?cid=5659927005521547517&g_mp=Cilnb29nbGUubWFwcy5wbGFjZXMudjEuUGxhY2VzLlNlYXJjaE5lYXJieRACGAQgAA","google_icon_mask_base_uri":"https://maps.gstatic.com/mapfiles/place_api/icons/v2/generic_pinlet","google_icon_background_color":"#13B5C7","formatted_address":"4FCV+4M, Paracelis, Mountain Province, Philippines","business_status":"OPERATIONAL","rating":5,"user_rating_count":1,"barangay_slug":"palitod","barangay_name":"Palitod"},"geometry":{"type":"Point","coordinates":[121.4941606,17.1203334]}},{"type":"Feature","properties":{"name":"Jake BACATE’s place","kind":"tourism","kind_label":"Tourism","source":"google_places","google_place_id":"ChIJLSlCVwDzjzMRDAIeN3yEsv8","google_primary_type":"tourist_attraction","google_primary_type_label":"Tourist Attraction","google_types":["tourist_attraction","point_of_interest","establishment"],"google_maps_uri":"https://maps.google.com/?cid=18424934694561645068&g_mp=Cilnb29nbGUubWFwcy5wbGFjZXMudjEuUGxhY2VzLlNlYXJjaE5lYXJieRACGAQgAA","google_icon_mask_base_uri":"https://maps.gstatic.com/mapfiles/place_api/icons/v2/generic_pinlet","google_icon_background_color":"#13B5C7","formatted_address":"4FH2+94, Paracelis, Mountain Province, Philippines","business_status":"OPERATIONAL","rating":null,"user_rating_count":null,"barangay_slug":"palitod","barangay_name":"Palitod"},"geometry":{"type":"Point","coordinates":[121.45035449999999,17.1284273]}},{"type":"Feature","properties":{"name":"Pinsal maalaliwat","kind":"tourism","kind_label":"Tourism","source":"google_places","google_place_id":"ChIJwXtgKADxjzMRLvGRcBuUExE","google_primary_type":"tourist_attraction","google_primary_type_label":"Tourist Attraction","google_types":["tourist_attraction","point_of_interest","establishment"],"google_maps_uri":"https://maps.google.com/?cid=1230489968775917870&g_mp=Cilnb29nbGUubWFwcy5wbGFjZXMudjEuUGxhY2VzLlNlYXJjaE5lYXJieRACGAQgAA","google_icon_mask_base_uri":"https://maps.gstatic.com/mapfiles/place_api/icons/v2/generic_pinlet","google_icon_background_color":"#13B5C7","formatted_address":"4F6P+265, Palitud, Paracelis, Mountain Province, Philippines","business_status":"OPERATIONAL","rating":null,"user_rating_count":null,"barangay_slug":"palitod","barangay_name":"Palitod"},"geometry":{"type":"Point","coordinates":[121.4856066,17.110024]}},{"type":"Feature","properties":{"name":"UECFI Tulong ti Biag","kind":"worship","kind_label":"Worship","source":"google_places","google_place_id":"ChIJLVIBWU7zjzMRxMlDe5txcl0","google_primary_type":"church","google_primary_type_label":"Church","google_types":["church","place_of_worship","association_or_organization","point_of_interest","establishment"],"google_maps_uri":"https://maps.google.com/?cid=6733569305474222532&g_mp=Cilnb29nbGUubWFwcy5wbGFjZXMudjEuUGxhY2VzLlNlYXJjaE5lYXJieRACGAQgAA","google_icon_mask_base_uri":"https://maps.gstatic.com/mapfiles/place_api/icons/v2/worship_christian_pinlet","google_icon_background_color":"#7B9EB0","formatted_address":"4FGF+5J9, Paracelis, Mountain Province, Philippines","business_status":"OPERATIONAL","rating":null,"user_rating_count":null,"barangay_slug":"palitod","barangay_name":"Palitod"},"geometry":{"type":"Point","coordinates":[121.47412209999999,17.1254207]}},{"type":"Feature","properties":{"name":"4JS EATERY","kind":"business","kind_label":"Business","source":"google_places","google_place_id":"ChIJVerhCwPtjzMREZ1VN5GzaBs","google_primary_type":"restaurant","google_primary_type_label":"Restaurant","google_types":["restaurant","food","point_of_interest","establishment"],"google_maps_uri":"https://maps.google.com/?cid=1975025872881949969&g_mp=Cilnb29nbGUubWFwcy5wbGFjZXMudjEuUGxhY2VzLlNlYXJjaE5lYXJieRACGAQgAA","google_icon_mask_base_uri":"https://maps.gstatic.com/mapfiles/place_api/icons/v2/restaurant_pinlet","google_icon_background_color":"#FF9E67","formatted_address":"Paracelis, Mountain Province, Philippines","business_status":"OPERATIONAL","rating":2,"user_rating_count":1,"barangay_slug":"poblacion","barangay_name":"Poblacion"},"geometry":{"type":"Point","coordinates":[121.403834,17.1794391]}},{"type":"Feature","properties":{"name":"ACV LAUNDRY SHOP","kind":"business","kind_label":"Business","source":"google_places","google_place_id":"ChIJHyclAY7tjzMRlMi4TN0evLA","google_primary_type":"laundry","google_primary_type_label":"Laundry","google_types":["laundry","point_of_interest","service","establishment"],"google_maps_uri":"https://maps.google.com/?cid=12735087782120704148&g_mp=Cidnb29nbGUubWFwcy5wbGFjZXMudjEuUGxhY2VzLlNlYXJjaFRleHQQAhgEIAA","google_icon_mask_base_uri":"https://maps.gstatic.com/mapfiles/place_api/icons/v2/generic_pinlet","google_icon_background_color":"#7B9EB0","formatted_address":"Fontanilla Rd, Badok St, Poblacion, Paracelis, 2625 Mountain Province, Philippines","business_status":"OPERATIONAL","rating":null,"user_rating_count":null,"barangay_slug":"poblacion","barangay_name":"Poblacion"},"geometry":{"type":"Point","coordinates":[121.39880640000001,17.1864401]}},{"type":"Feature","properties":{"name":"Aling's Store, Upper Amolong","kind":"business","kind_label":"Business","source":"google_places","google_place_id":"ChIJr3EFRQDtjzMR-iIQmiTbAhQ","google_primary_type":"car_wash","google_primary_type_label":"Car Wash","google_types":["car_wash","point_of_interest","service","establishment"],"google_maps_uri":"https://maps.google.com/?cid=1441955780962034426&g_mp=Cidnb29nbGUubWFwcy5wbGFjZXMudjEuUGxhY2VzLlNlYXJjaFRleHQQAhgEIAA","google_icon_mask_base_uri":"https://maps.gstatic.com/mapfiles/place_api/icons/v2/generic_pinlet","google_icon_background_color":"#7B9EB0","formatted_address":"5978+R45, Paracelis - Natonin Rd, Paracelis, Mountain Province, Philippines","business_status":"OPERATIONAL","rating":null,"user_rating_count":null,"barangay_slug":"poblacion","barangay_name":"Poblacion"},"geometry":{"type":"Point","coordinates":[121.36535289999998,17.1645031]}},{"type":"Feature","properties":{"name":"Amazing Grace Mount Calvary Church Inc.","kind":"business","kind_label":"Business","source":"google_places","google_place_id":"ChIJ2RWKahXtjzMR_4M7WDg2Ufk","google_primary_type":"association_or_organization","google_primary_type_label":"Association / Organization","google_types":["association_or_organization","point_of_interest","establishment"],"google_maps_uri":"https://maps.google.com/?cid=17965200004183983103&g_mp=Cidnb29nbGUubWFwcy5wbGFjZXMudjEuUGxhY2VzLlNlYXJjaFRleHQQAhgEIAA","google_icon_mask_base_uri":"https://maps.gstatic.com/mapfiles/place_api/icons/v2/generic_pinlet","google_icon_background_color":"#7B9EB0","formatted_address":"Dagawe, Paracelis, 2625 Mountain Province, Philippines","business_status":"OPERATIONAL","rating":null,"user_rating_count":null,"barangay_slug":"poblacion","barangay_name":"Poblacion"},"geometry":{"type":"Point","coordinates":[121.3880052,17.2039496]}},{"type":"Feature","properties":{"name":"BALAO-AS RESTAURANT","kind":"business","kind_label":"Business","source":"google_places","google_place_id":"ChIJ-7qTmv7sjzMR9mdLSOsmeUA","google_primary_type":"restaurant","google_primary_type_label":"Restaurant","google_types":["restaurant","food","point_of_interest","establishment"],"google_maps_uri":"https://maps.google.com/?cid=4645787282581448694&g_mp=Cilnb29nbGUubWFwcy5wbGFjZXMudjEuUGxhY2VzLlNlYXJjaE5lYXJieRACGAQgAA","google_icon_mask_base_uri":"https://maps.gstatic.com/mapfiles/place_api/icons/v2/restaurant_pinlet","google_icon_background_color":"#FF9E67","formatted_address":"Paracelis, Mountain Province, Philippines","business_status":"OPERATIONAL","rating":4.3,"user_rating_count":8,"barangay_slug":"poblacion","barangay_name":"Poblacion"},"geometry":{"type":"Point","coordinates":[121.39622879999999,17.177265]}},{"type":"Feature","properties":{"name":"Bangko Montañosa, Inc. - Poblacion, Paracelis, Mountain Province","kind":"business","kind_label":"Business","source":"google_places","google_place_id":"ChIJFeLHKx3tjzMRrwpAtqymhWA","google_primary_type":"bank","google_primary_type_label":"Bank","google_types":["bank","finance","point_of_interest","establishment"],"google_maps_uri":"https://maps.google.com/?cid=6955148460265835183&g_mp=Cilnb29nbGUubWFwcy5wbGFjZXMudjEuUGxhY2VzLlNlYXJjaE5lYXJieRACGAQgAA","google_icon_mask_base_uri":"https://maps.gstatic.com/mapfiles/place_api/icons/v2/bank-intl_pinlet","google_icon_background_color":"#909CE1","formatted_address":"National Road, Poblacion, Paracelis, Mountain Province, Philippines","business_status":"OPERATIONAL","rating":5,"user_rating_count":4,"barangay_slug":"poblacion","barangay_name":"Poblacion"},"geometry":{"type":"Point","coordinates":[121.4025628,17.1822649]}},{"type":"Feature","properties":{"name":"Bechay's Kainan","kind":"business","kind_label":"Business","source":"google_places","google_place_id":"ChIJYWDfg47tjzMRFA_yIp_kaO0","google_primary_type":"fast_food_restaurant","google_primary_type_label":"Fast Food Restaurant","google_types":["fast_food_restaurant","restaurant","point_of_interest","food","establishment"],"google_maps_uri":"https://maps.google.com/?cid=17107174556704050964&g_mp=Cilnb29nbGUubWFwcy5wbGFjZXMudjEuUGxhY2VzLlNlYXJjaE5lYXJieRACGAQgAA","google_icon_mask_base_uri":"https://maps.gstatic.com/mapfiles/place_api/icons/v2/restaurant_pinlet","google_icon_background_color":"#FF9E67","formatted_address":"Dagawe, Poblacion, Paracelis, 2625 Mountain Province, Philippines","business_status":"OPERATIONAL","rating":null,"user_rating_count":null,"barangay_slug":"poblacion","barangay_name":"Poblacion"},"geometry":{"type":"Point","coordinates":[121.4035133,17.180382899999998]}},{"type":"Feature","properties":{"name":"Biogan Computer Services Paracelis Branch","kind":"business","kind_label":"Business","source":"google_places","google_place_id":"ChIJrfAeyabtjzMRb_PZzRUnD8g","google_primary_type":null,"google_primary_type_label":null,"google_types":["point_of_interest","establishment"],"google_maps_uri":"https://maps.google.com/?cid=14415783906837656431&g_mp=Cidnb29nbGUubWFwcy5wbGFjZXMudjEuUGxhY2VzLlNlYXJjaFRleHQQAhgEIAA","google_icon_mask_base_uri":"https://maps.gstatic.com/mapfiles/place_api/icons/v2/generic_pinlet","google_icon_background_color":"#7B9EB0","formatted_address":"Paracelis - Natonin Rd, Poblacion, Paracelis, 2625 Mountain Province, Philippines","business_status":"OPERATIONAL","rating":5,"user_rating_count":1,"barangay_slug":"poblacion","barangay_name":"Poblacion"},"geometry":{"type":"Point","coordinates":[121.40237339999999,17.1795266]}},{"type":"Feature","properties":{"name":"CAFÈ MERCATO","kind":"business","kind_label":"Business","source":"google_places","google_place_id":"ChIJ7Y_7-lXtjzMRIMLGnd9fxuI","google_primary_type":"cafe","google_primary_type_label":"Cafe","google_types":["cafe","food","point_of_interest","establishment"],"google_maps_uri":"https://maps.google.com/?cid=16340853711989817888&g_mp=Cilnb29nbGUubWFwcy5wbGFjZXMudjEuUGxhY2VzLlNlYXJjaE5lYXJieRACGAQgAA","google_icon_mask_base_uri":"https://maps.gstatic.com/mapfiles/place_api/icons/v2/cafe_pinlet","google_icon_background_color":"#FF9E67","formatted_address":"Marat Street, Paracelis, 2625 Mountain Province, Philippines","business_status":"OPERATIONAL","rating":null,"user_rating_count":null,"barangay_slug":"poblacion","barangay_name":"Poblacion"},"geometry":{"type":"Point","coordinates":[121.39069469999998,17.1888337]}},{"type":"Feature","properties":{"name":"CAYAG's sari-sari store","kind":"business","kind_label":"Business","source":"google_places","google_place_id":"ChIJwYYnpVjtjzMRg7okROtYnas","google_primary_type":"store","google_primary_type_label":"Store","google_types":["store","point_of_interest","establishment"],"google_maps_uri":"https://maps.google.com/?cid=12366137919313066627&g_mp=Cilnb29nbGUubWFwcy5wbGFjZXMudjEuUGxhY2VzLlNlYXJjaE5lYXJieRACGAQgAA","google_icon_mask_base_uri":"https://maps.gstatic.com/mapfiles/place_api/icons/v2/shopping_pinlet","google_icon_background_color":"#4B96F3","formatted_address":"Talubin - Barlig - Paracelis Rd, Poblacion, Paracelis, 2625 Mountain Province, Philippines","business_status":"OPERATIONAL","rating":5,"user_rating_count":1,"barangay_slug":"poblacion","barangay_name":"Poblacion"},"geometry":{"type":"Point","coordinates":[121.40172159999997,17.1794594]}},{"type":"Feature","properties":{"name":"CJ Gen Mdse","kind":"business","kind_label":"Business","source":"google_places","google_place_id":"ChIJS19cNRPtjzMR3IAQBHwwdS4","google_primary_type":"book_store","google_primary_type_label":"Book Store","google_types":["book_store","store","point_of_interest","establishment"],"google_maps_uri":"https://maps.google.com/?cid=3347635207222100188&g_mp=Cilnb29nbGUubWFwcy5wbGFjZXMudjEuUGxhY2VzLlNlYXJjaE5lYXJieRACGAQgAA","google_icon_mask_base_uri":"https://maps.gstatic.com/mapfiles/place_api/icons/v2/shopping_pinlet","google_icon_background_color":"#4B96F3","formatted_address":"5CJ3+P8F, Alfonso Lista - Paracelis Rd, Paracelis, Mountain Province, Philippines","business_status":"OPERATIONAL","rating":null,"user_rating_count":null,"barangay_slug":"poblacion","barangay_name":"Poblacion"},"geometry":{"type":"Point","coordinates":[121.4033047,17.1818045]}},{"type":"Feature","properties":{"name":"Countrysides Restaurant","kind":"business","kind_label":"Business","source":"google_places","google_place_id":"ChIJhaOYEVbtjzMRGgb9IGBRz5Y","google_primary_type":"restaurant","google_primary_type_label":"Restaurant","google_types":["restaurant","food","point_of_interest","establishment"],"google_maps_uri":"https://maps.google.com/?cid=10866993899180459546&g_mp=Cilnb29nbGUubWFwcy5wbGFjZXMudjEuUGxhY2VzLlNlYXJjaE5lYXJieRACGAQgAA","google_icon_mask_base_uri":"https://maps.gstatic.com/mapfiles/place_api/icons/v2/restaurant_pinlet","google_icon_background_color":"#FF9E67","formatted_address":"Junction, Paracelis, 2625 Mountain Province, Philippines","business_status":"OPERATIONAL","rating":null,"user_rating_count":null,"barangay_slug":"poblacion","barangay_name":"Poblacion"},"geometry":{"type":"Point","coordinates":[121.40369050000001,17.179942999999998]}},{"type":"Feature","properties":{"name":"Daisy gunday location","kind":"business","kind_label":"Business","source":"google_places","google_place_id":"ChIJjaAXHMPtjzMR0Z7deC96cE0","google_primary_type":"service","google_primary_type_label":"Services","google_types":["service","point_of_interest","establishment"],"google_maps_uri":"https://maps.google.com/?cid=5580094282621886161&g_mp=Cidnb29nbGUubWFwcy5wbGFjZXMudjEuUGxhY2VzLlNlYXJjaFRleHQQAhgEIAA","google_icon_mask_base_uri":"https://maps.gstatic.com/mapfiles/place_api/icons/v2/generic_pinlet","google_icon_background_color":"#7B9EB0","formatted_address":"59VX+687, Bulanao - Paracelis Rd, Paracelis, Mountain Province, Philippines","business_status":"OPERATIONAL","rating":5,"user_rating_count":2,"barangay_slug":"poblacion","barangay_name":"Poblacion"},"geometry":{"type":"Point","coordinates":[121.3982947,17.1930312]}},{"type":"Feature","properties":{"name":"DEODATO'S PIZZA","kind":"business","kind_label":"Business","source":"google_places","google_place_id":"ChIJY-r7VwLtjzMRKfXSYwMcu6o","google_primary_type":"restaurant","google_primary_type_label":"Restaurant","google_types":["restaurant","food","point_of_interest","establishment"],"google_maps_uri":"https://maps.google.com/?cid=12302457607977891113&g_mp=Cilnb29nbGUubWFwcy5wbGFjZXMudjEuUGxhY2VzLlNlYXJjaE5lYXJieRACGAQgAA","google_icon_mask_base_uri":"https://maps.gstatic.com/mapfiles/place_api/icons/v2/restaurant_pinlet","google_icon_background_color":"#FF9E67","formatted_address":"Paracelis, Mountain Province, Philippines","business_status":"OPERATIONAL","rating":3,"user_rating_count":1,"barangay_slug":"poblacion","barangay_name":"Poblacion"},"geometry":{"type":"Point","coordinates":[121.4020702,17.1794557]}},{"type":"Feature","properties":{"name":"EKS BICYCYCLE SHOP & RENTENTALS","kind":"business","kind_label":"Business","source":"google_places","google_place_id":"ChIJx1btygbtjzMRZc__pJWZE9U","google_primary_type":"bicycle_store","google_primary_type_label":"Bicycle Shop","google_types":["bicycle_store","manufacturer","sporting_goods_store","store","point_of_interest","establishment"],"google_maps_uri":"https://maps.google.com/?cid=15353784422633557861&g_mp=Cilnb29nbGUubWFwcy5wbGFjZXMudjEuUGxhY2VzLlNlYXJjaE5lYXJieRACGAQgAA","google_icon_mask_base_uri":"https://maps.gstatic.com/mapfiles/place_api/icons/v2/shopping_pinlet","google_icon_background_color":"#4B96F3","formatted_address":"Paracelis, Mountain Province, Philippines","business_status":"OPERATIONAL","rating":null,"user_rating_count":null,"barangay_slug":"poblacion","barangay_name":"Poblacion"},"geometry":{"type":"Point","coordinates":[121.40574810000001,17.1748285]}},{"type":"Feature","properties":{"name":"Ewangan Drygoods and Trading","kind":"business","kind_label":"Business","source":"google_places","google_place_id":"ChIJfyZPeADtjzMRgaf1jA3-dDk","google_primary_type":"clothing_store","google_primary_type_label":"Clothing Store","google_types":["clothing_store","store","point_of_interest","establishment"],"google_maps_uri":"https://maps.google.com/?cid=4140213291613267841&g_mp=Cilnb29nbGUubWFwcy5wbGFjZXMudjEuUGxhY2VzLlNlYXJjaE5lYXJieRACGAQgAA","google_icon_mask_base_uri":"https://maps.gstatic.com/mapfiles/place_api/icons/v2/shopping_pinlet","google_icon_background_color":"#4B96F3","formatted_address":"5CM2+2RR, Poblacion, Paracelis, Mountain Province, Philippines","business_status":"OPERATIONAL","rating":null,"user_rating_count":null,"barangay_slug":"poblacion","barangay_name":"Poblacion"},"geometry":{"type":"Point","coordinates":[121.40202570000001,17.1826176]}},{"type":"Feature","properties":{"name":"EWANGAN'S RTW FOOTWEAR","kind":"business","kind_label":"Business","source":"google_places","google_place_id":"ChIJR79aMB3tjzMR08nwz1PkjHE","google_primary_type":"shoe_store","google_primary_type_label":"Shoe Store","google_types":["shoe_store","store","point_of_interest","establishment"],"google_maps_uri":"https://maps.google.com/?cid=8182165671647431123&g_mp=Cilnb29nbGUubWFwcy5wbGFjZXMudjEuUGxhY2VzLlNlYXJjaE5lYXJieRACGAQgAA","google_icon_mask_base_uri":"https://maps.gstatic.com/mapfiles/place_api/icons/v2/shopping_pinlet","google_icon_background_color":"#4B96F3","formatted_address":"Paracelis, Mountain Province, Philippines","business_status":"OPERATIONAL","rating":1.5,"user_rating_count":2,"barangay_slug":"poblacion","barangay_name":"Poblacion"},"geometry":{"type":"Point","coordinates":[121.4019046,17.1826711]}},{"type":"Feature","properties":{"name":"FaNel-Rome Sari-sari Boutique Store","kind":"business","kind_label":"Business","source":"google_places","google_place_id":"ChIJ-XuEHJHtjzMRQSdp8qhynJk","google_primary_type":"store","google_primary_type_label":"Store","google_types":["point_of_interest","store","establishment"],"google_maps_uri":"https://maps.google.com/?cid=11068848054116886337&g_mp=Cilnb29nbGUubWFwcy5wbGFjZXMudjEuUGxhY2VzLlNlYXJjaE5lYXJieRACGAQgAA","google_icon_mask_base_uri":"https://maps.gstatic.com/mapfiles/place_api/icons/v2/shopping_pinlet","google_icon_background_color":"#4B96F3","formatted_address":"Marat St, Poblacion, Paracelis, 2625 Mountain Province, Philippines","business_status":"OPERATIONAL","rating":null,"user_rating_count":null,"barangay_slug":"poblacion","barangay_name":"Poblacion"},"geometry":{"type":"Point","coordinates":[121.3971684,17.1879808]}},{"type":"Feature","properties":{"name":"FIVE STAR CHICKEN","kind":"business","kind_label":"Business","source":"google_places","google_place_id":"ChIJX_PXOADtjzMR_oA1fmSyk6U","google_primary_type":"chicken_restaurant","google_primary_type_label":"Chicken Restaurant","google_types":["chicken_restaurant","restaurant","food","point_of_interest","establishment"],"google_maps_uri":"https://maps.google.com/?cid=11931075982518485246&g_mp=Cilnb29nbGUubWFwcy5wbGFjZXMudjEuUGxhY2VzLlNlYXJjaE5lYXJieRACGAQgAA","google_icon_mask_base_uri":"https://maps.gstatic.com/mapfiles/place_api/icons/v2/restaurant_pinlet","google_icon_background_color":"#FF9E67","formatted_address":"5CJ3+P6J, Poblacion, Paracelis, Mountain Province, Philippines","business_status":"OPERATIONAL","rating":5,"user_rating_count":1,"barangay_slug":"poblacion","barangay_name":"Poblacion"},"geometry":{"type":"Point","coordinates":[121.403021,17.181830200000004]}},{"type":"Feature","properties":{"name":"Ganonay Motorcycle Parts and Accesories Shop","kind":"business","kind_label":"Business","source":"google_places","google_place_id":"ChIJA6S9M27tjzMRDhFqnbRFtcQ","google_primary_type":"auto_parts_store","google_primary_type_label":"Auto Parts Store","google_types":["auto_parts_store","car_repair","store","service","point_of_interest","establishment"],"google_maps_uri":"https://maps.google.com/?cid=14174312044255908110&g_mp=Cilnb29nbGUubWFwcy5wbGFjZXMudjEuUGxhY2VzLlNlYXJjaE5lYXJieRACGAQgAA","google_icon_mask_base_uri":"https://maps.gstatic.com/mapfiles/place_api/icons/v2/shopping_pinlet","google_icon_background_color":"#4B96F3","formatted_address":"5CM2+5JP, Bulanao - Paracelis Rd, Paracelis, Mountain Province, Philippines","business_status":"OPERATIONAL","rating":5,"user_rating_count":4,"barangay_slug":"poblacion","barangay_name":"Poblacion"},"geometry":{"type":"Point","coordinates":[121.40158989999999,17.1829517]}},{"type":"Feature","properties":{"name":"Gremalou's Rtw And General MErchandise","kind":"business","kind_label":"Business","source":"google_places","google_place_id":"ChIJT97zMR3tjzMRS05fYB972pE","google_primary_type":"department_store","google_primary_type_label":"Department Store","google_types":["department_store","store","point_of_interest","establishment"],"google_maps_uri":"https://maps.google.com/?cid=10509848055113535051&g_mp=Cilnb29nbGUubWFwcy5wbGFjZXMudjEuUGxhY2VzLlNlYXJjaE5lYXJieRACGAQgAA","google_icon_mask_base_uri":"https://maps.gstatic.com/mapfiles/place_api/icons/v2/shopping_pinlet","google_icon_background_color":"#4B96F3","formatted_address":"Paracelis, Mountain Province, Philippines","business_status":"OPERATIONAL","rating":2,"user_rating_count":1,"barangay_slug":"poblacion","barangay_name":"Poblacion"},"geometry":{"type":"Point","coordinates":[121.4019752,17.182475099999998]}},{"type":"Feature","properties":{"name":"Ibanag Food Haus","kind":"business","kind_label":"Business","source":"google_places","google_place_id":"ChIJOR06PtftjzMRVdd0lZsEC_M","google_primary_type":"restaurant","google_primary_type_label":"Restaurant","google_types":["restaurant","food","point_of_interest","establishment"],"google_maps_uri":"https://maps.google.com/?cid=17513096642234210133&g_mp=Cilnb29nbGUubWFwcy5wbGFjZXMudjEuUGxhY2VzLlNlYXJjaE5lYXJieRACGAQgAA","google_icon_mask_base_uri":"https://maps.gstatic.com/mapfiles/place_api/icons/v2/restaurant_pinlet","google_icon_background_color":"#FF9E67","formatted_address":"5CJ3+9JR, Paracelis, Mountain Province, Philippines","business_status":"OPERATIONAL","rating":3.5,"user_rating_count":4,"barangay_slug":"poblacion","barangay_name":"Poblacion"},"geometry":{"type":"Point","coordinates":[121.4040012,17.1809792]}},{"type":"Feature","properties":{"name":"Iglesia Ni Cristo [Kalinga] - Paracelis","kind":"business","kind_label":"Business","source":"google_places","google_place_id":"ChIJbzu5UBbtjzMRRhDAz0owKgk","google_primary_type":"place_of_worship","google_primary_type_label":"Place of Worship","google_types":["place_of_worship","association_or_organization","point_of_interest","establishment"],"google_maps_uri":"https://maps.google.com/?cid=660393393234382918&g_mp=Cidnb29nbGUubWFwcy5wbGFjZXMudjEuUGxhY2VzLlNlYXJjaFRleHQQAhgEIAA","google_icon_mask_base_uri":"https://maps.gstatic.com/mapfiles/place_api/icons/v2/generic_pinlet","google_icon_background_color":"#7B9EB0","formatted_address":"59WX+258, Paracelis, Mountain Province, Philippines","business_status":"OPERATIONAL","rating":5,"user_rating_count":1,"barangay_slug":"poblacion","barangay_name":"Poblacion"},"geometry":{"type":"Point","coordinates":[121.39795129999999,17.1950406]}},{"type":"Feature","properties":{"name":"Igorota's Pinikpikan And Snack House","kind":"business","kind_label":"Business","source":"google_places","google_place_id":"ChIJf3nPcR3tjzMRWQNOzd4TUdE","google_primary_type":"restaurant","google_primary_type_label":"Restaurant","google_types":["restaurant","food","point_of_interest","establishment"],"google_maps_uri":"https://maps.google.com/?cid=15082858474688611161&g_mp=Cilnb29nbGUubWFwcy5wbGFjZXMudjEuUGxhY2VzLlNlYXJjaE5lYXJieRACGAQgAA","google_icon_mask_base_uri":"https://maps.gstatic.com/mapfiles/place_api/icons/v2/restaurant_pinlet","google_icon_background_color":"#FF9E67","formatted_address":"Paracelis, Mountain Province, Philippines","business_status":"OPERATIONAL","rating":5,"user_rating_count":1,"barangay_slug":"poblacion","barangay_name":"Poblacion"},"geometry":{"type":"Point","coordinates":[121.40083519999999,17.184337799999998]}},{"type":"Feature","properties":{"name":"Kedees's Grill and Restaurant","kind":"business","kind_label":"Business","source":"google_places","google_place_id":"ChIJjx49TmLtjzMRfkrD3FXmcfs","google_primary_type":"restaurant","google_primary_type_label":"Restaurant","google_types":["restaurant","food","point_of_interest","establishment"],"google_maps_uri":"https://maps.google.com/?cid=18118516032338610814&g_mp=Cilnb29nbGUubWFwcy5wbGFjZXMudjEuUGxhY2VzLlNlYXJjaE5lYXJieRACGAQgAA","google_icon_mask_base_uri":"https://maps.gstatic.com/mapfiles/place_api/icons/v2/restaurant_pinlet","google_icon_background_color":"#FF9E67","formatted_address":"Poblacion, Paracelis, 2625 Mountain Province, Philippines","business_status":"OPERATIONAL","rating":2,"user_rating_count":1,"barangay_slug":"poblacion","barangay_name":"Poblacion"},"geometry":{"type":"Point","coordinates":[121.4032622,17.1816978]}},{"type":"Feature","properties":{"name":"Km 0 Paracelis","kind":"business","kind_label":"Business","source":"google_places","google_place_id":"ChIJP2m8WgDtjzMRDoR8t1TAin0","google_primary_type":"rest_stop","google_primary_type_label":"Rest Stop","google_types":["rest_stop","point_of_interest","establishment"],"google_maps_uri":"https://maps.google.com/?cid=9046254271615239182&g_mp=Cidnb29nbGUubWFwcy5wbGFjZXMudjEuUGxhY2VzLlNlYXJjaFRleHQQAhgEIAA","google_icon_mask_base_uri":"https://maps.gstatic.com/mapfiles/place_api/icons/v2/generic_pinlet","google_icon_background_color":"#7B9EB0","formatted_address":"59PX+WJ6, Paracelis, Mountain Province, Philippines","business_status":"OPERATIONAL","rating":null,"user_rating_count":null,"barangay_slug":"poblacion","barangay_name":"Poblacion"},"geometry":{"type":"Point","coordinates":[121.39954599999999,17.188529499999998]}},{"type":"Feature","properties":{"name":"LJCA","kind":"business","kind_label":"Business","source":"google_places","google_place_id":"ChIJg3U0iU7tjzMRyAXsrqd_NoI","google_primary_type":"hardware_store","google_primary_type_label":"Hardware Store","google_types":["hardware_store","building_materials_store","store","point_of_interest","establishment"],"google_maps_uri":"https://maps.google.com/?cid=9382827231843976648&g_mp=Cilnb29nbGUubWFwcy5wbGFjZXMudjEuUGxhY2VzLlNlYXJjaE5lYXJieRACGAQgAA","google_icon_mask_base_uri":"https://maps.gstatic.com/mapfiles/place_api/icons/v2/shopping_pinlet","google_icon_background_color":"#4B96F3","formatted_address":"Central, Poblacion, Paracelis, 2625 Mountain Province, Philippines","business_status":"OPERATIONAL","rating":null,"user_rating_count":null,"barangay_slug":"poblacion","barangay_name":"Poblacion"},"geometry":{"type":"Point","coordinates":[121.3884671,17.2054413]}},{"type":"Feature","properties":{"name":"Lotto Outlet","kind":"business","kind_label":"Business","source":"google_places","google_place_id":"ChIJjRiBVADtjzMRsS7X5jHimtg","google_primary_type":null,"google_primary_type_label":null,"google_types":["point_of_interest","establishment"],"google_maps_uri":"https://maps.google.com/?cid=15608036162560011953&g_mp=Cidnb29nbGUubWFwcy5wbGFjZXMudjEuUGxhY2VzLlNlYXJjaFRleHQQAhgEIAA","google_icon_mask_base_uri":"https://maps.gstatic.com/mapfiles/place_api/icons/v2/generic_pinlet","google_icon_background_color":"#7B9EB0","formatted_address":"694Q+59G, Poblacion, Paracelis, Mountain Province, Philippines","business_status":"OPERATIONAL","rating":null,"user_rating_count":null,"barangay_slug":"poblacion","barangay_name":"Poblacion"},"geometry":{"type":"Point","coordinates":[121.3884671,17.2054413]}},{"type":"Feature","properties":{"name":"LOVER GENERAL MERCHANDISE","kind":"business","kind_label":"Business","source":"google_places","google_place_id":"ChIJXRw2bGftjzMRSHhWwbvLFd4","google_primary_type":"corporate_office","google_primary_type_label":"Corporate Office","google_types":["corporate_office","point_of_interest","establishment"],"google_maps_uri":"https://maps.google.com/?cid=16002920858193918024&g_mp=Cidnb29nbGUubWFwcy5wbGFjZXMudjEuUGxhY2VzLlNlYXJjaFRleHQQAhgEIAA","google_icon_mask_base_uri":"https://maps.gstatic.com/mapfiles/place_api/icons/v2/generic_pinlet","google_icon_background_color":"#7B9EB0","formatted_address":"5CJ3+MG8, Paracelis, Mountain Province, Philippines","business_status":"OPERATIONAL","rating":null,"user_rating_count":null,"barangay_slug":"poblacion","barangay_name":"Poblacion"},"geometry":{"type":"Point","coordinates":[121.4038388,17.1816581]}},{"type":"Feature","properties":{"name":"Mang Edie's Grill & Restaurant","kind":"business","kind_label":"Business","source":"google_places","google_place_id":"ChIJ2zZhUs3tjzMRPQ0i0MBqusk","google_primary_type":"restaurant","google_primary_type_label":"Restaurant","google_types":["restaurant","food","point_of_interest","establishment"],"google_maps_uri":"https://maps.google.com/?cid=14536048123649854781&g_mp=Cilnb29nbGUubWFwcy5wbGFjZXMudjEuUGxhY2VzLlNlYXJjaE5lYXJieRACGAQgAA","google_icon_mask_base_uri":"https://maps.gstatic.com/mapfiles/place_api/icons/v2/restaurant_pinlet","google_icon_background_color":"#FF9E67","formatted_address":"Banilag Road, Poblacion, Paracelis, 2625 Mountain Province, Philippines","business_status":"OPERATIONAL","rating":null,"user_rating_count":null,"barangay_slug":"poblacion","barangay_name":"Poblacion"},"geometry":{"type":"Point","coordinates":[121.40270670000001,17.1800535]}},{"type":"Feature","properties":{"name":"MARIFLOR'S RTW & FOOTWEAR","kind":"business","kind_label":"Business","source":"google_places","google_place_id":"ChIJfYfASwPtjzMRJMA6HoZzExM","google_primary_type":"shoe_store","google_primary_type_label":"Shoe Store","google_types":["shoe_store","point_of_interest","store","establishment"],"google_maps_uri":"https://maps.google.com/?cid=1374569331148111908&g_mp=Cilnb29nbGUubWFwcy5wbGFjZXMudjEuUGxhY2VzLlNlYXJjaE5lYXJieRACGAQgAA","google_icon_mask_base_uri":"https://maps.gstatic.com/mapfiles/place_api/icons/v2/shopping_pinlet","google_icon_background_color":"#4B96F3","formatted_address":"Paracelis, Mountain Province, Philippines","business_status":"OPERATIONAL","rating":null,"user_rating_count":null,"barangay_slug":"poblacion","barangay_name":"Poblacion"},"geometry":{"type":"Point","coordinates":[121.4044431,17.1814482]}},{"type":"Feature","properties":{"name":"Mhalou's Snack Haus","kind":"business","kind_label":"Business","source":"google_places","google_place_id":"ChIJZa5_WALtjzMRs910N0nuycc","google_primary_type":"restaurant","google_primary_type_label":"Restaurant","google_types":["restaurant","food","point_of_interest","establishment"],"google_maps_uri":"https://maps.google.com/?cid=14396299682096930227&g_mp=Cilnb29nbGUubWFwcy5wbGFjZXMudjEuUGxhY2VzLlNlYXJjaE5lYXJieRACGAQgAA","google_icon_mask_base_uri":"https://maps.gstatic.com/mapfiles/place_api/icons/v2/restaurant_pinlet","google_icon_background_color":"#FF9E67","formatted_address":"Paracelis, Mountain Province, Philippines","business_status":"OPERATIONAL","rating":5,"user_rating_count":1,"barangay_slug":"poblacion","barangay_name":"Poblacion"},"geometry":{"type":"Point","coordinates":[121.40181709999999,17.179672999999998]}},{"type":"Feature","properties":{"name":"Mhel jho snackhouse","kind":"business","kind_label":"Business","source":"google_places","google_place_id":"ChIJXQ-DXYXtjzMRAU-LU28P1fw","google_primary_type":"pizza_restaurant","google_primary_type_label":"Pizza Restaurant","google_types":["pizza_restaurant","restaurant","food","point_of_interest","establishment"],"google_maps_uri":"https://maps.google.com/?cid=18218484838414634753&g_mp=Cilnb29nbGUubWFwcy5wbGFjZXMudjEuUGxhY2VzLlNlYXJjaE5lYXJieRACGAQgAA","google_icon_mask_base_uri":"https://maps.gstatic.com/mapfiles/place_api/icons/v2/restaurant_pinlet","google_icon_background_color":"#FF9E67","formatted_address":"Dagawe, 5CJ3+FC7, Poblacion, Paracelis, Mountain Province, Philippines","business_status":"OPERATIONAL","rating":null,"user_rating_count":null,"barangay_slug":"poblacion","barangay_name":"Poblacion"},"geometry":{"type":"Point","coordinates":[121.40356000000001,17.1811528]}},{"type":"Feature","properties":{"name":"Paracelis Central School","kind":"business","kind_label":"Business","source":"google_places","google_place_id":"ChIJp9rFkh3tjzMRe-6eftKUqZU","google_primary_type":null,"google_primary_type_label":null,"google_types":["premise","street_address"],"google_maps_uri":"https://maps.google.com/?cid=10784314414503751291&g_mp=Cidnb29nbGUubWFwcy5wbGFjZXMudjEuUGxhY2VzLlNlYXJjaFRleHQQAhgEIAA","google_icon_mask_base_uri":"https://maps.gstatic.com/mapfiles/place_api/icons/v2/generic_pinlet","google_icon_background_color":"#7B9EB0","formatted_address":"Paracelis Central School, Tabuk - Paracelis Rd, Paracelis, Mountain Province, Philippines","business_status":null,"rating":null,"user_rating_count":null,"barangay_slug":"poblacion","barangay_name":"Poblacion"},"geometry":{"type":"Point","coordinates":[121.3997209,17.188577]}},{"type":"Feature","properties":{"name":"Paracelis Lotto Outlet","kind":"business","kind_label":"Business","source":"google_places","google_place_id":"ChIJhaH3AgDtjzMRmKVU6hIMLUc","google_primary_type":null,"google_primary_type_label":null,"google_types":["point_of_interest","establishment"],"google_maps_uri":"https://maps.google.com/?cid=5128768826025223576&g_mp=Cidnb29nbGUubWFwcy5wbGFjZXMudjEuUGxhY2VzLlNlYXJjaFRleHQQAhgEIAA","google_icon_mask_base_uri":"https://maps.gstatic.com/mapfiles/place_api/icons/v2/generic_pinlet","google_icon_background_color":"#7B9EB0","formatted_address":"5CJ2+VX5, Dagawe, Poblacion, Paracelis, Mountain Province, Philippines","business_status":"OPERATIONAL","rating":5,"user_rating_count":1,"barangay_slug":"poblacion","barangay_name":"Poblacion"},"geometry":{"type":"Point","coordinates":[121.4024786,17.1821381]}},{"type":"Feature","properties":{"name":"PARACELIS MUNICIPAL HEALTH OFFICE","kind":"business","kind_label":"Business","source":"google_places","google_place_id":"ChIJUQTGFoPtjzMRTyEuZ-A13Ik","google_primary_type":"medical_clinic","google_primary_type_label":"Medical Clinic","google_types":["medical_clinic","health","point_of_interest","establishment"],"google_maps_uri":"https://maps.google.com/?cid=9933874115992494415&g_mp=Cidnb29nbGUubWFwcy5wbGFjZXMudjEuUGxhY2VzLlNlYXJjaFRleHQQAhgEIAA","google_icon_mask_base_uri":"https://maps.gstatic.com/mapfiles/place_api/icons/v2/generic_pinlet","google_icon_background_color":"#7B9EB0","formatted_address":"5CJ3+HJ2, Paracelis, Mountain Province, Philippines","business_status":"OPERATIONAL","rating":null,"user_rating_count":null,"barangay_slug":"poblacion","barangay_name":"Poblacion"},"geometry":{"type":"Point","coordinates":[121.40406439999998,17.1813672]}},{"type":"Feature","properties":{"name":"Paracelis National High School","kind":"business","kind_label":"Business","source":"google_places","google_place_id":"ChIJaUMrM-TsjzMRo6bnAmNgZ5k","google_primary_type":null,"google_primary_type_label":null,"google_types":["premise","street_address"],"google_maps_uri":"https://maps.google.com/?cid=11053909788770936483&g_mp=Cidnb29nbGUubWFwcy5wbGFjZXMudjEuUGxhY2VzLlNlYXJjaFRleHQQAhgEIAA","google_icon_mask_base_uri":"https://maps.gstatic.com/mapfiles/place_api/icons/v2/generic_pinlet","google_icon_background_color":"#7B9EB0","formatted_address":"59QR+9F7 Paracelis National High School, Paracelis, Mountain Province, Philippines","business_status":null,"rating":null,"user_rating_count":null,"barangay_slug":"poblacion","barangay_name":"Poblacion"},"geometry":{"type":"Point","coordinates":[121.3911467,17.1884144]}},{"type":"Feature","properties":{"name":"Paracelis Rural Health Unit","kind":"business","kind_label":"Business","source":"google_places","google_place_id":"ChIJa_6hNgPtjzMR505gqnPs39M","google_primary_type":"point_of_interest","google_primary_type_label":"Point of interest","google_types":["point_of_interest","establishment"],"google_maps_uri":"https://maps.google.com/?cid=15267181243333103335&g_mp=Cidnb29nbGUubWFwcy5wbGFjZXMudjEuUGxhY2VzLlNlYXJjaFRleHQQAhgEIAA","google_icon_mask_base_uri":"https://maps.gstatic.com/mapfiles/place_api/icons/v2/generic_pinlet","google_icon_background_color":"#7B9EB0","formatted_address":"5CJ3+HHF, Paracelis, Mountain Province, Philippines","business_status":"OPERATIONAL","rating":3,"user_rating_count":1,"barangay_slug":"poblacion","barangay_name":"Poblacion"},"geometry":{"type":"Point","coordinates":[121.40392960000001,17.1814462]}},{"type":"Feature","properties":{"name":"Personal Collection","kind":"business","kind_label":"Business","source":"google_places","google_place_id":"ChIJ_03_MR3tjzMRZOECAGYt3lg","google_primary_type":"clothing_store","google_primary_type_label":"Clothing Store","google_types":["clothing_store","store","point_of_interest","establishment"],"google_maps_uri":"https://maps.google.com/?cid=6403605636277526884&g_mp=Cilnb29nbGUubWFwcy5wbGFjZXMudjEuUGxhY2VzLlNlYXJjaE5lYXJieRACGAQgAA","google_icon_mask_base_uri":"https://maps.gstatic.com/mapfiles/place_api/icons/v2/shopping_pinlet","google_icon_background_color":"#4B96F3","formatted_address":"Paracelis, Mountain Province, Philippines","business_status":"OPERATIONAL","rating":5,"user_rating_count":1,"barangay_slug":"poblacion","barangay_name":"Poblacion"},"geometry":{"type":"Point","coordinates":[121.40202199999999,17.1824436]}},{"type":"Feature","properties":{"name":"PIWONG MULTIPUPOSE COOPERATIVE PARACELIS OFFICE","kind":"business","kind_label":"Business","source":"google_places","google_place_id":"ChIJJ1PL8o7tjzMReHWoGO67t4E","google_primary_type":"finance","google_primary_type_label":"Banking and Finance","google_types":["finance","service","point_of_interest","establishment"],"google_maps_uri":"https://maps.google.com/?cid=9347146182921057656&g_mp=Cidnb29nbGUubWFwcy5wbGFjZXMudjEuUGxhY2VzLlNlYXJjaFRleHQQAhgEIAA","google_icon_mask_base_uri":"https://maps.gstatic.com/mapfiles/place_api/icons/v2/generic_pinlet","google_icon_background_color":"#7B9EB0","formatted_address":"dagawe, Poblacion, Paracelis, 2625 Mountain Province, Philippines","business_status":"OPERATIONAL","rating":null,"user_rating_count":null,"barangay_slug":"poblacion","barangay_name":"Poblacion"},"geometry":{"type":"Point","coordinates":[121.4040625,17.1810623]}},{"type":"Feature","properties":{"name":"Saint William's Multi-Purpose Cooperative","kind":"business","kind_label":"Business","source":"google_places","google_place_id":"ChIJpTK6rAbtjzMRiIvgHmxxces","google_primary_type":"bank","google_primary_type_label":"Bank","google_types":["bank","finance","point_of_interest","establishment"],"google_maps_uri":"https://maps.google.com/?cid=16965465980469808008&g_mp=Cilnb29nbGUubWFwcy5wbGFjZXMudjEuUGxhY2VzLlNlYXJjaE5lYXJieRACGAQgAA","google_icon_mask_base_uri":"https://maps.gstatic.com/mapfiles/place_api/icons/v2/bank-intl_pinlet","google_icon_background_color":"#909CE1","formatted_address":"Paracelis, Mountain Province, Philippines","business_status":"OPERATIONAL","rating":5,"user_rating_count":1,"barangay_slug":"poblacion","barangay_name":"Poblacion"},"geometry":{"type":"Point","coordinates":[121.40567089999999,17.175850399999998]}},{"type":"Feature","properties":{"name":"SEA-YA STORE","kind":"business","kind_label":"Business","source":"google_places","google_place_id":"ChIJda9i-QTtjzMRpZc7ePmJdVk","google_primary_type":"store","google_primary_type_label":"Store","google_types":["store","point_of_interest","establishment"],"google_maps_uri":"https://maps.google.com/?cid=6446210146207766437&g_mp=Cilnb29nbGUubWFwcy5wbGFjZXMudjEuUGxhY2VzLlNlYXJjaE5lYXJieRACGAQgAA","google_icon_mask_base_uri":"https://maps.gstatic.com/mapfiles/place_api/icons/v2/shopping_pinlet","google_icon_background_color":"#4B96F3","formatted_address":"Dagawe East Lower, Paracelis, Mountain Province, Philippines","business_status":"OPERATIONAL","rating":null,"user_rating_count":null,"barangay_slug":"poblacion","barangay_name":"Poblacion"},"geometry":{"type":"Point","coordinates":[121.40108989999999,17.1850578]}},{"type":"Feature","properties":{"name":"Shawarma Bar Paris","kind":"business","kind_label":"Business","source":"google_places","google_place_id":"ChIJvyFpig_tjzMRS1JWUrakdiQ","google_primary_type":"restaurant","google_primary_type_label":"Restaurant","google_types":["restaurant","food","point_of_interest","establishment"],"google_maps_uri":"https://maps.google.com/?cid=2627468535589655115&g_mp=Cilnb29nbGUubWFwcy5wbGFjZXMudjEuUGxhY2VzLlNlYXJjaE5lYXJieRACGAQgAA","google_icon_mask_base_uri":"https://maps.gstatic.com/mapfiles/place_api/icons/v2/restaurant_pinlet","google_icon_background_color":"#FF9E67","formatted_address":"5CH2+QRM, Paracelis, Mountain Province, Philippines","business_status":"OPERATIONAL","rating":5,"user_rating_count":1,"barangay_slug":"poblacion","barangay_name":"Poblacion"},"geometry":{"type":"Point","coordinates":[121.402045,17.179460499999998]}},{"type":"Feature","properties":{"name":"Shawarma Station (Paris Food Hub)","kind":"business","kind_label":"Business","source":"google_places","google_place_id":"ChIJ0WtqiOHtjzMRBxq5ZTwWcX8","google_primary_type":"snack_bar","google_primary_type_label":"Snack Bar","google_types":["snack_bar","meal_takeaway","restaurant","food","point_of_interest","establishment"],"google_maps_uri":"https://maps.google.com/?cid=9183145563845630471&g_mp=Cilnb29nbGUubWFwcy5wbGFjZXMudjEuUGxhY2VzLlNlYXJjaE5lYXJieRACGAQgAA","google_icon_mask_base_uri":"https://maps.gstatic.com/mapfiles/place_api/icons/v2/restaurant_pinlet","google_icon_background_color":"#FF9E67","formatted_address":"Poblacion, Paracelis, 2625 Mountain Province, Philippines","business_status":"OPERATIONAL","rating":null,"user_rating_count":null,"barangay_slug":"poblacion","barangay_name":"Poblacion"},"geometry":{"type":"Point","coordinates":[121.40426570000001,17.181050799999998]}},{"type":"Feature","properties":{"name":"SJSA GENERAL MERCHANDISE","kind":"business","kind_label":"Business","source":"google_places","google_place_id":"ChIJ52p7ibztjzMRojXjr0qnyNc","google_primary_type":"hardware_store","google_primary_type_label":"Hardware Store","google_types":["hardware_store","building_materials_store","point_of_interest","store","establishment"],"google_maps_uri":"https://maps.google.com/?cid=15548861652716959138&g_mp=Cilnb29nbGUubWFwcy5wbGFjZXMudjEuUGxhY2VzLlNlYXJjaE5lYXJieRACGAQgAA","google_icon_mask_base_uri":"https://maps.gstatic.com/mapfiles/place_api/icons/v2/shopping_pinlet","google_icon_background_color":"#4B96F3","formatted_address":"DAGAWE, Poblacion, Paracelis, 2625 Mountain Province, Philippines","business_status":"OPERATIONAL","rating":5,"user_rating_count":1,"barangay_slug":"poblacion","barangay_name":"Poblacion"},"geometry":{"type":"Point","coordinates":[121.40281499999999,17.1821856]}},{"type":"Feature","properties":{"name":"SMBLs Thrift Shop","kind":"business","kind_label":"Business","source":"google_places","google_place_id":"ChIJB9D9OgDtjzMRNpD71LnFQbs","google_primary_type":"clothing_store","google_primary_type_label":"Clothing Store","google_types":["clothing_store","store","point_of_interest","establishment"],"google_maps_uri":"https://maps.google.com/?cid=13493283360511594550&g_mp=Cilnb29nbGUubWFwcy5wbGFjZXMudjEuUGxhY2VzLlNlYXJjaE5lYXJieRACGAQgAA","google_icon_mask_base_uri":"https://maps.gstatic.com/mapfiles/place_api/icons/v2/shopping_pinlet","google_icon_background_color":"#4B96F3","formatted_address":"Poblacion, Paracelis, Mountain Province, Philippines","business_status":"OPERATIONAL","rating":null,"user_rating_count":null,"barangay_slug":"poblacion","barangay_name":"Poblacion"},"geometry":{"type":"Point","coordinates":[121.3884671,17.2054413]}},{"type":"Feature","properties":{"name":"Tenro's Vill","kind":"business","kind_label":"Business","source":"google_places","google_place_id":"ChIJ4979ekztjzMR7ySrw9TXGPc","google_primary_type":"indoor_playground","google_primary_type_label":"Indoor Playground","google_types":["indoor_playground","playground","clothing_store","point_of_interest","store","establishment"],"google_maps_uri":"https://maps.google.com/?cid=17805218435625067759&g_mp=Cilnb29nbGUubWFwcy5wbGFjZXMudjEuUGxhY2VzLlNlYXJjaE5lYXJieRACGAQgAA","google_icon_mask_base_uri":"https://maps.gstatic.com/mapfiles/place_api/icons/v2/generic_pinlet","google_icon_background_color":"#7B9EB0","formatted_address":"Dagawe, Poblacion, Paracelis, Mt. Province Select, Select, Town/City, 2625 Mountain Province, Philippines","business_status":"OPERATIONAL","rating":null,"user_rating_count":null,"barangay_slug":"poblacion","barangay_name":"Poblacion"},"geometry":{"type":"Point","coordinates":[121.4045385,17.1818024]}},{"type":"Feature","properties":{"name":"TODCO'S SNACK HAUZ & EATERY","kind":"business","kind_label":"Business","source":"google_places","google_place_id":"ChIJXYP_-wLtjzMRb1NVgCSoIfU","google_primary_type":"restaurant","google_primary_type_label":"Restaurant","google_types":["restaurant","food","point_of_interest","establishment"],"google_maps_uri":"https://maps.google.com/?cid=17663584088249160559&g_mp=Cilnb29nbGUubWFwcy5wbGFjZXMudjEuUGxhY2VzLlNlYXJjaE5lYXJieRACGAQgAA","google_icon_mask_base_uri":"https://maps.gstatic.com/mapfiles/place_api/icons/v2/restaurant_pinlet","google_icon_background_color":"#FF9E67","formatted_address":"Paracelis, Mountain Province, Philippines","business_status":"OPERATIONAL","rating":null,"user_rating_count":null,"barangay_slug":"poblacion","barangay_name":"Poblacion"},"geometry":{"type":"Point","coordinates":[121.40245949999999,17.1798838]}},{"type":"Feature","properties":{"name":"UECILIAS EATERY","kind":"business","kind_label":"Business","source":"google_places","google_place_id":"ChIJz-NXPQPtjzMRrfKF6_dgDvw","google_primary_type":"restaurant","google_primary_type_label":"Restaurant","google_types":["restaurant","food","point_of_interest","establishment"],"google_maps_uri":"https://maps.google.com/?cid=18162560965156401837&g_mp=Cilnb29nbGUubWFwcy5wbGFjZXMudjEuUGxhY2VzLlNlYXJjaE5lYXJieRACGAQgAA","google_icon_mask_base_uri":"https://maps.gstatic.com/mapfiles/place_api/icons/v2/restaurant_pinlet","google_icon_background_color":"#FF9E67","formatted_address":"Paracelis, Mountain Province, Philippines","business_status":"OPERATIONAL","rating":null,"user_rating_count":null,"barangay_slug":"poblacion","barangay_name":"Poblacion"},"geometry":{"type":"Point","coordinates":[121.40349379999998,17.180530300000004]}},{"type":"Feature","properties":{"name":"Yano Wellness Shop","kind":"business","kind_label":"Business","source":"google_places","google_place_id":"ChIJg5B69yvtjzMRbTavp82YChw","google_primary_type":"store","google_primary_type_label":"Store","google_types":["store","point_of_interest","establishment"],"google_maps_uri":"https://maps.google.com/?cid=2020595391878084205&g_mp=Cilnb29nbGUubWFwcy5wbGFjZXMudjEuUGxhY2VzLlNlYXJjaE5lYXJieRACGAQgAA","google_icon_mask_base_uri":"https://maps.gstatic.com/mapfiles/place_api/icons/v2/shopping_pinlet","google_icon_background_color":"#4B96F3","formatted_address":"Banilag, Poblacion, Paracelis, 2625 Mountain Province, Philippines","business_status":"OPERATIONAL","rating":null,"user_rating_count":null,"barangay_slug":"poblacion","barangay_name":"Poblacion"},"geometry":{"type":"Point","coordinates":[121.3884671,17.2054413]}},{"type":"Feature","properties":{"name":"ELAW PHARMACY","kind":"clinic","kind_label":"Clinic","source":"google_places","google_place_id":"ChIJTw1wFwPtjzMRwFwTFGdmuew","google_primary_type":"pharmacy","google_primary_type_label":"Pharmacy","google_types":["pharmacy","point_of_interest","health","store","establishment"],"google_maps_uri":"https://maps.google.com/?cid=17057777656546942144&g_mp=Cilnb29nbGUubWFwcy5wbGFjZXMudjEuUGxhY2VzLlNlYXJjaE5lYXJieRACGAQgAA","google_icon_mask_base_uri":"https://maps.gstatic.com/mapfiles/place_api/icons/v2/pharmacy_pinlet","google_icon_background_color":"#F88181","formatted_address":"Paracelis, Mountain Province, Philippines","business_status":"OPERATIONAL","rating":null,"user_rating_count":null,"barangay_slug":"poblacion","barangay_name":"Poblacion"},"geometry":{"type":"Point","coordinates":[121.4035191,17.1803433]}},{"type":"Feature","properties":{"name":"EXCLUZ DRUGST0RE","kind":"clinic","kind_label":"Clinic","source":"google_places","google_place_id":"ChIJJ0R6cwDtjzMRHJK5cVQulXU","google_primary_type":"pharmacy","google_primary_type_label":"Pharmacy","google_types":["pharmacy","point_of_interest","health","store","establishment"],"google_maps_uri":"https://maps.google.com/?cid=8472729214187573788&g_mp=Cilnb29nbGUubWFwcy5wbGFjZXMudjEuUGxhY2VzLlNlYXJjaE5lYXJieRACGAQgAA","google_icon_mask_base_uri":"https://maps.gstatic.com/mapfiles/place_api/icons/v2/pharmacy_pinlet","google_icon_background_color":"#F88181","formatted_address":"5CH3+RG3, Paracelis, Mountain Province, Philippines","business_status":"OPERATIONAL","rating":5,"user_rating_count":1,"barangay_slug":"poblacion","barangay_name":"Poblacion"},"geometry":{"type":"Point","coordinates":[121.40378630000001,17.179519199999998]}},{"type":"Feature","properties":{"name":"Farmacia Madanom","kind":"clinic","kind_label":"Clinic","source":"google_places","google_place_id":"ChIJf0uFRFHtjzMR0ZXW-seA6MM","google_primary_type":"pharmacy","google_primary_type_label":"Pharmacy","google_types":["pharmacy","store","health","point_of_interest","establishment"],"google_maps_uri":"https://maps.google.com/?cid=14116674628388034001&g_mp=Cilnb29nbGUubWFwcy5wbGFjZXMudjEuUGxhY2VzLlNlYXJjaE5lYXJieRACGAQgAA","google_icon_mask_base_uri":"https://maps.gstatic.com/mapfiles/place_api/icons/v2/pharmacy_pinlet","google_icon_background_color":"#F88181","formatted_address":"694Q+59G, Paracelis, Mountain Province, Philippines","business_status":"OPERATIONAL","rating":null,"user_rating_count":null,"barangay_slug":"poblacion","barangay_name":"Poblacion"},"geometry":{"type":"Point","coordinates":[121.3884671,17.2054413]}},{"type":"Feature","properties":{"name":"Lifecheck Pharmacy","kind":"clinic","kind_label":"Clinic","source":"google_places","google_place_id":"ChIJeQ3tEAPtjzMRhAUYBlmtolo","google_primary_type":"pharmacy","google_primary_type_label":"Pharmacy","google_types":["pharmacy","store","health","point_of_interest","establishment"],"google_maps_uri":"https://maps.google.com/?cid=6530973007506572676&g_mp=Cilnb29nbGUubWFwcy5wbGFjZXMudjEuUGxhY2VzLlNlYXJjaE5lYXJieRACGAQgAA","google_icon_mask_base_uri":"https://maps.gstatic.com/mapfiles/place_api/icons/v2/pharmacy_pinlet","google_icon_background_color":"#F88181","formatted_address":"Paracelis, Mountain Province, Philippines","business_status":"OPERATIONAL","rating":null,"user_rating_count":null,"barangay_slug":"poblacion","barangay_name":"Poblacion"},"geometry":{"type":"Point","coordinates":[121.40356969999998,17.1800894]}},{"type":"Feature","properties":{"name":"Massing Drugmart","kind":"clinic","kind_label":"Clinic","source":"google_places","google_place_id":"ChIJiy-yTwDtjzMR5rpBxOWJD2s","google_primary_type":"pharmacy","google_primary_type_label":"Pharmacy","google_types":["pharmacy","store","health","point_of_interest","establishment"],"google_maps_uri":"https://maps.google.com/?cid=7714536306642107110&g_mp=Cilnb29nbGUubWFwcy5wbGFjZXMudjEuUGxhY2VzLlNlYXJjaE5lYXJieRACGAQgAA","google_icon_mask_base_uri":"https://maps.gstatic.com/mapfiles/place_api/icons/v2/pharmacy_pinlet","google_icon_background_color":"#F88181","formatted_address":"5CJ3+8HM, Dagawe, Poblacion, Paracelis, Mountain Province, Philippines","business_status":"OPERATIONAL","rating":null,"user_rating_count":null,"barangay_slug":"poblacion","barangay_name":"Poblacion"},"geometry":{"type":"Point","coordinates":[121.40393379999999,17.1808405]}},{"type":"Feature","properties":{"name":"Bacarri Elementary School","kind":"govt","kind_label":"Government","source":"google_places","google_place_id":"ChIJR4amYwPtjzMRC1q6qHldtiU","google_primary_type":"government_office","google_primary_type_label":"Government Office","google_types":["school","educational_institution","government_office","point_of_interest","establishment"],"google_maps_uri":"https://maps.google.com/?cid=2717462202267884043&g_mp=Cilnb29nbGUubWFwcy5wbGFjZXMudjEuUGxhY2VzLlNlYXJjaE5lYXJieRACGAQgAA","google_icon_mask_base_uri":"https://maps.gstatic.com/mapfiles/place_api/icons/v2/school_pinlet","google_icon_background_color":"#7B9EB0","formatted_address":"5CH4+V5R, Lista - Paracelis Rd, Paracelis, 2625 Mountain Province, Philippines","business_status":"CLOSED_TEMPORARILY","rating":null,"user_rating_count":null,"barangay_slug":"poblacion","barangay_name":"Poblacion"},"geometry":{"type":"Point","coordinates":[121.40538000000001,17.179748999999997]}},{"type":"Feature","properties":{"name":"Bacarri National Trade and Agricultural School","kind":"govt","kind_label":"Government","source":"google_places","google_place_id":"ChIJR4amYwPtjzMRt18qghNRjtY","google_primary_type":"government_office","google_primary_type_label":"Government Office","google_types":["school","educational_institution","government_office","point_of_interest","establishment"],"google_maps_uri":"https://maps.google.com/?cid=15460383715039535031&g_mp=Cilnb29nbGUubWFwcy5wbGFjZXMudjEuUGxhY2VzLlNlYXJjaE5lYXJieRACGAQgAA","google_icon_mask_base_uri":"https://maps.gstatic.com/mapfiles/place_api/icons/v2/school_pinlet","google_icon_background_color":"#7B9EB0","formatted_address":"5CH4+V5R, Lista - Paracelis Rd, Paracelis, 2625 Mountain Province, Philippines","business_status":"CLOSED_TEMPORARILY","rating":null,"user_rating_count":null,"barangay_slug":"poblacion","barangay_name":"Poblacion"},"geometry":{"type":"Point","coordinates":[121.40538000000001,17.179748999999997]}},{"type":"Feature","properties":{"name":"Canabo Elementary School","kind":"govt","kind_label":"Government","source":"google_places","google_place_id":"ChIJR4amYwPtjzMRhazixiPESzA","google_primary_type":"government_office","google_primary_type_label":"Government Office","google_types":["school","educational_institution","government_office","point_of_interest","establishment"],"google_maps_uri":"https://maps.google.com/?cid=3480090795013483653&g_mp=Cilnb29nbGUubWFwcy5wbGFjZXMudjEuUGxhY2VzLlNlYXJjaE5lYXJieRACGAQgAA","google_icon_mask_base_uri":"https://maps.gstatic.com/mapfiles/place_api/icons/v2/school_pinlet","google_icon_background_color":"#7B9EB0","formatted_address":"5CH4+V5R, Lista - Paracelis Rd, Paracelis, 2625 Mountain Province, Philippines","business_status":"CLOSED_TEMPORARILY","rating":null,"user_rating_count":null,"barangay_slug":"poblacion","barangay_name":"Poblacion"},"geometry":{"type":"Point","coordinates":[121.40538000000001,17.179748999999997]}},{"type":"Feature","properties":{"name":"Dalanao Elementary School","kind":"govt","kind_label":"Government","source":"google_places","google_place_id":"ChIJR4amYwPtjzMRvcPM2R7j0vU","google_primary_type":"government_office","google_primary_type_label":"Government Office","google_types":["school","educational_institution","government_office","point_of_interest","establishment"],"google_maps_uri":"https://maps.google.com/?cid=17713470006044181437&g_mp=Cilnb29nbGUubWFwcy5wbGFjZXMudjEuUGxhY2VzLlNlYXJjaE5lYXJieRACGAQgAA","google_icon_mask_base_uri":"https://maps.gstatic.com/mapfiles/place_api/icons/v2/school_pinlet","google_icon_background_color":"#7B9EB0","formatted_address":"5CH4+V5R, Lista - Paracelis Rd, Paracelis, 2625 Mountain Province, Philippines","business_status":"CLOSED_TEMPORARILY","rating":null,"user_rating_count":null,"barangay_slug":"poblacion","barangay_name":"Poblacion"},"geometry":{"type":"Point","coordinates":[121.40538000000001,17.179748999999997]}},{"type":"Feature","properties":{"name":"DENR Office","kind":"govt","kind_label":"Government","source":"google_places","google_place_id":"ChIJX3IGzT_tjzMR72fa8fBq5p8","google_primary_type":"government_office","google_primary_type_label":"Government Office","google_types":["government_office","point_of_interest","establishment"],"google_maps_uri":"https://maps.google.com/?cid=11522014279756310511&g_mp=Cilnb29nbGUubWFwcy5wbGFjZXMudjEuUGxhY2VzLlNlYXJjaE5lYXJieRACGAQgAA","google_icon_mask_base_uri":"https://maps.gstatic.com/mapfiles/place_api/icons/v2/civic-bldg_pinlet","google_icon_background_color":"#7B9EB0","formatted_address":"5CM4+8R2, Unnamed Road, Paracelis, Mountain Province, Philippines","business_status":"OPERATIONAL","rating":5,"user_rating_count":1,"barangay_slug":"poblacion","barangay_name":"Poblacion"},"geometry":{"type":"Point","coordinates":[121.40702789999999,17.1832547]}},{"type":"Feature","properties":{"name":"Human Resources Management Office","kind":"govt","kind_label":"Government","source":"google_places","google_place_id":"ChIJQY96MAPtjzMRUT7kO4j4QcY","google_primary_type":"government_office","google_primary_type_label":"Government Office","google_types":["government_office","point_of_interest","establishment"],"google_maps_uri":"https://maps.google.com/?cid=14285972756999978577&g_mp=Cidnb29nbGUubWFwcy5wbGFjZXMudjEuUGxhY2VzLlNlYXJjaFRleHQQAhgEIAA","google_icon_mask_base_uri":"https://maps.gstatic.com/mapfiles/place_api/icons/v2/civic-bldg_pinlet","google_icon_background_color":"#7B9EB0","formatted_address":"Paracelis Municipal Hall, 2625 Calaccad Road, Paracelis, Mountain Province, Philippines","business_status":"OPERATIONAL","rating":null,"user_rating_count":null,"barangay_slug":"poblacion","barangay_name":"Poblacion"},"geometry":{"type":"Point","coordinates":[121.403609,17.181216]}},{"type":"Feature","properties":{"name":"JIGZ ENGINEERING AND SURVEYING CONSULTANCY","kind":"govt","kind_label":"Government","source":"google_places","google_place_id":"ChIJUw9BegDtjzMRG_tbZmhQcds","google_primary_type":"local_government_office","google_primary_type_label":"Local Government Office","google_types":["local_government_office","government_office","point_of_interest","establishment"],"google_maps_uri":"https://maps.google.com/?cid=15812508175998647067&g_mp=Cilnb29nbGUubWFwcy5wbGFjZXMudjEuUGxhY2VzLlNlYXJjaE5lYXJieRACGAQgAA","google_icon_mask_base_uri":"https://maps.gstatic.com/mapfiles/place_api/icons/v2/civic-bldg_pinlet","google_icon_background_color":"#7B9EB0","formatted_address":"5CJ3+P6J, Poblacion, Paracelis, Mountain Province, Philippines","business_status":"OPERATIONAL","rating":5,"user_rating_count":1,"barangay_slug":"poblacion","barangay_name":"Poblacion"},"geometry":{"type":"Point","coordinates":[121.4030219,17.1818322]}},{"type":"Feature","properties":{"name":"Kabulalaan Primary School","kind":"govt","kind_label":"Government","source":"google_places","google_place_id":"ChIJR4amYwPtjzMR-wXZeKtHenc","google_primary_type":"government_office","google_primary_type_label":"Government Office","google_types":["school","educational_institution","government_office","point_of_interest","establishment"],"google_maps_uri":"https://maps.google.com/?cid=8609272439464592891&g_mp=Cilnb29nbGUubWFwcy5wbGFjZXMudjEuUGxhY2VzLlNlYXJjaE5lYXJieRACGAQgAA","google_icon_mask_base_uri":"https://maps.gstatic.com/mapfiles/place_api/icons/v2/school_pinlet","google_icon_background_color":"#7B9EB0","formatted_address":"5CH4+V5R, Lista - Paracelis Rd, Paracelis, 2625 Mountain Province, Philippines","business_status":"CLOSED_TEMPORARILY","rating":null,"user_rating_count":null,"barangay_slug":"poblacion","barangay_name":"Poblacion"},"geometry":{"type":"Point","coordinates":[121.40538000000001,17.179748999999997]}},{"type":"Feature","properties":{"name":"LGU-Paracelis ( BIDS AND AWARDS COMMITTEE)","kind":"govt","kind_label":"Government","source":"google_places","google_place_id":"ChIJlYHJPUftjzMRQXITAxA5y7I","google_primary_type":"government_office","google_primary_type_label":"Government Office","google_types":["government_office","point_of_interest","establishment"],"google_maps_uri":"https://maps.google.com/?cid=12883453899957301825&g_mp=Cilnb29nbGUubWFwcy5wbGFjZXMudjEuUGxhY2VzLlNlYXJjaE5lYXJieRACGAQgAA","google_icon_mask_base_uri":"https://maps.gstatic.com/mapfiles/place_api/icons/v2/civic-bldg_pinlet","google_icon_background_color":"#7B9EB0","formatted_address":"Daggawe, Junction, 694Q+59G, Paracelis, 2625 Mountain Province, Philippines","business_status":"OPERATIONAL","rating":null,"user_rating_count":null,"barangay_slug":"poblacion","barangay_name":"Poblacion"},"geometry":{"type":"Point","coordinates":[121.3884671,17.2054413]}},{"type":"Feature","properties":{"name":"Maab-abnot Primary School","kind":"govt","kind_label":"Government","source":"google_places","google_place_id":"ChIJR4amYwPtjzMRYQRicy7gjtY","google_primary_type":"government_office","google_primary_type_label":"Government Office","google_types":["school","educational_institution","government_office","point_of_interest","establishment"],"google_maps_uri":"https://maps.google.com/?cid=15460541060918412385&g_mp=Cilnb29nbGUubWFwcy5wbGFjZXMudjEuUGxhY2VzLlNlYXJjaE5lYXJieRACGAQgAA","google_icon_mask_base_uri":"https://maps.gstatic.com/mapfiles/place_api/icons/v2/school_pinlet","google_icon_background_color":"#7B9EB0","formatted_address":"5CH4+V5R, Lista - Paracelis Rd, Paracelis, 2625 Mountain Province, Philippines","business_status":"CLOSED_TEMPORARILY","rating":null,"user_rating_count":null,"barangay_slug":"poblacion","barangay_name":"Poblacion"},"geometry":{"type":"Point","coordinates":[121.40538000000001,17.179748999999997]}},{"type":"Feature","properties":{"name":"Muliang Elementary School","kind":"govt","kind_label":"Government","source":"google_places","google_place_id":"ChIJR4amYwPtjzMR07U9LX6RTJc","google_primary_type":"government_office","google_primary_type_label":"Government Office","google_types":["school","educational_institution","government_office","point_of_interest","establishment"],"google_maps_uri":"https://maps.google.com/?cid=10902248769068053971&g_mp=Cilnb29nbGUubWFwcy5wbGFjZXMudjEuUGxhY2VzLlNlYXJjaE5lYXJieRACGAQgAA","google_icon_mask_base_uri":"https://maps.gstatic.com/mapfiles/place_api/icons/v2/school_pinlet","google_icon_background_color":"#7B9EB0","formatted_address":"5CH4+V5R, Lista - Paracelis Rd, Paracelis, 2625 Mountain Province, Philippines","business_status":"CLOSED_TEMPORARILY","rating":null,"user_rating_count":null,"barangay_slug":"poblacion","barangay_name":"Poblacion"},"geometry":{"type":"Point","coordinates":[121.40538000000001,17.179748999999997]}},{"type":"Feature","properties":{"name":"Municipal Dental Office","kind":"govt","kind_label":"Government","source":"google_places","google_place_id":"ChIJQY96MAPtjzMR48hybak7bnc","google_primary_type":"government_office","google_primary_type_label":"Government Office","google_types":["government_office","point_of_interest","establishment"],"google_maps_uri":"https://maps.google.com/?cid=8605881536823347427&g_mp=Cilnb29nbGUubWFwcy5wbGFjZXMudjEuUGxhY2VzLlNlYXJjaE5lYXJieRACGAQgAA","google_icon_mask_base_uri":"https://maps.gstatic.com/mapfiles/place_api/icons/v2/civic-bldg_pinlet","google_icon_background_color":"#7B9EB0","formatted_address":"Paracelis Municipal Hall, 2625 Calaccad Road, Paracelis, Mountain Province, Philippines","business_status":"OPERATIONAL","rating":null,"user_rating_count":null,"barangay_slug":"poblacion","barangay_name":"Poblacion"},"geometry":{"type":"Point","coordinates":[121.403609,17.181216]}},{"type":"Feature","properties":{"name":"Municipal Development Council","kind":"govt","kind_label":"Government","source":"google_places","google_place_id":"ChIJQY96MAPtjzMRTXKmMpMLShA","google_primary_type":"government_office","google_primary_type_label":"Government Office","google_types":["government_office","point_of_interest","establishment"],"google_maps_uri":"https://maps.google.com/?cid=1173763379721302605&g_mp=Cilnb29nbGUubWFwcy5wbGFjZXMudjEuUGxhY2VzLlNlYXJjaE5lYXJieRACGAQgAA","google_icon_mask_base_uri":"https://maps.gstatic.com/mapfiles/place_api/icons/v2/civic-bldg_pinlet","google_icon_background_color":"#7B9EB0","formatted_address":"Paracelis Municipal Hall, 2625 Calaccad Road, Paracelis, Mountain Province, Philippines","business_status":"OPERATIONAL","rating":null,"user_rating_count":null,"barangay_slug":"poblacion","barangay_name":"Poblacion"},"geometry":{"type":"Point","coordinates":[121.403609,17.181216]}},{"type":"Feature","properties":{"name":"Municipal Disaster Risk Reduction and Management Office","kind":"govt","kind_label":"Government","source":"google_places","google_place_id":"ChIJQ0eQJQDtjzMRiFAblsLDmXY","google_primary_type":"government_office","google_primary_type_label":"Government Office","google_types":["government_office","point_of_interest","establishment"],"google_maps_uri":"https://maps.google.com/?cid=8546077008421671048&g_mp=Cilnb29nbGUubWFwcy5wbGFjZXMudjEuUGxhY2VzLlNlYXJjaE5lYXJieRACGAQgAA","google_icon_mask_base_uri":"https://maps.gstatic.com/mapfiles/place_api/icons/v2/civic-bldg_pinlet","google_icon_background_color":"#7B9EB0","formatted_address":"5CJ3+JGW, Poblacion, Paracelis, Mountain Province, Philippines","business_status":"OPERATIONAL","rating":null,"user_rating_count":null,"barangay_slug":"poblacion","barangay_name":"Poblacion"},"geometry":{"type":"Point","coordinates":[121.40381710000001,17.1816188]}},{"type":"Feature","properties":{"name":"Municipal Nursing Station","kind":"govt","kind_label":"Government","source":"google_places","google_place_id":"ChIJQY96MAPtjzMRbxxuiT2hoK4","google_primary_type":"government_office","google_primary_type_label":"Government Office","google_types":["government_office","point_of_interest","establishment"],"google_maps_uri":"https://maps.google.com/?cid=12583234644543937647&g_mp=Cidnb29nbGUubWFwcy5wbGFjZXMudjEuUGxhY2VzLlNlYXJjaFRleHQQAhgEIAA","google_icon_mask_base_uri":"https://maps.gstatic.com/mapfiles/place_api/icons/v2/civic-bldg_pinlet","google_icon_background_color":"#7B9EB0","formatted_address":"Paracelis Municipal Hall, 2625 Calaccad Road, Paracelis, Mountain Province, Philippines","business_status":"OPERATIONAL","rating":null,"user_rating_count":null,"barangay_slug":"poblacion","barangay_name":"Poblacion"},"geometry":{"type":"Point","coordinates":[121.403609,17.181216]}},{"type":"Feature","properties":{"name":"Negosyo Center Paracelis","kind":"govt","kind_label":"Government","source":"google_places","google_place_id":"ChIJpXD9PwDtjzMRXFxvlKCKJnc","google_primary_type":"government_office","google_primary_type_label":"Government Office","google_types":["government_office","point_of_interest","establishment"],"google_maps_uri":"https://maps.google.com/?cid=8585702161918155868&g_mp=Cilnb29nbGUubWFwcy5wbGFjZXMudjEuUGxhY2VzLlNlYXJjaE5lYXJieRACGAQgAA","google_icon_mask_base_uri":"https://maps.gstatic.com/mapfiles/place_api/icons/v2/civic-bldg_pinlet","google_icon_background_color":"#7B9EB0","formatted_address":"5CJ3+HFX, Poblacion, Paracelis, Mountain Province, Philippines","business_status":"OPERATIONAL","rating":null,"user_rating_count":null,"barangay_slug":"poblacion","barangay_name":"Poblacion"},"geometry":{"type":"Point","coordinates":[121.4037455,17.1814846]}},{"type":"Feature","properties":{"name":"Office of the Municipal Vice Mayor","kind":"govt","kind_label":"Government","source":"google_places","google_place_id":"ChIJQY96MAPtjzMRJtXi92Z-8tk","google_primary_type":"government_office","google_primary_type_label":"Government Office","google_types":["government_office","point_of_interest","establishment"],"google_maps_uri":"https://maps.google.com/?cid=15704753831304942886&g_mp=Cilnb29nbGUubWFwcy5wbGFjZXMudjEuUGxhY2VzLlNlYXJjaE5lYXJieRACGAQgAA","google_icon_mask_base_uri":"https://maps.gstatic.com/mapfiles/place_api/icons/v2/civic-bldg_pinlet","google_icon_background_color":"#7B9EB0","formatted_address":"Paracelis Municipal Hall, 2625 Calaccad Road, Paracelis, Mountain Province, Philippines","business_status":"OPERATIONAL","rating":null,"user_rating_count":null,"barangay_slug":"poblacion","barangay_name":"Poblacion"},"geometry":{"type":"Point","coordinates":[121.403609,17.181216]}},{"type":"Feature","properties":{"name":"Office of tje Congressman","kind":"govt","kind_label":"Government","source":"google_places","google_place_id":"ChIJeUa4NwDtjzMRfsvcnM5Xpfk","google_primary_type":"government_office","google_primary_type_label":"Government Office","google_types":["government_office","point_of_interest","establishment"],"google_maps_uri":"https://maps.google.com/?cid=17988880831507909502&g_mp=Cilnb29nbGUubWFwcy5wbGFjZXMudjEuUGxhY2VzLlNlYXJjaE5lYXJieRACGAQgAA","google_icon_mask_base_uri":"https://maps.gstatic.com/mapfiles/place_api/icons/v2/civic-bldg_pinlet","google_icon_background_color":"#7B9EB0","formatted_address":"5CJ3+GQJ, Paracelis, Mountain Province, Philippines","business_status":"OPERATIONAL","rating":null,"user_rating_count":null,"barangay_slug":"poblacion","barangay_name":"Poblacion"},"geometry":{"type":"Point","coordinates":[121.4044046,17.181346599999998]}},{"type":"Feature","properties":{"name":"Palitod Elementary School","kind":"govt","kind_label":"Government","source":"google_places","google_place_id":"ChIJR4amYwPtjzMREGvz6UZJ-po","google_primary_type":"government_office","google_primary_type_label":"Government Office","google_types":["school","educational_institution","government_office","point_of_interest","establishment"],"google_maps_uri":"https://maps.google.com/?cid=11167318794940148496&g_mp=Cilnb29nbGUubWFwcy5wbGFjZXMudjEuUGxhY2VzLlNlYXJjaE5lYXJieRACGAQgAA","google_icon_mask_base_uri":"https://maps.gstatic.com/mapfiles/place_api/icons/v2/school_pinlet","google_icon_background_color":"#7B9EB0","formatted_address":"5CH4+V5R, Lista - Paracelis Rd, Paracelis, 2625 Mountain Province, Philippines","business_status":"CLOSED_TEMPORARILY","rating":null,"user_rating_count":null,"barangay_slug":"poblacion","barangay_name":"Poblacion"},"geometry":{"type":"Point","coordinates":[121.40538000000001,17.179748999999997]}},{"type":"Feature","properties":{"name":"Paracelis Fire Station","kind":"govt","kind_label":"Government","source":"google_places","google_place_id":"ChIJ38N7LwDtjzMRh5GbPWUCkIQ","google_primary_type":"fire_station","google_primary_type_label":"Fire Station","google_types":["fire_station","government_office","service","point_of_interest","establishment"],"google_maps_uri":"https://maps.google.com/?cid=9552137443501379975&g_mp=Cilnb29nbGUubWFwcy5wbGFjZXMudjEuUGxhY2VzLlNlYXJjaE5lYXJieRACGAQgAA","google_icon_mask_base_uri":"https://maps.gstatic.com/mapfiles/place_api/icons/v2/civic-bldg_pinlet","google_icon_background_color":"#7B9EB0","formatted_address":"5CG5+XW, Paracelis, Mountain Province, Philippines","business_status":"OPERATIONAL","rating":4.5,"user_rating_count":2,"barangay_slug":"poblacion","barangay_name":"Poblacion"},"geometry":{"type":"Point","coordinates":[121.40977369999999,17.1775431]}},{"type":"Feature","properties":{"name":"Paracelis Municipal Hall","kind":"govt","kind_label":"Government","source":"google_places","google_place_id":"ChIJL-BvMAPtjzMR4r_MVud-iac","google_primary_type":"city_hall","google_primary_type_label":"City Hall","google_types":["city_hall","local_government_office","government_office","service","point_of_interest","establishment"],"google_maps_uri":"https://maps.google.com/?cid=12072319808202129378&g_mp=Cilnb29nbGUubWFwcy5wbGFjZXMudjEuUGxhY2VzLlNlYXJjaE5lYXJieRACGAQgAA","google_icon_mask_base_uri":"https://maps.gstatic.com/mapfiles/place_api/icons/v2/civic-bldg_pinlet","google_icon_background_color":"#7B9EB0","formatted_address":"5CJ3+FCX, Paracelis, Mountain Province, Philippines","business_status":"OPERATIONAL","rating":3.9,"user_rating_count":38,"barangay_slug":"poblacion","barangay_name":"Poblacion"},"geometry":{"type":"Point","coordinates":[121.4036009,17.1812262]}},{"type":"Feature","properties":{"name":"Paracelis Municipal Police Station","kind":"govt","kind_label":"Government","source":"google_places","google_place_id":"ChIJpwKKNgPtjzMRYJsXJLcx-w0","google_primary_type":"government_office","google_primary_type_label":"Government Office","google_types":["police","government_office","service","point_of_interest","establishment"],"google_maps_uri":"https://maps.google.com/?cid=1007453604301740896&g_mp=Cilnb29nbGUubWFwcy5wbGFjZXMudjEuUGxhY2VzLlNlYXJjaE5lYXJieRACGAQgAA","google_icon_mask_base_uri":"https://maps.gstatic.com/mapfiles/place_api/icons/v2/police_pinlet","google_icon_background_color":"#F88181","formatted_address":"5CJ3+HJ2, Paracelis, Mountain Province, Philippines","business_status":"OPERATIONAL","rating":null,"user_rating_count":null,"barangay_slug":"poblacion","barangay_name":"Poblacion"},"geometry":{"type":"Point","coordinates":[121.40400550000001,17.181382799999998]}},{"type":"Feature","properties":{"name":"Public Employment Service Office - Paracelis","kind":"govt","kind_label":"Government","source":"google_places","google_place_id":"ChIJLcN0MAPtjzMRAaWy9qyMc_o","google_primary_type":"government_office","google_primary_type_label":"Government Office","google_types":["government_office","point_of_interest","establishment"],"google_maps_uri":"https://maps.google.com/?cid=18046922806304875777&g_mp=Cilnb29nbGUubWFwcy5wbGFjZXMudjEuUGxhY2VzLlNlYXJjaE5lYXJieRACGAQgAA","google_icon_mask_base_uri":"https://maps.gstatic.com/mapfiles/place_api/icons/v2/civic-bldg_pinlet","google_icon_background_color":"#7B9EB0","formatted_address":"Municipal Hall, Tabuk - Paracelis Rd, Paracelis, 2625 Mountain Province, Philippines","business_status":"OPERATIONAL","rating":null,"user_rating_count":null,"barangay_slug":"poblacion","barangay_name":"Poblacion"},"geometry":{"type":"Point","coordinates":[121.40356600000001,17.181204]}},{"type":"Feature","properties":{"name":"Sangguniang Bayan Office","kind":"govt","kind_label":"Government","source":"google_places","google_place_id":"ChIJQY96MAPtjzMRn9yoEjzbiK0","google_primary_type":"government_office","google_primary_type_label":"Government Office","google_types":["government_office","point_of_interest","establishment"],"google_maps_uri":"https://maps.google.com/?cid=12504485416451759263&g_mp=Cilnb29nbGUubWFwcy5wbGFjZXMudjEuUGxhY2VzLlNlYXJjaE5lYXJieRACGAQgAA","google_icon_mask_base_uri":"https://maps.gstatic.com/mapfiles/place_api/icons/v2/civic-bldg_pinlet","google_icon_background_color":"#7B9EB0","formatted_address":"Paracelis Municipal Hall, 2625 Calaccad Road, Paracelis, Mountain Province, Philippines","business_status":"OPERATIONAL","rating":null,"user_rating_count":null,"barangay_slug":"poblacion","barangay_name":"Poblacion"},"geometry":{"type":"Point","coordinates":[121.403609,17.181216]}},{"type":"Feature","properties":{"name":"Paracelis District Hospital","kind":"hospital","kind_label":"Hospital","source":"google_places","google_place_id":"ChIJK1uHBwPtjzMRtxoVwLqZFXM","google_primary_type":"hospital","google_primary_type_label":"Hospital","google_types":["hospital","health","service","point_of_interest","establishment"],"google_maps_uri":"https://maps.google.com/?cid=8292703316238211767&g_mp=Cilnb29nbGUubWFwcy5wbGFjZXMudjEuUGxhY2VzLlNlYXJjaE5lYXJieRACGAQgAA","google_icon_mask_base_uri":"https://maps.gstatic.com/mapfiles/place_api/icons/v2/hospital-H_pinlet","google_icon_background_color":"#F88181","formatted_address":"5CH3+X98, Paracelis, Mountain Province, Philippines","business_status":"OPERATIONAL","rating":2.5,"user_rating_count":4,"barangay_slug":"poblacion","barangay_name":"Poblacion"},"geometry":{"type":"Point","coordinates":[121.40346100000001,17.1799151]}},{"type":"Feature","properties":{"name":"ABC's Tea Hauz","kind":"market","kind_label":"Market","source":"google_places","google_place_id":"ChIJU56oRWDtjzMRC40uJgq9eo8","google_primary_type":"coffee_shop","google_primary_type_label":"Coffee Shop","google_types":["coffee_shop","cafe","food_store","food","store","point_of_interest","establishment"],"google_maps_uri":"https://maps.google.com/?cid=10338783745870302475&g_mp=Cilnb29nbGUubWFwcy5wbGFjZXMudjEuUGxhY2VzLlNlYXJjaE5lYXJieRACGAQgAA","google_icon_mask_base_uri":"https://maps.gstatic.com/mapfiles/place_api/icons/v2/cafe_pinlet","google_icon_background_color":"#FF9E67","formatted_address":"59HW+2Q6, Paracelis, Mountain Province, Philippines","business_status":"OPERATIONAL","rating":null,"user_rating_count":null,"barangay_slug":"poblacion","barangay_name":"Poblacion"},"geometry":{"type":"Point","coordinates":[121.3969007,17.177548899999998]}},{"type":"Feature","properties":{"name":"Aling's Sari-Sari Store","kind":"market","kind_label":"Market","source":"google_places","google_place_id":"ChIJ80pZs13tjzMRZ6oxJo_Ca4c","google_primary_type":"convenience_store","google_primary_type_label":"Convenience Store","google_types":["convenience_store","food_store","food","point_of_interest","store","establishment"],"google_maps_uri":"https://maps.google.com/?cid=9758106937705212519&g_mp=Cilnb29nbGUubWFwcy5wbGFjZXMudjEuUGxhY2VzLlNlYXJjaE5lYXJieRACGAQgAA","google_icon_mask_base_uri":"https://maps.gstatic.com/mapfiles/place_api/icons/v2/convenience_pinlet","google_icon_background_color":"#4B96F3","formatted_address":"Aling's Store, Upper Amolong, Paracelis, 2625 Mountain Province, Philippines","business_status":"OPERATIONAL","rating":null,"user_rating_count":null,"barangay_slug":"poblacion","barangay_name":"Poblacion"},"geometry":{"type":"Point","coordinates":[121.36535289999998,17.1645031]}},{"type":"Feature","properties":{"name":"Chai Bucks Milktea","kind":"market","kind_label":"Market","source":"google_places","google_place_id":"ChIJTc-M0MntjzMRygM9usxt90E","google_primary_type":"coffee_shop","google_primary_type_label":"Coffee Shop","google_types":["coffee_shop","cafe","food_store","food","store","point_of_interest","establishment"],"google_maps_uri":"https://maps.google.com/?cid=4753388657778164682&g_mp=Cilnb29nbGUubWFwcy5wbGFjZXMudjEuUGxhY2VzLlNlYXJjaE5lYXJieRACGAQgAA","google_icon_mask_base_uri":"https://maps.gstatic.com/mapfiles/place_api/icons/v2/cafe_pinlet","google_icon_background_color":"#FF9E67","formatted_address":"331 Talubin - Barlig - Paracelis Rd, Paracelis, Mountain Province, Philippines","business_status":"OPERATIONAL","rating":null,"user_rating_count":null,"barangay_slug":"poblacion","barangay_name":"Poblacion"},"geometry":{"type":"Point","coordinates":[121.4007641,17.178868599999998]}},{"type":"Feature","properties":{"name":"Cup of Joy","kind":"market","kind_label":"Market","source":"google_places","google_place_id":"ChIJL4wUbQDtjzMRbZTjLYjuRn4","google_primary_type":"coffee_shop","google_primary_type_label":"Coffee Shop","google_types":["coffee_shop","cafe","food_store","food","point_of_interest","store","establishment"],"google_maps_uri":"https://maps.google.com/?cid=9099222365801518189&g_mp=Cilnb29nbGUubWFwcy5wbGFjZXMudjEuUGxhY2VzLlNlYXJjaE5lYXJieRACGAQgAA","google_icon_mask_base_uri":"https://maps.gstatic.com/mapfiles/place_api/icons/v2/cafe_pinlet","google_icon_background_color":"#FF9E67","formatted_address":"5CJ3+VXP, Paracelis, Mountain Province, Philippines","business_status":"OPERATIONAL","rating":5,"user_rating_count":2,"barangay_slug":"poblacion","barangay_name":"Poblacion"},"geometry":{"type":"Point","coordinates":[121.4049687,17.1822128]}},{"type":"Feature","properties":{"name":"FE VERGARA STORE","kind":"market","kind_label":"Market","source":"google_places","google_place_id":"ChIJ3fKbSQPtjzMRvV5aOgXdeag","google_primary_type":"grocery_store","google_primary_type_label":"Grocery Store","google_types":["grocery_store","food_store","store","point_of_interest","food","establishment"],"google_maps_uri":"https://maps.google.com/?cid=12139977285077458621&g_mp=Cilnb29nbGUubWFwcy5wbGFjZXMudjEuUGxhY2VzLlNlYXJjaE5lYXJieRACGAQgAA","google_icon_mask_base_uri":"https://maps.gstatic.com/mapfiles/place_api/icons/v2/shoppingcart_pinlet","google_icon_background_color":"#4B96F3","formatted_address":"Paracelis, Mountain Province, Philippines","business_status":"OPERATIONAL","rating":null,"user_rating_count":null,"barangay_slug":"poblacion","barangay_name":"Poblacion"},"geometry":{"type":"Point","coordinates":[121.40434040000001,17.181328999999998]}},{"type":"Feature","properties":{"name":"Gilmer Sari - Sari Store","kind":"market","kind_label":"Market","source":"google_places","google_place_id":"ChIJ2aF4FwPtjzMRPU6eEFsbIIw","google_primary_type":"grocery_store","google_primary_type_label":"Grocery Store","google_types":["grocery_store","food_store","food","point_of_interest","store","establishment"],"google_maps_uri":"https://maps.google.com/?cid=10097100442499436093&g_mp=Cilnb29nbGUubWFwcy5wbGFjZXMudjEuUGxhY2VzLlNlYXJjaE5lYXJieRACGAQgAA","google_icon_mask_base_uri":"https://maps.gstatic.com/mapfiles/place_api/icons/v2/shoppingcart_pinlet","google_icon_background_color":"#4B96F3","formatted_address":"Paracelis, Mountain Province, Philippines","business_status":"OPERATIONAL","rating":null,"user_rating_count":null,"barangay_slug":"poblacion","barangay_name":"Poblacion"},"geometry":{"type":"Point","coordinates":[121.40349970000001,17.1803818]}},{"type":"Feature","properties":{"name":"Gretchen Apidchao Grocery Store","kind":"market","kind_label":"Market","source":"google_places","google_place_id":"ChIJOW15cADtjzMRbN5IjaNKGqE","google_primary_type":"grocery_store","google_primary_type_label":"Grocery Store","google_types":["grocery_store","food_store","store","point_of_interest","food","establishment"],"google_maps_uri":"https://maps.google.com/?cid=11608673055811362412&g_mp=Cilnb29nbGUubWFwcy5wbGFjZXMudjEuUGxhY2VzLlNlYXJjaE5lYXJieRACGAQgAA","google_icon_mask_base_uri":"https://maps.gstatic.com/mapfiles/place_api/icons/v2/shoppingcart_pinlet","google_icon_background_color":"#4B96F3","formatted_address":"5CJ3+JVC, Poblacion, Paracelis, Mountain Province, Philippines","business_status":"OPERATIONAL","rating":5,"user_rating_count":2,"barangay_slug":"poblacion","barangay_name":"Poblacion"},"geometry":{"type":"Point","coordinates":[121.404651,17.1815581]}},{"type":"Feature","properties":{"name":"Heidelberg Enterprises","kind":"market","kind_label":"Market","source":"google_places","google_place_id":"ChIJkS7xVgDtjzMRkuIonDJWVaY","google_primary_type":"convenience_store","google_primary_type_label":"Convenience Store","google_types":["convenience_store","food_store","food","point_of_interest","store","establishment"],"google_maps_uri":"https://maps.google.com/?cid=11985580758684721810&g_mp=Cilnb29nbGUubWFwcy5wbGFjZXMudjEuUGxhY2VzLlNlYXJjaE5lYXJieRACGAQgAA","google_icon_mask_base_uri":"https://maps.gstatic.com/mapfiles/place_api/icons/v2/convenience_pinlet","google_icon_background_color":"#4B96F3","formatted_address":"5CJ3+P6J, Bulanao - Paracelis Rd, Paracelis, Mountain Province, Philippines","business_status":"OPERATIONAL","rating":null,"user_rating_count":null,"barangay_slug":"poblacion","barangay_name":"Poblacion"},"geometry":{"type":"Point","coordinates":[121.40290749999998,17.1817083]}},{"type":"Feature","properties":{"name":"Maslang Shoppe","kind":"market","kind_label":"Market","source":"google_places","google_place_id":"ChIJZWFfJ4rtjzMRu8wNSXzOZx0","google_primary_type":"grocery_store","google_primary_type_label":"Grocery Store","google_types":["grocery_store","food_store","store","point_of_interest","food","establishment"],"google_maps_uri":"https://maps.google.com/?cid=2118889182898015419&g_mp=Cilnb29nbGUubWFwcy5wbGFjZXMudjEuUGxhY2VzLlNlYXJjaE5lYXJieRACGAQgAA","google_icon_mask_base_uri":"https://maps.gstatic.com/mapfiles/place_api/icons/v2/shoppingcart_pinlet","google_icon_background_color":"#4B96F3","formatted_address":"59PX+WJ6, Paracelis, Mountain Province, Philippines","business_status":"OPERATIONAL","rating":4.8,"user_rating_count":6,"barangay_slug":"poblacion","barangay_name":"Poblacion"},"geometry":{"type":"Point","coordinates":[121.3985969,17.1869677]}},{"type":"Feature","properties":{"name":"Midway Commercial Building","kind":"market","kind_label":"Market","source":"google_places","google_place_id":"ChIJ_YLK1DntjzMR7n62kfFYmaI","google_primary_type":"general_store","google_primary_type_label":"General Store","google_types":["general_store","food_store","store","point_of_interest","food","establishment"],"google_maps_uri":"https://maps.google.com/?cid=11716493700136074990&g_mp=Cilnb29nbGUubWFwcy5wbGFjZXMudjEuUGxhY2VzLlNlYXJjaE5lYXJieRACGAQgAA","google_icon_mask_base_uri":"https://maps.gstatic.com/mapfiles/place_api/icons/v2/shopping_pinlet","google_icon_background_color":"#4B96F3","formatted_address":"Central, Paracelis, Mountain Province, Philippines","business_status":"OPERATIONAL","rating":null,"user_rating_count":null,"barangay_slug":"poblacion","barangay_name":"Poblacion"},"geometry":{"type":"Point","coordinates":[121.39736180000001,17.1881358]}},{"type":"Feature","properties":{"name":"NAMMOR Variety Store","kind":"market","kind_label":"Market","source":"google_places","google_place_id":"ChIJoyZqFwPtjzMRNK3BtmlLZ0o","google_primary_type":"grocery_store","google_primary_type_label":"Grocery Store","google_types":["grocery_store","food_store","food","point_of_interest","store","establishment"],"google_maps_uri":"https://maps.google.com/?cid=5361336798817660212&g_mp=Cilnb29nbGUubWFwcy5wbGFjZXMudjEuUGxhY2VzLlNlYXJjaE5lYXJieRACGAQgAA","google_icon_mask_base_uri":"https://maps.gstatic.com/mapfiles/place_api/icons/v2/shoppingcart_pinlet","google_icon_background_color":"#4B96F3","formatted_address":"Paracelis, Mountain Province, Philippines","business_status":"OPERATIONAL","rating":null,"user_rating_count":null,"barangay_slug":"poblacion","barangay_name":"Poblacion"},"geometry":{"type":"Point","coordinates":[121.40354020000001,17.1803004]}},{"type":"Feature","properties":{"name":"R MINIMART","kind":"market","kind_label":"Market","source":"google_places","google_place_id":"ChIJiTrZLF7tjzMRUEW9yDjEm7I","google_primary_type":"grocery_store","google_primary_type_label":"Grocery Store","google_types":["grocery_store","food_store","store","point_of_interest","food","establishment"],"google_maps_uri":"https://maps.google.com/?cid=12870096108306384208&g_mp=Cilnb29nbGUubWFwcy5wbGFjZXMudjEuUGxhY2VzLlNlYXJjaE5lYXJieRACGAQgAA","google_icon_mask_base_uri":"https://maps.gstatic.com/mapfiles/place_api/icons/v2/shoppingcart_pinlet","google_icon_background_color":"#4B96F3","formatted_address":"Banilag, Poblacion, Paracelis, 2625 Mountain Province, Philippines","business_status":"OPERATIONAL","rating":null,"user_rating_count":null,"barangay_slug":"poblacion","barangay_name":"Poblacion"},"geometry":{"type":"Point","coordinates":[121.3884671,17.2054413]}},{"type":"Feature","properties":{"name":"R. MINIMART","kind":"market","kind_label":"Market","source":"google_places","google_place_id":"ChIJzdjs-ALtjzMRBU212zeAvN0","google_primary_type":"grocery_store","google_primary_type_label":"Grocery Store","google_types":["grocery_store","food_store","food","point_of_interest","store","establishment"],"google_maps_uri":"https://maps.google.com/?cid=15977786555401325829&g_mp=Cilnb29nbGUubWFwcy5wbGFjZXMudjEuUGxhY2VzLlNlYXJjaE5lYXJieRACGAQgAA","google_icon_mask_base_uri":"https://maps.gstatic.com/mapfiles/place_api/icons/v2/shoppingcart_pinlet","google_icon_background_color":"#4B96F3","formatted_address":"Paracelis, Mountain Province, Philippines","business_status":"OPERATIONAL","rating":5,"user_rating_count":1,"barangay_slug":"poblacion","barangay_name":"Poblacion"},"geometry":{"type":"Point","coordinates":[121.4022779,17.1795311]}},{"type":"Feature","properties":{"name":"Amolong Elementary School","kind":"school","kind_label":"School","source":"google_places","google_place_id":"ChIJvRUsCGLsjzMRd4tBuwH7K6Q","google_primary_type":"primary_school","google_primary_type_label":"Elementary School","google_types":["primary_school","school","educational_institution","point_of_interest","establishment"],"google_maps_uri":"https://maps.google.com/?cid=11829824831073913719&g_mp=Cilnb29nbGUubWFwcy5wbGFjZXMudjEuUGxhY2VzLlNlYXJjaE5lYXJieRACGAQgAA","google_icon_mask_base_uri":"https://maps.gstatic.com/mapfiles/place_api/icons/v2/school_pinlet","google_icon_background_color":"#7B9EB0","formatted_address":"59G8+6PV, Talubin-Barlig-Natonin-Paracelis Road, Paracelis, Mountain Province, Philippines","business_status":"OPERATIONAL","rating":null,"user_rating_count":null,"barangay_slug":"poblacion","barangay_name":"Poblacion"},"geometry":{"type":"Point","coordinates":[121.36678510000002,17.1756234]}},{"type":"Feature","properties":{"name":"Canabo Elementary School","kind":"school","kind_label":"School","source":"google_places","google_place_id":"ChIJVVUVyPLsjzMRiAvXqWPoRGk","google_primary_type":"primary_school","google_primary_type_label":"Elementary School","google_types":["primary_school","government_office","school","educational_institution","point_of_interest","establishment"],"google_maps_uri":"https://maps.google.com/?cid=7585443187147606920&g_mp=Cilnb29nbGUubWFwcy5wbGFjZXMudjEuUGxhY2VzLlNlYXJjaE5lYXJieRACGAQgAA","google_icon_mask_base_uri":"https://maps.gstatic.com/mapfiles/place_api/icons/v2/school_pinlet","google_icon_background_color":"#7B9EB0","formatted_address":"59MH+X37, Paracelis, Mountain Province, Philippines","business_status":"OPERATIONAL","rating":null,"user_rating_count":null,"barangay_slug":"poblacion","barangay_name":"Poblacion"},"geometry":{"type":"Point","coordinates":[121.37765890000001,17.184914799999998]}},{"type":"Feature","properties":{"name":"Licoy Child Development Center","kind":"school","kind_label":"School","source":"google_places","google_place_id":"ChIJvdpvNADtjzMRTE3y6rMqOx8","google_primary_type":"preschool","google_primary_type_label":"Preschool","google_types":["preschool","child_care_agency","school","educational_institution","service","point_of_interest","establishment"],"google_maps_uri":"https://maps.google.com/?cid=2250439391030955340&g_mp=Cilnb29nbGUubWFwcy5wbGFjZXMudjEuUGxhY2VzLlNlYXJjaE5lYXJieRACGAQgAA","google_icon_mask_base_uri":"https://maps.gstatic.com/mapfiles/place_api/icons/v2/school_pinlet","google_icon_background_color":"#7B9EB0","formatted_address":"59H4+6J, Paracelis, Mountain Province, Philippines","business_status":"OPERATIONAL","rating":null,"user_rating_count":null,"barangay_slug":"poblacion","barangay_name":"Poblacion"},"geometry":{"type":"Point","coordinates":[121.356587,17.178053]}},{"type":"Feature","properties":{"name":"Minoli Elementary School","kind":"school","kind_label":"School","source":"google_places","google_place_id":"ChIJj0NPlyjtjzMR7LUwHJxt0aY","google_primary_type":"primary_school","google_primary_type_label":"Elementary School","google_types":["primary_school","school","educational_institution","point_of_interest","establishment"],"google_maps_uri":"https://maps.google.com/?cid=12020509397683844588&g_mp=Cilnb29nbGUubWFwcy5wbGFjZXMudjEuUGxhY2VzLlNlYXJjaE5lYXJieRACGAQgAA","google_icon_mask_base_uri":"https://maps.gstatic.com/mapfiles/place_api/icons/v2/school_pinlet","google_icon_background_color":"#7B9EB0","formatted_address":"599G+R5C, Poblacion, Paracelis, Mountain Province, Philippines","business_status":"OPERATIONAL","rating":null,"user_rating_count":null,"barangay_slug":"poblacion","barangay_name":"Poblacion"},"geometry":{"type":"Point","coordinates":[121.3753803,17.1695506]}},{"type":"Feature","properties":{"name":"Serapio Gawan National High School","kind":"school","kind_label":"School","source":"google_places","google_place_id":"ChIJPzkFHwDtjzMRV0w9h4P_aBc","google_primary_type":"secondary_school","google_primary_type_label":"High school","google_types":["secondary_school","school","educational_institution","point_of_interest","establishment"],"google_maps_uri":"https://maps.google.com/?cid=1686879000824990807&g_mp=Cilnb29nbGUubWFwcy5wbGFjZXMudjEuUGxhY2VzLlNlYXJjaE5lYXJieRACGAQgAA","google_icon_mask_base_uri":"https://maps.gstatic.com/mapfiles/place_api/icons/v2/school_pinlet","google_icon_background_color":"#7B9EB0","formatted_address":"59QR+9F7 Paracelis National High School, Paracelis, Mountain Province, Philippines","business_status":"OPERATIONAL","rating":null,"user_rating_count":null,"barangay_slug":"poblacion","barangay_name":"Poblacion"},"geometry":{"type":"Point","coordinates":[121.39109499999998,17.1885927]}},{"type":"Feature","properties":{"name":"Canabo Water Falls","kind":"tourism","kind_label":"Tourism","source":"google_places","google_place_id":"ChIJgw8N2rbtjzMR2B5UOhc3ThE","google_primary_type":"tourist_attraction","google_primary_type_label":"Tourist Attraction","google_types":["tourist_attraction","point_of_interest","establishment"],"google_maps_uri":"https://maps.google.com/?cid=1246994719730573016&g_mp=Cilnb29nbGUubWFwcy5wbGFjZXMudjEuUGxhY2VzLlNlYXJjaE5lYXJieRACGAQgAA","google_icon_mask_base_uri":"https://maps.gstatic.com/mapfiles/place_api/icons/v2/generic_pinlet","google_icon_background_color":"#13B5C7","formatted_address":"59PG+VH2, Paracelis, Mountain Province, Philippines","business_status":"OPERATIONAL","rating":4,"user_rating_count":5,"barangay_slug":"poblacion","barangay_name":"Poblacion"},"geometry":{"type":"Point","coordinates":[121.3763986,17.1871276]}},{"type":"Feature","properties":{"name":"FATIIG","kind":"tourism","kind_label":"Tourism","source":"google_places","google_place_id":"ChIJfehwQADtjzMRI9VxujC5ahg","google_primary_type":"hiking_area","google_primary_type_label":"Hiking Area","google_types":["hiking_area","sports_activity_location","point_of_interest","establishment"],"google_maps_uri":"https://maps.google.com/?cid=1759422223379191075&g_mp=Cilnb29nbGUubWFwcy5wbGFjZXMudjEuUGxhY2VzLlNlYXJjaE5lYXJieRACGAQgAA","google_icon_mask_base_uri":"https://maps.gstatic.com/mapfiles/place_api/icons/v2/hiking_pinlet","google_icon_background_color":"#4DB546","formatted_address":"5CP3+7CM, Poblacion, Paracelis, Mountain Province, Philippines","business_status":"OPERATIONAL","rating":null,"user_rating_count":null,"barangay_slug":"poblacion","barangay_name":"Poblacion"},"geometry":{"type":"Point","coordinates":[121.40355190000001,17.1857208]}},{"type":"Feature","properties":{"name":"JM Inn and JM Catering Services","kind":"tourism","kind_label":"Tourism","source":"google_places","google_place_id":"ChIJ3xrZawDtjzMRZIjjkYITQhE","google_primary_type":"bed_and_breakfast","google_primary_type_label":"Bed & Breakfast","google_types":["bed_and_breakfast","lodging","point_of_interest","establishment"],"google_maps_uri":"https://maps.google.com/?cid=1243577898621962340&g_mp=Cilnb29nbGUubWFwcy5wbGFjZXMudjEuUGxhY2VzLlNlYXJjaE5lYXJieRACGAQgAA","google_icon_mask_base_uri":"https://maps.gstatic.com/mapfiles/place_api/icons/v2/hotel_pinlet","google_icon_background_color":"#909CE1","formatted_address":"5CJ3+MH2, Poblacion, Paracelis, Mountain Province, Philippines","business_status":"OPERATIONAL","rating":null,"user_rating_count":null,"barangay_slug":"poblacion","barangay_name":"Poblacion"},"geometry":{"type":"Point","coordinates":[121.4038865,17.1816311]}},{"type":"Feature","properties":{"name":"Licoy Amolong ES Shortcut","kind":"tourism","kind_label":"Tourism","source":"google_places","google_place_id":"ChIJGUK7QADtjzMRcGagFiw8n4k","google_primary_type":"hiking_area","google_primary_type_label":"Hiking Area","google_types":["hiking_area","sports_activity_location","point_of_interest","establishment"],"google_maps_uri":"https://maps.google.com/?cid=9916711064548959856&g_mp=Cilnb29nbGUubWFwcy5wbGFjZXMudjEuUGxhY2VzLlNlYXJjaE5lYXJieRACGAQgAA","google_icon_mask_base_uri":"https://maps.gstatic.com/mapfiles/place_api/icons/v2/hiking_pinlet","google_icon_background_color":"#4DB546","formatted_address":"59G8+6PV Talubin-Barlig, Paracelis - Natonin Rd, Paracelis, Mountain Province, Philippines","business_status":"OPERATIONAL","rating":null,"user_rating_count":null,"barangay_slug":"poblacion","barangay_name":"Poblacion"},"geometry":{"type":"Point","coordinates":[121.365473,17.176309]}},{"type":"Feature","properties":{"name":"Licoy Bridge","kind":"tourism","kind_label":"Tourism","source":"google_places","google_place_id":"ChIJ_S3XHgDtjzMRU7kWzV-bOYs","google_primary_type":"hiking_area","google_primary_type_label":"Hiking Area","google_types":["hiking_area","sports_activity_location","point_of_interest","establishment"],"google_maps_uri":"https://maps.google.com/?cid=10032220480709507411&g_mp=Cilnb29nbGUubWFwcy5wbGFjZXMudjEuUGxhY2VzLlNlYXJjaE5lYXJieRACGAQgAA","google_icon_mask_base_uri":"https://maps.gstatic.com/mapfiles/place_api/icons/v2/hiking_pinlet","google_icon_background_color":"#4DB546","formatted_address":"59H5+F2, Paracelis, Mountain Province, Philippines","business_status":"OPERATIONAL","rating":null,"user_rating_count":null,"barangay_slug":"poblacion","barangay_name":"Poblacion"},"geometry":{"type":"Point","coordinates":[121.35752199999997,17.178677]}},{"type":"Feature","properties":{"name":"Meadow Haven Transient Inn","kind":"tourism","kind_label":"Tourism","source":"google_places","google_place_id":"ChIJsevoRG_tjzMRJqmQOmWVh7g","google_primary_type":"inn","google_primary_type_label":"Inn","google_types":["inn","lodging","point_of_interest","establishment"],"google_maps_uri":"https://maps.google.com/?cid=13296760686841473318&g_mp=Cilnb29nbGUubWFwcy5wbGFjZXMudjEuUGxhY2VzLlNlYXJjaE5lYXJieRACGAQgAA","google_icon_mask_base_uri":"https://maps.gstatic.com/mapfiles/place_api/icons/v2/hotel_pinlet","google_icon_background_color":"#909CE1","formatted_address":"Makanongkong, Poblacion, Paracelis, 2625 Mountain Province, Philippines","business_status":"OPERATIONAL","rating":4,"user_rating_count":1,"barangay_slug":"poblacion","barangay_name":"Poblacion"},"geometry":{"type":"Point","coordinates":[121.3884671,17.2054413]}},{"type":"Feature","properties":{"name":"Meadow View House 4 spacious rooms, 3 en suite bathrooms and 1 communal bathroom","kind":"tourism","kind_label":"Tourism","source":"google_places","google_place_id":"ChIJt4Ey39rsjzMRyoOF5rLyQR8","google_primary_type":"lodging","google_primary_type_label":"Lodging","google_types":["lodging","point_of_interest","establishment"],"google_maps_uri":"https://maps.google.com/?cid=2252348138847568842&g_mp=Cilnb29nbGUubWFwcy5wbGFjZXMudjEuUGxhY2VzLlNlYXJjaE5lYXJieRACGAQgAA","google_icon_mask_base_uri":"https://maps.gstatic.com/mapfiles/place_api/icons/v2/hotel_pinlet","google_icon_background_color":"#909CE1","formatted_address":"Paracelis, Mountain Province, Philippines","business_status":"OPERATIONAL","rating":null,"user_rating_count":null,"barangay_slug":"poblacion","barangay_name":"Poblacion"},"geometry":{"type":"Point","coordinates":[121.3895493,17.2027531]}},{"type":"Feature","properties":{"name":"Nelson's Hotel and Restaurant","kind":"tourism","kind_label":"Tourism","source":"google_places","google_place_id":"ChIJmyMFaQDtjzMR3SMLi9kESfk","google_primary_type":"private_guest_room","google_primary_type_label":"Homestay","google_types":["private_guest_room","lodging","point_of_interest","establishment"],"google_maps_uri":"https://maps.google.com/?cid=17962893921131111389&g_mp=Cilnb29nbGUubWFwcy5wbGFjZXMudjEuUGxhY2VzLlNlYXJjaE5lYXJieRACGAQgAA","google_icon_mask_base_uri":"https://maps.gstatic.com/mapfiles/place_api/icons/v2/hotel_pinlet","google_icon_background_color":"#909CE1","formatted_address":"693W+G4R, Paracelis, Mountain Province, Philippines","business_status":"OPERATIONAL","rating":5,"user_rating_count":1,"barangay_slug":"poblacion","barangay_name":"Poblacion"},"geometry":{"type":"Point","coordinates":[121.3952572,17.2038729]}},{"type":"Feature","properties":{"name":"PARIS RESORT","kind":"tourism","kind_label":"Tourism","source":"google_places","google_place_id":"ChIJhYfvZgDtjzMRER1eiFjZz2o","google_primary_type":"resort_hotel","google_primary_type_label":"Resort hotel","google_types":["resort_hotel","hotel","lodging","point_of_interest","establishment"],"google_maps_uri":"https://maps.google.com/?cid=7696609262467685649&g_mp=Cilnb29nbGUubWFwcy5wbGFjZXMudjEuUGxhY2VzLlNlYXJjaE5lYXJieRACGAQgAA","google_icon_mask_base_uri":"https://maps.gstatic.com/mapfiles/place_api/icons/v2/hotel_pinlet","google_icon_background_color":"#909CE1","formatted_address":"59HF+G5V, Poblacion, Paracelis, Mountain Province, Philippines","business_status":"OPERATIONAL","rating":null,"user_rating_count":null,"barangay_slug":"poblacion","barangay_name":"Poblacion"},"geometry":{"type":"Point","coordinates":[121.37291949999998,17.1788642]}},{"type":"Feature","properties":{"name":"Poblacion","kind":"tourism","kind_label":"Tourism","source":"google_places","google_place_id":"ChIJe7LKEPntjzMR4kIU-fr06fE","google_primary_type":"hotel","google_primary_type_label":"Hotel","google_types":["hotel","lodging","point_of_interest","establishment"],"google_maps_uri":"https://maps.google.com/?cid=17431733191472071394&g_mp=Cilnb29nbGUubWFwcy5wbGFjZXMudjEuUGxhY2VzLlNlYXJjaE5lYXJieRACGAQgAA","google_icon_mask_base_uri":"https://maps.gstatic.com/mapfiles/place_api/icons/v2/hotel_pinlet","google_icon_background_color":"#909CE1","formatted_address":"59JJ+GQP, Dagawe, Paracelis, 2625 Mountain Province, Philippines","business_status":"CLOSED_TEMPORARILY","rating":5,"user_rating_count":1,"barangay_slug":"poblacion","barangay_name":"Poblacion"},"geometry":{"type":"Point","coordinates":[121.3819658,17.1813319]}},{"type":"Feature","properties":{"name":"RM LAPON'S TRAVELLERS INN","kind":"tourism","kind_label":"Tourism","source":"google_places","google_place_id":"ChIJJ6hy4N3tjzMR3oUsidfF5fI","google_primary_type":"private_guest_room","google_primary_type_label":"Homestay","google_types":["private_guest_room","lodging","store","point_of_interest","food","establishment"],"google_maps_uri":"https://maps.google.com/?cid=17502613056355337694&g_mp=Cilnb29nbGUubWFwcy5wbGFjZXMudjEuUGxhY2VzLlNlYXJjaE5lYXJieRACGAQgAA","google_icon_mask_base_uri":"https://maps.gstatic.com/mapfiles/place_api/icons/v2/hotel_pinlet","google_icon_background_color":"#909CE1","formatted_address":"331 Paracelis - Natonin Rd, Paracelis, Mountain Province, Philippines","business_status":"OPERATIONAL","rating":4.6,"user_rating_count":12,"barangay_slug":"poblacion","barangay_name":"Poblacion"},"geometry":{"type":"Point","coordinates":[121.40075900000001,17.178843]}},{"type":"Feature","properties":{"name":"SAN OGWOR Resort","kind":"tourism","kind_label":"Tourism","source":"google_places","google_place_id":"ChIJ1SZGVS_tjzMRAwiYwaZmJ0o","google_primary_type":"lodging","google_primary_type_label":"Lodging","google_types":["lodging","point_of_interest","establishment"],"google_maps_uri":"https://maps.google.com/?cid=5343352349296953347&g_mp=Cilnb29nbGUubWFwcy5wbGFjZXMudjEuUGxhY2VzLlNlYXJjaE5lYXJieRACGAQgAA","google_icon_mask_base_uri":"https://maps.gstatic.com/mapfiles/place_api/icons/v2/hotel_pinlet","google_icon_background_color":"#909CE1","formatted_address":"5989+7WH Talubin-Barlig, Paracelis - Natonin Rd, Paracelis, 2625 Mountain Province, Philippines","business_status":"OPERATIONAL","rating":4.6,"user_rating_count":5,"barangay_slug":"poblacion","barangay_name":"Poblacion"},"geometry":{"type":"Point","coordinates":[121.3698489,17.1656871]}},{"type":"Feature","properties":{"name":"Sports Field","kind":"tourism","kind_label":"Tourism","source":"google_places","google_place_id":"ChIJq6qaLuTsjzMRHx-Iet72PqM","google_primary_type":"athletic_field","google_primary_type_label":"Athletic Field","google_types":["athletic_field","sports_activity_location","point_of_interest","establishment"],"google_maps_uri":"https://maps.google.com/?cid=11763110712137228063&g_mp=Cilnb29nbGUubWFwcy5wbGFjZXMudjEuUGxhY2VzLlNlYXJjaE5lYXJieRACGAQgAA","google_icon_mask_base_uri":"https://maps.gstatic.com/mapfiles/place_api/icons/v2/generic_pinlet","google_icon_background_color":"#7B9EB0","formatted_address":"Paracelis, Mountain Province, Philippines","business_status":"OPERATIONAL","rating":null,"user_rating_count":null,"barangay_slug":"poblacion","barangay_name":"Poblacion"},"geometry":{"type":"Point","coordinates":[121.39172719999999,17.1886834]}},{"type":"Feature","properties":{"name":"Tamang Residence","kind":"tourism","kind_label":"Tourism","source":"google_places","google_place_id":"ChIJR9ucFwDtjzMRZiJUz1IL_Yk","google_primary_type":"lodging","google_primary_type_label":"Lodging","google_types":["lodging","point_of_interest","establishment"],"google_maps_uri":"https://maps.google.com/?cid=9943116002597544550&g_mp=Cilnb29nbGUubWFwcy5wbGFjZXMudjEuUGxhY2VzLlNlYXJjaE5lYXJieRACGAQgAA","google_icon_mask_base_uri":"https://maps.gstatic.com/mapfiles/place_api/icons/v2/hotel_pinlet","google_icon_background_color":"#909CE1","formatted_address":"5CJ3+JGW, Poblacion, Paracelis, Mountain Province, Philippines","business_status":"OPERATIONAL","rating":null,"user_rating_count":null,"barangay_slug":"poblacion","barangay_name":"Poblacion"},"geometry":{"type":"Point","coordinates":[121.40383270000001,17.1816145]}},{"type":"Feature","properties":{"name":"The Bougain Villa Guest House","kind":"tourism","kind_label":"Tourism","source":"google_places","google_place_id":"ChIJOQ-2SwDtjzMRvgQ4BjrbFXI","google_primary_type":"hotel","google_primary_type_label":"Hotel","google_types":["hotel","lodging","point_of_interest","establishment"],"google_maps_uri":"https://maps.google.com/?cid=8220717737093629118&g_mp=Cilnb29nbGUubWFwcy5wbGFjZXMudjEuUGxhY2VzLlNlYXJjaE5lYXJieRACGAQgAA","google_icon_mask_base_uri":"https://maps.gstatic.com/mapfiles/place_api/icons/v2/hotel_pinlet","google_icon_background_color":"#909CE1","formatted_address":"59MX+75, Paracelis, Mountain Province, Philippines","business_status":"OPERATIONAL","rating":4.2,"user_rating_count":5,"barangay_slug":"poblacion","barangay_name":"Poblacion"},"geometry":{"type":"Point","coordinates":[121.397978,17.1831138]}},{"type":"Feature","properties":{"name":"The Meadow View House","kind":"tourism","kind_label":"Tourism","source":"google_places","google_place_id":"ChIJH1RVVcXsjzMROJ9KYokpQx0","google_primary_type":"lodging","google_primary_type_label":"Lodging","google_types":["lodging","point_of_interest","establishment"],"google_maps_uri":"https://maps.google.com/?cid=2108574720575840056&g_mp=Cilnb29nbGUubWFwcy5wbGFjZXMudjEuUGxhY2VzLlNlYXJjaE5lYXJieRACGAQgAA","google_icon_mask_base_uri":"https://maps.gstatic.com/mapfiles/place_api/icons/v2/hotel_pinlet","google_icon_background_color":"#909CE1","formatted_address":"Paracelis, Mountain Province, Philippines","business_status":"OPERATIONAL","rating":null,"user_rating_count":null,"barangay_slug":"poblacion","barangay_name":"Poblacion"},"geometry":{"type":"Point","coordinates":[121.3884658,17.205440499999998]}},{"type":"Feature","properties":{"name":"The Meadow View House - Entire Place","kind":"tourism","kind_label":"Tourism","source":"google_places","google_place_id":"ChIJH1RVVcXsjzMRgcT_M3FpwLU","google_primary_type":"lodging","google_primary_type_label":"Lodging","google_types":["lodging","point_of_interest","establishment"],"google_maps_uri":"https://maps.google.com/?cid=13096583651318023297&g_mp=Cilnb29nbGUubWFwcy5wbGFjZXMudjEuUGxhY2VzLlNlYXJjaE5lYXJieRACGAQgAA","google_icon_mask_base_uri":"https://maps.gstatic.com/mapfiles/place_api/icons/v2/hotel_pinlet","google_icon_background_color":"#909CE1","formatted_address":"Paracelis, Mountain Province, Philippines","business_status":"OPERATIONAL","rating":null,"user_rating_count":null,"barangay_slug":"poblacion","barangay_name":"Poblacion"},"geometry":{"type":"Point","coordinates":[121.3884658,17.205440499999998]}},{"type":"Feature","properties":{"name":"AFUYOG GAS STATION","kind":"transport","kind_label":"Transport","source":"google_places","google_place_id":"ChIJkZT_A4jtjzMRmXtFO4UOHbE","google_primary_type":"gas_station","google_primary_type_label":"Gas Station","google_types":["gas_station","service","point_of_interest","establishment"],"google_maps_uri":"https://maps.google.com/?cid=12762372884425702297&g_mp=Cilnb29nbGUubWFwcy5wbGFjZXMudjEuUGxhY2VzLlNlYXJjaE5lYXJieRACGAQgAA","google_icon_mask_base_uri":"https://maps.gstatic.com/mapfiles/place_api/icons/v2/gas_pinlet","google_icon_background_color":"#909CE1","formatted_address":"59QV+633, Poblacion, Paracelis, Mountain Province, Philippines","business_status":"OPERATIONAL","rating":null,"user_rating_count":null,"barangay_slug":"poblacion","barangay_name":"Poblacion"},"geometry":{"type":"Point","coordinates":[121.3926656,17.1880181]}},{"type":"Feature","properties":{"name":"Arm Gasoline Station","kind":"transport","kind_label":"Transport","source":"google_places","google_place_id":"ChIJ5dCcBwLtjzMRk0qkUQl_qhE","google_primary_type":"gas_station","google_primary_type_label":"Gas Station","google_types":["gas_station","service","point_of_interest","establishment"],"google_maps_uri":"https://maps.google.com/?cid=1272969522686741139&g_mp=Cilnb29nbGUubWFwcy5wbGFjZXMudjEuUGxhY2VzLlNlYXJjaE5lYXJieRACGAQgAA","google_icon_mask_base_uri":"https://maps.gstatic.com/mapfiles/place_api/icons/v2/gas_pinlet","google_icon_background_color":"#909CE1","formatted_address":"Paracelis, Mountain Province, Philippines","business_status":"OPERATIONAL","rating":5,"user_rating_count":1,"barangay_slug":"poblacion","barangay_name":"Poblacion"},"geometry":{"type":"Point","coordinates":[121.39994639999999,17.1777271]}},{"type":"Feature","properties":{"name":"Hinterland Gas Station","kind":"transport","kind_label":"Transport","source":"google_places","google_place_id":"ChIJOUJGegDtjzMRS2DfzmKovgA","google_primary_type":"gas_station","google_primary_type_label":"Gas Station","google_types":["gas_station","service","point_of_interest","establishment"],"google_maps_uri":"https://maps.google.com/?cid=53665387906031691&g_mp=Cilnb29nbGUubWFwcy5wbGFjZXMudjEuUGxhY2VzLlNlYXJjaE5lYXJieRACGAQgAA","google_icon_mask_base_uri":"https://maps.gstatic.com/mapfiles/place_api/icons/v2/gas_pinlet","google_icon_background_color":"#909CE1","formatted_address":"59PX+RGP, Poblacion, Paracelis, Mountain Province, Philippines","business_status":"OPERATIONAL","rating":null,"user_rating_count":null,"barangay_slug":"poblacion","barangay_name":"Poblacion"},"geometry":{"type":"Point","coordinates":[121.39883999999999,17.1870846]}},{"type":"Feature","properties":{"name":"Paracelis Bus Stop","kind":"transport","kind_label":"Transport","source":"google_places","google_place_id":"ChIJ4YCPGQPtjzMRJKq0ZNZ3IGI","google_primary_type":"bus_stop","google_primary_type_label":"Bus stop","google_types":["bus_stop","transit_stop","transit_station","transportation_service","point_of_interest","establishment"],"google_maps_uri":"https://maps.google.com/?cid=7070783177667947044&g_mp=Cilnb29nbGUubWFwcy5wbGFjZXMudjEuUGxhY2VzLlNlYXJjaE5lYXJieRACGAQgAA","google_icon_mask_base_uri":"https://maps.gstatic.com/mapfiles/place_api/icons/v2/transit_pinlet","google_icon_background_color":"#10BDFF","formatted_address":"Lista - Paracelis Rd, Paracelis, Mountain Province, Philippines","business_status":"OPERATIONAL","rating":5,"user_rating_count":3,"barangay_slug":"poblacion","barangay_name":"Poblacion"},"geometry":{"type":"Point","coordinates":[121.4033336,17.1802812]}},{"type":"Feature","properties":{"name":"PTT Paracelis - Thailand's No. 1 Oil","kind":"transport","kind_label":"Transport","source":"google_places","google_place_id":"ChIJAbObGQDtjzMRIzdR_cz0fLA","google_primary_type":"gas_station","google_primary_type_label":"Gas Station","google_types":["gas_station","service","point_of_interest","establishment"],"google_maps_uri":"https://maps.google.com/?cid=12717308609047901987&g_mp=Cilnb29nbGUubWFwcy5wbGFjZXMudjEuUGxhY2VzLlNlYXJjaE5lYXJieRACGAQgAA","google_icon_mask_base_uri":"https://maps.gstatic.com/mapfiles/place_api/icons/v2/gas_pinlet","google_icon_background_color":"#909CE1","formatted_address":"5CJ3+266, Talubin - Barlig - Paracelis Rd, Paracelis, Mountain Province, Philippines","business_status":"OPERATIONAL","rating":null,"user_rating_count":null,"barangay_slug":"poblacion","barangay_name":"Poblacion"},"geometry":{"type":"Point","coordinates":[121.4030222,17.1800276]}},{"type":"Feature","properties":{"name":"Rbn","kind":"transport","kind_label":"Transport","source":"google_places","google_place_id":"ChIJk7uUmgPtjzMRmiji89Rt2d8","google_primary_type":"gas_station","google_primary_type_label":"Gas Station","google_types":["gas_station","service","point_of_interest","establishment"],"google_maps_uri":"https://maps.google.com/?cid=16130044301796321434&g_mp=Cilnb29nbGUubWFwcy5wbGFjZXMudjEuUGxhY2VzLlNlYXJjaE5lYXJieRACGAQgAA","google_icon_mask_base_uri":"https://maps.gstatic.com/mapfiles/place_api/icons/v2/gas_pinlet","google_icon_background_color":"#909CE1","formatted_address":"Paracelis, Mountain Province, Philippines","business_status":"OPERATIONAL","rating":null,"user_rating_count":null,"barangay_slug":"poblacion","barangay_name":"Poblacion"},"geometry":{"type":"Point","coordinates":[121.404793,17.178434499999998]}},{"type":"Feature","properties":{"name":"Sjsa Fuel Refilling Station","kind":"transport","kind_label":"Transport","source":"google_places","google_place_id":"ChIJKbyjmgPtjzMRwzpaYYnwSCI","google_primary_type":"gas_station","google_primary_type_label":"Gas Station","google_types":["gas_station","service","point_of_interest","establishment"],"google_maps_uri":"https://maps.google.com/?cid=2470488868447206083&g_mp=Cilnb29nbGUubWFwcy5wbGFjZXMudjEuUGxhY2VzLlNlYXJjaE5lYXJieRACGAQgAA","google_icon_mask_base_uri":"https://maps.gstatic.com/mapfiles/place_api/icons/v2/gas_pinlet","google_icon_background_color":"#909CE1","formatted_address":"Paracelis, Mountain Province, Philippines","business_status":"OPERATIONAL","rating":null,"user_rating_count":null,"barangay_slug":"poblacion","barangay_name":"Poblacion"},"geometry":{"type":"Point","coordinates":[121.4048274,17.1783771]}},{"type":"Feature","properties":{"name":"Christ Assembly Church","kind":"worship","kind_label":"Worship","source":"google_places","google_place_id":"ChIJp2_wZkntjzMR9LBgjrqeYYM","google_primary_type":"church","google_primary_type_label":"Church","google_types":["church","place_of_worship","association_or_organization","point_of_interest","establishment"],"google_maps_uri":"https://maps.google.com/?cid=9467022415799300340&g_mp=Cilnb29nbGUubWFwcy5wbGFjZXMudjEuUGxhY2VzLlNlYXJjaE5lYXJieRACGAQgAA","google_icon_mask_base_uri":"https://maps.gstatic.com/mapfiles/place_api/icons/v2/worship_christian_pinlet","google_icon_background_color":"#7B9EB0","formatted_address":"59PX+WJ6, Paracelis, Mountain Province, Philippines","business_status":"OPERATIONAL","rating":null,"user_rating_count":null,"barangay_slug":"poblacion","barangay_name":"Poblacion"},"geometry":{"type":"Point","coordinates":[121.39902869999999,17.1872819]}},{"type":"Feature","properties":{"name":"Christ Episcopal Parish","kind":"worship","kind_label":"Worship","source":"google_places","google_place_id":"ChIJvQlrpv_tjzMRcTomINjwvD4","google_primary_type":"church","google_primary_type_label":"Church","google_types":["church","place_of_worship","association_or_organization","point_of_interest","establishment"],"google_maps_uri":"https://maps.google.com/?cid=4520752937016113777&g_mp=Cilnb29nbGUubWFwcy5wbGFjZXMudjEuUGxhY2VzLlNlYXJjaE5lYXJieRACGAQgAA","google_icon_mask_base_uri":"https://maps.gstatic.com/mapfiles/place_api/icons/v2/worship_christian_pinlet","google_icon_background_color":"#7B9EB0","formatted_address":"5CM2+3PX, Bulanao - Paracelis Rd, Paracelis, Mountain Province, Philippines","business_status":"OPERATIONAL","rating":5,"user_rating_count":1,"barangay_slug":"poblacion","barangay_name":"Poblacion"},"geometry":{"type":"Point","coordinates":[121.4009474,17.183487799999998]}},{"type":"Feature","properties":{"name":"FBCFI Natabbacan, Pob. Paracelis, Mountain Province","kind":"worship","kind_label":"Worship","source":"google_places","google_place_id":"ChIJDx5j4CXtjzMR9I2yskmRZlg","google_primary_type":"church","google_primary_type_label":"Church","google_types":["church","place_of_worship","association_or_organization","point_of_interest","establishment"],"google_maps_uri":"https://maps.google.com/?cid=6369938468678831604&g_mp=Cilnb29nbGUubWFwcy5wbGFjZXMudjEuUGxhY2VzLlNlYXJjaE5lYXJieRACGAQgAA","google_icon_mask_base_uri":"https://maps.gstatic.com/mapfiles/place_api/icons/v2/worship_christian_pinlet","google_icon_background_color":"#7B9EB0","formatted_address":"Natabbacan, 5CM4+QQM, Poblacion, Paracelis, Mountain Province, Philippines","business_status":"OPERATIONAL","rating":null,"user_rating_count":null,"barangay_slug":"poblacion","barangay_name":"Poblacion"},"geometry":{"type":"Point","coordinates":[121.406917,17.184466]}},{"type":"Feature","properties":{"name":"JILGM Paracelis Mt.province","kind":"worship","kind_label":"Worship","source":"google_places","google_place_id":"ChIJyTXzJlLtjzMRXex3Nk2V2Co","google_primary_type":"church","google_primary_type_label":"Church","google_types":["church","place_of_worship","association_or_organization","point_of_interest","establishment"],"google_maps_uri":"https://maps.google.com/?cid=3087381703421324381&g_mp=Cilnb29nbGUubWFwcy5wbGFjZXMudjEuUGxhY2VzLlNlYXJjaE5lYXJieRACGAQgAA","google_icon_mask_base_uri":"https://maps.gstatic.com/mapfiles/place_api/icons/v2/worship_christian_pinlet","google_icon_background_color":"#7B9EB0","formatted_address":"5CJ3+3J3, Poblacion, Paracelis, Mountain Province, Philippines","business_status":"OPERATIONAL","rating":null,"user_rating_count":null,"barangay_slug":"poblacion","barangay_name":"Poblacion"},"geometry":{"type":"Point","coordinates":[121.4040357,17.180134499999998]}},{"type":"Feature","properties":{"name":"Licoy Church","kind":"worship","kind_label":"Worship","source":"google_places","google_place_id":"ChIJmy5oSwDtjzMR7flm3LV8M6Y","google_primary_type":"church","google_primary_type_label":"Church","google_types":["church","place_of_worship","association_or_organization","point_of_interest","establishment"],"google_maps_uri":"https://maps.google.com/?cid=11976052954636941805&g_mp=Cilnb29nbGUubWFwcy5wbGFjZXMudjEuUGxhY2VzLlNlYXJjaE5lYXJieRACGAQgAA","google_icon_mask_base_uri":"https://maps.gstatic.com/mapfiles/place_api/icons/v2/worship_christian_pinlet","google_icon_background_color":"#7B9EB0","formatted_address":"59H5+62, Paracelis, Mountain Province, Philippines","business_status":"OPERATIONAL","rating":null,"user_rating_count":null,"barangay_slug":"poblacion","barangay_name":"Poblacion"},"geometry":{"type":"Point","coordinates":[121.35757219999999,17.1780185]}},{"type":"Feature","properties":{"name":"Living Water Worship Center","kind":"worship","kind_label":"Worship","source":"google_places","google_place_id":"ChIJq-eXrnntjzMR1j8pMd_XiOw","google_primary_type":"church","google_primary_type_label":"Church","google_types":["church","place_of_worship","association_or_organization","point_of_interest","establishment"],"google_maps_uri":"https://maps.google.com/?cid=17044110143386107862&g_mp=Cilnb29nbGUubWFwcy5wbGFjZXMudjEuUGxhY2VzLlNlYXJjaE5lYXJieRACGAQgAA","google_icon_mask_base_uri":"https://maps.gstatic.com/mapfiles/place_api/icons/v2/worship_christian_pinlet","google_icon_background_color":"#7B9EB0","formatted_address":"59QQ+9RG Marat, Poblacion, Paracelis, Mountain Province, Philippines","business_status":"OPERATIONAL","rating":null,"user_rating_count":null,"barangay_slug":"poblacion","barangay_name":"Poblacion"},"geometry":{"type":"Point","coordinates":[121.38957590000001,17.1884402]}},{"type":"Feature","properties":{"name":"Paracelis Evangelical Church","kind":"worship","kind_label":"Worship","source":"google_places","google_place_id":"ChIJPzjsoR3tjzMRbVpz0EeyOQM","google_primary_type":"church","google_primary_type_label":"Church","google_types":["church","place_of_worship","association_or_organization","point_of_interest","establishment"],"google_maps_uri":"https://maps.google.com/?cid=232412877295934061&g_mp=Cilnb29nbGUubWFwcy5wbGFjZXMudjEuUGxhY2VzLlNlYXJjaE5lYXJieRACGAQgAA","google_icon_mask_base_uri":"https://maps.gstatic.com/mapfiles/place_api/icons/v2/worship_christian_pinlet","google_icon_background_color":"#7B9EB0","formatted_address":"5CP2+2HR, Paracelis, Mountain Province, Philippines","business_status":"OPERATIONAL","rating":5,"user_rating_count":1,"barangay_slug":"poblacion","barangay_name":"Poblacion"},"geometry":{"type":"Point","coordinates":[121.4013888,17.1851096]}},{"type":"Feature","properties":{"name":"San Gabriel Church","kind":"worship","kind_label":"Worship","source":"google_places","google_place_id":"ChIJ2zJj5EDtjzMRPpREQ1AATks","google_primary_type":"church","google_primary_type_label":"Church","google_types":["church","place_of_worship","association_or_organization","point_of_interest","establishment"],"google_maps_uri":"https://maps.google.com/?cid=5426274945753977918&g_mp=Cilnb29nbGUubWFwcy5wbGFjZXMudjEuUGxhY2VzLlNlYXJjaE5lYXJieRACGAQgAA","google_icon_mask_base_uri":"https://maps.gstatic.com/mapfiles/place_api/icons/v2/worship_christian_pinlet","google_icon_background_color":"#7B9EB0","formatted_address":"59RX+J48, Paracelis, Mountain Province, Philippines","business_status":"OPERATIONAL","rating":5,"user_rating_count":3,"barangay_slug":"poblacion","barangay_name":"Poblacion"},"geometry":{"type":"Point","coordinates":[121.39781769999999,17.1915421]}}]}
