{"type":"FeatureCollection","features":[{"type":"Feature","properties":{"name":"G - Speed Motor Parts Center","kind":"business","kind_label":"Business","source":"google_places","google_place_id":"ChIJD4TfZNTUkTMRaj8hAqKxeVo","google_primary_type":"auto_parts_store","google_primary_type_label":"Auto Parts Store","google_types":["auto_parts_store","car_repair","service","store","point_of_interest","establishment"],"google_maps_uri":"https://maps.google.com/?cid=6519437244974055274&g_mp=Cilnb29nbGUubWFwcy5wbGFjZXMudjEuUGxhY2VzLlNlYXJjaE5lYXJieRACGAQgAA","google_icon_mask_base_uri":"https://maps.gstatic.com/mapfiles/place_api/icons/v2/shopping_pinlet","google_icon_background_color":"#4B96F3","formatted_address":"Bauko, Mountain Province, Philippines","business_status":"OPERATIONAL","rating":null,"user_rating_count":null,"barangay_slug":null,"barangay_name":null},"geometry":{"type":"Point","coordinates":[120.8924175,16.9171496]}},{"type":"Feature","properties":{"name":"GREEN PASTURE RESTO","kind":"business","kind_label":"Business","source":"google_places","google_place_id":"ChIJ15BIffHUjzMRubtsVNrleTU","google_primary_type":"restaurant","google_primary_type_label":"Restaurant","google_types":["restaurant","food","point_of_interest","establishment"],"google_maps_uri":"https://maps.google.com/?cid=3853363682074213305&g_mp=Cilnb29nbGUubWFwcy5wbGFjZXMudjEuUGxhY2VzLlNlYXJjaE5lYXJieRACGAQgAA","google_icon_mask_base_uri":"https://maps.gstatic.com/mapfiles/place_api/icons/v2/restaurant_pinlet","google_icon_background_color":"#FF9E67","formatted_address":"Bontoc, Mountain Province, Philippines","business_status":"OPERATIONAL","rating":null,"user_rating_count":null,"barangay_slug":null,"barangay_name":null},"geometry":{"type":"Point","coordinates":[120.93380540000001,17.014661]}},{"type":"Feature","properties":{"name":"Brew Cafe","kind":"market","kind_label":"Market","source":"google_places","google_place_id":"ChIJZ_BuWNXVjzMR9dKCdCIynTA","google_primary_type":"coffee_shop","google_primary_type_label":"Coffee Shop","google_types":["coffee_shop","cafe","food_store","food","point_of_interest","store","establishment"],"google_maps_uri":"https://maps.google.com/?cid=3503011208729121525&g_mp=Cilnb29nbGUubWFwcy5wbGFjZXMudjEuUGxhY2VzLlNlYXJjaE5lYXJieRACGAQgAA","google_icon_mask_base_uri":"https://maps.gstatic.com/mapfiles/place_api/icons/v2/cafe_pinlet","google_icon_background_color":"#FF9E67","formatted_address":"2W7M+RGC, Bontoc, Mountain Province, Philippines","business_status":"OPERATIONAL","rating":4.6,"user_rating_count":5,"barangay_slug":null,"barangay_name":null},"geometry":{"type":"Point","coordinates":[120.9337714,17.0145729]}},{"type":"Feature","properties":{"name":"VICTORIA'S GROCERY","kind":"market","kind_label":"Market","source":"google_places","google_place_id":"ChIJER0G2PPUjzMR611-koJ3YV0","google_primary_type":"grocery_store","google_primary_type_label":"Grocery Store","google_types":["grocery_store","food_store","store","point_of_interest","food","establishment"],"google_maps_uri":"https://maps.google.com/?cid=6728790720955440619&g_mp=Cilnb29nbGUubWFwcy5wbGFjZXMudjEuUGxhY2VzLlNlYXJjaE5lYXJieRACGAQgAA","google_icon_mask_base_uri":"https://maps.gstatic.com/mapfiles/place_api/icons/v2/shoppingcart_pinlet","google_icon_background_color":"#4B96F3","formatted_address":"Bontoc, Mountain Province, Philippines","business_status":"OPERATIONAL","rating":null,"user_rating_count":null,"barangay_slug":null,"barangay_name":null},"geometry":{"type":"Point","coordinates":[120.93389119999999,17.0147324]}},{"type":"Feature","properties":{"name":"Grand Pali Inn","kind":"tourism","kind_label":"Tourism","source":"google_places","google_place_id":"ChIJlY6iCQDVjzMRynstti6tXeg","google_primary_type":"bed_and_breakfast","google_primary_type_label":"Bed & Breakfast","google_types":["bed_and_breakfast","lodging","point_of_interest","establishment"],"google_maps_uri":"https://maps.google.com/?cid=16743729405769907146&g_mp=Cilnb29nbGUubWFwcy5wbGFjZXMudjEuUGxhY2VzLlNlYXJjaE5lYXJieRACGAQgAA","google_icon_mask_base_uri":"https://maps.gstatic.com/mapfiles/place_api/icons/v2/hotel_pinlet","google_icon_background_color":"#909CE1","formatted_address":"2W7M+RGC, Bontoc, Mountain Province, Philippines","business_status":"OPERATIONAL","rating":5,"user_rating_count":2,"barangay_slug":null,"barangay_name":null},"geometry":{"type":"Point","coordinates":[120.9339411,17.0147179]}},{"type":"Feature","properties":{"name":"PTT Sabangan - Thailand's No. 1","kind":"transport","kind_label":"Transport","source":"google_places","google_place_id":"ChIJWQvtDk7VjzMRvnNL0sloyrM","google_primary_type":"gas_station","google_primary_type_label":"Gas Station","google_types":["gas_station","service","point_of_interest","establishment"],"google_maps_uri":"https://maps.google.com/?cid=12955282494110528446&g_mp=Cilnb29nbGUubWFwcy5wbGFjZXMudjEuUGxhY2VzLlNlYXJjaE5lYXJieRACGAQgAA","google_icon_mask_base_uri":"https://maps.gstatic.com/mapfiles/place_api/icons/v2/gas_pinlet","google_icon_background_color":"#909CE1","formatted_address":"Halsema Highway, Bontoc, Mountain Province, Philippines","business_status":"OPERATIONAL","rating":4.3,"user_rating_count":12,"barangay_slug":null,"barangay_name":null},"geometry":{"type":"Point","coordinates":[120.933847,17.014909799999998]}},{"type":"Feature","properties":{"name":"Two Cook","kind":"transport","kind_label":"Transport","source":"google_places","google_place_id":"ChIJg0NC7C8rjjMRYiGKgilw5x8","google_primary_type":"parking_lot","google_primary_type_label":"Parking Lot","google_types":["parking_lot","noodle_shop","parking","transportation_service","service","restaurant","point_of_interest","food","establishment"],"google_maps_uri":"https://maps.google.com/?cid=2298929458381988194&g_mp=Cilnb29nbGUubWFwcy5wbGFjZXMudjEuUGxhY2VzLlNlYXJjaE5lYXJieRACGAQgAA","google_icon_mask_base_uri":"https://maps.gstatic.com/mapfiles/place_api/icons/v2/parking_pinlet","google_icon_background_color":"#7B9EB0","formatted_address":"Bagnen Oriente, Bauko, 2621 Mountain Province, Philippines","business_status":"OPERATIONAL","rating":null,"user_rating_count":null,"barangay_slug":null,"barangay_name":null},"geometry":{"type":"Point","coordinates":[120.89276710000001,17.0327919]}},{"type":"Feature","properties":{"name":"Bao-angan","kind":"business","kind_label":"Business","source":"google_places","google_place_id":"ChIJudcA_07VjzMRjc9wli6uNKY","google_primary_type":null,"google_primary_type_label":null,"google_types":["sublocality_level_2","sublocality","political"],"google_maps_uri":"https://maps.google.com/?cid=11976388824200695693&g_mp=Cidnb29nbGUubWFwcy5wbGFjZXMudjEuUGxhY2VzLlNlYXJjaFRleHQQAhgEIAA","google_icon_mask_base_uri":"https://maps.gstatic.com/mapfiles/place_api/icons/v2/generic_pinlet","google_icon_background_color":"#7B9EB0","formatted_address":"Bao-angan, Sabangan, Mountain Province, Philippines","business_status":null,"rating":null,"user_rating_count":null,"barangay_slug":"bao-angan","barangay_name":"Bao-angan"},"geometry":{"type":"Point","coordinates":[120.90299920000001,16.973844]}},{"type":"Feature","properties":{"name":"Baoangan Barangay Hall","kind":"govt","kind_label":"Government","source":"google_places","google_place_id":"ChIJC7vvAVDVjzMRWSCrTlTVoeQ","google_primary_type":"government_office","google_primary_type_label":"Government Office","google_types":["government_office","point_of_interest","establishment"],"google_maps_uri":"https://maps.google.com/?cid=16474683469971791961&g_mp=Cilnb29nbGUubWFwcy5wbGFjZXMudjEuUGxhY2VzLlNlYXJjaE5lYXJieRACGAQgAA","google_icon_mask_base_uri":"https://maps.gstatic.com/mapfiles/place_api/icons/v2/civic-bldg_pinlet","google_icon_background_color":"#7B9EB0","formatted_address":"XWF4+GP5, Halsema Highway, Sabangan, Mountain Province, Philippines","business_status":"OPERATIONAL","rating":null,"user_rating_count":null,"barangay_slug":"bao-angan","barangay_name":"Bao-angan"},"geometry":{"type":"Point","coordinates":[120.90686479999998,16.973771199999998]}},{"type":"Feature","properties":{"name":"apa","kind":"business","kind_label":"Business","source":"google_places","google_place_id":"ChIJSyEp-AvVjzMRPUfKqVRvIww","google_primary_type":"mountain_peak","google_primary_type_label":"Mountain Peak","google_types":["mountain_peak","natural_feature","establishment"],"google_maps_uri":"https://maps.google.com/?cid=874665162056550205&g_mp=Cidnb29nbGUubWFwcy5wbGFjZXMudjEuUGxhY2VzLlNlYXJjaFRleHQQAhgEIAA","google_icon_mask_base_uri":"https://maps.gstatic.com/mapfiles/place_api/icons/v2/generic_pinlet","google_icon_background_color":"#7B9EB0","formatted_address":"apa, Sabangan, Mountain Province, Philippines","business_status":null,"rating":null,"user_rating_count":null,"barangay_slug":"bun-ayan","barangay_name":"Bun-ayan"},"geometry":{"type":"Point","coordinates":[120.9361455,16.982127500000004]}},{"type":"Feature","properties":{"name":"Bangiacan Store","kind":"business","kind_label":"Business","source":"google_places","google_place_id":"ChIJf6IzcgDVjzMRsUJQGYMDuc4","google_primary_type":"store","google_primary_type_label":"Store","google_types":["store","point_of_interest","establishment"],"google_maps_uri":"https://maps.google.com/?cid=14895941104104915633&g_mp=Cilnb29nbGUubWFwcy5wbGFjZXMudjEuUGxhY2VzLlNlYXJjaE5lYXJieRACGAQgAA","google_icon_mask_base_uri":"https://maps.gstatic.com/mapfiles/place_api/icons/v2/shopping_pinlet","google_icon_background_color":"#4B96F3","formatted_address":"XWF5+WCR Bun-ayan, Sabangan, Mountain Province, Philippines","business_status":"OPERATIONAL","rating":5,"user_rating_count":1,"barangay_slug":"bun-ayan","barangay_name":"Bun-ayan"},"geometry":{"type":"Point","coordinates":[120.9085291,16.9748716]}},{"type":"Feature","properties":{"name":"Bun -ayan Little Store","kind":"business","kind_label":"Business","source":"google_places","google_place_id":"ChIJ3Ttc9UXVjzMRevfqmgnSmGk","google_primary_type":"store","google_primary_type_label":"Store","google_types":["store","point_of_interest","establishment"],"google_maps_uri":"https://maps.google.com/?cid=7609062509138081658&g_mp=Cilnb29nbGUubWFwcy5wbGFjZXMudjEuUGxhY2VzLlNlYXJjaE5lYXJieRACGAQgAA","google_icon_mask_base_uri":"https://maps.gstatic.com/mapfiles/place_api/icons/v2/shopping_pinlet","google_icon_background_color":"#4B96F3","formatted_address":"XWG4+CWP, Sabangan, Mountain Province, Philippines","business_status":"OPERATIONAL","rating":5,"user_rating_count":4,"barangay_slug":"bun-ayan","barangay_name":"Bun-ayan"},"geometry":{"type":"Point","coordinates":[120.9073202,16.9760965]}},{"type":"Feature","properties":{"name":"Bun-ayan","kind":"business","kind_label":"Business","source":"google_places","google_place_id":"ChIJiR7lxAzVjzMRVCp7UzPmwLc","google_primary_type":null,"google_primary_type_label":null,"google_types":["sublocality_level_2","sublocality","political"],"google_maps_uri":"https://maps.google.com/?cid=13240836012587559508&g_mp=Cidnb29nbGUubWFwcy5wbGFjZXMudjEuUGxhY2VzLlNlYXJjaFRleHQQAhgEIAA","google_icon_mask_base_uri":"https://maps.gstatic.com/mapfiles/place_api/icons/v2/generic_pinlet","google_icon_background_color":"#7B9EB0","formatted_address":"Bun-ayan, Sabangan, Mountain Province, Philippines","business_status":null,"rating":null,"user_rating_count":null,"barangay_slug":"bun-ayan","barangay_name":"Bun-ayan"},"geometry":{"type":"Point","coordinates":[120.9331295,16.9806429]}},{"type":"Feature","properties":{"name":"Bun-ayan Public Cemetery","kind":"business","kind_label":"Business","source":"google_places","google_place_id":"ChIJ5WdzFkbVjzMRX33TkOf1VJg","google_primary_type":"cemetery","google_primary_type_label":"Cemetery","google_types":["cemetery","service","point_of_interest","establishment"],"google_maps_uri":"https://maps.google.com/?cid=10976668566724771167&g_mp=Cilnb29nbGUubWFwcy5wbGFjZXMudjEuUGxhY2VzLlNlYXJjaE5lYXJieRACGAQgAA","google_icon_mask_base_uri":"https://maps.gstatic.com/mapfiles/place_api/icons/v2/cemetery_pinlet","google_icon_background_color":"#7B9EB0","formatted_address":"XWH5+78G, Halsema Highway, Sabangan, Mountain Province, Philippines","business_status":"OPERATIONAL","rating":null,"user_rating_count":null,"barangay_slug":"bun-ayan","barangay_name":"Bun-ayan"},"geometry":{"type":"Point","coordinates":[120.90833519999998,16.9781951]}},{"type":"Feature","properties":{"name":"Dapdapitan, Bun-ayan, Sabangan, Mountain Province","kind":"business","kind_label":"Business","source":"google_places","google_place_id":"ChIJf16VQwDVjzMRSoFaO7Lstt0","google_primary_type":"place_of_worship","google_primary_type_label":"Place of Worship","google_types":["place_of_worship","point_of_interest","association_or_organization","establishment"],"google_maps_uri":"https://maps.google.com/?cid=15976216978387534154&g_mp=Cidnb29nbGUubWFwcy5wbGFjZXMudjEuUGxhY2VzLlNlYXJjaFRleHQQAhgEIAA","google_icon_mask_base_uri":"https://maps.gstatic.com/mapfiles/place_api/icons/v2/generic_pinlet","google_icon_background_color":"#7B9EB0","formatted_address":"XWJM+772 Redeem Baptist Church, Sabangan, Mountain Province, Philippines","business_status":"OPERATIONAL","rating":5,"user_rating_count":1,"barangay_slug":"bun-ayan","barangay_name":"Bun-ayan"},"geometry":{"type":"Point","coordinates":[120.9331406,16.9806375]}},{"type":"Feature","properties":{"name":"Roadside Cafe","kind":"business","kind_label":"Business","source":"google_places","google_place_id":"ChIJ2eJCwKnVjzMRihJ44kzNwGY","google_primary_type":"cafe","google_primary_type_label":"Cafe","google_types":["cafe","food","point_of_interest","establishment"],"google_maps_uri":"https://maps.google.com/?cid=7404143517497823882&g_mp=Cilnb29nbGUubWFwcy5wbGFjZXMudjEuUGxhY2VzLlNlYXJjaE5lYXJieRACGAQgAA","google_icon_mask_base_uri":"https://maps.gstatic.com/mapfiles/place_api/icons/v2/cafe_pinlet","google_icon_background_color":"#FF9E67","formatted_address":"Bun-ayan, Sabangan, 2622 Mountain Province, Philippines","business_status":"OPERATIONAL","rating":2.5,"user_rating_count":2,"barangay_slug":"bun-ayan","barangay_name":"Bun-ayan"},"geometry":{"type":"Point","coordinates":[120.9138801,16.9861807]}},{"type":"Feature","properties":{"name":"Bun-ayan, Barangay Hall","kind":"govt","kind_label":"Government","source":"google_places","google_place_id":"ChIJNbq9IADVjzMRcSUj9bXqiUU","google_primary_type":"government_office","google_primary_type_label":"Government Office","google_types":["government_office","point_of_interest","establishment"],"google_maps_uri":"https://maps.google.com/?cid=5010794127649088881&g_mp=Cilnb29nbGUubWFwcy5wbGFjZXMudjEuUGxhY2VzLlNlYXJjaE5lYXJieRACGAQgAA","google_icon_mask_base_uri":"https://maps.gstatic.com/mapfiles/place_api/icons/v2/civic-bldg_pinlet","google_icon_background_color":"#7B9EB0","formatted_address":"XWF5+MG6 Bun-ayan, Sabangan, Mountain Province, Philippines","business_status":"OPERATIONAL","rating":null,"user_rating_count":null,"barangay_slug":"bun-ayan","barangay_name":"Bun-ayan"},"geometry":{"type":"Point","coordinates":[120.90877449999999,16.9741545]}},{"type":"Feature","properties":{"name":"Apa Campsite","kind":"tourism","kind_label":"Tourism","source":"google_places","google_place_id":"ChIJhWPRTrTVjzMRlF7xMMKhd6w","google_primary_type":"campground","google_primary_type_label":"Campground","google_types":["campground","lodging","point_of_interest","establishment"],"google_maps_uri":"https://maps.google.com/?cid=12427579552169025172&g_mp=Cilnb29nbGUubWFwcy5wbGFjZXMudjEuUGxhY2VzLlNlYXJjaE5lYXJieRACGAQgAA","google_icon_mask_base_uri":"https://maps.gstatic.com/mapfiles/place_api/icons/v2/camping_pinlet","google_icon_background_color":"#4DB546","formatted_address":"Sabangan, Mountain Province, Philippines","business_status":"OPERATIONAL","rating":5,"user_rating_count":4,"barangay_slug":"bun-ayan","barangay_name":"Bun-ayan"},"geometry":{"type":"Point","coordinates":[120.9361445,16.9823792]}},{"type":"Feature","properties":{"name":"Benena's Park","kind":"tourism","kind_label":"Tourism","source":"google_places","google_place_id":"ChIJ__-_pT7VjzMRuu-VpVyjieo","google_primary_type":"park","google_primary_type_label":"Park","google_types":["park","point_of_interest","establishment"],"google_maps_uri":"https://maps.google.com/?cid=16900218694994882490&g_mp=Cilnb29nbGUubWFwcy5wbGFjZXMudjEuUGxhY2VzLlNlYXJjaE5lYXJieRACGAQgAA","google_icon_mask_base_uri":"https://maps.gstatic.com/mapfiles/place_api/icons/v2/tree_pinlet","google_icon_background_color":"#4DB546","formatted_address":"XWP7+CGQ, Halsema Highway, Sabangan, Mountain Province, Philippines","business_status":"OPERATIONAL","rating":null,"user_rating_count":null,"barangay_slug":"bun-ayan","barangay_name":"Bun-ayan"},"geometry":{"type":"Point","coordinates":[120.91385059999998,16.9860888]}},{"type":"Feature","properties":{"name":"COMELET MATIAS RESIDENCE","kind":"tourism","kind_label":"Tourism","source":"google_places","google_place_id":"ChIJDYfwHp3VjzMR6Iqll6eywNo","google_primary_type":"bed_and_breakfast","google_primary_type_label":"Bed & Breakfast","google_types":["bed_and_breakfast","lodging","point_of_interest","establishment"],"google_maps_uri":"https://maps.google.com/?cid=15762795128670227176&g_mp=Cilnb29nbGUubWFwcy5wbGFjZXMudjEuUGxhY2VzLlNlYXJjaE5lYXJieRACGAQgAA","google_icon_mask_base_uri":"https://maps.gstatic.com/mapfiles/place_api/icons/v2/hotel_pinlet","google_icon_background_color":"#909CE1","formatted_address":"XWM7+P3R, Cabogbogan, Sabangan, Mountain Province, Philippines","business_status":"OPERATIONAL","rating":null,"user_rating_count":null,"barangay_slug":"bun-ayan","barangay_name":"Bun-ayan"},"geometry":{"type":"Point","coordinates":[120.91265299999999,16.9843509]}},{"type":"Feature","properties":{"name":"MT. TINALTALAW","kind":"tourism","kind_label":"Tourism","source":"google_places","google_place_id":"ChIJH9XCjw_VjzMR3lTSlqWE4PU","google_primary_type":"hiking_area","google_primary_type_label":"Hiking Area","google_types":["hiking_area","sports_activity_location","point_of_interest","establishment"],"google_maps_uri":"https://maps.google.com/?cid=17717306780810368222&g_mp=Cilnb29nbGUubWFwcy5wbGFjZXMudjEuUGxhY2VzLlNlYXJjaE5lYXJieRACGAQgAA","google_icon_mask_base_uri":"https://maps.gstatic.com/mapfiles/place_api/icons/v2/hiking_pinlet","google_icon_background_color":"#4DB546","formatted_address":"XWG4+M5, Sabangan, Mountain Province, Philippines","business_status":"OPERATIONAL","rating":4,"user_rating_count":2,"barangay_slug":"bun-ayan","barangay_name":"Bun-ayan"},"geometry":{"type":"Point","coordinates":[120.9054255,16.9766545]}},{"type":"Feature","properties":{"name":"Rocket’s Descent","kind":"tourism","kind_label":"Tourism","source":"google_places","google_place_id":"ChIJlXC9DQDVjzMRwYmVCq_8prE","google_primary_type":"tourist_attraction","google_primary_type_label":"Tourist Attraction","google_types":["tourist_attraction","point_of_interest","establishment"],"google_maps_uri":"https://maps.google.com/?cid=12801196819574262209&g_mp=Cilnb29nbGUubWFwcy5wbGFjZXMudjEuUGxhY2VzLlNlYXJjaE5lYXJieRACGAQgAA","google_icon_mask_base_uri":"https://maps.gstatic.com/mapfiles/place_api/icons/v2/generic_pinlet","google_icon_background_color":"#13B5C7","formatted_address":"XWJ5+XQ, Sabangan, Mountain Province, Philippines","business_status":"OPERATIONAL","rating":4.7,"user_rating_count":3,"barangay_slug":"bun-ayan","barangay_name":"Bun-ayan"},"geometry":{"type":"Point","coordinates":[120.9093847,16.982485999999998]}},{"type":"Feature","properties":{"name":"HGJ consumer goods and trading, Dapdapitan, Bun-ayan, Sabangan, Mountain Province","kind":"transport","kind_label":"Transport","source":"google_places","google_place_id":"ChIJ47fxIgDVjzMRjrfgFNclh4A","google_primary_type":"gas_station","google_primary_type_label":"Gas Station","google_types":["gas_station","service","point_of_interest","establishment"],"google_maps_uri":"https://maps.google.com/?cid=9261412764409182094&g_mp=Cilnb29nbGUubWFwcy5wbGFjZXMudjEuUGxhY2VzLlNlYXJjaE5lYXJieRACGAQgAA","google_icon_mask_base_uri":"https://maps.gstatic.com/mapfiles/place_api/icons/v2/gas_pinlet","google_icon_background_color":"#909CE1","formatted_address":"XWJM+772 Bun-ayan, Sabangan, Mountain Province, Philippines","business_status":"OPERATIONAL","rating":null,"user_rating_count":null,"barangay_slug":"bun-ayan","barangay_name":"Bun-ayan"},"geometry":{"type":"Point","coordinates":[120.9331295,16.9806429]}},{"type":"Feature","properties":{"name":"Data Elementary School","kind":"govt","kind_label":"Government","source":"google_places","google_place_id":"ChIJMcjmwbsqkDMRkgKWIUu1Yrk","google_primary_type":"government_office","google_primary_type_label":"Government Office","google_types":["government_office","school","educational_institution","point_of_interest","establishment"],"google_maps_uri":"https://maps.google.com/?cid=13358438779024966290&g_mp=Cilnb29nbGUubWFwcy5wbGFjZXMudjEuUGxhY2VzLlNlYXJjaE5lYXJieRACGAQgAA","google_icon_mask_base_uri":"https://maps.gstatic.com/mapfiles/place_api/icons/v2/school_pinlet","google_icon_background_color":"#7B9EB0","formatted_address":"WWW6+8JP, Halsema Highway, Sabangan, 2622 Mountain Province, Philippines","business_status":"CLOSED_TEMPORARILY","rating":null,"user_rating_count":null,"barangay_slug":"busa","barangay_name":"Busa"},"geometry":{"type":"Point","coordinates":[120.91158399999999,16.945840999999998]}},{"type":"Feature","properties":{"name":"Data National High School","kind":"govt","kind_label":"Government","source":"google_places","google_place_id":"ChIJMcjmwbsqkDMR6VAZBjInbyQ","google_primary_type":"government_office","google_primary_type_label":"Government Office","google_types":["school","educational_institution","government_office","point_of_interest","establishment"],"google_maps_uri":"https://maps.google.com/?cid=2625360203584458985&g_mp=Cilnb29nbGUubWFwcy5wbGFjZXMudjEuUGxhY2VzLlNlYXJjaE5lYXJieRACGAQgAA","google_icon_mask_base_uri":"https://maps.gstatic.com/mapfiles/place_api/icons/v2/school_pinlet","google_icon_background_color":"#7B9EB0","formatted_address":"WWW6+8JP Data, Halsema Highway, Sabangan, 2622 Mountain Province, Philippines","business_status":"CLOSED_TEMPORARILY","rating":null,"user_rating_count":null,"barangay_slug":"busa","barangay_name":"Busa"},"geometry":{"type":"Point","coordinates":[120.91158399999999,16.945840999999998]}},{"type":"Feature","properties":{"name":"Madepdeppas Elementary School","kind":"govt","kind_label":"Government","source":"google_places","google_place_id":"ChIJMcjmwbsqkDMRTdD22-1tVGQ","google_primary_type":"government_office","google_primary_type_label":"Government Office","google_types":["school","educational_institution","government_office","point_of_interest","establishment"],"google_maps_uri":"https://maps.google.com/?cid=7229524170201550925&g_mp=Cilnb29nbGUubWFwcy5wbGFjZXMudjEuUGxhY2VzLlNlYXJjaE5lYXJieRACGAQgAA","google_icon_mask_base_uri":"https://maps.gstatic.com/mapfiles/place_api/icons/v2/school_pinlet","google_icon_background_color":"#7B9EB0","formatted_address":"Madepdeppas, Halsema Highway, Sabangan, 2622 Mountain Province, Philippines","business_status":"CLOSED_TEMPORARILY","rating":null,"user_rating_count":null,"barangay_slug":"busa","barangay_name":"Busa"},"geometry":{"type":"Point","coordinates":[120.91158399999999,16.945840999999998]}},{"type":"Feature","properties":{"name":"Sabangan PS","kind":"govt","kind_label":"Government","source":"google_places","google_place_id":"ChIJMcjmwbsqkDMRXhlfON5q2Aw","google_primary_type":"government_office","google_primary_type_label":"Government Office","google_types":["school","educational_institution","government_office","point_of_interest","establishment"],"google_maps_uri":"https://maps.google.com/?cid=925607226085677406&g_mp=Cilnb29nbGUubWFwcy5wbGFjZXMudjEuUGxhY2VzLlNlYXJjaE5lYXJieRACGAQgAA","google_icon_mask_base_uri":"https://maps.gstatic.com/mapfiles/place_api/icons/v2/school_pinlet","google_icon_background_color":"#7B9EB0","formatted_address":"Halsema Highway, Dalirig, Manolo Fortich, WWW6+8JP, Sabangan, 2622 Mountain Province, Philippines","business_status":"CLOSED_TEMPORARILY","rating":null,"user_rating_count":null,"barangay_slug":"busa","barangay_name":"Busa"},"geometry":{"type":"Point","coordinates":[120.91158399999999,16.945840999999998]}},{"type":"Feature","properties":{"name":"Sacasacan Elementary School","kind":"govt","kind_label":"Government","source":"google_places","google_place_id":"ChIJMcjmwbsqkDMRKVCGNhR5200","google_primary_type":"government_office","google_primary_type_label":"Government Office","google_types":["school","educational_institution","government_office","point_of_interest","establishment"],"google_maps_uri":"https://maps.google.com/?cid=5610210888541163561&g_mp=Cilnb29nbGUubWFwcy5wbGFjZXMudjEuUGxhY2VzLlNlYXJjaE5lYXJieRACGAQgAA","google_icon_mask_base_uri":"https://maps.gstatic.com/mapfiles/place_api/icons/v2/school_pinlet","google_icon_background_color":"#7B9EB0","formatted_address":"WWW6+8JP, Halsema Highway, Sabangan, 2622 Mountain Province, Philippines","business_status":"CLOSED_TEMPORARILY","rating":null,"user_rating_count":null,"barangay_slug":"busa","barangay_name":"Busa"},"geometry":{"type":"Point","coordinates":[120.91158399999999,16.945840999999998]}},{"type":"Feature","properties":{"name":"Raguro Store","kind":"market","kind_label":"Market","source":"google_places","google_place_id":"ChIJHZL2ZgArkDMRXbqgNgDOG_E","google_primary_type":"convenience_store","google_primary_type_label":"Convenience Store","google_types":["convenience_store","food_store","store","point_of_interest","food","establishment"],"google_maps_uri":"https://maps.google.com/?cid=17373706487823645277&g_mp=Cilnb29nbGUubWFwcy5wbGFjZXMudjEuUGxhY2VzLlNlYXJjaE5lYXJieRACGAQgAA","google_icon_mask_base_uri":"https://maps.gstatic.com/mapfiles/place_api/icons/v2/convenience_pinlet","google_icon_background_color":"#4B96F3","formatted_address":"WWV6+CJC, Busa, Sabangan, Mountain Province, Philippines","business_status":"OPERATIONAL","rating":null,"user_rating_count":null,"barangay_slug":"busa","barangay_name":"Busa"},"geometry":{"type":"Point","coordinates":[120.91151319999999,16.9435583]}},{"type":"Feature","properties":{"name":"Bayangdan's Store","kind":"business","kind_label":"Business","source":"google_places","google_place_id":"ChIJ68mQGmjVjzMR5wJUp-JMWIA","google_primary_type":"store","google_primary_type_label":"Store","google_types":["store","point_of_interest","establishment"],"google_maps_uri":"https://maps.google.com/?cid=9248226371158934247&g_mp=Cilnb29nbGUubWFwcy5wbGFjZXMudjEuUGxhY2VzLlNlYXJjaE5lYXJieRACGAQgAA","google_icon_mask_base_uri":"https://maps.gstatic.com/mapfiles/place_api/icons/v2/shopping_pinlet","google_icon_background_color":"#4B96F3","formatted_address":"Sabangan, Mountain Province, Philippines","business_status":"OPERATIONAL","rating":null,"user_rating_count":null,"barangay_slug":"camatagan","barangay_name":"Camatagan"},"geometry":{"type":"Point","coordinates":[120.91315059999998,16.9658694]}},{"type":"Feature","properties":{"name":"ESDEN STORE","kind":"business","kind_label":"Business","source":"google_places","google_place_id":"ChIJlUqCC1nVjzMRZmYHdQOviqo","google_primary_type":"point_of_interest","google_primary_type_label":"Point of interest","google_types":["point_of_interest","establishment"],"google_maps_uri":"https://maps.google.com/?cid=12288826962617001574&g_mp=Cidnb29nbGUubWFwcy5wbGFjZXMudjEuUGxhY2VzLlNlYXJjaFRleHQQAhgEIAA","google_icon_mask_base_uri":"https://maps.gstatic.com/mapfiles/place_api/icons/v2/generic_pinlet","google_icon_background_color":"#7B9EB0","formatted_address":"Sabangan, Mountain Province, Philippines","business_status":"OPERATIONAL","rating":null,"user_rating_count":null,"barangay_slug":"camatagan","barangay_name":"Camatagan"},"geometry":{"type":"Point","coordinates":[120.91050419999999,16.9645229]}},{"type":"Feature","properties":{"name":"Verlee Bhel General Merchandise","kind":"business","kind_label":"Business","source":"google_places","google_place_id":"ChIJxQ0CkFnVjzMRVWHP1NkpUms","google_primary_type":"clothing_store","google_primary_type_label":"Clothing Store","google_types":["clothing_store","store","point_of_interest","establishment"],"google_maps_uri":"https://maps.google.com/?cid=7733289525703565653&g_mp=Cilnb29nbGUubWFwcy5wbGFjZXMudjEuUGxhY2VzLlNlYXJjaE5lYXJieRACGAQgAA","google_icon_mask_base_uri":"https://maps.gstatic.com/mapfiles/place_api/icons/v2/shopping_pinlet","google_icon_background_color":"#4B96F3","formatted_address":"Sabangan, Mountain Province, Philippines","business_status":"OPERATIONAL","rating":null,"user_rating_count":null,"barangay_slug":"camatagan","barangay_name":"Camatagan"},"geometry":{"type":"Point","coordinates":[120.90942949999999,16.9655323]}},{"type":"Feature","properties":{"name":"Barangay Food Terminal and Meat Processing Center","kind":"market","kind_label":"Market","source":"google_places","google_place_id":"ChIJxfRykFnVjzMRU1AYSkGY714","google_primary_type":"food_store","google_primary_type_label":"Food Store","google_types":["food_store","store","point_of_interest","food","establishment"],"google_maps_uri":"https://maps.google.com/?cid=6840853765182476371&g_mp=Cilnb29nbGUubWFwcy5wbGFjZXMudjEuUGxhY2VzLlNlYXJjaE5lYXJieRACGAQgAA","google_icon_mask_base_uri":"https://maps.gstatic.com/mapfiles/place_api/icons/v2/shopping_pinlet","google_icon_background_color":"#4B96F3","formatted_address":"XW85+5Q6, Halsema Highway, Sabangan, Mountain Province, Philippines","business_status":"OPERATIONAL","rating":3,"user_rating_count":1,"barangay_slug":"camatagan","barangay_name":"Camatagan"},"geometry":{"type":"Point","coordinates":[120.909392,16.9654068]}},{"type":"Feature","properties":{"name":"Eric Salupen sari sari store","kind":"market","kind_label":"Market","source":"google_places","google_place_id":"ChIJt75SJQArkDMRzE_2ENUwBTk","google_primary_type":"grocery_store","google_primary_type_label":"Grocery Store","google_types":["grocery_store","food_store","store","point_of_interest","food","establishment"],"google_maps_uri":"https://maps.google.com/?cid=4108743926716190668&g_mp=Cilnb29nbGUubWFwcy5wbGFjZXMudjEuUGxhY2VzLlNlYXJjaE5lYXJieRACGAQgAA","google_icon_mask_base_uri":"https://maps.gstatic.com/mapfiles/place_api/icons/v2/shoppingcart_pinlet","google_icon_background_color":"#4B96F3","formatted_address":"XW65+MWW, Sabangan, Mountain Province, Philippines","business_status":"OPERATIONAL","rating":null,"user_rating_count":null,"barangay_slug":"camatagan","barangay_name":"Camatagan"},"geometry":{"type":"Point","coordinates":[120.9097827,16.960791500000003]}},{"type":"Feature","properties":{"name":"Maricel Degway Tea House","kind":"market","kind_label":"Market","source":"google_places","google_place_id":"ChIJbbiCWAArkDMRhXwUJ9IX0wE","google_primary_type":"ice_cream_shop","google_primary_type_label":"Ice Cream Shop","google_types":["ice_cream_shop","dessert_shop","confectionery","food_store","store","point_of_interest","food","establishment"],"google_maps_uri":"https://maps.google.com/?cid=131475005490101381&g_mp=Cilnb29nbGUubWFwcy5wbGFjZXMudjEuUGxhY2VzLlNlYXJjaE5lYXJieRACGAQgAA","google_icon_mask_base_uri":"https://maps.gstatic.com/mapfiles/place_api/icons/v2/shopping_pinlet","google_icon_background_color":"#4B96F3","formatted_address":"XW56+277, Sabangan, Mountain Province, Philippines","business_status":"OPERATIONAL","rating":null,"user_rating_count":null,"barangay_slug":"camatagan","barangay_name":"Camatagan"},"geometry":{"type":"Point","coordinates":[120.91068100000001,16.957525099999998]}},{"type":"Feature","properties":{"name":"Marj Sari-Sari Store","kind":"market","kind_label":"Market","source":"google_places","google_place_id":"ChIJw_pKYljVjzMRFBAbmZnMuAY","google_primary_type":"grocery_store","google_primary_type_label":"Grocery Store","google_types":["grocery_store","food_store","store","point_of_interest","food","establishment"],"google_maps_uri":"https://maps.google.com/?cid=484361920013078548&g_mp=Cilnb29nbGUubWFwcy5wbGFjZXMudjEuUGxhY2VzLlNlYXJjaE5lYXJieRACGAQgAA","google_icon_mask_base_uri":"https://maps.gstatic.com/mapfiles/place_api/icons/v2/shoppingcart_pinlet","google_icon_background_color":"#4B96F3","formatted_address":"Sabangan, Mountain Province, Philippines","business_status":"OPERATIONAL","rating":null,"user_rating_count":null,"barangay_slug":"camatagan","barangay_name":"Camatagan"},"geometry":{"type":"Point","coordinates":[120.9100031,16.961731099999998]}},{"type":"Feature","properties":{"name":"Camatagan elementary school","kind":"school","kind_label":"School","source":"google_places","google_place_id":"ChIJrfegql7VjzMRJgfi1DfrDJE","google_primary_type":"primary_school","google_primary_type_label":"Elementary School","google_types":["primary_school","school","educational_institution","point_of_interest","establishment"],"google_maps_uri":"https://maps.google.com/?cid=10451987460247389990&g_mp=Cilnb29nbGUubWFwcy5wbGFjZXMudjEuUGxhY2VzLlNlYXJjaE5lYXJieRACGAQgAA","google_icon_mask_base_uri":"https://maps.gstatic.com/mapfiles/place_api/icons/v2/school_pinlet","google_icon_background_color":"#7B9EB0","formatted_address":"XW87+66H, Halsema Highway, Sabangan, Mountain Province, Philippines","business_status":"OPERATIONAL","rating":null,"user_rating_count":null,"barangay_slug":"camatagan","barangay_name":"Camatagan"},"geometry":{"type":"Point","coordinates":[120.91312140000001,16.9655681]}},{"type":"Feature","properties":{"name":"Pingad National High School","kind":"school","kind_label":"School","source":"google_places","google_place_id":"ChIJBwiiAlzVjzMRTMy9D_GP54I","google_primary_type":"secondary_school","google_primary_type_label":"High school","google_types":["secondary_school","school","educational_institution","point_of_interest","establishment"],"google_maps_uri":"https://maps.google.com/?cid=9432666210064780364&g_mp=Cilnb29nbGUubWFwcy5wbGFjZXMudjEuUGxhY2VzLlNlYXJjaE5lYXJieRACGAQgAA","google_icon_mask_base_uri":"https://maps.gstatic.com/mapfiles/place_api/icons/v2/school_pinlet","google_icon_background_color":"#7B9EB0","formatted_address":"XW87+6F3, Halsema Highway, Sabangan, Mountain Province, Philippines","business_status":"OPERATIONAL","rating":null,"user_rating_count":null,"barangay_slug":"camatagan","barangay_name":"Camatagan"},"geometry":{"type":"Point","coordinates":[120.91367129999999,16.9655065]}},{"type":"Feature","properties":{"name":"MT. MANGASIIT","kind":"tourism","kind_label":"Tourism","source":"google_places","google_place_id":"ChIJxSQQoOvVjzMRvuF3Qs5gBZk","google_primary_type":"hiking_area","google_primary_type_label":"Hiking Area","google_types":["hiking_area","sports_activity_location","point_of_interest","establishment"],"google_maps_uri":"https://maps.google.com/?cid=11026325701681209790&g_mp=Cilnb29nbGUubWFwcy5wbGFjZXMudjEuUGxhY2VzLlNlYXJjaE5lYXJieRACGAQgAA","google_icon_mask_base_uri":"https://maps.gstatic.com/mapfiles/place_api/icons/v2/hiking_pinlet","google_icon_background_color":"#4DB546","formatted_address":"XW64+WF, Sabangan, Mountain Province, Philippines","business_status":"OPERATIONAL","rating":4.6,"user_rating_count":5,"barangay_slug":"camatagan","barangay_name":"Camatagan"},"geometry":{"type":"Point","coordinates":[120.90618420000001,16.9623516]}},{"type":"Feature","properties":{"name":"Ambudeng Purified Water Refilling Station","kind":"business","kind_label":"Business","source":"google_places","google_place_id":"ChIJv1XVg7AqkDMRtJqSGSmL4DU","google_primary_type":"point_of_interest","google_primary_type_label":"Point of interest","google_types":["point_of_interest","establishment"],"google_maps_uri":"https://maps.google.com/?cid=3882255887432325812&g_mp=Cidnb29nbGUubWFwcy5wbGFjZXMudjEuUGxhY2VzLlNlYXJjaFRleHQQAhgEIAA","google_icon_mask_base_uri":"https://maps.gstatic.com/mapfiles/place_api/icons/v2/generic_pinlet","google_icon_background_color":"#7B9EB0","formatted_address":"Sabangan, Mountain Province, Philippines","business_status":"OPERATIONAL","rating":null,"user_rating_count":null,"barangay_slug":"capinitan","barangay_name":"Capinitan"},"geometry":{"type":"Point","coordinates":[120.90712359999999,16.947833499999998]}},{"type":"Feature","properties":{"name":"Ambudeng Vulcanizing Shop","kind":"business","kind_label":"Business","source":"google_places","google_place_id":"ChIJoyCbPe8rkDMR22vkvqDAMHs","google_primary_type":"car_repair","google_primary_type_label":"Car repair and maintenance service","google_types":["car_repair","point_of_interest","service","establishment"],"google_maps_uri":"https://maps.google.com/?cid=8876806662177188827&g_mp=Cidnb29nbGUubWFwcy5wbGFjZXMudjEuUGxhY2VzLlNlYXJjaFRleHQQAhgEIAA","google_icon_mask_base_uri":"https://maps.gstatic.com/mapfiles/place_api/icons/v2/generic_pinlet","google_icon_background_color":"#7B9EB0","formatted_address":"Sabangan, Mountain Province, Philippines","business_status":"OPERATIONAL","rating":null,"user_rating_count":null,"barangay_slug":"capinitan","barangay_name":"Capinitan"},"geometry":{"type":"Point","coordinates":[120.927391,16.9500386]}},{"type":"Feature","properties":{"name":"BFP-Sabangan","kind":"business","kind_label":"Business","source":"google_places","google_place_id":"ChIJC5a9IqUqkDMRLO2KGcQ97gE","google_primary_type":"service","google_primary_type_label":"Services","google_types":["point_of_interest","service","establishment"],"google_maps_uri":"https://maps.google.com/?cid=139116550946483500&g_mp=Cidnb29nbGUubWFwcy5wbGFjZXMudjEuUGxhY2VzLlNlYXJjaFRleHQQAhgEIAA","google_icon_mask_base_uri":"https://maps.gstatic.com/mapfiles/place_api/icons/v2/generic_pinlet","google_icon_background_color":"#7B9EB0","formatted_address":"XW25+MQG, Halsema Highway, Sabangan, Mountain Province, Philippines","business_status":"OPERATIONAL","rating":3.7,"user_rating_count":3,"barangay_slug":"capinitan","barangay_name":"Capinitan"},"geometry":{"type":"Point","coordinates":[120.90945079999999,16.9516836]}},{"type":"Feature","properties":{"name":"Capinitan","kind":"business","kind_label":"Business","source":"google_places","google_place_id":"ChIJM-WYJYQqkDMRyd4WoZ3vKQI","google_primary_type":null,"google_primary_type_label":null,"google_types":["sublocality_level_2","sublocality","political"],"google_maps_uri":"https://maps.google.com/?cid=155919122412527305&g_mp=Cidnb29nbGUubWFwcy5wbGFjZXMudjEuUGxhY2VzLlNlYXJjaFRleHQQAhgEIAA","google_icon_mask_base_uri":"https://maps.gstatic.com/mapfiles/place_api/icons/v2/generic_pinlet","google_icon_background_color":"#7B9EB0","formatted_address":"Capinitan, Sabangan, Mountain Province, Philippines","business_status":null,"rating":null,"user_rating_count":null,"barangay_slug":"capinitan","barangay_name":"Capinitan"},"geometry":{"type":"Point","coordinates":[120.927391,16.9500386]}},{"type":"Feature","properties":{"name":"Capinitan Sub Station","kind":"business","kind_label":"Business","source":"google_places","google_place_id":"ChIJXVx6awArkDMRTZeHm-Ym9i8","google_primary_type":"medical_clinic","google_primary_type_label":"Medical Clinic","google_types":["medical_clinic","health","point_of_interest","establishment"],"google_maps_uri":"https://maps.google.com/?cid=3455992535947122509&g_mp=Cidnb29nbGUubWFwcy5wbGFjZXMudjEuUGxhY2VzLlNlYXJjaFRleHQQAhgEIAA","google_icon_mask_base_uri":"https://maps.gstatic.com/mapfiles/place_api/icons/v2/generic_pinlet","google_icon_background_color":"#7B9EB0","formatted_address":"XW25+MQG, Halsema Highway, Sabangan, Mountain Province, Philippines","business_status":"OPERATIONAL","rating":null,"user_rating_count":null,"barangay_slug":"capinitan","barangay_name":"Capinitan"},"geometry":{"type":"Point","coordinates":[120.90944359999999,16.9517818]}},{"type":"Feature","properties":{"name":"Chicken corner food hub- five star Sabangan","kind":"business","kind_label":"Business","source":"google_places","google_place_id":"ChIJfY9AVZsrkDMRjVkVBtdvrYY","google_primary_type":"restaurant","google_primary_type_label":"Restaurant","google_types":["restaurant","food","point_of_interest","establishment"],"google_maps_uri":"https://maps.google.com/?cid=9704535741364001165&g_mp=Cilnb29nbGUubWFwcy5wbGFjZXMudjEuUGxhY2VzLlNlYXJjaE5lYXJieRACGAQgAA","google_icon_mask_base_uri":"https://maps.gstatic.com/mapfiles/place_api/icons/v2/restaurant_pinlet","google_icon_background_color":"#FF9E67","formatted_address":"Beside Talamas Grocery, Nacagang Junction, Sabangan, 2622 Mountain Province, Philippines","business_status":"OPERATIONAL","rating":null,"user_rating_count":null,"barangay_slug":"capinitan","barangay_name":"Capinitan"},"geometry":{"type":"Point","coordinates":[120.93026030000001,16.9469291]}},{"type":"Feature","properties":{"name":"Data","kind":"business","kind_label":"Business","source":"google_places","google_place_id":"ChIJ8STLfwArkDMRyjozjcmmL1I","google_primary_type":"service","google_primary_type_label":"Services","google_types":["service","point_of_interest","establishment"],"google_maps_uri":"https://maps.google.com/?cid=5922135419603073738&g_mp=Cidnb29nbGUubWFwcy5wbGFjZXMudjEuUGxhY2VzLlNlYXJjaFRleHQQAhgEIAA","google_icon_mask_base_uri":"https://maps.gstatic.com/mapfiles/place_api/icons/v2/generic_pinlet","google_icon_background_color":"#7B9EB0","formatted_address":"WWWJ+Q4C, Sabangan, Mountain Province, Philippines","business_status":"OPERATIONAL","rating":null,"user_rating_count":null,"barangay_slug":"capinitan","barangay_name":"Capinitan"},"geometry":{"type":"Point","coordinates":[120.93026030000001,16.9469291]}},{"type":"Feature","properties":{"name":"Degway one stop shop","kind":"business","kind_label":"Business","source":"google_places","google_place_id":"ChIJHUrZCDIrkDMRSSExHHO9UTk","google_primary_type":null,"google_primary_type_label":null,"google_types":["point_of_interest","establishment"],"google_maps_uri":"https://maps.google.com/?cid=4130290635367326025&g_mp=Cidnb29nbGUubWFwcy5wbGFjZXMudjEuUGxhY2VzLlNlYXJjaFRleHQQAhgEIAA","google_icon_mask_base_uri":"https://maps.gstatic.com/mapfiles/place_api/icons/v2/generic_pinlet","google_icon_background_color":"#7B9EB0","formatted_address":"Calamagan Capinitan Sabangan, Baguio City, 2616 Mountain Province, Philippines","business_status":"OPERATIONAL","rating":null,"user_rating_count":null,"barangay_slug":"capinitan","barangay_name":"Capinitan"},"geometry":{"type":"Point","coordinates":[120.90939840000001,16.9520257]}},{"type":"Feature","properties":{"name":"Green Pasture Restaurant","kind":"business","kind_label":"Business","source":"google_places","google_place_id":"ChIJF0dH_isrkDMRkd9JLeonKEk","google_primary_type":"restaurant","google_primary_type_label":"Restaurant","google_types":["restaurant","food","point_of_interest","establishment"],"google_maps_uri":"https://maps.google.com/?cid=5271507250572812177&g_mp=Cilnb29nbGUubWFwcy5wbGFjZXMudjEuUGxhY2VzLlNlYXJjaE5lYXJieRACGAQgAA","google_icon_mask_base_uri":"https://maps.gstatic.com/mapfiles/place_api/icons/v2/restaurant_pinlet","google_icon_background_color":"#FF9E67","formatted_address":"WWWJ+Q4C, Palingaew, Sabangan, Mountain Province, Philippines","business_status":"OPERATIONAL","rating":5,"user_rating_count":1,"barangay_slug":"capinitan","barangay_name":"Capinitan"},"geometry":{"type":"Point","coordinates":[120.93026030000001,16.9469291]}},{"type":"Feature","properties":{"name":"Luisa cafe and shop","kind":"business","kind_label":"Business","source":"google_places","google_place_id":"ChIJnQFTjLorkDMRJnoAgiM-4Tc","google_primary_type":null,"google_primary_type_label":null,"google_types":["point_of_interest","establishment"],"google_maps_uri":"https://maps.google.com/?cid=4026567864071780902&g_mp=Cidnb29nbGUubWFwcy5wbGFjZXMudjEuUGxhY2VzLlNlYXJjaFRleHQQAhgEIAA","google_icon_mask_base_uri":"https://maps.gstatic.com/mapfiles/place_api/icons/v2/generic_pinlet","google_icon_background_color":"#7B9EB0","formatted_address":"Capinitan Sabangan, Baguio City, 2616 Mountain Province, Philippines","business_status":"OPERATIONAL","rating":null,"user_rating_count":null,"barangay_slug":"capinitan","barangay_name":"Capinitan"},"geometry":{"type":"Point","coordinates":[120.92746229999999,16.9494407]}},{"type":"Feature","properties":{"name":"Nitz Agumdang Store","kind":"business","kind_label":"Business","source":"google_places","google_place_id":"ChIJI13AUwArkDMRpSkBDbFt5m8","google_primary_type":"store","google_primary_type_label":"Store","google_types":["store","point_of_interest","establishment"],"google_maps_uri":"https://maps.google.com/?cid=8063252790048270757&g_mp=Cilnb29nbGUubWFwcy5wbGFjZXMudjEuUGxhY2VzLlNlYXJjaE5lYXJieRACGAQgAA","google_icon_mask_base_uri":"https://maps.gstatic.com/mapfiles/place_api/icons/v2/shopping_pinlet","google_icon_background_color":"#4B96F3","formatted_address":"WWX4+QX6, Baguio - La Trinidad - Bontoc Rd, Sabangan, Mountain Province, Philippines","business_status":"OPERATIONAL","rating":null,"user_rating_count":null,"barangay_slug":"capinitan","barangay_name":"Capinitan"},"geometry":{"type":"Point","coordinates":[120.90737980000002,16.9494065]}},{"type":"Feature","properties":{"name":"Roselyn Andong","kind":"business","kind_label":"Business","source":"google_places","google_place_id":"ChIJTyGrSwArkDMR6TfK0CT0uvA","google_primary_type":"store","google_primary_type_label":"Store","google_types":["store","point_of_interest","establishment"],"google_maps_uri":"https://maps.google.com/?cid=17346445353729800169&g_mp=Cilnb29nbGUubWFwcy5wbGFjZXMudjEuUGxhY2VzLlNlYXJjaE5lYXJieRACGAQgAA","google_icon_mask_base_uri":"https://maps.gstatic.com/mapfiles/place_api/icons/v2/shopping_pinlet","google_icon_background_color":"#4B96F3","formatted_address":"XW2V+XR9, Capinitan, Sabangan, Mountain Province, Philippines","business_status":"OPERATIONAL","rating":null,"user_rating_count":null,"barangay_slug":"capinitan","barangay_name":"Capinitan"},"geometry":{"type":"Point","coordinates":[120.94460579999998,16.9524211]}},{"type":"Feature","properties":{"name":"Sabangan","kind":"business","kind_label":"Business","source":"google_places","google_place_id":"ChIJgbBB2P8qkDMRYBvwA9hmyDQ","google_primary_type":null,"google_primary_type_label":null,"google_types":["locality","political"],"google_maps_uri":"https://maps.google.com/?cid=3803402963279420256&g_mp=Cidnb29nbGUubWFwcy5wbGFjZXMudjEuUGxhY2VzLlNlYXJjaFRleHQQAhgEIAA","google_icon_mask_base_uri":"https://maps.gstatic.com/mapfiles/place_api/icons/v2/generic_pinlet","google_icon_background_color":"#7B9EB0","formatted_address":"Sabangan, Mountain Province, Philippines","business_status":null,"rating":null,"user_rating_count":null,"barangay_slug":"capinitan","barangay_name":"Capinitan"},"geometry":{"type":"Point","coordinates":[120.93026030000001,16.9469291]}},{"type":"Feature","properties":{"name":"Capinitan, Sabangan Barangay Hall","kind":"govt","kind_label":"Government","source":"google_places","google_place_id":"ChIJ41lotLoqkDMRktpmib78kpg","google_primary_type":"government_office","google_primary_type_label":"Government Office","google_types":["government_office","point_of_interest","establishment"],"google_maps_uri":"https://maps.google.com/?cid=10994127535644007058&g_mp=Cilnb29nbGUubWFwcy5wbGFjZXMudjEuUGxhY2VzLlNlYXJjaE5lYXJieRACGAQgAA","google_icon_mask_base_uri":"https://maps.gstatic.com/mapfiles/place_api/icons/v2/civic-bldg_pinlet","google_icon_background_color":"#7B9EB0","formatted_address":"Sabangan, Mountain Province, Philippines","business_status":"OPERATIONAL","rating":5,"user_rating_count":1,"barangay_slug":"capinitan","barangay_name":"Capinitan"},"geometry":{"type":"Point","coordinates":[120.90845979999999,16.9503569]}},{"type":"Feature","properties":{"name":"Labbay Primary School","kind":"govt","kind_label":"Government","source":"google_places","google_place_id":"ChIJidUuxaIqkDMRD7zD85Z-G-g","google_primary_type":"government_office","google_primary_type_label":"Government Office","google_types":["school","educational_institution","government_office","point_of_interest","establishment"],"google_maps_uri":"https://maps.google.com/?cid=16725100827970354191&g_mp=Cilnb29nbGUubWFwcy5wbGFjZXMudjEuUGxhY2VzLlNlYXJjaE5lYXJieRACGAQgAA","google_icon_mask_base_uri":"https://maps.gstatic.com/mapfiles/place_api/icons/v2/school_pinlet","google_icon_background_color":"#7B9EB0","formatted_address":"Bun-ayan, XW28+2M3, Sabangan, Mountain Province, Philippines","business_status":"CLOSED_TEMPORARILY","rating":null,"user_rating_count":null,"barangay_slug":"capinitan","barangay_name":"Capinitan"},"geometry":{"type":"Point","coordinates":[120.91666409999999,16.950000799999998]}},{"type":"Feature","properties":{"name":"Legleg Primary School","kind":"govt","kind_label":"Government","source":"google_places","google_place_id":"ChIJidUuxaIqkDMRocpn_Dz0ueI","google_primary_type":"government_office","google_primary_type_label":"Government Office","google_types":["government_office","school","educational_institution","point_of_interest","establishment"],"google_maps_uri":"https://maps.google.com/?cid=16337357666033060513&g_mp=Cilnb29nbGUubWFwcy5wbGFjZXMudjEuUGxhY2VzLlNlYXJjaE5lYXJieRACGAQgAA","google_icon_mask_base_uri":"https://maps.gstatic.com/mapfiles/place_api/icons/v2/school_pinlet","google_icon_background_color":"#7B9EB0","formatted_address":"Camatagan, XW28+2M3, Sabangan, Mountain Province, Philippines","business_status":"CLOSED_TEMPORARILY","rating":null,"user_rating_count":null,"barangay_slug":"capinitan","barangay_name":"Capinitan"},"geometry":{"type":"Point","coordinates":[120.91666409999999,16.950000799999998]}},{"type":"Feature","properties":{"name":"Sabangan National High School","kind":"govt","kind_label":"Government","source":"google_places","google_place_id":"ChIJidUuxaIqkDMRCrrWiGLUQH0","google_primary_type":"government_office","google_primary_type_label":"Government Office","google_types":["government_office","school","educational_institution","point_of_interest","establishment"],"google_maps_uri":"https://maps.google.com/?cid=9025447172918131210&g_mp=Cilnb29nbGUubWFwcy5wbGFjZXMudjEuUGxhY2VzLlNlYXJjaE5lYXJieRACGAQgAA","google_icon_mask_base_uri":"https://maps.gstatic.com/mapfiles/place_api/icons/v2/school_pinlet","google_icon_background_color":"#7B9EB0","formatted_address":"XW28+2M3, Tambingan, Sabangan, Mountain Province, Philippines","business_status":"CLOSED_TEMPORARILY","rating":null,"user_rating_count":null,"barangay_slug":"capinitan","barangay_name":"Capinitan"},"geometry":{"type":"Point","coordinates":[120.91666409999999,16.950000799999998]}},{"type":"Feature","properties":{"name":"Sabangan Overview","kind":"govt","kind_label":"Government","source":"google_places","google_place_id":"ChIJbcOT3ZsrkDMRSOGzTIKxaZs","google_primary_type":"association_or_organization","google_primary_type_label":"Association / Organization","google_types":["local_government_office","government_office","association_or_organization","point_of_interest","establishment"],"google_maps_uri":"https://maps.google.com/?cid=11198677121624170824&g_mp=Cilnb29nbGUubWFwcy5wbGFjZXMudjEuUGxhY2VzLlNlYXJjaE5lYXJieRACGAQgAA","google_icon_mask_base_uri":"https://maps.gstatic.com/mapfiles/place_api/icons/v2/civic-bldg_pinlet","google_icon_background_color":"#7B9EB0","formatted_address":"WWWJ+Q4C, Sabangan, Mountain Province, Philippines","business_status":"OPERATIONAL","rating":null,"user_rating_count":null,"barangay_slug":"capinitan","barangay_name":"Capinitan"},"geometry":{"type":"Point","coordinates":[120.93026030000001,16.9469291]}},{"type":"Feature","properties":{"name":"Roger’s bakeshop","kind":"market","kind_label":"Market","source":"google_places","google_place_id":"ChIJHzziUQArkDMRwiQo1FPzKeE","google_primary_type":"bakery","google_primary_type_label":"Bakery","google_types":["bakery","food_store","store","point_of_interest","food","establishment"],"google_maps_uri":"https://maps.google.com/?cid=16224766673946158274&g_mp=Cilnb29nbGUubWFwcy5wbGFjZXMudjEuUGxhY2VzLlNlYXJjaE5lYXJieRACGAQgAA","google_icon_mask_base_uri":"https://maps.gstatic.com/mapfiles/place_api/icons/v2/restaurant_pinlet","google_icon_background_color":"#FF9E67","formatted_address":"XW2G+2X6, Sabangan, Mountain Province, Philippines","business_status":"OPERATIONAL","rating":null,"user_rating_count":null,"barangay_slug":"capinitan","barangay_name":"Capinitan"},"geometry":{"type":"Point","coordinates":[120.927391,16.9500386]}},{"type":"Feature","properties":{"name":"Domanegdeg Primary School","kind":"school","kind_label":"School","source":"google_places","google_place_id":"ChIJidUuxaIqkDMRr2lZD5syHlg","google_primary_type":"primary_school","google_primary_type_label":"Primary School","google_types":["primary_school","school","educational_institution","point_of_interest","establishment"],"google_maps_uri":"https://maps.google.com/?cid=6349568166197815727&g_mp=Cilnb29nbGUubWFwcy5wbGFjZXMudjEuUGxhY2VzLlNlYXJjaE5lYXJieRACGAQgAA","google_icon_mask_base_uri":"https://maps.gstatic.com/mapfiles/place_api/icons/v2/school_pinlet","google_icon_background_color":"#7B9EB0","formatted_address":"Napua, XW28+2M3, Sabangan, Mountain Province, Philippines","business_status":"OPERATIONAL","rating":null,"user_rating_count":null,"barangay_slug":"capinitan","barangay_name":"Capinitan"},"geometry":{"type":"Point","coordinates":[120.91666409999999,16.950000799999998]}},{"type":"Feature","properties":{"name":"Gayang Elementary School","kind":"school","kind_label":"School","source":"google_places","google_place_id":"ChIJidUuxaIqkDMRljuL-cCALn0","google_primary_type":"primary_school","google_primary_type_label":"Elementary School","google_types":["primary_school","school","educational_institution","point_of_interest","establishment"],"google_maps_uri":"https://maps.google.com/?cid=9020288669978409878&g_mp=Cidnb29nbGUubWFwcy5wbGFjZXMudjEuUGxhY2VzLlNlYXJjaFRleHQQAhgEIAA","google_icon_mask_base_uri":"https://maps.gstatic.com/mapfiles/place_api/icons/v2/school_pinlet","google_icon_background_color":"#7B9EB0","formatted_address":"Gayang, XW28+2M3, Sabangan, Mountain Province, Philippines","business_status":"CLOSED_PERMANENTLY","rating":null,"user_rating_count":null,"barangay_slug":"capinitan","barangay_name":"Capinitan"},"geometry":{"type":"Point","coordinates":[120.91666409999999,16.950000799999998]}},{"type":"Feature","properties":{"name":"Ambodeng spring","kind":"tourism","kind_label":"Tourism","source":"google_places","google_place_id":"ChIJM8N7KAArkDMRGgax22LTKdE","google_primary_type":"park","google_primary_type_label":"Park","google_types":["park","point_of_interest","establishment"],"google_maps_uri":"https://maps.google.com/?cid=15071810049518143002&g_mp=Cilnb29nbGUubWFwcy5wbGFjZXMudjEuUGxhY2VzLlNlYXJjaE5lYXJieRACGAQgAA","google_icon_mask_base_uri":"https://maps.gstatic.com/mapfiles/place_api/icons/v2/tree_pinlet","google_icon_background_color":"#4DB546","formatted_address":"WWX4+4R3, Sabangan, Mountain Province, Philippines","business_status":"OPERATIONAL","rating":null,"user_rating_count":null,"barangay_slug":"capinitan","barangay_name":"Capinitan"},"geometry":{"type":"Point","coordinates":[120.9070361,16.9477692]}},{"type":"Feature","properties":{"name":"Bolo beach","kind":"tourism","kind_label":"Tourism","source":"google_places","google_place_id":"ChIJ3V9oPwArkDMRu20wjlreFZg","google_primary_type":"motel","google_primary_type_label":"Motel","google_types":["motel","lodging","point_of_interest","establishment"],"google_maps_uri":"https://maps.google.com/?cid=10958909748789931451&g_mp=Cilnb29nbGUubWFwcy5wbGFjZXMudjEuUGxhY2VzLlNlYXJjaE5lYXJieRACGAQgAA","google_icon_mask_base_uri":"https://maps.gstatic.com/mapfiles/place_api/icons/v2/hotel_pinlet","google_icon_background_color":"#909CE1","formatted_address":"WWWJ+Q4C, Sabangan, Mountain Province, Philippines","business_status":"OPERATIONAL","rating":null,"user_rating_count":null,"barangay_slug":"capinitan","barangay_name":"Capinitan"},"geometry":{"type":"Point","coordinates":[120.93026030000001,16.9469291]}},{"type":"Feature","properties":{"name":"Dakaran","kind":"tourism","kind_label":"Tourism","source":"google_places","google_place_id":"ChIJm2YVWAArkDMRr7QDHR_cvLM","google_primary_type":"tourist_attraction","google_primary_type_label":"Tourist Attraction","google_types":["tourist_attraction","point_of_interest","establishment"],"google_maps_uri":"https://maps.google.com/?cid=12951468654599582895&g_mp=Cilnb29nbGUubWFwcy5wbGFjZXMudjEuUGxhY2VzLlNlYXJjaE5lYXJieRACGAQgAA","google_icon_mask_base_uri":"https://maps.gstatic.com/mapfiles/place_api/icons/v2/generic_pinlet","google_icon_background_color":"#13B5C7","formatted_address":"WWWJ+Q4C payao falls, Sabangan, Mountain Province, Philippines","business_status":"OPERATIONAL","rating":null,"user_rating_count":null,"barangay_slug":"capinitan","barangay_name":"Capinitan"},"geometry":{"type":"Point","coordinates":[120.93026030000001,16.9469291]}},{"type":"Feature","properties":{"name":"Mt. Tobo","kind":"tourism","kind_label":"Tourism","source":"google_places","google_place_id":"ChIJKcjWBOorkDMR7nAxt1jecho","google_primary_type":"nature_preserve","google_primary_type_label":"Nature Preserve","google_types":["nature_preserve","park","point_of_interest","establishment"],"google_maps_uri":"https://maps.google.com/?cid=1905830064943100142&g_mp=Cilnb29nbGUubWFwcy5wbGFjZXMudjEuUGxhY2VzLlNlYXJjaE5lYXJieRACGAQgAA","google_icon_mask_base_uri":"https://maps.gstatic.com/mapfiles/place_api/icons/v2/tree_pinlet","google_icon_background_color":"#4DB546","formatted_address":"WWWJ+Q4C, Bauko, Mountain Province, Philippines","business_status":"OPERATIONAL","rating":null,"user_rating_count":null,"barangay_slug":"capinitan","barangay_name":"Capinitan"},"geometry":{"type":"Point","coordinates":[120.93026030000001,16.9469291]}},{"type":"Feature","properties":{"name":"Sleeping giant","kind":"tourism","kind_label":"Tourism","source":"google_places","google_place_id":"ChIJ7WS9Bc8rkDMRZR5CWEvIprk","google_primary_type":"tourist_attraction","google_primary_type_label":"Tourist Attraction","google_types":["tourist_attraction","point_of_interest","establishment"],"google_maps_uri":"https://maps.google.com/?cid=13377599969079467621&g_mp=Cilnb29nbGUubWFwcy5wbGFjZXMudjEuUGxhY2VzLlNlYXJjaE5lYXJieRACGAQgAA","google_icon_mask_base_uri":"https://maps.gstatic.com/mapfiles/place_api/icons/v2/generic_pinlet","google_icon_background_color":"#13B5C7","formatted_address":"WWWJ+Q4C, Sabangan, Mountain Province, Philippines","business_status":"OPERATIONAL","rating":5,"user_rating_count":1,"barangay_slug":"capinitan","barangay_name":"Capinitan"},"geometry":{"type":"Point","coordinates":[120.93026030000001,16.9469291]}},{"type":"Feature","properties":{"name":"Timmakudo Peak","kind":"tourism","kind_label":"Tourism","source":"google_places","google_place_id":"ChIJy1r39LcrkDMRKcyW-RT7nso","google_primary_type":"hiking_area","google_primary_type_label":"Hiking Area","google_types":["hiking_area","sports_activity_location","point_of_interest","establishment"],"google_maps_uri":"https://maps.google.com/?cid=14600383109487053865&g_mp=Cilnb29nbGUubWFwcy5wbGFjZXMudjEuUGxhY2VzLlNlYXJjaE5lYXJieRACGAQgAA","google_icon_mask_base_uri":"https://maps.gstatic.com/mapfiles/place_api/icons/v2/hiking_pinlet","google_icon_background_color":"#4DB546","formatted_address":"Bauko, WWWJ+Q4C, Sabangan, Mountain Province, Philippines","business_status":"OPERATIONAL","rating":null,"user_rating_count":null,"barangay_slug":"capinitan","barangay_name":"Capinitan"},"geometry":{"type":"Point","coordinates":[120.93026030000001,16.9469291]}},{"type":"Feature","properties":{"name":"St. Joseph Church","kind":"worship","kind_label":"Worship","source":"google_places","google_place_id":"ChIJoeWa3KIqkDMRdxdpLLnjjcA","google_primary_type":"church","google_primary_type_label":"Church","google_types":["church","place_of_worship","association_or_organization","point_of_interest","establishment"],"google_maps_uri":"https://maps.google.com/?cid=13874996411451905911&g_mp=Cilnb29nbGUubWFwcy5wbGFjZXMudjEuUGxhY2VzLlNlYXJjaE5lYXJieRACGAQgAA","google_icon_mask_base_uri":"https://maps.gstatic.com/mapfiles/place_api/icons/v2/worship_christian_pinlet","google_icon_background_color":"#7B9EB0","formatted_address":"XW28+3JR, Baguio - La Trinidad - Bontoc Rd, Sabangan, Mountain Province, Philippines","business_status":"OPERATIONAL","rating":null,"user_rating_count":null,"barangay_slug":"capinitan","barangay_name":"Capinitan"},"geometry":{"type":"Point","coordinates":[120.91650369999998,16.950246399999997]}},{"type":"Feature","properties":{"name":"Ambango Furniture Shop","kind":"business","kind_label":"Business","source":"google_places","google_place_id":"ChIJFaO_TzrVjzMRLa5ytcgICHg","google_primary_type":"manufacturer","google_primary_type_label":"Manufacturer","google_types":["manufacturer","point_of_interest","establishment"],"google_maps_uri":"https://maps.google.com/?cid=8649172742495710765&g_mp=Cidnb29nbGUubWFwcy5wbGFjZXMudjEuUGxhY2VzLlNlYXJjaFRleHQQAhgEIAA","google_icon_mask_base_uri":"https://maps.gstatic.com/mapfiles/place_api/icons/v2/generic_pinlet","google_icon_background_color":"#7B9EB0","formatted_address":"2WF2+GM9, Sabangan, Mountain Province, Philippines","business_status":"OPERATIONAL","rating":null,"user_rating_count":null,"barangay_slug":"data","barangay_name":"Data"},"geometry":{"type":"Point","coordinates":[120.9017435,17.0237898]}},{"type":"Feature","properties":{"name":"Data","kind":"business","kind_label":"Business","source":"google_places","google_place_id":"ChIJPTWK9LbUjzMRXpa-AoIgMpU","google_primary_type":"point_of_interest","google_primary_type_label":"Point of interest","google_types":["point_of_interest","establishment"],"google_maps_uri":"https://maps.google.com/?cid=10750691003250677342&g_mp=Cidnb29nbGUubWFwcy5wbGFjZXMudjEuUGxhY2VzLlNlYXJjaFRleHQQAhgEIAA","google_icon_mask_base_uri":"https://maps.gstatic.com/mapfiles/place_api/icons/v2/generic_pinlet","google_icon_background_color":"#7B9EB0","formatted_address":"2WH3+673, Sabangan, Mountain Province, Philippines","business_status":"OPERATIONAL","rating":3.3,"user_rating_count":3,"barangay_slug":"data","barangay_name":"Data"},"geometry":{"type":"Point","coordinates":[120.9031677,17.028022]}},{"type":"Feature","properties":{"name":"Data","kind":"business","kind_label":"Business","source":"google_places","google_place_id":"ChIJv1ZsRcjUjzMRFPuSFR40f3g","google_primary_type":null,"google_primary_type_label":null,"google_types":["sublocality_level_2","sublocality","political"],"google_maps_uri":"https://maps.google.com/?cid=8682715910409222932&g_mp=Cidnb29nbGUubWFwcy5wbGFjZXMudjEuUGxhY2VzLlNlYXJjaFRleHQQAhgEIAA","google_icon_mask_base_uri":"https://maps.gstatic.com/mapfiles/place_api/icons/v2/generic_pinlet","google_icon_background_color":"#7B9EB0","formatted_address":"Data, Sabangan, Mountain Province, Philippines","business_status":null,"rating":null,"user_rating_count":null,"barangay_slug":"data","barangay_name":"Data"},"geometry":{"type":"Point","coordinates":[120.90443420000001,17.0222838]}},{"type":"Feature","properties":{"name":"Data Community Cemetery","kind":"business","kind_label":"Business","source":"google_places","google_place_id":"ChIJnfYo57DUjzMR5-5nlsTTeGk","google_primary_type":"cemetery","google_primary_type_label":"Cemetery","google_types":["cemetery","service","point_of_interest","establishment"],"google_maps_uri":"https://maps.google.com/?cid=7600057212478156519&g_mp=Cilnb29nbGUubWFwcy5wbGFjZXMudjEuUGxhY2VzLlNlYXJjaE5lYXJieRACGAQgAA","google_icon_mask_base_uri":"https://maps.gstatic.com/mapfiles/place_api/icons/v2/cemetery_pinlet","google_icon_background_color":"#7B9EB0","formatted_address":"2WJ3+JWP, Data, Sabangan, Mountain Province, Philippines","business_status":"OPERATIONAL","rating":null,"user_rating_count":null,"barangay_slug":"data","barangay_name":"Data"},"geometry":{"type":"Point","coordinates":[120.90483069999999,17.0315817]}},{"type":"Feature","properties":{"name":"Data Pinewoods","kind":"business","kind_label":"Business","source":"google_places","google_place_id":"ChIJdao_brfUjzMRdURV7LRX8GI","google_primary_type":"woods","google_primary_type_label":"Woods","google_types":["woods","natural_feature","establishment"],"google_maps_uri":"https://maps.google.com/?cid=7129294644698236021&g_mp=Cidnb29nbGUubWFwcy5wbGFjZXMudjEuUGxhY2VzLlNlYXJjaFRleHQQAhgEIAA","google_icon_mask_base_uri":"https://maps.gstatic.com/mapfiles/place_api/icons/v2/generic_pinlet","google_icon_background_color":"#7B9EB0","formatted_address":"Data Pinewoods, Mountain Province, Philippines","business_status":null,"rating":4.7,"user_rating_count":3,"barangay_slug":"data","barangay_name":"Data"},"geometry":{"type":"Point","coordinates":[120.90658649999999,17.0252127]}},{"type":"Feature","properties":{"name":"Sabangan Municipal Evacuation Center","kind":"govt","kind_label":"Government","source":"google_places","google_place_id":"ChIJm4kdHwDVjzMRrwt-i5L7MwA","google_primary_type":"government_office","google_primary_type_label":"Government Office","google_types":["government_office","point_of_interest","establishment"],"google_maps_uri":"https://maps.google.com/?cid=14631830636333999&g_mp=Cilnb29nbGUubWFwcy5wbGFjZXMudjEuUGxhY2VzLlNlYXJjaE5lYXJieRACGAQgAA","google_icon_mask_base_uri":"https://maps.gstatic.com/mapfiles/place_api/icons/v2/civic-bldg_pinlet","google_icon_background_color":"#7B9EB0","formatted_address":"2VFX+4W, Sabangan, Mountain Province, Philippines","business_status":"OPERATIONAL","rating":5,"user_rating_count":2,"barangay_slug":"data","barangay_name":"Data"},"geometry":{"type":"Point","coordinates":[120.89982549999999,17.0228021]}},{"type":"Feature","properties":{"name":"Pinumdeng View Point Cafe","kind":"market","kind_label":"Market","source":"google_places","google_place_id":"ChIJaw_MebnVjzMR8oiinJydt-c","google_primary_type":"coffee_shop","google_primary_type_label":"Coffee Shop","google_types":["coffee_shop","cafe","food_store","store","point_of_interest","food","establishment"],"google_maps_uri":"https://maps.google.com/?cid=16696987439467759858&g_mp=Cilnb29nbGUubWFwcy5wbGFjZXMudjEuUGxhY2VzLlNlYXJjaE5lYXJieRACGAQgAA","google_icon_mask_base_uri":"https://maps.gstatic.com/mapfiles/place_api/icons/v2/cafe_pinlet","google_icon_background_color":"#FF9E67","formatted_address":"2WG5+XCR Pinumdeng, Data, Sabangan, Mountain Province, Philippines","business_status":"OPERATIONAL","rating":5,"user_rating_count":6,"barangay_slug":"data","barangay_name":"Data"},"geometry":{"type":"Point","coordinates":[120.90851999999998,17.0274996]}},{"type":"Feature","properties":{"name":"Balew Rice Terraces","kind":"tourism","kind_label":"Tourism","source":"google_places","google_place_id":"ChIJW8yiRAkrjjMRvVGU1VD9kgc","google_primary_type":"tourist_attraction","google_primary_type_label":"Tourist Attraction","google_types":["tourist_attraction","point_of_interest","establishment"],"google_maps_uri":"https://maps.google.com/?cid=545777028487729597&g_mp=Cilnb29nbGUubWFwcy5wbGFjZXMudjEuUGxhY2VzLlNlYXJjaE5lYXJieRACGAQgAA","google_icon_mask_base_uri":"https://maps.gstatic.com/mapfiles/place_api/icons/v2/generic_pinlet","google_icon_background_color":"#13B5C7","formatted_address":"2V9V+XV, Sabangan, Mountain Province, Philippines","business_status":"OPERATIONAL","rating":5,"user_rating_count":1,"barangay_slug":"data","barangay_name":"Data"},"geometry":{"type":"Point","coordinates":[120.8946611,17.0198932]}},{"type":"Feature","properties":{"name":"BatacangAdventurePark","kind":"tourism","kind_label":"Tourism","source":"google_places","google_place_id":"ChIJtRhuCQDVjzMRksNWBxJm_AE","google_primary_type":"hiking_area","google_primary_type_label":"Hiking Area","google_types":["hiking_area","sports_activity_location","point_of_interest","establishment"],"google_maps_uri":"https://maps.google.com/?cid=143101515787584402&g_mp=Cilnb29nbGUubWFwcy5wbGFjZXMudjEuUGxhY2VzLlNlYXJjaE5lYXJieRACGAQgAA","google_icon_mask_base_uri":"https://maps.gstatic.com/mapfiles/place_api/icons/v2/hiking_pinlet","google_icon_background_color":"#4DB546","formatted_address":"2V9X+FH, Sabangan, Mountain Province, Philippines","business_status":"OPERATIONAL","rating":null,"user_rating_count":null,"barangay_slug":"data","barangay_name":"Data"},"geometry":{"type":"Point","coordinates":[120.89894059999997,17.018633599999998]}},{"type":"Feature","properties":{"name":"Bey Ay-ay","kind":"tourism","kind_label":"Tourism","source":"google_places","google_place_id":"ChIJf26nbwDVjzMRhfy8JGComkU","google_primary_type":"tourist_attraction","google_primary_type_label":"Tourist Attraction","google_types":["tourist_attraction","point_of_interest","establishment"],"google_maps_uri":"https://maps.google.com/?cid=5015506265917160581&g_mp=Cilnb29nbGUubWFwcy5wbGFjZXMudjEuUGxhY2VzLlNlYXJjaE5lYXJieRACGAQgAA","google_icon_mask_base_uri":"https://maps.gstatic.com/mapfiles/place_api/icons/v2/generic_pinlet","google_icon_background_color":"#13B5C7","formatted_address":"Pinumdeng, Sabangan, Mountain Province, Philippines","business_status":"OPERATIONAL","rating":null,"user_rating_count":null,"barangay_slug":"data","barangay_name":"Data"},"geometry":{"type":"Point","coordinates":[120.90863829999999,17.02993]}},{"type":"Feature","properties":{"name":"Mount Oona","kind":"tourism","kind_label":"Tourism","source":"google_places","google_place_id":"ChIJud3UbgDVjzMRqoD1h1txqHk","google_primary_type":"tourist_attraction","google_primary_type_label":"Tourist Attraction","google_types":["tourist_attraction","point_of_interest","establishment"],"google_maps_uri":"https://maps.google.com/?cid=8766381312613646506&g_mp=Cilnb29nbGUubWFwcy5wbGFjZXMudjEuUGxhY2VzLlNlYXJjaE5lYXJieRACGAQgAA","google_icon_mask_base_uri":"https://maps.gstatic.com/mapfiles/place_api/icons/v2/generic_pinlet","google_icon_background_color":"#13B5C7","formatted_address":"2WC3+WQ7, Data, Sabangan, Mountain Province, Philippines","business_status":"OPERATIONAL","rating":5,"user_rating_count":1,"barangay_slug":"data","barangay_name":"Data"},"geometry":{"type":"Point","coordinates":[120.90443420000001,17.0222838]}},{"type":"Feature","properties":{"name":"Mt. Polis","kind":"tourism","kind_label":"Tourism","source":"google_places","google_place_id":"ChIJa7fVM4MrjjMR-9RQfy8ajV0","google_primary_type":"tourist_attraction","google_primary_type_label":"Tourist Attraction","google_types":["tourist_attraction","point_of_interest","establishment"],"google_maps_uri":"https://maps.google.com/?cid=6741073008545289467&g_mp=Cilnb29nbGUubWFwcy5wbGFjZXMudjEuUGxhY2VzLlNlYXJjaE5lYXJieRACGAQgAA","google_icon_mask_base_uri":"https://maps.gstatic.com/mapfiles/place_api/icons/v2/generic_pinlet","google_icon_background_color":"#13B5C7","formatted_address":"2VHV+5F2, Sabangan, Mountain Province, Philippines","business_status":"OPERATIONAL","rating":4.8,"user_rating_count":31,"barangay_slug":"data","barangay_name":"Data"},"geometry":{"type":"Point","coordinates":[120.8936352,17.0278803]}},{"type":"Feature","properties":{"name":"Sagada Base Camp","kind":"tourism","kind_label":"Tourism","source":"google_places","google_place_id":"ChIJlVxJOQArkDMRvOZsTxwDoNM","google_primary_type":"campground","google_primary_type_label":"Campground","google_types":["campground","lodging","point_of_interest","establishment"],"google_maps_uri":"https://maps.google.com/?cid=15249191758403004092&g_mp=Cilnb29nbGUubWFwcy5wbGFjZXMudjEuUGxhY2VzLlNlYXJjaE5lYXJieRACGAQgAA","google_icon_mask_base_uri":"https://maps.gstatic.com/mapfiles/place_api/icons/v2/camping_pinlet","google_icon_background_color":"#4DB546","formatted_address":"Dental village Barangay data, Sabangan, Mountain Province, Philippines","business_status":"OPERATIONAL","rating":null,"user_rating_count":null,"barangay_slug":"data","barangay_name":"Data"},"geometry":{"type":"Point","coordinates":[120.8994159,17.0246255]}},{"type":"Feature","properties":{"name":"view deck","kind":"tourism","kind_label":"Tourism","source":"google_places","google_place_id":"ChIJebJqNQDVjzMRyxuJ698zn84","google_primary_type":"tourist_attraction","google_primary_type_label":"Tourist Attraction","google_types":["tourist_attraction","point_of_interest","establishment"],"google_maps_uri":"https://maps.google.com/?cid=14888675929932504011&g_mp=Cilnb29nbGUubWFwcy5wbGFjZXMudjEuUGxhY2VzLlNlYXJjaE5lYXJieRACGAQgAA","google_icon_mask_base_uri":"https://maps.gstatic.com/mapfiles/place_api/icons/v2/generic_pinlet","google_icon_background_color":"#13B5C7","formatted_address":"2WH5+PCR, Sabangan, Mountain Province, Philippines","business_status":"OPERATIONAL","rating":4,"user_rating_count":5,"barangay_slug":"data","barangay_name":"Data"},"geometry":{"type":"Point","coordinates":[120.9085276,17.0293712]}},{"type":"Feature","properties":{"name":"San Jose Church","kind":"worship","kind_label":"Worship","source":"google_places","google_place_id":"ChIJdUTUhMXUjzMRbw8qDE61q3E","google_primary_type":"church","google_primary_type_label":"Church","google_types":["church","place_of_worship","association_or_organization","point_of_interest","establishment"],"google_maps_uri":"https://maps.google.com/?cid=8190839694119538543&g_mp=Cilnb29nbGUubWFwcy5wbGFjZXMudjEuUGxhY2VzLlNlYXJjaE5lYXJieRACGAQgAA","google_icon_mask_base_uri":"https://maps.gstatic.com/mapfiles/place_api/icons/v2/worship_christian_pinlet","google_icon_background_color":"#7B9EB0","formatted_address":"Madepdeppas, Sabangan, Mountain Province, Philippines","business_status":"OPERATIONAL","rating":null,"user_rating_count":null,"barangay_slug":"data","barangay_name":"Data"},"geometry":{"type":"Point","coordinates":[120.90801069999999,17.0169299]}},{"type":"Feature","properties":{"name":"Gayang","kind":"business","kind_label":"Business","source":"google_places","google_place_id":"ChIJKaQwiHfVjzMRJs16PqMCQuE","google_primary_type":null,"google_primary_type_label":null,"google_types":["sublocality_level_2","sublocality","political"],"google_maps_uri":"https://maps.google.com/?cid=16231538907147848998&g_mp=Cidnb29nbGUubWFwcy5wbGFjZXMudjEuUGxhY2VzLlNlYXJjaFRleHQQAhgEIAA","google_icon_mask_base_uri":"https://maps.gstatic.com/mapfiles/place_api/icons/v2/generic_pinlet","google_icon_background_color":"#7B9EB0","formatted_address":"Gayang, Sabangan, Mountain Province, Philippines","business_status":null,"rating":null,"user_rating_count":null,"barangay_slug":"gayang","barangay_name":"Gayang"},"geometry":{"type":"Point","coordinates":[120.94460579999998,16.9682009]}},{"type":"Feature","properties":{"name":"Pingad Barangay Hall","kind":"govt","kind_label":"Government","source":"google_places","google_place_id":"ChIJKzIgHgDVjzMR-hgGZRkfu-Q","google_primary_type":"government_office","google_primary_type_label":"Government Office","google_types":["government_office","point_of_interest","establishment"],"google_maps_uri":"https://maps.google.com/?cid=16481801455222003962&g_mp=Cilnb29nbGUubWFwcy5wbGFjZXMudjEuUGxhY2VzLlNlYXJjaE5lYXJieRACGAQgAA","google_icon_mask_base_uri":"https://maps.gstatic.com/mapfiles/place_api/icons/v2/civic-bldg_pinlet","google_icon_background_color":"#7B9EB0","formatted_address":"XW98+GJ4, Pingad, Sabangan, Mountain Province, Philippines","business_status":"OPERATIONAL","rating":null,"user_rating_count":null,"barangay_slug":"gayang","barangay_name":"Gayang"},"geometry":{"type":"Point","coordinates":[120.91659000000001,16.968772899999998]}},{"type":"Feature","properties":{"name":"Pingad Barangay Health Center","kind":"govt","kind_label":"Government","source":"google_places","google_place_id":"ChIJgRqmSADVjzMRkipKNsmqd00","google_primary_type":"government_office","google_primary_type_label":"Government Office","google_types":["government_office","point_of_interest","establishment"],"google_maps_uri":"https://maps.google.com/?cid=5582118044324997778&g_mp=Cilnb29nbGUubWFwcy5wbGFjZXMudjEuUGxhY2VzLlNlYXJjaE5lYXJieRACGAQgAA","google_icon_mask_base_uri":"https://maps.gstatic.com/mapfiles/place_api/icons/v2/civic-bldg_pinlet","google_icon_background_color":"#7B9EB0","formatted_address":"XW98+GJ4, Pingad, Sabangan, Mountain Province, Philippines","business_status":"OPERATIONAL","rating":null,"user_rating_count":null,"barangay_slug":"gayang","barangay_name":"Gayang"},"geometry":{"type":"Point","coordinates":[120.91659000000001,16.968772899999998]}},{"type":"Feature","properties":{"name":"Sabangan Ereid Isolation Facility","kind":"govt","kind_label":"Government","source":"google_places","google_place_id":"ChIJZSFNIQDVjzMRaH6GyE6hnFY","google_primary_type":"government_office","google_primary_type_label":"Government Office","google_types":["government_office","point_of_interest","establishment"],"google_maps_uri":"https://maps.google.com/?cid=6241040543372443240&g_mp=Cilnb29nbGUubWFwcy5wbGFjZXMudjEuUGxhY2VzLlNlYXJjaE5lYXJieRACGAQgAA","google_icon_mask_base_uri":"https://maps.gstatic.com/mapfiles/place_api/icons/v2/civic-bldg_pinlet","google_icon_background_color":"#7B9EB0","formatted_address":"XW87+6F3, Halsema Highway, Sabangan, Mountain Province, Philippines","business_status":"OPERATIONAL","rating":null,"user_rating_count":null,"barangay_slug":"gayang","barangay_name":"Gayang"},"geometry":{"type":"Point","coordinates":[120.9147059,16.9687399]}},{"type":"Feature","properties":{"name":"gayang datacan","kind":"tourism","kind_label":"Tourism","source":"google_places","google_place_id":"ChIJrVyUPwDVjzMRsUUUK_FnOEQ","google_primary_type":"hiking_area","google_primary_type_label":"Hiking Area","google_types":["hiking_area","sports_activity_location","point_of_interest","establishment"],"google_maps_uri":"https://maps.google.com/?cid=4915793278782424497&g_mp=Cilnb29nbGUubWFwcy5wbGFjZXMudjEuUGxhY2VzLlNlYXJjaE5lYXJieRACGAQgAA","google_icon_mask_base_uri":"https://maps.gstatic.com/mapfiles/place_api/icons/v2/hiking_pinlet","google_icon_background_color":"#4DB546","formatted_address":"XWCF+552, Sabangan, Mountain Province, Philippines","business_status":"OPERATIONAL","rating":null,"user_rating_count":null,"barangay_slug":"gayang","barangay_name":"Gayang"},"geometry":{"type":"Point","coordinates":[120.9228957,16.9703805]}},{"type":"Feature","properties":{"name":"Lagan","kind":"business","kind_label":"Business","source":"google_places","google_place_id":"ChIJJ6K561HUjzMR6MGyHtn_ZKY","google_primary_type":null,"google_primary_type_label":null,"google_types":["sublocality_level_2","sublocality","political"],"google_maps_uri":"https://maps.google.com/?cid=11989989415955120616&g_mp=Cidnb29nbGUubWFwcy5wbGFjZXMudjEuUGxhY2VzLlNlYXJjaFRleHQQAhgEIAA","google_icon_mask_base_uri":"https://maps.gstatic.com/mapfiles/place_api/icons/v2/generic_pinlet","google_icon_background_color":"#7B9EB0","formatted_address":"Lagan, Sabangan, Mountain Province, Philippines","business_status":null,"rating":null,"user_rating_count":null,"barangay_slug":"lagan","barangay_name":"Lagan"},"geometry":{"type":"Point","coordinates":[120.95034349999997,17.0040636]}},{"type":"Feature","properties":{"name":"MERAKI Cafe and Restaurant/ MERAKI Variety Store","kind":"business","kind_label":"Business","source":"google_places","google_place_id":"ChIJg-D6aOXUjzMRoXt6o-UmDf0","google_primary_type":"restaurant","google_primary_type_label":"Restaurant","google_types":["restaurant","food","point_of_interest","establishment"],"google_maps_uri":"https://maps.google.com/?cid=18234273234025085857&g_mp=Cilnb29nbGUubWFwcy5wbGFjZXMudjEuUGxhY2VzLlNlYXJjaE5lYXJieRACGAQgAA","google_icon_mask_base_uri":"https://maps.gstatic.com/mapfiles/place_api/icons/v2/restaurant_pinlet","google_icon_background_color":"#FF9E67","formatted_address":"Paling, 2W5H+G6C, Lagan Rd, Sabangan, Mountain Province, Philippines","business_status":"OPERATIONAL","rating":4.6,"user_rating_count":8,"barangay_slug":"lagan","barangay_name":"Lagan"},"geometry":{"type":"Point","coordinates":[120.9280211,17.0088145]}},{"type":"Feature","properties":{"name":"RIVERSIDE EATERY AND SNACKHAUS","kind":"business","kind_label":"Business","source":"google_places","google_place_id":"ChIJuz05A_LUjzMRgtzyNM9REI8","google_primary_type":"restaurant","google_primary_type_label":"Restaurant","google_types":["restaurant","food","point_of_interest","establishment"],"google_maps_uri":"https://maps.google.com/?cid=10308829497439476866&g_mp=Cilnb29nbGUubWFwcy5wbGFjZXMudjEuUGxhY2VzLlNlYXJjaE5lYXJieRACGAQgAA","google_icon_mask_base_uri":"https://maps.gstatic.com/mapfiles/place_api/icons/v2/restaurant_pinlet","google_icon_background_color":"#FF9E67","formatted_address":"Sabangan, Mountain Province, Philippines","business_status":"OPERATIONAL","rating":null,"user_rating_count":null,"barangay_slug":"lagan","barangay_name":"Lagan"},"geometry":{"type":"Point","coordinates":[120.9309155,17.0154467]}},{"type":"Feature","properties":{"name":"Sa-o Cemetery","kind":"business","kind_label":"Business","source":"google_places","google_place_id":"ChIJ3b2wb-LUjzMRBInc8cbs7hE","google_primary_type":"cemetery","google_primary_type_label":"Cemetery","google_types":["cemetery","point_of_interest","service","establishment"],"google_maps_uri":"https://maps.google.com/?cid=1292230482307352836&g_mp=Cilnb29nbGUubWFwcy5wbGFjZXMudjEuUGxhY2VzLlNlYXJjaE5lYXJieRACGAQgAA","google_icon_mask_base_uri":"https://maps.gstatic.com/mapfiles/place_api/icons/v2/cemetery_pinlet","google_icon_background_color":"#7B9EB0","formatted_address":"2W2G+9JF, Sabangan, Mountain Province, Philippines","business_status":"OPERATIONAL","rating":null,"user_rating_count":null,"barangay_slug":"lagan","barangay_name":"Lagan"},"geometry":{"type":"Point","coordinates":[120.9265351,17.0009273]}},{"type":"Feature","properties":{"name":"Lagan Barangay Hall","kind":"govt","kind_label":"Government","source":"google_places","google_place_id":"ChIJL-JpOgDVjzMRW7SrwhTNA_E","google_primary_type":"government_office","google_primary_type_label":"Government Office","google_types":["government_office","point_of_interest","establishment"],"google_maps_uri":"https://maps.google.com/?cid=17366950077119837275&g_mp=Cilnb29nbGUubWFwcy5wbGFjZXMudjEuUGxhY2VzLlNlYXJjaE5lYXJieRACGAQgAA","google_icon_mask_base_uri":"https://maps.gstatic.com/mapfiles/place_api/icons/v2/civic-bldg_pinlet","google_icon_background_color":"#7B9EB0","formatted_address":"2W4G+PV2, Sabangan, Mountain Province, Philippines","business_status":"OPERATIONAL","rating":5,"user_rating_count":1,"barangay_slug":"lagan","barangay_name":"Lagan"},"geometry":{"type":"Point","coordinates":[120.92714660000001,17.0067721]}},{"type":"Feature","properties":{"name":"Bongloy's","kind":"market","kind_label":"Market","source":"google_places","google_place_id":"ChIJt5Czy-XUjzMRnQdpXDyZclQ","google_primary_type":"grocery_store","google_primary_type_label":"Grocery Store","google_types":["grocery_store","food_store","store","point_of_interest","food","establishment"],"google_maps_uri":"https://maps.google.com/?cid=6085094531058435997&g_mp=Cilnb29nbGUubWFwcy5wbGFjZXMudjEuUGxhY2VzLlNlYXJjaE5lYXJieRACGAQgAA","google_icon_mask_base_uri":"https://maps.gstatic.com/mapfiles/place_api/icons/v2/shoppingcart_pinlet","google_icon_background_color":"#4B96F3","formatted_address":"2W5G+973, Halsema Highway, Sabangan, Mountain Province, Philippines","business_status":"OPERATIONAL","rating":4,"user_rating_count":2,"barangay_slug":"lagan","barangay_name":"Lagan"},"geometry":{"type":"Point","coordinates":[120.92568689999997,17.008384799999998]}},{"type":"Feature","properties":{"name":"Paling Bakery","kind":"market","kind_label":"Market","source":"google_places","google_place_id":"ChIJjVHnDeXUjzMR2jiT0X3uhCM","google_primary_type":"bakery","google_primary_type_label":"Bakery","google_types":["bakery","food_store","food","point_of_interest","store","establishment"],"google_maps_uri":"https://maps.google.com/?cid=2559432712407693530&g_mp=Cilnb29nbGUubWFwcy5wbGFjZXMudjEuUGxhY2VzLlNlYXJjaE5lYXJieRACGAQgAA","google_icon_mask_base_uri":"https://maps.gstatic.com/mapfiles/place_api/icons/v2/restaurant_pinlet","google_icon_background_color":"#FF9E67","formatted_address":"2W5H+H6P, Halsema Highway, Sabangan, Mountain Province, Philippines","business_status":"OPERATIONAL","rating":5,"user_rating_count":1,"barangay_slug":"lagan","barangay_name":"Lagan"},"geometry":{"type":"Point","coordinates":[120.92806680000001,17.008966300000004]}},{"type":"Feature","properties":{"name":"Lagan Elementary School","kind":"school","kind_label":"School","source":"google_places","google_place_id":"ChIJuWi1TdHVjzMRjNAbMo1auQY","google_primary_type":"primary_school","google_primary_type_label":"Elementary School","google_types":["primary_school","school","educational_institution","point_of_interest","establishment"],"google_maps_uri":"https://maps.google.com/?cid=484517997396611212&g_mp=Cilnb29nbGUubWFwcy5wbGFjZXMudjEuUGxhY2VzLlNlYXJjaE5lYXJieRACGAQgAA","google_icon_mask_base_uri":"https://maps.gstatic.com/mapfiles/place_api/icons/v2/school_pinlet","google_icon_background_color":"#7B9EB0","formatted_address":"2W3G+W88, Sabangan, Mountain Province, Philippines","business_status":"OPERATIONAL","rating":null,"user_rating_count":null,"barangay_slug":"lagan","barangay_name":"Lagan"},"geometry":{"type":"Point","coordinates":[120.92581700000001,17.0047764]}},{"type":"Feature","properties":{"name":"Dugo Pentecostal Church","kind":"worship","kind_label":"Worship","source":"google_places","google_place_id":"ChIJ40soAeTUjzMRCnI6-8kLJvs","google_primary_type":"church","google_primary_type_label":"Church","google_types":["church","place_of_worship","association_or_organization","point_of_interest","establishment"],"google_maps_uri":"https://maps.google.com/?cid=18097165114766160394&g_mp=Cilnb29nbGUubWFwcy5wbGFjZXMudjEuUGxhY2VzLlNlYXJjaE5lYXJieRACGAQgAA","google_icon_mask_base_uri":"https://maps.gstatic.com/mapfiles/place_api/icons/v2/worship_christian_pinlet","google_icon_background_color":"#7B9EB0","formatted_address":"2W4F+9W5, Sabangan, Mountain Province, Philippines","business_status":"OPERATIONAL","rating":null,"user_rating_count":null,"barangay_slug":"lagan","barangay_name":"Lagan"},"geometry":{"type":"Point","coordinates":[120.9248453,17.0058777]}},{"type":"Feature","properties":{"name":"Lagan Pentecostal Church","kind":"worship","kind_label":"Worship","source":"google_places","google_place_id":"ChIJUYwPdOTUjzMR3v5h5uZ3e3Q","google_primary_type":"church","google_primary_type_label":"Church","google_types":["church","place_of_worship","association_or_organization","point_of_interest","establishment"],"google_maps_uri":"https://maps.google.com/?cid=8393434164126416606&g_mp=Cilnb29nbGUubWFwcy5wbGFjZXMudjEuUGxhY2VzLlNlYXJjaE5lYXJieRACGAQgAA","google_icon_mask_base_uri":"https://maps.gstatic.com/mapfiles/place_api/icons/v2/worship_christian_pinlet","google_icon_background_color":"#7B9EB0","formatted_address":"2W4G+7GR, Sabangan, Mountain Province, Philippines","business_status":"OPERATIONAL","rating":null,"user_rating_count":null,"barangay_slug":"lagan","barangay_name":"Lagan"},"geometry":{"type":"Point","coordinates":[120.92626070000001,17.005749599999998]}},{"type":"Feature","properties":{"name":"Lagan Seventh-day Adventist Church","kind":"worship","kind_label":"Worship","source":"google_places","google_place_id":"ChIJI5rHdeTUjzMRdrVHvWOivWM","google_primary_type":"church","google_primary_type_label":"Church","google_types":["church","place_of_worship","association_or_organization","point_of_interest","establishment"],"google_maps_uri":"https://maps.google.com/?cid=7187079129614234998&g_mp=Cilnb29nbGUubWFwcy5wbGFjZXMudjEuUGxhY2VzLlNlYXJjaE5lYXJieRACGAQgAA","google_icon_mask_base_uri":"https://maps.gstatic.com/mapfiles/place_api/icons/v2/worship_christian_pinlet","google_icon_background_color":"#7B9EB0","formatted_address":"2W4G+7F5, Sabangan, Mountain Province, Philippines","business_status":"OPERATIONAL","rating":5,"user_rating_count":2,"barangay_slug":"lagan","barangay_name":"Lagan"},"geometry":{"type":"Point","coordinates":[120.92624060000001,17.0056288]}},{"type":"Feature","properties":{"name":"Panorama View Point Café & Restaurant","kind":"business","kind_label":"Business","source":"google_places","google_place_id":"ChIJ_SmSqm_VjzMRfnuasLU8j64","google_primary_type":"fast_food_restaurant","google_primary_type_label":"Fast Food Restaurant","google_types":["fast_food_restaurant","restaurant","food","point_of_interest","establishment"],"google_maps_uri":"https://maps.google.com/?cid=12578339035318745982&g_mp=Cilnb29nbGUubWFwcy5wbGFjZXMudjEuUGxhY2VzLlNlYXJjaE5lYXJieRACGAQgAA","google_icon_mask_base_uri":"https://maps.gstatic.com/mapfiles/place_api/icons/v2/restaurant_pinlet","google_icon_background_color":"#FF9E67","formatted_address":"XWV9+463 Panorama Park, Halsema Highway, Sabangan, 2622 Mountain Province, Philippines","business_status":"OPERATIONAL","rating":4.7,"user_rating_count":11,"barangay_slug":"losad","barangay_name":"Losad"},"geometry":{"type":"Point","coordinates":[120.91803689999999,16.9927817]}},{"type":"Feature","properties":{"name":"Phalhato by:chef galu restaurant","kind":"business","kind_label":"Business","source":"google_places","google_place_id":"ChIJoSIGTADVjzMRN-HtKFZddB8","google_primary_type":"restaurant","google_primary_type_label":"Restaurant","google_types":["restaurant","food","point_of_interest","establishment"],"google_maps_uri":"https://maps.google.com/?cid=2266539137109451063&g_mp=Cilnb29nbGUubWFwcy5wbGFjZXMudjEuUGxhY2VzLlNlYXJjaE5lYXJieRACGAQgAA","google_icon_mask_base_uri":"https://maps.gstatic.com/mapfiles/place_api/icons/v2/restaurant_pinlet","google_icon_background_color":"#FF9E67","formatted_address":"Sabangan, Mountain Province, Philippines","business_status":"OPERATIONAL","rating":null,"user_rating_count":null,"barangay_slug":"losad","barangay_name":"Losad"},"geometry":{"type":"Point","coordinates":[120.92054359999999,16.9976615]}},{"type":"Feature","properties":{"name":"Sabangan Central School","kind":"business","kind_label":"Business","source":"google_places","google_place_id":"ChIJ__-_4eHUjzMRJ87Vo-J-MIE","google_primary_type":null,"google_primary_type_label":null,"google_types":["point_of_interest","establishment"],"google_maps_uri":"https://maps.google.com/?cid=9309079941651222055&g_mp=Cidnb29nbGUubWFwcy5wbGFjZXMudjEuUGxhY2VzLlNlYXJjaFRleHQQAhgEIAA","google_icon_mask_base_uri":"https://maps.gstatic.com/mapfiles/place_api/icons/v2/school_pinlet","google_icon_background_color":"#7B9EB0","formatted_address":"2W2F+889, Sabangan, Mountain Province, Philippines","business_status":"OPERATIONAL","rating":5,"user_rating_count":1,"barangay_slug":"losad","barangay_name":"Losad"},"geometry":{"type":"Point","coordinates":[120.9233559,17.0007768]}},{"type":"Feature","properties":{"name":"Sabangan souviners and cafe","kind":"business","kind_label":"Business","source":"google_places","google_place_id":"ChIJ4excwyTVjzMRvuzFcIElZI8","google_primary_type":"restaurant","google_primary_type_label":"Restaurant","google_types":["restaurant","point_of_interest","food","establishment"],"google_maps_uri":"https://maps.google.com/?cid=10332424682967788734&g_mp=Cilnb29nbGUubWFwcy5wbGFjZXMudjEuUGxhY2VzLlNlYXJjaE5lYXJieRACGAQgAA","google_icon_mask_base_uri":"https://maps.gstatic.com/mapfiles/place_api/icons/v2/restaurant_pinlet","google_icon_background_color":"#FF9E67","formatted_address":"XWVP+89H, Losad, Sabangan, Mountain Province, Philippines","business_status":"OPERATIONAL","rating":null,"user_rating_count":null,"barangay_slug":"losad","barangay_name":"Losad"},"geometry":{"type":"Point","coordinates":[120.9359987,16.993315199999998]}},{"type":"Feature","properties":{"name":"Samidan store","kind":"business","kind_label":"Business","source":"google_places","google_place_id":"ChIJleMaCSXVjzMR4n5egJb0DCI","google_primary_type":"store","google_primary_type_label":"Store","google_types":["store","point_of_interest","establishment"],"google_maps_uri":"https://maps.google.com/?cid=2453604824246025954&g_mp=Cilnb29nbGUubWFwcy5wbGFjZXMudjEuUGxhY2VzLlNlYXJjaE5lYXJieRACGAQgAA","google_icon_mask_base_uri":"https://maps.gstatic.com/mapfiles/place_api/icons/v2/shopping_pinlet","google_icon_background_color":"#4B96F3","formatted_address":"2W2F+C67, Sabangan, Mountain Province, Philippines","business_status":"OPERATIONAL","rating":null,"user_rating_count":null,"barangay_slug":"losad","barangay_name":"Losad"},"geometry":{"type":"Point","coordinates":[120.92342049999999,17.001315899999998]}},{"type":"Feature","properties":{"name":"Sapdoy Residence (Clint)","kind":"business","kind_label":"Business","source":"google_places","google_place_id":"ChIJpbuXHADVjzMR49LWNYpMKPg","google_primary_type":"service","google_primary_type_label":"Services","google_types":["service","point_of_interest","establishment"],"google_maps_uri":"https://maps.google.com/?cid=17881626476967023331&g_mp=Cidnb29nbGUubWFwcy5wbGFjZXMudjEuUGxhY2VzLlNlYXJjaFRleHQQAhgEIAA","google_icon_mask_base_uri":"https://maps.gstatic.com/mapfiles/place_api/icons/v2/generic_pinlet","google_icon_background_color":"#7B9EB0","formatted_address":"2W2F+M4H, Sabangan, Mountain Province, Philippines","business_status":"OPERATIONAL","rating":null,"user_rating_count":null,"barangay_slug":"losad","barangay_name":"Losad"},"geometry":{"type":"Point","coordinates":[120.92286419999998,17.0016984]}},{"type":"Feature","properties":{"name":"Valentina's Panorama View Restaurant","kind":"business","kind_label":"Business","source":"google_places","google_place_id":"ChIJcRmF2XzVjzMRfWH5wc6nLRs","google_primary_type":"restaurant","google_primary_type_label":"Restaurant","google_types":["restaurant","food","point_of_interest","establishment"],"google_maps_uri":"https://maps.google.com/?cid=1958405919435481469&g_mp=Cilnb29nbGUubWFwcy5wbGFjZXMudjEuUGxhY2VzLlNlYXJjaE5lYXJieRACGAQgAA","google_icon_mask_base_uri":"https://maps.gstatic.com/mapfiles/place_api/icons/v2/restaurant_pinlet","google_icon_background_color":"#FF9E67","formatted_address":"Km Post 0370+420 Baguio-La Trinidad-Bontoc Road, Halsema Highway, Losad, Sabangan, 2622 Mountain Province, Philippines","business_status":"OPERATIONAL","rating":5,"user_rating_count":1,"barangay_slug":"losad","barangay_name":"Losad"},"geometry":{"type":"Point","coordinates":[120.9180576,16.9927734]}},{"type":"Feature","properties":{"name":"Losad Barangay Hall","kind":"govt","kind_label":"Government","source":"google_places","google_place_id":"ChIJKZp_3-HUjzMRqyppfg3LvpQ","google_primary_type":"community_center","google_primary_type_label":"Community Center","google_types":["community_center","city_hall","local_government_office","event_venue","government_office","point_of_interest","service","establishment"],"google_maps_uri":"https://maps.google.com/?cid=10718227422004193963&g_mp=Cilnb29nbGUubWFwcy5wbGFjZXMudjEuUGxhY2VzLlNlYXJjaE5lYXJieRACGAQgAA","google_icon_mask_base_uri":"https://maps.gstatic.com/mapfiles/place_api/icons/v2/generic_pinlet","google_icon_background_color":"#7B9EB0","formatted_address":"2W2F+856, Sabangan, Mountain Province, Philippines","business_status":"OPERATIONAL","rating":4.3,"user_rating_count":3,"barangay_slug":"losad","barangay_name":"Losad"},"geometry":{"type":"Point","coordinates":[120.92290340000001,17.000778600000004]}},{"type":"Feature","properties":{"name":"Tourism Information Office","kind":"govt","kind_label":"Government","source":"google_places","google_place_id":"ChIJ7QaVJjXVjzMRDL_fr-3XxYg","google_primary_type":"government_office","google_primary_type_label":"Government Office","google_types":["government_office","point_of_interest","establishment"],"google_maps_uri":"https://maps.google.com/?cid=9855520775428095756&g_mp=Cilnb29nbGUubWFwcy5wbGFjZXMudjEuUGxhY2VzLlNlYXJjaE5lYXJieRACGAQgAA","google_icon_mask_base_uri":"https://maps.gstatic.com/mapfiles/place_api/icons/v2/civic-bldg_pinlet","google_icon_background_color":"#7B9EB0","formatted_address":"XWXC+26P Tiging, Losad, Sabangan, Mountain Province, Philippines","business_status":"OPERATIONAL","rating":4.5,"user_rating_count":4,"barangay_slug":"losad","barangay_name":"Losad"},"geometry":{"type":"Point","coordinates":[120.92057289999998,16.997587]}},{"type":"Feature","properties":{"name":"Sabangan souviners and cafe","kind":"market","kind_label":"Market","source":"google_places","google_place_id":"ChIJ6favar3VjzMRClmzgPopBUk","google_primary_type":"coffee_shop","google_primary_type_label":"Coffee Shop","google_types":["coffee_shop","cafe","food_store","store","point_of_interest","food","establishment"],"google_maps_uri":"https://maps.google.com/?cid=5261657895530092810&g_mp=Cilnb29nbGUubWFwcy5wbGFjZXMudjEuUGxhY2VzLlNlYXJjaE5lYXJieRACGAQgAA","google_icon_mask_base_uri":"https://maps.gstatic.com/mapfiles/place_api/icons/v2/cafe_pinlet","google_icon_background_color":"#FF9E67","formatted_address":"XWXC+35, Sabangan, Mountain Province, Philippines","business_status":"OPERATIONAL","rating":4.7,"user_rating_count":3,"barangay_slug":"losad","barangay_name":"Losad"},"geometry":{"type":"Point","coordinates":[120.9205451,16.9977032]}},{"type":"Feature","properties":{"name":"Deka-a","kind":"tourism","kind_label":"Tourism","source":"google_places","google_place_id":"ChIJiYQJPgDVjzMReofGniMyxSA","google_primary_type":"hiking_area","google_primary_type_label":"Hiking Area","google_types":["hiking_area","sports_activity_location","point_of_interest","establishment"],"google_maps_uri":"https://maps.google.com/?cid=2361348708194748282&g_mp=Cilnb29nbGUubWFwcy5wbGFjZXMudjEuUGxhY2VzLlNlYXJjaE5lYXJieRACGAQgAA","google_icon_mask_base_uri":"https://maps.gstatic.com/mapfiles/place_api/icons/v2/hiking_pinlet","google_icon_background_color":"#4DB546","formatted_address":"XWQC+GXJ, Losad, Sabangan, Mountain Province, Philippines","business_status":"OPERATIONAL","rating":5,"user_rating_count":1,"barangay_slug":"losad","barangay_name":"Losad"},"geometry":{"type":"Point","coordinates":[120.92239550000001,16.9888452]}},{"type":"Feature","properties":{"name":"Kalembong","kind":"tourism","kind_label":"Tourism","source":"google_places","google_place_id":"ChIJt935TQDVjzMRPVvW1_vqI4w","google_primary_type":"hiking_area","google_primary_type_label":"Hiking Area","google_types":["hiking_area","sports_activity_location","point_of_interest","establishment"],"google_maps_uri":"https://maps.google.com/?cid=10098173156873624381&g_mp=Cilnb29nbGUubWFwcy5wbGFjZXMudjEuUGxhY2VzLlNlYXJjaE5lYXJieRACGAQgAA","google_icon_mask_base_uri":"https://maps.gstatic.com/mapfiles/place_api/icons/v2/hiking_pinlet","google_icon_background_color":"#4DB546","formatted_address":"2W2C+MR4, Sabangan, Mountain Province, Philippines","business_status":"OPERATIONAL","rating":null,"user_rating_count":null,"barangay_slug":"losad","barangay_name":"Losad"},"geometry":{"type":"Point","coordinates":[120.9220689,17.0016324]}},{"type":"Feature","properties":{"name":"Kapangdanan","kind":"tourism","kind_label":"Tourism","source":"google_places","google_place_id":"ChIJeaJsFwArkDMRby0y7eUT7Bk","google_primary_type":"hiking_area","google_primary_type_label":"Hiking Area","google_types":["hiking_area","sports_activity_location","point_of_interest","establishment"],"google_maps_uri":"https://maps.google.com/?cid=1867889823699840367&g_mp=Cilnb29nbGUubWFwcy5wbGFjZXMudjEuUGxhY2VzLlNlYXJjaE5lYXJieRACGAQgAA","google_icon_mask_base_uri":"https://maps.gstatic.com/mapfiles/place_api/icons/v2/hiking_pinlet","google_icon_background_color":"#4DB546","formatted_address":"Sabangan, Mountain Province, Philippines","business_status":"OPERATIONAL","rating":null,"user_rating_count":null,"barangay_slug":"losad","barangay_name":"Losad"},"geometry":{"type":"Point","coordinates":[120.9231643,16.9919323]}},{"type":"Feature","properties":{"name":"Kimpati","kind":"tourism","kind_label":"Tourism","source":"google_places","google_place_id":"ChIJ_yglGQDVjzMR9o83teY7epM","google_primary_type":"hiking_area","google_primary_type_label":"Hiking Area","google_types":["hiking_area","sports_activity_location","point_of_interest","establishment"],"google_maps_uri":"https://maps.google.com/?cid=10626872132802940918&g_mp=Cilnb29nbGUubWFwcy5wbGFjZXMudjEuUGxhY2VzLlNlYXJjaE5lYXJieRACGAQgAA","google_icon_mask_base_uri":"https://maps.gstatic.com/mapfiles/place_api/icons/v2/hiking_pinlet","google_icon_background_color":"#4DB546","formatted_address":"XWQF+4GF, Losad, Sabangan, Mountain Province, Philippines","business_status":"OPERATIONAL","rating":null,"user_rating_count":null,"barangay_slug":"losad","barangay_name":"Losad"},"geometry":{"type":"Point","coordinates":[120.92378520000001,16.9878165]}},{"type":"Feature","properties":{"name":"Panorama Park","kind":"tourism","kind_label":"Tourism","source":"google_places","google_place_id":"ChIJ__8PmiLVjzMR-PTk0uAnRv4","google_primary_type":"park","google_primary_type_label":"Park","google_types":["park","point_of_interest","establishment"],"google_maps_uri":"https://maps.google.com/?cid=18322375980567819512&g_mp=Cilnb29nbGUubWFwcy5wbGFjZXMudjEuUGxhY2VzLlNlYXJjaE5lYXJieRACGAQgAA","google_icon_mask_base_uri":"https://maps.gstatic.com/mapfiles/place_api/icons/v2/tree_pinlet","google_icon_background_color":"#4DB546","formatted_address":"XWV9+463, Halsema Highway, Sabangan, 2622 Mountain Province, Philippines","business_status":"OPERATIONAL","rating":null,"user_rating_count":null,"barangay_slug":"losad","barangay_name":"Losad"},"geometry":{"type":"Point","coordinates":[120.91811009999999,16.9927345]}},{"type":"Feature","properties":{"name":"Sabanglayaan Cottage's","kind":"tourism","kind_label":"Tourism","source":"google_places","google_place_id":"ChIJQ3CxOh3VjzMRAk_ck454xEU","google_primary_type":"tourist_attraction","google_primary_type_label":"Tourist Attraction","google_types":["tourist_attraction","point_of_interest","establishment"],"google_maps_uri":"https://maps.google.com/?cid=5027275637813694210&g_mp=Cilnb29nbGUubWFwcy5wbGFjZXMudjEuUGxhY2VzLlNlYXJjaE5lYXJieRACGAQgAA","google_icon_mask_base_uri":"https://maps.gstatic.com/mapfiles/place_api/icons/v2/generic_pinlet","google_icon_background_color":"#13B5C7","formatted_address":"XWWF+CCH, Sabangan, Mountain Province, Philippines","business_status":"OPERATIONAL","rating":4.5,"user_rating_count":2,"barangay_slug":"losad","barangay_name":"Losad"},"geometry":{"type":"Point","coordinates":[120.92361089999999,16.996052799999998]}},{"type":"Feature","properties":{"name":"Namatec Public Cemetery","kind":"business","kind_label":"Business","source":"google_places","google_place_id":"ChIJC-FZOcYqkDMR5jxdiHstc94","google_primary_type":"cemetery","google_primary_type_label":"Cemetery","google_types":["cemetery","service","point_of_interest","establishment"],"google_maps_uri":"https://maps.google.com/?cid=16029205507333766374&g_mp=Cilnb29nbGUubWFwcy5wbGFjZXMudjEuUGxhY2VzLlNlYXJjaE5lYXJieRACGAQgAA","google_icon_mask_base_uri":"https://maps.gstatic.com/mapfiles/place_api/icons/v2/cemetery_pinlet","google_icon_background_color":"#7B9EB0","formatted_address":"WWP5+H9R, Halsema Highway, Sabangan, Mountain Province, Philippines","business_status":"OPERATIONAL","rating":null,"user_rating_count":null,"barangay_slug":"namatec","barangay_name":"Namatec"},"geometry":{"type":"Point","coordinates":[120.90839799999999,16.936483499999998]}},{"type":"Feature","properties":{"name":"St. Peter's Savings And Credit Cooperative","kind":"business","kind_label":"Business","source":"google_places","google_place_id":"ChIJleu9ergqkDMRtfhuijdXwNQ","google_primary_type":"bank","google_primary_type_label":"Bank","google_types":["bank","finance","point_of_interest","establishment"],"google_maps_uri":"https://maps.google.com/?cid=15330349027626514613&g_mp=Cilnb29nbGUubWFwcy5wbGFjZXMudjEuUGxhY2VzLlNlYXJjaE5lYXJieRACGAQgAA","google_icon_mask_base_uri":"https://maps.gstatic.com/mapfiles/place_api/icons/v2/bank-intl_pinlet","google_icon_background_color":"#909CE1","formatted_address":"WWR5+5RJ, Halsema Highway, Sabangan, 2622 Mountain Province, Philippines","business_status":"OPERATIONAL","rating":5,"user_rating_count":1,"barangay_slug":"namatec","barangay_name":"Namatec"},"geometry":{"type":"Point","coordinates":[120.90951899999999,16.940451]}},{"type":"Feature","properties":{"name":"Tala","kind":"business","kind_label":"Business","source":"google_places","google_place_id":"ChIJMw8lSMUqkDMR3GjzH-SOtms","google_primary_type":"cafe","google_primary_type_label":"Cafe","google_types":["cafe","food","point_of_interest","establishment"],"google_maps_uri":"https://maps.google.com/?cid=7761548118259362012&g_mp=Cilnb29nbGUubWFwcy5wbGFjZXMudjEuUGxhY2VzLlNlYXJjaE5lYXJieRACGAQgAA","google_icon_mask_base_uri":"https://maps.gstatic.com/mapfiles/place_api/icons/v2/cafe_pinlet","google_icon_background_color":"#FF9E67","formatted_address":"WWH5+XFP, Sabangan, Mountain Province, Philippines","business_status":"OPERATIONAL","rating":5,"user_rating_count":2,"barangay_slug":"namatec","barangay_name":"Namatec"},"geometry":{"type":"Point","coordinates":[120.9087066,16.929969]}},{"type":"Feature","properties":{"name":"Namatec Brgy. Hall","kind":"govt","kind_label":"Government","source":"google_places","google_place_id":"ChIJ31JwRQArkDMR1eSdgzgld4E","google_primary_type":"government_office","google_primary_type_label":"Government Office","google_types":["government_office","point_of_interest","establishment"],"google_maps_uri":"https://maps.google.com/?cid=9328966077777831125&g_mp=Cilnb29nbGUubWFwcy5wbGFjZXMudjEuUGxhY2VzLlNlYXJjaE5lYXJieRACGAQgAA","google_icon_mask_base_uri":"https://maps.gstatic.com/mapfiles/place_api/icons/v2/civic-bldg_pinlet","google_icon_background_color":"#7B9EB0","formatted_address":"WWM5+H86, Halsema Highway, Sabangan, Mountain Province, Philippines","business_status":"OPERATIONAL","rating":null,"user_rating_count":null,"barangay_slug":"namatec","barangay_name":"Namatec"},"geometry":{"type":"Point","coordinates":[120.90819560000001,16.9340029]}},{"type":"Feature","properties":{"name":"Namatec National High School","kind":"govt","kind_label":"Government","source":"google_places","google_place_id":"ChIJidUuxaIqkDMR41LVdIEGEqs","google_primary_type":"government_office","google_primary_type_label":"Government Office","google_types":["school","educational_institution","government_office","point_of_interest","establishment"],"google_maps_uri":"https://maps.google.com/?cid=12326922283147154147&g_mp=Cilnb29nbGUubWFwcy5wbGFjZXMudjEuUGxhY2VzLlNlYXJjaE5lYXJieRACGAQgAA","google_icon_mask_base_uri":"https://maps.gstatic.com/mapfiles/place_api/icons/v2/school_pinlet","google_icon_background_color":"#7B9EB0","formatted_address":"WWP5+9FH Namatec, Sabangan, Mountain Province, Philippines","business_status":"OPERATIONAL","rating":null,"user_rating_count":null,"barangay_slug":"namatec","barangay_name":"Namatec"},"geometry":{"type":"Point","coordinates":[120.9087304,16.935946]}},{"type":"Feature","properties":{"name":"Gotong","kind":"tourism","kind_label":"Tourism","source":"google_places","google_place_id":"ChIJ00q2p-8rkDMRNdfEv09JeMI","google_primary_type":"hiking_area","google_primary_type_label":"Hiking Area","google_types":["hiking_area","sports_activity_location","point_of_interest","establishment"],"google_maps_uri":"https://maps.google.com/?cid=14013030847431890741&g_mp=Cilnb29nbGUubWFwcy5wbGFjZXMudjEuUGxhY2VzLlNlYXJjaE5lYXJieRACGAQgAA","google_icon_mask_base_uri":"https://maps.gstatic.com/mapfiles/place_api/icons/v2/hiking_pinlet","google_icon_background_color":"#4DB546","formatted_address":"WWQ5+8VJ, Sabangan, Mountain Province, Philippines","business_status":"OPERATIONAL","rating":null,"user_rating_count":null,"barangay_slug":"namatec","barangay_name":"Namatec"},"geometry":{"type":"Point","coordinates":[120.90964559999999,16.9383297]}},{"type":"Feature","properties":{"name":"Namatec Open Gym","kind":"tourism","kind_label":"Tourism","source":"google_places","google_place_id":"ChIJJwt6LQArkDMR3DmlxvIgpVM","google_primary_type":"gym","google_primary_type_label":"Gym","google_types":["gym","sports_activity_location","health","point_of_interest","establishment"],"google_maps_uri":"https://maps.google.com/?cid=6027259903392168412&g_mp=Cilnb29nbGUubWFwcy5wbGFjZXMudjEuUGxhY2VzLlNlYXJjaE5lYXJieRACGAQgAA","google_icon_mask_base_uri":"https://maps.gstatic.com/mapfiles/place_api/icons/v2/generic_pinlet","google_icon_background_color":"#7B9EB0","formatted_address":"WWM5+F5X, Barangay Road, Sabangan, Mountain Province, Philippines","business_status":"OPERATIONAL","rating":5,"user_rating_count":2,"barangay_slug":"namatec","barangay_name":"Namatec"},"geometry":{"type":"Point","coordinates":[120.90799899999999,16.9337341]}},{"type":"Feature","properties":{"name":"DJ Snack & Cafe","kind":"business","kind_label":"Business","source":"google_places","google_place_id":"ChIJy6mFEwArkDMRqJ9gnimXd_A","google_primary_type":"asian_restaurant","google_primary_type_label":"Asian Restaurant","google_types":["asian_restaurant","restaurant","food","point_of_interest","establishment"],"google_maps_uri":"https://maps.google.com/?cid=17327484296337858472&g_mp=Cilnb29nbGUubWFwcy5wbGFjZXMudjEuUGxhY2VzLlNlYXJjaE5lYXJieRACGAQgAA","google_icon_mask_base_uri":"https://maps.gstatic.com/mapfiles/place_api/icons/v2/restaurant_pinlet","google_icon_background_color":"#FF9E67","formatted_address":"VVRG+QCH, Baguio - La Trinidad - Bontoc Rd, Bauko, Mountain Province, Philippines","business_status":"OPERATIONAL","rating":null,"user_rating_count":null,"barangay_slug":"napua","barangay_name":"Napua"},"geometry":{"type":"Point","coordinates":[120.89958879999999,16.934109]}},{"type":"Feature","properties":{"name":"JM's Sari-sari store","kind":"business","kind_label":"Business","source":"google_places","google_place_id":"ChIJoStyciwrkDMRMnskSUdQXOM","google_primary_type":"store","google_primary_type_label":"Store","google_types":["store","point_of_interest","establishment"],"google_maps_uri":"https://maps.google.com/?cid=16383057811567049522&g_mp=Cilnb29nbGUubWFwcy5wbGFjZXMudjEuUGxhY2VzLlNlYXJjaE5lYXJieRACGAQgAA","google_icon_mask_base_uri":"https://maps.gstatic.com/mapfiles/place_api/icons/v2/shopping_pinlet","google_icon_background_color":"#4B96F3","formatted_address":"Malaslasa Napua, Sabangan, 2622 Mountain Province, Philippines","business_status":"OPERATIONAL","rating":null,"user_rating_count":null,"barangay_slug":"napua","barangay_name":"Napua"},"geometry":{"type":"Point","coordinates":[120.90137209999999,16.9166767]}},{"type":"Feature","properties":{"name":"Lamagan Cafe","kind":"business","kind_label":"Business","source":"google_places","google_place_id":"ChIJy1jxYtsqkDMRAaX6miSmwrs","google_primary_type":"cafe","google_primary_type_label":"Cafe","google_types":["cafe","food","point_of_interest","establishment"],"google_maps_uri":"https://maps.google.com/?cid=13529558906723542273&g_mp=Cilnb29nbGUubWFwcy5wbGFjZXMudjEuUGxhY2VzLlNlYXJjaE5lYXJieRACGAQgAA","google_icon_mask_base_uri":"https://maps.gstatic.com/mapfiles/place_api/icons/v2/cafe_pinlet","google_icon_background_color":"#FF9E67","formatted_address":"WWG7+Q5W, Sabangan, Mountain Province, Philippines","business_status":"OPERATIONAL","rating":null,"user_rating_count":null,"barangay_slug":"napua","barangay_name":"Napua"},"geometry":{"type":"Point","coordinates":[120.91293900000001,16.926976800000002]}},{"type":"Feature","properties":{"name":"Dumanegdeg Primary School","kind":"govt","kind_label":"Government","source":"google_places","google_place_id":"ChIJVbykQgArkDMRszLBIGrR8HY","google_primary_type":"government_office","google_primary_type_label":"Government Office","google_types":["school","educational_institution","government_office","point_of_interest","establishment"],"google_maps_uri":"https://maps.google.com/?cid=8570580344632324787&g_mp=Cilnb29nbGUubWFwcy5wbGFjZXMudjEuUGxhY2VzLlNlYXJjaE5lYXJieRACGAQgAA","google_icon_mask_base_uri":"https://maps.gstatic.com/mapfiles/place_api/icons/v2/school_pinlet","google_icon_background_color":"#7B9EB0","formatted_address":"WWH3+FXP Dumanegdeg, Napua, Sabangan, Mountain Province, Philippines","business_status":"OPERATIONAL","rating":null,"user_rating_count":null,"barangay_slug":"napua","barangay_name":"Napua"},"geometry":{"type":"Point","coordinates":[120.90495270000001,16.9287168]}},{"type":"Feature","properties":{"name":"Napua Barangay Hall","kind":"govt","kind_label":"Government","source":"google_places","google_place_id":"ChIJR2TO_kgrkDMRwpDIvTMwCzg","google_primary_type":"government_office","google_primary_type_label":"Government Office","google_types":["government_office","point_of_interest","establishment"],"google_maps_uri":"https://maps.google.com/?cid=4038374489653285058&g_mp=Cilnb29nbGUubWFwcy5wbGFjZXMudjEuUGxhY2VzLlNlYXJjaE5lYXJieRACGAQgAA","google_icon_mask_base_uri":"https://maps.gstatic.com/mapfiles/place_api/icons/v2/civic-bldg_pinlet","google_icon_background_color":"#7B9EB0","formatted_address":"WWF3+59, Napua, Sabangan, Mountain Province, Philippines","business_status":"OPERATIONAL","rating":null,"user_rating_count":null,"barangay_slug":"napua","barangay_name":"Napua"},"geometry":{"type":"Point","coordinates":[120.90344890000001,16.9229076]}},{"type":"Feature","properties":{"name":"Libo Primary School","kind":"school","kind_label":"School","source":"google_places","google_place_id":"ChIJidUuxaIqkDMRhMu092Ic-Bo","google_primary_type":"primary_school","google_primary_type_label":"Primary School","google_types":["primary_school","school","educational_institution","point_of_interest","establishment"],"google_maps_uri":"https://maps.google.com/?cid=1943334450598562692&g_mp=Cilnb29nbGUubWFwcy5wbGFjZXMudjEuUGxhY2VzLlNlYXJjaE5lYXJieRACGAQgAA","google_icon_mask_base_uri":"https://maps.gstatic.com/mapfiles/place_api/icons/v2/school_pinlet","google_icon_background_color":"#7B9EB0","formatted_address":"Napua, WWG2+3C5, Sabangan, Mountain Province, Philippines","business_status":"OPERATIONAL","rating":null,"user_rating_count":null,"barangay_slug":"napua","barangay_name":"Napua"},"geometry":{"type":"Point","coordinates":[120.9011097,16.9251467]}},{"type":"Feature","properties":{"name":"Bakwitan Cave","kind":"tourism","kind_label":"Tourism","source":"google_places","google_place_id":"ChIJfSlXVQArkDMRRBWyUR4c_8w","google_primary_type":"tourist_attraction","google_primary_type_label":"Tourist Attraction","google_types":["tourist_attraction","point_of_interest","establishment"],"google_maps_uri":"https://maps.google.com/?cid=14771556219343738180&g_mp=Cilnb29nbGUubWFwcy5wbGFjZXMudjEuUGxhY2VzLlNlYXJjaE5lYXJieRACGAQgAA","google_icon_mask_base_uri":"https://maps.gstatic.com/mapfiles/place_api/icons/v2/generic_pinlet","google_icon_background_color":"#13B5C7","formatted_address":"WW54+6W6, Sabangan, Mountain Province, Philippines","business_status":"OPERATIONAL","rating":null,"user_rating_count":null,"barangay_slug":"napua","barangay_name":"Napua"},"geometry":{"type":"Point","coordinates":[120.9072702,16.9080412]}},{"type":"Feature","properties":{"name":"BALLAY FALLS","kind":"tourism","kind_label":"Tourism","source":"google_places","google_place_id":"ChIJcb8cNAArkDMRyWk2LHh_V_8","google_primary_type":"tourist_attraction","google_primary_type_label":"Tourist Attraction","google_types":["tourist_attraction","point_of_interest","establishment"],"google_maps_uri":"https://maps.google.com/?cid=18399314956760017353&g_mp=Cilnb29nbGUubWFwcy5wbGFjZXMudjEuUGxhY2VzLlNlYXJjaE5lYXJieRACGAQgAA","google_icon_mask_base_uri":"https://maps.gstatic.com/mapfiles/place_api/icons/v2/generic_pinlet","google_icon_background_color":"#13B5C7","formatted_address":"VWWG+RM9, Sabangan, Mountain Province, Philippines","business_status":"OPERATIONAL","rating":null,"user_rating_count":null,"barangay_slug":"napua","barangay_name":"Napua"},"geometry":{"type":"Point","coordinates":[120.9267363,16.8970316]}},{"type":"Feature","properties":{"name":"Halsema Highway mini-Falls","kind":"tourism","kind_label":"Tourism","source":"google_places","google_place_id":"ChIJY0OCUWkrkDMR7OWrcPlCdSk","google_primary_type":"nature_preserve","google_primary_type_label":"Nature Preserve","google_types":["nature_preserve","park","point_of_interest","establishment"],"google_maps_uri":"https://maps.google.com/?cid=2987367566934795756&g_mp=Cilnb29nbGUubWFwcy5wbGFjZXMudjEuUGxhY2VzLlNlYXJjaE5lYXJieRACGAQgAA","google_icon_mask_base_uri":"https://maps.gstatic.com/mapfiles/place_api/icons/v2/tree_pinlet","google_icon_background_color":"#4DB546","formatted_address":"WVHX+W2V, Baguio - La Trinidad - Bontoc Rd, Sabangan, Mountain Province, Philippines","business_status":"OPERATIONAL","rating":4.4,"user_rating_count":11,"barangay_slug":"napua","barangay_name":"Napua"},"geometry":{"type":"Point","coordinates":[120.89755489999999,16.9298599]}},{"type":"Feature","properties":{"name":"Maladladok Falls","kind":"tourism","kind_label":"Tourism","source":"google_places","google_place_id":"ChIJaxMAEAArkDMR4dMITzhWspQ","google_primary_type":"tourist_attraction","google_primary_type_label":"Tourist Attraction","google_types":["tourist_attraction","point_of_interest","establishment"],"google_maps_uri":"https://maps.google.com/?cid=10714721263311967201&g_mp=Cilnb29nbGUubWFwcy5wbGFjZXMudjEuUGxhY2VzLlNlYXJjaE5lYXJieRACGAQgAA","google_icon_mask_base_uri":"https://maps.gstatic.com/mapfiles/place_api/icons/v2/generic_pinlet","google_icon_background_color":"#13B5C7","formatted_address":"WW6P+QRG, Sabangan, Mountain Province, Philippines","business_status":"OPERATIONAL","rating":null,"user_rating_count":null,"barangay_slug":"napua","barangay_name":"Napua"},"geometry":{"type":"Point","coordinates":[120.9370628,16.9119396]}},{"type":"Feature","properties":{"name":"Nanbayo Falls","kind":"tourism","kind_label":"Tourism","source":"google_places","google_place_id":"ChIJT6wuBwArkDMRQG-DvJxOXlU","google_primary_type":"tourist_attraction","google_primary_type_label":"Tourist Attraction","google_types":["tourist_attraction","point_of_interest","establishment"],"google_maps_uri":"https://maps.google.com/?cid=6151440576119271232&g_mp=Cilnb29nbGUubWFwcy5wbGFjZXMudjEuUGxhY2VzLlNlYXJjaE5lYXJieRACGAQgAA","google_icon_mask_base_uri":"https://maps.gstatic.com/mapfiles/place_api/icons/v2/generic_pinlet","google_icon_background_color":"#13B5C7","formatted_address":"WW36+8F4, Sabangan, Mountain Province, Philippines","business_status":"OPERATIONAL","rating":null,"user_rating_count":null,"barangay_slug":"napua","barangay_name":"Napua"},"geometry":{"type":"Point","coordinates":[120.9112026,16.9032669]}},{"type":"Feature","properties":{"name":"Toking Minting Cave","kind":"tourism","kind_label":"Tourism","source":"google_places","google_place_id":"ChIJW783SgArkDMRijTvmq5j7gk","google_primary_type":"tourist_attraction","google_primary_type_label":"Tourist Attraction","google_types":["tourist_attraction","point_of_interest","establishment"],"google_maps_uri":"https://maps.google.com/?cid=715618992373314698&g_mp=Cilnb29nbGUubWFwcy5wbGFjZXMudjEuUGxhY2VzLlNlYXJjaE5lYXJieRACGAQgAA","google_icon_mask_base_uri":"https://maps.gstatic.com/mapfiles/place_api/icons/v2/generic_pinlet","google_icon_background_color":"#13B5C7","formatted_address":"WW44+XV7, Sabangan, Mountain Province, Philippines","business_status":"OPERATIONAL","rating":null,"user_rating_count":null,"barangay_slug":"napua","barangay_name":"Napua"},"geometry":{"type":"Point","coordinates":[120.90718269999999,16.9074144]}},{"type":"Feature","properties":{"name":"Okatako fuel refilling station","kind":"transport","kind_label":"Transport","source":"google_places","google_place_id":"ChIJa7EErrArkDMRNRIxkKrUt68","google_primary_type":"gas_station","google_primary_type_label":"Gas Station","google_types":["gas_station","service","point_of_interest","establishment"],"google_maps_uri":"https://maps.google.com/?cid=12661822706404102709&g_mp=Cilnb29nbGUubWFwcy5wbGFjZXMudjEuUGxhY2VzLlNlYXJjaE5lYXJieRACGAQgAA","google_icon_mask_base_uri":"https://maps.gstatic.com/mapfiles/place_api/icons/v2/gas_pinlet","google_icon_background_color":"#909CE1","formatted_address":"WW3J+W4R, Napua, Sabangan, Mountain Province, Philippines","business_status":"OPERATIONAL","rating":null,"user_rating_count":null,"barangay_slug":"napua","barangay_name":"Napua"},"geometry":{"type":"Point","coordinates":[120.93026030000001,16.904852899999998]}},{"type":"Feature","properties":{"name":"OkaTako Fuel Station","kind":"transport","kind_label":"Transport","source":"google_places","google_place_id":"ChIJV-gNPtQqkDMR5a2sE9fuuCI","google_primary_type":"gas_station","google_primary_type_label":"Gas Station","google_types":["gas_station","service","point_of_interest","establishment"],"google_maps_uri":"https://maps.google.com/?cid=2502012200519773669&g_mp=Cilnb29nbGUubWFwcy5wbGFjZXMudjEuUGxhY2VzLlNlYXJjaE5lYXJieRACGAQgAA","google_icon_mask_base_uri":"https://maps.gstatic.com/mapfiles/place_api/icons/v2/gas_pinlet","google_icon_background_color":"#909CE1","formatted_address":"Sabangan, Mountain Province, Philippines","business_status":"OPERATIONAL","rating":null,"user_rating_count":null,"barangay_slug":"napua","barangay_name":"Napua"},"geometry":{"type":"Point","coordinates":[120.9004481,16.9242222]}},{"type":"Feature","properties":{"name":"GOOD VIBES NOOK (Garden Cafe, Retreat Sanctuary, and Events)","kind":"business","kind_label":"Business","source":"google_places","google_place_id":"ChIJwRb6NJfVjzMRE_ZEMJz9vZM","google_primary_type":"event_venue","google_primary_type_label":"Event Venue","google_types":["event_venue","point_of_interest","establishment"],"google_maps_uri":"https://maps.google.com/?cid=10645943941440271891&g_mp=Cidnb29nbGUubWFwcy5wbGFjZXMudjEuUGxhY2VzLlNlYXJjaFRleHQQAhgEIAA","google_icon_mask_base_uri":"https://maps.gstatic.com/mapfiles/place_api/icons/v2/generic_pinlet","google_icon_background_color":"#7B9EB0","formatted_address":"St Mary the Purification Church, Side Street, Pingad, Sabangan, 2622 Mountain Province, Philippines","business_status":"OPERATIONAL","rating":null,"user_rating_count":null,"barangay_slug":"pingad","barangay_name":"Pingad"},"geometry":{"type":"Point","coordinates":[120.9069792,16.9717146]}},{"type":"Feature","properties":{"name":"Pingad","kind":"business","kind_label":"Business","source":"google_places","google_place_id":"ChIJ7ZsahVnVjzMR5vlePFfFSCw","google_primary_type":null,"google_primary_type_label":null,"google_types":["sublocality_level_2","sublocality","political"],"google_maps_uri":"https://maps.google.com/?cid=3191017314457680358&g_mp=Cidnb29nbGUubWFwcy5wbGFjZXMudjEuUGxhY2VzLlNlYXJjaFRleHQQAhgEIAA","google_icon_mask_base_uri":"https://maps.gstatic.com/mapfiles/place_api/icons/v2/generic_pinlet","google_icon_background_color":"#7B9EB0","formatted_address":"Pingad, Sabangan, Mountain Province, Philippines","business_status":null,"rating":null,"user_rating_count":null,"barangay_slug":"pingad","barangay_name":"Pingad"},"geometry":{"type":"Point","coordinates":[120.90299920000001,16.9685821]}},{"type":"Feature","properties":{"name":"Pingad Furniture Shop","kind":"business","kind_label":"Business","source":"google_places","google_place_id":"ChIJhbU2cFDVjzMRjAkGSwSNoGw","google_primary_type":"manufacturer","google_primary_type_label":"Manufacturer","google_types":["point_of_interest","service","manufacturer","establishment"],"google_maps_uri":"https://maps.google.com/?cid=7827411201947994508&g_mp=Cidnb29nbGUubWFwcy5wbGFjZXMudjEuUGxhY2VzLlNlYXJjaFRleHQQAhgEIAA","google_icon_mask_base_uri":"https://maps.gstatic.com/mapfiles/place_api/icons/v2/generic_pinlet","google_icon_background_color":"#7B9EB0","formatted_address":"XWC4+2MJ, Halsema Highway, Sabangan, Mountain Province, Philippines","business_status":"OPERATIONAL","rating":1,"user_rating_count":1,"barangay_slug":"pingad","barangay_name":"Pingad"},"geometry":{"type":"Point","coordinates":[120.9066546,16.9700833]}},{"type":"Feature","properties":{"name":"Stambayan cafe and snack house","kind":"market","kind_label":"Market","source":"google_places","google_place_id":"ChIJL5qABADVjzMRpiRDQvDXKlo","google_primary_type":"coffee_shop","google_primary_type_label":"Coffee Shop","google_types":["coffee_shop","cafe","food_store","store","point_of_interest","food","establishment"],"google_maps_uri":"https://maps.google.com/?cid=6497242839339181222&g_mp=Cilnb29nbGUubWFwcy5wbGFjZXMudjEuUGxhY2VzLlNlYXJjaE5lYXJieRACGAQgAA","google_icon_mask_base_uri":"https://maps.gstatic.com/mapfiles/place_api/icons/v2/cafe_pinlet","google_icon_background_color":"#FF9E67","formatted_address":"XW95+G4F, Baguio - La Trinidad - Bontoc Rd, Sabangan, Mountain Province, Philippines","business_status":"OPERATIONAL","rating":null,"user_rating_count":null,"barangay_slug":"pingad","barangay_name":"Pingad"},"geometry":{"type":"Point","coordinates":[120.90778209999999,16.9688092]}},{"type":"Feature","properties":{"name":"Pingad","kind":"school","kind_label":"School","source":"google_places","google_place_id":"ChIJSdEhIwDVjzMRwNbk-W30Pfo","google_primary_type":"primary_school","google_primary_type_label":"Elementary School","google_types":["primary_school","school","educational_institution","point_of_interest","establishment"],"google_maps_uri":"https://maps.google.com/?cid=18031837236242470592&g_mp=Cilnb29nbGUubWFwcy5wbGFjZXMudjEuUGxhY2VzLlNlYXJjaE5lYXJieRACGAQgAA","google_icon_mask_base_uri":"https://maps.gstatic.com/mapfiles/place_api/icons/v2/school_pinlet","google_icon_background_color":"#7B9EB0","formatted_address":"XW85+M4W, Pingad, Sabangan, Mountain Province, Philippines","business_status":"OPERATIONAL","rating":null,"user_rating_count":null,"barangay_slug":"pingad","barangay_name":"Pingad"},"geometry":{"type":"Point","coordinates":[120.9078141,16.9667329]}},{"type":"Feature","properties":{"name":"ANGADA","kind":"tourism","kind_label":"Tourism","source":"google_places","google_place_id":"ChIJf2qoXwDVjzMRSwWIx25Bd7A","google_primary_type":"hiking_area","google_primary_type_label":"Hiking Area","google_types":["hiking_area","sports_activity_location","point_of_interest","establishment"],"google_maps_uri":"https://maps.google.com/?cid=12715704016953673035&g_mp=Cilnb29nbGUubWFwcy5wbGFjZXMudjEuUGxhY2VzLlNlYXJjaE5lYXJieRACGAQgAA","google_icon_mask_base_uri":"https://maps.gstatic.com/mapfiles/place_api/icons/v2/hiking_pinlet","google_icon_background_color":"#4DB546","formatted_address":"XWC6+MC, Sabangan, Mountain Province, Philippines","business_status":"OPERATIONAL","rating":null,"user_rating_count":null,"barangay_slug":"pingad","barangay_name":"Pingad"},"geometry":{"type":"Point","coordinates":[120.91109999999999,16.9717]}},{"type":"Feature","properties":{"name":"Pingad Gym","kind":"tourism","kind_label":"Tourism","source":"google_places","google_place_id":"ChIJD-tcBVDVjzMRL7h-6qdAB2o","google_primary_type":"gym","google_primary_type_label":"Gym","google_types":["gym","sports_activity_location","health","point_of_interest","establishment"],"google_maps_uri":"https://maps.google.com/?cid=7640146382795225135&g_mp=Cilnb29nbGUubWFwcy5wbGFjZXMudjEuUGxhY2VzLlNlYXJjaE5lYXJieRACGAQgAA","google_icon_mask_base_uri":"https://maps.gstatic.com/mapfiles/place_api/icons/v2/generic_pinlet","google_icon_background_color":"#7B9EB0","formatted_address":"XWC4+GM7, Halsema Highway, Sabangan, Mountain Province, Philippines","business_status":"OPERATIONAL","rating":5,"user_rating_count":1,"barangay_slug":"pingad","barangay_name":"Pingad"},"geometry":{"type":"Point","coordinates":[120.90665999999999,16.971294099999998]}},{"type":"Feature","properties":{"name":"St. Mary the Purification Church","kind":"worship","kind_label":"Worship","source":"google_places","google_place_id":"ChIJqSYPBFDVjzMRrSIIw6duNag","google_primary_type":"church","google_primary_type_label":"Church","google_types":["church","place_of_worship","association_or_organization","point_of_interest","establishment"],"google_maps_uri":"https://maps.google.com/?cid=12120715638948242093&g_mp=Cilnb29nbGUubWFwcy5wbGFjZXMudjEuUGxhY2VzLlNlYXJjaE5lYXJieRACGAQgAA","google_icon_mask_base_uri":"https://maps.gstatic.com/mapfiles/place_api/icons/v2/worship_christian_pinlet","google_icon_background_color":"#7B9EB0","formatted_address":"XWC4+HPF, Halsema Highway, Sabangan, Mountain Province, Philippines","business_status":"OPERATIONAL","rating":5,"user_rating_count":1,"barangay_slug":"pingad","barangay_name":"Pingad"},"geometry":{"type":"Point","coordinates":[120.90679960000001,16.971425699999998]}},{"type":"Feature","properties":{"name":"3 J's Snack House","kind":"business","kind_label":"Business","source":"google_places","google_place_id":"ChIJscivI-HUjzMR1-5MRWs5c94","google_primary_type":"restaurant","google_primary_type_label":"Restaurant","google_types":["restaurant","point_of_interest","food","establishment"],"google_maps_uri":"https://maps.google.com/?cid=16029218631628680919&g_mp=Cilnb29nbGUubWFwcy5wbGFjZXMudjEuUGxhY2VzLlNlYXJjaE5lYXJieRACGAQgAA","google_icon_mask_base_uri":"https://maps.gstatic.com/mapfiles/place_api/icons/v2/restaurant_pinlet","google_icon_background_color":"#FF9E67","formatted_address":"Sabangan, Mountain Province, Philippines","business_status":"OPERATIONAL","rating":null,"user_rating_count":null,"barangay_slug":"poblacion","barangay_name":"Poblacion"},"geometry":{"type":"Point","coordinates":[120.92214969999999,17.0050408]}},{"type":"Feature","properties":{"name":"BRIANNA RAINIER RESTAURANT","kind":"business","kind_label":"Business","source":"google_places","google_place_id":"ChIJddkgy-bUjzMR7tNYE9_XE-Q","google_primary_type":"restaurant","google_primary_type_label":"Restaurant","google_types":["restaurant","point_of_interest","food","establishment"],"google_maps_uri":"https://maps.google.com/?cid=16434716818307339246&g_mp=Cilnb29nbGUubWFwcy5wbGFjZXMudjEuUGxhY2VzLlNlYXJjaE5lYXJieRACGAQgAA","google_icon_mask_base_uri":"https://maps.gstatic.com/mapfiles/place_api/icons/v2/restaurant_pinlet","google_icon_background_color":"#FF9E67","formatted_address":"Sabangan, Mountain Province, Philippines","business_status":"OPERATIONAL","rating":null,"user_rating_count":null,"barangay_slug":"poblacion","barangay_name":"Poblacion"},"geometry":{"type":"Point","coordinates":[120.92289740000001,17.006098299999998]}},{"type":"Feature","properties":{"name":"Kabakiran","kind":"business","kind_label":"Business","source":"google_places","google_place_id":"ChIJ_8a2uebUjzMRLu5hH_E6HgY","google_primary_type":"cafe","google_primary_type_label":"Cafe","google_types":["cafe","food","point_of_interest","establishment"],"google_maps_uri":"https://maps.google.com/?cid=440854620816928302&g_mp=Cilnb29nbGUubWFwcy5wbGFjZXMudjEuUGxhY2VzLlNlYXJjaE5lYXJieRACGAQgAA","google_icon_mask_base_uri":"https://maps.gstatic.com/mapfiles/place_api/icons/v2/cafe_pinlet","google_icon_background_color":"#FF9E67","formatted_address":"2W4F+V5P, Halsema Highway, Sabangan, Mountain Province, Philippines","business_status":"OPERATIONAL","rating":2,"user_rating_count":2,"barangay_slug":"poblacion","barangay_name":"Poblacion"},"geometry":{"type":"Point","coordinates":[120.92295139999999,17.007219799999998]}},{"type":"Feature","properties":{"name":"Mountaineer's Kitchenette","kind":"business","kind_label":"Business","source":"google_places","google_place_id":"ChIJW_5LIuHUjzMREIHi2xco7vc","google_primary_type":"restaurant","google_primary_type_label":"Restaurant","google_types":["restaurant","point_of_interest","food","establishment"],"google_maps_uri":"https://maps.google.com/?cid=17865260854763749648&g_mp=Cilnb29nbGUubWFwcy5wbGFjZXMudjEuUGxhY2VzLlNlYXJjaE5lYXJieRACGAQgAA","google_icon_mask_base_uri":"https://maps.gstatic.com/mapfiles/place_api/icons/v2/restaurant_pinlet","google_icon_background_color":"#FF9E67","formatted_address":"Sabangan, Mountain Province, Philippines","business_status":"OPERATIONAL","rating":null,"user_rating_count":null,"barangay_slug":"poblacion","barangay_name":"Poblacion"},"geometry":{"type":"Point","coordinates":[120.92212199999997,17.0049922]}},{"type":"Feature","properties":{"name":"RRR FOOD HOUSE","kind":"business","kind_label":"Business","source":"google_places","google_place_id":"ChIJzw-9PgDVjzMRRWwvKLSI5GI","google_primary_type":"restaurant","google_primary_type_label":"Restaurant","google_types":["restaurant","point_of_interest","food","establishment"],"google_maps_uri":"https://maps.google.com/?cid=7125970817756654661&g_mp=Cilnb29nbGUubWFwcy5wbGFjZXMudjEuUGxhY2VzLlNlYXJjaE5lYXJieRACGAQgAA","google_icon_mask_base_uri":"https://maps.gstatic.com/mapfiles/place_api/icons/v2/restaurant_pinlet","google_icon_background_color":"#FF9E67","formatted_address":"2W3F+87R, Poblacion, Sabangan, Mountain Province, Philippines","business_status":"OPERATIONAL","rating":null,"user_rating_count":null,"barangay_slug":"poblacion","barangay_name":"Poblacion"},"geometry":{"type":"Point","coordinates":[120.92313269999998,17.0033666]}},{"type":"Feature","properties":{"name":"Sabangan Municipal Building","kind":"business","kind_label":"Business","source":"google_places","google_place_id":"ChIJd41RLuHUjzMRjfA_cIvu66E","google_primary_type":"premise","google_primary_type_label":"Building","google_types":["premise","street_address"],"google_maps_uri":"https://maps.google.com/?cid=11667681542284505229&g_mp=Cidnb29nbGUubWFwcy5wbGFjZXMudjEuUGxhY2VzLlNlYXJjaFRleHQQAhgEIAA","google_icon_mask_base_uri":"https://maps.gstatic.com/mapfiles/place_api/icons/v2/generic_pinlet","google_icon_background_color":"#7B9EB0","formatted_address":"2W4C+7WG Sabangan Municipal Building, Lansangang Halsema, Sabangan, Lalawigang Bulubundukin, Philippines","business_status":null,"rating":null,"user_rating_count":null,"barangay_slug":"poblacion","barangay_name":"Poblacion"},"geometry":{"type":"Point","coordinates":[120.9222126,17.005675399999998]}},{"type":"Feature","properties":{"name":"Sabangan Weaving","kind":"business","kind_label":"Business","source":"google_places","google_place_id":"ChIJcWJoa-HUjzMRy32Sg-5gKKY","google_primary_type":"clothing_store","google_primary_type_label":"Clothing Store","google_types":["clothing_store","store","point_of_interest","establishment"],"google_maps_uri":"https://maps.google.com/?cid=11972926186890362315&g_mp=Cilnb29nbGUubWFwcy5wbGFjZXMudjEuUGxhY2VzLlNlYXJjaE5lYXJieRACGAQgAA","google_icon_mask_base_uri":"https://maps.gstatic.com/mapfiles/place_api/icons/v2/shopping_pinlet","google_icon_background_color":"#4B96F3","formatted_address":"2W3F+M9J, Halsema Highway, Sabangan, Mountain Province, Philippines","business_status":"OPERATIONAL","rating":4,"user_rating_count":2,"barangay_slug":"poblacion","barangay_name":"Poblacion"},"geometry":{"type":"Point","coordinates":[120.92339679999999,17.004210699999998]}},{"type":"Feature","properties":{"name":"DPWH","kind":"govt","kind_label":"Government","source":"google_places","google_place_id":"ChIJWUkyFgDVjzMRJm0aF4GGyBA","google_primary_type":"government_office","google_primary_type_label":"Government Office","google_types":["government_office","point_of_interest","establishment"],"google_maps_uri":"https://maps.google.com/?cid=1209364388945489190&g_mp=Cilnb29nbGUubWFwcy5wbGFjZXMudjEuUGxhY2VzLlNlYXJjaE5lYXJieRACGAQgAA","google_icon_mask_base_uri":"https://maps.gstatic.com/mapfiles/place_api/icons/v2/civic-bldg_pinlet","google_icon_background_color":"#7B9EB0","formatted_address":"2W3C+88Q, Baguio - La Trinidad - Bontoc Rd, Sabangan, Mountain Province, Philippines","business_status":"OPERATIONAL","rating":null,"user_rating_count":null,"barangay_slug":"poblacion","barangay_name":"Poblacion"},"geometry":{"type":"Point","coordinates":[120.9208579,17.0033282]}},{"type":"Feature","properties":{"name":"Municipal Agriculture Office-LGU Sabangan","kind":"govt","kind_label":"Government","source":"google_places","google_place_id":"ChIJM3C2wJvVjzMRkBVbbufm7pU","google_primary_type":"government_office","google_primary_type_label":"Government Office","google_types":["government_office","point_of_interest","establishment"],"google_maps_uri":"https://maps.google.com/?cid=10803826437771695504&g_mp=Cilnb29nbGUubWFwcy5wbGFjZXMudjEuUGxhY2VzLlNlYXJjaE5lYXJieRACGAQgAA","google_icon_mask_base_uri":"https://maps.gstatic.com/mapfiles/place_api/icons/v2/civic-bldg_pinlet","google_icon_background_color":"#7B9EB0","formatted_address":"Sabangan Municipal Building, Lansangang Halsema, Sabangan, Lalawigang Bulubundukin, Philippines","business_status":"OPERATIONAL","rating":5,"user_rating_count":1,"barangay_slug":"poblacion","barangay_name":"Poblacion"},"geometry":{"type":"Point","coordinates":[120.9221792,17.005688199999998]}},{"type":"Feature","properties":{"name":"NC Sabangan","kind":"govt","kind_label":"Government","source":"google_places","google_place_id":"ChIJeZ4ZZwDVjzMRwwyfA4yX2PE","google_primary_type":"government_office","google_primary_type_label":"Government Office","google_types":["government_office","point_of_interest","establishment"],"google_maps_uri":"https://maps.google.com/?cid=17426845385722105027&g_mp=Cilnb29nbGUubWFwcy5wbGFjZXMudjEuUGxhY2VzLlNlYXJjaE5lYXJieRACGAQgAA","google_icon_mask_base_uri":"https://maps.gstatic.com/mapfiles/place_api/icons/v2/civic-bldg_pinlet","google_icon_background_color":"#7B9EB0","formatted_address":"2W4C+8X4, Halsema Highway, Sabangan, Mountain Province, Philippines","business_status":"OPERATIONAL","rating":null,"user_rating_count":null,"barangay_slug":"poblacion","barangay_name":"Poblacion"},"geometry":{"type":"Point","coordinates":[120.92242449999999,17.0057558]}},{"type":"Feature","properties":{"name":"Poblacion Barangay Hall","kind":"govt","kind_label":"Government","source":"google_places","google_place_id":"ChIJgZuiewDVjzMR4dXkka0x_hA","google_primary_type":"government_office","google_primary_type_label":"Government Office","google_types":["government_office","point_of_interest","establishment"],"google_maps_uri":"https://maps.google.com/?cid=1224470770238150113&g_mp=Cilnb29nbGUubWFwcy5wbGFjZXMudjEuUGxhY2VzLlNlYXJjaE5lYXJieRACGAQgAA","google_icon_mask_base_uri":"https://maps.gstatic.com/mapfiles/place_api/icons/v2/civic-bldg_pinlet","google_icon_background_color":"#7B9EB0","formatted_address":"Poblacion, Sabangan, Mountain Province, Philippines","business_status":"OPERATIONAL","rating":null,"user_rating_count":null,"barangay_slug":"poblacion","barangay_name":"Poblacion"},"geometry":{"type":"Point","coordinates":[120.9237797,17.004454199999998]}},{"type":"Feature","properties":{"name":"Police Station","kind":"govt","kind_label":"Government","source":"google_places","google_place_id":"ChIJVVWhJeHUjzMR4jUj9IU1ApQ","google_primary_type":"government_office","google_primary_type_label":"Government Office","google_types":["police","government_office","point_of_interest","service","establishment"],"google_maps_uri":"https://maps.google.com/?cid=10665145717009626594&g_mp=Cilnb29nbGUubWFwcy5wbGFjZXMudjEuUGxhY2VzLlNlYXJjaE5lYXJieRACGAQgAA","google_icon_mask_base_uri":"https://maps.gstatic.com/mapfiles/place_api/icons/v2/police_pinlet","google_icon_background_color":"#F88181","formatted_address":"2W4C+5R5, Halsema Highway, Sabangan, Mountain Province, Philippines","business_status":"OPERATIONAL","rating":null,"user_rating_count":null,"barangay_slug":"poblacion","barangay_name":"Poblacion"},"geometry":{"type":"Point","coordinates":[120.92216779999998,17.005395099999998]}},{"type":"Feature","properties":{"name":"Sabangan Municipal Hall","kind":"govt","kind_label":"Government","source":"google_places","google_place_id":"ChIJVVX5LuHUjzMRcdZjMgGoxqw","google_primary_type":"city_hall","google_primary_type_label":"City Hall","google_types":["city_hall","local_government_office","government_office","point_of_interest","service","establishment"],"google_maps_uri":"https://maps.google.com/?cid=12449822943006152305&g_mp=Cilnb29nbGUubWFwcy5wbGFjZXMudjEuUGxhY2VzLlNlYXJjaE5lYXJieRACGAQgAA","google_icon_mask_base_uri":"https://maps.gstatic.com/mapfiles/place_api/icons/v2/civic-bldg_pinlet","google_icon_background_color":"#7B9EB0","formatted_address":"2W4C+7VF, Halsema Highway, Sabangan, 2622 Mountain Province, Philippines","business_status":"OPERATIONAL","rating":5,"user_rating_count":1,"barangay_slug":"poblacion","barangay_name":"Poblacion"},"geometry":{"type":"Point","coordinates":[120.92216779999998,17.0056829]}},{"type":"Feature","properties":{"name":"Bondad/Copicop","kind":"market","kind_label":"Market","source":"google_places","google_place_id":"ChIJ0UkrlOHUjzMRKDG0Gz9zJw8","google_primary_type":"grocery_store","google_primary_type_label":"Grocery Store","google_types":["grocery_store","food_store","store","point_of_interest","food","establishment"],"google_maps_uri":"https://maps.google.com/?cid=1091968149545562408&g_mp=Cilnb29nbGUubWFwcy5wbGFjZXMudjEuUGxhY2VzLlNlYXJjaE5lYXJieRACGAQgAA","google_icon_mask_base_uri":"https://maps.gstatic.com/mapfiles/place_api/icons/v2/shoppingcart_pinlet","google_icon_background_color":"#4B96F3","formatted_address":"Sabangan, Mountain Province, Philippines","business_status":"OPERATIONAL","rating":null,"user_rating_count":null,"barangay_slug":"poblacion","barangay_name":"Poblacion"},"geometry":{"type":"Point","coordinates":[120.92323100000002,17.0023371]}},{"type":"Feature","properties":{"name":"Parisiane Bakeshop","kind":"market","kind_label":"Market","source":"google_places","google_place_id":"ChIJU4mn2iDVjzMRgB3D9OIDgVM","google_primary_type":"bakery","google_primary_type_label":"Bakery","google_types":["cake_shop","bakery","dessert_shop","confectionery","food_store","manufacturer","store","wholesaler","point_of_interest","food","establishment"],"google_maps_uri":"https://maps.google.com/?cid=6017094850447613312&g_mp=Cilnb29nbGUubWFwcy5wbGFjZXMudjEuUGxhY2VzLlNlYXJjaE5lYXJieRACGAQgAA","google_icon_mask_base_uri":"https://maps.gstatic.com/mapfiles/place_api/icons/v2/restaurant_pinlet","google_icon_background_color":"#FF9E67","formatted_address":"Lengey Gym, Poblacion, Sabangan, 2622 Mountain Province, Philippines","business_status":"OPERATIONAL","rating":null,"user_rating_count":null,"barangay_slug":"poblacion","barangay_name":"Poblacion"},"geometry":{"type":"Point","coordinates":[120.92319,17.0027424]}},{"type":"Feature","properties":{"name":"San Alfonso High School","kind":"school","kind_label":"School","source":"google_places","google_place_id":"ChIJ9Y553aIqkDMRKcgHotowwWM","google_primary_type":"secondary_school","google_primary_type_label":"High school","google_types":["secondary_school","school","educational_institution","point_of_interest","establishment"],"google_maps_uri":"https://maps.google.com/?cid=7188080195839445033&g_mp=Cilnb29nbGUubWFwcy5wbGFjZXMudjEuUGxhY2VzLlNlYXJjaE5lYXJieRACGAQgAA","google_icon_mask_base_uri":"https://maps.gstatic.com/mapfiles/place_api/icons/v2/school_pinlet","google_icon_background_color":"#7B9EB0","formatted_address":"2W3F+V9X, Halsema Highway, Sabangan, Mountain Province, Philippines","business_status":"OPERATIONAL","rating":null,"user_rating_count":null,"barangay_slug":"poblacion","barangay_name":"Poblacion"},"geometry":{"type":"Point","coordinates":[120.92349039999999,17.0047419]}},{"type":"Feature","properties":{"name":"Lengey Gym","kind":"tourism","kind_label":"Tourism","source":"google_places","google_place_id":"ChIJVVUVkeHUjzMR_VdcN7UR_c4","google_primary_type":"sports_activity_location","google_primary_type_label":"Sports Activity Location","google_types":["sports_activity_location","point_of_interest","establishment"],"google_maps_uri":"https://maps.google.com/?cid=14915097010936502269&g_mp=Cilnb29nbGUubWFwcy5wbGFjZXMudjEuUGxhY2VzLlNlYXJjaE5lYXJieRACGAQgAA","google_icon_mask_base_uri":"https://maps.gstatic.com/mapfiles/place_api/icons/v2/generic_pinlet","google_icon_background_color":"#7B9EB0","formatted_address":"Lengey Gym, Sabangan, Mountain Province, Philippines","business_status":"OPERATIONAL","rating":null,"user_rating_count":null,"barangay_slug":"poblacion","barangay_name":"Poblacion"},"geometry":{"type":"Point","coordinates":[120.92353530000001,17.0023911]}},{"type":"Feature","properties":{"name":"Sabangan Gymnasium","kind":"tourism","kind_label":"Tourism","source":"google_places","google_place_id":"ChIJ_c8zQOHUjzMR9VmaVYjvdrE","google_primary_type":"athletic_field","google_primary_type_label":"Athletic Field","google_types":["athletic_field","sports_activity_location","point_of_interest","establishment"],"google_maps_uri":"https://maps.google.com/?cid=12787671560795871733&g_mp=Cilnb29nbGUubWFwcy5wbGFjZXMudjEuUGxhY2VzLlNlYXJjaE5lYXJieRACGAQgAA","google_icon_mask_base_uri":"https://maps.gstatic.com/mapfiles/place_api/icons/v2/generic_pinlet","google_icon_background_color":"#7B9EB0","formatted_address":"2W3F+V7Q, Sabangan, Mountain Province, Philippines","business_status":"OPERATIONAL","rating":4.7,"user_rating_count":6,"barangay_slug":"poblacion","barangay_name":"Poblacion"},"geometry":{"type":"Point","coordinates":[120.9232467,17.004713199999998]}},{"type":"Feature","properties":{"name":"Azula Liquefied Petroleum Gas","kind":"transport","kind_label":"Transport","source":"google_places","google_place_id":"ChIJb4zWJeHUjzMRgh_vtAT5KaI","google_primary_type":"gas_station","google_primary_type_label":"Gas Station","google_types":["gas_station","service","point_of_interest","establishment"],"google_maps_uri":"https://maps.google.com/?cid=11685144506800217986&g_mp=Cilnb29nbGUubWFwcy5wbGFjZXMudjEuUGxhY2VzLlNlYXJjaE5lYXJieRACGAQgAA","google_icon_mask_base_uri":"https://maps.gstatic.com/mapfiles/place_api/icons/v2/gas_pinlet","google_icon_background_color":"#909CE1","formatted_address":"Sabangan, Mountain Province, Philippines","business_status":"OPERATIONAL","rating":null,"user_rating_count":null,"barangay_slug":"poblacion","barangay_name":"Poblacion"},"geometry":{"type":"Point","coordinates":[120.92202370000001,17.0053824]}},{"type":"Feature","properties":{"name":"Kaaligan Bus Stop","kind":"transport","kind_label":"Transport","source":"google_places","google_place_id":"ChIJxdEdtObUjzMRRBnAMeyq894","google_primary_type":"bus_stop","google_primary_type_label":"Bus stop","google_types":["bus_stop","transit_stop","transit_station","transportation_service","point_of_interest","establishment"],"google_maps_uri":"https://maps.google.com/?cid=16065372227184367940&g_mp=Cilnb29nbGUubWFwcy5wbGFjZXMudjEuUGxhY2VzLlNlYXJjaE5lYXJieRACGAQgAA","google_icon_mask_base_uri":"https://maps.gstatic.com/mapfiles/place_api/icons/v2/transit_pinlet","google_icon_background_color":"#10BDFF","formatted_address":"Halsema Highway, Sabangan, Mountain Province, Philippines","business_status":"OPERATIONAL","rating":null,"user_rating_count":null,"barangay_slug":"poblacion","barangay_name":"Poblacion"},"geometry":{"type":"Point","coordinates":[120.9234318,17.0074577]}},{"type":"Feature","properties":{"name":"Saint Joseph Parish","kind":"worship","kind_label":"Worship","source":"google_places","google_place_id":"ChIJJyzaEuHUjzMRJuLflBUcP9Q","google_primary_type":"church","google_primary_type_label":"Church","google_types":["church","place_of_worship","association_or_organization","point_of_interest","establishment"],"google_maps_uri":"https://maps.google.com/?cid=15293973738591085094&g_mp=Cilnb29nbGUubWFwcy5wbGFjZXMudjEuUGxhY2VzLlNlYXJjaE5lYXJieRACGAQgAA","google_icon_mask_base_uri":"https://maps.gstatic.com/mapfiles/place_api/icons/v2/worship_christian_pinlet","google_icon_background_color":"#7B9EB0","formatted_address":"Sabangan, Mountain Province, Philippines","business_status":"OPERATIONAL","rating":4.4,"user_rating_count":5,"barangay_slug":"poblacion","barangay_name":"Poblacion"},"geometry":{"type":"Point","coordinates":[120.92303219999998,17.004179699999998]}},{"type":"Feature","properties":{"name":"St. Peter's Church","kind":"worship","kind_label":"Worship","source":"google_places","google_place_id":"ChIJ1_vYyubUjzMRZzwQTA5xtZE","google_primary_type":"church","google_primary_type_label":"Church","google_types":["church","place_of_worship","association_or_organization","point_of_interest","establishment"],"google_maps_uri":"https://maps.google.com/?cid=10499422412503792743&g_mp=Cilnb29nbGUubWFwcy5wbGFjZXMudjEuUGxhY2VzLlNlYXJjaE5lYXJieRACGAQgAA","google_icon_mask_base_uri":"https://maps.gstatic.com/mapfiles/place_api/icons/v2/worship_christian_pinlet","google_icon_background_color":"#7B9EB0","formatted_address":"2W4F+C5M, Halsema Highway, Sabangan, Mountain Province, Philippines","business_status":"OPERATIONAL","rating":null,"user_rating_count":null,"barangay_slug":"poblacion","barangay_name":"Poblacion"},"geometry":{"type":"Point","coordinates":[120.92291609999998,17.0060944]}},{"type":"Feature","properties":{"name":"Kitkat's Restaurant","kind":"business","kind_label":"Business","source":"google_places","google_place_id":"ChIJmzh7SNzUjzMRTSo9in3zhn4","google_primary_type":"restaurant","google_primary_type_label":"Restaurant","google_types":["restaurant","food","point_of_interest","establishment"],"google_maps_uri":"https://maps.google.com/?cid=9117242216173873741&g_mp=Cilnb29nbGUubWFwcy5wbGFjZXMudjEuUGxhY2VzLlNlYXJjaE5lYXJieRACGAQgAA","google_icon_mask_base_uri":"https://maps.gstatic.com/mapfiles/place_api/icons/v2/restaurant_pinlet","google_icon_background_color":"#FF9E67","formatted_address":"2W58+G35, Tagudin - Cervantes - Sabangan Rd, Sabangan, Mountain Province, Philippines","business_status":"OPERATIONAL","rating":null,"user_rating_count":null,"barangay_slug":"supang","barangay_name":"Supang"},"geometry":{"type":"Point","coordinates":[120.91523679999999,17.008771]}},{"type":"Feature","properties":{"name":"Maggon cemetery","kind":"business","kind_label":"Business","source":"google_places","google_place_id":"ChIJPUtcDdfUjzMRPDeYEgd8ZSQ","google_primary_type":"cemetery","google_primary_type_label":"Cemetery","google_types":["cemetery","service","point_of_interest","establishment"],"google_maps_uri":"https://maps.google.com/?cid=2622638727831762748&g_mp=Cilnb29nbGUubWFwcy5wbGFjZXMudjEuUGxhY2VzLlNlYXJjaE5lYXJieRACGAQgAA","google_icon_mask_base_uri":"https://maps.gstatic.com/mapfiles/place_api/icons/v2/cemetery_pinlet","google_icon_background_color":"#7B9EB0","formatted_address":"2W44+Q83, Tagudin - Cervantes - Sabangan Rd, Sabangan, Mountain Province, Philippines","business_status":"OPERATIONAL","rating":null,"user_rating_count":null,"barangay_slug":"supang","barangay_name":"Supang"},"geometry":{"type":"Point","coordinates":[120.90579090000001,17.0068985]}},{"type":"Feature","properties":{"name":"Montañosa Wine","kind":"business","kind_label":"Business","source":"google_places","google_place_id":"ChIJ731WLADVjzMRXm_FijusAAg","google_primary_type":"liquor_store","google_primary_type_label":"Liquor Store","google_types":["liquor_store","food","point_of_interest","store","establishment"],"google_maps_uri":"https://maps.google.com/?cid=576650124034666334&g_mp=Cilnb29nbGUubWFwcy5wbGFjZXMudjEuUGxhY2VzLlNlYXJjaE5lYXJieRACGAQgAA","google_icon_mask_base_uri":"https://maps.gstatic.com/mapfiles/place_api/icons/v2/shopping_pinlet","google_icon_background_color":"#4B96F3","formatted_address":"2W45+QGW, Supang Barangay Rd, Sabangan, Mountain Province, Philippines","business_status":"OPERATIONAL","rating":5,"user_rating_count":1,"barangay_slug":"supang","barangay_name":"Supang"},"geometry":{"type":"Point","coordinates":[120.90883459999999,17.0069867]}},{"type":"Feature","properties":{"name":"Pasiking Sarisari Store","kind":"business","kind_label":"Business","source":"google_places","google_place_id":"ChIJuTgZHwDVjzMRGgnfd2xuRuw","google_primary_type":"store","google_primary_type_label":"Store","google_types":["store","point_of_interest","establishment"],"google_maps_uri":"https://maps.google.com/?cid=17025416853467367706&g_mp=Cilnb29nbGUubWFwcy5wbGFjZXMudjEuUGxhY2VzLlNlYXJjaE5lYXJieRACGAQgAA","google_icon_mask_base_uri":"https://maps.gstatic.com/mapfiles/place_api/icons/v2/shopping_pinlet","google_icon_background_color":"#4B96F3","formatted_address":"2W45+QGW, Supang Barangay Rd, Sabangan, Mountain Province, Philippines","business_status":"OPERATIONAL","rating":null,"user_rating_count":null,"barangay_slug":"supang","barangay_name":"Supang"},"geometry":{"type":"Point","coordinates":[120.90875779999999,17.0070177]}},{"type":"Feature","properties":{"name":"Supang","kind":"business","kind_label":"Business","source":"google_places","google_place_id":"ChIJpQZUbtfUjzMRcyhoCLMY8a8","google_primary_type":null,"google_primary_type_label":null,"google_types":["premise","street_address"],"google_maps_uri":"https://maps.google.com/?cid=12677941583243913331&g_mp=Cidnb29nbGUubWFwcy5wbGFjZXMudjEuUGxhY2VzLlNlYXJjaFRleHQQAhgEIAA","google_icon_mask_base_uri":"https://maps.gstatic.com/mapfiles/place_api/icons/v2/generic_pinlet","google_icon_background_color":"#7B9EB0","formatted_address":"Supang, Tagudin - Cervantes - Sabangan Rd, Sabangan, Mountain Province, Philippines","business_status":null,"rating":null,"user_rating_count":null,"barangay_slug":"supang","barangay_name":"Supang"},"geometry":{"type":"Point","coordinates":[120.90873889999999,17.0044579]}},{"type":"Feature","properties":{"name":"Supang cemetery","kind":"business","kind_label":"Business","source":"google_places","google_place_id":"ChIJqQnzs9nUjzMRHaQhJfe5TKU","google_primary_type":"cemetery","google_primary_type_label":"Cemetery","google_types":["cemetery","point_of_interest","service","establishment"],"google_maps_uri":"https://maps.google.com/?cid=11911099585619141661&g_mp=Cilnb29nbGUubWFwcy5wbGFjZXMudjEuUGxhY2VzLlNlYXJjaE5lYXJieRACGAQgAA","google_icon_mask_base_uri":"https://maps.gstatic.com/mapfiles/place_api/icons/v2/cemetery_pinlet","google_icon_background_color":"#7B9EB0","formatted_address":"2W45+9MJ, Tagudin - Cervantes - Sabangan Rd, Sabangan, Mountain Province, Philippines","business_status":"OPERATIONAL","rating":null,"user_rating_count":null,"barangay_slug":"supang","barangay_name":"Supang"},"geometry":{"type":"Point","coordinates":[120.90912759999998,17.0059649]}},{"type":"Feature","properties":{"name":"Barangay Hall","kind":"govt","kind_label":"Government","source":"google_places","google_place_id":"ChIJVVV6W9jUjzMRNqseFegEe3k","google_primary_type":"city_hall","google_primary_type_label":"City Hall","google_types":["city_hall","local_government_office","government_office","service","point_of_interest","establishment"],"google_maps_uri":"https://maps.google.com/?cid=8753595695557946166&g_mp=Cilnb29nbGUubWFwcy5wbGFjZXMudjEuUGxhY2VzLlNlYXJjaE5lYXJieRACGAQgAA","google_icon_mask_base_uri":"https://maps.gstatic.com/mapfiles/place_api/icons/v2/civic-bldg_pinlet","google_icon_background_color":"#7B9EB0","formatted_address":"2W35+VR9, Tagudin - Cervantes - Sabangan Rd, Sabangan, Mountain Province, Philippines","business_status":"OPERATIONAL","rating":null,"user_rating_count":null,"barangay_slug":"supang","barangay_name":"Supang"},"geometry":{"type":"Point","coordinates":[120.90960210000001,17.0046732]}},{"type":"Feature","properties":{"name":"Mountain Province Provincial Mobile Force Company","kind":"govt","kind_label":"Government","source":"google_places","google_place_id":"ChIJJWVSGokrjjMRIPn5fFmdwtI","google_primary_type":"government_office","google_primary_type_label":"Government Office","google_types":["government_office","point_of_interest","establishment"],"google_maps_uri":"https://maps.google.com/?cid=15186873901121141024&g_mp=Cilnb29nbGUubWFwcy5wbGFjZXMudjEuUGxhY2VzLlNlYXJjaE5lYXJieRACGAQgAA","google_icon_mask_base_uri":"https://maps.gstatic.com/mapfiles/place_api/icons/v2/civic-bldg_pinlet","google_icon_background_color":"#7B9EB0","formatted_address":"2V3V+6FF Locong, Supang, Sabangan, Mountain Province, Philippines","business_status":"OPERATIONAL","rating":5,"user_rating_count":1,"barangay_slug":"supang","barangay_name":"Supang"},"geometry":{"type":"Point","coordinates":[120.89367050000001,17.0030562]}},{"type":"Feature","properties":{"name":"Supang Dap-ay","kind":"govt","kind_label":"Government","source":"google_places","google_place_id":"ChIJwRtkS9jUjzMRqBi63ZQTSg8","google_primary_type":"government_office","google_primary_type_label":"Government Office","google_types":["government_office","service","point_of_interest","establishment"],"google_maps_uri":"https://maps.google.com/?cid=1101714588941555880&g_mp=Cilnb29nbGUubWFwcy5wbGFjZXMudjEuUGxhY2VzLlNlYXJjaE5lYXJieRACGAQgAA","google_icon_mask_base_uri":"https://maps.gstatic.com/mapfiles/place_api/icons/v2/civic-bldg_pinlet","google_icon_background_color":"#7B9EB0","formatted_address":"2W45+7J3, Supang Barangay Rd, Sabangan, Mountain Province, Philippines","business_status":"OPERATIONAL","rating":4,"user_rating_count":1,"barangay_slug":"supang","barangay_name":"Supang"},"geometry":{"type":"Point","coordinates":[120.9090322,17.0056257]}},{"type":"Feature","properties":{"name":"RCJ'S STORE","kind":"market","kind_label":"Market","source":"google_places","google_place_id":"ChIJO4GMl9nUjzMRFvCF27z-ddw","google_primary_type":"grocery_store","google_primary_type_label":"Grocery Store","google_types":["grocery_store","food_store","food","point_of_interest","store","establishment"],"google_maps_uri":"https://maps.google.com/?cid=15885883347709587478&g_mp=Cilnb29nbGUubWFwcy5wbGFjZXMudjEuUGxhY2VzLlNlYXJjaE5lYXJieRACGAQgAA","google_icon_mask_base_uri":"https://maps.gstatic.com/mapfiles/place_api/icons/v2/shoppingcart_pinlet","google_icon_background_color":"#4B96F3","formatted_address":"2W45+RQM, Tagudin - Cervantes - Sabangan Rd, Sabangan, Mountain Province, Philippines","business_status":"OPERATIONAL","rating":null,"user_rating_count":null,"barangay_slug":"supang","barangay_name":"Supang"},"geometry":{"type":"Point","coordinates":[120.90943530000001,17.007099699999998]}},{"type":"Feature","properties":{"name":"Supang Elementary School","kind":"school","kind_label":"School","source":"google_places","google_place_id":"ChIJybYiYNjUjzMRrChxdUwMwqc","google_primary_type":"primary_school","google_primary_type_label":"Elementary School","google_types":["primary_school","school","educational_institution","point_of_interest","establishment"],"google_maps_uri":"https://maps.google.com/?cid=12088237872343230636&g_mp=Cilnb29nbGUubWFwcy5wbGFjZXMudjEuUGxhY2VzLlNlYXJjaE5lYXJieRACGAQgAA","google_icon_mask_base_uri":"https://maps.gstatic.com/mapfiles/place_api/icons/v2/school_pinlet","google_icon_background_color":"#7B9EB0","formatted_address":"Supang, Tagudin - Cervantes - Sabangan Rd, Sabangan, Mountain Province, Philippines","business_status":"OPERATIONAL","rating":null,"user_rating_count":null,"barangay_slug":"supang","barangay_name":"Supang"},"geometry":{"type":"Point","coordinates":[120.9101274,17.004141999999998]}},{"type":"Feature","properties":{"name":"Alipudupod Valley","kind":"tourism","kind_label":"Tourism","source":"google_places","google_place_id":"ChIJe_Ibk-8rjjMR2yi4M_PObm0","google_primary_type":"tourist_attraction","google_primary_type_label":"Tourist Attraction","google_types":["tourist_attraction","point_of_interest","establishment"],"google_maps_uri":"https://maps.google.com/?cid=7885467541512399067&g_mp=Cilnb29nbGUubWFwcy5wbGFjZXMudjEuUGxhY2VzLlNlYXJjaE5lYXJieRACGAQgAA","google_icon_mask_base_uri":"https://maps.gstatic.com/mapfiles/place_api/icons/v2/generic_pinlet","google_icon_background_color":"#13B5C7","formatted_address":"2V4V+R6W, Sabangan, Mountain Province, Philippines","business_status":"OPERATIONAL","rating":5,"user_rating_count":1,"barangay_slug":"supang","barangay_name":"Supang"},"geometry":{"type":"Point","coordinates":[120.8930813,17.0071089]}},{"type":"Feature","properties":{"name":"Balalan Rice Terraces","kind":"tourism","kind_label":"Tourism","source":"google_places","google_place_id":"ChIJ54XH5j3VjzMR9p2ZDR0oZ4k","google_primary_type":"tourist_attraction","google_primary_type_label":"Tourist Attraction","google_types":["tourist_attraction","point_of_interest","establishment"],"google_maps_uri":"https://maps.google.com/?cid=9900926411044658678&g_mp=Cilnb29nbGUubWFwcy5wbGFjZXMudjEuUGxhY2VzLlNlYXJjaE5lYXJieRACGAQgAA","google_icon_mask_base_uri":"https://maps.gstatic.com/mapfiles/place_api/icons/v2/generic_pinlet","google_icon_background_color":"#13B5C7","formatted_address":"2V5W+99W, Sabangan, Mountain Province, Philippines","business_status":"OPERATIONAL","rating":5,"user_rating_count":1,"barangay_slug":"supang","barangay_name":"Supang"},"geometry":{"type":"Point","coordinates":[120.8959419,17.0084962]}},{"type":"Feature","properties":{"name":"Bugnay Transient","kind":"tourism","kind_label":"Tourism","source":"google_places","google_place_id":"ChIJ0axbMADVjzMR9Trv7VafM_Q","google_primary_type":"private_guest_room","google_primary_type_label":"Homestay","google_types":["private_guest_room","lodging","point_of_interest","establishment"],"google_maps_uri":"https://maps.google.com/?cid=17596583364774542069&g_mp=Cilnb29nbGUubWFwcy5wbGFjZXMudjEuUGxhY2VzLlNlYXJjaE5lYXJieRACGAQgAA","google_icon_mask_base_uri":"https://maps.gstatic.com/mapfiles/place_api/icons/v2/hotel_pinlet","google_icon_background_color":"#909CE1","formatted_address":"2W58+G43, Tagudin - Cervantes - Sabangan Rd, Sabangan, Mountain Province, Philippines","business_status":"OPERATIONAL","rating":null,"user_rating_count":null,"barangay_slug":"supang","barangay_name":"Supang"},"geometry":{"type":"Point","coordinates":[120.9153037,17.0087539]}},{"type":"Feature","properties":{"name":"Dontog","kind":"tourism","kind_label":"Tourism","source":"google_places","google_place_id":"ChIJVW-QUhrVjzMRBdupvOmBmfk","google_primary_type":"park","google_primary_type_label":"Park","google_types":["park","point_of_interest","establishment"],"google_maps_uri":"https://maps.google.com/?cid=17985549427773397765&g_mp=Cilnb29nbGUubWFwcy5wbGFjZXMudjEuUGxhY2VzLlNlYXJjaE5lYXJieRACGAQgAA","google_icon_mask_base_uri":"https://maps.gstatic.com/mapfiles/place_api/icons/v2/tree_pinlet","google_icon_background_color":"#4DB546","formatted_address":"2W44+VP, Sabangan, Mountain Province, Philippines","business_status":"OPERATIONAL","rating":null,"user_rating_count":null,"barangay_slug":"supang","barangay_name":"Supang"},"geometry":{"type":"Point","coordinates":[120.90684189999999,17.0071501]}},{"type":"Feature","properties":{"name":"SUPANG CITY","kind":"tourism","kind_label":"Tourism","source":"google_places","google_place_id":"ChIJhaQbRwDVjzMRfpugyvQe-d0","google_primary_type":"tourist_attraction","google_primary_type_label":"Tourist Attraction","google_types":["tourist_attraction","point_of_interest","establishment"],"google_maps_uri":"https://maps.google.com/?cid=15994849588303403902&g_mp=Cilnb29nbGUubWFwcy5wbGFjZXMudjEuUGxhY2VzLlNlYXJjaE5lYXJieRACGAQgAA","google_icon_mask_base_uri":"https://maps.gstatic.com/mapfiles/place_api/icons/v2/generic_pinlet","google_icon_background_color":"#13B5C7","formatted_address":"2W33+WC7, Supang, Sabangan, Mountain Province, Philippines","business_status":"OPERATIONAL","rating":null,"user_rating_count":null,"barangay_slug":"supang","barangay_name":"Supang"},"geometry":{"type":"Point","coordinates":[120.903555,17.0047969]}},{"type":"Feature","properties":{"name":"Annunciation Mission","kind":"worship","kind_label":"Worship","source":"google_places","google_place_id":"ChIJkScnc9fUjzMRrmAZKLL704E","google_primary_type":"church","google_primary_type_label":"Church","google_types":["church","place_of_worship","association_or_organization","point_of_interest","establishment"],"google_maps_uri":"https://maps.google.com/?cid=9355097593574154414&g_mp=Cilnb29nbGUubWFwcy5wbGFjZXMudjEuUGxhY2VzLlNlYXJjaE5lYXJieRACGAQgAA","google_icon_mask_base_uri":"https://maps.gstatic.com/mapfiles/place_api/icons/v2/worship_christian_pinlet","google_icon_background_color":"#7B9EB0","formatted_address":"2W44+P93, Tagudin - Cervantes - Sabangan Rd, Sabangan, Mountain Province, Philippines","business_status":"OPERATIONAL","rating":5,"user_rating_count":1,"barangay_slug":"supang","barangay_name":"Supang"},"geometry":{"type":"Point","coordinates":[120.90592609999999,17.006752199999998]}},{"type":"Feature","properties":{"name":"Penticostal Church, Bebe-an, Supang","kind":"worship","kind_label":"Worship","source":"google_places","google_place_id":"ChIJ0fEiNgzVjzMR5WCfBsqZhAg","google_primary_type":"church","google_primary_type_label":"Church","google_types":["church","place_of_worship","association_or_organization","point_of_interest","establishment"],"google_maps_uri":"https://maps.google.com/?cid=613784542202781925&g_mp=Cilnb29nbGUubWFwcy5wbGFjZXMudjEuUGxhY2VzLlNlYXJjaE5lYXJieRACGAQgAA","google_icon_mask_base_uri":"https://maps.gstatic.com/mapfiles/place_api/icons/v2/worship_christian_pinlet","google_icon_background_color":"#7B9EB0","formatted_address":"2W45+77, Sabangan, Mountain Province, Philippines","business_status":"OPERATIONAL","rating":null,"user_rating_count":null,"barangay_slug":"supang","barangay_name":"Supang"},"geometry":{"type":"Point","coordinates":[120.90813050000001,17.005728899999998]}},{"type":"Feature","properties":{"name":"Saint Mary Mother of Christ","kind":"worship","kind_label":"Worship","source":"google_places","google_place_id":"ChIJrzu0UADVjzMRXpgR3QUkvmg","google_primary_type":"church","google_primary_type_label":"Church","google_types":["church","place_of_worship","association_or_organization","point_of_interest","establishment"],"google_maps_uri":"https://maps.google.com/?cid=7547509633121884254&g_mp=Cilnb29nbGUubWFwcy5wbGFjZXMudjEuUGxhY2VzLlNlYXJjaE5lYXJieRACGAQgAA","google_icon_mask_base_uri":"https://maps.gstatic.com/mapfiles/place_api/icons/v2/worship_christian_pinlet","google_icon_background_color":"#7B9EB0","formatted_address":"2W35+VR9 Barangay Hall, Tagudin - Cervantes - Sabangan Rd, Sabangan, Mountain Province, Philippines","business_status":"OPERATIONAL","rating":null,"user_rating_count":null,"barangay_slug":"supang","barangay_name":"Supang"},"geometry":{"type":"Point","coordinates":[120.9097126,17.0045122]}},{"type":"Feature","properties":{"name":"Ambot’s Lechon","kind":"business","kind_label":"Business","source":"google_places","google_place_id":"ChIJvd77TQDVjzMRiHHMS0UtB2c","google_primary_type":"restaurant","google_primary_type_label":"Restaurant","google_types":["restaurant","food","point_of_interest","establishment"],"google_maps_uri":"https://maps.google.com/?cid=7423952286391234952&g_mp=Cilnb29nbGUubWFwcy5wbGFjZXMudjEuUGxhY2VzLlNlYXJjaE5lYXJieRACGAQgAA","google_icon_mask_base_uri":"https://maps.gstatic.com/mapfiles/place_api/icons/v2/restaurant_pinlet","google_icon_background_color":"#FF9E67","formatted_address":"58 Lower Tambingan, Sabangan, Mountain Province, Philippines","business_status":"OPERATIONAL","rating":5,"user_rating_count":1,"barangay_slug":"tambingan","barangay_name":"Tambingan"},"geometry":{"type":"Point","coordinates":[120.92607410000001,17.0104564]}},{"type":"Feature","properties":{"name":"Backstreet Eatery","kind":"business","kind_label":"Business","source":"google_places","google_place_id":"ChIJCxTRFAzVjzMRop_MfU1jleg","google_primary_type":"restaurant","google_primary_type_label":"Restaurant","google_types":["restaurant","food","point_of_interest","establishment"],"google_maps_uri":"https://maps.google.com/?cid=16759410772803362722&g_mp=Cilnb29nbGUubWFwcy5wbGFjZXMudjEuUGxhY2VzLlNlYXJjaE5lYXJieRACGAQgAA","google_icon_mask_base_uri":"https://maps.gstatic.com/mapfiles/place_api/icons/v2/restaurant_pinlet","google_icon_background_color":"#FF9E67","formatted_address":"Nacagang, 2W6F+MXC, Sabangan, Mountain Province, Philippines","business_status":"OPERATIONAL","rating":4,"user_rating_count":2,"barangay_slug":"tambingan","barangay_name":"Tambingan"},"geometry":{"type":"Point","coordinates":[120.924882,17.0116789]}},{"type":"Feature","properties":{"name":"BAYUDAN RESTAURANT AND COFFEE SHOP","kind":"business","kind_label":"Business","source":"google_places","google_place_id":"ChIJ64scBObUjzMRLV6xU0PXKVs","google_primary_type":"restaurant","google_primary_type_label":"Restaurant","google_types":["restaurant","food","point_of_interest","establishment"],"google_maps_uri":"https://maps.google.com/?cid=6569018215663492653&g_mp=Cilnb29nbGUubWFwcy5wbGFjZXMudjEuUGxhY2VzLlNlYXJjaE5lYXJieRACGAQgAA","google_icon_mask_base_uri":"https://maps.gstatic.com/mapfiles/place_api/icons/v2/restaurant_pinlet","google_icon_background_color":"#FF9E67","formatted_address":"2W6F+7MJ, Tagudin - Cervantes - Sabangan Rd, Sabangan, Mountain Province, Philippines","business_status":"OPERATIONAL","rating":null,"user_rating_count":null,"barangay_slug":"tambingan","barangay_name":"Tambingan"},"geometry":{"type":"Point","coordinates":[120.92414499999998,17.0107073]}},{"type":"Feature","properties":{"name":"Bureau Of Fire Protection","kind":"business","kind_label":"Business","source":"google_places","google_place_id":"ChIJ-SRtD-bUjzMRCEQ8rDohZe4","google_primary_type":"point_of_interest","google_primary_type_label":"Point of interest","google_types":["point_of_interest","establishment"],"google_maps_uri":"https://maps.google.com/?cid=17178172889556075528&g_mp=Cidnb29nbGUubWFwcy5wbGFjZXMudjEuUGxhY2VzLlNlYXJjaFRleHQQAhgEIAA","google_icon_mask_base_uri":"https://maps.gstatic.com/mapfiles/place_api/icons/v2/generic_pinlet","google_icon_background_color":"#7B9EB0","formatted_address":"2W6F+4JV, Tagudin - Cervantes - Sabangan Rd, Sabangan, Mountain Province, Philippines","business_status":"OPERATIONAL","rating":null,"user_rating_count":null,"barangay_slug":"tambingan","barangay_name":"Tambingan"},"geometry":{"type":"Point","coordinates":[120.92403750000001,17.0103679]}},{"type":"Feature","properties":{"name":"Cee’s Closet","kind":"business","kind_label":"Business","source":"google_places","google_place_id":"ChIJHcteeEfVjzMRMvnCuK6bWRU","google_primary_type":"clothing_store","google_primary_type_label":"Clothing Store","google_types":["clothing_store","store","point_of_interest","establishment"],"google_maps_uri":"https://maps.google.com/?cid=1538431922450135346&g_mp=Cilnb29nbGUubWFwcy5wbGFjZXMudjEuUGxhY2VzLlNlYXJjaE5lYXJieRACGAQgAA","google_icon_mask_base_uri":"https://maps.gstatic.com/mapfiles/place_api/icons/v2/shopping_pinlet","google_icon_background_color":"#4B96F3","formatted_address":"58 Tangad, Lower Tambingan, Sabangan, 2622 Mountain Province, Philippines","business_status":"OPERATIONAL","rating":null,"user_rating_count":null,"barangay_slug":"tambingan","barangay_name":"Tambingan"},"geometry":{"type":"Point","coordinates":[120.92607749999998,17.010543]}},{"type":"Feature","properties":{"name":"Darty Shop","kind":"business","kind_label":"Business","source":"google_places","google_place_id":"ChIJrTE8eyDVjzMR1WlVRQTy5Vs","google_primary_type":"sporting_goods_store","google_primary_type_label":"Sporting Goods Store","google_types":["sporting_goods_store","store","point_of_interest","establishment"],"google_maps_uri":"https://maps.google.com/?cid=6621964927275198933&g_mp=Cilnb29nbGUubWFwcy5wbGFjZXMudjEuUGxhY2VzLlNlYXJjaE5lYXJieRACGAQgAA","google_icon_mask_base_uri":"https://maps.gstatic.com/mapfiles/place_api/icons/v2/shopping_pinlet","google_icon_background_color":"#4B96F3","formatted_address":"2W6G+G9Q Nacagang Bridge, Sabangan, 2622 Mountain Province, Philippines","business_status":"OPERATIONAL","rating":null,"user_rating_count":null,"barangay_slug":"tambingan","barangay_name":"Tambingan"},"geometry":{"type":"Point","coordinates":[120.92598260000001,17.011325499999998]}},{"type":"Feature","properties":{"name":"Dawdawan Waitingshed","kind":"business","kind_label":"Business","source":"google_places","google_place_id":"ChIJS1qkkufUjzMR-6z70Y-UsMY","google_primary_type":"restaurant","google_primary_type_label":"Restaurant","google_types":["restaurant","food","point_of_interest","establishment"],"google_maps_uri":"https://maps.google.com/?cid=14317106560834972923&g_mp=Cilnb29nbGUubWFwcy5wbGFjZXMudjEuUGxhY2VzLlNlYXJjaE5lYXJieRACGAQgAA","google_icon_mask_base_uri":"https://maps.gstatic.com/mapfiles/place_api/icons/v2/restaurant_pinlet","google_icon_background_color":"#FF9E67","formatted_address":"2W69+6RC, Bagnen - Sabangan Rd, Sabangan, Mountain Province, Philippines","business_status":"OPERATIONAL","rating":4.5,"user_rating_count":2,"barangay_slug":"tambingan","barangay_name":"Tambingan"},"geometry":{"type":"Point","coordinates":[120.919515,17.010564]}},{"type":"Feature","properties":{"name":"Francine's Store","kind":"business","kind_label":"Business","source":"google_places","google_place_id":"ChIJv-DaVO_UjzMRwJvt1B_6WsM","google_primary_type":"point_of_interest","google_primary_type_label":"Point of interest","google_types":["point_of_interest","establishment"],"google_maps_uri":"https://maps.google.com/?cid=14076838599923178432&g_mp=Cidnb29nbGUubWFwcy5wbGFjZXMudjEuUGxhY2VzLlNlYXJjaFRleHQQAhgEIAA","google_icon_mask_base_uri":"https://maps.gstatic.com/mapfiles/place_api/icons/v2/generic_pinlet","google_icon_background_color":"#7B9EB0","formatted_address":"2W6F+FRP, Tagudin - Cervantes - Sabangan Rd, Sabangan, Mountain Province, Philippines","business_status":"OPERATIONAL","rating":null,"user_rating_count":null,"barangay_slug":"tambingan","barangay_name":"Tambingan"},"geometry":{"type":"Point","coordinates":[120.9245765,17.0112143]}},{"type":"Feature","properties":{"name":"Gxl Printing Lyeken´s Café And Mushroom House","kind":"business","kind_label":"Business","source":"google_places","google_place_id":"ChIJzVQBRO_UjzMRlcAXnMp5km4","google_primary_type":"cafe","google_primary_type_label":"Cafe","google_types":["cafe","point_of_interest","food","establishment"],"google_maps_uri":"https://maps.google.com/?cid=7967564601880985749&g_mp=Cilnb29nbGUubWFwcy5wbGFjZXMudjEuUGxhY2VzLlNlYXJjaE5lYXJieRACGAQgAA","google_icon_mask_base_uri":"https://maps.gstatic.com/mapfiles/place_api/icons/v2/cafe_pinlet","google_icon_background_color":"#FF9E67","formatted_address":"2W6G+P6Q, Tagudin - Cervantes - Sabangan Rd, Sabangan, Mountain Province, Philippines","business_status":"OPERATIONAL","rating":null,"user_rating_count":null,"barangay_slug":"tambingan","barangay_name":"Tambingan"},"geometry":{"type":"Point","coordinates":[120.92560040000001,17.011826900000003]}},{"type":"Feature","properties":{"name":"gyhah store","kind":"business","kind_label":"Business","source":"google_places","google_place_id":"ChIJYZ-VJYbVjzMR0YIj_DTKw3c","google_primary_type":"store","google_primary_type_label":"Store","google_types":["store","point_of_interest","establishment"],"google_maps_uri":"https://maps.google.com/?cid=8629963639889298129&g_mp=Cilnb29nbGUubWFwcy5wbGFjZXMudjEuUGxhY2VzLlNlYXJjaE5lYXJieRACGAQgAA","google_icon_mask_base_uri":"https://maps.gstatic.com/mapfiles/place_api/icons/v2/shopping_pinlet","google_icon_background_color":"#4B96F3","formatted_address":"proper, Sabangan, 2622 Mountain Province, Philippines","business_status":"OPERATIONAL","rating":null,"user_rating_count":null,"barangay_slug":"tambingan","barangay_name":"Tambingan"},"geometry":{"type":"Point","coordinates":[120.927391,17.0131736]}},{"type":"Feature","properties":{"name":"Il-Lengan Eatery","kind":"business","kind_label":"Business","source":"google_places","google_place_id":"ChIJayCgRu_UjzMRLkfPOWf5CGk","google_primary_type":"restaurant","google_primary_type_label":"Restaurant","google_types":["restaurant","point_of_interest","food","establishment"],"google_maps_uri":"https://maps.google.com/?cid=7568573395542951726&g_mp=Cilnb29nbGUubWFwcy5wbGFjZXMudjEuUGxhY2VzLlNlYXJjaE5lYXJieRACGAQgAA","google_icon_mask_base_uri":"https://maps.gstatic.com/mapfiles/place_api/icons/v2/restaurant_pinlet","google_icon_background_color":"#FF9E67","formatted_address":"Sabangan, Mountain Province, Philippines","business_status":"OPERATIONAL","rating":null,"user_rating_count":null,"barangay_slug":"tambingan","barangay_name":"Tambingan"},"geometry":{"type":"Point","coordinates":[120.9255083,17.011850199999998]}},{"type":"Feature","properties":{"name":"JLP-Graphics Printing Services","kind":"business","kind_label":"Business","source":"google_places","google_place_id":"ChIJlVKEwebVjzMRF302WjoB200","google_primary_type":"manufacturer","google_primary_type_label":"Manufacturer","google_types":["manufacturer","store","service","point_of_interest","establishment"],"google_maps_uri":"https://maps.google.com/?cid=5610079110953336087&g_mp=Cilnb29nbGUubWFwcy5wbGFjZXMudjEuUGxhY2VzLlNlYXJjaE5lYXJieRACGAQgAA","google_icon_mask_base_uri":"https://maps.gstatic.com/mapfiles/place_api/icons/v2/shopping_pinlet","google_icon_background_color":"#4B96F3","formatted_address":"2W6G+G9Q Nacagang Bridge, Tambingan, Sabangan, Mountain Province, Philippines","business_status":"OPERATIONAL","rating":5,"user_rating_count":1,"barangay_slug":"tambingan","barangay_name":"Tambingan"},"geometry":{"type":"Point","coordinates":[120.92598260000001,17.011325499999998]}},{"type":"Feature","properties":{"name":"KAZAS Cafe and Restaurant","kind":"business","kind_label":"Business","source":"google_places","google_place_id":"ChIJqbYesBrVjzMRYR7HiKThpHI","google_primary_type":"restaurant","google_primary_type_label":"Restaurant","google_types":["restaurant","point_of_interest","food","establishment"],"google_maps_uri":"https://maps.google.com/?cid=8260975713289969249&g_mp=Cilnb29nbGUubWFwcy5wbGFjZXMudjEuUGxhY2VzLlNlYXJjaE5lYXJieRACGAQgAA","google_icon_mask_base_uri":"https://maps.gstatic.com/mapfiles/place_api/icons/v2/restaurant_pinlet","google_icon_background_color":"#FF9E67","formatted_address":"Tangad, Lower Tambingan, Sabngan, 2622 Mountain Province, Philippines","business_status":"OPERATIONAL","rating":null,"user_rating_count":null,"barangay_slug":"tambingan","barangay_name":"Tambingan"},"geometry":{"type":"Point","coordinates":[120.926066,17.010465099999998]}},{"type":"Feature","properties":{"name":"MIRIAM DRY GOODS","kind":"business","kind_label":"Business","source":"google_places","google_place_id":"ChIJzXIxYe_UjzMRZV0CYrfb-tE","google_primary_type":"clothing_store","google_primary_type_label":"Clothing Store","google_types":["clothing_store","store","point_of_interest","establishment"],"google_maps_uri":"https://maps.google.com/?cid=15130647478774422885&g_mp=Cilnb29nbGUubWFwcy5wbGFjZXMudjEuUGxhY2VzLlNlYXJjaE5lYXJieRACGAQgAA","google_icon_mask_base_uri":"https://maps.gstatic.com/mapfiles/place_api/icons/v2/shopping_pinlet","google_icon_background_color":"#4B96F3","formatted_address":"Sabangan, Mountain Province, Philippines","business_status":"OPERATIONAL","rating":null,"user_rating_count":null,"barangay_slug":"tambingan","barangay_name":"Tambingan"},"geometry":{"type":"Point","coordinates":[120.926194,17.011046300000004]}},{"type":"Feature","properties":{"name":"Nacagang Day Care Center","kind":"business","kind_label":"Business","source":"google_places","google_place_id":"ChIJ2xscWe_UjzMRNKtC8-MrcaY","google_primary_type":"child_care_agency","google_primary_type_label":"Child Care Agency","google_types":["child_care_agency","service","point_of_interest","establishment"],"google_maps_uri":"https://maps.google.com/?cid=11993415540703144756&g_mp=Cidnb29nbGUubWFwcy5wbGFjZXMudjEuUGxhY2VzLlNlYXJjaFRleHQQAhgEIAA","google_icon_mask_base_uri":"https://maps.gstatic.com/mapfiles/place_api/icons/v2/school_pinlet","google_icon_background_color":"#7B9EB0","formatted_address":"2W6G+C5F, Halsema Highway, Sabangan, Mountain Province, Philippines","business_status":"OPERATIONAL","rating":3,"user_rating_count":1,"barangay_slug":"tambingan","barangay_name":"Tambingan"},"geometry":{"type":"Point","coordinates":[120.925434,17.0110703]}},{"type":"Feature","properties":{"name":"Nacagang Junction","kind":"business","kind_label":"Business","source":"google_places","google_place_id":"ChIJb7yxXO_UjzMRPFMFFiTBDpo","google_primary_type":"point_of_interest","google_primary_type_label":"Point of interest","google_types":["point_of_interest","establishment"],"google_maps_uri":"https://maps.google.com/?cid=11101022492247282492&g_mp=Cidnb29nbGUubWFwcy5wbGFjZXMudjEuUGxhY2VzLlNlYXJjaFRleHQQAhgEIAA","google_icon_mask_base_uri":"https://maps.gstatic.com/mapfiles/place_api/icons/v2/generic_pinlet","google_icon_background_color":"#7B9EB0","formatted_address":"Halsema Highway, Sabangan, Mountain Province, Philippines","business_status":"OPERATIONAL","rating":4,"user_rating_count":3,"barangay_slug":"tambingan","barangay_name":"Tambingan"},"geometry":{"type":"Point","coordinates":[120.92564999999999,17.011465299999998]}},{"type":"Feature","properties":{"name":"Nacagang Mini Eatery","kind":"business","kind_label":"Business","source":"google_places","google_place_id":"ChIJhb6kRu_UjzMRcnl22lqumhE","google_primary_type":"restaurant","google_primary_type_label":"Restaurant","google_types":["restaurant","food","point_of_interest","establishment"],"google_maps_uri":"https://maps.google.com/?cid=1268517950293703026&g_mp=Cilnb29nbGUubWFwcy5wbGFjZXMudjEuUGxhY2VzLlNlYXJjaE5lYXJieRACGAQgAA","google_icon_mask_base_uri":"https://maps.gstatic.com/mapfiles/place_api/icons/v2/restaurant_pinlet","google_icon_background_color":"#FF9E67","formatted_address":"2W6G+Q63, Tagudin - Cervantes - Sabangan Rd, Sabangan, Mountain Province, Philippines","business_status":"OPERATIONAL","rating":4,"user_rating_count":2,"barangay_slug":"tambingan","barangay_name":"Tambingan"},"geometry":{"type":"Point","coordinates":[120.9255441,17.0118927]}},{"type":"Feature","properties":{"name":"Noemi's Eatery","kind":"business","kind_label":"Business","source":"google_places","google_place_id":"ChIJMUufk-XUjzMRSQZs0VTVJjU","google_primary_type":"restaurant","google_primary_type_label":"Restaurant","google_types":["restaurant","food","point_of_interest","establishment"],"google_maps_uri":"https://maps.google.com/?cid=3829983093392672329&g_mp=Cilnb29nbGUubWFwcy5wbGFjZXMudjEuUGxhY2VzLlNlYXJjaE5lYXJieRACGAQgAA","google_icon_mask_base_uri":"https://maps.gstatic.com/mapfiles/place_api/icons/v2/restaurant_pinlet","google_icon_background_color":"#FF9E67","formatted_address":"Sabangan, Mountain Province, Philippines","business_status":"OPERATIONAL","rating":null,"user_rating_count":null,"barangay_slug":"tambingan","barangay_name":"Tambingan"},"geometry":{"type":"Point","coordinates":[120.92613879999999,17.009836699999997]}},{"type":"Feature","properties":{"name":"Paul and Sepa's Eatery","kind":"business","kind_label":"Business","source":"google_places","google_place_id":"ChIJZyKIZu_UjzMRUXTRTQtetps","google_primary_type":"restaurant","google_primary_type_label":"Restaurant","google_types":["restaurant","point_of_interest","food","establishment"],"google_maps_uri":"https://maps.google.com/?cid=11220258924283393105&g_mp=Cilnb29nbGUubWFwcy5wbGFjZXMudjEuUGxhY2VzLlNlYXJjaE5lYXJieRACGAQgAA","google_icon_mask_base_uri":"https://maps.gstatic.com/mapfiles/place_api/icons/v2/restaurant_pinlet","google_icon_background_color":"#FF9E67","formatted_address":"2W6G+FHM, Halsema Highway, Sabangan, Mountain Province, Philippines","business_status":"OPERATIONAL","rating":3,"user_rating_count":1,"barangay_slug":"tambingan","barangay_name":"Tambingan"},"geometry":{"type":"Point","coordinates":[120.92643389999998,17.011214799999998]}},{"type":"Feature","properties":{"name":"Poblacion Cemetery","kind":"business","kind_label":"Business","source":"google_places","google_place_id":"ChIJ2ZSYk-bUjzMRXOkvQaY300M","google_primary_type":"cemetery","google_primary_type_label":"Cemetery","google_types":["cemetery","point_of_interest","service","establishment"],"google_maps_uri":"https://maps.google.com/?cid=4887311207824877916&g_mp=Cilnb29nbGUubWFwcy5wbGFjZXMudjEuUGxhY2VzLlNlYXJjaE5lYXJieRACGAQgAA","google_icon_mask_base_uri":"https://maps.gstatic.com/mapfiles/place_api/icons/v2/cemetery_pinlet","google_icon_background_color":"#7B9EB0","formatted_address":"2W5F+HQ3, Halsema Highway, Sabangan, Mountain Province, Philippines","business_status":"OPERATIONAL","rating":3,"user_rating_count":1,"barangay_slug":"tambingan","barangay_name":"Tambingan"},"geometry":{"type":"Point","coordinates":[120.9244108,17.0088786]}},{"type":"Feature","properties":{"name":"RAFAEL'S LECHON MANOK & MEAT BOOTH","kind":"business","kind_label":"Business","source":"google_places","google_place_id":"ChIJZe9hU-_UjzMRitPboXYr8nI","google_primary_type":"restaurant","google_primary_type_label":"Restaurant","google_types":["restaurant","point_of_interest","food","establishment"],"google_maps_uri":"https://maps.google.com/?cid=8282730453209437066&g_mp=Cilnb29nbGUubWFwcy5wbGFjZXMudjEuUGxhY2VzLlNlYXJjaE5lYXJieRACGAQgAA","google_icon_mask_base_uri":"https://maps.gstatic.com/mapfiles/place_api/icons/v2/restaurant_pinlet","google_icon_background_color":"#FF9E67","formatted_address":"2W6F+GVJ, Tagudin - Cervantes - Sabangan Rd, Sabangan, Mountain Province, Philippines","business_status":"OPERATIONAL","rating":null,"user_rating_count":null,"barangay_slug":"tambingan","barangay_name":"Tambingan"},"geometry":{"type":"Point","coordinates":[120.92463,17.0113369]}},{"type":"Feature","properties":{"name":"Rock-J Paint Center","kind":"business","kind_label":"Business","source":"google_places","google_place_id":"ChIJY9VgVdfVjzMRi-1q11YqeGg","google_primary_type":"building_materials_store","google_primary_type_label":"Building Materials Store","google_types":["building_materials_store","home_goods_store","store","point_of_interest","establishment"],"google_maps_uri":"https://maps.google.com/?cid=7527813329619447179&g_mp=Cilnb29nbGUubWFwcy5wbGFjZXMudjEuUGxhY2VzLlNlYXJjaE5lYXJieRACGAQgAA","google_icon_mask_base_uri":"https://maps.gstatic.com/mapfiles/place_api/icons/v2/shopping_pinlet","google_icon_background_color":"#4B96F3","formatted_address":"Nacagang Bridge, Sabangan, 2622 Mountain Province, Philippines","business_status":"OPERATIONAL","rating":null,"user_rating_count":null,"barangay_slug":"tambingan","barangay_name":"Tambingan"},"geometry":{"type":"Point","coordinates":[120.92598260000001,17.011325499999998]}},{"type":"Feature","properties":{"name":"Rural Bank of Sagada","kind":"business","kind_label":"Business","source":"google_places","google_place_id":"ChIJm_QmXO_UjzMRZc0kUq7_JcY","google_primary_type":"bank","google_primary_type_label":"Bank","google_types":["bank","finance","point_of_interest","establishment"],"google_maps_uri":"https://maps.google.com/?cid=14278099317815561573&g_mp=Cilnb29nbGUubWFwcy5wbGFjZXMudjEuUGxhY2VzLlNlYXJjaE5lYXJieRACGAQgAA","google_icon_mask_base_uri":"https://maps.gstatic.com/mapfiles/place_api/icons/v2/bank-intl_pinlet","google_icon_background_color":"#909CE1","formatted_address":"L/G, Dominguez Building, Lansangang Halsema, Sabangan, 2622 Lalawigang Bulubundukin, Philippines","business_status":"OPERATIONAL","rating":null,"user_rating_count":null,"barangay_slug":"tambingan","barangay_name":"Tambingan"},"geometry":{"type":"Point","coordinates":[120.9256649,17.0113046]}},{"type":"Feature","properties":{"name":"SABANGAN","kind":"business","kind_label":"Business","source":"google_places","google_place_id":"ChIJ_ZF0ALjVjzMRbemcgdznDAE","google_primary_type":"cemetery","google_primary_type_label":"Cemetery","google_types":["cemetery","point_of_interest","service","establishment"],"google_maps_uri":"https://maps.google.com/?cid=75690228011821421&g_mp=Cilnb29nbGUubWFwcy5wbGFjZXMudjEuUGxhY2VzLlNlYXJjaE5lYXJieRACGAQgAA","google_icon_mask_base_uri":"https://maps.gstatic.com/mapfiles/place_api/icons/v2/cemetery_pinlet","google_icon_background_color":"#7B9EB0","formatted_address":"2W5F+MVR, Sabangan, Mountain Province, Philippines","business_status":"OPERATIONAL","rating":4.5,"user_rating_count":2,"barangay_slug":"tambingan","barangay_name":"Tambingan"},"geometry":{"type":"Point","coordinates":[120.9246358,17.0092396]}},{"type":"Feature","properties":{"name":"Saydawan's Café and Restaurant","kind":"business","kind_label":"Business","source":"google_places","google_place_id":"ChIJpXTvXu_UjzMRFoodLl0zlSQ","google_primary_type":"restaurant","google_primary_type_label":"Restaurant","google_types":["restaurant","food","point_of_interest","establishment"],"google_maps_uri":"https://maps.google.com/?cid=2636069632193956374&g_mp=Cilnb29nbGUubWFwcy5wbGFjZXMudjEuUGxhY2VzLlNlYXJjaE5lYXJieRACGAQgAA","google_icon_mask_base_uri":"https://maps.gstatic.com/mapfiles/place_api/icons/v2/restaurant_pinlet","google_icon_background_color":"#FF9E67","formatted_address":"2/F, Dominguez Builidng, Lansangang Halsema, Sabangan, 2622 Lalawigang Bulubundukin, Philippines","business_status":"OPERATIONAL","rating":4,"user_rating_count":4,"barangay_slug":"tambingan","barangay_name":"Tambingan"},"geometry":{"type":"Point","coordinates":[120.9255485,17.011135499999998]}},{"type":"Feature","properties":{"name":"Sevens eatery Kambingan Mami Arozkaldo","kind":"business","kind_label":"Business","source":"google_places","google_place_id":"ChIJabcQQwDVjzMRIeRExQbv6SY","google_primary_type":"filipino_restaurant","google_primary_type_label":"Filipino Restaurant","google_types":["filipino_restaurant","restaurant","point_of_interest","food","establishment"],"google_maps_uri":"https://maps.google.com/?cid=2804035055373313057&g_mp=Cilnb29nbGUubWFwcy5wbGFjZXMudjEuUGxhY2VzLlNlYXJjaE5lYXJieRACGAQgAA","google_icon_mask_base_uri":"https://maps.gstatic.com/mapfiles/place_api/icons/v2/restaurant_pinlet","google_icon_background_color":"#FF9E67","formatted_address":"2W6G+7C7, Halsema Highway, Sabangan, Mountain Province, Philippines","business_status":"OPERATIONAL","rating":5,"user_rating_count":1,"barangay_slug":"tambingan","barangay_name":"Tambingan"},"geometry":{"type":"Point","coordinates":[120.9261192,17.0106421]}},{"type":"Feature","properties":{"name":"Tambingan Day Care Center","kind":"business","kind_label":"Business","source":"google_places","google_place_id":"ChIJZec7jpDUjzMR9spWdE08OP8","google_primary_type":"child_care_agency","google_primary_type_label":"Child Care Agency","google_types":["child_care_agency","point_of_interest","service","establishment"],"google_maps_uri":"https://maps.google.com/?cid=18390515381729413878&g_mp=Cidnb29nbGUubWFwcy5wbGFjZXMudjEuUGxhY2VzLlNlYXJjaFRleHQQAhgEIAA","google_icon_mask_base_uri":"https://maps.gstatic.com/mapfiles/place_api/icons/v2/school_pinlet","google_icon_background_color":"#7B9EB0","formatted_address":"2WJG+8PF, Sabangan, 2622 Mountain Province, Philippines","business_status":"OPERATIONAL","rating":3,"user_rating_count":1,"barangay_slug":"tambingan","barangay_name":"Tambingan"},"geometry":{"type":"Point","coordinates":[120.92680209999999,17.0308225]}},{"type":"Feature","properties":{"name":"Tri King's Extention Eatery","kind":"business","kind_label":"Business","source":"google_places","google_place_id":"ChIJYdKVkufUjzMRAdglJGGGRQw","google_primary_type":"restaurant","google_primary_type_label":"Restaurant","google_types":["restaurant","point_of_interest","food","establishment"],"google_maps_uri":"https://maps.google.com/?cid=884260653624580097&g_mp=Cilnb29nbGUubWFwcy5wbGFjZXMudjEuUGxhY2VzLlNlYXJjaE5lYXJieRACGAQgAA","google_icon_mask_base_uri":"https://maps.gstatic.com/mapfiles/place_api/icons/v2/restaurant_pinlet","google_icon_background_color":"#FF9E67","formatted_address":"2W69+5RG, Tagudin - Cervantes - Sabangan Rd, Sabangan, Mountain Province, Philippines","business_status":"OPERATIONAL","rating":null,"user_rating_count":null,"barangay_slug":"tambingan","barangay_name":"Tambingan"},"geometry":{"type":"Point","coordinates":[120.91956979999999,17.0104459]}},{"type":"Feature","properties":{"name":"TriKings Resto","kind":"business","kind_label":"Business","source":"google_places","google_place_id":"ChIJZbRihJ3VjzMRZmyo7eOA5Zg","google_primary_type":"diner","google_primary_type_label":"Diner","google_types":["diner","restaurant","food","point_of_interest","establishment"],"google_maps_uri":"https://maps.google.com/?cid=11017353779864956006&g_mp=Cilnb29nbGUubWFwcy5wbGFjZXMudjEuUGxhY2VzLlNlYXJjaE5lYXJieRACGAQgAA","google_icon_mask_base_uri":"https://maps.gstatic.com/mapfiles/place_api/icons/v2/restaurant_pinlet","google_icon_background_color":"#FF9E67","formatted_address":"2W6G+M66, Sabangan, Mountain Province, Philippines","business_status":"OPERATIONAL","rating":null,"user_rating_count":null,"barangay_slug":"tambingan","barangay_name":"Tambingan"},"geometry":{"type":"Point","coordinates":[120.9255037,17.011674499999998]}},{"type":"Feature","properties":{"name":"Tripple A's Bulalo and Papaitan","kind":"business","kind_label":"Business","source":"google_places","google_place_id":"ChIJibAHyaPVjzMRAxhPtPemh-g","google_primary_type":"restaurant","google_primary_type_label":"Restaurant","google_types":["restaurant","food","point_of_interest","establishment"],"google_maps_uri":"https://maps.google.com/?cid=16755544521467435011&g_mp=Cilnb29nbGUubWFwcy5wbGFjZXMudjEuUGxhY2VzLlNlYXJjaE5lYXJieRACGAQgAA","google_icon_mask_base_uri":"https://maps.gstatic.com/mapfiles/place_api/icons/v2/restaurant_pinlet","google_icon_background_color":"#FF9E67","formatted_address":"2W6F+HV3, Tagudin - Cervantes - Sabangan Rd, Sabangan, Mountain Province, Philippines","business_status":"OPERATIONAL","rating":3.5,"user_rating_count":2,"barangay_slug":"tambingan","barangay_name":"Tambingan"},"geometry":{"type":"Point","coordinates":[120.9246735,17.011395]}},{"type":"Feature","properties":{"name":"Value Village Thrift Shop Wholesale And Retail","kind":"business","kind_label":"Business","source":"google_places","google_place_id":"ChIJs1f1RO_UjzMRA4cq0Wch8Ko","google_primary_type":"discount_store","google_primary_type_label":"Discount Store","google_types":["discount_store","store","point_of_interest","establishment"],"google_maps_uri":"https://maps.google.com/?cid=12317381710632879875&g_mp=Cilnb29nbGUubWFwcy5wbGFjZXMudjEuUGxhY2VzLlNlYXJjaE5lYXJieRACGAQgAA","google_icon_mask_base_uri":"https://maps.gstatic.com/mapfiles/place_api/icons/v2/shopping_pinlet","google_icon_background_color":"#4B96F3","formatted_address":"2W6G+M6C, Tagudin - Cervantes - Sabangan Rd, Sabangan, Mountain Province, Philippines","business_status":"OPERATIONAL","rating":null,"user_rating_count":null,"barangay_slug":"tambingan","barangay_name":"Tambingan"},"geometry":{"type":"Point","coordinates":[120.9255059,17.0116802]}},{"type":"Feature","properties":{"name":"western union","kind":"business","kind_label":"Business","source":"google_places","google_place_id":"ChIJk_lTWe_UjzMR_NSM4Fq9lAg","google_primary_type":"bank","google_primary_type_label":"Bank","google_types":["bank","finance","point_of_interest","establishment"],"google_maps_uri":"https://maps.google.com/?cid=618327246868632828&g_mp=Cilnb29nbGUubWFwcy5wbGFjZXMudjEuUGxhY2VzLlNlYXJjaE5lYXJieRACGAQgAA","google_icon_mask_base_uri":"https://maps.gstatic.com/mapfiles/place_api/icons/v2/bank-intl_pinlet","google_icon_background_color":"#909CE1","formatted_address":"2W6G+F68, Halsema Highway, Sabangan, Mountain Province, Philippines","business_status":"OPERATIONAL","rating":null,"user_rating_count":null,"barangay_slug":"tambingan","barangay_name":"Tambingan"},"geometry":{"type":"Point","coordinates":[120.92557759999998,17.011153699999998]}},{"type":"Feature","properties":{"name":"Pharmacy Nacagang","kind":"clinic","kind_label":"Clinic","source":"google_places","google_place_id":"ChIJF34-XO_UjzMR7VM9vawZyxU","google_primary_type":"pharmacy","google_primary_type_label":"Pharmacy","google_types":["pharmacy","health","store","point_of_interest","establishment"],"google_maps_uri":"https://maps.google.com/?cid=1570377124768732141&g_mp=Cilnb29nbGUubWFwcy5wbGFjZXMudjEuUGxhY2VzLlNlYXJjaE5lYXJieRACGAQgAA","google_icon_mask_base_uri":"https://maps.gstatic.com/mapfiles/place_api/icons/v2/pharmacy_pinlet","google_icon_background_color":"#F88181","formatted_address":"2W6G+F64, Halsema Highway, Sabangan, Mountain Province, Philippines","business_status":"OPERATIONAL","rating":null,"user_rating_count":null,"barangay_slug":"tambingan","barangay_name":"Tambingan"},"geometry":{"type":"Point","coordinates":[120.9255722,17.0111293]}},{"type":"Feature","properties":{"name":"CENRO-DENR Office Sabangan","kind":"govt","kind_label":"Government","source":"google_places","google_place_id":"ChIJd9EBb-_UjzMRANFV6KT49og","google_primary_type":"government_office","google_primary_type_label":"Government Office","google_types":["government_office","point_of_interest","establishment"],"google_maps_uri":"https://maps.google.com/?cid=9869349020585283840&g_mp=Cilnb29nbGUubWFwcy5wbGFjZXMudjEuUGxhY2VzLlNlYXJjaE5lYXJieRACGAQgAA","google_icon_mask_base_uri":"https://maps.gstatic.com/mapfiles/place_api/icons/v2/civic-bldg_pinlet","google_icon_background_color":"#7B9EB0","formatted_address":"2W6G+JJ3 Nacagang Bridge, Sabangan Bridge, Sabangan, Mountain Province, Philippines","business_status":"OPERATIONAL","rating":null,"user_rating_count":null,"barangay_slug":"tambingan","barangay_name":"Tambingan"},"geometry":{"type":"Point","coordinates":[120.9265447,17.011511499999997]}},{"type":"Feature","properties":{"name":"Tambingan Barangay Hall-Nacagang","kind":"govt","kind_label":"Government","source":"google_places","google_place_id":"ChIJ___WW-_UjzMRrUKlJMwpp38","google_primary_type":"city_hall","google_primary_type_label":"City Hall","google_types":["city_hall","local_government_office","government_office","point_of_interest","service","establishment"],"google_maps_uri":"https://maps.google.com/?cid=9198366720692404909&g_mp=Cilnb29nbGUubWFwcy5wbGFjZXMudjEuUGxhY2VzLlNlYXJjaE5lYXJieRACGAQgAA","google_icon_mask_base_uri":"https://maps.gstatic.com/mapfiles/place_api/icons/v2/civic-bldg_pinlet","google_icon_background_color":"#7B9EB0","formatted_address":"2W6G+F5P, Halsema Highway, Sabangan, Mountain Province, Philippines","business_status":"OPERATIONAL","rating":null,"user_rating_count":null,"barangay_slug":"tambingan","barangay_name":"Tambingan"},"geometry":{"type":"Point","coordinates":[120.9254519,17.0112067]}},{"type":"Feature","properties":{"name":"Tambingan New Barangay Hall","kind":"govt","kind_label":"Government","source":"google_places","google_place_id":"ChIJEctNfwDVjzMR6P8IMbdAog8","google_primary_type":"government_office","google_primary_type_label":"Government Office","google_types":["government_office","point_of_interest","establishment"],"google_maps_uri":"https://maps.google.com/?cid=1126534012341911528&g_mp=Cilnb29nbGUubWFwcy5wbGFjZXMudjEuUGxhY2VzLlNlYXJjaE5lYXJieRACGAQgAA","google_icon_mask_base_uri":"https://maps.gstatic.com/mapfiles/place_api/icons/v2/civic-bldg_pinlet","google_icon_background_color":"#7B9EB0","formatted_address":"2W7H+58F, Sabangan, Mountain Province, Philippines","business_status":"OPERATIONAL","rating":null,"user_rating_count":null,"barangay_slug":"tambingan","barangay_name":"Tambingan"},"geometry":{"type":"Point","coordinates":[120.9283036,17.0129473]}},{"type":"Feature","properties":{"name":"TESDA Cordillera State Institute of Technical Education Mountain Province Campus (Formerly Provincial Training Center)","kind":"govt","kind_label":"Government","source":"google_places","google_place_id":"ChIJiYLfVu7UjzMR_8wN3p7m3pQ","google_primary_type":"educational_institution","google_primary_type_label":"Educational Institution","google_types":["government_office","educational_institution","point_of_interest","establishment"],"google_maps_uri":"https://maps.google.com/?cid=10727264932447767807&g_mp=Cilnb29nbGUubWFwcy5wbGFjZXMudjEuUGxhY2VzLlNlYXJjaE5lYXJieRACGAQgAA","google_icon_mask_base_uri":"https://maps.gstatic.com/mapfiles/place_api/icons/v2/school_pinlet","google_icon_background_color":"#7B9EB0","formatted_address":"2W7H+C3V, Sabangan, Mountain Province, Philippines","business_status":"OPERATIONAL","rating":4.2,"user_rating_count":5,"barangay_slug":"tambingan","barangay_name":"Tambingan"},"geometry":{"type":"Point","coordinates":[120.92767099999999,17.013617999999997]}},{"type":"Feature","properties":{"name":"TESDA District Office","kind":"govt","kind_label":"Government","source":"google_places","google_place_id":"ChIJl9Up6u_UjzMRXJeB_cGfI7o","google_primary_type":"government_office","google_primary_type_label":"Government Office","google_types":["government_office","point_of_interest","establishment"],"google_maps_uri":"https://maps.google.com/?cid=13412739770770102108&g_mp=Cilnb29nbGUubWFwcy5wbGFjZXMudjEuUGxhY2VzLlNlYXJjaE5lYXJieRACGAQgAA","google_icon_mask_base_uri":"https://maps.gstatic.com/mapfiles/place_api/icons/v2/civic-bldg_pinlet","google_icon_background_color":"#7B9EB0","formatted_address":"2W6H+HM7, Halsema Highway, Bontoc, 2616 Mountain Province, Philippines","business_status":"OPERATIONAL","rating":null,"user_rating_count":null,"barangay_slug":"tambingan","barangay_name":"Tambingan"},"geometry":{"type":"Point","coordinates":[120.92918399999999,17.011423]}},{"type":"Feature","properties":{"name":"Gagayam Agrivet Supply","kind":"market","kind_label":"Market","source":"google_places","google_place_id":"ChIJgyZnfx3VjzMRdPujAH65h3Q","google_primary_type":"food_store","google_primary_type_label":"Food Store","google_types":["food_store","store","point_of_interest","food","establishment"],"google_maps_uri":"https://maps.google.com/?cid=8396883981083343732&g_mp=Cilnb29nbGUubWFwcy5wbGFjZXMudjEuUGxhY2VzLlNlYXJjaE5lYXJieRACGAQgAA","google_icon_mask_base_uri":"https://maps.gstatic.com/mapfiles/place_api/icons/v2/shopping_pinlet","google_icon_background_color":"#4B96F3","formatted_address":"Nacagang, Sabangan, 2622 Mountain Province, Philippines","business_status":"OPERATIONAL","rating":5,"user_rating_count":1,"barangay_slug":"tambingan","barangay_name":"Tambingan"},"geometry":{"type":"Point","coordinates":[120.92458800000001,17.011230599999998]}},{"type":"Feature","properties":{"name":"Jai Drei Bakery","kind":"market","kind_label":"Market","source":"google_places","google_place_id":"ChIJNUMKRO_UjzMR-3Mu00fWAg8","google_primary_type":"bakery","google_primary_type_label":"Bakery","google_types":["bakery","food_store","food","point_of_interest","store","establishment"],"google_maps_uri":"https://maps.google.com/?cid=1081662464496399355&g_mp=Cilnb29nbGUubWFwcy5wbGFjZXMudjEuUGxhY2VzLlNlYXJjaE5lYXJieRACGAQgAA","google_icon_mask_base_uri":"https://maps.gstatic.com/mapfiles/place_api/icons/v2/restaurant_pinlet","google_icon_background_color":"#FF9E67","formatted_address":"Nacagang Bridge, Sabangan, 2622 Mountain Province, Philippines","business_status":"OPERATIONAL","rating":null,"user_rating_count":null,"barangay_slug":"tambingan","barangay_name":"Tambingan"},"geometry":{"type":"Point","coordinates":[120.92561230000001,17.011762]}},{"type":"Feature","properties":{"name":"KATHLIUS Grocery","kind":"market","kind_label":"Market","source":"google_places","google_place_id":"ChIJGSO5Re_UjzMRE1eZHf99lIs","google_primary_type":"grocery_store","google_primary_type_label":"Grocery Store","google_types":["grocery_store","food_store","store","point_of_interest","food","establishment"],"google_maps_uri":"https://maps.google.com/?cid=10057802402491881235&g_mp=Cilnb29nbGUubWFwcy5wbGFjZXMudjEuUGxhY2VzLlNlYXJjaE5lYXJieRACGAQgAA","google_icon_mask_base_uri":"https://maps.gstatic.com/mapfiles/place_api/icons/v2/shoppingcart_pinlet","google_icon_background_color":"#4B96F3","formatted_address":"2W6G+M4H, Tagudin - Cervantes - Sabangan Rd, Sabangan, Mountain Province, Philippines","business_status":"OPERATIONAL","rating":null,"user_rating_count":null,"barangay_slug":"tambingan","barangay_name":"Tambingan"},"geometry":{"type":"Point","coordinates":[120.92535009999999,17.0116869]}},{"type":"Feature","properties":{"name":"MECA'S ENTERPRISE","kind":"market","kind_label":"Market","source":"google_places","google_place_id":"ChIJezrxQwDVjzMRd05NaUAiIPE","google_primary_type":"grocery_store","google_primary_type_label":"Grocery Store","google_types":["grocery_store","food_store","food","store","point_of_interest","establishment"],"google_maps_uri":"https://maps.google.com/?cid=17374925022435298935&g_mp=Cilnb29nbGUubWFwcy5wbGFjZXMudjEuUGxhY2VzLlNlYXJjaE5lYXJieRACGAQgAA","google_icon_mask_base_uri":"https://maps.gstatic.com/mapfiles/place_api/icons/v2/shoppingcart_pinlet","google_icon_background_color":"#4B96F3","formatted_address":"Nacagang Bridge, Sabangan, Mountain Province, Philippines","business_status":"OPERATIONAL","rating":null,"user_rating_count":null,"barangay_slug":"tambingan","barangay_name":"Tambingan"},"geometry":{"type":"Point","coordinates":[120.92613290000001,17.0108071]}},{"type":"Feature","properties":{"name":"Sabangan National High School","kind":"school","kind_label":"School","source":"google_places","google_place_id":"ChIJrS_t5-nVjzMR38W_nR3SjjA","google_primary_type":"school","google_primary_type_label":"School","google_types":["school","educational_institution","point_of_interest","establishment"],"google_maps_uri":"https://maps.google.com/?cid=3498964985155929567&g_mp=Cilnb29nbGUubWFwcy5wbGFjZXMudjEuUGxhY2VzLlNlYXJjaE5lYXJieRACGAQgAA","google_icon_mask_base_uri":"https://maps.gstatic.com/mapfiles/place_api/icons/v2/school_pinlet","google_icon_background_color":"#7B9EB0","formatted_address":"2W7H+26, Sabangan, Mountain Province, Philippines","business_status":"OPERATIONAL","rating":null,"user_rating_count":null,"barangay_slug":"tambingan","barangay_name":"Tambingan"},"geometry":{"type":"Point","coordinates":[120.9280625,17.012562499999998]}},{"type":"Feature","properties":{"name":"Tambingan Elementary School","kind":"school","kind_label":"School","source":"google_places","google_place_id":"ChIJ____jpDUjzMRbf1aC2-C1uQ","google_primary_type":"primary_school","google_primary_type_label":"Elementary School","google_types":["primary_school","government_office","school","educational_institution","point_of_interest","establishment"],"google_maps_uri":"https://maps.google.com/?cid=16489510499107143021&g_mp=Cilnb29nbGUubWFwcy5wbGFjZXMudjEuUGxhY2VzLlNlYXJjaE5lYXJieRACGAQgAA","google_icon_mask_base_uri":"https://maps.gstatic.com/mapfiles/place_api/icons/v2/school_pinlet","google_icon_background_color":"#7B9EB0","formatted_address":"2WJG+8PX, Sabangan, 2622 Mountain Province, Philippines","business_status":"OPERATIONAL","rating":null,"user_rating_count":null,"barangay_slug":"tambingan","barangay_name":"Tambingan"},"geometry":{"type":"Point","coordinates":[120.92685300000001,17.03086]}},{"type":"Feature","properties":{"name":"Ina Imelda's Transient House","kind":"tourism","kind_label":"Tourism","source":"google_places","google_place_id":"ChIJBwDZzBbVjzMRZn2M2VdhKsg","google_primary_type":"lodging","google_primary_type_label":"Lodging","google_types":["lodging","point_of_interest","establishment"],"google_maps_uri":"https://maps.google.com/?cid=14423447786547346790&g_mp=Cilnb29nbGUubWFwcy5wbGFjZXMudjEuUGxhY2VzLlNlYXJjaE5lYXJieRACGAQgAA","google_icon_mask_base_uri":"https://maps.gstatic.com/mapfiles/place_api/icons/v2/hotel_pinlet","google_icon_background_color":"#909CE1","formatted_address":"2W6G+G7J, Sabangan Bridge, Sabangan, Mountain Province, Philippines","business_status":"OPERATIONAL","rating":null,"user_rating_count":null,"barangay_slug":"tambingan","barangay_name":"Tambingan"},"geometry":{"type":"Point","coordinates":[120.9256518,17.011346]}},{"type":"Feature","properties":{"name":"asinan","kind":"transport","kind_label":"Transport","source":"google_places","google_place_id":"ChIJQ9BMM5LUjzMRdMVezPQC4XA","google_primary_type":"parking","google_primary_type_label":"Parking","google_types":["parking","transportation_service","point_of_interest","establishment"],"google_maps_uri":"https://maps.google.com/?cid=8133785652431865204&g_mp=Cilnb29nbGUubWFwcy5wbGFjZXMudjEuUGxhY2VzLlNlYXJjaE5lYXJieRACGAQgAA","google_icon_mask_base_uri":"https://maps.gstatic.com/mapfiles/place_api/icons/v2/parking_pinlet","google_icon_background_color":"#7B9EB0","formatted_address":"2WGG+5X2, Sabangan, Mountain Province, Philippines","business_status":"OPERATIONAL","rating":null,"user_rating_count":null,"barangay_slug":"tambingan","barangay_name":"Tambingan"},"geometry":{"type":"Point","coordinates":[120.9273934,17.0253958]}},{"type":"Feature","properties":{"name":"Jend Gas Station","kind":"transport","kind_label":"Transport","source":"google_places","google_place_id":"ChIJHdW5Ye_UjzMRpKu-tou-sds","google_primary_type":"gas_station","google_primary_type_label":"Gas Station","google_types":["gas_station","service","point_of_interest","establishment"],"google_maps_uri":"https://maps.google.com/?cid=15830643672459684772&g_mp=Cilnb29nbGUubWFwcy5wbGFjZXMudjEuUGxhY2VzLlNlYXJjaE5lYXJieRACGAQgAA","google_icon_mask_base_uri":"https://maps.gstatic.com/mapfiles/place_api/icons/v2/gas_pinlet","google_icon_background_color":"#909CE1","formatted_address":"2W6G+J67, Halsema Highway, Sabangan, Mountain Province, Philippines","business_status":"OPERATIONAL","rating":4.7,"user_rating_count":3,"barangay_slug":"tambingan","barangay_name":"Tambingan"},"geometry":{"type":"Point","coordinates":[120.92555069999999,17.0115268]}},{"type":"Feature","properties":{"name":"Jhonarsky Gas Station","kind":"transport","kind_label":"Transport","source":"google_places","google_place_id":"ChIJHbDXE-bUjzMR3ffQKruzeBI","google_primary_type":"gas_station","google_primary_type_label":"Gas Station","google_types":["gas_station","service","point_of_interest","establishment"],"google_maps_uri":"https://maps.google.com/?cid=1331011306346575837&g_mp=Cilnb29nbGUubWFwcy5wbGFjZXMudjEuUGxhY2VzLlNlYXJjaE5lYXJieRACGAQgAA","google_icon_mask_base_uri":"https://maps.gstatic.com/mapfiles/place_api/icons/v2/gas_pinlet","google_icon_background_color":"#909CE1","formatted_address":"2W6F+3CG, Tagudin - Cervantes - Sabangan Rd, Sabangan, Mountain Province, Philippines","business_status":"OPERATIONAL","rating":5,"user_rating_count":2,"barangay_slug":"tambingan","barangay_name":"Tambingan"},"geometry":{"type":"Point","coordinates":[120.92358870000001,17.010185399999997]}},{"type":"Feature","properties":{"name":"Emmanuel Hanguru Angel House Missoin center","kind":"worship","kind_label":"Worship","source":"google_places","google_place_id":"ChIJs-aja-bUjzMRhNV1q81whyw","google_primary_type":"church","google_primary_type_label":"Church","google_types":["church","place_of_worship","association_or_organization","point_of_interest","establishment"],"google_maps_uri":"https://maps.google.com/?cid=3208657288172000644&g_mp=Cilnb29nbGUubWFwcy5wbGFjZXMudjEuUGxhY2VzLlNlYXJjaE5lYXJieRACGAQgAA","google_icon_mask_base_uri":"https://maps.gstatic.com/mapfiles/place_api/icons/v2/worship_christian_pinlet","google_icon_background_color":"#7B9EB0","formatted_address":"2W5F+V8P, Tagudin - Cervantes - Sabangan Rd, Sabangan, Mountain Province, Philippines","business_status":"OPERATIONAL","rating":null,"user_rating_count":null,"barangay_slug":"tambingan","barangay_name":"Tambingan"},"geometry":{"type":"Point","coordinates":[120.9233379,17.0097199]}},{"type":"Feature","properties":{"name":"Fundamental Baptist Church","kind":"worship","kind_label":"Worship","source":"google_places","google_place_id":"ChIJbxd_GZHUjzMRpVueMsi-9LE","google_primary_type":"church","google_primary_type_label":"Church","google_types":["church","place_of_worship","association_or_organization","point_of_interest","establishment"],"google_maps_uri":"https://maps.google.com/?cid=12823083806082620325&g_mp=Cilnb29nbGUubWFwcy5wbGFjZXMudjEuUGxhY2VzLlNlYXJjaE5lYXJieRACGAQgAA","google_icon_mask_base_uri":"https://maps.gstatic.com/mapfiles/place_api/icons/v2/worship_christian_pinlet","google_icon_background_color":"#7B9EB0","formatted_address":"2WHG+CGR, Sabangan, Mountain Province, Philippines","business_status":"OPERATIONAL","rating":5,"user_rating_count":1,"barangay_slug":"tambingan","barangay_name":"Tambingan"},"geometry":{"type":"Point","coordinates":[120.9262522,17.0286243]}},{"type":"Feature","properties":{"name":"St. Benedict Church","kind":"worship","kind_label":"Worship","source":"google_places","google_place_id":"ChIJN3NqEJHUjzMR9pqrhZQFDTQ","google_primary_type":"church","google_primary_type_label":"Church","google_types":["church","place_of_worship","association_or_organization","point_of_interest","establishment"],"google_maps_uri":"https://maps.google.com/?cid=3750660200125405942&g_mp=Cilnb29nbGUubWFwcy5wbGFjZXMudjEuUGxhY2VzLlNlYXJjaE5lYXJieRACGAQgAA","google_icon_mask_base_uri":"https://maps.gstatic.com/mapfiles/place_api/icons/v2/worship_christian_pinlet","google_icon_background_color":"#7B9EB0","formatted_address":"2WHG+8JW, Sabangan, Mountain Province, Philippines","business_status":"OPERATIONAL","rating":4,"user_rating_count":2,"barangay_slug":"tambingan","barangay_name":"Tambingan"},"geometry":{"type":"Point","coordinates":[120.92656729999999,17.028360499999998]}},{"type":"Feature","properties":{"name":"St. Matthias Church","kind":"worship","kind_label":"Worship","source":"google_places","google_place_id":"ChIJzQ2A7pDUjzMRLhbWIZt7IsM","google_primary_type":"church","google_primary_type_label":"Church","google_types":["church","place_of_worship","association_or_organization","point_of_interest","establishment"],"google_maps_uri":"https://maps.google.com/?cid=14060936892821935662&g_mp=Cilnb29nbGUubWFwcy5wbGFjZXMudjEuUGxhY2VzLlNlYXJjaE5lYXJieRACGAQgAA","google_icon_mask_base_uri":"https://maps.gstatic.com/mapfiles/place_api/icons/v2/worship_christian_pinlet","google_icon_background_color":"#7B9EB0","formatted_address":"2WJG+3H3, Sabangan, 2622 Mountain Province, Philippines","business_status":"OPERATIONAL","rating":3,"user_rating_count":1,"barangay_slug":"tambingan","barangay_name":"Tambingan"},"geometry":{"type":"Point","coordinates":[120.92642069999998,17.030148099999998]}}]}
