{
  "type": "FeatureCollection",
  "features": [
    {
      "type": "Feature",
      "properties": {
        "classification": "C-1",
        "source": "road-tag",
        "buffer_m": 30,
        "road_keys": [
          "234706321|sadanga|121.0319769,17.1689433"
        ]
      },
      "geometry": {
        "type": "Polygon",
        "coordinates": [
          [
            [
              121.029108,
              17.168671
            ],
            [
              121.029109,
              17.168677
            ],
            [
              121.029109,
              17.168677
            ],
            [
              121.029108,
              17.168671
            ]
          ]
        ]
      }
    },
    {
      "type": "Feature",
      "properties": {
        "classification": "C-1",
        "source": "road-tag",
        "buffer_m": 30,
        "road_keys": [
          "234706321|sadanga|121.0319769,17.1689433"
        ]
      },
      "geometry": {
        "type": "Polygon",
        "coordinates": [
          [
            [
              121.029122,
              17.16873
            ],
            [
              121.029122,
              17.16873
            ],
            [
              121.029124,
              17.168738
            ],
            [
              121.029124,
              17.168738
            ],
            [
              121.029122,
              17.16873
            ]
          ]
        ]
      }
    },
    {
      "type": "Feature",
      "properties": {
        "classification": "C-1",
        "source": "road-tag",
        "buffer_m": 30,
        "road_keys": [
          "234706321|sadanga|121.0319769,17.1689433"
        ],
        "road_carve_m": 3
      },
      "geometry": {
        "type": "Polygon",
        "coordinates": [
          [
            [
              121.029471,
              17.168919
            ],
            [
              121.029471,
              17.168918
            ],
            [
              121.029479,
              17.168917
            ],
            [
              121.029479,
              17.168917
            ],
            [
              121.029471,
              17.168919
            ]
          ]
        ]
      }
    },
    {
      "type": "Feature",
      "properties": {
        "classification": "C-1",
        "source": "road-tag",
        "buffer_m": 30,
        "road_keys": [
          "234706321|sadanga|121.0319769,17.1689433"
        ],
        "road_carve_m": 3
      },
      "geometry": {
        "type": "Polygon",
        "coordinates": [
          [
            [
              121.029674,
              17.168757
            ],
            [
              121.030098,
              17.168552
            ],
            [
              121.0301,
              17.168552
            ],
            [
              121.03014,
              17.168554
            ],
            [
              121.030145,
              17.168554
            ],
            [
              121.030201,
              17.168547
            ],
            [
              121.030261,
              17.168546
            ],
            [
              121.03029,
              17.168558
            ],
            [
              121.030357,
              17.168587
            ],
            [
              121.030459,
              17.168634
            ],
            [
              121.030464,
              17.168637
            ],
            [
              121.030465,
              17.168637
            ],
            [
              121.030547,
              17.16867
            ],
            [
              121.030548,
              17.168671
            ],
            [
              121.030552,
              17.168672
            ],
            [
              121.03059,
              17.168679
            ],
            [
              121.030655,
              17.168692
            ],
            [
              121.030733,
              17.168713
            ],
            [
              121.030734,
              17.168713
            ],
            [
              121.030735,
              17.168714
            ],
            [
              121.030736,
              17.168714
            ],
            [
              121.030748,
              17.168716
            ],
            [
              121.030764,
              17.168718
            ],
            [
              121.030781,
              17.16872
            ],
            [
              121.030783,
              17.168721
            ],
            [
              121.030788,
              17.168721
            ],
            [
              121.03079,
              17.16872
            ],
            [
              121.030791,
              17.16872
            ],
            [
              121.030861,
              17.168707
            ],
            [
              121.030865,
              17.168706
            ],
            [
              121.030877,
              17.168702
            ],
            [
              121.030892,
              17.168698
            ],
            [
              121.030943,
              17.168682
            ],
            [
              121.031033,
              17.168666
            ],
            [
              121.031074,
              17.168678
            ],
            [
              121.031076,
              17.168679
            ],
            [
              121.031122,
              17.168692
            ],
            [
              121.031202,
              17.168757
            ],
            [
              121.031206,
              17.16876
            ],
            [
              121.031262,
              17.168791
            ],
            [
              121.031268,
              17.168794
            ],
            [
              121.031342,
              17.168815
            ],
            [
              121.031344,
              17.168815
            ],
            [
              121.031381,
              17.168822
            ],
            [
              121.031357,
              17.168827
            ],
            [
              121.031382,
              17.168831
            ],
            [
              121.031339,
              17.168839
            ],
            [
              121.03133,
              17.168839
            ],
            [
              121.031323,
              17.16884
            ],
            [
              121.031319,
              17.16884
            ],
            [
              121.031289,
              17.168832
            ],
            [
              121.031287,
              17.168831
            ],
            [
              121.031279,
              17.168829
            ],
            [
              121.031204,
              17.168807
            ],
            [
              121.031203,
              17.168807
            ],
            [
              121.03112,
              17.168786
            ],
            [
              121.031118,
              17.168786
            ],
            [
              121.031117,
              17.168785
            ],
            [
              121.031043,
              17.168775
            ],
            [
              121.031037,
              17.168775
            ],
            [
              121.031031,
              17.168776
            ],
            [
              121.030937,
              17.168802
            ],
            [
              121.030922,
              17.168806
            ],
            [
              121.03092,
              17.168807
            ],
            [
              121.030919,
              17.168807
            ],
            [
              121.030746,
              17.168864
            ],
            [
              121.030724,
              17.168863
            ],
            [
              121.030723,
              17.168863
            ],
            [
              121.030653,
              17.168852
            ],
            [
              121.030582,
              17.168835
            ],
            [
              121.030353,
              17.168779
            ],
            [
              121.030349,
              17.168778
            ],
            [
              121.030253,
              17.168767
            ],
            [
              121.030246,
              17.168767
            ],
            [
              121.030154,
              17.168781
            ],
            [
              121.030147,
              17.168782
            ],
            [
              121.030129,
              17.168784
            ],
            [
              121.030063,
              17.168793
            ],
            [
              121.030019,
              17.168791
            ],
            [
              121.030018,
              17.168791
            ],
            [
              121.030009,
              17.168792
            ],
            [
              121.029909,
              17.168799
            ],
            [
              121.029724,
              17.168771
            ],
            [
              121.029674,
              17.168757
            ]
          ]
        ]
      }
    },
    {
      "type": "Feature",
      "properties": {
        "classification": "C-1",
        "source": "road-tag",
        "buffer_m": 30,
        "road_keys": [
          "234706321|sadanga|121.0319769,17.1689433"
        ],
        "road_carve_m": 3
      },
      "geometry": {
        "type": "Polygon",
        "coordinates": [
          [
            [
              121.026321,
              17.168126
            ],
            [
              121.02634,
              17.167893
            ],
            [
              121.026419,
              17.1679
            ],
            [
              121.026536,
              17.167795
            ],
            [
              121.026687,
              17.167711
            ],
            [
              121.026907,
              17.167708
            ],
            [
              121.027093,
              17.16786
            ],
            [
              121.027137,
              17.168057
            ],
            [
              121.027136,
              17.16808
            ],
            [
              121.027212,
              17.168093
            ],
            [
              121.027381,
              17.168122
            ],
            [
              121.027459,
              17.168153
            ],
            [
              121.027465,
              17.168154
            ],
            [
              121.027529,
              17.168133
            ],
            [
              121.027674,
              17.168129
            ],
            [
              121.027839,
              17.168193
            ],
            [
              121.027989,
              17.168324
            ],
            [
              121.028033,
              17.168542
            ],
            [
              121.027988,
              17.168697
            ],
            [
              121.02791,
              17.168829
            ],
            [
              121.027943,
              17.168925
            ],
            [
              121.028003,
              17.169084
            ],
            [
              121.028017,
              17.169107
            ],
            [
              121.028087,
              17.169198
            ],
            [
              121.028092,
              17.169202
            ],
            [
              121.028109,
              17.169211
            ],
            [
              121.028162,
              17.169228
            ],
            [
              121.02817,
              17.169222
            ],
            [
              121.028259,
              17.169174
            ],
            [
              121.028351,
              17.169139
            ],
            [
              121.028446,
              17.169123
            ],
            [
              121.028574,
              17.169129
            ],
            [
              121.0287,
              17.169179
            ],
            [
              121.028772,
              17.169147
            ],
            [
              121.02891,
              17.169114
            ],
            [
              121.028914,
              17.169114
            ],
            [
              121.028816,
              17.16916
            ],
            [
              121.028593,
              17.16927
            ],
            [
              121.028505,
              17.16936
            ],
            [
              121.02846,
              17.169358
            ],
            [
              121.028412,
              17.169366
            ],
            [
              121.028356,
              17.169387
            ],
            [
              121.028297,
              17.169419
            ],
            [
              121.028223,
              17.169475
            ],
            [
              121.028181,
              17.169474
            ],
            [
              121.028105,
              17.169455
            ],
            [
              121.028019,
              17.169428
            ],
            [
              121.027965,
              17.169399
            ],
            [
              121.02792,
              17.169365
            ],
            [
              121.027823,
              17.169239
            ],
            [
              121.027791,
              17.169186
            ],
            [
              121.027723,
              17.169005
            ],
            [
              121.027663,
              17.168832
            ],
            [
              121.027662,
              17.168807
            ],
            [
              121.027695,
              17.168733
            ],
            [
              121.027772,
              17.168603
            ],
            [
              121.027793,
              17.168532
            ],
            [
              121.027776,
              17.168448
            ],
            [
              121.027716,
              17.168396
            ],
            [
              121.027634,
              17.168364
            ],
            [
              121.02757,
              17.168366
            ],
            [
              121.027515,
              17.168384
            ],
            [
              121.027478,
              17.168394
            ],
            [
              121.027447,
              17.16839
            ],
            [
              121.02739,
              17.168377
            ],
            [
              121.027318,
              17.168349
            ],
            [
              121.027172,
              17.168324
            ],
            [
              121.027,
              17.168294
            ],
            [
              121.026955,
              17.168268
            ],
            [
              121.02691,
              17.168207
            ],
            [
              121.026899,
              17.16816
            ],
            [
              121.026902,
              17.168079
            ],
            [
              121.026882,
              17.16799
            ],
            [
              121.026825,
              17.167943
            ],
            [
              121.026749,
              17.167944
            ],
            [
              121.026672,
              17.167986
            ],
            [
              121.02657,
              17.168078
            ],
            [
              121.0265,
              17.168141
            ],
            [
              121.026321,
              17.168126
            ]
          ]
        ]
      }
    },
    {
      "type": "Feature",
      "properties": {
        "classification": "C-1",
        "source": "road-tag",
        "buffer_m": 30,
        "road_keys": [
          "234706321|sadanga|121.0319769,17.1689433"
        ]
      },
      "geometry": {
        "type": "Polygon",
        "coordinates": [
          [
            [
              121.026296,
              17.168431
            ],
            [
              121.026315,
              17.168198
            ],
            [
              121.026525,
              17.168215
            ],
            [
              121.026618,
              17.168132
            ],
            [
              121.026714,
              17.168045
            ],
            [
              121.026768,
              17.168016
            ],
            [
              121.026799,
              17.168015
            ],
            [
              121.026817,
              17.16803
            ],
            [
              121.02683,
              17.168086
            ],
            [
              121.026827,
              17.168168
            ],
            [
              121.026844,
              17.168237
            ],
            [
              121.026906,
              17.168324
            ],
            [
              121.026976,
              17.168362
            ],
            [
              121.02716,
              17.168395
            ],
            [
              121.027298,
              17.168418
            ],
            [
              121.027369,
              17.168446
            ],
            [
              121.027435,
              17.168461
            ],
            [
              121.027484,
              17.168467
            ],
            [
              121.027535,
              17.168453
            ],
            [
              121.027582,
              17.168438
            ],
            [
              121.027621,
              17.168437
            ],
            [
              121.027679,
              17.168459
            ],
            [
              121.02771,
              17.168486
            ],
            [
              121.027719,
              17.168529
            ],
            [
              121.027705,
              17.168574
            ],
            [
              121.027631,
              17.1687
            ],
            [
              121.027589,
              17.168793
            ],
            [
              121.027591,
              17.168845
            ],
            [
              121.027655,
              17.169029
            ],
            [
              121.027726,
              17.169217
            ],
            [
              121.027763,
              17.169279
            ],
            [
              121.027869,
              17.169416
            ],
            [
              121.027925,
              17.16946
            ],
            [
              121.027991,
              17.169495
            ],
            [
              121.028085,
              17.169524
            ],
            [
              121.028171,
              17.169545
            ],
            [
              121.02822,
              17.169547
            ],
            [
              121.027971,
              17.169733
            ],
            [
              121.027901,
              17.169711
            ],
            [
              121.027798,
              17.169657
            ],
            [
              121.027702,
              17.169583
            ],
            [
              121.027569,
              17.169411
            ],
            [
              121.027515,
              17.169319
            ],
            [
              121.027436,
              17.169109
            ],
            [
              121.027359,
              17.168889
            ],
            [
              121.027354,
              17.168748
            ],
            [
              121.02738,
              17.168688
            ],
            [
              121.0273,
              17.16867
            ],
            [
              121.027235,
              17.168645
            ],
            [
              121.02712,
              17.168625
            ],
            [
              121.026897,
              17.168586
            ],
            [
              121.026747,
              17.168503
            ],
            [
              121.026671,
              17.168398
            ],
            [
              121.026606,
              17.168457
            ],
            [
              121.026296,
              17.168431
            ]
          ]
        ]
      }
    },
    {
      "type": "Feature",
      "properties": {
        "classification": "R-1",
        "source": "road-tag",
        "buffer_m": 30,
        "road_keys": [
          "1118554902|sadanga|121.0356271,17.1690845"
        ],
        "road_carve_m": 3
      },
      "geometry": {
        "type": "Polygon",
        "coordinates": [
          [
            [
              121.029962,
              17.164847
            ],
            [
              121.030193,
              17.164809
            ],
            [
              121.030256,
              17.165197
            ],
            [
              121.030303,
              17.165335
            ],
            [
              121.030339,
              17.165392
            ],
            [
              121.030392,
              17.165463
            ],
            [
              121.030451,
              17.165539
            ],
            [
              121.03054,
              17.165664
            ],
            [
              121.030548,
              17.16567
            ],
            [
              121.03056,
              17.165706
            ],
            [
              121.030563,
              17.165716
            ],
            [
              121.030564,
              17.165717
            ],
            [
              121.030566,
              17.165721
            ],
            [
              121.030653,
              17.165865
            ],
            [
              121.030712,
              17.165961
            ],
            [
              121.030717,
              17.16597
            ],
            [
              121.030718,
              17.165972
            ],
            [
              121.030717,
              17.165972
            ],
            [
              121.03071,
              17.165973
            ],
            [
              121.030698,
              17.16597
            ],
            [
              121.030685,
              17.165962
            ],
            [
              121.030676,
              17.165956
            ],
            [
              121.030645,
              17.165919
            ],
            [
              121.030623,
              17.165893
            ],
            [
              121.030622,
              17.165892
            ],
            [
              121.030585,
              17.165851
            ],
            [
              121.030579,
              17.165846
            ],
            [
              121.03055,
              17.165828
            ],
            [
              121.030543,
              17.165825
            ],
            [
              121.030523,
              17.16582
            ],
            [
              121.030517,
              17.165818
            ],
            [
              121.03051,
              17.165817
            ],
            [
              121.030503,
              17.165817
            ],
            [
              121.030471,
              17.165823
            ],
            [
              121.030468,
              17.165824
            ],
            [
              121.030464,
              17.165826
            ],
            [
              121.030459,
              17.165828
            ],
            [
              121.030458,
              17.165829
            ],
            [
              121.030435,
              17.165847
            ],
            [
              121.030433,
              17.165849
            ],
            [
              121.03043,
              17.165852
            ],
            [
              121.030427,
              17.165857
            ],
            [
              121.030425,
              17.165863
            ],
            [
              121.030423,
              17.165871
            ],
            [
              121.030367,
              17.165823
            ],
            [
              121.030263,
              17.165678
            ],
            [
              121.030206,
              17.165604
            ],
            [
              121.030146,
              17.165525
            ],
            [
              121.030091,
              17.165436
            ],
            [
              121.030029,
              17.165254
            ],
            [
              121.029962,
              17.164847
            ]
          ]
        ]
      }
    },
    {
      "type": "Feature",
      "properties": {
        "classification": "INSTITUTIONAL"
      },
      "geometry": {
        "type": "Polygon",
        "coordinates": [
          [
            [
              121.028609,
              17.169042
            ],
            [
              121.028462,
              17.168978
            ],
            [
              121.028408,
              17.168847
            ],
            [
              121.028459,
              17.168427
            ],
            [
              121.028564,
              17.168263
            ],
            [
              121.028679,
              17.168181
            ],
            [
              121.028842,
              17.168143
            ],
            [
              121.028931,
              17.16813
            ],
            [
              121.029221,
              17.168158
            ],
            [
              121.029349,
              17.168908
            ],
            [
              121.028609,
              17.169042
            ]
          ]
        ]
      }
    },
    {
      "type": "Feature",
      "properties": {
        "classification": "C-1",
        "source": "road-tag",
        "buffer_m": 30,
        "road_keys": [
          "234706321|sadanga|121.0319769,17.1689433"
        ],
        "road_carve_m": 3
      },
      "geometry": {
        "type": "Polygon",
        "coordinates": [
          [
            [
              121.029233,
              17.16823
            ],
            [
              121.029259,
              17.168196
            ],
            [
              121.029389,
              17.168163
            ],
            [
              121.029491,
              17.168151
            ],
            [
              121.029623,
              17.168196
            ],
            [
              121.029635,
              17.168204
            ],
            [
              121.029689,
              17.168187
            ],
            [
              121.029845,
              17.168199
            ],
            [
              121.029952,
              17.168214
            ],
            [
              121.030104,
              17.168255
            ],
            [
              121.030131,
              17.168257
            ],
            [
              121.030179,
              17.16825
            ],
            [
              121.030275,
              17.16824
            ],
            [
              121.030275,
              17.16824
            ],
            [
              121.03028,
              17.168239
            ],
            [
              121.030261,
              17.1683
            ],
            [
              121.03026,
              17.168303
            ],
            [
              121.030205,
              17.16848
            ],
            [
              121.030205,
              17.16848
            ],
            [
              121.030204,
              17.168484
            ],
            [
              121.030196,
              17.168484
            ],
            [
              121.03014,
              17.168491
            ],
            [
              121.030067,
              17.168487
            ],
            [
              121.029905,
              17.168443
            ],
            [
              121.02982,
              17.168431
            ],
            [
              121.029717,
              17.168424
            ],
            [
              121.029621,
              17.168455
            ],
            [
              121.029602,
              17.168457
            ],
            [
              121.029589,
              17.168455
            ],
            [
              121.029563,
              17.168441
            ],
            [
              121.029514,
              17.168406
            ],
            [
              121.029466,
              17.168389
            ],
            [
              121.029432,
              17.168393
            ],
            [
              121.029396,
              17.168402
            ],
            [
              121.029373,
              17.168432
            ],
            [
              121.029293,
              17.168579
            ],
            [
              121.029233,
              17.16823
            ]
          ]
        ]
      }
    },
    {
      "type": "Feature",
      "properties": {
        "classification": "C-1",
        "source": "road-tag",
        "buffer_m": 30,
        "road_keys": [
          "234706321|sadanga|121.0319769,17.1689433"
        ],
        "road_carve_m": 3
      },
      "geometry": {
        "type": "Polygon",
        "coordinates": [
          [
            [
              121.029173,
              17.16894
            ],
            [
              121.029349,
              17.168908
            ],
            [
              121.029309,
              17.168674
            ],
            [
              121.029314,
              17.16867
            ],
            [
              121.029316,
              17.168668
            ],
            [
              121.029317,
              17.168667
            ],
            [
              121.029317,
              17.168666
            ],
            [
              121.029319,
              17.168664
            ],
            [
              121.029322,
              17.16866
            ],
            [
              121.029325,
              17.168655
            ],
            [
              121.029329,
              17.168648
            ],
            [
              121.029351,
              17.168608
            ],
            [
              121.029371,
              17.168586
            ],
            [
              121.029433,
              17.168471
            ],
            [
              121.029438,
              17.168466
            ],
            [
              121.029445,
              17.168464
            ],
            [
              121.029458,
              17.168462
            ],
            [
              121.029481,
              17.16847
            ],
            [
              121.029524,
              17.168502
            ],
            [
              121.029539,
              17.16851
            ],
            [
              121.029557,
              17.16851
            ],
            [
              121.029562,
              17.168513
            ],
            [
              121.029563,
              17.168513
            ],
            [
              121.029563,
              17.168513
            ],
            [
              121.029567,
              17.168515
            ],
            [
              121.02957,
              17.168516
            ],
            [
              121.029572,
              17.168516
            ],
            [
              121.029572,
              17.168516
            ],
            [
              121.029596,
              17.16852
            ],
            [
              121.0296,
              17.168521
            ],
            [
              121.029601,
              17.168521
            ],
            [
              121.029603,
              17.168521
            ],
            [
              121.029604,
              17.16852
            ],
            [
              121.029605,
              17.16852
            ],
            [
              121.029633,
              17.168516
            ],
            [
              121.029638,
              17.168515
            ],
            [
              121.029652,
              17.168511
            ],
            [
              121.02966,
              17.168511
            ],
            [
              121.029671,
              17.168514
            ],
            [
              121.029726,
              17.168497
            ],
            [
              121.029812,
              17.168503
            ],
            [
              121.029891,
              17.168514
            ],
            [
              121.030031,
              17.168552
            ],
            [
              121.030054,
              17.168549
            ],
            [
              121.030054,
              17.168549
            ],
            [
              121.03006,
              17.16855
            ],
            [
              121.030066,
              17.16855
            ],
            [
              121.030094,
              17.168552
            ],
            [
              121.029662,
              17.168758
            ],
            [
              121.029649,
              17.16876
            ],
            [
              121.02963,
              17.168755
            ],
            [
              121.029623,
              17.168754
            ],
            [
              121.029592,
              17.168754
            ],
            [
              121.029578,
              17.168753
            ],
            [
              121.029571,
              17.168754
            ],
            [
              121.029565,
              17.168756
            ],
            [
              121.029561,
              17.168758
            ],
            [
              121.029559,
              17.168759
            ],
            [
              121.029558,
              17.16876
            ],
            [
              121.029544,
              17.168758
            ],
            [
              121.029538,
              17.168769
            ],
            [
              121.02953,
              17.168773
            ],
            [
              121.02953,
              17.168773
            ],
            [
              121.029526,
              17.168776
            ],
            [
              121.029522,
              17.168779
            ],
            [
              121.029522,
              17.168779
            ],
            [
              121.029522,
              17.168779
            ],
            [
              121.029522,
              17.168779
            ],
            [
              121.029502,
              17.168801
            ],
            [
              121.029499,
              17.168805
            ],
            [
              121.029498,
              17.168806
            ],
            [
              121.029496,
              17.16881
            ],
            [
              121.029488,
              17.168834
            ],
            [
              121.029487,
              17.168839
            ],
            [
              121.029486,
              17.168841
            ],
            [
              121.029483,
              17.168844
            ],
            [
              121.029253,
              17.168954
            ],
            [
              121.029229,
              17.168958
            ],
            [
              121.029231,
              17.168957
            ],
            [
              121.029179,
              17.168966
            ],
            [
              121.029173,
              17.16894
            ]
          ]
        ]
      }
    },
    {
      "type": "Feature",
      "properties": {
        "classification": "R-2",
        "road_carve_m": 3
      },
      "geometry": {
        "type": "Polygon",
        "coordinates": [
          [
            [
              121.022655,
              17.168062
            ],
            [
              121.024028,
              17.167252
            ],
            [
              121.024269,
              17.166114
            ],
            [
              121.024505,
              17.166037
            ],
            [
              121.024854,
              17.166007
            ],
            [
              121.026076,
              17.166248
            ],
            [
              121.027616,
              17.165638
            ],
            [
              121.02812,
              17.165848
            ],
            [
              121.029514,
              17.166007
            ],
            [
              121.029654,
              17.167544
            ],
            [
              121.030426,
              17.167488
            ],
            [
              121.030458,
              17.167611
            ],
            [
              121.030275,
              17.16824
            ],
            [
              121.030179,
              17.16825
            ],
            [
              121.030131,
              17.168257
            ],
            [
              121.030104,
              17.168255
            ],
            [
              121.029952,
              17.168214
            ],
            [
              121.029845,
              17.168199
            ],
            [
              121.029689,
              17.168187
            ],
            [
              121.029635,
              17.168204
            ],
            [
              121.029623,
              17.168196
            ],
            [
              121.029491,
              17.168151
            ],
            [
              121.029389,
              17.168163
            ],
            [
              121.029259,
              17.168196
            ],
            [
              121.029233,
              17.16823
            ],
            [
              121.029221,
              17.168158
            ],
            [
              121.028931,
              17.16813
            ],
            [
              121.028842,
              17.168143
            ],
            [
              121.028679,
              17.168181
            ],
            [
              121.028564,
              17.168263
            ],
            [
              121.028459,
              17.168427
            ],
            [
              121.028408,
              17.168847
            ],
            [
              121.028462,
              17.168978
            ],
            [
              121.028609,
              17.169042
            ],
            [
              121.029173,
              17.16894
            ],
            [
              121.029179,
              17.168966
            ],
            [
              121.029231,
              17.168957
            ],
            [
              121.02891,
              17.169114
            ],
            [
              121.028772,
              17.169147
            ],
            [
              121.0287,
              17.169179
            ],
            [
              121.028574,
              17.169129
            ],
            [
              121.028446,
              17.169123
            ],
            [
              121.028351,
              17.169139
            ],
            [
              121.028259,
              17.169174
            ],
            [
              121.02817,
              17.169222
            ],
            [
              121.028162,
              17.169228
            ],
            [
              121.028109,
              17.169211
            ],
            [
              121.028092,
              17.169202
            ],
            [
              121.028087,
              17.169198
            ],
            [
              121.028017,
              17.169107
            ],
            [
              121.028003,
              17.169084
            ],
            [
              121.027943,
              17.168925
            ],
            [
              121.02791,
              17.168829
            ],
            [
              121.027988,
              17.168697
            ],
            [
              121.028033,
              17.168542
            ],
            [
              121.027989,
              17.168324
            ],
            [
              121.027839,
              17.168193
            ],
            [
              121.027674,
              17.168129
            ],
            [
              121.027529,
              17.168133
            ],
            [
              121.027465,
              17.168154
            ],
            [
              121.027459,
              17.168153
            ],
            [
              121.027381,
              17.168122
            ],
            [
              121.027212,
              17.168093
            ],
            [
              121.027136,
              17.16808
            ],
            [
              121.027137,
              17.168057
            ],
            [
              121.027093,
              17.16786
            ],
            [
              121.026907,
              17.167708
            ],
            [
              121.026687,
              17.167711
            ],
            [
              121.026536,
              17.167795
            ],
            [
              121.026419,
              17.1679
            ],
            [
              121.02634,
              17.167893
            ],
            [
              121.026321,
              17.168126
            ],
            [
              121.0265,
              17.168141
            ],
            [
              121.02657,
              17.168078
            ],
            [
              121.026672,
              17.167986
            ],
            [
              121.026749,
              17.167944
            ],
            [
              121.026825,
              17.167943
            ],
            [
              121.026882,
              17.16799
            ],
            [
              121.026902,
              17.168079
            ],
            [
              121.026899,
              17.16816
            ],
            [
              121.02691,
              17.168207
            ],
            [
              121.026955,
              17.168268
            ],
            [
              121.027,
              17.168294
            ],
            [
              121.027172,
              17.168324
            ],
            [
              121.027318,
              17.168349
            ],
            [
              121.02739,
              17.168377
            ],
            [
              121.027447,
              17.16839
            ],
            [
              121.027478,
              17.168394
            ],
            [
              121.027515,
              17.168384
            ],
            [
              121.02757,
              17.168366
            ],
            [
              121.027634,
              17.168364
            ],
            [
              121.027716,
              17.168396
            ],
            [
              121.027776,
              17.168448
            ],
            [
              121.027793,
              17.168532
            ],
            [
              121.027772,
              17.168603
            ],
            [
              121.027695,
              17.168733
            ],
            [
              121.027662,
              17.168807
            ],
            [
              121.027663,
              17.168832
            ],
            [
              121.027723,
              17.169005
            ],
            [
              121.027791,
              17.169186
            ],
            [
              121.027823,
              17.169239
            ],
            [
              121.02792,
              17.169365
            ],
            [
              121.027965,
              17.169399
            ],
            [
              121.028019,
              17.169428
            ],
            [
              121.028105,
              17.169455
            ],
            [
              121.028181,
              17.169474
            ],
            [
              121.028223,
              17.169475
            ],
            [
              121.028297,
              17.169419
            ],
            [
              121.028356,
              17.169387
            ],
            [
              121.028412,
              17.169366
            ],
            [
              121.02846,
              17.169358
            ],
            [
              121.028505,
              17.16936
            ],
            [
              121.028593,
              17.16927
            ],
            [
              121.028816,
              17.16916
            ],
            [
              121.0289,
              17.169121
            ],
            [
              121.028517,
              17.16937
            ],
            [
              121.028494,
              17.169369
            ],
            [
              121.028464,
              17.169367
            ],
            [
              121.028461,
              17.169367
            ],
            [
              121.028457,
              17.169368
            ],
            [
              121.028416,
              17.169375
            ],
            [
              121.028411,
              17.169376
            ],
            [
              121.028361,
              17.169395
            ],
            [
              121.028358,
              17.169396
            ],
            [
              121.028357,
              17.169396
            ],
            [
              121.028302,
              17.169426
            ],
            [
              121.028299,
              17.169428
            ],
            [
              121.028225,
              17.169484
            ],
            [
              121.02818,
              17.169482
            ],
            [
              121.028137,
              17.169472
            ],
            [
              121.028103,
              17.169464
            ],
            [
              121.028017,
              17.169437
            ],
            [
              121.027991,
              17.169423
            ],
            [
              121.027961,
              17.169407
            ],
            [
              121.027944,
              17.169394
            ],
            [
              121.027915,
              17.169372
            ],
            [
              121.027871,
              17.169314
            ],
            [
              121.027817,
              17.169244
            ],
            [
              121.027785,
              17.16919
            ],
            [
              121.027716,
              17.169008
            ],
            [
              121.027702,
              17.168969
            ],
            [
              121.027655,
              17.168834
            ],
            [
              121.027654,
              17.168805
            ],
            [
              121.027688,
              17.168728
            ],
            [
              121.027763,
              17.168602
            ],
            [
              121.027765,
              17.168598
            ],
            [
              121.027766,
              17.168596
            ],
            [
              121.027783,
              17.168538
            ],
            [
              121.027784,
              17.168532
            ],
            [
              121.027784,
              17.16853
            ],
            [
              121.027783,
              17.168525
            ],
            [
              121.027778,
              17.168501
            ],
            [
              121.027771,
              17.168462
            ],
            [
              121.027769,
              17.168457
            ],
            [
              121.027766,
              17.168452
            ],
            [
              121.027764,
              17.16845
            ],
            [
              121.027762,
              17.168447
            ],
            [
              121.027717,
              17.168408
            ],
            [
              121.027713,
              17.168405
            ],
            [
              121.027712,
              17.168405
            ],
            [
              121.027708,
              17.168403
            ],
            [
              121.02768,
              17.168392
            ],
            [
              121.027638,
              17.168375
            ],
            [
              121.027633,
              17.168374
            ],
            [
              121.027626,
              17.168374
            ],
            [
              121.027579,
              17.168375
            ],
            [
              121.027571,
              17.168375
            ],
            [
              121.027567,
              17.168376
            ],
            [
              121.027526,
              17.16839
            ],
            [
              121.027517,
              17.168393
            ],
            [
              121.027479,
              17.168403
            ],
            [
              121.027446,
              17.168399
            ],
            [
              121.027388,
              17.168386
            ],
            [
              121.027319,
              17.168359
            ],
            [
              121.027313,
              17.168357
            ],
            [
              121.027171,
              17.168333
            ],
            [
              121.027069,
              17.168315
            ],
            [
              121.026998,
              17.168302
            ],
            [
              121.026976,
              17.16829
            ],
            [
              121.02695,
              17.168276
            ],
            [
              121.026903,
              17.168211
            ],
            [
              121.026891,
              17.168161
            ],
            [
              121.026894,
              17.168083
            ],
            [
              121.026893,
              17.168077
            ],
            [
              121.026877,
              17.168004
            ],
            [
              121.026875,
              17.167999
            ],
            [
              121.026872,
              17.167994
            ],
            [
              121.026868,
              17.16799
            ],
            [
              121.02683,
              17.167959
            ],
            [
              121.026826,
              17.167956
            ],
            [
              121.026823,
              17.167955
            ],
            [
              121.026822,
              17.167954
            ],
            [
              121.026817,
              17.167953
            ],
            [
              121.026815,
              17.167953
            ],
            [
              121.026812,
              17.167952
            ],
            [
              121.026758,
              17.167953
            ],
            [
              121.026753,
              17.167953
            ],
            [
              121.026751,
              17.167954
            ],
            [
              121.026749,
              17.167955
            ],
            [
              121.026744,
              17.167957
            ],
            [
              121.026679,
              17.167993
            ],
            [
              121.026676,
              17.167995
            ],
            [
              121.026674,
              17.167996
            ],
            [
              121.026575,
              17.168085
            ],
            [
              121.026502,
              17.16815
            ],
            [
              121.02632,
              17.168135
            ],
            [
              121.026315,
              17.168135
            ],
            [
              121.026309,
              17.168136
            ],
            [
              121.026304,
              17.168138
            ],
            [
              121.0263,
              17.168141
            ],
            [
              121.026296,
              17.168145
            ],
            [
              121.026293,
              17.16815
            ],
            [
              121.026291,
              17.168155
            ],
            [
              121.02629,
              17.16816
            ],
            [
              121.02629,
              17.168165
            ],
            [
              121.026291,
              17.16817
            ],
            [
              121.026293,
              17.168175
            ],
            [
              121.026296,
              17.168179
            ],
            [
              121.0263,
              17.168183
            ],
            [
              121.026305,
              17.168186
            ],
            [
              121.02631,
              17.168188
            ],
            [
              121.026311,
              17.168188
            ],
            [
              121.026315,
              17.168189
            ],
            [
              121.02651,
              17.168205
            ],
            [
              121.026516,
              17.168205
            ],
            [
              121.026522,
              17.168204
            ],
            [
              121.026525,
              17.168202
            ],
            [
              121.026529,
              17.1682
            ],
            [
              121.026532,
              17.168198
            ],
            [
              121.026613,
              17.168125
            ],
            [
              121.02671,
              17.168038
            ],
            [
              121.026766,
              17.168007
            ],
            [
              121.026774,
              17.168007
            ],
            [
              121.026802,
              17.168006
            ],
            [
              121.026815,
              17.168017
            ],
            [
              121.026824,
              17.168025
            ],
            [
              121.026837,
              17.168085
            ],
            [
              121.026835,
              17.168147
            ],
            [
              121.026835,
              17.168163
            ],
            [
              121.026836,
              17.16817
            ],
            [
              121.02685,
              17.168228
            ],
            [
              121.026851,
              17.168231
            ],
            [
              121.026851,
              17.168233
            ],
            [
              121.026852,
              17.168235
            ],
            [
              121.026854,
              17.168237
            ],
            [
              121.026907,
              17.168311
            ],
            [
              121.026909,
              17.168314
            ],
            [
              121.026911,
              17.168316
            ],
            [
              121.026913,
              17.168317
            ],
            [
              121.026916,
              17.168319
            ],
            [
              121.026974,
              17.168351
            ],
            [
              121.026979,
              17.168353
            ],
            [
              121.026981,
              17.168354
            ],
            [
              121.026983,
              17.168355
            ],
            [
              121.027161,
              17.168386
            ],
            [
              121.0273,
              17.16841
            ],
            [
              121.027369,
              17.168437
            ],
            [
              121.027373,
              17.168438
            ],
            [
              121.027435,
              17.168452
            ],
            [
              121.027438,
              17.168452
            ],
            [
              121.027472,
              17.168456
            ],
            [
              121.027478,
              17.168457
            ],
            [
              121.027483,
              17.168457
            ],
            [
              121.027488,
              17.168456
            ],
            [
              121.027523,
              17.168447
            ],
            [
              121.027532,
              17.168445
            ],
            [
              121.027534,
              17.168444
            ],
            [
              121.027573,
              17.168432
            ],
            [
              121.027581,
              17.168429
            ],
            [
              121.027622,
              17.168428
            ],
            [
              121.027682,
              17.168451
            ],
            [
              121.027705,
              17.168471
            ],
            [
              121.027717,
              17.168481
            ],
            [
              121.027727,
              17.168529
            ],
            [
              121.027722,
              17.168546
            ],
            [
              121.027712,
              17.168578
            ],
            [
              121.027638,
              17.168703
            ],
            [
              121.027637,
              17.168705
            ],
            [
              121.027637,
              17.168706
            ],
            [
              121.0276,
              17.16879
            ],
            [
              121.027598,
              17.168795
            ],
            [
              121.027598,
              17.168797
            ],
            [
              121.027597,
              17.168801
            ],
            [
              121.027599,
              17.168832
            ],
            [
              121.027599,
              17.168841
            ],
            [
              121.0276,
              17.168847
            ],
            [
              121.027628,
              17.168927
            ],
            [
              121.027663,
              17.169026
            ],
            [
              121.027693,
              17.169108
            ],
            [
              121.027732,
              17.169211
            ],
            [
              121.027734,
              17.169215
            ],
            [
              121.027768,
              17.169272
            ],
            [
              121.02777,
              17.169275
            ],
            [
              121.027872,
              17.169407
            ],
            [
              121.027874,
              17.169408
            ],
            [
              121.027877,
              17.169411
            ],
            [
              121.027902,
              17.169431
            ],
            [
              121.027927,
              17.169451
            ],
            [
              121.027931,
              17.169453
            ],
            [
              121.027992,
              17.169485
            ],
            [
              121.027994,
              17.169486
            ],
            [
              121.027996,
              17.169487
            ],
            [
              121.028031,
              17.169498
            ],
            [
              121.028086,
              17.169515
            ],
            [
              121.028087,
              17.169515
            ],
            [
              121.028088,
              17.169516
            ],
            [
              121.028121,
              17.169524
            ],
            [
              121.028169,
              17.169535
            ],
            [
              121.028175,
              17.169536
            ],
            [
              121.028205,
              17.169538
            ],
            [
              121.028233,
              17.169539
            ],
            [
              121.028238,
              17.169539
            ],
            [
              121.028241,
              17.169538
            ],
            [
              121.028243,
              17.169537
            ],
            [
              121.028245,
              17.169536
            ],
            [
              121.028247,
              17.169536
            ],
            [
              121.028252,
              17.169533
            ],
            [
              121.028325,
              17.169477
            ],
            [
              121.028332,
              17.169472
            ],
            [
              121.028383,
              17.169444
            ],
            [
              121.028428,
              17.169427
            ],
            [
              121.028394,
              17.16945
            ],
            [
              121.028386,
              17.169453
            ],
            [
              121.028351,
              17.169472
            ],
            [
              121.028312,
              17.169504
            ],
            [
              121.028053,
              17.169672
            ],
            [
              121.02822,
              17.169547
            ],
            [
              121.028171,
              17.169545
            ],
            [
              121.028085,
              17.169524
            ],
            [
              121.027991,
              17.169495
            ],
            [
              121.027925,
              17.16946
            ],
            [
              121.027869,
              17.169416
            ],
            [
              121.027763,
              17.169279
            ],
            [
              121.027726,
              17.169217
            ],
            [
              121.027655,
              17.169029
            ],
            [
              121.027591,
              17.168845
            ],
            [
              121.027589,
              17.168793
            ],
            [
              121.027631,
              17.1687
            ],
            [
              121.027705,
              17.168574
            ],
            [
              121.027719,
              17.168529
            ],
            [
              121.02771,
              17.168486
            ],
            [
              121.027679,
              17.168459
            ],
            [
              121.027621,
              17.168437
            ],
            [
              121.027582,
              17.168438
            ],
            [
              121.027535,
              17.168453
            ],
            [
              121.027484,
              17.168467
            ],
            [
              121.027435,
              17.168461
            ],
            [
              121.027369,
              17.168446
            ],
            [
              121.027298,
              17.168418
            ],
            [
              121.02716,
              17.168395
            ],
            [
              121.026976,
              17.168362
            ],
            [
              121.026906,
              17.168324
            ],
            [
              121.026844,
              17.168237
            ],
            [
              121.026827,
              17.168168
            ],
            [
              121.02683,
              17.168086
            ],
            [
              121.026817,
              17.16803
            ],
            [
              121.026799,
              17.168015
            ],
            [
              121.026768,
              17.168016
            ],
            [
              121.026714,
              17.168045
            ],
            [
              121.026618,
              17.168132
            ],
            [
              121.026525,
              17.168215
            ],
            [
              121.026315,
              17.168198
            ],
            [
              121.026296,
              17.168431
            ],
            [
              121.026606,
              17.168457
            ],
            [
              121.026671,
              17.168398
            ],
            [
              121.026747,
              17.168503
            ],
            [
              121.026897,
              17.168586
            ],
            [
              121.02712,
              17.168625
            ],
            [
              121.027235,
              17.168645
            ],
            [
              121.0273,
              17.16867
            ],
            [
              121.02738,
              17.168688
            ],
            [
              121.027354,
              17.168748
            ],
            [
              121.027359,
              17.168889
            ],
            [
              121.027436,
              17.169109
            ],
            [
              121.027515,
              17.169319
            ],
            [
              121.027569,
              17.169411
            ],
            [
              121.027702,
              17.169583
            ],
            [
              121.027798,
              17.169657
            ],
            [
              121.027901,
              17.169711
            ],
            [
              121.027963,
              17.169731
            ],
            [
              121.027889,
              17.169779
            ],
            [
              121.027369,
              17.170225
            ],
            [
              121.027353,
              17.170384
            ],
            [
              121.027151,
              17.170338
            ],
            [
              121.027136,
              17.170291
            ],
            [
              121.027077,
              17.170215
            ],
            [
              121.026961,
              17.170125
            ],
            [
              121.026863,
              17.170072
            ],
            [
              121.026725,
              17.169978
            ],
            [
              121.026669,
              17.169929
            ],
            [
              121.026575,
              17.169835
            ],
            [
              121.026517,
              17.169768
            ],
            [
              121.026468,
              17.169714
            ],
            [
              121.02641,
              17.16967
            ],
            [
              121.026307,
              17.169598
            ],
            [
              121.026222,
              17.169545
            ],
            [
              121.026115,
              17.169442
            ],
            [
              121.026026,
              17.169353
            ],
            [
              121.026012,
              17.169321
            ],
            [
              121.025874,
              17.169259
            ],
            [
              121.025843,
              17.169223
            ],
            [
              121.025802,
              17.169183
            ],
            [
              121.025784,
              17.169143
            ],
            [
              121.025717,
              17.169094
            ],
            [
              121.025615,
              17.169027
            ],
            [
              121.025566,
              17.16896
            ],
            [
              121.025508,
              17.168906
            ],
            [
              121.0254,
              17.168879
            ],
            [
              121.025289,
              17.168879
            ],
            [
              121.025177,
              17.168875
            ],
            [
              121.02511,
              17.168852
            ],
            [
              121.025083,
              17.168812
            ],
            [
              121.025003,
              17.168799
            ],
            [
              121.024918,
              17.168803
            ],
            [
              121.02482,
              17.168839
            ],
            [
              121.024748,
              17.168848
            ],
            [
              121.024659,
              17.168852
            ],
            [
              121.024525,
              17.168848
            ],
            [
              121.024409,
              17.16883
            ],
            [
              121.024244,
              17.168861
            ],
            [
              121.024047,
              17.168884
            ],
            [
              121.023681,
              17.168875
            ],
            [
              121.02329,
              17.168714
            ],
            [
              121.022767,
              17.168544
            ],
            [
              121.022655,
              17.168062
            ]
          ]
        ]
      }
    },
    {
      "type": "Feature",
      "properties": {
        "classification": "INSTITUTIONAL",
        "road_carve_m": 3
      },
      "geometry": {
        "type": "Polygon",
        "coordinates": [
          [
            [
              121.030786,
              17.166368
            ],
            [
              121.030794,
              17.166369
            ],
            [
              121.030799,
              17.166369
            ],
            [
              121.030988,
              17.166345
            ],
            [
              121.031035,
              17.166355
            ],
            [
              121.031178,
              17.166406
            ],
            [
              121.031207,
              17.166419
            ],
            [
              121.031206,
              17.16644
            ],
            [
              121.031206,
              17.166478
            ],
            [
              121.031208,
              17.166483
            ],
            [
              121.031211,
              17.166488
            ],
            [
              121.031214,
              17.166492
            ],
            [
              121.031218,
              17.166495
            ],
            [
              121.031223,
              17.166498
            ],
            [
              121.031228,
              17.166499
            ],
            [
              121.031234,
              17.1665
            ],
            [
              121.03124,
              17.166499
            ],
            [
              121.031245,
              17.166498
            ],
            [
              121.03125,
              17.166495
            ],
            [
              121.031254,
              17.166492
            ],
            [
              121.031257,
              17.166488
            ],
            [
              121.03126,
              17.166483
            ],
            [
              121.031262,
              17.166478
            ],
            [
              121.031262,
              17.166442
            ],
            [
              121.031264,
              17.166404
            ],
            [
              121.031263,
              17.166399
            ],
            [
              121.031262,
              17.166394
            ],
            [
              121.03126,
              17.16639
            ],
            [
              121.031328,
              17.166362
            ],
            [
              121.031572,
              17.166479
            ],
            [
              121.031728,
              17.166597
            ],
            [
              121.03179,
              17.166772
            ],
            [
              121.03098,
              17.167071
            ],
            [
              121.030827,
              17.166738
            ],
            [
              121.030786,
              17.166368
            ]
          ]
        ]
      }
    },
    {
      "type": "Feature",
      "properties": {
        "classification": "R-1",
        "source": "road-tag",
        "buffer_m": 30,
        "road_keys": [
          "234705783|sadanga|121.0444308,17.1670428"
        ],
        "road_carve_m": 3
      },
      "geometry": {
        "type": "Polygon",
        "coordinates": [
          [
            [
              121.042108,
              17.165866
            ],
            [
              121.042189,
              17.16585
            ],
            [
              121.042243,
              17.165845
            ],
            [
              121.042498,
              17.165845
            ],
            [
              121.042562,
              17.165852
            ],
            [
              121.042623,
              17.165873
            ],
            [
              121.042647,
              17.165885
            ],
            [
              121.04261,
              17.165877
            ],
            [
              121.042603,
              17.165876
            ],
            [
              121.042441,
              17.165877
            ],
            [
              121.042439,
              17.165877
            ],
            [
              121.042139,
              17.1659
            ],
            [
              121.042129,
              17.165895
            ],
            [
              121.042126,
              17.165894
            ],
            [
              121.042108,
              17.165866
            ]
          ]
        ]
      }
    },
    {
      "type": "Feature",
      "properties": {
        "classification": "R-1",
        "source": "road-tag",
        "buffer_m": 30,
        "road_keys": [
          "234705783|sadanga|121.0444308,17.1670428"
        ],
        "road_carve_m": 3
      },
      "geometry": {
        "type": "Polygon",
        "coordinates": [
          [
            [
              121.042972,
              17.166037
            ],
            [
              121.043107,
              17.166101
            ],
            [
              121.043161,
              17.166134
            ],
            [
              121.043196,
              17.166168
            ],
            [
              121.0433,
              17.166139
            ],
            [
              121.043344,
              17.16613
            ],
            [
              121.043389,
              17.166127
            ],
            [
              121.043591,
              17.166133
            ],
            [
              121.043641,
              17.166124
            ],
            [
              121.04374,
              17.166082
            ],
            [
              121.043795,
              17.166065
            ],
            [
              121.043852,
              17.166059
            ],
            [
              121.043924,
              17.166059
            ],
            [
              121.043978,
              17.166063
            ],
            [
              121.044031,
              17.166078
            ],
            [
              121.04408,
              17.166102
            ],
            [
              121.044123,
              17.166135
            ],
            [
              121.044175,
              17.166184
            ],
            [
              121.044213,
              17.166228
            ],
            [
              121.044241,
              17.16628
            ],
            [
              121.044343,
              17.166532
            ],
            [
              121.044475,
              17.166777
            ],
            [
              121.044479,
              17.166777
            ],
            [
              121.044533,
              17.166791
            ],
            [
              121.044582,
              17.166815
            ],
            [
              121.044626,
              17.166847
            ],
            [
              121.044662,
              17.166888
            ],
            [
              121.044689,
              17.166934
            ],
            [
              121.044706,
              17.166984
            ],
            [
              121.044713,
              17.167036
            ],
            [
              121.044709,
              17.167089
            ],
            [
              121.044694,
              17.16714
            ],
            [
              121.044669,
              17.167187
            ],
            [
              121.044657,
              17.167202
            ],
            [
              121.044533,
              17.167095
            ],
            [
              121.044454,
              17.167026
            ],
            [
              121.044312,
              17.166759
            ],
            [
              121.044294,
              17.166725
            ],
            [
              121.044125,
              17.166357
            ],
            [
              121.044125,
              17.166356
            ],
            [
              121.044095,
              17.166296
            ],
            [
              121.044091,
              17.166288
            ],
            [
              121.044088,
              17.166283
            ],
            [
              121.044087,
              17.166282
            ],
            [
              121.044084,
              17.16628
            ],
            [
              121.044046,
              17.166246
            ],
            [
              121.044033,
              17.166235
            ],
            [
              121.044032,
              17.166234
            ],
            [
              121.044029,
              17.166233
            ],
            [
              121.044027,
              17.166231
            ],
            [
              121.044025,
              17.16623
            ],
            [
              121.04402,
              17.166229
            ],
            [
              121.044015,
              17.166228
            ],
            [
              121.04384,
              17.166223
            ],
            [
              121.043654,
              17.166218
            ],
            [
              121.043652,
              17.166218
            ],
            [
              121.043311,
              17.166227
            ],
            [
              121.043302,
              17.166227
            ],
            [
              121.043217,
              17.166201
            ],
            [
              121.043182,
              17.166181
            ],
            [
              121.043062,
              17.166114
            ],
            [
              121.042972,
              17.166037
            ]
          ]
        ]
      }
    },
    {
      "type": "Feature",
      "properties": {
        "classification": "R-3"
      },
      "geometry": {
        "type": "Polygon",
        "coordinates": [
          [
            [
              121.022213,
              17.171187
            ],
            [
              121.022564,
              17.171039
            ],
            [
              121.023835,
              17.170075
            ],
            [
              121.022837,
              17.168834
            ],
            [
              121.022767,
              17.168544
            ],
            [
              121.02329,
              17.168714
            ],
            [
              121.023681,
              17.168875
            ],
            [
              121.024047,
              17.168884
            ],
            [
              121.024244,
              17.168861
            ],
            [
              121.024409,
              17.16883
            ],
            [
              121.024525,
              17.168848
            ],
            [
              121.024659,
              17.168852
            ],
            [
              121.024748,
              17.168848
            ],
            [
              121.02482,
              17.168839
            ],
            [
              121.024918,
              17.168803
            ],
            [
              121.025003,
              17.168799
            ],
            [
              121.025083,
              17.168812
            ],
            [
              121.02511,
              17.168852
            ],
            [
              121.025177,
              17.168875
            ],
            [
              121.025289,
              17.168879
            ],
            [
              121.0254,
              17.168879
            ],
            [
              121.025508,
              17.168906
            ],
            [
              121.025566,
              17.16896
            ],
            [
              121.025615,
              17.169027
            ],
            [
              121.025717,
              17.169094
            ],
            [
              121.025784,
              17.169143
            ],
            [
              121.025802,
              17.169183
            ],
            [
              121.025843,
              17.169223
            ],
            [
              121.025874,
              17.169259
            ],
            [
              121.026012,
              17.169321
            ],
            [
              121.026026,
              17.169353
            ],
            [
              121.026115,
              17.169442
            ],
            [
              121.026222,
              17.169545
            ],
            [
              121.026307,
              17.169598
            ],
            [
              121.02641,
              17.16967
            ],
            [
              121.026468,
              17.169714
            ],
            [
              121.026517,
              17.169768
            ],
            [
              121.026575,
              17.169835
            ],
            [
              121.026669,
              17.169929
            ],
            [
              121.026725,
              17.169978
            ],
            [
              121.026863,
              17.170072
            ],
            [
              121.026961,
              17.170125
            ],
            [
              121.027077,
              17.170215
            ],
            [
              121.027136,
              17.170291
            ],
            [
              121.027151,
              17.170338
            ],
            [
              121.027185,
              17.170398
            ],
            [
              121.026785,
              17.170393
            ],
            [
              121.025632,
              17.170354
            ],
            [
              121.025535,
              17.172233
            ],
            [
              121.025339,
              17.17234
            ],
            [
              121.023736,
              17.172238
            ],
            [
              121.022679,
              17.172256
            ],
            [
              121.022577,
              17.172194
            ],
            [
              121.0224,
              17.171884
            ],
            [
              121.022218,
              17.171449
            ],
            [
              121.022213,
              17.171187
            ]
          ]
        ]
      }
    },
    {
      "type": "Feature",
      "properties": {
        "classification": "C-1",
        "source": "band-tag",
        "band_keys": [
          "1118554927__sacasacan__0-30",
          "1118554918__sacasacan__0-30"
        ],
        "road_carve_m": 3
      },
      "geometry": {
        "type": "Polygon",
        "coordinates": [
          [
            [
              121.017351,
              17.163997
            ],
            [
              121.017415,
              17.163956
            ],
            [
              121.017405,
              17.163943
            ],
            [
              121.01742,
              17.163931
            ],
            [
              121.017488,
              17.163896
            ],
            [
              121.017492,
              17.163893
            ],
            [
              121.017496,
              17.163889
            ],
            [
              121.017499,
              17.163884
            ],
            [
              121.017501,
              17.163879
            ],
            [
              121.017512,
              17.163838
            ],
            [
              121.017527,
              17.163821
            ],
            [
              121.017543,
              17.163818
            ],
            [
              121.017557,
              17.163815
            ],
            [
              121.017615,
              17.163808
            ],
            [
              121.017615,
              17.163809
            ],
            [
              121.01761,
              17.163818
            ],
            [
              121.017626,
              17.163816
            ],
            [
              121.01765,
              17.163831
            ],
            [
              121.017916,
              17.163808
            ],
            [
              121.018076,
              17.163766
            ],
            [
              121.018449,
              17.163788
            ],
            [
              121.018492,
              17.163766
            ],
            [
              121.018493,
              17.163766
            ],
            [
              121.018494,
              17.163765
            ],
            [
              121.018495,
              17.163765
            ],
            [
              121.018496,
              17.163764
            ],
            [
              121.018543,
              17.16374
            ],
            [
              121.018719,
              17.163547
            ],
            [
              121.018763,
              17.163525
            ],
            [
              121.018803,
              17.163521
            ],
            [
              121.018908,
              17.163555
            ],
            [
              121.018957,
              17.163549
            ],
            [
              121.019039,
              17.163493
            ],
            [
              121.019066,
              17.163431
            ],
            [
              121.019103,
              17.163124
            ],
            [
              121.019348,
              17.16295
            ],
            [
              121.019424,
              17.162929
            ],
            [
              121.019428,
              17.162929
            ],
            [
              121.019478,
              17.16293
            ],
            [
              121.019583,
              17.162936
            ],
            [
              121.019584,
              17.162938
            ],
            [
              121.019586,
              17.162944
            ],
            [
              121.019589,
              17.162949
            ],
            [
              121.019593,
              17.162953
            ],
            [
              121.019605,
              17.162963
            ],
            [
              121.01962,
              17.162975
            ],
            [
              121.019624,
              17.162978
            ],
            [
              121.019625,
              17.162979
            ],
            [
              121.019627,
              17.16298
            ],
            [
              121.019631,
              17.162981
            ],
            [
              121.019693,
              17.162998
            ],
            [
              121.019694,
              17.162998
            ],
            [
              121.019696,
              17.162999
            ],
            [
              121.019721,
              17.163003
            ],
            [
              121.019769,
              17.163011
            ],
            [
              121.019771,
              17.163012
            ],
            [
              121.019772,
              17.163012
            ],
            [
              121.019781,
              17.163013
            ],
            [
              121.019683,
              17.163097
            ],
            [
              121.019452,
              17.163162
            ],
            [
              121.019327,
              17.163248
            ],
            [
              121.01929,
              17.163502
            ],
            [
              121.019233,
              17.163633
            ],
            [
              121.019136,
              17.16372
            ],
            [
              121.019027,
              17.163776
            ],
            [
              121.018889,
              17.163793
            ],
            [
              121.018831,
              17.163776
            ],
            [
              121.018746,
              17.163871
            ],
            [
              121.018604,
              17.163986
            ],
            [
              121.018491,
              17.16402
            ],
            [
              121.018102,
              17.164003
            ],
            [
              121.017947,
              17.16404
            ],
            [
              121.017695,
              17.164062
            ],
            [
              121.017496,
              17.16418
            ],
            [
              121.017351,
              17.163997
            ]
          ]
        ]
      }
    },
    {
      "type": "Feature",
      "properties": {
        "classification": "INSTITUTIONAL"
      },
      "geometry": {
        "type": "Polygon",
        "coordinates": [
          [
            [
              121.010426,
              17.180154
            ],
            [
              121.010375,
              17.180049
            ],
            [
              121.01037,
              17.179897
            ],
            [
              121.010579,
              17.179762
            ],
            [
              121.010713,
              17.179759
            ],
            [
              121.010791,
              17.179972
            ],
            [
              121.010804,
              17.180072
            ],
            [
              121.010426,
              17.180154
            ]
          ]
        ]
      }
    },
    {
      "type": "Feature",
      "properties": {
        "classification": "R-6"
      },
      "geometry": {
        "type": "MultiPolygon",
        "coordinates": [
          [
            [
              [
                121.00716,
                17.180405
              ],
              [
                121.007364,
                17.179928
              ],
              [
                121.007793,
                17.179549
              ],
              [
                121.009665,
                17.179059
              ],
              [
                121.009801,
                17.179041
              ],
              [
                121.009858,
                17.179075
              ],
              [
                121.011121,
                17.179382
              ],
              [
                121.011477,
                17.180023
              ],
              [
                121.011545,
                17.180431
              ],
              [
                121.011364,
                17.180472
              ],
              [
                121.011272,
                17.180478
              ],
              [
                121.011013,
                17.180478
              ],
              [
                121.010968,
                17.180488
              ],
              [
                121.010835,
                17.180515
              ],
              [
                121.010578,
                17.180617
              ],
              [
                121.010138,
                17.180749
              ],
              [
                121.009947,
                17.1809
              ],
              [
                121.009852,
                17.181033
              ],
              [
                121.009845,
                17.181042
              ],
              [
                121.009756,
                17.18119
              ],
              [
                121.009751,
                17.181195
              ],
              [
                121.009571,
                17.181248
              ],
              [
                121.008321,
                17.181596
              ],
              [
                121.008174,
                17.182112
              ],
              [
                121.00805,
                17.182135
              ],
              [
                121.007889,
                17.181999
              ],
              [
                121.007364,
                17.18052
              ],
              [
                121.00716,
                17.180564
              ],
              [
                121.00716,
                17.180405
              ]
            ]
          ],
          [
            [
              [
                121.01037,
                17.179897
              ],
              [
                121.010375,
                17.180049
              ],
              [
                121.010426,
                17.180154
              ],
              [
                121.010804,
                17.180072
              ],
              [
                121.010791,
                17.179972
              ],
              [
                121.010713,
                17.179759
              ],
              [
                121.010579,
                17.179762
              ],
              [
                121.01037,
                17.179897
              ]
            ]
          ]
        ]
      }
    },
    {
      "type": "Feature",
      "properties": {
        "classification": "R-6"
      },
      "geometry": {
        "type": "Polygon",
        "coordinates": [
          [
            [
              121.009888,
              17.180982
            ],
            [
              121.009947,
              17.1809
            ],
            [
              121.010138,
              17.180749
            ],
            [
              121.010578,
              17.180617
            ],
            [
              121.010835,
              17.180515
            ],
            [
              121.010968,
              17.180488
            ],
            [
              121.011013,
              17.180478
            ],
            [
              121.011272,
              17.180478
            ],
            [
              121.011364,
              17.180472
            ],
            [
              121.011545,
              17.180431
            ],
            [
              121.011571,
              17.180561
            ],
            [
              121.011574,
              17.180805
            ],
            [
              121.009888,
              17.180982
            ]
          ]
        ]
      }
    },
    {
      "type": "Feature",
      "properties": {
        "classification": "INSTITUTIONAL"
      },
      "geometry": {
        "type": "Polygon",
        "coordinates": [
          [
            [
              121.012507,
              17.182496
            ],
            [
              121.012534,
              17.182381
            ],
            [
              121.01259,
              17.182342
            ],
            [
              121.012716,
              17.182322
            ],
            [
              121.0128,
              17.182363
            ],
            [
              121.012778,
              17.182458
            ],
            [
              121.012754,
              17.182529
            ],
            [
              121.012676,
              17.182532
            ],
            [
              121.012507,
              17.182496
            ]
          ]
        ]
      }
    },
    {
      "type": "Feature",
      "properties": {
        "classification": "R-6"
      },
      "geometry": {
        "type": "MultiPolygon",
        "coordinates": [
          [
            [
              [
                121.012003,
                17.181128
              ],
              [
                121.012266,
                17.18093
              ],
              [
                121.012379,
                17.180915
              ],
              [
                121.012931,
                17.181148
              ],
              [
                121.013044,
                17.181243
              ],
              [
                121.013457,
                17.181794
              ],
              [
                121.013449,
                17.182614
              ],
              [
                121.013363,
                17.182868
              ],
              [
                121.013001,
                17.182939
              ],
              [
                121.012266,
                17.18256
              ],
              [
                121.01211,
                17.182271
              ],
              [
                121.012006,
                17.182001
              ],
              [
                121.012003,
                17.181128
              ]
            ]
          ],
          [
            [
              [
                121.012507,
                17.182496
              ],
              [
                121.012676,
                17.182532
              ],
              [
                121.012754,
                17.182529
              ],
              [
                121.012778,
                17.182458
              ],
              [
                121.0128,
                17.182363
              ],
              [
                121.012716,
                17.182322
              ],
              [
                121.01259,
                17.182342
              ],
              [
                121.012534,
                17.182381
              ],
              [
                121.012507,
                17.182496
              ]
            ]
          ]
        ]
      }
    },
    {
      "type": "Feature",
      "properties": {
        "classification": "INSTITUTIONAL"
      },
      "geometry": {
        "type": "Polygon",
        "coordinates": [
          [
            [
              121.060458,
              17.143874
            ],
            [
              121.060632,
              17.144165
            ],
            [
              121.060978,
              17.144065
            ],
            [
              121.061453,
              17.143739
            ],
            [
              121.061276,
              17.143459
            ],
            [
              121.060458,
              17.143874
            ]
          ]
        ]
      }
    },
    {
      "type": "Feature",
      "properties": {
        "classification": "INSTITUTIONAL"
      },
      "geometry": {
        "type": "Polygon",
        "coordinates": [
          [
            [
              121.073123,
              17.14776
            ],
            [
              121.073241,
              17.14766
            ],
            [
              121.073359,
              17.147686
            ],
            [
              121.073426,
              17.147848
            ],
            [
              121.073391,
              17.147927
            ],
            [
              121.073273,
              17.148017
            ],
            [
              121.073174,
              17.147965
            ],
            [
              121.073115,
              17.147853
            ],
            [
              121.073123,
              17.14776
            ]
          ]
        ]
      }
    },
    {
      "type": "Feature",
      "properties": {
        "classification": "R-4"
      },
      "geometry": {
        "type": "Polygon",
        "coordinates": [
          [
            [
              121.05972,
              17.144248
            ],
            [
              121.060366,
              17.144488
            ],
            [
              121.060672,
              17.14478
            ],
            [
              121.060589,
              17.1449
            ],
            [
              121.060766,
              17.145054
            ],
            [
              121.061042,
              17.145431
            ],
            [
              121.061283,
              17.14531
            ],
            [
              121.061769,
              17.145846
            ],
            [
              121.061493,
              17.146013
            ],
            [
              121.061616,
              17.146207
            ],
            [
              121.061519,
              17.146302
            ],
            [
              121.061777,
              17.146459
            ],
            [
              121.061417,
              17.14691
            ],
            [
              121.061425,
              17.147356
            ],
            [
              121.06227,
              17.147356
            ],
            [
              121.062479,
              17.147356
            ],
            [
              121.062466,
              17.148004
            ],
            [
              121.061755,
              17.148009
            ],
            [
              121.061248,
              17.147771
            ],
            [
              121.061128,
              17.147599
            ],
            [
              121.060983,
              17.147205
            ],
            [
              121.06112,
              17.147207
            ],
            [
              121.061066,
              17.146331
            ],
            [
              121.061002,
              17.146049
            ],
            [
              121.060479,
              17.145326
            ],
            [
              121.060087,
              17.14477
            ],
            [
              121.06005,
              17.144485
            ],
            [
              121.059708,
              17.144342
            ],
            [
              121.05972,
              17.144248
            ]
          ]
        ]
      }
    },
    {
      "type": "Feature",
      "properties": {
        "classification": "R-5"
      },
      "geometry": {
        "type": "Polygon",
        "coordinates": [
          [
            [
              121.06949,
              17.149635
            ],
            [
              121.069769,
              17.148907
            ],
            [
              121.070788,
              17.148303
            ],
            [
              121.07081,
              17.148169
            ],
            [
              121.071512,
              17.1478
            ],
            [
              121.071748,
              17.147723
            ],
            [
              121.073556,
              17.147636
            ],
            [
              121.073899,
              17.147687
            ],
            [
              121.074049,
              17.147744
            ],
            [
              121.074339,
              17.147734
            ],
            [
              121.074827,
              17.147846
            ],
            [
              121.075133,
              17.147857
            ],
            [
              121.076334,
              17.149169
            ],
            [
              121.07679,
              17.149077
            ],
            [
              121.076784,
              17.149297
            ],
            [
              121.076457,
              17.149876
            ],
            [
              121.075631,
              17.150866
            ],
            [
              121.075615,
              17.152445
            ],
            [
              121.076034,
              17.152865
            ],
            [
              121.076055,
              17.153039
            ],
            [
              121.075664,
              17.153085
            ],
            [
              121.074269,
              17.152988
            ],
            [
              121.073781,
              17.153244
            ],
            [
              121.073674,
              17.15327
            ],
            [
              121.072408,
              17.152901
            ],
            [
              121.070139,
              17.151214
            ],
            [
              121.069501,
              17.149753
            ],
            [
              121.06949,
              17.149635
            ]
          ],
          [
            [
              121.073115,
              17.147853
            ],
            [
              121.073174,
              17.147965
            ],
            [
              121.073273,
              17.148017
            ],
            [
              121.073391,
              17.147927
            ],
            [
              121.073426,
              17.147848
            ],
            [
              121.073359,
              17.147686
            ],
            [
              121.073241,
              17.14766
            ],
            [
              121.073123,
              17.14776
            ],
            [
              121.073115,
              17.147853
            ]
          ]
        ]
      }
    },
    {
      "type": "Feature",
      "properties": {
        "classification": "R-5"
      },
      "geometry": {
        "type": "Polygon",
        "coordinates": [
          [
            [
              121.07082,
              17.147928
            ],
            [
              121.070901,
              17.147651
            ],
            [
              121.071448,
              17.147272
            ],
            [
              121.072365,
              17.146093
            ],
            [
              121.07236,
              17.145975
            ],
            [
              121.072569,
              17.14595
            ],
            [
              121.073647,
              17.146006
            ],
            [
              121.074977,
              17.147682
            ],
            [
              121.074328,
              17.147564
            ],
            [
              121.073255,
              17.147518
            ],
            [
              121.073095,
              17.147518
            ],
            [
              121.072011,
              17.147605
            ],
            [
              121.071802,
              17.14758
            ],
            [
              121.071368,
              17.147662
            ],
            [
              121.07082,
              17.147928
            ]
          ]
        ]
      }
    },
    {
      "type": "Feature",
      "properties": {
        "classification": "R-5"
      },
      "geometry": {
        "type": "Polygon",
        "coordinates": [
          [
            [
              121.061515,
              17.133916
            ],
            [
              121.061096,
              17.133568
            ],
            [
              121.061277,
              17.131908
            ],
            [
              121.062055,
              17.131698
            ],
            [
              121.062452,
              17.131637
            ],
            [
              121.06294,
              17.131826
            ],
            [
              121.063685,
              17.132477
            ],
            [
              121.063809,
              17.132677
            ],
            [
              121.0639,
              17.133328
            ],
            [
              121.063755,
              17.133518
            ],
            [
              121.063288,
              17.133898
            ],
            [
              121.062811,
              17.133969
            ],
            [
              121.062307,
              17.133959
            ],
            [
              121.061515,
              17.133916
            ]
          ]
        ]
      }
    },
    {
      "type": "Feature",
      "properties": {
        "classification": "C-1",
        "road_carve_m": 3
      },
      "geometry": {
        "type": "Polygon",
        "coordinates": [
          [
            [
              121.056472,
              17.134476
            ],
            [
              121.056598,
              17.134228
            ],
            [
              121.056818,
              17.134397
            ],
            [
              121.056822,
              17.1344
            ],
            [
              121.056826,
              17.134401
            ],
            [
              121.05709,
              17.134496
            ],
            [
              121.057517,
              17.134656
            ],
            [
              121.057568,
              17.134703
            ],
            [
              121.057586,
              17.134749
            ],
            [
              121.057545,
              17.134995
            ],
            [
              121.057523,
              17.135139
            ],
            [
              121.057479,
              17.135223
            ],
            [
              121.057388,
              17.135342
            ],
            [
              121.057387,
              17.135343
            ],
            [
              121.057322,
              17.135435
            ],
            [
              121.057319,
              17.135441
            ],
            [
              121.057317,
              17.135447
            ],
            [
              121.057301,
              17.135563
            ],
            [
              121.057285,
              17.135688
            ],
            [
              121.057285,
              17.135977
            ],
            [
              121.057308,
              17.136126
            ],
            [
              121.057309,
              17.136132
            ],
            [
              121.057436,
              17.136436
            ],
            [
              121.05744,
              17.136529
            ],
            [
              121.05744,
              17.13653
            ],
            [
              121.057444,
              17.136589
            ],
            [
              121.057419,
              17.136648
            ],
            [
              121.057372,
              17.136689
            ],
            [
              121.057294,
              17.136735
            ],
            [
              121.057221,
              17.136766
            ],
            [
              121.05713,
              17.136809
            ],
            [
              121.057125,
              17.136811
            ],
            [
              121.057122,
              17.136814
            ],
            [
              121.057119,
              17.136818
            ],
            [
              121.057095,
              17.13685
            ],
            [
              121.057093,
              17.136854
            ],
            [
              121.057091,
              17.136859
            ],
            [
              121.05709,
              17.136863
            ],
            [
              121.057085,
              17.136918
            ],
            [
              121.057085,
              17.136921
            ],
            [
              121.057087,
              17.136979
            ],
            [
              121.057088,
              17.136985
            ],
            [
              121.057106,
              17.137052
            ],
            [
              121.057108,
              17.137056
            ],
            [
              121.057111,
              17.137061
            ],
            [
              121.05728,
              17.137291
            ],
            [
              121.057365,
              17.137443
            ],
            [
              121.057384,
              17.137537
            ],
            [
              121.057384,
              17.137576
            ],
            [
              121.057134,
              17.13758
            ],
            [
              121.057123,
              17.137518
            ],
            [
              121.056871,
              17.137139
            ],
            [
              121.056837,
              17.137013
            ],
            [
              121.056847,
              17.136773
            ],
            [
              121.056952,
              17.136626
            ],
            [
              121.05711,
              17.136552
            ],
            [
              121.057123,
              17.136339
            ],
            [
              121.057072,
              17.136206
            ],
            [
              121.057046,
              17.135973
            ],
            [
              121.057035,
              17.135683
            ],
            [
              121.057105,
              17.135319
            ],
            [
              121.057268,
              17.135099
            ],
            [
              121.057327,
              17.13485
            ],
            [
              121.056716,
              17.13463
            ],
            [
              121.056472,
              17.134476
            ]
          ]
        ]
      }
    },
    {
      "type": "Feature",
      "properties": {
        "classification": "C-1",
        "road_carve_m": 3
      },
      "geometry": {
        "type": "Polygon",
        "coordinates": [
          [
            [
              121.056624,
              17.134178
            ],
            [
              121.05674,
              17.13395
            ],
            [
              121.056952,
              17.13415
            ],
            [
              121.057692,
              17.134404
            ],
            [
              121.057837,
              17.13454
            ],
            [
              121.057896,
              17.134727
            ],
            [
              121.057789,
              17.13527
            ],
            [
              121.057617,
              17.135552
            ],
            [
              121.057585,
              17.135709
            ],
            [
              121.05759,
              17.136052
            ],
            [
              121.057735,
              17.136401
            ],
            [
              121.05774,
              17.136642
            ],
            [
              121.057671,
              17.136816
            ],
            [
              121.057485,
              17.137047
            ],
            [
              121.057764,
              17.137454
            ],
            [
              121.057767,
              17.13757
            ],
            [
              121.05744,
              17.137575
            ],
            [
              121.05744,
              17.137529
            ],
            [
              121.05742,
              17.137429
            ],
            [
              121.057419,
              17.137425
            ],
            [
              121.057417,
              17.137421
            ],
            [
              121.057329,
              17.137264
            ],
            [
              121.057327,
              17.137262
            ],
            [
              121.05716,
              17.137034
            ],
            [
              121.057143,
              17.136974
            ],
            [
              121.057141,
              17.136921
            ],
            [
              121.057146,
              17.136875
            ],
            [
              121.057161,
              17.136854
            ],
            [
              121.057245,
              17.136815
            ],
            [
              121.057319,
              17.136783
            ],
            [
              121.057322,
              17.136782
            ],
            [
              121.057404,
              17.136734
            ],
            [
              121.057408,
              17.136731
            ],
            [
              121.057462,
              17.136684
            ],
            [
              121.057466,
              17.136679
            ],
            [
              121.057469,
              17.136674
            ],
            [
              121.057499,
              17.136603
            ],
            [
              121.0575,
              17.136598
            ],
            [
              121.057501,
              17.136592
            ],
            [
              121.057497,
              17.136527
            ],
            [
              121.057493,
              17.13643
            ],
            [
              121.057492,
              17.136425
            ],
            [
              121.057491,
              17.136421
            ],
            [
              121.057363,
              17.136115
            ],
            [
              121.057341,
              17.135971
            ],
            [
              121.057341,
              17.135693
            ],
            [
              121.057357,
              17.13557
            ],
            [
              121.057372,
              17.13546
            ],
            [
              121.057434,
              17.135373
            ],
            [
              121.057526,
              17.135253
            ],
            [
              121.057528,
              17.135249
            ],
            [
              121.057575,
              17.13516
            ],
            [
              121.057577,
              17.135156
            ],
            [
              121.057578,
              17.135152
            ],
            [
              121.057601,
              17.135003
            ],
            [
              121.057643,
              17.13475
            ],
            [
              121.057643,
              17.134741
            ],
            [
              121.057642,
              17.134737
            ],
            [
              121.057619,
              17.134678
            ],
            [
              121.057616,
              17.134673
            ],
            [
              121.057612,
              17.134668
            ],
            [
              121.057551,
              17.134614
            ],
            [
              121.057547,
              17.13461
            ],
            [
              121.057542,
              17.134608
            ],
            [
              121.057111,
              17.134445
            ],
            [
              121.05711,
              17.134445
            ],
            [
              121.05685,
              17.134352
            ],
            [
              121.056624,
              17.134178
            ]
          ]
        ]
      }
    },
    {
      "type": "Feature",
      "properties": {
        "classification": "C-1",
        "road_carve_m": 3
      },
      "geometry": {
        "type": "Polygon",
        "coordinates": [
          [
            [
              121.053127,
              17.130576
            ],
            [
              121.053143,
              17.130339
            ],
            [
              121.053358,
              17.130329
            ],
            [
              121.053781,
              17.130393
            ],
            [
              121.054162,
              17.130511
            ],
            [
              121.054438,
              17.130513
            ],
            [
              121.054969,
              17.130701
            ],
            [
              121.055393,
              17.13086
            ],
            [
              121.05575,
              17.131231
            ],
            [
              121.056064,
              17.131752
            ],
            [
              121.056267,
              17.131959
            ],
            [
              121.05606,
              17.132111
            ],
            [
              121.055863,
              17.131888
            ],
            [
              121.055706,
              17.131634
            ],
            [
              121.055622,
              17.131472
            ],
            [
              121.055618,
              17.131466
            ],
            [
              121.055564,
              17.131407
            ],
            [
              121.055558,
              17.131402
            ],
            [
              121.055483,
              17.131354
            ],
            [
              121.055385,
              17.131257
            ],
            [
              121.0553,
              17.131127
            ],
            [
              121.055296,
              17.131123
            ],
            [
              121.055234,
              17.131062
            ],
            [
              121.055231,
              17.131059
            ],
            [
              121.055227,
              17.131057
            ],
            [
              121.055119,
              17.131006
            ],
            [
              121.055116,
              17.131004
            ],
            [
              121.054843,
              17.130915
            ],
            [
              121.054698,
              17.130856
            ],
            [
              121.054697,
              17.130856
            ],
            [
              121.054503,
              17.130786
            ],
            [
              121.0545,
              17.130785
            ],
            [
              121.054388,
              17.130757
            ],
            [
              121.054382,
              17.130756
            ],
            [
              121.05431,
              17.130752
            ],
            [
              121.054306,
              17.130753
            ],
            [
              121.054179,
              17.130766
            ],
            [
              121.054127,
              17.130764
            ],
            [
              121.05405,
              17.130738
            ],
            [
              121.053869,
              17.130657
            ],
            [
              121.053865,
              17.130656
            ],
            [
              121.053809,
              17.130639
            ],
            [
              121.053805,
              17.130638
            ],
            [
              121.053731,
              17.130627
            ],
            [
              121.053549,
              17.130588
            ],
            [
              121.053547,
              17.130588
            ],
            [
              121.053318,
              17.130558
            ],
            [
              121.053311,
              17.130558
            ],
            [
              121.053127,
              17.130576
            ]
          ]
        ]
      }
    },
    {
      "type": "Feature",
      "properties": {
        "classification": "R-4",
        "road_carve_m": 3
      },
      "geometry": {
        "type": "Polygon",
        "coordinates": [
          [
            [
              121.053106,
              17.130872
            ],
            [
              121.053123,
              17.13063
            ],
            [
              121.053313,
              17.130612
            ],
            [
              121.053538,
              17.130641
            ],
            [
              121.053719,
              17.13068
            ],
            [
              121.053721,
              17.13068
            ],
            [
              121.053794,
              17.130691
            ],
            [
              121.053847,
              17.130707
            ],
            [
              121.054027,
              17.130788
            ],
            [
              121.05403,
              17.130789
            ],
            [
              121.054113,
              17.130816
            ],
            [
              121.05412,
              17.130817
            ],
            [
              121.054179,
              17.13082
            ],
            [
              121.054183,
              17.13082
            ],
            [
              121.05431,
              17.130806
            ],
            [
              121.054376,
              17.13081
            ],
            [
              121.054484,
              17.130837
            ],
            [
              121.054677,
              17.130906
            ],
            [
              121.054822,
              17.130965
            ],
            [
              121.054824,
              17.130966
            ],
            [
              121.055096,
              17.131055
            ],
            [
              121.055197,
              17.131103
            ],
            [
              121.055254,
              17.131158
            ],
            [
              121.055339,
              17.131288
            ],
            [
              121.055343,
              17.131292
            ],
            [
              121.055445,
              17.131393
            ],
            [
              121.055449,
              17.131397
            ],
            [
              121.055524,
              17.131445
            ],
            [
              121.055573,
              17.131499
            ],
            [
              121.055656,
              17.131658
            ],
            [
              121.055657,
              17.13166
            ],
            [
              121.055816,
              17.131918
            ],
            [
              121.055819,
              17.131921
            ],
            [
              121.056015,
              17.132144
            ],
            [
              121.055833,
              17.132277
            ],
            [
              121.055613,
              17.132064
            ],
            [
              121.05535,
              17.131641
            ],
            [
              121.055267,
              17.131557
            ],
            [
              121.055063,
              17.131316
            ],
            [
              121.05439,
              17.131059
            ],
            [
              121.054098,
              17.131059
            ],
            [
              121.05379,
              17.130942
            ],
            [
              121.05332,
              17.130862
            ],
            [
              121.053106,
              17.130872
            ]
          ]
        ]
      }
    },
    {
      "type": "Feature",
      "properties": {
        "classification": "R-5"
      },
      "geometry": {
        "type": "Polygon",
        "coordinates": [
          [
            [
              121.054438,
              17.130513
            ],
            [
              121.054559,
              17.130278
            ],
            [
              121.055049,
              17.130421
            ],
            [
              121.055221,
              17.130178
            ],
            [
              121.055623,
              17.130283
            ],
            [
              121.055865,
              17.130726
            ],
            [
              121.055728,
              17.130834
            ],
            [
              121.055857,
              17.131116
            ],
            [
              121.056288,
              17.131593
            ],
            [
              121.056267,
              17.131959
            ],
            [
              121.056064,
              17.131752
            ],
            [
              121.05575,
              17.131231
            ],
            [
              121.055393,
              17.13086
            ],
            [
              121.054969,
              17.130701
            ],
            [
              121.054438,
              17.130513
            ]
          ]
        ]
      }
    },
    {
      "type": "Feature",
      "properties": {
        "classification": "R-1",
        "road_carve_m": 3
      },
      "geometry": {
        "type": "Polygon",
        "coordinates": [
          [
            [
              121.063598,
              17.215053
            ],
            [
              121.063647,
              17.214959
            ],
            [
              121.063712,
              17.21476
            ],
            [
              121.063857,
              17.214283
            ],
            [
              121.063819,
              17.213678
            ],
            [
              121.063894,
              17.213463
            ],
            [
              121.063739,
              17.21294
            ],
            [
              121.063739,
              17.212797
            ],
            [
              121.063873,
              17.212464
            ],
            [
              121.064264,
              17.212074
            ],
            [
              121.064913,
              17.212008
            ],
            [
              121.065053,
              17.211885
            ],
            [
              121.065176,
              17.211757
            ],
            [
              121.065353,
              17.211695
            ],
            [
              121.0656,
              17.211521
            ],
            [
              121.065761,
              17.211434
            ],
            [
              121.065787,
              17.211301
            ],
            [
              121.065702,
              17.211111
            ],
            [
              121.065739,
              17.21085
            ],
            [
              121.065884,
              17.210675
            ],
            [
              121.066125,
              17.210573
            ],
            [
              121.066367,
              17.210588
            ],
            [
              121.066447,
              17.209896
            ],
            [
              121.066265,
              17.209773
            ],
            [
              121.066158,
              17.209609
            ],
            [
              121.066109,
              17.209358
            ],
            [
              121.066007,
              17.20902
            ],
            [
              121.066023,
              17.208887
            ],
            [
              121.066238,
              17.208523
            ],
            [
              121.06627,
              17.207862
            ],
            [
              121.066302,
              17.207713
            ],
            [
              121.066506,
              17.207513
            ],
            [
              121.066683,
              17.207447
            ],
            [
              121.066817,
              17.207278
            ],
            [
              121.067064,
              17.20718
            ],
            [
              121.067311,
              17.207303
            ],
            [
              121.067713,
              17.2078
            ],
            [
              121.068324,
              17.207765
            ],
            [
              121.068329,
              17.208025
            ],
            [
              121.068245,
              17.20801
            ],
            [
              121.068241,
              17.20801
            ],
            [
              121.068141,
              17.208009
            ],
            [
              121.068136,
              17.208009
            ],
            [
              121.067873,
              17.208049
            ],
            [
              121.067759,
              17.208056
            ],
            [
              121.067702,
              17.208048
            ],
            [
              121.067634,
              17.208029
            ],
            [
              121.067583,
              17.208004
            ],
            [
              121.067496,
              17.207914
            ],
            [
              121.067372,
              17.207775
            ],
            [
              121.06737,
              17.207773
            ],
            [
              121.067264,
              17.207674
            ],
            [
              121.067137,
              17.2075
            ],
            [
              121.067133,
              17.207496
            ],
            [
              121.067102,
              17.207468
            ],
            [
              121.067098,
              17.207466
            ],
            [
              121.067094,
              17.207463
            ],
            [
              121.067065,
              17.207452
            ],
            [
              121.067059,
              17.20745
            ],
            [
              121.067053,
              17.20745
            ],
            [
              121.067028,
              17.207451
            ],
            [
              121.067023,
              17.207452
            ],
            [
              121.067018,
              17.207453
            ],
            [
              121.066986,
              17.207468
            ],
            [
              121.06698,
              17.207472
            ],
            [
              121.066943,
              17.207502
            ],
            [
              121.06694,
              17.207506
            ],
            [
              121.066937,
              17.20751
            ],
            [
              121.066886,
              17.207597
            ],
            [
              121.066819,
              17.207645
            ],
            [
              121.066624,
              17.207719
            ],
            [
              121.06662,
              17.207721
            ],
            [
              121.066616,
              17.207724
            ],
            [
              121.066578,
              17.207754
            ],
            [
              121.066572,
              17.20776
            ],
            [
              121.066538,
              17.207813
            ],
            [
              121.066536,
              17.207817
            ],
            [
              121.066534,
              17.207821
            ],
            [
              121.066514,
              17.207905
            ],
            [
              121.066514,
              17.207909
            ],
            [
              121.0665,
              17.208092
            ],
            [
              121.066499,
              17.208094
            ],
            [
              121.066503,
              17.208425
            ],
            [
              121.066493,
              17.208534
            ],
            [
              121.066476,
              17.208595
            ],
            [
              121.066443,
              17.208665
            ],
            [
              121.066348,
              17.208833
            ],
            [
              121.066309,
              17.208887
            ],
            [
              121.066306,
              17.208893
            ],
            [
              121.066286,
              17.208942
            ],
            [
              121.066285,
              17.208947
            ],
            [
              121.066277,
              17.208986
            ],
            [
              121.066276,
              17.208992
            ],
            [
              121.066277,
              17.208997
            ],
            [
              121.066308,
              17.209137
            ],
            [
              121.066308,
              17.209139
            ],
            [
              121.066336,
              17.209222
            ],
            [
              121.06635,
              17.209301
            ],
            [
              121.066358,
              17.209386
            ],
            [
              121.066354,
              17.209447
            ],
            [
              121.066354,
              17.209453
            ],
            [
              121.066362,
              17.209492
            ],
            [
              121.066363,
              17.209496
            ],
            [
              121.066365,
              17.209501
            ],
            [
              121.066402,
              17.209558
            ],
            [
              121.066405,
              17.209562
            ],
            [
              121.066409,
              17.209565
            ],
            [
              121.066513,
              17.209641
            ],
            [
              121.066514,
              17.209642
            ],
            [
              121.06667,
              17.209743
            ],
            [
              121.06672,
              17.2098
            ],
            [
              121.066732,
              17.209845
            ],
            [
              121.066729,
              17.209884
            ],
            [
              121.066712,
              17.209931
            ],
            [
              121.066711,
              17.209934
            ],
            [
              121.066674,
              17.210114
            ],
            [
              121.066674,
              17.210118
            ],
            [
              121.066667,
              17.210304
            ],
            [
              121.066638,
              17.210425
            ],
            [
              121.066619,
              17.210487
            ],
            [
              121.066618,
              17.210488
            ],
            [
              121.066582,
              17.210626
            ],
            [
              121.066581,
              17.21063
            ],
            [
              121.066571,
              17.210732
            ],
            [
              121.066572,
              17.210739
            ],
            [
              121.066582,
              17.2108
            ],
            [
              121.066581,
              17.210843
            ],
            [
              121.066576,
              17.210871
            ],
            [
              121.066534,
              17.210961
            ],
            [
              121.06652,
              17.210973
            ],
            [
              121.066492,
              17.210981
            ],
            [
              121.066466,
              17.210982
            ],
            [
              121.066421,
              17.210972
            ],
            [
              121.066379,
              17.210947
            ],
            [
              121.066301,
              17.210862
            ],
            [
              121.066295,
              17.210857
            ],
            [
              121.066242,
              17.210824
            ],
            [
              121.066238,
              17.210822
            ],
            [
              121.066233,
              17.21082
            ],
            [
              121.066228,
              17.21082
            ],
            [
              121.066179,
              17.210817
            ],
            [
              121.066174,
              17.210817
            ],
            [
              121.06617,
              17.210818
            ],
            [
              121.06613,
              17.210827
            ],
            [
              121.066125,
              17.210829
            ],
            [
              121.066088,
              17.210846
            ],
            [
              121.066083,
              17.210849
            ],
            [
              121.06604,
              17.210883
            ],
            [
              121.066035,
              17.210887
            ],
            [
              121.06598,
              17.210955
            ],
            [
              121.065976,
              17.210961
            ],
            [
              121.065974,
              17.210967
            ],
            [
              121.065959,
              17.211041
            ],
            [
              121.065958,
              17.211049
            ],
            [
              121.065963,
              17.211096
            ],
            [
              121.065964,
              17.211101
            ],
            [
              121.065987,
              17.211172
            ],
            [
              121.065989,
              17.211176
            ],
            [
              121.066013,
              17.211224
            ],
            [
              121.066016,
              17.211228
            ],
            [
              121.066063,
              17.211289
            ],
            [
              121.066079,
              17.211318
            ],
            [
              121.066086,
              17.211349
            ],
            [
              121.066088,
              17.211383
            ],
            [
              121.066085,
              17.211411
            ],
            [
              121.066065,
              17.211472
            ],
            [
              121.066004,
              17.21159
            ],
            [
              121.065975,
              17.211634
            ],
            [
              121.065951,
              17.211647
            ],
            [
              121.065827,
              17.211663
            ],
            [
              121.065822,
              17.211665
            ],
            [
              121.065817,
              17.211666
            ],
            [
              121.065726,
              17.211714
            ],
            [
              121.065722,
              17.211717
            ],
            [
              121.065665,
              17.211761
            ],
            [
              121.065662,
              17.211764
            ],
            [
              121.065631,
              17.211796
            ],
            [
              121.065627,
              17.211802
            ],
            [
              121.065624,
              17.211808
            ],
            [
              121.0656,
              17.211894
            ],
            [
              121.065599,
              17.211897
            ],
            [
              121.065588,
              17.211905
            ],
            [
              121.06558,
              17.211908
            ],
            [
              121.065519,
              17.211908
            ],
            [
              121.065517,
              17.211909
            ],
            [
              121.065465,
              17.211913
            ],
            [
              121.06546,
              17.211914
            ],
            [
              121.065337,
              17.211948
            ],
            [
              121.065334,
              17.211949
            ],
            [
              121.0653,
              17.211963
            ],
            [
              121.065296,
              17.211965
            ],
            [
              121.065293,
              17.211967
            ],
            [
              121.065251,
              17.212003
            ],
            [
              121.065247,
              17.212007
            ],
            [
              121.065214,
              17.212049
            ],
            [
              121.065212,
              17.212052
            ],
            [
              121.065178,
              17.212111
            ],
            [
              121.065176,
              17.212114
            ],
            [
              121.065163,
              17.212147
            ],
            [
              121.065152,
              17.212162
            ],
            [
              121.065117,
              17.212189
            ],
            [
              121.065068,
              17.212214
            ],
            [
              121.06502,
              17.212229
            ],
            [
              121.064952,
              17.21224
            ],
            [
              121.064824,
              17.212252
            ],
            [
              121.064486,
              17.212275
            ],
            [
              121.064484,
              17.212276
            ],
            [
              121.064437,
              17.212282
            ],
            [
              121.06443,
              17.212284
            ],
            [
              121.06437,
              17.212307
            ],
            [
              121.064366,
              17.212309
            ],
            [
              121.064329,
              17.212331
            ],
            [
              121.064324,
              17.212335
            ],
            [
              121.064214,
              17.21244
            ],
            [
              121.064212,
              17.212441
            ],
            [
              121.064112,
              17.212551
            ],
            [
              121.06411,
              17.212553
            ],
            [
              121.064064,
              17.212618
            ],
            [
              121.064062,
              17.212622
            ],
            [
              121.064029,
              17.212695
            ],
            [
              121.064028,
              17.212698
            ],
            [
              121.063991,
              17.212817
            ],
            [
              121.063991,
              17.212821
            ],
            [
              121.06398,
              17.212898
            ],
            [
              121.06398,
              17.212905
            ],
            [
              121.063996,
              17.213026
            ],
            [
              121.063997,
              17.213032
            ],
            [
              121.064044,
              17.213158
            ],
            [
              121.064119,
              17.213339
            ],
            [
              121.064142,
              17.213456
            ],
            [
              121.064147,
              17.213518
            ],
            [
              121.06414,
              17.213569
            ],
            [
              121.064125,
              17.213595
            ],
            [
              121.064104,
              17.213613
            ],
            [
              121.064099,
              17.213619
            ],
            [
              121.064074,
              17.213658
            ],
            [
              121.06407,
              17.213666
            ],
            [
              121.064057,
              17.213714
            ],
            [
              121.064056,
              17.213722
            ],
            [
              121.064061,
              17.213846
            ],
            [
              121.064061,
              17.213847
            ],
            [
              121.064085,
              17.21415
            ],
            [
              121.064088,
              17.214278
            ],
            [
              121.064055,
              17.214471
            ],
            [
              121.064,
              17.21468
            ],
            [
              121.063922,
              17.214851
            ],
            [
              121.06392,
              17.214854
            ],
            [
              121.063909,
              17.214891
            ],
            [
              121.063909,
              17.214895
            ],
            [
              121.063908,
              17.214899
            ],
            [
              121.063911,
              17.214972
            ],
            [
              121.063912,
              17.214976
            ],
            [
              121.063912,
              17.214978
            ],
            [
              121.063913,
              17.21498
            ],
            [
              121.063938,
              17.21505
            ],
            [
              121.063942,
              17.215056
            ],
            [
              121.063971,
              17.215095
            ],
            [
              121.064001,
              17.215153
            ],
            [
              121.064012,
              17.215204
            ],
            [
              121.064016,
              17.215279
            ],
            [
              121.064014,
              17.215301
            ],
            [
              121.063775,
              17.215286
            ],
            [
              121.063665,
              17.215232
            ],
            [
              121.063598,
              17.215053
            ]
          ]
        ]
      }
    },
    {
      "type": "Feature",
      "properties": {
        "classification": "R-1",
        "road_carve_m": 3
      },
      "geometry": {
        "type": "Polygon",
        "coordinates": [
          [
            [
              121.063965,
              17.214902
            ],
            [
              121.063974,
              17.21487
            ],
            [
              121.064052,
              17.214699
            ],
            [
              121.064054,
              17.214695
            ],
            [
              121.06411,
              17.214484
            ],
            [
              121.064111,
              17.214481
            ],
            [
              121.064144,
              17.214284
            ],
            [
              121.064145,
              17.214279
            ],
            [
              121.064142,
              17.214148
            ],
            [
              121.064142,
              17.214147
            ],
            [
              121.064117,
              17.213844
            ],
            [
              121.064113,
              17.213724
            ],
            [
              121.064124,
              17.213683
            ],
            [
              121.064145,
              17.21365
            ],
            [
              121.064166,
              17.213632
            ],
            [
              121.064169,
              17.213629
            ],
            [
              121.064172,
              17.213625
            ],
            [
              121.064192,
              17.213591
            ],
            [
              121.064194,
              17.213586
            ],
            [
              121.064195,
              17.213581
            ],
            [
              121.064203,
              17.213522
            ],
            [
              121.064204,
              17.213517
            ],
            [
              121.064198,
              17.21345
            ],
            [
              121.064198,
              17.213447
            ],
            [
              121.064174,
              17.213327
            ],
            [
              121.064172,
              17.213322
            ],
            [
              121.064097,
              17.213139
            ],
            [
              121.064051,
              17.213017
            ],
            [
              121.064036,
              17.212901
            ],
            [
              121.064046,
              17.21283
            ],
            [
              121.064082,
              17.212714
            ],
            [
              121.064112,
              17.212646
            ],
            [
              121.064156,
              17.212585
            ],
            [
              121.064254,
              17.212477
            ],
            [
              121.064362,
              17.212375
            ],
            [
              121.064394,
              17.212356
            ],
            [
              121.064448,
              17.212335
            ],
            [
              121.064491,
              17.212329
            ],
            [
              121.064829,
              17.212306
            ],
            [
              121.06483,
              17.212306
            ],
            [
              121.064958,
              17.212294
            ],
            [
              121.064961,
              17.212293
            ],
            [
              121.065031,
              17.212282
            ],
            [
              121.065035,
              17.212281
            ],
            [
              121.065088,
              17.212265
            ],
            [
              121.065093,
              17.212263
            ],
            [
              121.065147,
              17.212235
            ],
            [
              121.06515,
              17.212232
            ],
            [
              121.065191,
              17.212202
            ],
            [
              121.065194,
              17.212199
            ],
            [
              121.065196,
              17.212196
            ],
            [
              121.065211,
              17.212176
            ],
            [
              121.065214,
              17.21217
            ],
            [
              121.065228,
              17.212136
            ],
            [
              121.06526,
              17.21208
            ],
            [
              121.065291,
              17.212041
            ],
            [
              121.065327,
              17.212011
            ],
            [
              121.065354,
              17.212
            ],
            [
              121.065473,
              17.211967
            ],
            [
              121.065521,
              17.211962
            ],
            [
              121.065585,
              17.211962
            ],
            [
              121.065589,
              17.211961
            ],
            [
              121.065594,
              17.21196
            ],
            [
              121.065612,
              17.211954
            ],
            [
              121.065617,
              17.211952
            ],
            [
              121.065621,
              17.211949
            ],
            [
              121.065639,
              17.211935
            ],
            [
              121.065642,
              17.211931
            ],
            [
              121.065645,
              17.211927
            ],
            [
              121.065651,
              17.211917
            ],
            [
              121.065654,
              17.211911
            ],
            [
              121.065677,
              17.211828
            ],
            [
              121.065702,
              17.211802
            ],
            [
              121.065756,
              17.211761
            ],
            [
              121.06584,
              17.211716
            ],
            [
              121.065964,
              17.2117
            ],
            [
              121.065969,
              17.211698
            ],
            [
              121.065974,
              17.211697
            ],
            [
              121.066009,
              17.211679
            ],
            [
              121.066013,
              17.211676
            ],
            [
              121.066016,
              17.211673
            ],
            [
              121.066019,
              17.211669
            ],
            [
              121.066053,
              17.211618
            ],
            [
              121.066054,
              17.211615
            ],
            [
              121.066116,
              17.211494
            ],
            [
              121.066118,
              17.21149
            ],
            [
              121.06614,
              17.211424
            ],
            [
              121.066141,
              17.211418
            ],
            [
              121.066144,
              17.211385
            ],
            [
              121.066144,
              17.211382
            ],
            [
              121.066142,
              17.211344
            ],
            [
              121.066142,
              17.21134
            ],
            [
              121.066134,
              17.211303
            ],
            [
              121.066131,
              17.211297
            ],
            [
              121.066112,
              17.211262
            ],
            [
              121.06611,
              17.211258
            ],
            [
              121.066063,
              17.211198
            ],
            [
              121.06604,
              17.211154
            ],
            [
              121.066019,
              17.211088
            ],
            [
              121.066015,
              17.211048
            ],
            [
              121.066028,
              17.210984
            ],
            [
              121.066078,
              17.210922
            ],
            [
              121.066116,
              17.210893
            ],
            [
              121.066147,
              17.210879
            ],
            [
              121.06618,
              17.210871
            ],
            [
              121.066217,
              17.210873
            ],
            [
              121.066261,
              17.2109
            ],
            [
              121.06634,
              17.210985
            ],
            [
              121.066346,
              17.21099
            ],
            [
              121.066395,
              17.21102
            ],
            [
              121.066399,
              17.211023
            ],
            [
              121.066404,
              17.211024
            ],
            [
              121.066458,
              17.211036
            ],
            [
              121.066466,
              17.211036
            ],
            [
              121.066499,
              17.211034
            ],
            [
              121.066505,
              17.211033
            ],
            [
              121.066542,
              17.211023
            ],
            [
              121.066548,
              17.211021
            ],
            [
              121.066553,
              17.211017
            ],
            [
              121.066576,
              17.210997
            ],
            [
              121.06658,
              17.210993
            ],
            [
              121.066583,
              17.210988
            ],
            [
              121.066629,
              17.21089
            ],
            [
              121.066631,
              17.210883
            ],
            [
              121.066637,
              17.210851
            ],
            [
              121.066638,
              17.210846
            ],
            [
              121.066638,
              17.210794
            ],
            [
              121.066628,
              17.210734
            ],
            [
              121.066637,
              17.210637
            ],
            [
              121.066673,
              17.210502
            ],
            [
              121.066693,
              17.21044
            ],
            [
              121.066693,
              17.210438
            ],
            [
              121.066723,
              17.210314
            ],
            [
              121.066724,
              17.210309
            ],
            [
              121.06673,
              17.210122
            ],
            [
              121.066766,
              17.209947
            ],
            [
              121.066784,
              17.209898
            ],
            [
              121.066785,
              17.209892
            ],
            [
              121.066789,
              17.209844
            ],
            [
              121.066789,
              17.20984
            ],
            [
              121.066788,
              17.209835
            ],
            [
              121.066773,
              17.20978
            ],
            [
              121.066771,
              17.209775
            ],
            [
              121.066767,
              17.20977
            ],
            [
              121.06671,
              17.209706
            ],
            [
              121.066705,
              17.209701
            ],
            [
              121.066547,
              17.209598
            ],
            [
              121.066447,
              17.209525
            ],
            [
              121.066416,
              17.209477
            ],
            [
              121.066411,
              17.209447
            ],
            [
              121.066414,
              17.209387
            ],
            [
              121.066414,
              17.209383
            ],
            [
              121.066406,
              17.209295
            ],
            [
              121.066406,
              17.209293
            ],
            [
              121.066391,
              17.209211
            ],
            [
              121.06639,
              17.209207
            ],
            [
              121.066363,
              17.209124
            ],
            [
              121.066333,
              17.208991
            ],
            [
              121.06634,
              17.208959
            ],
            [
              121.066358,
              17.208915
            ],
            [
              121.066395,
              17.208863
            ],
            [
              121.066397,
              17.20886
            ],
            [
              121.066494,
              17.208689
            ],
            [
              121.066495,
              17.208687
            ],
            [
              121.066528,
              17.208615
            ],
            [
              121.066529,
              17.208611
            ],
            [
              121.066548,
              17.208546
            ],
            [
              121.066549,
              17.208541
            ],
            [
              121.066559,
              17.208428
            ],
            [
              121.066559,
              17.208426
            ],
            [
              121.066556,
              17.208094
            ],
            [
              121.06657,
              17.207915
            ],
            [
              121.066588,
              17.207837
            ],
            [
              121.066618,
              17.207793
            ],
            [
              121.066649,
              17.207768
            ],
            [
              121.066843,
              17.207694
            ],
            [
              121.06685,
              17.20769
            ],
            [
              121.066925,
              17.207637
            ],
            [
              121.066929,
              17.207633
            ],
            [
              121.066933,
              17.207628
            ],
            [
              121.066984,
              17.20754
            ],
            [
              121.067014,
              17.207515
            ],
            [
              121.067037,
              17.207505
            ],
            [
              121.067049,
              17.207504
            ],
            [
              121.067067,
              17.207511
            ],
            [
              121.067092,
              17.207533
            ],
            [
              121.067219,
              17.207707
            ],
            [
              121.067223,
              17.207711
            ],
            [
              121.06733,
              17.207811
            ],
            [
              121.067454,
              17.20795
            ],
            [
              121.067545,
              17.208044
            ],
            [
              121.067549,
              17.208048
            ],
            [
              121.067553,
              17.20805
            ],
            [
              121.067611,
              17.208078
            ],
            [
              121.067616,
              17.20808
            ],
            [
              121.067689,
              17.2081
            ],
            [
              121.067692,
              17.208101
            ],
            [
              121.067754,
              17.208109
            ],
            [
              121.06776,
              17.20811
            ],
            [
              121.067878,
              17.208103
            ],
            [
              121.06788,
              17.208102
            ],
            [
              121.068142,
              17.208063
            ],
            [
              121.068238,
              17.208063
            ],
            [
              121.06833,
              17.20808
            ],
            [
              121.068335,
              17.208323
            ],
            [
              121.068237,
              17.208306
            ],
            [
              121.06773,
              17.20836
            ],
            [
              121.067558,
              17.208327
            ],
            [
              121.067416,
              17.208263
            ],
            [
              121.06703,
              17.207865
            ],
            [
              121.066979,
              17.207914
            ],
            [
              121.066861,
              17.207945
            ],
            [
              121.066853,
              17.208391
            ],
            [
              121.066789,
              17.20845
            ],
            [
              121.0668,
              17.208603
            ],
            [
              121.066593,
              17.209029
            ],
            [
              121.066663,
              17.209382
            ],
            [
              121.066859,
              17.20951
            ],
            [
              121.066985,
              17.209659
            ],
            [
              121.06703,
              17.209843
            ],
            [
              121.067022,
              17.209946
            ],
            [
              121.066971,
              17.210133
            ],
            [
              121.066952,
              17.210371
            ],
            [
              121.066888,
              17.210689
            ],
            [
              121.066869,
              17.21094
            ],
            [
              121.066781,
              17.211137
            ],
            [
              121.066682,
              17.211222
            ],
            [
              121.066547,
              17.211268
            ],
            [
              121.0664,
              17.211478
            ],
            [
              121.066349,
              17.211617
            ],
            [
              121.066266,
              17.211781
            ],
            [
              121.066204,
              17.211883
            ],
            [
              121.066086,
              17.211914
            ],
            [
              121.065893,
              17.211973
            ],
            [
              121.065839,
              17.212091
            ],
            [
              121.065652,
              17.212201
            ],
            [
              121.065467,
              17.212219
            ],
            [
              121.065384,
              17.212367
            ],
            [
              121.065207,
              17.212485
            ],
            [
              121.064989,
              17.212542
            ],
            [
              121.064593,
              17.212575
            ],
            [
              121.064426,
              17.2127
            ],
            [
              121.064289,
              17.212987
            ],
            [
              121.064405,
              17.213244
            ],
            [
              121.064466,
              17.213525
            ],
            [
              121.064432,
              17.213679
            ],
            [
              121.064362,
              17.213782
            ],
            [
              121.064391,
              17.214289
            ],
            [
              121.064336,
              17.214493
            ],
            [
              121.064295,
              17.214591
            ],
            [
              121.064294,
              17.214594
            ],
            [
              121.064277,
              17.214656
            ],
            [
              121.064216,
              17.214757
            ],
            [
              121.064175,
              17.214806
            ],
            [
              121.06412,
              17.21486
            ],
            [
              121.064032,
              17.214923
            ],
            [
              121.063966,
              17.214938
            ],
            [
              121.063965,
              17.214902
            ]
          ]
        ]
      }
    },
    {
      "type": "Feature",
      "properties": {
        "classification": "R-1",
        "road_carve_m": 3
      },
      "geometry": {
        "type": "Polygon",
        "coordinates": [
          [
            [
              121.063976,
              17.214991
            ],
            [
              121.06405,
              17.214975
            ],
            [
              121.064056,
              17.214973
            ],
            [
              121.064061,
              17.21497
            ],
            [
              121.064156,
              17.214902
            ],
            [
              121.064159,
              17.2149
            ],
            [
              121.064217,
              17.214843
            ],
            [
              121.064219,
              17.214841
            ],
            [
              121.064253,
              17.214799
            ],
            [
              121.064217,
              17.214932
            ],
            [
              121.0643,
              17.215117
            ],
            [
              121.064314,
              17.215319
            ],
            [
              121.064071,
              17.215304
            ],
            [
              121.064072,
              17.215281
            ],
            [
              121.064072,
              17.215278
            ],
            [
              121.064068,
              17.215199
            ],
            [
              121.064068,
              17.215195
            ],
            [
              121.064055,
              17.215139
            ],
            [
              121.064053,
              17.215133
            ],
            [
              121.064021,
              17.21507
            ],
            [
              121.064019,
              17.215066
            ],
            [
              121.06399,
              17.215028
            ],
            [
              121.063976,
              17.214991
            ]
          ]
        ]
      }
    },
    {
      "type": "Feature",
      "properties": {
        "classification": "INSTITUTIONAL"
      },
      "geometry": {
        "type": "Polygon",
        "coordinates": [
          [
            [
              121.07279,
              17.20471
            ],
            [
              121.072619,
              17.204576
            ],
            [
              121.072999,
              17.204074
            ],
            [
              121.072978,
              17.203623
            ],
            [
              121.07338,
              17.203654
            ],
            [
              121.073842,
              17.204166
            ],
            [
              121.073595,
              17.204376
            ],
            [
              121.07279,
              17.20471
            ]
          ]
        ]
      }
    },
    {
      "type": "Feature",
      "properties": {
        "classification": "C-1",
        "road_carve_m": 3
      },
      "geometry": {
        "type": "Polygon",
        "coordinates": [
          [
            [
              121.074831,
              17.202811
            ],
            [
              121.075011,
              17.202663
            ],
            [
              121.075014,
              17.202667
            ],
            [
              121.075015,
              17.202667
            ],
            [
              121.075093,
              17.202758
            ],
            [
              121.075182,
              17.202859
            ],
            [
              121.075183,
              17.20286
            ],
            [
              121.07527,
              17.20295
            ],
            [
              121.075271,
              17.20295
            ],
            [
              121.075403,
              17.203079
            ],
            [
              121.075535,
              17.203211
            ],
            [
              121.075787,
              17.203461
            ],
            [
              121.075788,
              17.203462
            ],
            [
              121.075789,
              17.203463
            ],
            [
              121.07585,
              17.203512
            ],
            [
              121.075854,
              17.203515
            ],
            [
              121.075896,
              17.20354
            ],
            [
              121.075903,
              17.203543
            ],
            [
              121.075942,
              17.203553
            ],
            [
              121.07598,
              17.203563
            ],
            [
              121.075985,
              17.203564
            ],
            [
              121.076046,
              17.203568
            ],
            [
              121.07605,
              17.203568
            ],
            [
              121.076102,
              17.203564
            ],
            [
              121.076105,
              17.203564
            ],
            [
              121.076154,
              17.203555
            ],
            [
              121.076155,
              17.203555
            ],
            [
              121.076209,
              17.203542
            ],
            [
              121.076284,
              17.203532
            ],
            [
              121.076343,
              17.203533
            ],
            [
              121.076344,
              17.203533
            ],
            [
              121.076415,
              17.20353
            ],
            [
              121.076464,
              17.203529
            ],
            [
              121.076251,
              17.203597
            ],
            [
              121.076067,
              17.203647
            ],
            [
              121.076066,
              17.203647
            ],
            [
              121.075904,
              17.203698
            ],
            [
              121.075858,
              17.203709
            ],
            [
              121.075825,
              17.203711
            ],
            [
              121.075779,
              17.203701
            ],
            [
              121.075688,
              17.203659
            ],
            [
              121.075546,
              17.203562
            ],
            [
              121.075483,
              17.203513
            ],
            [
              121.075477,
              17.203509
            ],
            [
              121.07543,
              17.203487
            ],
            [
              121.074831,
              17.202811
            ]
          ]
        ]
      }
    },
    {
      "type": "Feature",
      "properties": {
        "classification": "C-1",
        "road_carve_m": 3
      },
      "geometry": {
        "type": "Polygon",
        "coordinates": [
          [
            [
              121.075054,
              17.202627
            ],
            [
              121.075235,
              17.202478
            ],
            [
              121.076024,
              17.203254
            ],
            [
              121.076523,
              17.203228
            ],
            [
              121.076689,
              17.203295
            ],
            [
              121.076839,
              17.203449
            ],
            [
              121.077137,
              17.203864
            ],
            [
              121.077185,
              17.204064
            ],
            [
              121.077188,
              17.20421
            ],
            [
              121.077308,
              17.204276
            ],
            [
              121.077472,
              17.2042
            ],
            [
              121.077649,
              17.204171
            ],
            [
              121.077896,
              17.204282
            ],
            [
              121.078268,
              17.204643
            ],
            [
              121.078058,
              17.204802
            ],
            [
              121.078046,
              17.204792
            ],
            [
              121.07794,
              17.204693
            ],
            [
              121.077845,
              17.204577
            ],
            [
              121.077842,
              17.204575
            ],
            [
              121.077727,
              17.204463
            ],
            [
              121.077723,
              17.20446
            ],
            [
              121.077718,
              17.204457
            ],
            [
              121.077651,
              17.204429
            ],
            [
              121.077648,
              17.204429
            ],
            [
              121.077646,
              17.204428
            ],
            [
              121.077645,
              17.204428
            ],
            [
              121.077642,
              17.204427
            ],
            [
              121.077639,
              17.204427
            ],
            [
              121.077569,
              17.204428
            ],
            [
              121.077564,
              17.204429
            ],
            [
              121.077559,
              17.20443
            ],
            [
              121.077478,
              17.204458
            ],
            [
              121.077473,
              17.20446
            ],
            [
              121.077329,
              17.204542
            ],
            [
              121.077328,
              17.204543
            ],
            [
              121.07724,
              17.204599
            ],
            [
              121.077234,
              17.204603
            ],
            [
              121.0771,
              17.204742
            ],
            [
              121.077039,
              17.204806
            ],
            [
              121.076998,
              17.204827
            ],
            [
              121.07695,
              17.204819
            ],
            [
              121.076919,
              17.204799
            ],
            [
              121.07689,
              17.204779
            ],
            [
              121.076871,
              17.20471
            ],
            [
              121.076879,
              17.204642
            ],
            [
              121.076949,
              17.204246
            ],
            [
              121.076949,
              17.204242
            ],
            [
              121.076951,
              17.204146
            ],
            [
              121.076951,
              17.204081
            ],
            [
              121.07695,
              17.204075
            ],
            [
              121.076931,
              17.20399
            ],
            [
              121.07693,
              17.203985
            ],
            [
              121.076927,
              17.203981
            ],
            [
              121.076746,
              17.203703
            ],
            [
              121.076744,
              17.2037
            ],
            [
              121.07657,
              17.203513
            ],
            [
              121.076569,
              17.203512
            ],
            [
              121.076566,
              17.203509
            ],
            [
              121.076565,
              17.203509
            ],
            [
              121.076564,
              17.203508
            ],
            [
              121.076561,
              17.203506
            ],
            [
              121.07656,
              17.203506
            ],
            [
              121.076534,
              17.203495
            ],
            [
              121.076533,
              17.203495
            ],
            [
              121.076499,
              17.203482
            ],
            [
              121.076497,
              17.203482
            ],
            [
              121.07648,
              17.203476
            ],
            [
              121.076475,
              17.203475
            ],
            [
              121.07647,
              17.203475
            ],
            [
              121.076413,
              17.203476
            ],
            [
              121.076343,
              17.203479
            ],
            [
              121.076282,
              17.203478
            ],
            [
              121.076278,
              17.203479
            ],
            [
              121.0762,
              17.203489
            ],
            [
              121.076197,
              17.203489
            ],
            [
              121.076142,
              17.203502
            ],
            [
              121.076096,
              17.203511
            ],
            [
              121.076048,
              17.203514
            ],
            [
              121.075992,
              17.20351
            ],
            [
              121.075957,
              17.203501
            ],
            [
              121.075922,
              17.203492
            ],
            [
              121.075885,
              17.20347
            ],
            [
              121.075827,
              17.203423
            ],
            [
              121.075576,
              17.203173
            ],
            [
              121.075444,
              17.203041
            ],
            [
              121.075443,
              17.203041
            ],
            [
              121.075311,
              17.202913
            ],
            [
              121.075224,
              17.202824
            ],
            [
              121.075137,
              17.202723
            ],
            [
              121.075058,
              17.202632
            ],
            [
              121.075054,
              17.202627
            ]
          ]
        ]
      }
    },
    {
      "type": "Feature",
      "properties": {
        "classification": "C-1",
        "road_carve_m": 3
      },
      "geometry": {
        "type": "Polygon",
        "coordinates": [
          [
            [
              121.075568,
              17.203644
            ],
            [
              121.075657,
              17.203705
            ],
            [
              121.075661,
              17.203707
            ],
            [
              121.075757,
              17.203751
            ],
            [
              121.075763,
              17.203753
            ],
            [
              121.075817,
              17.203765
            ],
            [
              121.075825,
              17.203765
            ],
            [
              121.075864,
              17.203763
            ],
            [
              121.075868,
              17.203762
            ],
            [
              121.075919,
              17.203751
            ],
            [
              121.075921,
              17.20375
            ],
            [
              121.076083,
              17.203699
            ],
            [
              121.076267,
              17.203648
            ],
            [
              121.076268,
              17.203648
            ],
            [
              121.07654,
              17.203562
            ],
            [
              121.0767,
              17.203734
            ],
            [
              121.076877,
              17.204006
            ],
            [
              121.076894,
              17.204084
            ],
            [
              121.076894,
              17.204145
            ],
            [
              121.076893,
              17.204239
            ],
            [
              121.076824,
              17.204634
            ],
            [
              121.076823,
              17.204635
            ],
            [
              121.076814,
              17.204708
            ],
            [
              121.076814,
              17.204713
            ],
            [
              121.076815,
              17.204718
            ],
            [
              121.076838,
              17.204802
            ],
            [
              121.07684,
              17.204807
            ],
            [
              121.076843,
              17.204812
            ],
            [
              121.076848,
              17.204816
            ],
            [
              121.076885,
              17.204843
            ],
            [
              121.076887,
              17.204844
            ],
            [
              121.076925,
              17.204867
            ],
            [
              121.07693,
              17.20487
            ],
            [
              121.076935,
              17.204871
            ],
            [
              121.076998,
              17.204882
            ],
            [
              121.077004,
              17.204882
            ],
            [
              121.07701,
              17.204881
            ],
            [
              121.077016,
              17.204879
            ],
            [
              121.077042,
              17.204866
            ],
            [
              121.07702,
              17.204891
            ],
            [
              121.076958,
              17.205124
            ],
            [
              121.076816,
              17.205083
            ],
            [
              121.076642,
              17.204973
            ],
            [
              121.076548,
              17.204734
            ],
            [
              121.076637,
              17.20423
            ],
            [
              121.076628,
              17.204117
            ],
            [
              121.076443,
              17.203853
            ],
            [
              121.075878,
              17.203994
            ],
            [
              121.075568,
              17.203644
            ]
          ]
        ]
      }
    },
    {
      "type": "Feature",
      "properties": {
        "classification": "R-6",
        "road_carve_m": 3
      },
      "geometry": {
        "type": "Polygon",
        "coordinates": [
          [
            [
              121.060566,
              17.212638
            ],
            [
              121.060571,
              17.212427
            ],
            [
              121.060695,
              17.212422
            ],
            [
              121.062206,
              17.213585
            ],
            [
              121.062697,
              17.213644
            ],
            [
              121.063003,
              17.21428
            ],
            [
              121.063716,
              17.214747
            ],
            [
              121.063712,
              17.21476
            ],
            [
              121.063647,
              17.214959
            ],
            [
              121.063598,
              17.215053
            ],
            [
              121.063665,
              17.215232
            ],
            [
              121.063775,
              17.215286
            ],
            [
              121.064014,
              17.215301
            ],
            [
              121.064015,
              17.215294
            ],
            [
              121.06401,
              17.215361
            ],
            [
              121.064011,
              17.215366
            ],
            [
              121.064012,
              17.215371
            ],
            [
              121.064014,
              17.215376
            ],
            [
              121.064017,
              17.21538
            ],
            [
              121.064022,
              17.215384
            ],
            [
              121.064026,
              17.215386
            ],
            [
              121.064031,
              17.215388
            ],
            [
              121.064037,
              17.215389
            ],
            [
              121.064042,
              17.215389
            ],
            [
              121.064047,
              17.215388
            ],
            [
              121.063934,
              17.216399
            ],
            [
              121.063237,
              17.217239
            ],
            [
              121.062095,
              17.217859
            ],
            [
              121.061918,
              17.217906
            ],
            [
              121.061043,
              17.217055
            ],
            [
              121.061033,
              17.216896
            ],
            [
              121.062534,
              17.215477
            ],
            [
              121.061542,
              17.21458
            ],
            [
              121.061022,
              17.213124
            ],
            [
              121.060732,
              17.213088
            ],
            [
              121.060566,
              17.212638
            ]
          ]
        ]
      }
    },
    {
      "type": "Feature",
      "properties": {
        "classification": "R-6"
      },
      "geometry": {
        "type": "Polygon",
        "coordinates": [
          [
            [
              121.064264,
              17.212074
            ],
            [
              121.063983,
              17.211655
            ],
            [
              121.06417,
              17.211462
            ],
            [
              121.064677,
              17.21165
            ],
            [
              121.065072,
              17.211352
            ],
            [
              121.06523,
              17.211152
            ],
            [
              121.06461,
              17.210658
            ],
            [
              121.065091,
              17.210271
            ],
            [
              121.064688,
              17.210048
            ],
            [
              121.064758,
              17.209738
            ],
            [
              121.065356,
              17.20992
            ],
            [
              121.06611,
              17.210219
            ],
            [
              121.066367,
              17.210588
            ],
            [
              121.066125,
              17.210573
            ],
            [
              121.065884,
              17.210675
            ],
            [
              121.065739,
              17.21085
            ],
            [
              121.065702,
              17.211111
            ],
            [
              121.065787,
              17.211301
            ],
            [
              121.065761,
              17.211434
            ],
            [
              121.0656,
              17.211521
            ],
            [
              121.065353,
              17.211695
            ],
            [
              121.065176,
              17.211757
            ],
            [
              121.065053,
              17.211885
            ],
            [
              121.064913,
              17.212008
            ],
            [
              121.064264,
              17.212074
            ]
          ]
        ]
      }
    },
    {
      "type": "Feature",
      "properties": {
        "classification": "R-6"
      },
      "geometry": {
        "type": "Polygon",
        "coordinates": [
          [
            [
              121.066593,
              17.209029
            ],
            [
              121.0668,
              17.208603
            ],
            [
              121.066789,
              17.20845
            ],
            [
              121.066853,
              17.208391
            ],
            [
              121.066861,
              17.207945
            ],
            [
              121.066979,
              17.207914
            ],
            [
              121.06703,
              17.207865
            ],
            [
              121.067416,
              17.208263
            ],
            [
              121.067558,
              17.208327
            ],
            [
              121.06773,
              17.20836
            ],
            [
              121.067279,
              17.208364
            ],
            [
              121.067274,
              17.208751
            ],
            [
              121.067432,
              17.208844
            ],
            [
              121.067668,
              17.209018
            ],
            [
              121.067722,
              17.209651
            ],
            [
              121.067279,
              17.209664
            ],
            [
              121.06729,
              17.209923
            ],
            [
              121.067022,
              17.209946
            ],
            [
              121.06703,
              17.209843
            ],
            [
              121.066985,
              17.209659
            ],
            [
              121.066859,
              17.20951
            ],
            [
              121.066663,
              17.209382
            ],
            [
              121.066593,
              17.209029
            ]
          ]
        ]
      }
    },
    {
      "type": "Feature",
      "properties": {
        "classification": "R-6"
      },
      "geometry": {
        "type": "Polygon",
        "coordinates": [
          [
            [
              121.065651,
              17.212305
            ],
            [
              121.065652,
              17.212201
            ],
            [
              121.065839,
              17.212091
            ],
            [
              121.065893,
              17.211973
            ],
            [
              121.066086,
              17.211914
            ],
            [
              121.066204,
              17.211883
            ],
            [
              121.066266,
              17.211781
            ],
            [
              121.066349,
              17.211617
            ],
            [
              121.0664,
              17.211478
            ],
            [
              121.066547,
              17.211268
            ],
            [
              121.066682,
              17.211222
            ],
            [
              121.066781,
              17.211137
            ],
            [
              121.066869,
              17.21094
            ],
            [
              121.066888,
              17.210689
            ],
            [
              121.066952,
              17.210371
            ],
            [
              121.066971,
              17.210133
            ],
            [
              121.067022,
              17.209947
            ],
            [
              121.06712,
              17.209938
            ],
            [
              121.06729,
              17.209923
            ],
            [
              121.06729,
              17.209921
            ],
            [
              121.067671,
              17.209883
            ],
            [
              121.067776,
              17.211334
            ],
            [
              121.066947,
              17.211349
            ],
            [
              121.066982,
              17.21178
            ],
            [
              121.066466,
              17.211762
            ],
            [
              121.066448,
              17.212003
            ],
            [
              121.066142,
              17.211995
            ],
            [
              121.066123,
              17.2123
            ],
            [
              121.065651,
              17.212305
            ]
          ]
        ]
      }
    },
    {
      "type": "Feature",
      "properties": {
        "classification": "INSTITUTIONAL"
      },
      "geometry": {
        "type": "Polygon",
        "coordinates": [
          [
            [
              121.064881,
              17.214163
            ],
            [
              121.064854,
              17.213996
            ],
            [
              121.06501,
              17.213668
            ],
            [
              121.065085,
              17.213563
            ],
            [
              121.065321,
              17.213463
            ],
            [
              121.065498,
              17.213522
            ],
            [
              121.065565,
              17.213732
            ],
            [
              121.065514,
              17.213978
            ],
            [
              121.065096,
              17.214183
            ],
            [
              121.064881,
              17.214163
            ]
          ]
        ]
      }
    },
    {
      "type": "Feature",
      "properties": {
        "classification": "R-2"
      },
      "geometry": {
        "type": "Polygon",
        "coordinates": [
          [
            [
              121.022762,
              17.16195
            ],
            [
              121.023054,
              17.161827
            ],
            [
              121.023379,
              17.162286
            ],
            [
              121.023489,
              17.162808
            ],
            [
              121.023069,
              17.162633
            ],
            [
              121.022762,
              17.16195
            ]
          ]
        ]
      }
    },
    {
      "type": "Feature",
      "properties": {
        "classification": "R-5"
      },
      "geometry": {
        "type": "Polygon",
        "coordinates": [
          [
            [
              121.064761,
              17.133524
            ],
            [
              121.064166,
              17.133175
            ],
            [
              121.064252,
              17.132693
            ],
            [
              121.064831,
              17.132078
            ],
            [
              121.064837,
              17.131601
            ],
            [
              121.0657,
              17.13217
            ],
            [
              121.065808,
              17.132883
            ],
            [
              121.064761,
              17.133524
            ]
          ]
        ]
      }
    },
    {
      "type": "Feature",
      "properties": {
        "classification": "R-5"
      },
      "geometry": {
        "type": "Polygon",
        "coordinates": [
          [
            [
              121.061752,
              17.131601
            ],
            [
              121.06166,
              17.131334
            ],
            [
              121.06129,
              17.130893
            ],
            [
              121.061778,
              17.130744
            ],
            [
              121.062438,
              17.130949
            ],
            [
              121.061982,
              17.131601
            ],
            [
              121.061752,
              17.131601
            ]
          ]
        ]
      }
    },
    {
      "type": "Feature",
      "properties": {
        "classification": "R-5"
      },
      "geometry": {
        "type": "Polygon",
        "coordinates": [
          [
            [
              121.061789,
              17.137563
            ],
            [
              121.061623,
              17.137184
            ],
            [
              121.06128,
              17.137035
            ],
            [
              121.060872,
              17.137076
            ],
            [
              121.060437,
              17.136763
            ],
            [
              121.060609,
              17.136394
            ],
            [
              121.062074,
              17.135235
            ],
            [
              121.062401,
              17.136497
            ],
            [
              121.062487,
              17.136502
            ],
            [
              121.062508,
              17.137835
            ],
            [
              121.062744,
              17.137835
            ],
            [
              121.063222,
              17.13823
            ],
            [
              121.063206,
              17.138789
            ],
            [
              121.062514,
              17.138758
            ],
            [
              121.062476,
              17.138174
            ],
            [
              121.06209,
              17.137851
            ],
            [
              121.062047,
              17.137548
            ],
            [
              121.061789,
              17.137563
            ]
          ]
        ]
      }
    },
    {
      "type": "Feature",
      "properties": {
        "classification": "R-5"
      },
      "geometry": {
        "type": "Polygon",
        "coordinates": [
          [
            [
              121.067858,
              17.140123
            ],
            [
              121.066881,
              17.138471
            ],
            [
              121.066881,
              17.138168
            ],
            [
              121.069166,
              17.138168
            ],
            [
              121.069237,
              17.139424
            ],
            [
              121.067858,
              17.140123
            ]
          ]
        ]
      }
    },
    {
      "type": "Feature",
      "properties": {
        "classification": "R-5"
      },
      "geometry": {
        "type": "Polygon",
        "coordinates": [
          [
            [
              121.067121,
              17.136201
            ],
            [
              121.06692,
              17.136204
            ],
            [
              121.06681,
              17.135719
            ],
            [
              121.066869,
              17.135599
            ],
            [
              121.067172,
              17.135588
            ],
            [
              121.067121,
              17.135347
            ],
            [
              121.067223,
              17.135147
            ],
            [
              121.067411,
              17.135104
            ],
            [
              121.067575,
              17.135327
            ],
            [
              121.067626,
              17.135496
            ],
            [
              121.067357,
              17.136201
            ],
            [
              121.067121,
              17.136201
            ]
          ]
        ]
      }
    },
    {
      "type": "Feature",
      "properties": {
        "classification": "R-6"
      },
      "geometry": {
        "type": "Polygon",
        "coordinates": [
          [
            [
              121.008413,
              17.183178
            ],
            [
              121.008692,
              17.182875
            ],
            [
              121.00867,
              17.182691
            ],
            [
              121.008936,
              17.182457
            ],
            [
              121.009346,
              17.182988
            ],
            [
              121.009166,
              17.183219
            ],
            [
              121.008439,
              17.183239
            ],
            [
              121.008413,
              17.183178
            ]
          ]
        ]
      }
    },
    {
      "type": "Feature",
      "properties": {
        "classification": "R-6"
      },
      "geometry": {
        "type": "Polygon",
        "coordinates": [
          [
            [
              121.010663,
              17.182911
            ],
            [
              121.010701,
              17.18277
            ],
            [
              121.011218,
              17.182788
            ],
            [
              121.01157,
              17.182942
            ],
            [
              121.01187,
              17.182988
            ],
            [
              121.012034,
              17.183329
            ],
            [
              121.011943,
              17.183531
            ],
            [
              121.011744,
              17.183526
            ],
            [
              121.011522,
              17.183331
            ],
            [
              121.010663,
              17.182911
            ]
          ]
        ]
      }
    },
    {
      "type": "Feature",
      "properties": {
        "classification": "R-6",
        "source": "circle",
        "radius_m": 189.68
      },
      "geometry": {
        "type": "Polygon",
        "coordinates": [
          [
            [
              121.017752,
              17.191687
            ],
            [
              121.017577,
              17.191679
            ],
            [
              121.017403,
              17.191654
            ],
            [
              121.017233,
              17.191613
            ],
            [
              121.017068,
              17.191557
            ],
            [
              121.01691,
              17.191485
            ],
            [
              121.01676,
              17.191399
            ],
            [
              121.016619,
              17.1913
            ],
            [
              121.016489,
              17.191187
            ],
            [
              121.016371,
              17.191063
            ],
            [
              121.016267,
              17.190929
            ],
            [
              121.016177,
              17.190785
            ],
            [
              121.016102,
              17.190634
            ],
            [
              121.016043,
              17.190476
            ],
            [
              121.016,
              17.190314
            ],
            [
              121.015975,
              17.190148
            ],
            [
              121.015966,
              17.189981
            ],
            [
              121.015975,
              17.189814
            ],
            [
              121.016,
              17.189648
            ],
            [
              121.016043,
              17.189486
            ],
            [
              121.016102,
              17.189328
            ],
            [
              121.016177,
              17.189177
            ],
            [
              121.016267,
              17.189033
            ],
            [
              121.016371,
              17.188899
            ],
            [
              121.016489,
              17.188775
            ],
            [
              121.016619,
              17.188662
            ],
            [
              121.01676,
              17.188563
            ],
            [
              121.01691,
              17.188477
            ],
            [
              121.017068,
              17.188405
            ],
            [
              121.017233,
              17.188349
            ],
            [
              121.017403,
              17.188308
            ],
            [
              121.017577,
              17.188283
            ],
            [
              121.017752,
              17.188275
            ],
            [
              121.017927,
              17.188283
            ],
            [
              121.0181,
              17.188308
            ],
            [
              121.01827,
              17.188349
            ],
            [
              121.018435,
              17.188405
            ],
            [
              121.018593,
              17.188477
            ],
            [
              121.018744,
              17.188563
            ],
            [
              121.018884,
              17.188662
            ],
            [
              121.019014,
              17.188775
            ],
            [
              121.019132,
              17.188899
            ],
            [
              121.019236,
              17.189033
            ],
            [
              121.019326,
              17.189177
            ],
            [
              121.019401,
              17.189328
            ],
            [
              121.01946,
              17.189486
            ],
            [
              121.019503,
              17.189648
            ],
            [
              121.019529,
              17.189814
            ],
            [
              121.019537,
              17.189981
            ],
            [
              121.019529,
              17.190148
            ],
            [
              121.019503,
              17.190314
            ],
            [
              121.01946,
              17.190476
            ],
            [
              121.019401,
              17.190634
            ],
            [
              121.019326,
              17.190785
            ],
            [
              121.019236,
              17.190929
            ],
            [
              121.019132,
              17.191063
            ],
            [
              121.019014,
              17.191187
            ],
            [
              121.018884,
              17.1913
            ],
            [
              121.018744,
              17.191399
            ],
            [
              121.018593,
              17.191485
            ],
            [
              121.018435,
              17.191557
            ],
            [
              121.01827,
              17.191613
            ],
            [
              121.0181,
              17.191654
            ],
            [
              121.017927,
              17.191679
            ],
            [
              121.017752,
              17.191687
            ]
          ]
        ]
      }
    },
    {
      "type": "Feature",
      "properties": {
        "classification": "R-6",
        "source": "circle",
        "radius_m": 69.96
      },
      "geometry": {
        "type": "Polygon",
        "coordinates": [
          [
            [
              121.00551,
              17.179183
            ],
            [
              121.005446,
              17.17918
            ],
            [
              121.005382,
              17.179171
            ],
            [
              121.005319,
              17.179156
            ],
            [
              121.005258,
              17.179135
            ],
            [
              121.0052,
              17.179109
            ],
            [
              121.005144,
              17.179077
            ],
            [
              121.005092,
              17.17904
            ],
            [
              121.005044,
              17.178999
            ],
            [
              121.005001,
              17.178953
            ],
            [
              121.004963,
              17.178903
            ],
            [
              121.004929,
              17.178851
            ],
            [
              121.004902,
              17.178795
            ],
            [
              121.00488,
              17.178737
            ],
            [
              121.004864,
              17.178677
            ],
            [
              121.004855,
              17.178616
            ],
            [
              121.004852,
              17.178554
            ],
            [
              121.004855,
              17.178492
            ],
            [
              121.004864,
              17.178431
            ],
            [
              121.00488,
              17.178371
            ],
            [
              121.004902,
              17.178313
            ],
            [
              121.004929,
              17.178257
            ],
            [
              121.004963,
              17.178204
            ],
            [
              121.005001,
              17.178155
            ],
            [
              121.005044,
              17.178109
            ],
            [
              121.005092,
              17.178068
            ],
            [
              121.005144,
              17.178031
            ],
            [
              121.0052,
              17.177999
            ],
            [
              121.005258,
              17.177973
            ],
            [
              121.005319,
              17.177952
            ],
            [
              121.005382,
              17.177937
            ],
            [
              121.005446,
              17.177928
            ],
            [
              121.00551,
              17.177925
            ],
            [
              121.005575,
              17.177928
            ],
            [
              121.005639,
              17.177937
            ],
            [
              121.005701,
              17.177952
            ],
            [
              121.005762,
              17.177973
            ],
            [
              121.005821,
              17.177999
            ],
            [
              121.005876,
              17.178031
            ],
            [
              121.005928,
              17.178068
            ],
            [
              121.005976,
              17.178109
            ],
            [
              121.006019,
              17.178155
            ],
            [
              121.006058,
              17.178204
            ],
            [
              121.006091,
              17.178257
            ],
            [
              121.006119,
              17.178313
            ],
            [
              121.00614,
              17.178371
            ],
            [
              121.006156,
              17.178431
            ],
            [
              121.006165,
              17.178492
            ],
            [
              121.006169,
              17.178554
            ],
            [
              121.006165,
              17.178616
            ],
            [
              121.006156,
              17.178677
            ],
            [
              121.00614,
              17.178737
            ],
            [
              121.006119,
              17.178795
            ],
            [
              121.006091,
              17.178851
            ],
            [
              121.006058,
              17.178903
            ],
            [
              121.006019,
              17.178953
            ],
            [
              121.005976,
              17.178999
            ],
            [
              121.005928,
              17.17904
            ],
            [
              121.005876,
              17.179077
            ],
            [
              121.005821,
              17.179109
            ],
            [
              121.005762,
              17.179135
            ],
            [
              121.005701,
              17.179156
            ],
            [
              121.005639,
              17.179171
            ],
            [
              121.005575,
              17.17918
            ],
            [
              121.00551,
              17.179183
            ]
          ]
        ]
      }
    },
    {
      "type": "Feature",
      "properties": {
        "classification": "INSTITUTIONAL"
      },
      "geometry": {
        "type": "Polygon",
        "coordinates": [
          [
            [
              121.017545,
              17.164625
            ],
            [
              121.017282,
              17.164241
            ],
            [
              121.017143,
              17.164159
            ],
            [
              121.017339,
              17.163987
            ],
            [
              121.017483,
              17.164174
            ],
            [
              121.017494,
              17.164326
            ],
            [
              121.017674,
              17.164615
            ],
            [
              121.017545,
              17.164625
            ]
          ]
        ]
      }
    },
    {
      "type": "Feature",
      "properties": {
        "classification": "R-2",
        "road_carve_m": 3
      },
      "geometry": {
        "type": "Polygon",
        "coordinates": [
          [
            [
              121.016144,
              17.164186
            ],
            [
              121.01646,
              17.164135
            ],
            [
              121.016559,
              17.164096
            ],
            [
              121.016646,
              17.164035
            ],
            [
              121.016717,
              17.163953
            ],
            [
              121.016968,
              17.163955
            ],
            [
              121.017298,
              17.16393
            ],
            [
              121.017307,
              17.16394
            ],
            [
              121.017326,
              17.163927
            ],
            [
              121.017338,
              17.163926
            ],
            [
              121.01734,
              17.163925
            ],
            [
              121.017332,
              17.163931
            ],
            [
              121.017319,
              17.163941
            ],
            [
              121.017315,
              17.163944
            ],
            [
              121.017313,
              17.163946
            ],
            [
              121.017311,
              17.163948
            ],
            [
              121.01731,
              17.163948
            ],
            [
              121.017309,
              17.163949
            ],
            [
              121.017307,
              17.163951
            ],
            [
              121.017306,
              17.163953
            ],
            [
              121.017304,
              17.163956
            ],
            [
              121.017302,
              17.163961
            ],
            [
              121.017301,
              17.163966
            ],
            [
              121.017301,
              17.163971
            ],
            [
              121.017302,
              17.163976
            ],
            [
              121.017302,
              17.163977
            ],
            [
              121.017303,
              17.16398
            ],
            [
              121.017304,
              17.163981
            ],
            [
              121.017307,
              17.163986
            ],
            [
              121.017309,
              17.163987
            ],
            [
              121.017311,
              17.163989
            ],
            [
              121.017316,
              17.163992
            ],
            [
              121.017321,
              17.163994
            ],
            [
              121.017326,
              17.163995
            ],
            [
              121.01733,
              17.163995
            ],
            [
              121.017143,
              17.164159
            ],
            [
              121.017282,
              17.164241
            ],
            [
              121.017545,
              17.164625
            ],
            [
              121.017674,
              17.164615
            ],
            [
              121.017494,
              17.164326
            ],
            [
              121.017483,
              17.164174
            ],
            [
              121.017343,
              17.163992
            ],
            [
              121.017345,
              17.16399
            ],
            [
              121.017347,
              17.163989
            ],
            [
              121.017354,
              17.163984
            ],
            [
              121.017355,
              17.163983
            ],
            [
              121.017359,
              17.16398
            ],
            [
              121.017405,
              17.163943
            ],
            [
              121.017415,
              17.163956
            ],
            [
              121.017351,
              17.163997
            ],
            [
              121.017496,
              17.16418
            ],
            [
              121.017695,
              17.164062
            ],
            [
              121.017947,
              17.16404
            ],
            [
              121.018102,
              17.164003
            ],
            [
              121.018491,
              17.16402
            ],
            [
              121.018604,
              17.163986
            ],
            [
              121.018746,
              17.163871
            ],
            [
              121.018831,
              17.163776
            ],
            [
              121.018889,
              17.163793
            ],
            [
              121.019027,
              17.163776
            ],
            [
              121.019136,
              17.16372
            ],
            [
              121.019233,
              17.163633
            ],
            [
              121.01929,
              17.163502
            ],
            [
              121.019327,
              17.163248
            ],
            [
              121.019452,
              17.163162
            ],
            [
              121.019683,
              17.163097
            ],
            [
              121.019781,
              17.163013
            ],
            [
              121.019772,
              17.163012
            ],
            [
              121.019817,
              17.163016
            ],
            [
              121.019852,
              17.163018
            ],
            [
              121.019874,
              17.16302
            ],
            [
              121.019879,
              17.16302
            ],
            [
              121.019885,
              17.163019
            ],
            [
              121.01989,
              17.163017
            ],
            [
              121.01989,
              17.163017
            ],
            [
              121.01989,
              17.163017
            ],
            [
              121.01989,
              17.163017
            ],
            [
              121.019894,
              17.163014
            ],
            [
              121.019898,
              17.16301
            ],
            [
              121.019901,
              17.163006
            ],
            [
              121.019903,
              17.163001
            ],
            [
              121.019904,
              17.162996
            ],
            [
              121.019904,
              17.16299
            ],
            [
              121.019903,
              17.162985
            ],
            [
              121.019901,
              17.162981
            ],
            [
              121.019901,
              17.16298
            ],
            [
              121.019898,
              17.162976
            ],
            [
              121.019894,
              17.162972
            ],
            [
              121.019889,
              17.162969
            ],
            [
              121.019884,
              17.162967
            ],
            [
              121.019881,
              17.162967
            ],
            [
              121.019879,
              17.162967
            ],
            [
              121.019785,
              17.162959
            ],
            [
              121.019778,
              17.162958
            ],
            [
              121.019838,
              17.162963
            ],
            [
              121.019845,
              17.162957
            ],
            [
              121.020039,
              17.162964
            ],
            [
              121.020416,
              17.163093
            ],
            [
              121.020522,
              17.163122
            ],
            [
              121.020685,
              17.163132
            ],
            [
              121.02111,
              17.16326
            ],
            [
              121.021073,
              17.163277
            ],
            [
              121.019885,
              17.163833
            ],
            [
              121.019724,
              17.165141
            ],
            [
              121.019692,
              17.165223
            ],
            [
              121.018372,
              17.166271
            ],
            [
              121.018126,
              17.166394
            ],
            [
              121.018062,
              17.166507
            ],
            [
              121.017793,
              17.166663
            ],
            [
              121.017648,
              17.166678
            ],
            [
              121.016683,
              17.165638
            ],
            [
              121.016144,
              17.164186
            ]
          ]
        ]
      }
    },
    {
      "type": "Feature",
      "properties": {
        "classification": "C-1",
        "source": "band-tag",
        "band_keys": [
          "1118554927__sacasacan__0-30",
          "1118554918__sacasacan__0-30"
        ],
        "road_carve_m": 3
      },
      "geometry": {
        "type": "MultiPolygon",
        "coordinates": [
          [
            [
              [
                121.015345,
                17.163225
              ],
              [
                121.015659,
                17.163254
              ],
              [
                121.015731,
                17.163302
              ],
              [
                121.015799,
                17.163393
              ],
              [
                121.015861,
                17.16339
              ],
              [
                121.015988,
                17.163455
              ],
              [
                121.01606,
                17.163526
              ],
              [
                121.016136,
                17.163638
              ],
              [
                121.016299,
                17.163611
              ],
              [
                121.016452,
                17.163476
              ],
              [
                121.016534,
                17.163435
              ],
              [
                121.016632,
                17.163412
              ],
              [
                121.016952,
                17.163416
              ],
              [
                121.01728,
                17.163394
              ],
              [
                121.017452,
                17.163363
              ],
              [
                121.017619,
                17.163367
              ],
              [
                121.017831,
                17.1635
              ],
              [
                121.017831,
                17.163509
              ],
              [
                121.017877,
                17.163505
              ],
              [
                121.018058,
                17.163458
              ],
              [
                121.01837,
                17.163482
              ],
              [
                121.018523,
                17.163307
              ],
              [
                121.018739,
                17.163204
              ],
              [
                121.018789,
                17.163211
              ],
              [
                121.018802,
                17.163054
              ],
              [
                121.018854,
                17.162923
              ],
              [
                121.019127,
                17.162724
              ],
              [
                121.019224,
                17.16267
              ],
              [
                121.019404,
                17.162621
              ],
              [
                121.019437,
                17.162554
              ],
              [
                121.019564,
                17.162471
              ],
              [
                121.019663,
                17.16244
              ],
              [
                121.01992,
                17.16241
              ],
              [
                121.020147,
                17.162431
              ],
              [
                121.020577,
                17.162578
              ],
              [
                121.020763,
                17.162595
              ],
              [
                121.021327,
                17.162696
              ],
              [
                121.021335,
                17.162914
              ],
              [
                121.021292,
                17.163055
              ],
              [
                121.021265,
                17.163045
              ],
              [
                121.021196,
                17.163005
              ],
              [
                121.021132,
                17.162957
              ],
              [
                121.021124,
                17.162953
              ],
              [
                121.021078,
                17.162936
              ],
              [
                121.021051,
                17.162918
              ],
              [
                121.020729,
                17.162828
              ],
              [
                121.020507,
                17.162801
              ],
              [
                121.0201,
                17.162662
              ],
              [
                121.019915,
                17.162645
              ],
              [
                121.019717,
                17.162668
              ],
              [
                121.019627,
                17.16271
              ],
              [
                121.019604,
                17.162767
              ],
              [
                121.019535,
                17.162824
              ],
              [
                121.019319,
                17.162884
              ],
              [
                121.019045,
                17.163073
              ],
              [
                121.01904,
                17.163108
              ],
              [
                121.019039,
                17.163114
              ],
              [
                121.019038,
                17.163122
              ],
              [
                121.018997,
                17.163409
              ],
              [
                121.018961,
                17.163466
              ],
              [
                121.018914,
                17.163482
              ],
              [
                121.01877,
                17.163444
              ],
              [
                121.018706,
                17.163472
              ],
              [
                121.018673,
                17.163491
              ],
              [
                121.018529,
                17.163655
              ],
              [
                121.018436,
                17.163717
              ],
              [
                121.018072,
                17.163693
              ],
              [
                121.017907,
                17.163737
              ],
              [
                121.017669,
                17.163757
              ],
              [
                121.017654,
                17.163748
              ],
              [
                121.017643,
                17.163741
              ],
              [
                121.01763,
                17.163743
              ],
              [
                121.017625,
                17.16374
              ],
              [
                121.017604,
                17.163712
              ],
              [
                121.017601,
                17.163703
              ],
              [
                121.017594,
                17.163681
              ],
              [
                121.017594,
                17.163651
              ],
              [
                121.017593,
                17.163646
              ],
              [
                121.017593,
                17.163645
              ],
              [
                121.017592,
                17.163642
              ],
              [
                121.017591,
                17.163641
              ],
              [
                121.017589,
                17.163637
              ],
              [
                121.017585,
                17.163633
              ],
              [
                121.017581,
                17.16363
              ],
              [
                121.017568,
                17.163621
              ],
              [
                121.017555,
                17.163613
              ],
              [
                121.017549,
                17.16361
              ],
              [
                121.017548,
                17.16361
              ],
              [
                121.017544,
                17.163609
              ],
              [
                121.017542,
                17.163608
              ],
              [
                121.017539,
                17.163608
              ],
              [
                121.017476,
                17.163606
              ],
              [
                121.017473,
                17.163606
              ],
              [
                121.017471,
                17.163607
              ],
              [
                121.017469,
                17.163607
              ],
              [
                121.017423,
                17.163616
              ],
              [
                121.017413,
                17.163618
              ],
              [
                121.017408,
                17.163618
              ],
              [
                121.017371,
                17.163624
              ],
              [
                121.017308,
                17.163635
              ],
              [
                121.017307,
                17.163635
              ],
              [
                121.017296,
                17.163636
              ],
              [
                121.01731,
                17.16362
              ],
              [
                121.016959,
                17.16365
              ],
              [
                121.016657,
                17.163646
              ],
              [
                121.016573,
                17.163677
              ],
              [
                121.016523,
                17.163725
              ],
              [
                121.016514,
                17.163733
              ],
              [
                121.016511,
                17.163736
              ],
              [
                121.016507,
                17.163741
              ],
              [
                121.016504,
                17.163744
              ],
              [
                121.016439,
                17.163807
              ],
              [
                121.016385,
                17.163836
              ],
              [
                121.016061,
                17.16389
              ],
              [
                121.016023,
                17.163884
              ],
              [
                121.015973,
                17.163849
              ],
              [
                121.01592,
                17.163728
              ],
              [
                121.01585,
                17.163647
              ],
              [
                121.015811,
                17.163627
              ],
              [
                121.015662,
                17.163621
              ],
              [
                121.015567,
                17.163472
              ],
              [
                121.015452,
                17.163403
              ],
              [
                121.015345,
                17.163225
              ]
            ]
          ],
          [
            [
              [
                121.019631,
                17.162906
              ],
              [
                121.019641,
                17.162828
              ],
              [
                121.019665,
                17.162807
              ],
              [
                121.019685,
                17.162757
              ],
              [
                121.019734,
                17.162738
              ],
              [
                121.019914,
                17.162717
              ],
              [
                121.020086,
                17.162733
              ],
              [
                121.020486,
                17.16287
              ],
              [
                121.020562,
                17.16289
              ],
              [
                121.020719,
                17.162899
              ],
              [
                121.020792,
                17.16291
              ],
              [
                121.020844,
                17.162927
              ],
              [
                121.020844,
                17.162928
              ],
              [
                121.020937,
                17.162956
              ],
              [
                121.020939,
                17.162957
              ],
              [
                121.021035,
                17.162979
              ],
              [
                121.021101,
                17.163002
              ],
              [
                121.021162,
                17.163049
              ],
              [
                121.021165,
                17.163051
              ],
              [
                121.021239,
                17.163093
              ],
              [
                121.021243,
                17.163095
              ],
              [
                121.021259,
                17.163101
              ],
              [
                121.021247,
                17.163183
              ],
              [
                121.02111,
                17.16326
              ],
              [
                121.020685,
                17.163132
              ],
              [
                121.020522,
                17.163122
              ],
              [
                121.020416,
                17.163093
              ],
              [
                121.020039,
                17.162964
              ],
              [
                121.019845,
                17.162957
              ],
              [
                121.019838,
                17.162963
              ],
              [
                121.019778,
                17.162958
              ],
              [
                121.019749,
                17.162953
              ],
              [
                121.019707,
                17.162946
              ],
              [
                121.019659,
                17.162933
              ],
              [
                121.019653,
                17.162931
              ],
              [
                121.019647,
                17.162927
              ],
              [
                121.019636,
                17.162917
              ],
              [
                121.019631,
                17.162906
              ]
            ]
          ],
          [
            [
              [
                121.014232,
                17.162969
              ],
              [
                121.014461,
                17.162921
              ],
              [
                121.014489,
                17.163017
              ],
              [
                121.014494,
                17.163041
              ],
              [
                121.014496,
                17.163047
              ],
              [
                121.014496,
                17.163048
              ],
              [
                121.014498,
                17.163052
              ],
              [
                121.014509,
                17.16309
              ],
              [
                121.014576,
                17.163149
              ],
              [
                121.014613,
                17.163157
              ],
              [
                121.014969,
                17.163166
              ],
              [
                121.015164,
                17.163138
              ],
              [
                121.015199,
                17.163149
              ],
              [
                121.01523,
                17.163174
              ],
              [
                121.015404,
                17.163458
              ],
              [
                121.015516,
                17.163525
              ],
              [
                121.015612,
                17.163675
              ],
              [
                121.015651,
                17.1637
              ],
              [
                121.015807,
                17.163706
              ],
              [
                121.015855,
                17.163762
              ],
              [
                121.015915,
                17.163893
              ],
              [
                121.015998,
                17.163953
              ],
              [
                121.01606,
                17.163963
              ],
              [
                121.016403,
                17.163906
              ],
              [
                121.016488,
                17.163861
              ],
              [
                121.016581,
                17.16376
              ],
              [
                121.016665,
                17.163719
              ],
              [
                121.016961,
                17.163722
              ],
              [
                121.017238,
                17.163697
              ],
              [
                121.017242,
                17.163693
              ],
              [
                121.0173,
                17.16369
              ],
              [
                121.017314,
                17.163689
              ],
              [
                121.017317,
                17.163689
              ],
              [
                121.017381,
                17.163678
              ],
              [
                121.017433,
                17.163669
              ],
              [
                121.017434,
                17.163669
              ],
              [
                121.017452,
                17.163665
              ],
              [
                121.017477,
                17.16366
              ],
              [
                121.017502,
                17.163661
              ],
              [
                121.017529,
                17.163662
              ],
              [
                121.017535,
                17.163665
              ],
              [
                121.017538,
                17.163667
              ],
              [
                121.017538,
                17.163685
              ],
              [
                121.017539,
                17.163692
              ],
              [
                121.017542,
                17.1637
              ],
              [
                121.017551,
                17.163731
              ],
              [
                121.017552,
                17.163734
              ],
              [
                121.017552,
                17.163735
              ],
              [
                121.017553,
                17.163736
              ],
              [
                121.017555,
                17.163739
              ],
              [
                121.017563,
                17.16375
              ],
              [
                121.017565,
                17.163753
              ],
              [
                121.017559,
                17.163753
              ],
              [
                121.017565,
                17.16376
              ],
              [
                121.017549,
                17.163762
              ],
              [
                121.017547,
                17.163762
              ],
              [
                121.017541,
                17.163763
              ],
              [
                121.017507,
                17.16377
              ],
              [
                121.017503,
                17.163771
              ],
              [
                121.017501,
                17.163771
              ],
              [
                121.017495,
                17.163774
              ],
              [
                121.017493,
                17.163777
              ],
              [
                121.017491,
                17.163779
              ],
              [
                121.017476,
                17.163795
              ],
              [
                121.017465,
                17.163807
              ],
              [
                121.017461,
                17.163813
              ],
              [
                121.017459,
                17.163818
              ],
              [
                121.017455,
                17.163834
              ],
              [
                121.01745,
                17.163855
              ],
              [
                121.017397,
                17.163882
              ],
              [
                121.017391,
                17.163885
              ],
              [
                121.01739,
                17.163886
              ],
              [
                121.017387,
                17.163888
              ],
              [
                121.017359,
                17.16391
              ],
              [
                121.017338,
                17.163926
              ],
              [
                121.017326,
                17.163927
              ],
              [
                121.017307,
                17.16394
              ],
              [
                121.017298,
                17.16393
              ],
              [
                121.016968,
                17.163955
              ],
              [
                121.016717,
                17.163953
              ],
              [
                121.016646,
                17.164035
              ],
              [
                121.016559,
                17.164096
              ],
              [
                121.01646,
                17.164135
              ],
              [
                121.016059,
                17.1642
              ],
              [
                121.015918,
                17.164176
              ],
              [
                121.015812,
                17.164116
              ],
              [
                121.015725,
                17.164037
              ],
              [
                121.015675,
                17.163935
              ],
              [
                121.015577,
                17.163929
              ],
              [
                121.015453,
                17.163851
              ],
              [
                121.01535,
                17.163694
              ],
              [
                121.015246,
                17.163639
              ],
              [
                121.015083,
                17.163389
              ],
              [
                121.014669,
                17.163397
              ],
              [
                121.014478,
                17.163367
              ],
              [
                121.014376,
                17.163293
              ],
              [
                121.014315,
                17.163223
              ],
              [
                121.014265,
                17.163128
              ],
              [
                121.014232,
                17.162969
              ]
            ]
          ],
          [
            [
              [
                121.014531,
                17.162907
              ],
              [
                121.014711,
                17.162869
              ],
              [
                121.014838,
                17.162864
              ],
              [
                121.015112,
                17.163073
              ],
              [
                121.014966,
                17.163094
              ],
              [
                121.014606,
                17.163082
              ],
              [
                121.014556,
                17.163024
              ],
              [
                121.014531,
                17.162907
              ]
            ]
          ]
        ]
      }
    },
    {
      "type": "Feature",
      "properties": {
        "classification": "R-2",
        "road_carve_m": 3
      },
      "geometry": {
        "type": "MultiPolygon",
        "coordinates": [
          [
            [
              [
                121.019564,
                17.162471
              ],
              [
                121.019709,
                17.162384
              ],
              [
                121.019894,
                17.162282
              ],
              [
                121.020412,
                17.161943
              ],
              [
                121.020787,
                17.161882
              ],
              [
                121.021321,
                17.162279
              ],
              [
                121.021321,
                17.162505
              ],
              [
                121.021327,
                17.162696
              ],
              [
                121.020763,
                17.162595
              ],
              [
                121.020577,
                17.162578
              ],
              [
                121.020147,
                17.162431
              ],
              [
                121.01992,
                17.16241
              ],
              [
                121.019663,
                17.16244
              ],
              [
                121.019564,
                17.162471
              ]
            ]
          ],
          [
            [
              [
                121.015659,
                17.163254
              ],
              [
                121.016939,
                17.16335
              ],
              [
                121.017284,
                17.161969
              ],
              [
                121.017687,
                17.161823
              ],
              [
                121.018035,
                17.161769
              ],
              [
                121.019365,
                17.162632
              ],
              [
                121.019224,
                17.16267
              ],
              [
                121.019127,
                17.162724
              ],
              [
                121.018854,
                17.162923
              ],
              [
                121.018802,
                17.163054
              ],
              [
                121.018789,
                17.163211
              ],
              [
                121.018739,
                17.163204
              ],
              [
                121.018523,
                17.163307
              ],
              [
                121.01837,
                17.163482
              ],
              [
                121.018058,
                17.163458
              ],
              [
                121.017877,
                17.163505
              ],
              [
                121.017831,
                17.163509
              ],
              [
                121.017831,
                17.1635
              ],
              [
                121.017619,
                17.163367
              ],
              [
                121.017452,
                17.163363
              ],
              [
                121.01728,
                17.163394
              ],
              [
                121.01697,
                17.163415
              ],
              [
                121.016952,
                17.163416
              ],
              [
                121.016632,
                17.163412
              ],
              [
                121.016534,
                17.163435
              ],
              [
                121.016452,
                17.163476
              ],
              [
                121.016299,
                17.163611
              ],
              [
                121.016136,
                17.163638
              ],
              [
                121.01606,
                17.163526
              ],
              [
                121.015988,
                17.163455
              ],
              [
                121.015861,
                17.16339
              ],
              [
                121.015799,
                17.163393
              ],
              [
                121.015731,
                17.163302
              ],
              [
                121.015659,
                17.163254
              ]
            ]
          ],
          [
            [
              [
                121.014478,
                17.163367
              ],
              [
                121.014669,
                17.163397
              ],
              [
                121.015083,
                17.163389
              ],
              [
                121.015246,
                17.163639
              ],
              [
                121.01535,
                17.163694
              ],
              [
                121.015453,
                17.163851
              ],
              [
                121.015577,
                17.163929
              ],
              [
                121.015675,
                17.163935
              ],
              [
                121.015725,
                17.164037
              ],
              [
                121.015812,
                17.164116
              ],
              [
                121.015899,
                17.164165
              ],
              [
                121.015064,
                17.164237
              ],
              [
                121.014611,
                17.163388
              ],
              [
                121.014478,
                17.163367
              ]
            ]
          ],
          [
            [
              [
                121.01379,
                17.162253
              ],
              [
                121.013986,
                17.162202
              ],
              [
                121.014838,
                17.162864
              ],
              [
                121.014711,
                17.162869
              ],
              [
                121.014531,
                17.162907
              ],
              [
                121.014522,
                17.162904
              ],
              [
                121.014519,
                17.162899
              ],
              [
                121.014516,
                17.162895
              ],
              [
                121.014512,
                17.162892
              ],
              [
                121.014507,
                17.162889
              ],
              [
                121.014502,
                17.162888
              ],
              [
                121.014496,
                17.162887
              ],
              [
                121.014491,
                17.162888
              ],
              [
                121.014485,
                17.162889
              ],
              [
                121.01448,
                17.162892
              ],
              [
                121.014476,
                17.162895
              ],
              [
                121.014473,
                17.162899
              ],
              [
                121.01447,
                17.162904
              ],
              [
                121.014468,
                17.162909
              ],
              [
                121.014468,
                17.162919
              ],
              [
                121.014461,
                17.162921
              ],
              [
                121.014232,
                17.162969
              ],
              [
                121.014265,
                17.163128
              ],
              [
                121.014315,
                17.163223
              ],
              [
                121.014376,
                17.163293
              ],
              [
                121.013892,
                17.162974
              ],
              [
                121.01379,
                17.162394
              ],
              [
                121.01379,
                17.162253
              ]
            ]
          ]
        ]
      }
    },
    {
      "type": "Feature",
      "properties": {
        "classification": "R-1",
        "source": "band-tag",
        "band_keys": [
          "234706881__sacasacan__0-30",
          "1118812424__sacasacan__0-30"
        ],
        "road_carve_m": 3
      },
      "geometry": {
        "type": "MultiPolygon",
        "coordinates": [
          [
            [
              [
                121.02274,
                17.162885
              ],
              [
                121.022742,
                17.162883
              ],
              [
                121.022742,
                17.162882
              ],
              [
                121.022773,
                17.16284
              ],
              [
                121.022798,
                17.162816
              ],
              [
                121.022827,
                17.162795
              ],
              [
                121.022831,
                17.162791
              ],
              [
                121.022854,
                17.162766
              ],
              [
                121.022857,
                17.162762
              ],
              [
                121.022859,
                17.162759
              ],
              [
                121.022868,
                17.162738
              ],
              [
                121.022874,
                17.162723
              ],
              [
                121.022875,
                17.162721
              ],
              [
                121.022889,
                17.162679
              ],
              [
                121.02291,
                17.16262
              ],
              [
                121.022911,
                17.162616
              ],
              [
                121.022912,
                17.162613
              ],
              [
                121.023037,
                17.16262
              ],
              [
                121.023489,
                17.162808
              ],
              [
                121.023453,
                17.162365
              ],
              [
                121.023496,
                17.162212
              ],
              [
                121.023595,
                17.162061
              ],
              [
                121.023738,
                17.161979
              ],
              [
                121.023916,
                17.161967
              ],
              [
                121.024074,
                17.162017
              ],
              [
                121.024253,
                17.1621
              ],
              [
                121.024588,
                17.162292
              ],
              [
                121.024825,
                17.16249
              ],
              [
                121.025082,
                17.162806
              ],
              [
                121.025256,
                17.16285
              ],
              [
                121.025389,
                17.162797
              ],
              [
                121.02578,
                17.162749
              ],
              [
                121.026108,
                17.162737
              ],
              [
                121.026381,
                17.162639
              ],
              [
                121.026381,
                17.162637
              ],
              [
                121.026386,
                17.162637
              ],
              [
                121.026394,
                17.162634
              ],
              [
                121.026395,
                17.162636
              ],
              [
                121.026523,
                17.162631
              ],
              [
                121.026646,
                17.162678
              ],
              [
                121.02688,
                17.162855
              ],
              [
                121.026966,
                17.162872
              ],
              [
                121.027111,
                17.162931
              ],
              [
                121.027249,
                17.163097
              ],
              [
                121.027376,
                17.163298
              ],
              [
                121.027779,
                17.16363
              ],
              [
                121.027603,
                17.163655
              ],
              [
                121.027493,
                17.16367
              ],
              [
                121.027198,
                17.163454
              ],
              [
                121.027059,
                17.163235
              ],
              [
                121.026969,
                17.163125
              ],
              [
                121.026809,
                17.163082
              ],
              [
                121.026747,
                17.163049
              ],
              [
                121.026538,
                17.162886
              ],
              [
                121.026485,
                17.162867
              ],
              [
                121.026469,
                17.162868
              ],
              [
                121.026151,
                17.162968
              ],
              [
                121.025798,
                17.162982
              ],
              [
                121.025448,
                17.163025
              ],
              [
                121.02528,
                17.163093
              ],
              [
                121.024977,
                17.163019
              ],
              [
                121.024853,
                17.162904
              ],
              [
                121.024656,
                17.162653
              ],
              [
                121.024453,
                17.162484
              ],
              [
                121.024149,
                17.16231
              ],
              [
                121.023888,
                17.162203
              ],
              [
                121.023808,
                17.162209
              ],
              [
                121.02376,
                17.162236
              ],
              [
                121.023711,
                17.16231
              ],
              [
                121.023688,
                17.162391
              ],
              [
                121.023758,
                17.163089
              ],
              [
                121.02369,
                17.163137
              ],
              [
                121.023641,
                17.163139
              ],
              [
                121.023457,
                17.163058
              ],
              [
                121.023445,
                17.163052
              ],
              [
                121.02344,
                17.16305
              ],
              [
                121.023438,
                17.163049
              ],
              [
                121.023378,
                17.163024
              ],
              [
                121.022986,
                17.162852
              ],
              [
                121.022894,
                17.162847
              ],
              [
                121.022757,
                17.162877
              ],
              [
                121.02274,
                17.162885
              ]
            ]
          ],
          [
            [
              [
                121.021073,
                17.163277
              ],
              [
                121.02111,
                17.16326
              ],
              [
                121.021247,
                17.163183
              ],
              [
                121.021258,
                17.163111
              ],
              [
                121.021588,
                17.163244
              ],
              [
                121.021836,
                17.163302
              ],
              [
                121.022021,
                17.163435
              ],
              [
                121.022102,
                17.163459
              ],
              [
                121.022175,
                17.163453
              ],
              [
                121.022244,
                17.163417
              ],
              [
                121.022321,
                17.163267
              ],
              [
                121.022352,
                17.163242
              ],
              [
                121.022505,
                17.163159
              ],
              [
                121.02271,
                17.16298
              ],
              [
                121.02278,
                17.162945
              ],
              [
                121.022899,
                17.162919
              ],
              [
                121.022971,
                17.162923
              ],
              [
                121.023128,
                17.162984
              ],
              [
                121.023626,
                17.163212
              ],
              [
                121.023706,
                17.163209
              ],
              [
                121.023781,
                17.163175
              ],
              [
                121.02383,
                17.163113
              ],
              [
                121.023761,
                17.162399
              ],
              [
                121.02381,
                17.16229
              ],
              [
                121.023879,
                17.162276
              ],
              [
                121.024118,
                17.162375
              ],
              [
                121.024412,
                17.162543
              ],
              [
                121.024604,
                17.162704
              ],
              [
                121.024798,
                17.162951
              ],
              [
                121.024945,
                17.163085
              ],
              [
                121.025287,
                17.163167
              ],
              [
                121.025466,
                17.163095
              ],
              [
                121.025803,
                17.163054
              ],
              [
                121.026164,
                17.163039
              ],
              [
                121.026249,
                17.163004
              ],
              [
                121.026258,
                17.163001
              ],
              [
                121.02626,
                17.163001
              ],
              [
                121.026261,
                17.163
              ],
              [
                121.026264,
                17.162999
              ],
              [
                121.026277,
                17.162993
              ],
              [
                121.026395,
                17.162945
              ],
              [
                121.026395,
                17.162943
              ],
              [
                121.026399,
                17.162943
              ],
              [
                121.026409,
                17.162939
              ],
              [
                121.026411,
                17.162944
              ],
              [
                121.026505,
                17.162951
              ],
              [
                121.026707,
                17.163109
              ],
              [
                121.026785,
                17.163151
              ],
              [
                121.026925,
                17.163185
              ],
              [
                121.027001,
                17.163277
              ],
              [
                121.027143,
                17.163502
              ],
              [
                121.027383,
                17.163674
              ],
              [
                121.027006,
                17.163687
              ],
              [
                121.026965,
                17.163657
              ],
              [
                121.02679,
                17.163389
              ],
              [
                121.026707,
                17.163375
              ],
              [
                121.026574,
                17.163303
              ],
              [
                121.026437,
                17.163187
              ],
              [
                121.026434,
                17.163186
              ],
              [
                121.02635,
                17.163227
              ],
              [
                121.026207,
                17.163271
              ],
              [
                121.025821,
                17.163288
              ],
              [
                121.025524,
                17.163324
              ],
              [
                121.025313,
                17.163409
              ],
              [
                121.025161,
                17.163382
              ],
              [
                121.024841,
                17.1633
              ],
              [
                121.024726,
                17.163214
              ],
              [
                121.024621,
                17.163104
              ],
              [
                121.024435,
                17.162867
              ],
              [
                121.024277,
                17.162735
              ],
              [
                121.024014,
                17.162584
              ],
              [
                121.024063,
                17.163029
              ],
              [
                121.024066,
                17.163192
              ],
              [
                121.023929,
                17.163365
              ],
              [
                121.023761,
                17.163441
              ],
              [
                121.023577,
                17.163448
              ],
              [
                121.023315,
                17.163319
              ],
              [
                121.022919,
                17.163154
              ],
              [
                121.022835,
                17.163179
              ],
              [
                121.022641,
                17.163351
              ],
              [
                121.0225,
                17.163428
              ],
              [
                121.022422,
                17.163587
              ],
              [
                121.022243,
                17.163681
              ],
              [
                121.022077,
                17.163697
              ],
              [
                121.021926,
                17.16365
              ],
              [
                121.02174,
                17.163517
              ],
              [
                121.021509,
                17.163465
              ],
              [
                121.02114,
                17.163316
              ],
              [
                121.021073,
                17.163277
              ]
            ]
          ],
          [
            [
              [
                121.021294,
                17.163048
              ],
              [
                121.021335,
                17.162914
              ],
              [
                121.021331,
                17.162798
              ],
              [
                121.021366,
                17.162823
              ],
              [
                121.021691,
                17.162955
              ],
              [
                121.02185,
                17.162983
              ],
              [
                121.021967,
                17.163024
              ],
              [
                121.02207,
                17.16309
              ],
              [
                121.022181,
                17.162987
              ],
              [
                121.022327,
                17.162908
              ],
              [
                121.022547,
                17.162719
              ],
              [
                121.022679,
                17.162655
              ],
              [
                121.022852,
                17.162616
              ],
              [
                121.022844,
                17.162638
              ],
              [
                121.022836,
                17.162662
              ],
              [
                121.022822,
                17.162703
              ],
              [
                121.022821,
                17.162705
              ],
              [
                121.022808,
                17.162734
              ],
              [
                121.02279,
                17.162754
              ],
              [
                121.022768,
                17.16277
              ],
              [
                121.022762,
                17.162774
              ],
              [
                121.02276,
                17.162776
              ],
              [
                121.022751,
                17.162784
              ],
              [
                121.022731,
                17.162803
              ],
              [
                121.022728,
                17.162807
              ],
              [
                121.022711,
                17.16283
              ],
              [
                121.022695,
                17.162852
              ],
              [
                121.022693,
                17.162855
              ],
              [
                121.022645,
                17.162942
              ],
              [
                121.022463,
                17.1631
              ],
              [
                121.022265,
                17.16322
              ],
              [
                121.022189,
                17.163364
              ],
              [
                121.022109,
                17.163387
              ],
              [
                121.022014,
                17.163347
              ],
              [
                121.021867,
                17.163236
              ],
              [
                121.021612,
                17.163176
              ],
              [
                121.021294,
                17.163048
              ]
            ]
          ]
        ]
      }
    },
    {
      "type": "Feature",
      "properties": {
        "classification": "R-1",
        "source": "road-tag",
        "buffer_m": 30,
        "road_keys": [
          "234706321|sadanga|121.0319769,17.1689433"
        ]
      },
      "geometry": {
        "type": "MultiPolygon",
        "coordinates": [
          [
            [
              [
                121.030264,
                17.164798
              ],
              [
                121.030495,
                17.16476
              ],
              [
                121.030554,
                17.165123
              ],
              [
                121.030581,
                17.165202
              ],
              [
                121.030592,
                17.165219
              ],
              [
                121.030636,
                17.165278
              ],
              [
                121.030696,
                17.165357
              ],
              [
                121.030767,
                17.165456
              ],
              [
                121.030835,
                17.165514
              ],
              [
                121.030893,
                17.165554
              ],
              [
                121.030895,
                17.165554
              ],
              [
                121.030994,
                17.165541
              ],
              [
                121.031314,
                17.16553
              ],
              [
                121.031525,
                17.165543
              ],
              [
                121.031655,
                17.165548
              ],
              [
                121.031748,
                17.165563
              ],
              [
                121.031837,
                17.165593
              ],
              [
                121.031969,
                17.165656
              ],
              [
                121.032173,
                17.165806
              ],
              [
                121.032447,
                17.166064
              ],
              [
                121.032458,
                17.166075
              ],
              [
                121.032483,
                17.166084
              ],
              [
                121.032681,
                17.16614
              ],
              [
                121.032785,
                17.166183
              ],
              [
                121.032924,
                17.166289
              ],
              [
                121.033242,
                17.166633
              ],
              [
                121.033327,
                17.166758
              ],
              [
                121.033328,
                17.166759
              ],
              [
                121.033369,
                17.166785
              ],
              [
                121.033605,
                17.166971
              ],
              [
                121.033663,
                17.167029
              ],
              [
                121.033704,
                17.167087
              ],
              [
                121.033716,
                17.167101
              ],
              [
                121.033729,
                17.167112
              ],
              [
                121.033843,
                17.167148
              ],
              [
                121.034045,
                17.167261
              ],
              [
                121.034197,
                17.167396
              ],
              [
                121.034325,
                17.167523
              ],
              [
                121.034407,
                17.167604
              ],
              [
                121.034459,
                17.167633
              ],
              [
                121.034607,
                17.16772
              ],
              [
                121.034696,
                17.167786
              ],
              [
                121.03475,
                17.167819
              ],
              [
                121.034789,
                17.167839
              ],
              [
                121.034831,
                17.167855
              ],
              [
                121.034894,
                17.167874
              ],
              [
                121.034969,
                17.16789
              ],
              [
                121.035083,
                17.167907
              ],
              [
                121.035192,
                17.167921
              ],
              [
                121.035314,
                17.167929
              ],
              [
                121.0354,
                17.167944
              ],
              [
                121.035546,
                17.168004
              ],
              [
                121.035621,
                17.168118
              ],
              [
                121.035655,
                17.168187
              ],
              [
                121.035684,
                17.168283
              ],
              [
                121.035707,
                17.168383
              ],
              [
                121.035717,
                17.168565
              ],
              [
                121.035739,
                17.168663
              ],
              [
                121.035751,
                17.168719
              ],
              [
                121.03587,
                17.168968
              ],
              [
                121.03566,
                17.169069
              ],
              [
                121.035528,
                17.168794
              ],
              [
                121.035511,
                17.168713
              ],
              [
                121.035484,
                17.168597
              ],
              [
                121.035475,
                17.168415
              ],
              [
                121.035458,
                17.168344
              ],
              [
                121.035437,
                17.168274
              ],
              [
                121.035418,
                17.168235
              ],
              [
                121.03539,
                17.168193
              ],
              [
                121.035335,
                17.16817
              ],
              [
                121.035286,
                17.168162
              ],
              [
                121.03517,
                17.168153
              ],
              [
                121.035052,
                17.168139
              ],
              [
                121.034928,
                17.16812
              ],
              [
                121.034834,
                17.168101
              ],
              [
                121.034753,
                17.168075
              ],
              [
                121.034694,
                17.168052
              ],
              [
                121.034637,
                17.168023
              ],
              [
                121.034566,
                17.167981
              ],
              [
                121.034477,
                17.167915
              ],
              [
                121.034342,
                17.167836
              ],
              [
                121.034265,
                17.167792
              ],
              [
                121.034161,
                17.167689
              ],
              [
                121.034037,
                17.167567
              ],
              [
                121.033909,
                17.167453
              ],
              [
                121.03375,
                17.167364
              ],
              [
                121.033622,
                17.167323
              ],
              [
                121.03359,
                17.167301
              ],
              [
                121.033552,
                17.167268
              ],
              [
                121.033522,
                17.167234
              ],
              [
                121.033483,
                17.16718
              ],
              [
                121.033449,
                17.167145
              ],
              [
                121.033234,
                17.166976
              ],
              [
                121.03317,
                17.166935
              ],
              [
                121.033139,
                17.166897
              ],
              [
                121.033058,
                17.166779
              ],
              [
                121.032766,
                17.166463
              ],
              [
                121.032667,
                17.166387
              ],
              [
                121.032604,
                17.166361
              ],
              [
                121.032411,
                17.166307
              ],
              [
                121.032338,
                17.16628
              ],
              [
                121.032312,
                17.166261
              ],
              [
                121.032282,
                17.16623
              ],
              [
                121.032023,
                17.165986
              ],
              [
                121.031848,
                17.165858
              ],
              [
                121.031749,
                17.16581
              ],
              [
                121.031692,
                17.165791
              ],
              [
                121.031632,
                17.165781
              ],
              [
                121.031513,
                17.165776
              ],
              [
                121.031311,
                17.165764
              ],
              [
                121.031013,
                17.165774
              ],
              [
                121.03092,
                17.165786
              ],
              [
                121.030851,
                17.165792
              ],
              [
                121.030821,
                17.165784
              ],
              [
                121.030767,
                17.165751
              ],
              [
                121.030693,
                17.165699
              ],
              [
                121.030594,
                17.165615
              ],
              [
                121.030508,
                17.165496
              ],
              [
                121.03045,
                17.165419
              ],
              [
                121.030399,
                17.165351
              ],
              [
                121.030369,
                17.165303
              ],
              [
                121.030327,
                17.16518
              ],
              [
                121.030264,
                17.164798
              ]
            ]
          ],
          [
            [
              [
                121.028012,
                17.169747
              ],
              [
                121.028351,
                17.169472
              ],
              [
                121.028386,
                17.169453
              ],
              [
                121.028431,
                17.169436
              ],
              [
                121.028464,
                17.16943
              ],
              [
                121.028509,
                17.169432
              ],
              [
                121.028647,
                17.169487
              ],
              [
                121.028712,
                17.169488
              ],
              [
                121.028767,
                17.169484
              ],
              [
                121.028871,
                17.169438
              ],
              [
                121.028946,
                17.16942
              ],
              [
                121.029003,
                17.16942
              ],
              [
                121.029093,
                17.169423
              ],
              [
                121.029181,
                17.169415
              ],
              [
                121.029256,
                17.169389
              ],
              [
                121.029334,
                17.169328
              ],
              [
                121.02943,
                17.169207
              ],
              [
                121.02949,
                17.169091
              ],
              [
                121.029542,
                17.168938
              ],
              [
                121.029546,
                17.168864
              ],
              [
                121.029555,
                17.168837
              ],
              [
                121.029565,
                17.168827
              ],
              [
                121.029586,
                17.168816
              ],
              [
                121.029618,
                17.168817
              ],
              [
                121.02971,
                17.168842
              ],
              [
                121.029906,
                17.168871
              ],
              [
                121.030016,
                17.168863
              ],
              [
                121.030163,
                17.168843
              ],
              [
                121.030251,
                17.16883
              ],
              [
                121.030321,
                17.168838
              ],
              [
                121.030369,
                17.16886
              ],
              [
                121.030295,
                17.168826
              ],
              [
                121.030341,
                17.168831
              ],
              [
                121.03064,
                17.168905
              ],
              [
                121.030642,
                17.168905
              ],
              [
                121.030715,
                17.168916
              ],
              [
                121.030718,
                17.168917
              ],
              [
                121.030748,
                17.168919
              ],
              [
                121.030753,
                17.168918
              ],
              [
                121.030759,
                17.168917
              ],
              [
                121.030936,
                17.168859
              ],
              [
                121.031041,
                17.16883
              ],
              [
                121.031107,
                17.168838
              ],
              [
                121.031188,
                17.168859
              ],
              [
                121.031273,
                17.168884
              ],
              [
                121.031274,
                17.168884
              ],
              [
                121.031309,
                17.168893
              ],
              [
                121.031317,
                17.168894
              ],
              [
                121.031343,
                17.168893
              ],
              [
                121.031348,
                17.168893
              ],
              [
                121.031403,
                17.168882
              ],
              [
                121.031436,
                17.168888
              ],
              [
                121.03147,
                17.168915
              ],
              [
                121.031475,
                17.168918
              ],
              [
                121.031544,
                17.168955
              ],
              [
                121.031549,
                17.168957
              ],
              [
                121.031662,
                17.168992
              ],
              [
                121.031667,
                17.168993
              ],
              [
                121.031817,
                17.169013
              ],
              [
                121.031819,
                17.169013
              ],
              [
                121.031889,
                17.169017
              ],
              [
                121.031894,
                17.169017
              ],
              [
                121.031899,
                17.169016
              ],
              [
                121.03194,
                17.169006
              ],
              [
                121.031945,
                17.169004
              ],
              [
                121.03195,
                17.169
              ],
              [
                121.031974,
                17.168981
              ],
              [
                121.031973,
                17.168994
              ],
              [
                121.031982,
                17.168987
              ],
              [
                121.032006,
                17.168966
              ],
              [
                121.032034,
                17.16891
              ],
              [
                121.032097,
                17.168779
              ],
              [
                121.032156,
                17.168692
              ],
              [
                121.032235,
                17.168604
              ],
              [
                121.032402,
                17.168516
              ],
              [
                121.032562,
                17.168467
              ],
              [
                121.032642,
                17.168452
              ],
              [
                121.032749,
                17.168461
              ],
              [
                121.032834,
                17.168469
              ],
              [
                121.032948,
                17.168472
              ],
              [
                121.03301,
                17.16849
              ],
              [
                121.033105,
                17.168551
              ],
              [
                121.033213,
                17.168641
              ],
              [
                121.03338,
                17.168719
              ],
              [
                121.03352,
                17.16881
              ],
              [
                121.033601,
                17.168867
              ],
              [
                121.033646,
                17.168889
              ],
              [
                121.033709,
                17.168886
              ],
              [
                121.0338,
                17.168803
              ],
              [
                121.033852,
                17.168764
              ],
              [
                121.033982,
                17.168735
              ],
              [
                121.034467,
                17.168693
              ],
              [
                121.034618,
                17.168693
              ],
              [
                121.034695,
                17.16871
              ],
              [
                121.034761,
                17.168744
              ],
              [
                121.034805,
                17.168794
              ],
              [
                121.034958,
                17.169005
              ],
              [
                121.035027,
                17.169067
              ],
              [
                121.035112,
                17.169112
              ],
              [
                121.035258,
                17.169148
              ],
              [
                121.035368,
                17.169159
              ],
              [
                121.03551,
                17.169155
              ],
              [
                121.035637,
                17.169119
              ],
              [
                121.0357,
                17.169344
              ],
              [
                121.035545,
                17.169387
              ],
              [
                121.03536,
                17.169393
              ],
              [
                121.035219,
                17.169379
              ],
              [
                121.035028,
                17.169332
              ],
              [
                121.034893,
                17.16926
              ],
              [
                121.034784,
                17.169163
              ],
              [
                121.034621,
                17.168939
              ],
              [
                121.034615,
                17.168932
              ],
              [
                121.034592,
                17.168927
              ],
              [
                121.034477,
                17.168927
              ],
              [
                121.034018,
                17.168966
              ],
              [
                121.033953,
                17.168981
              ],
              [
                121.033949,
                17.168984
              ],
              [
                121.033802,
                17.169116
              ],
              [
                121.033597,
                17.169125
              ],
              [
                121.033482,
                17.169069
              ],
              [
                121.03339,
                17.169003
              ],
              [
                121.033267,
                17.168924
              ],
              [
                121.033086,
                17.16884
              ],
              [
                121.032966,
                17.16874
              ],
              [
                121.032913,
                17.168705
              ],
              [
                121.03282,
                17.168703
              ],
              [
                121.032728,
                17.168694
              ],
              [
                121.032653,
                17.168687
              ],
              [
                121.032619,
                17.168694
              ],
              [
                121.032492,
                17.168733
              ],
              [
                121.032382,
                17.168792
              ],
              [
                121.03234,
                17.168837
              ],
              [
                121.0323,
                17.168896
              ],
              [
                121.032244,
                17.169014
              ],
              [
                121.032193,
                17.169114
              ],
              [
                121.03213,
                17.169168
              ],
              [
                121.032055,
                17.169226
              ],
              [
                121.031918,
                17.169262
              ],
              [
                121.031795,
                17.169255
              ],
              [
                121.031613,
                17.169231
              ],
              [
                121.031454,
                17.169181
              ],
              [
                121.031366,
                17.169135
              ],
              [
                121.031286,
                17.169137
              ],
              [
                121.03121,
                17.169118
              ],
              [
                121.031124,
                17.169093
              ],
              [
                121.031062,
                17.169077
              ],
              [
                121.031058,
                17.169077
              ],
              [
                121.031006,
                17.169091
              ],
              [
                121.030785,
                17.169164
              ],
              [
                121.030691,
                17.169158
              ],
              [
                121.030594,
                17.169144
              ],
              [
                121.030298,
                17.169071
              ],
              [
                121.030255,
                17.169066
              ],
              [
                121.030196,
                17.169075
              ],
              [
                121.030041,
                17.169096
              ],
              [
                121.029897,
                17.169106
              ],
              [
                121.02974,
                17.169083
              ],
              [
                121.029705,
                17.169183
              ],
              [
                121.029628,
                17.169335
              ],
              [
                121.029499,
                17.169495
              ],
              [
                121.02937,
                17.169597
              ],
              [
                121.029231,
                17.169645
              ],
              [
                121.029099,
                17.169658
              ],
              [
                121.028998,
                17.169654
              ],
              [
                121.028973,
                17.169653
              ],
              [
                121.028946,
                17.16966
              ],
              [
                121.028826,
                17.169713
              ],
              [
                121.028719,
                17.169722
              ],
              [
                121.028599,
                17.169719
              ],
              [
                121.028475,
                17.16967
              ],
              [
                121.028463,
                17.169677
              ],
              [
                121.028319,
                17.169786
              ],
              [
                121.028138,
                17.169778
              ],
              [
                121.028023,
                17.16975
              ],
              [
                121.028012,
                17.169747
              ]
            ]
          ],
          [
            [
              [
                121.030205,
                17.16848
              ],
              [
                121.03026,
                17.168303
              ],
              [
                121.030283,
                17.168239
              ],
              [
                121.030635,
                17.168386
              ],
              [
                121.030724,
                17.168403
              ],
              [
                121.030784,
                17.16842
              ],
              [
                121.03079,
                17.168419
              ],
              [
                121.030872,
                17.168393
              ],
              [
                121.031052,
                17.168361
              ],
              [
                121.031265,
                17.168426
              ],
              [
                121.031372,
                17.168513
              ],
              [
                121.031379,
                17.168517
              ],
              [
                121.031411,
                17.168526
              ],
              [
                121.031542,
                17.16855
              ],
              [
                121.031635,
                17.168597
              ],
              [
                121.031683,
                17.168632
              ],
              [
                121.031715,
                17.168647
              ],
              [
                121.031733,
                17.168652
              ],
              [
                121.031764,
                17.16866
              ],
              [
                121.031814,
                17.168663
              ],
              [
                121.031832,
                17.168626
              ],
              [
                121.031915,
                17.168503
              ],
              [
                121.032044,
                17.16836
              ],
              [
                121.032284,
                17.168232
              ],
              [
                121.032489,
                17.16817
              ],
              [
                121.032627,
                17.168143
              ],
              [
                121.032852,
                17.168164
              ],
              [
                121.032994,
                17.168168
              ],
              [
                121.033138,
                17.168208
              ],
              [
                121.033286,
                17.168305
              ],
              [
                121.033378,
                17.16838
              ],
              [
                121.033529,
                17.168451
              ],
              [
                121.033653,
                17.168531
              ],
              [
                121.03372,
                17.168481
              ],
              [
                121.033934,
                17.168432
              ],
              [
                121.034454,
                17.168387
              ],
              [
                121.034652,
                17.168387
              ],
              [
                121.034799,
                17.16842
              ],
              [
                121.034954,
                17.168498
              ],
              [
                121.035045,
                17.168604
              ],
              [
                121.035186,
                17.168799
              ],
              [
                121.035204,
                17.168815
              ],
              [
                121.035222,
                17.168824
              ],
              [
                121.035212,
                17.168778
              ],
              [
                121.03518,
                17.16864
              ],
              [
                121.035171,
                17.16846
              ],
              [
                121.035141,
                17.168458
              ],
              [
                121.035011,
                17.168442
              ],
              [
                121.034874,
                17.168421
              ],
              [
                121.034757,
                17.168397
              ],
              [
                121.034652,
                17.168364
              ],
              [
                121.034568,
                17.168331
              ],
              [
                121.034489,
                17.168291
              ],
              [
                121.034396,
                17.168236
              ],
              [
                121.034308,
                17.16817
              ],
              [
                121.03419,
                17.1681
              ],
              [
                121.03408,
                17.168039
              ],
              [
                121.033946,
                17.167907
              ],
              [
                121.033828,
                17.16779
              ],
              [
                121.03373,
                17.167703
              ],
              [
                121.033628,
                17.167646
              ],
              [
                121.033484,
                17.167601
              ],
              [
                121.0334,
                17.167542
              ],
              [
                121.033337,
                17.167486
              ],
              [
                121.033283,
                17.167426
              ],
              [
                121.033249,
                17.167378
              ],
              [
                121.033245,
                17.167374
              ],
              [
                121.033057,
                17.167226
              ],
              [
                121.032963,
                17.167167
              ],
              [
                121.032893,
                17.167079
              ],
              [
                121.032818,
                17.166969
              ],
              [
                121.03256,
                17.16669
              ],
              [
                121.032513,
                17.166654
              ],
              [
                121.032503,
                17.16665
              ],
              [
                121.032316,
                17.166598
              ],
              [
                121.032192,
                17.166552
              ],
              [
                121.032109,
                17.166492
              ],
              [
                121.032067,
                17.166447
              ],
              [
                121.031827,
                17.166222
              ],
              [
                121.03169,
                17.166121
              ],
              [
                121.031634,
                17.166094
              ],
              [
                121.031618,
                17.166089
              ],
              [
                121.031601,
                17.166086
              ],
              [
                121.031498,
                17.166082
              ],
              [
                121.031307,
                17.166071
              ],
              [
                121.031037,
                17.166079
              ],
              [
                121.030952,
                17.16609
              ],
              [
                121.030825,
                17.166101
              ],
              [
                121.0307,
                17.166069
              ],
              [
                121.0306,
                17.166007
              ],
              [
                121.030506,
                17.165942
              ],
              [
                121.030471,
                17.165912
              ],
              [
                121.030471,
                17.165911
              ],
              [
                121.030472,
                17.165908
              ],
              [
                121.030477,
                17.165884
              ],
              [
                121.030479,
                17.165882
              ],
              [
                121.030489,
                17.165875
              ],
              [
                121.03049,
                17.165875
              ],
              [
                121.030507,
                17.165871
              ],
              [
                121.030523,
                17.165876
              ],
              [
                121.030528,
                17.165879
              ],
              [
                121.030545,
                17.16589
              ],
              [
                121.030579,
                17.165927
              ],
              [
                121.03059,
                17.16594
              ],
              [
                121.030635,
                17.165993
              ],
              [
                121.03064,
                17.165998
              ],
              [
                121.030655,
                17.166008
              ],
              [
                121.030675,
                17.16602
              ],
              [
                121.03068,
                17.166022
              ],
              [
                121.030702,
                17.166027
              ],
              [
                121.030713,
                17.166027
              ],
              [
                121.030737,
                17.166024
              ],
              [
                121.030738,
                17.166024
              ],
              [
                121.030743,
                17.166022
              ],
              [
                121.030767,
                17.166013
              ],
              [
                121.030931,
                17.16596
              ],
              [
                121.030969,
                17.165948
              ],
              [
                121.031065,
                17.165935
              ],
              [
                121.03116,
                17.165923
              ],
              [
                121.031191,
                17.165919
              ],
              [
                121.031269,
                17.16591
              ],
              [
                121.031362,
                17.165904
              ],
              [
                121.031436,
                17.1659
              ],
              [
                121.031557,
                17.16591
              ],
              [
                121.031601,
                17.165913
              ],
              [
                121.031693,
                17.165927
              ],
              [
                121.031772,
                17.165953
              ],
              [
                121.031804,
                17.165973
              ],
              [
                121.031832,
                17.165991
              ],
              [
                121.031834,
                17.165992
              ],
              [
                121.031906,
                17.16603
              ],
              [
                121.031911,
                17.166032
              ],
              [
                121.031917,
                17.166033
              ],
              [
                121.031974,
                17.166039
              ],
              [
                121.031977,
                17.166042
              ],
              [
                121.032232,
                17.166281
              ],
              [
                121.032264,
                17.166315
              ],
              [
                121.032304,
                17.166344
              ],
              [
                121.032388,
                17.166375
              ],
              [
                121.03258,
                17.166429
              ],
              [
                121.032631,
                17.16645
              ],
              [
                121.032718,
                17.166517
              ],
              [
                121.033002,
                17.166823
              ],
              [
                121.033081,
                17.16694
              ],
              [
                121.033121,
                17.16699
              ],
              [
                121.033192,
                17.167035
              ],
              [
                121.033401,
                17.167199
              ],
              [
                121.033428,
                17.167227
              ],
              [
                121.033465,
                17.167279
              ],
              [
                121.033501,
                17.167319
              ],
              [
                121.033545,
                17.167358
              ],
              [
                121.033589,
                17.167389
              ],
              [
                121.033721,
                17.16743
              ],
              [
                121.033867,
                17.167512
              ],
              [
                121.033988,
                17.16762
              ],
              [
                121.03411,
                17.16774
              ],
              [
                121.034222,
                17.16785
              ],
              [
                121.034307,
                17.167898
              ],
              [
                121.034437,
                17.167975
              ],
              [
                121.034526,
                17.168041
              ],
              [
                121.034602,
                17.168086
              ],
              [
                121.034664,
                17.168118
              ],
              [
                121.03473,
                17.168143
              ],
              [
                121.034816,
                17.16817
              ],
              [
                121.034915,
                17.168191
              ],
              [
                121.035042,
                17.16821
              ],
              [
                121.035163,
                17.168225
              ],
              [
                121.035278,
                17.168233
              ],
              [
                121.035315,
                17.168239
              ],
              [
                121.035342,
                17.168251
              ],
              [
                121.035355,
                17.168271
              ],
              [
                121.03537,
                17.1683
              ],
              [
                121.035389,
                17.168362
              ],
              [
                121.035403,
                17.168426
              ],
              [
                121.035413,
                17.168608
              ],
              [
                121.035441,
                17.168728
              ],
              [
                121.035459,
                17.168817
              ],
              [
                121.035473,
                17.168847
              ],
              [
                121.035464,
                17.16885
              ],
              [
                121.035481,
                17.168845
              ],
              [
                121.035584,
                17.169059
              ],
              [
                121.035499,
                17.169083
              ],
              [
                121.03537,
                17.169087
              ],
              [
                121.03527,
                17.169077
              ],
              [
                121.035138,
                17.169044
              ],
              [
                121.035069,
                17.169008
              ],
              [
                121.035012,
                17.168957
              ],
              [
                121.034861,
                17.168749
              ],
              [
                121.034807,
                17.168686
              ],
              [
                121.03472,
                17.168642
              ],
              [
                121.034626,
                17.168621
              ],
              [
                121.034464,
                17.168621
              ],
              [
                121.033971,
                17.168663
              ],
              [
                121.033821,
                17.168698
              ],
              [
                121.033754,
                17.168748
              ],
              [
                121.03368,
                17.168815
              ],
              [
                121.033661,
                17.168816
              ],
              [
                121.033638,
                17.168805
              ],
              [
                121.033561,
                17.16875
              ],
              [
                121.033415,
                17.168656
              ],
              [
                121.033252,
                17.168579
              ],
              [
                121.033147,
                17.168493
              ],
              [
                121.03304,
                17.168423
              ],
              [
                121.032959,
                17.168401
              ],
              [
                121.032838,
                17.168397
              ],
              [
                121.032756,
                17.16839
              ],
              [
                121.032638,
                17.168379
              ],
              [
                121.032545,
                17.168397
              ],
              [
                121.032374,
                17.168449
              ],
              [
                121.032191,
                17.168547
              ],
              [
                121.0321,
                17.168648
              ],
              [
                121.032035,
                17.168743
              ],
              [
                121.03197,
                17.168878
              ],
              [
                121.031951,
                17.168915
              ],
              [
                121.031727,
                17.168901
              ],
              [
                121.031673,
                17.168887
              ],
              [
                121.03163,
                17.168875
              ],
              [
                121.031559,
                17.168842
              ],
              [
                121.031507,
                17.168803
              ],
              [
                121.031469,
                17.168784
              ],
              [
                121.031461,
                17.168782
              ],
              [
                121.031356,
                17.168763
              ],
              [
                121.031287,
                17.168743
              ],
              [
                121.031236,
                17.168715
              ],
              [
                121.031154,
                17.168648
              ],
              [
                121.03115,
                17.168645
              ],
              [
                121.031145,
                17.168643
              ],
              [
                121.031044,
                17.168612
              ],
              [
                121.031037,
                17.168611
              ],
              [
                121.03103,
                17.168611
              ],
              [
                121.030931,
                17.168629
              ],
              [
                121.030927,
                17.16863
              ],
              [
                121.030849,
                17.168655
              ],
              [
                121.030785,
                17.168666
              ],
              [
                121.030746,
                17.168661
              ],
              [
                121.03067,
                17.16864
              ],
              [
                121.030668,
                17.16864
              ],
              [
                121.030567,
                17.168619
              ],
              [
                121.030488,
                17.168588
              ],
              [
                121.030382,
                17.168539
              ],
              [
                121.030381,
                17.168538
              ],
              [
                121.030377,
                17.168537
              ],
              [
                121.030394,
                17.168539
              ],
              [
                121.030412,
                17.168543
              ],
              [
                121.030384,
                17.16853
              ],
              [
                121.030274,
                17.168482
              ],
              [
                121.030205,
                17.16848
              ]
            ]
          ]
        ]
      }
    },
    {
      "type": "Feature",
      "properties": {
        "classification": "R-2"
      },
      "geometry": {
        "type": "MultiPolygon",
        "coordinates": [
          [
            [
              [
                121.032193,
                17.169114
              ],
              [
                121.032244,
                17.169014
              ],
              [
                121.0323,
                17.168896
              ],
              [
                121.03234,
                17.168837
              ],
              [
                121.032382,
                17.168792
              ],
              [
                121.032492,
                17.168733
              ],
              [
                121.032619,
                17.168694
              ],
              [
                121.032653,
                17.168687
              ],
              [
                121.032728,
                17.168694
              ],
              [
                121.03282,
                17.168703
              ],
              [
                121.032913,
                17.168705
              ],
              [
                121.032966,
                17.16874
              ],
              [
                121.033086,
                17.16884
              ],
              [
                121.033267,
                17.168924
              ],
              [
                121.03339,
                17.169003
              ],
              [
                121.033482,
                17.169069
              ],
              [
                121.033597,
                17.169125
              ],
              [
                121.033802,
                17.169116
              ],
              [
                121.033949,
                17.168984
              ],
              [
                121.033953,
                17.168981
              ],
              [
                121.034018,
                17.168966
              ],
              [
                121.034477,
                17.168927
              ],
              [
                121.034592,
                17.168927
              ],
              [
                121.034615,
                17.168932
              ],
              [
                121.034621,
                17.168939
              ],
              [
                121.034784,
                17.169163
              ],
              [
                121.034893,
                17.16926
              ],
              [
                121.035028,
                17.169332
              ],
              [
                121.035219,
                17.169379
              ],
              [
                121.03536,
                17.169393
              ],
              [
                121.035545,
                17.169387
              ],
              [
                121.03559,
                17.169374
              ],
              [
                121.0356,
                17.169389
              ],
              [
                121.035639,
                17.169427
              ],
              [
                121.035716,
                17.169489
              ],
              [
                121.035795,
                17.169571
              ],
              [
                121.035874,
                17.169683
              ],
              [
                121.036015,
                17.16997
              ],
              [
                121.036018,
                17.169976
              ],
              [
                121.036191,
                17.170307
              ],
              [
                121.036253,
                17.170437
              ],
              [
                121.036283,
                17.170484
              ],
              [
                121.036332,
                17.170548
              ],
              [
                121.036363,
                17.170582
              ],
              [
                121.036399,
                17.17061
              ],
              [
                121.036455,
                17.170647
              ],
              [
                121.036513,
                17.170676
              ],
              [
                121.036577,
                17.170692
              ],
              [
                121.036692,
                17.170707
              ],
              [
                121.036734,
                17.17071
              ],
              [
                121.036812,
                17.170709
              ],
              [
                121.036801,
                17.170982
              ],
              [
                121.035908,
                17.17098
              ],
              [
                121.03523,
                17.170404
              ],
              [
                121.034667,
                17.169902
              ],
              [
                121.034871,
                17.169676
              ],
              [
                121.034635,
                17.169497
              ],
              [
                121.03412,
                17.169502
              ],
              [
                121.033234,
                17.169471
              ],
              [
                121.032591,
                17.168999
              ],
              [
                121.032467,
                17.169158
              ],
              [
                121.032193,
                17.169114
              ]
            ]
          ],
          [
            [
              [
                121.031052,
                17.168361
              ],
              [
                121.031072,
                17.168245
              ],
              [
                121.031694,
                17.16836
              ],
              [
                121.031863,
                17.168153
              ],
              [
                121.032654,
                17.16785
              ],
              [
                121.033274,
                17.167842
              ],
              [
                121.033639,
                17.168155
              ],
              [
                121.033653,
                17.168531
              ],
              [
                121.033529,
                17.168451
              ],
              [
                121.033378,
                17.16838
              ],
              [
                121.033286,
                17.168305
              ],
              [
                121.033138,
                17.168208
              ],
              [
                121.032994,
                17.168168
              ],
              [
                121.032852,
                17.168164
              ],
              [
                121.032627,
                17.168143
              ],
              [
                121.032489,
                17.16817
              ],
              [
                121.032284,
                17.168232
              ],
              [
                121.032044,
                17.16836
              ],
              [
                121.031915,
                17.168503
              ],
              [
                121.031832,
                17.168626
              ],
              [
                121.031814,
                17.168663
              ],
              [
                121.031764,
                17.16866
              ],
              [
                121.031733,
                17.168652
              ],
              [
                121.031715,
                17.168647
              ],
              [
                121.031683,
                17.168632
              ],
              [
                121.031635,
                17.168597
              ],
              [
                121.031542,
                17.16855
              ],
              [
                121.031411,
                17.168526
              ],
              [
                121.031379,
                17.168517
              ],
              [
                121.031372,
                17.168513
              ],
              [
                121.031265,
                17.168426
              ],
              [
                121.031052,
                17.168361
              ]
            ]
          ]
        ]
      }
    },
    {
      "type": "Feature",
      "properties": {
        "classification": "R-1",
        "source": "road-tag",
        "buffer_m": 30,
        "road_keys": [
          "234705783|sadanga|121.0444308,17.1670428"
        ],
        "road_carve_m": 3
      },
      "geometry": {
        "type": "MultiPolygon",
        "coordinates": [
          [
            [
              [
                121.03555,
                17.169144
              ],
              [
                121.035551,
                17.169139
              ],
              [
                121.035554,
                17.169133
              ],
              [
                121.035635,
                17.16911
              ],
              [
                121.035637,
                17.16911
              ],
              [
                121.035639,
                17.169109
              ],
              [
                121.03564,
                17.169108
              ],
              [
                121.035641,
                17.169108
              ],
              [
                121.035887,
                17.16932
              ],
              [
                121.03599,
                17.169427
              ],
              [
                121.03609,
                17.169568
              ],
              [
                121.036239,
                17.169872
              ],
              [
                121.036413,
                17.170207
              ],
              [
                121.036479,
                17.170343
              ],
              [
                121.036535,
                17.170414
              ],
              [
                121.036603,
                17.170459
              ],
              [
                121.036729,
                17.170476
              ],
              [
                121.037072,
                17.170472
              ],
              [
                121.037147,
                17.170482
              ],
              [
                121.037429,
                17.170616
              ],
              [
                121.03749,
                17.170617
              ],
              [
                121.037586,
                17.170584
              ],
              [
                121.037766,
                17.170509
              ],
              [
                121.037897,
                17.170419
              ],
              [
                121.037979,
                17.17035
              ],
              [
                121.038014,
                17.170332
              ],
              [
                121.038087,
                17.170323
              ],
              [
                121.038148,
                17.170327
              ],
              [
                121.038404,
                17.170417
              ],
              [
                121.038473,
                17.170435
              ],
              [
                121.038539,
                17.170439
              ],
              [
                121.038603,
                17.170423
              ],
              [
                121.038658,
                17.17037
              ],
              [
                121.038691,
                17.170281
              ],
              [
                121.038697,
                17.170089
              ],
              [
                121.038718,
                17.170033
              ],
              [
                121.038751,
                17.170008
              ],
              [
                121.038807,
                17.169992
              ],
              [
                121.038866,
                17.169981
              ],
              [
                121.039032,
                17.169977
              ],
              [
                121.039168,
                17.169984
              ],
              [
                121.039243,
                17.170011
              ],
              [
                121.039305,
                17.170076
              ],
              [
                121.039389,
                17.170198
              ],
              [
                121.039457,
                17.170227
              ],
              [
                121.039519,
                17.170238
              ],
              [
                121.039614,
                17.170198
              ],
              [
                121.03969,
                17.170156
              ],
              [
                121.039698,
                17.170155
              ],
              [
                121.03989,
                17.170158
              ],
              [
                121.040231,
                17.170065
              ],
              [
                121.040601,
                17.169978
              ],
              [
                121.040894,
                17.169764
              ],
              [
                121.041263,
                17.16951
              ],
              [
                121.041483,
                17.169352
              ],
              [
                121.041584,
                17.169293
              ],
              [
                121.041639,
                17.169284
              ],
              [
                121.041816,
                17.169273
              ],
              [
                121.042075,
                17.169071
              ],
              [
                121.042201,
                17.169012
              ],
              [
                121.042233,
                17.168977
              ],
              [
                121.042257,
                17.168932
              ],
              [
                121.042287,
                17.168616
              ],
              [
                121.042307,
                17.168509
              ],
              [
                121.042342,
                17.168477
              ],
              [
                121.042416,
                17.168479
              ],
              [
                121.042549,
                17.16855
              ],
              [
                121.042663,
                17.168666
              ],
              [
                121.042762,
                17.168821
              ],
              [
                121.042826,
                17.168851
              ],
              [
                121.042901,
                17.168854
              ],
              [
                121.043126,
                17.168727
              ],
              [
                121.043293,
                17.168657
              ],
              [
                121.043446,
                17.16867
              ],
              [
                121.043582,
                17.168611
              ],
              [
                121.043574,
                17.168474
              ],
              [
                121.043483,
                17.168428
              ],
              [
                121.043383,
                17.168414
              ],
              [
                121.043242,
                17.168444
              ],
              [
                121.042994,
                17.168609
              ],
              [
                121.042932,
                17.16862
              ],
              [
                121.042874,
                17.168587
              ],
              [
                121.042747,
                17.168305
              ],
              [
                121.042645,
                17.16814
              ],
              [
                121.042493,
                17.168011
              ],
              [
                121.042416,
                17.167872
              ],
              [
                121.042298,
                17.167799
              ],
              [
                121.042219,
                17.167795
              ],
              [
                121.042165,
                17.167819
              ],
              [
                121.042017,
                17.167999
              ],
              [
                121.041851,
                17.168258
              ],
              [
                121.041808,
                17.168272
              ],
              [
                121.041799,
                17.168273
              ],
              [
                121.041793,
                17.168272
              ],
              [
                121.041602,
                17.168201
              ],
              [
                121.041433,
                17.168116
              ],
              [
                121.041301,
                17.168129
              ],
              [
                121.041108,
                17.168194
              ],
              [
                121.040882,
                17.168208
              ],
              [
                121.04061,
                17.168232
              ],
              [
                121.040505,
                17.168218
              ],
              [
                121.040332,
                17.168135
              ],
              [
                121.04007,
                17.168027
              ],
              [
                121.039947,
                17.167996
              ],
              [
                121.039905,
                17.167954
              ],
              [
                121.039861,
                17.167829
              ],
              [
                121.039798,
                17.167694
              ],
              [
                121.039702,
                17.167613
              ],
              [
                121.039445,
                17.167513
              ],
              [
                121.039247,
                17.167441
              ],
              [
                121.039138,
                17.167413
              ],
              [
                121.038811,
                17.16737
              ],
              [
                121.038766,
                17.167354
              ],
              [
                121.03875,
                17.167339
              ],
              [
                121.038737,
                17.167313
              ],
              [
                121.038736,
                17.167289
              ],
              [
                121.03874,
                17.167277
              ],
              [
                121.03875,
                17.16727
              ],
              [
                121.038772,
                17.167271
              ],
              [
                121.038921,
                17.167304
              ],
              [
                121.03899,
                17.167311
              ],
              [
                121.039187,
                17.167309
              ],
              [
                121.03959,
                17.16734
              ],
              [
                121.039712,
                17.167329
              ],
              [
                121.040059,
                17.167263
              ],
              [
                121.040499,
                17.167272
              ],
              [
                121.040996,
                17.167405
              ],
              [
                121.041194,
                17.167431
              ],
              [
                121.041261,
                17.167395
              ],
              [
                121.041304,
                17.167345
              ],
              [
                121.041358,
                17.166911
              ],
              [
                121.041389,
                17.166872
              ],
              [
                121.041642,
                17.166799
              ],
              [
                121.041831,
                17.166711
              ],
              [
                121.041886,
                17.166588
              ],
              [
                121.041932,
                17.166393
              ],
              [
                121.042119,
                17.166175
              ],
              [
                121.042247,
                17.166151
              ],
              [
                121.04249,
                17.166151
              ],
              [
                121.04296,
                17.166372
              ],
              [
                121.043034,
                17.166463
              ],
              [
                121.043122,
                17.166508
              ],
              [
                121.043385,
                17.166433
              ],
              [
                121.043615,
                17.166439
              ],
              [
                121.043735,
                17.166418
              ],
              [
                121.043862,
                17.166365
              ],
              [
                121.043912,
                17.166364
              ],
              [
                121.043947,
                17.166397
              ],
              [
                121.044052,
                17.166658
              ],
              [
                121.044268,
                17.167056
              ],
              [
                121.044343,
                17.167081
              ],
              [
                121.04443,
                17.167079
              ],
              [
                121.0446,
                17.167225
              ],
              [
                121.044614,
                17.167237
              ],
              [
                121.04462,
                17.167242
              ],
              [
                121.044593,
                17.167263
              ],
              [
                121.044545,
                17.167289
              ],
              [
                121.044493,
                17.167306
              ],
              [
                121.044438,
                17.167313
              ],
              [
                121.044355,
                17.167314
              ],
              [
                121.044305,
                17.167311
              ],
              [
                121.044255,
                17.167299
              ],
              [
                121.0442,
                17.167281
              ],
              [
                121.044151,
                17.16726
              ],
              [
                121.044108,
                17.16723
              ],
              [
                121.044071,
                17.167193
              ],
              [
                121.044042,
                17.16715
              ],
              [
                121.043834,
                17.166767
              ],
              [
                121.043821,
                17.16674
              ],
              [
                121.043784,
                17.166647
              ],
              [
                121.043776,
                17.166649
              ],
              [
                121.043664,
                17.166669
              ],
              [
                121.043604,
                17.166673
              ],
              [
                121.043418,
                17.166668
              ],
              [
                121.043207,
                17.166728
              ],
              [
                121.043153,
                17.166739
              ],
              [
                121.043098,
                17.166738
              ],
              [
                121.043043,
                17.166728
              ],
              [
                121.042992,
                17.166708
              ],
              [
                121.042924,
                17.166672
              ],
              [
                121.042875,
                17.166641
              ],
              [
                121.042834,
                17.1666
              ],
              [
                121.042799,
                17.166558
              ],
              [
                121.042432,
                17.166385
              ],
              [
                121.042271,
                17.166385
              ],
              [
                121.042254,
                17.166388
              ],
              [
                121.04216,
                17.166498
              ],
              [
                121.042127,
                17.166635
              ],
              [
                121.042111,
                17.166683
              ],
              [
                121.042063,
                17.16679
              ],
              [
                121.042039,
                17.166833
              ],
              [
                121.042008,
                17.16687
              ],
              [
                121.04197,
                17.166902
              ],
              [
                121.041927,
                17.166927
              ],
              [
                121.041752,
                17.167008
              ],
              [
                121.041711,
                17.167023
              ],
              [
                121.041588,
                17.167059
              ],
              [
                121.04155,
                17.167361
              ],
              [
                121.041539,
                17.167412
              ],
              [
                121.041517,
                17.16746
              ],
              [
                121.041486,
                17.167503
              ],
              [
                121.041455,
                17.167539
              ],
              [
                121.041419,
                17.167573
              ],
              [
                121.041378,
                17.167601
              ],
              [
                121.041327,
                17.167628
              ],
              [
                121.041271,
                17.167651
              ],
              [
                121.041211,
                17.167662
              ],
              [
                121.04115,
                17.167661
              ],
              [
                121.040965,
                17.167637
              ],
              [
                121.040927,
                17.167629
              ],
              [
                121.040462,
                17.167505
              ],
              [
                121.040081,
                17.167498
              ],
              [
                121.039961,
                17.16752
              ],
              [
                121.039996,
                17.167557
              ],
              [
                121.040026,
                17.167606
              ],
              [
                121.040086,
                17.167731
              ],
              [
                121.040096,
                17.167757
              ],
              [
                121.040109,
                17.167795
              ],
              [
                121.040132,
                17.167801
              ],
              [
                121.04017,
                17.167814
              ],
              [
                121.040429,
                17.16792
              ],
              [
                121.040444,
                17.167927
              ],
              [
                121.04058,
                17.167992
              ],
              [
                121.040617,
                17.167997
              ],
              [
                121.040858,
                17.167975
              ],
              [
                121.040868,
                17.167974
              ],
              [
                121.041058,
                17.167963
              ],
              [
                121.041214,
                17.16791
              ],
              [
                121.04128,
                17.167896
              ],
              [
                121.041397,
                17.167884
              ],
              [
                121.041452,
                17.167884
              ],
              [
                121.041507,
                17.167894
              ],
              [
                121.041558,
                17.167914
              ],
              [
                121.041705,
                17.167989
              ],
              [
                121.04173,
                17.167998
              ],
              [
                121.041805,
                17.16788
              ],
              [
                121.041824,
                17.167854
              ],
              [
                121.041965,
                17.167682
              ],
              [
                121.042011,
                17.167638
              ],
              [
                121.042066,
                17.167605
              ],
              [
                121.042105,
                17.167587
              ],
              [
                121.042149,
                17.167572
              ],
              [
                121.042194,
                17.167563
              ],
              [
                121.04224,
                17.167562
              ],
              [
                121.042301,
                17.167565
              ],
              [
                121.04235,
                17.167571
              ],
              [
                121.042397,
                17.167586
              ],
              [
                121.042441,
                17.167608
              ],
              [
                121.042543,
                17.167671
              ],
              [
                121.042581,
                17.1677
              ],
              [
                121.042614,
                17.167734
              ],
              [
                121.04264,
                17.167772
              ],
              [
                121.042691,
                17.167865
              ],
              [
                121.042805,
                17.167962
              ],
              [
                121.042835,
                17.167992
              ],
              [
                121.04286,
                17.168026
              ],
              [
                121.042958,
                17.168184
              ],
              [
                121.042975,
                17.168216
              ],
              [
                121.043017,
                17.168308
              ],
              [
                121.043094,
                17.168257
              ],
              [
                121.043142,
                17.168231
              ],
              [
                121.043194,
                17.168215
              ],
              [
                121.043322,
                17.168187
              ],
              [
                121.043374,
                17.168181
              ],
              [
                121.043425,
                17.168183
              ],
              [
                121.043513,
                17.168196
              ],
              [
                121.043561,
                17.168206
              ],
              [
                121.043606,
                17.168225
              ],
              [
                121.043673,
                17.16826
              ],
              [
                121.04372,
                17.16829
              ],
              [
                121.04376,
                17.16833
              ],
              [
                121.043791,
                17.168376
              ],
              [
                121.043812,
                17.168428
              ],
              [
                121.043821,
                17.168482
              ],
              [
                121.043826,
                17.168573
              ],
              [
                121.043824,
                17.168627
              ],
              [
                121.04381,
                17.168679
              ],
              [
                121.043786,
                17.168728
              ],
              [
                121.043751,
                17.168771
              ],
              [
                121.043709,
                17.168807
              ],
              [
                121.04366,
                17.168834
              ],
              [
                121.043555,
                17.168879
              ],
              [
                121.04351,
                17.168894
              ],
              [
                121.043463,
                17.168902
              ],
              [
                121.043415,
                17.168902
              ],
              [
                121.043334,
                17.168895
              ],
              [
                121.043239,
                17.168935
              ],
              [
                121.043037,
                17.16905
              ],
              [
                121.042987,
                17.169072
              ],
              [
                121.042935,
                17.169084
              ],
              [
                121.042881,
                17.169087
              ],
              [
                121.042823,
                17.169085
              ],
              [
                121.042767,
                17.169077
              ],
              [
                121.042713,
                17.169058
              ],
              [
                121.042664,
                17.169036
              ],
              [
                121.042618,
                17.169009
              ],
              [
                121.042578,
                17.168975
              ],
              [
                121.042545,
                17.168933
              ],
              [
                121.042509,
                17.168877
              ],
              [
                121.042503,
                17.168947
              ],
              [
                121.042493,
                17.168996
              ],
              [
                121.042474,
                17.169042
              ],
              [
                121.042457,
                17.169076
              ],
              [
                121.042416,
                17.169134
              ],
              [
                121.042391,
                17.169161
              ],
              [
                121.04235,
                17.169197
              ],
              [
                121.042303,
                17.169225
              ],
              [
                121.042209,
                17.169269
              ],
              [
                121.041982,
                17.169447
              ],
              [
                121.041933,
                17.169477
              ],
              [
                121.041878,
                17.169498
              ],
              [
                121.041821,
                17.169507
              ],
              [
                121.041673,
                17.169516
              ],
              [
                121.041623,
                17.169545
              ],
              [
                121.041412,
                17.169697
              ],
              [
                121.041407,
                17.1697
              ],
              [
                121.041042,
                17.169951
              ],
              [
                121.040756,
                17.170159
              ],
              [
                121.040707,
                17.170188
              ],
              [
                121.040653,
                17.170207
              ],
              [
                121.040294,
                17.170291
              ],
              [
                121.039962,
                17.170381
              ],
              [
                121.03988,
                17.170391
              ],
              [
                121.039758,
                17.170389
              ],
              [
                121.03974,
                17.170399
              ],
              [
                121.039711,
                17.170413
              ],
              [
                121.039628,
                17.170448
              ],
              [
                121.039576,
                17.170464
              ],
              [
                121.039521,
                17.17047
              ],
              [
                121.039466,
                17.170466
              ],
              [
                121.039419,
                17.170458
              ],
              [
                121.039351,
                17.170439
              ],
              [
                121.039297,
                17.170415
              ],
              [
                121.039251,
                17.17039
              ],
              [
                121.039211,
                17.170357
              ],
              [
                121.039178,
                17.170318
              ],
              [
                121.039109,
                17.17022
              ],
              [
                121.039105,
                17.170215
              ],
              [
                121.039029,
                17.170211
              ],
              [
                121.03894,
                17.170213
              ],
              [
                121.038938,
                17.170282
              ],
              [
                121.038933,
                17.170325
              ],
              [
                121.038921,
                17.170366
              ],
              [
                121.038893,
                17.170441
              ],
              [
                121.038866,
                17.170493
              ],
              [
                121.038828,
                17.170539
              ],
              [
                121.038786,
                17.17058
              ],
              [
                121.038747,
                17.170611
              ],
              [
                121.038704,
                17.170635
              ],
              [
                121.038657,
                17.170652
              ],
              [
                121.038608,
                17.170664
              ],
              [
                121.038563,
                17.170672
              ],
              [
                121.038516,
                17.170672
              ],
              [
                121.038459,
                17.170668
              ],
              [
                121.038405,
                17.17066
              ],
              [
                121.038341,
                17.170643
              ],
              [
                121.038316,
                17.170636
              ],
              [
                121.038101,
                17.17056
              ],
              [
                121.038061,
                17.170594
              ],
              [
                121.03804,
                17.170609
              ],
              [
                121.037914,
                17.170696
              ],
              [
                121.037862,
                17.170725
              ],
              [
                121.037686,
                17.170798
              ],
              [
                121.03767,
                17.170804
              ],
              [
                121.037581,
                17.170835
              ],
              [
                121.03753,
                17.170848
              ],
              [
                121.037477,
                17.170851
              ],
              [
                121.03743,
                17.17085
              ],
              [
                121.037369,
                17.170842
              ],
              [
                121.037312,
                17.170821
              ],
              [
                121.037074,
                17.170708
              ],
              [
                121.037058,
                17.170706
              ],
              [
                121.036734,
                17.17071
              ],
              [
                121.036692,
                17.170707
              ],
              [
                121.036577,
                17.170692
              ],
              [
                121.036513,
                17.170676
              ],
              [
                121.036455,
                17.170647
              ],
              [
                121.036399,
                17.17061
              ],
              [
                121.036363,
                17.170582
              ],
              [
                121.036332,
                17.170548
              ],
              [
                121.036283,
                17.170484
              ],
              [
                121.036253,
                17.170437
              ],
              [
                121.036191,
                17.170307
              ],
              [
                121.036018,
                17.169976
              ],
              [
                121.036015,
                17.16997
              ],
              [
                121.035874,
                17.169683
              ],
              [
                121.035795,
                17.169571
              ],
              [
                121.035716,
                17.169489
              ],
              [
                121.035639,
                17.169427
              ],
              [
                121.0356,
                17.169389
              ],
              [
                121.03559,
                17.169374
              ],
              [
                121.0357,
                17.169344
              ],
              [
                121.035637,
                17.169119
              ],
              [
                121.03555,
                17.169144
              ]
            ]
          ],
          [
            [
              [
                121.035629,
                17.169024
              ],
              [
                121.035635,
                17.169018
              ],
              [
                121.03566,
                17.169069
              ],
              [
                121.03587,
                17.168968
              ],
              [
                121.035864,
                17.168955
              ],
              [
                121.035905,
                17.168963
              ],
              [
                121.035956,
                17.168984
              ],
              [
                121.036002,
                17.169014
              ],
              [
                121.036093,
                17.169087
              ],
              [
                121.03612,
                17.169111
              ],
              [
                121.036226,
                17.169221
              ],
              [
                121.036251,
                17.169253
              ],
              [
                121.036355,
                17.169399
              ],
              [
                121.036376,
                17.169435
              ],
              [
                121.036525,
                17.169739
              ],
              [
                121.036698,
                17.17007
              ],
              [
                121.036702,
                17.170077
              ],
              [
                121.036746,
                17.17017
              ],
              [
                121.036749,
                17.17017
              ],
              [
                121.037071,
                17.170167
              ],
              [
                121.03711,
                17.170169
              ],
              [
                121.037193,
                17.170179
              ],
              [
                121.03724,
                17.170188
              ],
              [
                121.037283,
                17.170205
              ],
              [
                121.037476,
                17.170297
              ],
              [
                121.037608,
                17.170242
              ],
              [
                121.037699,
                17.170179
              ],
              [
                121.037773,
                17.170117
              ],
              [
                121.037819,
                17.170086
              ],
              [
                121.037863,
                17.170062
              ],
              [
                121.037913,
                17.170041
              ],
              [
                121.037967,
                17.170029
              ],
              [
                121.038051,
                17.170019
              ],
              [
                121.038108,
                17.170017
              ],
              [
                121.038177,
                17.170023
              ],
              [
                121.038254,
                17.170038
              ],
              [
                121.038379,
                17.170083
              ],
              [
                121.038379,
                17.170073
              ],
              [
                121.038384,
                17.170031
              ],
              [
                121.038396,
                17.169989
              ],
              [
                121.038423,
                17.169919
              ],
              [
                121.038444,
                17.169875
              ],
              [
                121.038474,
                17.169835
              ],
              [
                121.03851,
                17.169802
              ],
              [
                121.038557,
                17.169766
              ],
              [
                121.038602,
                17.169737
              ],
              [
                121.038653,
                17.169717
              ],
              [
                121.038717,
                17.169698
              ],
              [
                121.038749,
                17.169691
              ],
              [
                121.038813,
                17.16968
              ],
              [
                121.038854,
                17.169676
              ],
              [
                121.039023,
                17.169671
              ],
              [
                121.039048,
                17.169671
              ],
              [
                121.039192,
                17.169679
              ],
              [
                121.039235,
                17.169684
              ],
              [
                121.039277,
                17.169696
              ],
              [
                121.039364,
                17.169728
              ],
              [
                121.039422,
                17.169757
              ],
              [
                121.039472,
                17.169799
              ],
              [
                121.039541,
                17.169872
              ],
              [
                121.03955,
                17.169882
              ],
              [
                121.039573,
                17.169872
              ],
              [
                121.039613,
                17.16986
              ],
              [
                121.03963,
                17.169856
              ],
              [
                121.039699,
                17.169849
              ],
              [
                121.039848,
                17.169851
              ],
              [
                121.040145,
                17.169771
              ],
              [
                121.040154,
                17.169769
              ],
              [
                121.040461,
                17.169696
              ],
              [
                121.040702,
                17.16952
              ],
              [
                121.040709,
                17.169516
              ],
              [
                121.041075,
                17.169264
              ],
              [
                121.041294,
                17.169107
              ],
              [
                121.041315,
                17.169093
              ],
              [
                121.041423,
                17.169029
              ],
              [
                121.04147,
                17.169007
              ],
              [
                121.041521,
                17.168993
              ],
              [
                121.041585,
                17.168982
              ],
              [
                121.041617,
                17.168979
              ],
              [
                121.041694,
                17.168974
              ],
              [
                121.041877,
                17.168831
              ],
              [
                121.041932,
                17.168798
              ],
              [
                121.041951,
                17.168789
              ],
              [
                121.04197,
                17.168586
              ],
              [
                121.041974,
                17.168563
              ],
              [
                121.041978,
                17.168539
              ],
              [
                121.041962,
                17.168546
              ],
              [
                121.041904,
                17.168563
              ],
              [
                121.041866,
                17.168573
              ],
              [
                121.041846,
                17.168576
              ],
              [
                121.041789,
                17.16858
              ],
              [
                121.041732,
                17.168572
              ],
              [
                121.041717,
                17.168569
              ],
              [
                121.04168,
                17.168558
              ],
              [
                121.041486,
                17.168486
              ],
              [
                121.041455,
                17.168473
              ],
              [
                121.04137,
                17.16843
              ],
              [
                121.04121,
                17.168484
              ],
              [
                121.041132,
                17.168499
              ],
              [
                121.040907,
                17.168512
              ],
              [
                121.040636,
                17.168537
              ],
              [
                121.040569,
                17.168535
              ],
              [
                121.040454,
                17.168519
              ],
              [
                121.04041,
                17.16851
              ],
              [
                121.040368,
                17.168494
              ],
              [
                121.040199,
                17.168413
              ],
              [
                121.039966,
                17.168317
              ],
              [
                121.039856,
                17.168289
              ],
              [
                121.039807,
                17.168272
              ],
              [
                121.039763,
                17.168247
              ],
              [
                121.039724,
                17.168214
              ],
              [
                121.039669,
                17.168159
              ],
              [
                121.039632,
                17.168112
              ],
              [
                121.039606,
                17.168058
              ],
              [
                121.039565,
                17.167941
              ],
              [
                121.039537,
                17.167881
              ],
              [
                121.039532,
                17.167877
              ],
              [
                121.039329,
                17.167797
              ],
              [
                121.039149,
                17.167732
              ],
              [
                121.039076,
                17.167713
              ],
              [
                121.038764,
                17.167673
              ],
              [
                121.038703,
                17.167658
              ],
              [
                121.038648,
                17.167638
              ],
              [
                121.038592,
                17.167611
              ],
              [
                121.038544,
                17.167574
              ],
              [
                121.038519,
                17.167549
              ],
              [
                121.038491,
                17.167517
              ],
              [
                121.038469,
                17.167481
              ],
              [
                121.038449,
                17.167444
              ],
              [
                121.038429,
                17.167394
              ],
              [
                121.03842,
                17.167341
              ],
              [
                121.038417,
                17.167301
              ],
              [
                121.03842,
                17.167245
              ],
              [
                121.038434,
                17.16719
              ],
              [
                121.038446,
                17.16716
              ],
              [
                121.03847,
                17.167113
              ],
              [
                121.038503,
                17.167071
              ],
              [
                121.038544,
                17.167036
              ],
              [
                121.038574,
                17.167016
              ],
              [
                121.03863,
                17.166985
              ],
              [
                121.038691,
                17.166968
              ],
              [
                121.038755,
                17.166964
              ],
              [
                121.038792,
                17.166966
              ],
              [
                121.03884,
                17.166973
              ],
              [
                121.038974,
                17.167002
              ],
              [
                121.039005,
                17.167005
              ],
              [
                121.039185,
                17.167003
              ],
              [
                121.039211,
                17.167004
              ],
              [
                121.039589,
                17.167033
              ],
              [
                121.039667,
                17.167026
              ],
              [
                121.040001,
                17.166963
              ],
              [
                121.040062,
                17.166958
              ],
              [
                121.04051,
                17.166967
              ],
              [
                121.04058,
                17.166976
              ],
              [
                121.041015,
                17.167093
              ],
              [
                121.041043,
                17.166865
              ],
              [
                121.041053,
                17.166819
              ],
              [
                121.041071,
                17.166775
              ],
              [
                121.041097,
                17.166735
              ],
              [
                121.041142,
                17.166679
              ],
              [
                121.041182,
                17.166637
              ],
              [
                121.041231,
                17.166604
              ],
              [
                121.041286,
                17.166582
              ],
              [
                121.041526,
                17.166513
              ],
              [
                121.041584,
                17.166486
              ],
              [
                121.041623,
                17.166317
              ],
              [
                121.041645,
                17.166258
              ],
              [
                121.04168,
                17.166205
              ],
              [
                121.041882,
                17.165971
              ],
              [
                121.041916,
                17.165938
              ],
              [
                121.041955,
                17.16591
              ],
              [
                121.041999,
                17.16589
              ],
              [
                121.042046,
                17.165877
              ],
              [
                121.042051,
                17.165876
              ],
              [
                121.042054,
                17.165884
              ],
              [
                121.042057,
                17.165889
              ],
              [
                121.042083,
                17.165929
              ],
              [
                121.042086,
                17.165933
              ],
              [
                121.042089,
                17.165936
              ],
              [
                121.04209,
                17.165936
              ],
              [
                121.042093,
                17.165938
              ],
              [
                121.042119,
                17.165952
              ],
              [
                121.04212,
                17.165952
              ],
              [
                121.042125,
                17.165954
              ],
              [
                121.04213,
                17.165955
              ],
              [
                121.042135,
                17.165955
              ],
              [
                121.042216,
                17.165949
              ],
              [
                121.042343,
                17.165939
              ],
              [
                121.042443,
                17.165931
              ],
              [
                121.042601,
                17.16593
              ],
              [
                121.042742,
                17.16596
              ],
              [
                121.042784,
                17.165982
              ],
              [
                121.042785,
                17.165983
              ],
              [
                121.042886,
                17.166037
              ],
              [
                121.042988,
                17.166124
              ],
              [
                121.043009,
                17.166142
              ],
              [
                121.043026,
                17.166156
              ],
              [
                121.043028,
                17.166158
              ],
              [
                121.043031,
                17.16616
              ],
              [
                121.043103,
                17.1662
              ],
              [
                121.043133,
                17.166217
              ],
              [
                121.043192,
                17.166249
              ],
              [
                121.043195,
                17.166251
              ],
              [
                121.043197,
                17.166252
              ],
              [
                121.04329,
                17.16628
              ],
              [
                121.043294,
                17.166281
              ],
              [
                121.043299,
                17.166281
              ],
              [
                121.043653,
                17.166271
              ],
              [
                121.044003,
                17.166282
              ],
              [
                121.044009,
                17.166287
              ],
              [
                121.044011,
                17.166289
              ],
              [
                121.044042,
                17.166316
              ],
              [
                121.044068,
                17.166367
              ],
              [
                121.044074,
                17.166379
              ],
              [
                121.044243,
                17.166747
              ],
              [
                121.044243,
                17.166749
              ],
              [
                121.044302,
                17.166859
              ],
              [
                121.044381,
                17.167008
              ],
              [
                121.044354,
                17.167009
              ],
              [
                121.044318,
                17.166996
              ],
              [
                121.044117,
                17.166628
              ],
              [
                121.044008,
                17.166356
              ],
              [
                121.04394,
                17.166292
              ],
              [
                121.043847,
                17.166293
              ],
              [
                121.043715,
                17.166349
              ],
              [
                121.04361,
                17.166367
              ],
              [
                121.043376,
                17.166361
              ],
              [
                121.04313,
                17.166432
              ],
              [
                121.04308,
                17.166406
              ],
              [
                121.043005,
                17.166314
              ],
              [
                121.042506,
                17.166079
              ],
              [
                121.04224,
                17.166079
              ],
              [
                121.042081,
                17.166109
              ],
              [
                121.041866,
                17.16636
              ],
              [
                121.041818,
                17.166565
              ],
              [
                121.041776,
                17.166657
              ],
              [
                121.041616,
                17.166731
              ],
              [
                121.041346,
                17.166809
              ],
              [
                121.041289,
                17.166882
              ],
              [
                121.041235,
                17.167314
              ],
              [
                121.041215,
                17.167337
              ],
              [
                121.041181,
                17.167356
              ],
              [
                121.04101,
                17.167334
              ],
              [
                121.040509,
                17.1672
              ],
              [
                121.040053,
                17.167191
              ],
              [
                121.039702,
                17.167258
              ],
              [
                121.03959,
                17.167267
              ],
              [
                121.03919,
                17.167237
              ],
              [
                121.038993,
                17.167239
              ],
              [
                121.038932,
                17.167233
              ],
              [
                121.038782,
                17.1672
              ],
              [
                121.03873,
                17.167197
              ],
              [
                121.038681,
                17.167231
              ],
              [
                121.038663,
                17.167278
              ],
              [
                121.038666,
                17.167333
              ],
              [
                121.038692,
                17.167382
              ],
              [
                121.038727,
                17.167417
              ],
              [
                121.038794,
                17.167441
              ],
              [
                121.039125,
                17.167484
              ],
              [
                121.039226,
                17.16751
              ],
              [
                121.03942,
                17.16758
              ],
              [
                121.039664,
                17.167676
              ],
              [
                121.03974,
                17.167739
              ],
              [
                121.039795,
                17.167856
              ],
              [
                121.039843,
                17.167993
              ],
              [
                121.03991,
                17.168061
              ],
              [
                121.040047,
                17.168096
              ],
              [
                121.040303,
                17.168201
              ],
              [
                121.040484,
                17.168287
              ],
              [
                121.040609,
                17.168305
              ],
              [
                121.040888,
                17.168279
              ],
              [
                121.041122,
                17.168266
              ],
              [
                121.041316,
                17.168199
              ],
              [
                121.041419,
                17.168189
              ],
              [
                121.041573,
                17.168268
              ],
              [
                121.041772,
                17.168341
              ],
              [
                121.041797,
                17.168347
              ],
              [
                121.041825,
                17.168342
              ],
              [
                121.041898,
                17.168319
              ],
              [
                121.042075,
                17.168042
              ],
              [
                121.04221,
                17.167878
              ],
              [
                121.042233,
                17.167867
              ],
              [
                121.042276,
                17.167869
              ],
              [
                121.042363,
                17.167923
              ],
              [
                121.042436,
                17.168058
              ],
              [
                121.04259,
                17.168188
              ],
              [
                121.042684,
                17.168339
              ],
              [
                121.042818,
                17.168638
              ],
              [
                121.04292,
                17.168695
              ],
              [
                121.043021,
                17.168677
              ],
              [
                121.04327,
                17.168512
              ],
              [
                121.043386,
                17.168487
              ],
              [
                121.043461,
                17.168497
              ],
              [
                121.043504,
                17.16852
              ],
              [
                121.043507,
                17.168565
              ],
              [
                121.043434,
                17.168596
              ],
              [
                121.043281,
                17.168584
              ],
              [
                121.043094,
                17.168662
              ],
              [
                121.042884,
                17.168781
              ],
              [
                121.042844,
                17.16878
              ],
              [
                121.042811,
                17.168765
              ],
              [
                121.04272,
                17.168621
              ],
              [
                121.042593,
                17.168492
              ],
              [
                121.042435,
                17.168408
              ],
              [
                121.042314,
                17.168404
              ],
              [
                121.042241,
                17.168473
              ],
              [
                121.042216,
                17.168606
              ],
              [
                121.042186,
                17.168911
              ],
              [
                121.042174,
                17.168935
              ],
              [
                121.042158,
                17.168953
              ],
              [
                121.042037,
                17.169009
              ],
              [
                121.04179,
                17.169202
              ],
              [
                121.041631,
                17.169212
              ],
              [
                121.041558,
                17.169224
              ],
              [
                121.041444,
                17.169292
              ],
              [
                121.041222,
                17.169452
              ],
              [
                121.040853,
                17.169705
              ],
              [
                121.04057,
                17.169911
              ],
              [
                121.040213,
                17.169996
              ],
              [
                121.039881,
                17.170086
              ],
              [
                121.039691,
                17.170083
              ],
              [
                121.039664,
                17.170089
              ],
              [
                121.039583,
                17.170134
              ],
              [
                121.039511,
                17.170163
              ],
              [
                121.039478,
                17.170158
              ],
              [
                121.039437,
                17.17014
              ],
              [
                121.039361,
                17.170031
              ],
              [
                121.039283,
                17.169949
              ],
              [
                121.039183,
                17.169913
              ],
              [
                121.039033,
                17.169904
              ],
              [
                121.038859,
                17.16991
              ],
              [
                121.038791,
                17.169921
              ],
              [
                121.038718,
                17.169942
              ],
              [
                121.038658,
                17.169989
              ],
              [
                121.038626,
                17.170074
              ],
              [
                121.03862,
                17.170267
              ],
              [
                121.038596,
                17.170329
              ],
              [
                121.038566,
                17.170358
              ],
              [
                121.038533,
                17.170367
              ],
              [
                121.038484,
                17.170364
              ],
              [
                121.038425,
                17.170348
              ],
              [
                121.038163,
                17.170256
              ],
              [
                121.038085,
                17.17025
              ],
              [
                121.037991,
                17.170262
              ],
              [
                121.037938,
                17.17029
              ],
              [
                121.037853,
                17.170362
              ],
              [
                121.037732,
                17.170446
              ],
              [
                121.03756,
                17.170517
              ],
              [
                121.037479,
                17.170545
              ],
              [
                121.037446,
                17.170544
              ],
              [
                121.037168,
                17.170412
              ],
              [
                121.037076,
                17.1704
              ],
              [
                121.036733,
                17.170404
              ],
              [
                121.036629,
                17.17039
              ],
              [
                121.036584,
                17.170361
              ],
              [
                121.03654,
                17.170305
              ],
              [
                121.036477,
                17.170174
              ],
              [
                121.036303,
                17.16984
              ],
              [
                121.036152,
                17.169531
              ],
              [
                121.036045,
                17.169381
              ],
              [
                121.035936,
                17.169267
              ],
              [
                121.035887,
                17.169239
              ],
              [
                121.035839,
                17.1692
              ],
              [
                121.035834,
                17.169197
              ],
              [
                121.035829,
                17.169195
              ],
              [
                121.035823,
                17.169194
              ],
              [
                121.035818,
                17.169194
              ],
              [
                121.035812,
                17.169195
              ],
              [
                121.035651,
                17.169099
              ],
              [
                121.035651,
                17.169098
              ],
              [
                121.035653,
                17.169096
              ],
              [
                121.035654,
                17.169094
              ],
              [
                121.035654,
                17.169091
              ],
              [
                121.035655,
                17.169089
              ],
              [
                121.035655,
                17.169078
              ],
              [
                121.035654,
                17.169078
              ],
              [
                121.035654,
                17.169077
              ],
              [
                121.035653,
                17.169075
              ],
              [
                121.035653,
                17.169073
              ],
              [
                121.035644,
                17.169056
              ],
              [
                121.035629,
                17.169024
              ]
            ]
          ]
        ]
      }
    }
  ]
}
