{"type":"FeatureCollection","features":[{"type":"Feature","properties":{"name":"Aguid","kind":"business","kind_label":"Business","source":"google_places","google_place_id":"ChIJHVn7jdIyjjMR0GLYAS2yGpU","google_primary_type":null,"google_primary_type_label":null,"google_types":["sublocality_level_2","sublocality","political"],"google_maps_uri":"https://maps.google.com/?cid=10744095767419970256&g_mp=Cidnb29nbGUubWFwcy5wbGFjZXMudjEuUGxhY2VzLlNlYXJjaFRleHQQAhgEIAA","google_icon_mask_base_uri":"https://maps.gstatic.com/mapfiles/place_api/icons/v2/generic_pinlet","google_icon_background_color":"#7B9EB0","formatted_address":"Aguid, Sagada, Mountain Province, Philippines","business_status":null,"rating":null,"user_rating_count":null,"barangay_slug":"aguid","barangay_name":"Aguid"},"geometry":{"type":"Point","coordinates":[120.8900839,17.1589684]}},{"type":"Feature","properties":{"name":"Madchikom Coffee Producers Cooperative","kind":"business","kind_label":"Business","source":"google_places","google_place_id":"ChIJDwAoqs4yjjMRzes1X7jUeSs","google_primary_type":"bank","google_primary_type_label":"Bank","google_types":["bank","finance","point_of_interest","establishment"],"google_maps_uri":"https://maps.google.com/?cid=3132768904149330893&g_mp=Cilnb29nbGUubWFwcy5wbGFjZXMudjEuUGxhY2VzLlNlYXJjaE5lYXJieRACGAQgAA","google_icon_mask_base_uri":"https://maps.gstatic.com/mapfiles/place_api/icons/v2/bank-intl_pinlet","google_icon_background_color":"#909CE1","formatted_address":"5V5Q+PXG, Sagada, 2619 Mountain Province, Philippines","business_status":"OPERATIONAL","rating":null,"user_rating_count":null,"barangay_slug":"aguid","barangay_name":"Aguid"},"geometry":{"type":"Point","coordinates":[120.88994930000001,17.1593201]}},{"type":"Feature","properties":{"name":"Pide Aguid Fidelisan Primary Multipurpose Cooperative","kind":"business","kind_label":"Business","source":"google_places","google_place_id":"ChIJ2WsyqM4yjjMR25kUmd_uH2c","google_primary_type":"bank","google_primary_type_label":"Bank","google_types":["bank","finance","point_of_interest","establishment"],"google_maps_uri":"https://maps.google.com/?cid=7430920554297989595&g_mp=Cilnb29nbGUubWFwcy5wbGFjZXMudjEuUGxhY2VzLlNlYXJjaE5lYXJieRACGAQgAA","google_icon_mask_base_uri":"https://maps.gstatic.com/mapfiles/place_api/icons/v2/bank-intl_pinlet","google_icon_background_color":"#909CE1","formatted_address":"5V5R+Q2V, Sagada, 2619 Mountain Province, Philippines","business_status":"OPERATIONAL","rating":null,"user_rating_count":null,"barangay_slug":"aguid","barangay_name":"Aguid"},"geometry":{"type":"Point","coordinates":[120.89003439999999,17.159484799999998]}},{"type":"Feature","properties":{"name":"Aguid Barangay Hall","kind":"govt","kind_label":"Government","source":"google_places","google_place_id":"ChIJG73RFa4tjjMRpK_TcAa5Mlc","google_primary_type":"government_office","google_primary_type_label":"Government Office","google_types":["government_office","point_of_interest","establishment"],"google_maps_uri":"https://maps.google.com/?cid=6283287867449126820&g_mp=Cilnb29nbGUubWFwcy5wbGFjZXMudjEuUGxhY2VzLlNlYXJjaE5lYXJieRACGAQgAA","google_icon_mask_base_uri":"https://maps.gstatic.com/mapfiles/place_api/icons/v2/civic-bldg_pinlet","google_icon_background_color":"#7B9EB0","formatted_address":"4VJR+PVR, Road, Sagada, 2619 Mountain Province, Philippines","business_status":"OPERATIONAL","rating":5,"user_rating_count":2,"barangay_slug":"aguid","barangay_name":"Aguid"},"geometry":{"type":"Point","coordinates":[120.89215469999999,17.1318725]}},{"type":"Feature","properties":{"name":"Aguid Health Center","kind":"hospital","kind_label":"Hospital","source":"google_places","google_place_id":"ChIJC3exnmktjjMRo9ogiuz61-Q","google_primary_type":"hospital","google_primary_type_label":"Hospital","google_types":["hospital","health","service","point_of_interest","establishment"],"google_maps_uri":"https://maps.google.com/?cid=16489924454476995235&g_mp=Cilnb29nbGUubWFwcy5wbGFjZXMudjEuUGxhY2VzLlNlYXJjaE5lYXJieRACGAQgAA","google_icon_mask_base_uri":"https://maps.gstatic.com/mapfiles/place_api/icons/v2/hospital-H_pinlet","google_icon_background_color":"#F88181","formatted_address":"4VJR+PWW, Aguid Rd, Sagada, 2619 Mountain Province, Philippines","business_status":"OPERATIONAL","rating":null,"user_rating_count":null,"barangay_slug":"aguid","barangay_name":"Aguid"},"geometry":{"type":"Point","coordinates":[120.89231649999999,17.131872299999998]}},{"type":"Feature","properties":{"name":"Aguid Elementary School","kind":"school","kind_label":"School","source":"google_places","google_place_id":"ChIJdzBFllUtjjMRVoIYEIB-eqQ","google_primary_type":"primary_school","google_primary_type_label":"Elementary School","google_types":["primary_school","school","educational_institution","point_of_interest","establishment"],"google_maps_uri":"https://maps.google.com/?cid=11851924457869836886&g_mp=Cidnb29nbGUubWFwcy5wbGFjZXMudjEuUGxhY2VzLlNlYXJjaFRleHQQAhgEIAA","google_icon_mask_base_uri":"https://maps.gstatic.com/mapfiles/place_api/icons/v2/school_pinlet","google_icon_background_color":"#7B9EB0","formatted_address":"4VJR+CRR, Road, Sagada, Mountain Province, Philippines","business_status":"CLOSED_PERMANENTLY","rating":null,"user_rating_count":null,"barangay_slug":"aguid","barangay_name":"Aguid"},"geometry":{"type":"Point","coordinates":[120.89200439999999,17.131111999999998]}},{"type":"Feature","properties":{"name":"Aguid Rice Terraces","kind":"tourism","kind_label":"Tourism","source":"google_places","google_place_id":"ChIJgV6FOI0tjjMRX-fKLTyUomg","google_primary_type":"tourist_attraction","google_primary_type_label":"Tourist Attraction","google_types":["tourist_attraction","point_of_interest","establishment"],"google_maps_uri":"https://maps.google.com/?cid=7539751712358852447&g_mp=Cilnb29nbGUubWFwcy5wbGFjZXMudjEuUGxhY2VzLlNlYXJjaE5lYXJieRACGAQgAA","google_icon_mask_base_uri":"https://maps.gstatic.com/mapfiles/place_api/icons/v2/generic_pinlet","google_icon_background_color":"#13B5C7","formatted_address":"4VJV+CQC, Road, Sagada, 2619 Mountain Province, Philippines","business_status":"OPERATIONAL","rating":4.2,"user_rating_count":5,"barangay_slug":"aguid","barangay_name":"Aguid"},"geometry":{"type":"Point","coordinates":[120.89438779999999,17.1310716]}},{"type":"Feature","properties":{"name":"Barangay Aguid","kind":"tourism","kind_label":"Tourism","source":"google_places","google_place_id":"ChIJ5bqGeAAtjjMREfyczKh8SFw","google_primary_type":"gym","google_primary_type_label":"Gym","google_types":["gym","sports_activity_location","health","point_of_interest","establishment"],"google_maps_uri":"https://maps.google.com/?cid=6649701914241727505&g_mp=Cilnb29nbGUubWFwcy5wbGFjZXMudjEuUGxhY2VzLlNlYXJjaE5lYXJieRACGAQgAA","google_icon_mask_base_uri":"https://maps.gstatic.com/mapfiles/place_api/icons/v2/generic_pinlet","google_icon_background_color":"#7B9EB0","formatted_address":"4VJR+MV9, Road, Sagada, 2619 Mountain Province, Philippines","business_status":"OPERATIONAL","rating":4,"user_rating_count":1,"barangay_slug":"aguid","barangay_name":"Aguid"},"geometry":{"type":"Point","coordinates":[120.89224109999999,17.131476799999998]}},{"type":"Feature","properties":{"name":"Bumayeng Natural Pool","kind":"tourism","kind_label":"Tourism","source":"google_places","google_place_id":"ChIJa2HpTwDNjzMR5GgAhw4JNb0","google_primary_type":"tourist_attraction","google_primary_type_label":"Tourist Attraction","google_types":["tourist_attraction","point_of_interest","establishment"],"google_maps_uri":"https://maps.google.com/?cid=13633813404933187812&g_mp=Cilnb29nbGUubWFwcy5wbGFjZXMudjEuUGxhY2VzLlNlYXJjaE5lYXJieRACGAQgAA","google_icon_mask_base_uri":"https://maps.gstatic.com/mapfiles/place_api/icons/v2/generic_pinlet","google_icon_background_color":"#13B5C7","formatted_address":"4VQX+MRP, Sagada, Mountain Province, Philippines","business_status":"OPERATIONAL","rating":5,"user_rating_count":1,"barangay_slug":"aguid","barangay_name":"Aguid"},"geometry":{"type":"Point","coordinates":[120.89957729999999,17.1392205]}},{"type":"Feature","properties":{"name":"Catlin's Cabin & Cafe","kind":"tourism","kind_label":"Tourism","source":"google_places","google_place_id":"ChIJ7X92WtAtjjMRUVVmrlsfRQg","google_primary_type":"inn","google_primary_type_label":"Inn","google_types":["inn","lodging","point_of_interest","establishment"],"google_maps_uri":"https://maps.google.com/?cid=595917004324885841&g_mp=Cilnb29nbGUubWFwcy5wbGFjZXMudjEuUGxhY2VzLlNlYXJjaE5lYXJieRACGAQgAA","google_icon_mask_base_uri":"https://maps.gstatic.com/mapfiles/place_api/icons/v2/hotel_pinlet","google_icon_background_color":"#909CE1","formatted_address":"A-ok, Sagada, 2619 Mountain Province, Philippines","business_status":"OPERATIONAL","rating":4.8,"user_rating_count":4,"barangay_slug":"aguid","barangay_name":"Aguid"},"geometry":{"type":"Point","coordinates":[120.89225449999998,17.1318621]}},{"type":"Feature","properties":{"name":"Ignacia and Juan Memorial Church","kind":"worship","kind_label":"Worship","source":"google_places","google_place_id":"ChIJK85OmqsyjjMRAC_ViVBy8Sk","google_primary_type":"church","google_primary_type_label":"Church","google_types":["church","place_of_worship","association_or_organization","point_of_interest","establishment"],"google_maps_uri":"https://maps.google.com/?cid=3022322515177713408&g_mp=Cilnb29nbGUubWFwcy5wbGFjZXMudjEuUGxhY2VzLlNlYXJjaE5lYXJieRACGAQgAA","google_icon_mask_base_uri":"https://maps.gstatic.com/mapfiles/place_api/icons/v2/worship_christian_pinlet","google_icon_background_color":"#7B9EB0","formatted_address":"4VPR+MW9, Sagada, Mountain Province, Philippines","business_status":"OPERATIONAL","rating":3.5,"user_rating_count":2,"barangay_slug":"aguid","barangay_name":"Aguid"},"geometry":{"type":"Point","coordinates":[120.89237159999999,17.1366671]}},{"type":"Feature","properties":{"name":"Our Lady of Lourdes Catholic Church","kind":"worship","kind_label":"Worship","source":"google_places","google_place_id":"ChIJQ0hb3aEtjjMR-ZDx8d5SaQo","google_primary_type":"church","google_primary_type_label":"Church","google_types":["church","place_of_worship","association_or_organization","point_of_interest","establishment"],"google_maps_uri":"https://maps.google.com/?cid=750221930429255929&g_mp=Cilnb29nbGUubWFwcy5wbGFjZXMudjEuUGxhY2VzLlNlYXJjaE5lYXJieRACGAQgAA","google_icon_mask_base_uri":"https://maps.gstatic.com/mapfiles/place_api/icons/v2/worship_christian_pinlet","google_icon_background_color":"#7B9EB0","formatted_address":"4VJR+PVR, Road, Sagada, 2619 Mountain Province, Philippines","business_status":"OPERATIONAL","rating":null,"user_rating_count":null,"barangay_slug":"aguid","barangay_name":"Aguid"},"geometry":{"type":"Point","coordinates":[120.89210469999999,17.1318768]}},{"type":"Feature","properties":{"name":"5 Star Chicken","kind":"business","kind_label":"Business","source":"google_places","google_place_id":"ChIJNwQVxWotjjMRnvkE-Xh0NHY","google_primary_type":"fast_food_restaurant","google_primary_type_label":"Fast Food Restaurant","google_types":["fast_food_restaurant","restaurant","food","point_of_interest","establishment"],"google_maps_uri":"https://maps.google.com/?cid=8517560858187200926&g_mp=Cilnb29nbGUubWFwcy5wbGFjZXMudjEuUGxhY2VzLlNlYXJjaE5lYXJieRACGAQgAA","google_icon_mask_base_uri":"https://maps.gstatic.com/mapfiles/place_api/icons/v2/restaurant_pinlet","google_icon_background_color":"#FF9E67","formatted_address":"Gagab-an, Street, Ambasing, Sagada, 2619 Mountain Province, Philippines","business_status":"OPERATIONAL","rating":null,"user_rating_count":null,"barangay_slug":"ambasing","barangay_name":"Ambasing"},"geometry":{"type":"Point","coordinates":[120.9014439,17.074419]}},{"type":"Feature","properties":{"name":"abatan 90","kind":"business","kind_label":"Business","source":"google_places","google_place_id":"ChIJyVuCqQHTjzMRfSjyn_wcv5g","google_primary_type":"real_estate_agency","google_primary_type_label":"Real Estate Agency","google_types":["real_estate_agency","service","point_of_interest","establishment"],"google_maps_uri":"https://maps.google.com/?cid=11006547885657565309&g_mp=Cilnb29nbGUubWFwcy5wbGFjZXMudjEuUGxhY2VzLlNlYXJjaE5lYXJieRACGAQgAA","google_icon_mask_base_uri":"https://maps.gstatic.com/mapfiles/place_api/icons/v2/generic_pinlet","google_icon_background_color":"#7B9EB0","formatted_address":"3WF2+GGQ, South Rd, Sagada, Mountain Province, Philippines","business_status":"OPERATIONAL","rating":null,"user_rating_count":null,"barangay_slug":"ambasing","barangay_name":"Ambasing"},"geometry":{"type":"Point","coordinates":[120.9013633,17.0738526]}},{"type":"Feature","properties":{"name":"Ambasing Barangay Office","kind":"business","kind_label":"Business","source":"google_places","google_place_id":"ChIJAWgtj8wtjjMRaCpTj1z2whE","google_primary_type":"community_center","google_primary_type_label":"Community Center","google_types":["community_center","event_venue","service","point_of_interest","establishment"],"google_maps_uri":"https://maps.google.com/?cid=1279856121528658536&g_mp=Cidnb29nbGUubWFwcy5wbGFjZXMudjEuUGxhY2VzLlNlYXJjaFRleHQQAhgEIAA","google_icon_mask_base_uri":"https://maps.gstatic.com/mapfiles/place_api/icons/v2/generic_pinlet","google_icon_background_color":"#7B9EB0","formatted_address":"Baliwang, Sagada, 2619 Mountain Province, Philippines","business_status":"OPERATIONAL","rating":5,"user_rating_count":3,"barangay_slug":"ambasing","barangay_name":"Ambasing"},"geometry":{"type":"Point","coordinates":[120.89805209999999,17.0717982]}},{"type":"Feature","properties":{"name":"Gaia Cafe","kind":"business","kind_label":"Business","source":"google_places","google_place_id":"ChIJN6Hi5SvTjzMRzkn06XlrJ_M","google_primary_type":"restaurant","google_primary_type_label":"Restaurant","google_types":["restaurant","food","point_of_interest","establishment"],"google_maps_uri":"https://maps.google.com/?cid=17521091046668519886&g_mp=Cilnb29nbGUubWFwcy5wbGFjZXMudjEuUGxhY2VzLlNlYXJjaE5lYXJieRACGAQgAA","google_icon_mask_base_uri":"https://maps.gstatic.com/mapfiles/place_api/icons/v2/restaurant_pinlet","google_icon_background_color":"#FF9E67","formatted_address":"3WC2+49P, South Rd, Sagada, 2619 Mountain Province, Philippines","business_status":"OPERATIONAL","rating":4.4,"user_rating_count":396,"barangay_slug":"ambasing","barangay_name":"Ambasing"},"geometry":{"type":"Point","coordinates":[120.90094339999999,17.0703471]}},{"type":"Feature","properties":{"name":"La Beboy's Bar & Restaurant","kind":"business","kind_label":"Business","source":"google_places","google_place_id":"ChIJL2KkkTfTjzMRg5IPaBnLIyI","google_primary_type":"restaurant","google_primary_type_label":"Restaurant","google_types":["restaurant","food","point_of_interest","establishment"],"google_maps_uri":"https://maps.google.com/?cid=2460033131454894723&g_mp=Cilnb29nbGUubWFwcy5wbGFjZXMudjEuUGxhY2VzLlNlYXJjaE5lYXJieRACGAQgAA","google_icon_mask_base_uri":"https://maps.gstatic.com/mapfiles/place_api/icons/v2/restaurant_pinlet","google_icon_background_color":"#FF9E67","formatted_address":"Angway View Deck Gagab-an, Ambasing, Sagada, 2619 Mountain Province, Philippines","business_status":"OPERATIONAL","rating":4.3,"user_rating_count":4,"barangay_slug":"ambasing","barangay_name":"Ambasing"},"geometry":{"type":"Point","coordinates":[120.90138909999997,17.0738619]}},{"type":"Feature","properties":{"name":"MARZ PANCITERIA","kind":"business","kind_label":"Business","source":"google_places","google_place_id":"ChIJPa4fP4jTjzMRmtZGchB4ePs","google_primary_type":"restaurant","google_primary_type_label":"Restaurant","google_types":["restaurant","food","point_of_interest","establishment"],"google_maps_uri":"https://maps.google.com/?cid=18120365112757245594&g_mp=Cilnb29nbGUubWFwcy5wbGFjZXMudjEuUGxhY2VzLlNlYXJjaE5lYXJieRACGAQgAA","google_icon_mask_base_uri":"https://maps.gstatic.com/mapfiles/place_api/icons/v2/restaurant_pinlet","google_icon_background_color":"#FF9E67","formatted_address":"Crossroad, Province, 2619 Mountain Province, Philippines","business_status":"OPERATIONAL","rating":5,"user_rating_count":2,"barangay_slug":"ambasing","barangay_name":"Ambasing"},"geometry":{"type":"Point","coordinates":[120.90040839999999,17.0729553]}},{"type":"Feature","properties":{"name":"P.A.R. - Ambasing Branch Office","kind":"business","kind_label":"Business","source":"google_places","google_place_id":"ChIJWZDsZwDTjzMR01YKUDFFvQ8","google_primary_type":"association_or_organization","google_primary_type_label":"Association / Organization","google_types":["service","association_or_organization","point_of_interest","establishment"],"google_maps_uri":"https://maps.google.com/?cid=1134138759265801939&g_mp=Cidnb29nbGUubWFwcy5wbGFjZXMudjEuUGxhY2VzLlNlYXJjaFRleHQQAhgEIAA","google_icon_mask_base_uri":"https://maps.gstatic.com/mapfiles/place_api/icons/v2/generic_pinlet","google_icon_background_color":"#7B9EB0","formatted_address":"69, Thug Lover Street, Ambasing, Sagada, Mountain Province, Philippines","business_status":"OPERATIONAL","rating":null,"user_rating_count":null,"barangay_slug":"ambasing","barangay_name":"Ambasing"},"geometry":{"type":"Point","coordinates":[120.89593029999999,17.0728263]}},{"type":"Feature","properties":{"name":"Rockview Hardware","kind":"business","kind_label":"Business","source":"google_places","google_place_id":"ChIJU9kQdSzTjzMR9kTBCIIOf3g","google_primary_type":"hardware_store","google_primary_type_label":"Hardware Store","google_types":["hardware_store","building_materials_store","store","point_of_interest","establishment"],"google_maps_uri":"https://maps.google.com/?cid=8682674558249026806&g_mp=Cilnb29nbGUubWFwcy5wbGFjZXMudjEuUGxhY2VzLlNlYXJjaE5lYXJieRACGAQgAA","google_icon_mask_base_uri":"https://maps.gstatic.com/mapfiles/place_api/icons/v2/shopping_pinlet","google_icon_background_color":"#4B96F3","formatted_address":"3WG2+4F7, Makingking, Sagada, Mountain Province, Philippines","business_status":"OPERATIONAL","rating":4.4,"user_rating_count":9,"barangay_slug":"ambasing","barangay_name":"Ambasing"},"geometry":{"type":"Point","coordinates":[120.90116139999999,17.075287199999998]}},{"type":"Feature","properties":{"name":"Sagada Atherton Ridge","kind":"business","kind_label":"Business","source":"google_places","google_place_id":"ChIJ67ODHQDTjzMR1TbLjay66m0","google_primary_type":"real_estate_agency","google_primary_type_label":"Real Estate Agency","google_types":["real_estate_agency","service","point_of_interest","establishment"],"google_maps_uri":"https://maps.google.com/?cid=7920348144960485077&g_mp=Cilnb29nbGUubWFwcy5wbGFjZXMudjEuUGxhY2VzLlNlYXJjaE5lYXJieRACGAQgAA","google_icon_mask_base_uri":"https://maps.gstatic.com/mapfiles/place_api/icons/v2/generic_pinlet","google_icon_background_color":"#7B9EB0","formatted_address":"3WF2+R29, Sagada, Mountain Province, Philippines","business_status":"OPERATIONAL","rating":null,"user_rating_count":null,"barangay_slug":"ambasing","barangay_name":"Ambasing"},"geometry":{"type":"Point","coordinates":[120.89994670000002,17.0753478]}},{"type":"Feature","properties":{"name":"Wagins auto supply","kind":"business","kind_label":"Business","source":"google_places","google_place_id":"ChIJe56QJwDTjzMRxhy6c2d7zPI","google_primary_type":"store","google_primary_type_label":"Store","google_types":["store","point_of_interest","establishment"],"google_maps_uri":"https://maps.google.com/?cid=17495494336680959174&g_mp=Cilnb29nbGUubWFwcy5wbGFjZXMudjEuUGxhY2VzLlNlYXJjaE5lYXJieRACGAQgAA","google_icon_mask_base_uri":"https://maps.gstatic.com/mapfiles/place_api/icons/v2/shopping_pinlet","google_icon_background_color":"#4B96F3","formatted_address":"3VFX+374, Sagada, Mountain Province, Philippines","business_status":"OPERATIONAL","rating":null,"user_rating_count":null,"barangay_slug":"ambasing","barangay_name":"Ambasing"},"geometry":{"type":"Point","coordinates":[120.898226,17.0726616]}},{"type":"Feature","properties":{"name":"Yurboise Bowtoeksplode Recording Studio","kind":"business","kind_label":"Business","source":"google_places","google_place_id":"ChIJvap-Wq_TjzMRK3OK7FTVyJY","google_primary_type":"association_or_organization","google_primary_type_label":"Association / Organization","google_types":["association_or_organization","point_of_interest","establishment"],"google_maps_uri":"https://maps.google.com/?cid=10865168661753787179&g_mp=Cidnb29nbGUubWFwcy5wbGFjZXMudjEuUGxhY2VzLlNlYXJjaFRleHQQAhgEIAA","google_icon_mask_base_uri":"https://maps.gstatic.com/mapfiles/place_api/icons/v2/generic_pinlet","google_icon_background_color":"#7B9EB0","formatted_address":"3VFX+374, Sagada, Mountain Province, Philippines","business_status":"OPERATIONAL","rating":null,"user_rating_count":null,"barangay_slug":"ambasing","barangay_name":"Ambasing"},"geometry":{"type":"Point","coordinates":[120.8982022,17.0726622]}},{"type":"Feature","properties":{"name":"Ambasing Elementary School","kind":"govt","kind_label":"Government","source":"google_places","google_place_id":"ChIJgZCJBtDSjzMRWVx8WPQWFmw","google_primary_type":"government_office","google_primary_type_label":"Government Office","google_types":["school","educational_institution","government_office","point_of_interest","establishment"],"google_maps_uri":"https://maps.google.com/?cid=7788437844296227929&g_mp=Cilnb29nbGUubWFwcy5wbGFjZXMudjEuUGxhY2VzLlNlYXJjaE5lYXJieRACGAQgAA","google_icon_mask_base_uri":"https://maps.gstatic.com/mapfiles/place_api/icons/v2/school_pinlet","google_icon_background_color":"#7B9EB0","formatted_address":"3VFX+7C7, Bangaan Rd, Ambasing, Sagada, 2619 Mountain Province, Philippines","business_status":"OPERATIONAL","rating":null,"user_rating_count":null,"barangay_slug":"ambasing","barangay_name":"Ambasing"},"geometry":{"type":"Point","coordinates":[120.8985439,17.073165499999998]}},{"type":"Feature","properties":{"name":"cafe biag","kind":"market","kind_label":"Market","source":"google_places","google_place_id":"ChIJYbXLewDTjzMRdof2L4nK4HQ","google_primary_type":"coffee_shop","google_primary_type_label":"Coffee Shop","google_types":["coffee_shop","cafe","food_store","store","food","point_of_interest","establishment"],"google_maps_uri":"https://maps.google.com/?cid=8421953993746843510&g_mp=Cilnb29nbGUubWFwcy5wbGFjZXMudjEuUGxhY2VzLlNlYXJjaE5lYXJieRACGAQgAA","google_icon_mask_base_uri":"https://maps.gstatic.com/mapfiles/place_api/icons/v2/cafe_pinlet","google_icon_background_color":"#FF9E67","formatted_address":"3WF2+VGC, South Rd, Sagada, 2619 Mountain Province, Philippines","business_status":"OPERATIONAL","rating":5,"user_rating_count":6,"barangay_slug":"ambasing","barangay_name":"Ambasing"},"geometry":{"type":"Point","coordinates":[120.90139359999999,17.074654199999998]}},{"type":"Feature","properties":{"name":"CAPUYAN GENERAL MERCHANDISE","kind":"market","kind_label":"Market","source":"google_places","google_place_id":"ChIJZ3_eG8gtjjMRo-RawdHj1lo","google_primary_type":"convenience_store","google_primary_type_label":"Convenience Store","google_types":["convenience_store","food_store","food","point_of_interest","store","establishment"],"google_maps_uri":"https://maps.google.com/?cid=6545669598461224099&g_mp=Cilnb29nbGUubWFwcy5wbGFjZXMudjEuUGxhY2VzLlNlYXJjaE5lYXJieRACGAQgAA","google_icon_mask_base_uri":"https://maps.gstatic.com/mapfiles/place_api/icons/v2/convenience_pinlet","google_icon_background_color":"#4B96F3","formatted_address":"Baliwang, Sagada, 2619 Mountain Province, Philippines","business_status":"OPERATIONAL","rating":null,"user_rating_count":null,"barangay_slug":"ambasing","barangay_name":"Ambasing"},"geometry":{"type":"Point","coordinates":[120.8886488,17.0709944]}},{"type":"Feature","properties":{"name":"Dani G. German’s Cafe","kind":"market","kind_label":"Market","source":"google_places","google_place_id":"ChIJYaWu0EjTjzMRu9zEQyXZRFo","google_primary_type":"coffee_shop","google_primary_type_label":"Coffee Shop","google_types":["coffee_shop","cafe","food_store","store","food","point_of_interest","establishment"],"google_maps_uri":"https://maps.google.com/?cid=6504562515903831227&g_mp=Cilnb29nbGUubWFwcy5wbGFjZXMudjEuUGxhY2VzLlNlYXJjaE5lYXJieRACGAQgAA","google_icon_mask_base_uri":"https://maps.gstatic.com/mapfiles/place_api/icons/v2/cafe_pinlet","google_icon_background_color":"#FF9E67","formatted_address":"3WC2+M3C, Sagada, Mountain Province, Philippines","business_status":"OPERATIONAL","rating":null,"user_rating_count":null,"barangay_slug":"ambasing","barangay_name":"Ambasing"},"geometry":{"type":"Point","coordinates":[120.90012929999997,17.0716993]}},{"type":"Feature","properties":{"name":"DJ's Little Store","kind":"market","kind_label":"Market","source":"google_places","google_place_id":"ChIJpStW6nDTjzMR1SEl8hKBD1s","google_primary_type":"general_store","google_primary_type_label":"General Store","google_types":["general_store","food_store","food","point_of_interest","store","establishment"],"google_maps_uri":"https://maps.google.com/?cid=6561605100474016213&g_mp=Cilnb29nbGUubWFwcy5wbGFjZXMudjEuUGxhY2VzLlNlYXJjaE5lYXJieRACGAQgAA","google_icon_mask_base_uri":"https://maps.gstatic.com/mapfiles/place_api/icons/v2/shopping_pinlet","google_icon_background_color":"#4B96F3","formatted_address":"Sagada, Mountain Province, Philippines","business_status":"OPERATIONAL","rating":null,"user_rating_count":null,"barangay_slug":"ambasing","barangay_name":"Ambasing"},"geometry":{"type":"Point","coordinates":[120.90012929999997,17.0716993]}},{"type":"Feature","properties":{"name":"Sagada Rust n Wood Cafe","kind":"market","kind_label":"Market","source":"google_places","google_place_id":"ChIJ-ZFJPzTTjzMRhim1qk-77Ig","google_primary_type":"coffee_shop","google_primary_type_label":"Coffee Shop","google_types":["coffee_shop","cafe","food_store","food","point_of_interest","store","establishment"],"google_maps_uri":"https://maps.google.com/?cid=9866466834502723974&g_mp=Cilnb29nbGUubWFwcy5wbGFjZXMudjEuUGxhY2VzLlNlYXJjaE5lYXJieRACGAQgAA","google_icon_mask_base_uri":"https://maps.gstatic.com/mapfiles/place_api/icons/v2/cafe_pinlet","google_icon_background_color":"#FF9E67","formatted_address":"Patok, 2619,, 3WC2+P44, Ambasing, Sagada, Mountain Province, Philippines","business_status":"OPERATIONAL","rating":4.3,"user_rating_count":95,"barangay_slug":"ambasing","barangay_name":"Ambasing"},"geometry":{"type":"Point","coordinates":[120.90054020000001,17.071303]}},{"type":"Feature","properties":{"name":"YSAGADA CAFE POINT","kind":"market","kind_label":"Market","source":"google_places","google_place_id":"ChIJvxKHQgDTjzMRS_uOdIpWsWI","google_primary_type":"bakery","google_primary_type_label":"Bakery","google_types":["bakery","food_store","store","food","point_of_interest","establishment"],"google_maps_uri":"https://maps.google.com/?cid=7111560439255726923&g_mp=Cilnb29nbGUubWFwcy5wbGFjZXMudjEuUGxhY2VzLlNlYXJjaE5lYXJieRACGAQgAA","google_icon_mask_base_uri":"https://maps.gstatic.com/mapfiles/place_api/icons/v2/restaurant_pinlet","google_icon_background_color":"#FF9E67","formatted_address":"3WF2+78J, Sagada, Mountain Province, Philippines","business_status":"OPERATIONAL","rating":null,"user_rating_count":null,"barangay_slug":"ambasing","barangay_name":"Ambasing"},"geometry":{"type":"Point","coordinates":[120.90075,17.0732228]}},{"type":"Feature","properties":{"name":"Ambasing Bus Ruin","kind":"tourism","kind_label":"Tourism","source":"google_places","google_place_id":"ChIJUeyY5IDTjzMR8me86RUNs70","google_primary_type":"tourist_attraction","google_primary_type_label":"Tourist Attraction","google_types":["tourist_attraction","point_of_interest","establishment"],"google_maps_uri":"https://maps.google.com/?cid=13669283681766500338&g_mp=Cilnb29nbGUubWFwcy5wbGFjZXMudjEuUGxhY2VzLlNlYXJjaE5lYXJieRACGAQgAA","google_icon_mask_base_uri":"https://maps.gstatic.com/mapfiles/place_api/icons/v2/generic_pinlet","google_icon_background_color":"#13B5C7","formatted_address":"3WC2+WF5, South Rd, Sagada, Mountain Province, Philippines","business_status":"OPERATIONAL","rating":4.5,"user_rating_count":176,"barangay_slug":"ambasing","barangay_name":"Ambasing"},"geometry":{"type":"Point","coordinates":[120.90123750000001,17.0722521]}},{"type":"Feature","properties":{"name":"Ambasing Hanging Coffin","kind":"tourism","kind_label":"Tourism","source":"google_places","google_place_id":"ChIJn9hpYgDTjzMRzZsQCAlPOF4","google_primary_type":"tourist_attraction","google_primary_type_label":"Tourist Attraction","google_types":["tourist_attraction","point_of_interest","establishment"],"google_maps_uri":"https://maps.google.com/?cid=6789263338469628877&g_mp=Cilnb29nbGUubWFwcy5wbGFjZXMudjEuUGxhY2VzLlNlYXJjaE5lYXJieRACGAQgAA","google_icon_mask_base_uri":"https://maps.gstatic.com/mapfiles/place_api/icons/v2/generic_pinlet","google_icon_background_color":"#13B5C7","formatted_address":"3WF2+JHR, Dantay - Sagada Rd, Sagada, 2619 Mountain Province, Philippines","business_status":"OPERATIONAL","rating":null,"user_rating_count":null,"barangay_slug":"ambasing","barangay_name":"Ambasing"},"geometry":{"type":"Point","coordinates":[120.9011644,17.0740581]}},{"type":"Feature","properties":{"name":"Angway View Deck","kind":"tourism","kind_label":"Tourism","source":"google_places","google_place_id":"ChIJZ3q44TPTjzMRqZHjZPQZATw","google_primary_type":"park","google_primary_type_label":"Park","google_types":["park","point_of_interest","establishment"],"google_maps_uri":"https://maps.google.com/?cid=4323765654707737001&g_mp=Cilnb29nbGUubWFwcy5wbGFjZXMudjEuUGxhY2VzLlNlYXJjaE5lYXJieRACGAQgAA","google_icon_mask_base_uri":"https://maps.gstatic.com/mapfiles/place_api/icons/v2/tree_pinlet","google_icon_background_color":"#4DB546","formatted_address":"3WF2+GHM, South Rd, Sagada, Mountain Province, Philippines","business_status":"OPERATIONAL","rating":2.8,"user_rating_count":4,"barangay_slug":"ambasing","barangay_name":"Ambasing"},"geometry":{"type":"Point","coordinates":[120.9014073,17.0738497]}},{"type":"Feature","properties":{"name":"BloomHaus Transient and Wellness Hub","kind":"tourism","kind_label":"Tourism","source":"google_places","google_place_id":"ChIJk61YD4DTjzMRsG-7gv_teyk","google_primary_type":"lodging","google_primary_type_label":"Lodging","google_types":["spa","beauty_salon","hotel","lodging","service","point_of_interest","establishment"],"google_maps_uri":"https://maps.google.com/?cid=2989244459356221360&g_mp=Cilnb29nbGUubWFwcy5wbGFjZXMudjEuUGxhY2VzLlNlYXJjaE5lYXJieRACGAQgAA","google_icon_mask_base_uri":"https://maps.gstatic.com/mapfiles/place_api/icons/v2/hotel_pinlet","google_icon_background_color":"#909CE1","formatted_address":"Patok, Sagada, 2619 Mountain Province, Philippines","business_status":"OPERATIONAL","rating":4.8,"user_rating_count":5,"barangay_slug":"ambasing","barangay_name":"Ambasing"},"geometry":{"type":"Point","coordinates":[120.9005996,17.0714011]}},{"type":"Feature","properties":{"name":"Brickstel Hotel","kind":"tourism","kind_label":"Tourism","source":"google_places","google_place_id":"ChIJ137JuenTjzMRud27Ipaygu4","google_primary_type":"hotel","google_primary_type_label":"Hotel","google_types":["hotel","lodging","point_of_interest","establishment"],"google_maps_uri":"https://maps.google.com/?cid=17186495485896809913&g_mp=Cilnb29nbGUubWFwcy5wbGFjZXMudjEuUGxhY2VzLlNlYXJjaE5lYXJieRACGAQgAA","google_icon_mask_base_uri":"https://maps.gstatic.com/mapfiles/place_api/icons/v2/hotel_pinlet","google_icon_background_color":"#909CE1","formatted_address":"3VCX+RFJ, Sagada, Mountain Province, Philippines","business_status":"OPERATIONAL","rating":null,"user_rating_count":null,"barangay_slug":"ambasing","barangay_name":"Ambasing"},"geometry":{"type":"Point","coordinates":[120.8987246,17.072053099999998]}},{"type":"Feature","properties":{"name":"Domay's Homestay","kind":"tourism","kind_label":"Tourism","source":"google_places","google_place_id":"ChIJv7cg0xrTjzMRMYFYH2_ZLEM","google_primary_type":"private_guest_room","google_primary_type_label":"Homestay","google_types":["private_guest_room","lodging","point_of_interest","establishment"],"google_maps_uri":"https://maps.google.com/?cid=4840482770806931761&g_mp=Cilnb29nbGUubWFwcy5wbGFjZXMudjEuUGxhY2VzLlNlYXJjaE5lYXJieRACGAQgAA","google_icon_mask_base_uri":"https://maps.gstatic.com/mapfiles/place_api/icons/v2/hotel_pinlet","google_icon_background_color":"#909CE1","formatted_address":"Makingking, Sagada, Mountain Province, Philippines","business_status":"OPERATIONAL","rating":5,"user_rating_count":7,"barangay_slug":"ambasing","barangay_name":"Ambasing"},"geometry":{"type":"Point","coordinates":[120.9013988,17.074652699999998]}},{"type":"Feature","properties":{"name":"Ecowalk Homestay","kind":"tourism","kind_label":"Tourism","source":"google_places","google_place_id":"ChIJEZvnwpDTjzMRufcnoXgrCd8","google_primary_type":"private_guest_room","google_primary_type_label":"Homestay","google_types":["private_guest_room","lodging","point_of_interest","establishment"],"google_maps_uri":"https://maps.google.com/?cid=16071424542348146617&g_mp=Cilnb29nbGUubWFwcy5wbGFjZXMudjEuUGxhY2VzLlNlYXJjaE5lYXJieRACGAQgAA","google_icon_mask_base_uri":"https://maps.gstatic.com/mapfiles/place_api/icons/v2/hotel_pinlet","google_icon_background_color":"#909CE1","formatted_address":"3WF2+Q36, Sagada, Mountain Province, Philippines","business_status":"OPERATIONAL","rating":5,"user_rating_count":1,"barangay_slug":"ambasing","barangay_name":"Ambasing"},"geometry":{"type":"Point","coordinates":[120.90012899999999,17.074414]}},{"type":"Feature","properties":{"name":"Hidden Hill Inn","kind":"tourism","kind_label":"Tourism","source":"google_places","google_place_id":"ChIJxww5aQDTjzMRJXiVflYH0V0","google_primary_type":"hotel","google_primary_type_label":"Hotel","google_types":["hotel","lodging","point_of_interest","establishment"],"google_maps_uri":"https://maps.google.com/?cid=6760192583732131877&g_mp=Cilnb29nbGUubWFwcy5wbGFjZXMudjEuUGxhY2VzLlNlYXJjaE5lYXJieRACGAQgAA","google_icon_mask_base_uri":"https://maps.gstatic.com/mapfiles/place_api/icons/v2/hotel_pinlet","google_icon_background_color":"#909CE1","formatted_address":"3WF2+M8Q, Sagada, Mountain Province, Philippines","business_status":"OPERATIONAL","rating":4.8,"user_rating_count":17,"barangay_slug":"ambasing","barangay_name":"Ambasing"},"geometry":{"type":"Point","coordinates":[120.90085359999999,17.0742186]}},{"type":"Feature","properties":{"name":"Jjjag Kohfee Homestay","kind":"tourism","kind_label":"Tourism","source":"google_places","google_place_id":"ChIJPxiF5qEtjjMRU7rJq2D5hY0","google_primary_type":"private_guest_room","google_primary_type_label":"Homestay","google_types":["private_guest_room","lodging","point_of_interest","establishment"],"google_maps_uri":"https://maps.google.com/?cid=10197831124844657235&g_mp=Cilnb29nbGUubWFwcy5wbGFjZXMudjEuUGxhY2VzLlNlYXJjaE5lYXJieRACGAQgAA","google_icon_mask_base_uri":"https://maps.gstatic.com/mapfiles/place_api/icons/v2/hotel_pinlet","google_icon_background_color":"#909CE1","formatted_address":"Sagada, 2619 Mountain Province, Philippines","business_status":"OPERATIONAL","rating":null,"user_rating_count":null,"barangay_slug":"ambasing","barangay_name":"Ambasing"},"geometry":{"type":"Point","coordinates":[120.8886488,17.0709944]}},{"type":"Feature","properties":{"name":"kunyap's transient house","kind":"tourism","kind_label":"Tourism","source":"google_places","google_place_id":"ChIJE72_4S_TjzMRSFM1H-loPQ4","google_primary_type":"bed_and_breakfast","google_primary_type_label":"Bed & Breakfast","google_types":["bed_and_breakfast","lodging","point_of_interest","establishment"],"google_maps_uri":"https://maps.google.com/?cid=1026091640570598216&g_mp=Cilnb29nbGUubWFwcy5wbGFjZXMudjEuUGxhY2VzLlNlYXJjaE5lYXJieRACGAQgAA","google_icon_mask_base_uri":"https://maps.gstatic.com/mapfiles/place_api/icons/v2/hotel_pinlet","google_icon_background_color":"#909CE1","formatted_address":"Patok, Ambasing, Sagada, 2619 Mountain Province, Philippines","business_status":"OPERATIONAL","rating":4.8,"user_rating_count":5,"barangay_slug":"ambasing","barangay_name":"Ambasing"},"geometry":{"type":"Point","coordinates":[120.9008563,17.0722384]}},{"type":"Feature","properties":{"name":"Lumiang Burial Cave Entrance","kind":"tourism","kind_label":"Tourism","source":"google_places","google_place_id":"ChIJg_pAPwDTjzMRhyVPT0-_HR0","google_primary_type":"tourist_attraction","google_primary_type_label":"Tourist Attraction","google_types":["tourist_attraction","point_of_interest","establishment"],"google_maps_uri":"https://maps.google.com/?cid=2098043348778427783&g_mp=Cilnb29nbGUubWFwcy5wbGFjZXMudjEuUGxhY2VzLlNlYXJjaE5lYXJieRACGAQgAA","google_icon_mask_base_uri":"https://maps.gstatic.com/mapfiles/place_api/icons/v2/generic_pinlet","google_icon_background_color":"#13B5C7","formatted_address":"3WC2+J97, Sagada, Mountain Province, Philippines","business_status":"OPERATIONAL","rating":null,"user_rating_count":null,"barangay_slug":"ambasing","barangay_name":"Ambasing"},"geometry":{"type":"Point","coordinates":[120.90095799999999,17.071686]}},{"type":"Feature","properties":{"name":"Mother Mary Inn","kind":"tourism","kind_label":"Tourism","source":"google_places","google_place_id":"ChIJkdSJ1zPTjzMRlgEk1sPUezY","google_primary_type":"inn","google_primary_type_label":"Inn","google_types":["inn","lodging","point_of_interest","establishment"],"google_maps_uri":"https://maps.google.com/?cid=3925965437759914390&g_mp=Cilnb29nbGUubWFwcy5wbGFjZXMudjEuUGxhY2VzLlNlYXJjaE5lYXJieRACGAQgAA","google_icon_mask_base_uri":"https://maps.gstatic.com/mapfiles/place_api/icons/v2/hotel_pinlet","google_icon_background_color":"#909CE1","formatted_address":"Sagada, Mountain Province, Philippines","business_status":"OPERATIONAL","rating":4.9,"user_rating_count":9,"barangay_slug":"ambasing","barangay_name":"Ambasing"},"geometry":{"type":"Point","coordinates":[120.9014414,17.0747705]}},{"type":"Feature","properties":{"name":"Pakad- Smart Cellular Tower","kind":"tourism","kind_label":"Tourism","source":"google_places","google_place_id":"ChIJwTwaL5ItjjMRW-DtA-jBVrU","google_primary_type":"hiking_area","google_primary_type_label":"Hiking Area","google_types":["hiking_area","sports_activity_location","point_of_interest","establishment"],"google_maps_uri":"https://maps.google.com/?cid=13066844571104567387&g_mp=Cilnb29nbGUubWFwcy5wbGFjZXMudjEuUGxhY2VzLlNlYXJjaE5lYXJieRACGAQgAA","google_icon_mask_base_uri":"https://maps.gstatic.com/mapfiles/place_api/icons/v2/hiking_pinlet","google_icon_background_color":"#4DB546","formatted_address":"Sagada Road, Sagada, 2620 Mountain Province, Philippines","business_status":"OPERATIONAL","rating":null,"user_rating_count":null,"barangay_slug":"ambasing","barangay_name":"Ambasing"},"geometry":{"type":"Point","coordinates":[120.88321230000001,17.0679841]}},{"type":"Feature","properties":{"name":"Rios & Ruzys Sagada Homestay and Coffee Supplier","kind":"tourism","kind_label":"Tourism","source":"google_places","google_place_id":"ChIJOQti8TPTjzMRNcxw3wFixqg","google_primary_type":"private_guest_room","google_primary_type_label":"Homestay","google_types":["private_guest_room","lodging","point_of_interest","establishment"],"google_maps_uri":"https://maps.google.com/?cid=12161515603943803957&g_mp=Cilnb29nbGUubWFwcy5wbGFjZXMudjEuUGxhY2VzLlNlYXJjaE5lYXJieRACGAQgAA","google_icon_mask_base_uri":"https://maps.gstatic.com/mapfiles/place_api/icons/v2/hotel_pinlet","google_icon_background_color":"#909CE1","formatted_address":"Sagada, Mountain Province, Philippines","business_status":"OPERATIONAL","rating":4.1,"user_rating_count":27,"barangay_slug":"ambasing","barangay_name":"Ambasing"},"geometry":{"type":"Point","coordinates":[120.900435,17.0733376]}},{"type":"Feature","properties":{"name":"ROADWAY ORANGE- BLISS LODGE","kind":"tourism","kind_label":"Tourism","source":"google_places","google_place_id":"ChIJZ07vxJjTjzMRNE4ENqXtVxw","google_primary_type":"private_guest_room","google_primary_type_label":"Homestay","google_types":["private_guest_room","lodging","point_of_interest","establishment"],"google_maps_uri":"https://maps.google.com/?cid=2042362249867447860&g_mp=Cilnb29nbGUubWFwcy5wbGFjZXMudjEuUGxhY2VzLlNlYXJjaE5lYXJieRACGAQgAA","google_icon_mask_base_uri":"https://maps.gstatic.com/mapfiles/place_api/icons/v2/hotel_pinlet","google_icon_background_color":"#909CE1","formatted_address":"SAGADA MAKINGKING, MAKINGKING, 2619 Mountain Province, Philippines","business_status":"OPERATIONAL","rating":4,"user_rating_count":2,"barangay_slug":"ambasing","barangay_name":"Ambasing"},"geometry":{"type":"Point","coordinates":[120.9010506,17.0747069]}},{"type":"Feature","properties":{"name":"Sagada-XYZhome","kind":"tourism","kind_label":"Tourism","source":"google_places","google_place_id":"ChIJHRTLjOLTjzMRFKXVgPQicm0","google_primary_type":"private_guest_room","google_primary_type_label":"Homestay","google_types":["private_guest_room","lodging","point_of_interest","establishment"],"google_maps_uri":"https://maps.google.com/?cid=7886404331008009492&g_mp=Cilnb29nbGUubWFwcy5wbGFjZXMudjEuUGxhY2VzLlNlYXJjaE5lYXJieRACGAQgAA","google_icon_mask_base_uri":"https://maps.gstatic.com/mapfiles/place_api/icons/v2/hotel_pinlet","google_icon_background_color":"#909CE1","formatted_address":"Tagungtungaw, Sagada, 2619 Mountain Province, Philippines","business_status":"OPERATIONAL","rating":4.9,"user_rating_count":14,"barangay_slug":"ambasing","barangay_name":"Ambasing"},"geometry":{"type":"Point","coordinates":[120.8975591,17.0736175]}},{"type":"Feature","properties":{"name":"Yes king´s memorial","kind":"tourism","kind_label":"Tourism","source":"google_places","google_place_id":"ChIJRT_UcgDTjzMRYNYD4Jb16wc","google_primary_type":"tourist_attraction","google_primary_type_label":"Tourist Attraction","google_types":["tourist_attraction","point_of_interest","establishment"],"google_maps_uri":"https://maps.google.com/?cid=570819806144747104&g_mp=Cilnb29nbGUubWFwcy5wbGFjZXMudjEuUGxhY2VzLlNlYXJjaE5lYXJieRACGAQgAA","google_icon_mask_base_uri":"https://maps.gstatic.com/mapfiles/place_api/icons/v2/generic_pinlet","google_icon_background_color":"#13B5C7","formatted_address":"3WC2+Q96, Ambasing, Sagada, Mountain Province, Philippines","business_status":"OPERATIONAL","rating":null,"user_rating_count":null,"barangay_slug":"ambasing","barangay_name":"Ambasing"},"geometry":{"type":"Point","coordinates":[120.90086919999999,17.0718835]}},{"type":"Feature","properties":{"name":"GL/Lizardo Bus Depot","kind":"transport","kind_label":"Transport","source":"google_places","google_place_id":"ChIJ5SKkqUrTjzMRRZVG6kBa0jE","google_primary_type":"bus_stop","google_primary_type_label":"Bus stop","google_types":["bus_stop","transit_stop","transit_station","transportation_service","point_of_interest","establishment"],"google_maps_uri":"https://maps.google.com/?cid=3590031087822607685&g_mp=Cilnb29nbGUubWFwcy5wbGFjZXMudjEuUGxhY2VzLlNlYXJjaE5lYXJieRACGAQgAA","google_icon_mask_base_uri":"https://maps.gstatic.com/mapfiles/place_api/icons/v2/transit_pinlet","google_icon_background_color":"#10BDFF","formatted_address":"Ambasing-Balugan Rd, Balugan, Sagada, Mountain Province, Philippines","business_status":"OPERATIONAL","rating":null,"user_rating_count":null,"barangay_slug":"ambasing","barangay_name":"Ambasing"},"geometry":{"type":"Point","coordinates":[120.8949494,17.069831]}},{"type":"Feature","properties":{"name":"Rock Fuel","kind":"transport","kind_label":"Transport","source":"google_places","google_place_id":"ChIJm1euRQDTjzMRmw1RUM28LX8","google_primary_type":"gas_station","google_primary_type_label":"Gas Station","google_types":["gas_station","service","point_of_interest","establishment"],"google_maps_uri":"https://maps.google.com/?cid=9164188406770634139&g_mp=Cilnb29nbGUubWFwcy5wbGFjZXMudjEuUGxhY2VzLlNlYXJjaE5lYXJieRACGAQgAA","google_icon_mask_base_uri":"https://maps.gstatic.com/mapfiles/place_api/icons/v2/gas_pinlet","google_icon_background_color":"#909CE1","formatted_address":"3WG2+4F7, Makingking, Sagada, Mountain Province, Philippines","business_status":"OPERATIONAL","rating":null,"user_rating_count":null,"barangay_slug":"ambasing","barangay_name":"Ambasing"},"geometry":{"type":"Point","coordinates":[120.9013113,17.0751356]}},{"type":"Feature","properties":{"name":"Anki furniture","kind":"business","kind_label":"Business","source":"google_places","google_place_id":"ChIJEVZmdmnTjzMRT4YCLpqVhhY","google_primary_type":"manufacturer","google_primary_type_label":"Manufacturer","google_types":["building_materials_store","manufacturer","store","point_of_interest","supplier","establishment"],"google_maps_uri":"https://maps.google.com/?cid=1623149205143062095&g_mp=Cilnb29nbGUubWFwcy5wbGFjZXMudjEuUGxhY2VzLlNlYXJjaE5lYXJieRACGAQgAA","google_icon_mask_base_uri":"https://maps.gstatic.com/mapfiles/place_api/icons/v2/shopping_pinlet","google_icon_background_color":"#4B96F3","formatted_address":"Ankileng, Sagada, 2619 Mountain Province, Philippines","business_status":"OPERATIONAL","rating":null,"user_rating_count":null,"barangay_slug":"ankileng","barangay_name":"Ankileng"},"geometry":{"type":"Point","coordinates":[120.89655839999998,17.0487864]}},{"type":"Feature","properties":{"name":"Ankileng bangbamgwan","kind":"business","kind_label":"Business","source":"google_places","google_place_id":"ChIJtUJ3mN_TjzMRZgZwZgrRgI0","google_primary_type":"community_center","google_primary_type_label":"Community Center","google_types":["community_center","event_venue","service","point_of_interest","establishment"],"google_maps_uri":"https://maps.google.com/?cid=10196379398965298790&g_mp=Cidnb29nbGUubWFwcy5wbGFjZXMudjEuUGxhY2VzLlNlYXJjaFRleHQQAhgEIAA","google_icon_mask_base_uri":"https://maps.gstatic.com/mapfiles/place_api/icons/v2/generic_pinlet","google_icon_background_color":"#7B9EB0","formatted_address":"2VWX+W88, Angkeling, Sagada, Mountain Province, Philippines","business_status":"OPERATIONAL","rating":5,"user_rating_count":1,"barangay_slug":"ankileng","barangay_name":"Ankileng"},"geometry":{"type":"Point","coordinates":[120.89832939999998,17.0472762]}},{"type":"Feature","properties":{"name":"Paleen's Homemade Pizza","kind":"business","kind_label":"Business","source":"google_places","google_place_id":"ChIJpwOD-U7TjzMRPftkvpB-uOo","google_primary_type":"pizza_delivery","google_primary_type_label":"Pizza Delivery","google_types":["pizza_delivery","meal_delivery","food_delivery","food","point_of_interest","establishment"],"google_maps_uri":"https://maps.google.com/?cid=16913407560724577085&g_mp=Cilnb29nbGUubWFwcy5wbGFjZXMudjEuUGxhY2VzLlNlYXJjaE5lYXJieRACGAQgAA","google_icon_mask_base_uri":"https://maps.gstatic.com/mapfiles/place_api/icons/v2/generic_pinlet","google_icon_background_color":"#7B9EB0","formatted_address":"Insigidan, Angkeling, Sagada, 2619 Mountain Province, Philippines","business_status":"OPERATIONAL","rating":null,"user_rating_count":null,"barangay_slug":"ankileng","barangay_name":"Ankileng"},"geometry":{"type":"Point","coordinates":[120.89725929999999,17.0511222]}},{"type":"Feature","properties":{"name":"Suyo Health Center","kind":"hospital","kind_label":"Hospital","source":"google_places","google_place_id":"ChIJwaNKGFbTjzMRlTqrjwrtlG4","google_primary_type":"hospital","google_primary_type_label":"Hospital","google_types":["hospital","health","service","point_of_interest","establishment"],"google_maps_uri":"https://maps.google.com/?cid=7968254270341069461&g_mp=Cilnb29nbGUubWFwcy5wbGFjZXMudjEuUGxhY2VzLlNlYXJjaE5lYXJieRACGAQgAA","google_icon_mask_base_uri":"https://maps.gstatic.com/mapfiles/place_api/icons/v2/hospital-H_pinlet","google_icon_background_color":"#F88181","formatted_address":"2WW3+P45, South Rd, Sagada, Mountain Province, Philippines","business_status":"OPERATIONAL","rating":3,"user_rating_count":1,"barangay_slug":"ankileng","barangay_name":"Ankileng"},"geometry":{"type":"Point","coordinates":[120.90287339999999,17.0467717]}},{"type":"Feature","properties":{"name":"Biswil Store & Snack House","kind":"market","kind_label":"Market","source":"google_places","google_place_id":"ChIJMQITDwDTjzMR6otaTj8hI8o","google_primary_type":"grocery_store","google_primary_type_label":"Grocery Store","google_types":["grocery_store","food_store","store","point_of_interest","food","establishment"],"google_maps_uri":"https://maps.google.com/?cid=14565522175627529194&g_mp=Cilnb29nbGUubWFwcy5wbGFjZXMudjEuUGxhY2VzLlNlYXJjaE5lYXJieRACGAQgAA","google_icon_mask_base_uri":"https://maps.gstatic.com/mapfiles/place_api/icons/v2/shoppingcart_pinlet","google_icon_background_color":"#4B96F3","formatted_address":"2WW3+CJP, South Rd, Sagada, 2619 Mountain Province, Philippines","business_status":"OPERATIONAL","rating":null,"user_rating_count":null,"barangay_slug":"ankileng","barangay_name":"Ankileng"},"geometry":{"type":"Point","coordinates":[120.90223299999998,17.0467396]}},{"type":"Feature","properties":{"name":"Ankileng National High School (Suyo National High School)","kind":"school","kind_label":"School","source":"google_places","google_place_id":"ChIJZbztdCzTjzMRap2dZwqMY3k","google_primary_type":"secondary_school","google_primary_type_label":"High school","google_types":["secondary_school","school","educational_institution","point_of_interest","establishment"],"google_maps_uri":"https://maps.google.com/?cid=8746988877599579498&g_mp=Cilnb29nbGUubWFwcy5wbGFjZXMudjEuUGxhY2VzLlNlYXJjaE5lYXJieRACGAQgAA","google_icon_mask_base_uri":"https://maps.gstatic.com/mapfiles/place_api/icons/v2/school_pinlet","google_icon_background_color":"#7B9EB0","formatted_address":"2WX3+H68, Angkeling, Sagada, Mountain Province, Philippines","business_status":"OPERATIONAL","rating":null,"user_rating_count":null,"barangay_slug":"ankileng","barangay_name":"Ankileng"},"geometry":{"type":"Point","coordinates":[120.903093,17.0489139]}},{"type":"Feature","properties":{"name":"Adaem Cave","kind":"tourism","kind_label":"Tourism","source":"google_places","google_place_id":"ChIJqVzcRwDTjzMRNjFlXOVixbU","google_primary_type":"tourist_attraction","google_primary_type_label":"Tourist Attraction","google_types":["tourist_attraction","point_of_interest","establishment"],"google_maps_uri":"https://maps.google.com/?cid=13097983828514124086&g_mp=Cilnb29nbGUubWFwcy5wbGFjZXMudjEuUGxhY2VzLlNlYXJjaE5lYXJieRACGAQgAA","google_icon_mask_base_uri":"https://maps.gstatic.com/mapfiles/place_api/icons/v2/generic_pinlet","google_icon_background_color":"#13B5C7","formatted_address":"2VWX+W88 Adaem, Sagada, Mountain Province, Philippines","business_status":"OPERATIONAL","rating":null,"user_rating_count":null,"barangay_slug":"ankileng","barangay_name":"Ankileng"},"geometry":{"type":"Point","coordinates":[120.89832939999998,17.0472762]}},{"type":"Feature","properties":{"name":"Ankileng, Sagada, Mountain Province","kind":"tourism","kind_label":"Tourism","source":"google_places","google_place_id":"ChIJ9ythDADVjzMRk2RJ7wUhLN8","google_primary_type":"gym","google_primary_type_label":"Gym","google_types":["gym","sports_activity_location","health","point_of_interest","establishment"],"google_maps_uri":"https://maps.google.com/?cid=16081264678806316179&g_mp=Cilnb29nbGUubWFwcy5wbGFjZXMudjEuUGxhY2VzLlNlYXJjaE5lYXJieRACGAQgAA","google_icon_mask_base_uri":"https://maps.gstatic.com/mapfiles/place_api/icons/v2/generic_pinlet","google_icon_background_color":"#7B9EB0","formatted_address":"2VWX+W88, Sagada, Mountain Province, Philippines","business_status":"OPERATIONAL","rating":3.5,"user_rating_count":2,"barangay_slug":"ankileng","barangay_name":"Ankileng"},"geometry":{"type":"Point","coordinates":[120.89790099999998,17.046612]}},{"type":"Feature","properties":{"name":"Pongas Falls","kind":"tourism","kind_label":"Tourism","source":"google_places","google_place_id":"ChIJiZm2K1ErjjMRqB62zyZvB7g","google_primary_type":"tourist_attraction","google_primary_type_label":"Tourist Attraction","google_types":["tourist_attraction","point_of_interest","establishment"],"google_maps_uri":"https://maps.google.com/?cid=13260689840299974312&g_mp=Cilnb29nbGUubWFwcy5wbGFjZXMudjEuUGxhY2VzLlNlYXJjaE5lYXJieRACGAQgAA","google_icon_mask_base_uri":"https://maps.gstatic.com/mapfiles/place_api/icons/v2/generic_pinlet","google_icon_background_color":"#13B5C7","formatted_address":"Sagada, Mountain Province, Philippines","business_status":"OPERATIONAL","rating":4.7,"user_rating_count":59,"barangay_slug":"ankileng","barangay_name":"Ankileng"},"geometry":{"type":"Point","coordinates":[120.89022870000001,17.0467249]}},{"type":"Feature","properties":{"name":"Sagada Cap-Inas Resort","kind":"tourism","kind_label":"Tourism","source":"google_places","google_place_id":"ChIJcdkVRaTTjzMRxSTYRvTnjLA","google_primary_type":"resort_hotel","google_primary_type_label":"Resort hotel","google_types":["resort_hotel","hotel","lodging","point_of_interest","establishment"],"google_maps_uri":"https://maps.google.com/?cid=12721798083761415365&g_mp=Cilnb29nbGUubWFwcy5wbGFjZXMudjEuUGxhY2VzLlNlYXJjaE5lYXJieRACGAQgAA","google_icon_mask_base_uri":"https://maps.gstatic.com/mapfiles/place_api/icons/v2/hotel_pinlet","google_icon_background_color":"#909CE1","formatted_address":"3V2W+CWR, Sagada, Mountain Province, Philippines","business_status":"OPERATIONAL","rating":null,"user_rating_count":null,"barangay_slug":"ankileng","barangay_name":"Ankileng"},"geometry":{"type":"Point","coordinates":[120.89725929999999,17.0511222]}},{"type":"Feature","properties":{"name":"Ankileng Paradaan","kind":"transport","kind_label":"Transport","source":"google_places","google_place_id":"ChIJvw8oFwDVjzMRZaD4xcCQNdE","google_primary_type":"parking_lot","google_primary_type_label":"Parking Lot","google_types":["parking_lot","parking","transportation_service","service","point_of_interest","establishment"],"google_maps_uri":"https://maps.google.com/?cid=15075114485322129509&g_mp=Cilnb29nbGUubWFwcy5wbGFjZXMudjEuUGxhY2VzLlNlYXJjaE5lYXJieRACGAQgAA","google_icon_mask_base_uri":"https://maps.gstatic.com/mapfiles/place_api/icons/v2/parking_pinlet","google_icon_background_color":"#7B9EB0","formatted_address":"2VWX+J5R Ankileng, Sagada, Mountain Province, Philippines","business_status":"OPERATIONAL","rating":null,"user_rating_count":null,"barangay_slug":"ankileng","barangay_name":"Ankileng"},"geometry":{"type":"Point","coordinates":[120.8978999,17.046614599999998]}},{"type":"Feature","properties":{"name":"Ankileng Presbyterian Church","kind":"worship","kind_label":"Worship","source":"google_places","google_place_id":"ChIJa0dgOADTjzMR2ePkV_gTsZY","google_primary_type":"church","google_primary_type_label":"Church","google_types":["church","place_of_worship","association_or_organization","point_of_interest","establishment"],"google_maps_uri":"https://maps.google.com/?cid=10858482133914411993&g_mp=Cilnb29nbGUubWFwcy5wbGFjZXMudjEuUGxhY2VzLlNlYXJjaE5lYXJieRACGAQgAA","google_icon_mask_base_uri":"https://maps.gstatic.com/mapfiles/place_api/icons/v2/worship_christian_pinlet","google_icon_background_color":"#7B9EB0","formatted_address":"2VWX+PQX, Bulala, Sagada, Mountain Province, Philippines","business_status":"OPERATIONAL","rating":null,"user_rating_count":null,"barangay_slug":"ankileng","barangay_name":"Ankileng"},"geometry":{"type":"Point","coordinates":[120.8994809,17.0468577]}},{"type":"Feature","properties":{"name":"Love locks sagada","kind":"business","kind_label":"Business","source":"google_places","google_place_id":"ChIJNw84kSzTjzMR7SIF1o6rFgk","google_primary_type":"shopping_mall","google_primary_type_label":"Shopping Mall","google_types":["shopping_mall","point_of_interest","establishment"],"google_maps_uri":"https://maps.google.com/?cid=654899425793352429&g_mp=Cilnb29nbGUubWFwcy5wbGFjZXMudjEuUGxhY2VzLlNlYXJjaE5lYXJieRACGAQgAA","google_icon_mask_base_uri":"https://maps.gstatic.com/mapfiles/place_api/icons/v2/shopping_pinlet","google_icon_background_color":"#4B96F3","formatted_address":"Sagada, Mountain Province, Philippines","business_status":"OPERATIONAL","rating":4.5,"user_rating_count":2,"barangay_slug":"antadao","barangay_name":"Antadao"},"geometry":{"type":"Point","coordinates":[120.92452159999999,17.0794449]}},{"type":"Feature","properties":{"name":"Pegeo Hub","kind":"business","kind_label":"Business","source":"google_places","google_place_id":"ChIJe8Hd7z7TjzMR3u399kmmEEY","google_primary_type":"transportation_service","google_primary_type_label":"Transportation Service","google_types":["transportation_service","point_of_interest","establishment"],"google_maps_uri":"https://maps.google.com/?cid=5048718018888986078&g_mp=Cidnb29nbGUubWFwcy5wbGFjZXMudjEuUGxhY2VzLlNlYXJjaFRleHQQAhgEIAA","google_icon_mask_base_uri":"https://maps.gstatic.com/mapfiles/place_api/icons/v2/generic_pinlet","google_icon_background_color":"#7B9EB0","formatted_address":"3WPP+7JF, Pegeo, Sagada, Mountain Province, Philippines","business_status":"OPERATIONAL","rating":null,"user_rating_count":null,"barangay_slug":"antadao","barangay_name":"Antadao"},"geometry":{"type":"Point","coordinates":[120.9365445,17.0856787]}},{"type":"Feature","properties":{"name":"Rinoa Variety Store","kind":"business","kind_label":"Business","source":"google_places","google_place_id":"ChIJcwgbaSTTjzMRN659J2IU8Yg","google_primary_type":"store","google_primary_type_label":"Store","google_types":["supplier","manufacturer","point_of_interest","store","establishment"],"google_maps_uri":"https://maps.google.com/?cid=9867690670347365943&g_mp=Cilnb29nbGUubWFwcy5wbGFjZXMudjEuUGxhY2VzLlNlYXJjaE5lYXJieRACGAQgAA","google_icon_mask_base_uri":"https://maps.gstatic.com/mapfiles/place_api/icons/v2/shopping_pinlet","google_icon_background_color":"#4B96F3","formatted_address":"Sagada, Mountain Province, Philippines","business_status":"OPERATIONAL","rating":null,"user_rating_count":null,"barangay_slug":"antadao","barangay_name":"Antadao"},"geometry":{"type":"Point","coordinates":[120.91111559999997,17.0808277]}},{"type":"Feature","properties":{"name":"Seven J's Resto bar","kind":"business","kind_label":"Business","source":"google_places","google_place_id":"ChIJdQ5sBADTjzMRZofrl-bn3V4","google_primary_type":"restaurant","google_primary_type_label":"Restaurant","google_types":["restaurant","food","point_of_interest","establishment"],"google_maps_uri":"https://maps.google.com/?cid=6835874786995570534&g_mp=Cilnb29nbGUubWFwcy5wbGFjZXMudjEuUGxhY2VzLlNlYXJjaE5lYXJieRACGAQgAA","google_icon_mask_base_uri":"https://maps.gstatic.com/mapfiles/place_api/icons/v2/restaurant_pinlet","google_icon_background_color":"#FF9E67","formatted_address":"3WJG+G9Q, Dantay - Sagada Rd, Sagada, Mountain Province, Philippines","business_status":"OPERATIONAL","rating":3,"user_rating_count":1,"barangay_slug":"antadao","barangay_name":"Antadao"},"geometry":{"type":"Point","coordinates":[120.9259949,17.0813473]}},{"type":"Feature","properties":{"name":"store","kind":"business","kind_label":"Business","source":"google_places","google_place_id":"ChIJ9bKcZYbTjzMRxZ62g8E9s5E","google_primary_type":"store","google_primary_type_label":"Store","google_types":["store","point_of_interest","establishment"],"google_maps_uri":"https://maps.google.com/?cid=10498803057678524101&g_mp=Cilnb29nbGUubWFwcy5wbGFjZXMudjEuUGxhY2VzLlNlYXJjaE5lYXJieRACGAQgAA","google_icon_mask_base_uri":"https://maps.gstatic.com/mapfiles/place_api/icons/v2/shopping_pinlet","google_icon_background_color":"#4B96F3","formatted_address":"3WJG+F99, Dantay - Sagada Rd, Bontoc, Mountain Province, Philippines","business_status":"OPERATIONAL","rating":5,"user_rating_count":2,"barangay_slug":"antadao","barangay_name":"Antadao"},"geometry":{"type":"Point","coordinates":[120.9259809,17.0811584]}},{"type":"Feature","properties":{"name":"AYAS STORE","kind":"market","kind_label":"Market","source":"google_places","google_place_id":"ChIJjeVblBzTjzMRyljdC1h_pMs","google_primary_type":"grocery_store","google_primary_type_label":"Grocery Store","google_types":["grocery_store","food_store","food","point_of_interest","store","establishment"],"google_maps_uri":"https://maps.google.com/?cid=14673993502012823754&g_mp=Cilnb29nbGUubWFwcy5wbGFjZXMudjEuUGxhY2VzLlNlYXJjaE5lYXJieRACGAQgAA","google_icon_mask_base_uri":"https://maps.gstatic.com/mapfiles/place_api/icons/v2/shoppingcart_pinlet","google_icon_background_color":"#4B96F3","formatted_address":"Sagada, Mountain Province, Philippines","business_status":"OPERATIONAL","rating":null,"user_rating_count":null,"barangay_slug":"antadao","barangay_name":"Antadao"},"geometry":{"type":"Point","coordinates":[120.92858290000001,17.0798902]}},{"type":"Feature","properties":{"name":"You and I Store","kind":"market","kind_label":"Market","source":"google_places","google_place_id":"ChIJO355NRzTjzMRKD6mHMGxmbo","google_primary_type":"grocery_store","google_primary_type_label":"Grocery Store","google_types":["grocery_store","food_store","food","point_of_interest","store","establishment"],"google_maps_uri":"https://maps.google.com/?cid=13445973605458787880&g_mp=Cilnb29nbGUubWFwcy5wbGFjZXMudjEuUGxhY2VzLlNlYXJjaE5lYXJieRACGAQgAA","google_icon_mask_base_uri":"https://maps.gstatic.com/mapfiles/place_api/icons/v2/shoppingcart_pinlet","google_icon_background_color":"#4B96F3","formatted_address":"3WJG+M84, Staunton Rd, Antadao, Sagada, Mountain Province, Philippines","business_status":"OPERATIONAL","rating":2,"user_rating_count":1,"barangay_slug":"antadao","barangay_name":"Antadao"},"geometry":{"type":"Point","coordinates":[120.9258198,17.0816394]}},{"type":"Feature","properties":{"name":"Antadao Elementary School","kind":"school","kind_label":"School","source":"google_places","google_place_id":"ChIJsRDYqbLTjzMRxf6z8uGn9mY","google_primary_type":"primary_school","google_primary_type_label":"Elementary School","google_types":["primary_school","school","educational_institution","point_of_interest","establishment"],"google_maps_uri":"https://maps.google.com/?cid=7419302025020833477&g_mp=Cilnb29nbGUubWFwcy5wbGFjZXMudjEuUGxhY2VzLlNlYXJjaE5lYXJieRACGAQgAA","google_icon_mask_base_uri":"https://maps.gstatic.com/mapfiles/place_api/icons/v2/school_pinlet","google_icon_background_color":"#7B9EB0","formatted_address":"3WJH+2G8, Sagada, Mountain Province, Philippines","business_status":"OPERATIONAL","rating":null,"user_rating_count":null,"barangay_slug":"antadao","barangay_name":"Antadao"},"geometry":{"type":"Point","coordinates":[120.92882560000001,17.0800369]}},{"type":"Feature","properties":{"name":"Antadao National High School","kind":"school","kind_label":"School","source":"google_places","google_place_id":"ChIJvy8hihzTjzMRoIDXokzC-wQ","google_primary_type":"secondary_school","google_primary_type_label":"High school","google_types":["secondary_school","school","educational_institution","point_of_interest","establishment"],"google_maps_uri":"https://maps.google.com/?cid=359094229711421600&g_mp=Cilnb29nbGUubWFwcy5wbGFjZXMudjEuUGxhY2VzLlNlYXJjaE5lYXJieRACGAQgAA","google_icon_mask_base_uri":"https://maps.gstatic.com/mapfiles/place_api/icons/v2/school_pinlet","google_icon_background_color":"#7B9EB0","formatted_address":"Staunton Rd, Sagada, Mountain Province, Philippines","business_status":"OPERATIONAL","rating":null,"user_rating_count":null,"barangay_slug":"antadao","barangay_name":"Antadao"},"geometry":{"type":"Point","coordinates":[120.92750070000001,17.0799433]}},{"type":"Feature","properties":{"name":"Baru Khan School","kind":"school","kind_label":"School","source":"google_places","google_place_id":"ChIJGW57sjHTjzMR-3BRRQ4581E","google_primary_type":"school","google_primary_type_label":"School","google_types":["school","educational_institution","point_of_interest","establishment"],"google_maps_uri":"https://maps.google.com/?cid=5905126269868142843&g_mp=Cilnb29nbGUubWFwcy5wbGFjZXMudjEuUGxhY2VzLlNlYXJjaE5lYXJieRACGAQgAA","google_icon_mask_base_uri":"https://maps.gstatic.com/mapfiles/place_api/icons/v2/school_pinlet","google_icon_background_color":"#7B9EB0","formatted_address":"3WF2+98H, Dantay - Sagada Rd, Sagada, 2619 Mountain Province, Philippines","business_status":"OPERATIONAL","rating":null,"user_rating_count":null,"barangay_slug":"antadao","barangay_name":"Antadao"},"geometry":{"type":"Point","coordinates":[120.9236176,17.0834709]}},{"type":"Feature","properties":{"name":"A-7 extension","kind":"tourism","kind_label":"Tourism","source":"google_places","google_place_id":"ChIJZbFAEQDTjzMRDT2W8BjfWxI","google_primary_type":"private_guest_room","google_primary_type_label":"Homestay","google_types":["private_guest_room","lodging","point_of_interest","establishment"],"google_maps_uri":"https://maps.google.com/?cid=1322896213771959565&g_mp=Cilnb29nbGUubWFwcy5wbGFjZXMudjEuUGxhY2VzLlNlYXJjaE5lYXJieRACGAQgAA","google_icon_mask_base_uri":"https://maps.gstatic.com/mapfiles/place_api/icons/v2/hotel_pinlet","google_icon_background_color":"#909CE1","formatted_address":"3WHF+QRC, Sagada, Mountain Province, Philippines","business_status":"OPERATIONAL","rating":null,"user_rating_count":null,"barangay_slug":"antadao","barangay_name":"Antadao"},"geometry":{"type":"Point","coordinates":[120.92452159999999,17.0794449]}},{"type":"Feature","properties":{"name":"Alfredo's Inn and Restaurant","kind":"tourism","kind_label":"Tourism","source":"google_places","google_place_id":"ChIJ_wnbJgTTjzMRfsoQ87FDeaM","google_primary_type":"hotel","google_primary_type_label":"Hotel","google_types":["hotel","lodging","point_of_interest","establishment"],"google_maps_uri":"https://maps.google.com/?cid=11779520731930479230&g_mp=Cilnb29nbGUubWFwcy5wbGFjZXMudjEuUGxhY2VzLlNlYXJjaE5lYXJieRACGAQgAA","google_icon_mask_base_uri":"https://maps.gstatic.com/mapfiles/place_api/icons/v2/hotel_pinlet","google_icon_background_color":"#909CE1","formatted_address":"3WGP+98G, Sagada, Mountain Province, Philippines","business_status":"OPERATIONAL","rating":4.8,"user_rating_count":6,"barangay_slug":"antadao","barangay_name":"Antadao"},"geometry":{"type":"Point","coordinates":[120.9358307,17.0759379]}},{"type":"Feature","properties":{"name":"Challeya Cottages","kind":"tourism","kind_label":"Tourism","source":"google_places","google_place_id":"ChIJy5sq6ZjTjzMRYKw5DZDU7eA","google_primary_type":"hotel","google_primary_type_label":"Hotel","google_types":["hotel","lodging","point_of_interest","establishment"],"google_maps_uri":"https://maps.google.com/?cid=16207844349138545760&g_mp=Cilnb29nbGUubWFwcy5wbGFjZXMudjEuUGxhY2VzLlNlYXJjaE5lYXJieRACGAQgAA","google_icon_mask_base_uri":"https://maps.gstatic.com/mapfiles/place_api/icons/v2/hotel_pinlet","google_icon_background_color":"#909CE1","formatted_address":"3WM5+JF5, Staunton Rd, Sagada, 2619 Mountain Province, Philippines","business_status":"OPERATIONAL","rating":4.4,"user_rating_count":45,"barangay_slug":"antadao","barangay_name":"Antadao"},"geometry":{"type":"Point","coordinates":[120.9111218,17.0808785]}},{"type":"Feature","properties":{"name":"Chemin vers Malboro hill","kind":"tourism","kind_label":"Tourism","source":"google_places","google_place_id":"ChIJY1KCDQDTjzMRsXd-e17PTs8","google_primary_type":"hiking_area","google_primary_type_label":"Hiking Area","google_types":["hiking_area","sports_activity_location","point_of_interest","establishment"],"google_maps_uri":"https://maps.google.com/?cid=14938105018740275121&g_mp=Cilnb29nbGUubWFwcy5wbGFjZXMudjEuUGxhY2VzLlNlYXJjaE5lYXJieRACGAQgAA","google_icon_mask_base_uri":"https://maps.gstatic.com/mapfiles/place_api/icons/v2/hiking_pinlet","google_icon_background_color":"#4DB546","formatted_address":"3WM8+9R, Sagada, Mountain Province, Philippines","business_status":"OPERATIONAL","rating":null,"user_rating_count":null,"barangay_slug":"antadao","barangay_name":"Antadao"},"geometry":{"type":"Point","coordinates":[120.91710849999998,17.0833911]}},{"type":"Feature","properties":{"name":"DAD's Homestaycation Near Sea of Clouds","kind":"tourism","kind_label":"Tourism","source":"google_places","google_place_id":"ChIJK50ZHvHTjzMR3k46HdVge5Y","google_primary_type":"private_guest_room","google_primary_type_label":"Homestay","google_types":["private_guest_room","hotel","lodging","point_of_interest","establishment"],"google_maps_uri":"https://maps.google.com/?cid=10843366996259262174&g_mp=Cilnb29nbGUubWFwcy5wbGFjZXMudjEuUGxhY2VzLlNlYXJjaE5lYXJieRACGAQgAA","google_icon_mask_base_uri":"https://maps.gstatic.com/mapfiles/place_api/icons/v2/hotel_pinlet","google_icon_background_color":"#909CE1","formatted_address":"Staunton Rd, Batalao, 2619 Mountain Province, Philippines","business_status":"OPERATIONAL","rating":4.6,"user_rating_count":12,"barangay_slug":"antadao","barangay_name":"Antadao"},"geometry":{"type":"Point","coordinates":[120.91187409999999,17.0824908]}},{"type":"Feature","properties":{"name":"Farmers Hill Campsite","kind":"tourism","kind_label":"Tourism","source":"google_places","google_place_id":"ChIJAcXAD33TjzMR_WPkhIaxWGE","google_primary_type":"campground","google_primary_type_label":"Campground","google_types":["campground","lodging","point_of_interest","establishment"],"google_maps_uri":"https://maps.google.com/?cid=7014551610942841853&g_mp=Cilnb29nbGUubWFwcy5wbGFjZXMudjEuUGxhY2VzLlNlYXJjaE5lYXJieRACGAQgAA","google_icon_mask_base_uri":"https://maps.gstatic.com/mapfiles/place_api/icons/v2/camping_pinlet","google_icon_background_color":"#4DB546","formatted_address":"Staunton Road, Barangay Antadao, Sitio Pogew, Sagada, 2619 Mountain Province, Philippines","business_status":"OPERATIONAL","rating":4.9,"user_rating_count":13,"barangay_slug":"antadao","barangay_name":"Antadao"},"geometry":{"type":"Point","coordinates":[120.94056710000001,17.0892098]}},{"type":"Feature","properties":{"name":"Ina's Sagada Homestay","kind":"tourism","kind_label":"Tourism","source":"google_places","google_place_id":"ChIJm91q4HfTjzMROi7Y1R00P-Q","google_primary_type":"lodging","google_primary_type_label":"Lodging","google_types":["lodging","point_of_interest","establishment"],"google_maps_uri":"https://maps.google.com/?cid=16446921666926751290&g_mp=Cilnb29nbGUubWFwcy5wbGFjZXMudjEuUGxhY2VzLlNlYXJjaE5lYXJieRACGAQgAA","google_icon_mask_base_uri":"https://maps.gstatic.com/mapfiles/place_api/icons/v2/hotel_pinlet","google_icon_background_color":"#909CE1","formatted_address":"Batalao, 3WJ6+V57, Staunton Rd, Sagada, Mountain Province, Philippines","business_status":"OPERATIONAL","rating":4.7,"user_rating_count":16,"barangay_slug":"antadao","barangay_name":"Antadao"},"geometry":{"type":"Point","coordinates":[120.9104189,17.0821532]}},{"type":"Feature","properties":{"name":"Marlboro Hill","kind":"tourism","kind_label":"Tourism","source":"google_places","google_place_id":"ChIJ4yGWOhHTjzMRPjZCrwWCmU8","google_primary_type":"tourist_attraction","google_primary_type_label":"Tourist Attraction","google_types":["tourist_attraction","hiking_area","sports_activity_location","point_of_interest","establishment"],"google_maps_uri":"https://maps.google.com/?cid=5735758561359836734&g_mp=Cilnb29nbGUubWFwcy5wbGFjZXMudjEuUGxhY2VzLlNlYXJjaE5lYXJieRACGAQgAA","google_icon_mask_base_uri":"https://maps.gstatic.com/mapfiles/place_api/icons/v2/generic_pinlet","google_icon_background_color":"#13B5C7","formatted_address":"3WCG+74F, Sagada, Mountain Province, Philippines","business_status":"OPERATIONAL","rating":4.7,"user_rating_count":952,"barangay_slug":"antadao","barangay_name":"Antadao"},"geometry":{"type":"Point","coordinates":[120.92530060000001,17.070676499999998]}},{"type":"Feature","properties":{"name":"Rock Inn and Cafe","kind":"tourism","kind_label":"Tourism","source":"google_places","google_place_id":"ChIJUzLBbiHTjzMRnAjSMd1nxkc","google_primary_type":"hotel","google_primary_type_label":"Hotel","google_types":["hotel","lodging","farm","restaurant","food","point_of_interest","service","establishment"],"google_maps_uri":"https://maps.google.com/?cid=5171935421802875036&g_mp=Cilnb29nbGUubWFwcy5wbGFjZXMudjEuUGxhY2VzLlNlYXJjaE5lYXJieRACGAQgAA","google_icon_mask_base_uri":"https://maps.gstatic.com/mapfiles/place_api/icons/v2/hotel_pinlet","google_icon_background_color":"#909CE1","formatted_address":"Staunton Rd, Sagada, Mountain Province, Philippines","business_status":"OPERATIONAL","rating":4.4,"user_rating_count":256,"barangay_slug":"antadao","barangay_name":"Antadao"},"geometry":{"type":"Point","coordinates":[120.91461179999999,17.0820884]}},{"type":"Feature","properties":{"name":"SUNhaus Homestay","kind":"tourism","kind_label":"Tourism","source":"google_places","google_place_id":"ChIJg_oroY_TjzMR7RM-7W8Nvi4","google_primary_type":"real_estate_agency","google_primary_type_label":"Real Estate Agency","google_types":["hotel","real_estate_agency","lodging","point_of_interest","service","establishment"],"google_maps_uri":"https://maps.google.com/?cid=3368144345692509165&g_mp=Cilnb29nbGUubWFwcy5wbGFjZXMudjEuUGxhY2VzLlNlYXJjaE5lYXJieRACGAQgAA","google_icon_mask_base_uri":"https://maps.gstatic.com/mapfiles/place_api/icons/v2/generic_pinlet","google_icon_background_color":"#7B9EB0","formatted_address":"Sagada, Mountain Province, Philippines","business_status":"OPERATIONAL","rating":4.8,"user_rating_count":5,"barangay_slug":"antadao","barangay_name":"Antadao"},"geometry":{"type":"Point","coordinates":[120.91199449999999,17.0823816]}},{"type":"Feature","properties":{"name":"GEN-EP FUEL STATION","kind":"transport","kind_label":"Transport","source":"google_places","google_place_id":"ChIJi86nlKPTjzMRjlERm2qzxMw","google_primary_type":"gas_station","google_primary_type_label":"Gas Station","google_types":["gas_station","service","point_of_interest","establishment"],"google_maps_uri":"https://maps.google.com/?cid=14755115549622096270&g_mp=Cilnb29nbGUubWFwcy5wbGFjZXMudjEuUGxhY2VzLlNlYXJjaE5lYXJieRACGAQgAA","google_icon_mask_base_uri":"https://maps.gstatic.com/mapfiles/place_api/icons/v2/gas_pinlet","google_icon_background_color":"#909CE1","formatted_address":"PEGEO, Staunton Rd, Antadao, Barangay Antadao, Sagada, 2619 Mountain Province, Philippines","business_status":"OPERATIONAL","rating":null,"user_rating_count":null,"barangay_slug":"antadao","barangay_name":"Antadao"},"geometry":{"type":"Point","coordinates":[120.9383488,17.086802]}},{"type":"Feature","properties":{"name":"Antadao Mission Church","kind":"worship","kind_label":"Worship","source":"google_places","google_place_id":"ChIJncF0cx7TjzMRhxDcTLJEUZY","google_primary_type":"church","google_primary_type_label":"Church","google_types":["church","place_of_worship","association_or_organization","point_of_interest","establishment"],"google_maps_uri":"https://maps.google.com/?cid=10831514111387111559&g_mp=Cilnb29nbGUubWFwcy5wbGFjZXMudjEuUGxhY2VzLlNlYXJjaE5lYXJieRACGAQgAA","google_icon_mask_base_uri":"https://maps.gstatic.com/mapfiles/place_api/icons/v2/worship_christian_pinlet","google_icon_background_color":"#7B9EB0","formatted_address":"3WMF+CJR, Staunton Rd, Sagada, 2619 Mountain Province, Philippines","business_status":"OPERATIONAL","rating":3,"user_rating_count":1,"barangay_slug":"antadao","barangay_name":"Antadao"},"geometry":{"type":"Point","coordinates":[120.92400529999999,17.083601599999998]}},{"type":"Feature","properties":{"name":"Ankileng, Sagada Mountain Province","kind":"business","kind_label":"Business","source":"google_places","google_place_id":"ChIJU1R_cQAtjjMR21jn_M-3zn8","google_primary_type":"association_or_organization","google_primary_type_label":"Association / Organization","google_types":["service","association_or_organization","point_of_interest","establishment"],"google_maps_uri":"https://maps.google.com/?cid=9209500391948376283&g_mp=Cidnb29nbGUubWFwcy5wbGFjZXMudjEuUGxhY2VzLlNlYXJjaFRleHQQAhgEIAA","google_icon_mask_base_uri":"https://maps.gstatic.com/mapfiles/place_api/icons/v2/generic_pinlet","google_icon_background_color":"#7B9EB0","formatted_address":"3V6V+HR, Sagada, Mountain Province, Philippines","business_status":"OPERATIONAL","rating":5,"user_rating_count":1,"barangay_slug":"balugan","barangay_name":"Balugan"},"geometry":{"type":"Point","coordinates":[120.89463789999998,17.0613408]}},{"type":"Feature","properties":{"name":"Balugan Sagada","kind":"business","kind_label":"Business","source":"google_places","google_place_id":"ChIJ2WVFRgAtjjMRxQ_aEP-jrkQ","google_primary_type":"association_or_organization","google_primary_type_label":"Association / Organization","google_types":["service","association_or_organization","point_of_interest","establishment"],"google_maps_uri":"https://maps.google.com/?cid=4949073356421468101&g_mp=Cidnb29nbGUubWFwcy5wbGFjZXMudjEuUGxhY2VzLlNlYXJjaFRleHQQAhgEIAA","google_icon_mask_base_uri":"https://maps.gstatic.com/mapfiles/place_api/icons/v2/generic_pinlet","google_icon_background_color":"#7B9EB0","formatted_address":"3V6R+XPH, Sagada, Mountain Province, Philippines","business_status":"OPERATIONAL","rating":null,"user_rating_count":null,"barangay_slug":"balugan","barangay_name":"Balugan"},"geometry":{"type":"Point","coordinates":[120.89186020000001,17.0624383]}},{"type":"Feature","properties":{"name":"Bungalow Staycation with Terrace and Parking - Five-Bedroom House","kind":"tourism","kind_label":"Tourism","source":"google_places","google_place_id":"ChIJP33P77QsjjMRvdHnz6GB1WQ","google_primary_type":"lodging","google_primary_type_label":"Lodging","google_types":["lodging","point_of_interest","establishment"],"google_maps_uri":"https://maps.google.com/?cid=7265856105809957309&g_mp=Cilnb29nbGUubWFwcy5wbGFjZXMudjEuUGxhY2VzLlNlYXJjaE5lYXJieRACGAQgAA","google_icon_mask_base_uri":"https://maps.gstatic.com/mapfiles/place_api/icons/v2/hotel_pinlet","google_icon_background_color":"#909CE1","formatted_address":"Sagada, Mountain Province, Philippines","business_status":"OPERATIONAL","rating":null,"user_rating_count":null,"barangay_slug":"balugan","barangay_name":"Balugan"},"geometry":{"type":"Point","coordinates":[120.8937302,17.0654106]}},{"type":"Feature","properties":{"name":"Carmen Rice Terraces","kind":"tourism","kind_label":"Tourism","source":"google_places","google_place_id":"ChIJ-dbNzMXTjzMRZsBvX98fl20","google_primary_type":"hiking_area","google_primary_type_label":"Hiking Area","google_types":["hiking_area","sports_activity_location","point_of_interest","establishment"],"google_maps_uri":"https://maps.google.com/?cid=7896815515856781414&g_mp=Cilnb29nbGUubWFwcy5wbGFjZXMudjEuUGxhY2VzLlNlYXJjaE5lYXJieRACGAQgAA","google_icon_mask_base_uri":"https://maps.gstatic.com/mapfiles/place_api/icons/v2/hiking_pinlet","google_icon_background_color":"#4DB546","formatted_address":"3V8X+JM3, Balugan, Sagada, Mountain Province, Philippines","business_status":"OPERATIONAL","rating":5,"user_rating_count":1,"barangay_slug":"balugan","barangay_name":"Balugan"},"geometry":{"type":"Point","coordinates":[120.89918429999999,17.0665188]}},{"type":"Feature","properties":{"name":"Mt. Ampacao","kind":"tourism","kind_label":"Tourism","source":"google_places","google_place_id":"ChIJG6tfpIMtjjMRkKcWMa-QM7Q","google_primary_type":"tourist_attraction","google_primary_type_label":"Tourist Attraction","google_types":["tourist_attraction","point_of_interest","establishment"],"google_maps_uri":"https://maps.google.com/?cid=12984881232756516752&g_mp=Cilnb29nbGUubWFwcy5wbGFjZXMudjEuUGxhY2VzLlNlYXJjaE5lYXJieRACGAQgAA","google_icon_mask_base_uri":"https://maps.gstatic.com/mapfiles/place_api/icons/v2/generic_pinlet","google_icon_background_color":"#13B5C7","formatted_address":"SMART Cellular Tower, Bauko, Mountain Province, Philippines","business_status":"OPERATIONAL","rating":4.6,"user_rating_count":7,"barangay_slug":"balugan","barangay_name":"Balugan"},"geometry":{"type":"Point","coordinates":[120.88368150000001,17.0669438]}},{"type":"Feature","properties":{"name":"Spacious 5-bedroom wooden chalet in peaceful Sagada with WiFi","kind":"tourism","kind_label":"Tourism","source":"google_places","google_place_id":"ChIJ0b8FW7QsjjMRQKzLQWrm75A","google_primary_type":"lodging","google_primary_type_label":"Lodging","google_types":["lodging","point_of_interest","establishment"],"google_maps_uri":"https://maps.google.com/?cid=10443819404940258368&g_mp=Cilnb29nbGUubWFwcy5wbGFjZXMudjEuUGxhY2VzLlNlYXJjaE5lYXJieRACGAQgAA","google_icon_mask_base_uri":"https://maps.gstatic.com/mapfiles/place_api/icons/v2/hotel_pinlet","google_icon_background_color":"#909CE1","formatted_address":"Sagada, Mountain Province, Philippines","business_status":"OPERATIONAL","rating":null,"user_rating_count":null,"barangay_slug":"balugan","barangay_name":"Balugan"},"geometry":{"type":"Point","coordinates":[120.8923874,17.065559399999998]}},{"type":"Feature","properties":{"name":"Spacious 5-bedroom wooden chalet in peaceful Sagada with WiFi","kind":"tourism","kind_label":"Tourism","source":"google_places","google_place_id":"ChIJL5jD_bQsjjMR7qmLik_jKTs","google_primary_type":"lodging","google_primary_type_label":"Lodging","google_types":["lodging","point_of_interest","establishment"],"google_maps_uri":"https://maps.google.com/?cid=4263188453049215470&g_mp=Cilnb29nbGUubWFwcy5wbGFjZXMudjEuUGxhY2VzLlNlYXJjaE5lYXJieRACGAQgAA","google_icon_mask_base_uri":"https://maps.gstatic.com/mapfiles/place_api/icons/v2/hotel_pinlet","google_icon_background_color":"#909CE1","formatted_address":"Sagada, Mountain Province, Philippines","business_status":"OPERATIONAL","rating":null,"user_rating_count":null,"barangay_slug":"balugan","barangay_name":"Balugan"},"geometry":{"type":"Point","coordinates":[120.8933716,17.0661545]}},{"type":"Feature","properties":{"name":"True or Falls","kind":"tourism","kind_label":"Tourism","source":"google_places","google_place_id":"ChIJRUDuXwAtjjMRBHj2Dgt-0Io","google_primary_type":"tourist_attraction","google_primary_type_label":"Tourist Attraction","google_types":["tourist_attraction","point_of_interest","establishment"],"google_maps_uri":"https://maps.google.com/?cid=10002633358350645252&g_mp=Cilnb29nbGUubWFwcy5wbGFjZXMudjEuUGxhY2VzLlNlYXJjaE5lYXJieRACGAQgAA","google_icon_mask_base_uri":"https://maps.gstatic.com/mapfiles/place_api/icons/v2/generic_pinlet","google_icon_background_color":"#13B5C7","formatted_address":"3V9V+9MW, Ambasing-Balugan Rd, Sagada, Mountain Province, Philippines","business_status":"OPERATIONAL","rating":5,"user_rating_count":1,"barangay_slug":"balugan","barangay_name":"Balugan"},"geometry":{"type":"Point","coordinates":[120.8938403,17.068233199999998]}},{"type":"Feature","properties":{"name":"St. John's Mission","kind":"worship","kind_label":"Worship","source":"google_places","google_place_id":"ChIJPZhgLgAtjjMRYJtezAFB2bI","google_primary_type":"church","google_primary_type_label":"Church","google_types":["church","place_of_worship","association_or_organization","point_of_interest","establishment"],"google_maps_uri":"https://maps.google.com/?cid=12887403284676909920&g_mp=Cilnb29nbGUubWFwcy5wbGFjZXMudjEuUGxhY2VzLlNlYXJjaE5lYXJieRACGAQgAA","google_icon_mask_base_uri":"https://maps.gstatic.com/mapfiles/place_api/icons/v2/worship_christian_pinlet","google_icon_background_color":"#7B9EB0","formatted_address":"3V8V+36C, Sagada, Mountain Province, Philippines","business_status":"OPERATIONAL","rating":null,"user_rating_count":null,"barangay_slug":"balugan","barangay_name":"Balugan"},"geometry":{"type":"Point","coordinates":[120.89301309999999,17.065175399999998]}},{"type":"Feature","properties":{"name":"Bangaan","kind":"business","kind_label":"Business","source":"google_places","google_place_id":"ChIJR2Dr-lYtjjMRiE264LB7y7E","google_primary_type":null,"google_primary_type_label":null,"google_types":["sublocality_level_2","sublocality","political"],"google_maps_uri":"https://maps.google.com/?cid=12811469564600274312&g_mp=Cidnb29nbGUubWFwcy5wbGFjZXMudjEuUGxhY2VzLlNlYXJjaFRleHQQAhgEIAA","google_icon_mask_base_uri":"https://maps.gstatic.com/mapfiles/place_api/icons/v2/generic_pinlet","google_icon_background_color":"#7B9EB0","formatted_address":"Bangaan, Sagada, Mountain Province, Philippines","business_status":null,"rating":null,"user_rating_count":null,"barangay_slug":"banga-an","barangay_name":"Banga-an"},"geometry":{"type":"Point","coordinates":[120.88721369999999,17.1199471]}},{"type":"Feature","properties":{"name":"Bangaan Day Care Center","kind":"business","kind_label":"Business","source":"google_places","google_place_id":"ChIJn6cPzEwtjjMRaLQ6g0PBcXA","google_primary_type":"child_care_agency","google_primary_type_label":"Child Care Agency","google_types":["child_care_agency","point_of_interest","service","establishment"],"google_maps_uri":"https://maps.google.com/?cid=8102469700324865128&g_mp=Cidnb29nbGUubWFwcy5wbGFjZXMudjEuUGxhY2VzLlNlYXJjaFRleHQQAhgEIAA","google_icon_mask_base_uri":"https://maps.gstatic.com/mapfiles/place_api/icons/v2/school_pinlet","google_icon_background_color":"#7B9EB0","formatted_address":"4V9W+26R, Sagada, 2619 Mountain Province, Philippines","business_status":"OPERATIONAL","rating":3,"user_rating_count":1,"barangay_slug":"banga-an","barangay_name":"Banga-an"},"geometry":{"type":"Point","coordinates":[120.8955125,17.1176075]}},{"type":"Feature","properties":{"name":"BFTAMP Guides Association","kind":"business","kind_label":"Business","source":"google_places","google_place_id":"ChIJSxm0u3HTjzMRkDekc6Nmnrs","google_primary_type":"tourist_information_center","google_primary_type_label":"Tourist Information Center","google_types":["tourist_information_center","tour_agency","travel_agency","service","point_of_interest","establishment"],"google_maps_uri":"https://maps.google.com/?cid=13519355983618652048&g_mp=Cilnb29nbGUubWFwcy5wbGFjZXMudjEuUGxhY2VzLlNlYXJjaE5lYXJieRACGAQgAA","google_icon_mask_base_uri":"https://maps.gstatic.com/mapfiles/place_api/icons/v2/generic_pinlet","google_icon_background_color":"#7B9EB0","formatted_address":"Bangaan, Sagada, 2619 Mountain Province, Philippines","business_status":"OPERATIONAL","rating":5,"user_rating_count":1,"barangay_slug":"banga-an","barangay_name":"Banga-an"},"geometry":{"type":"Point","coordinates":[120.89628490000001,17.1178131]}},{"type":"Feature","properties":{"name":"GL Mines View Restaurant","kind":"business","kind_label":"Business","source":"google_places","google_place_id":"ChIJsWC61bLSjzMR4z6j38_RCX4","google_primary_type":"restaurant","google_primary_type_label":"Restaurant","google_types":["restaurant","point_of_interest","food","establishment"],"google_maps_uri":"https://maps.google.com/?cid=9082020814309768931&g_mp=Cilnb29nbGUubWFwcy5wbGFjZXMudjEuUGxhY2VzLlNlYXJjaE5lYXJieRACGAQgAA","google_icon_mask_base_uri":"https://maps.gstatic.com/mapfiles/place_api/icons/v2/restaurant_pinlet","google_icon_background_color":"#FF9E67","formatted_address":"4V9W+C9H, Aguid Rd, Sagada, 2619 Mountain Province, Philippines","business_status":"OPERATIONAL","rating":4.6,"user_rating_count":5,"barangay_slug":"banga-an","barangay_name":"Banga-an"},"geometry":{"type":"Point","coordinates":[120.8959832,17.1185522]}},{"type":"Feature","properties":{"name":"Liwang Viewpoint","kind":"business","kind_label":"Business","source":"google_places","google_place_id":"ChIJd5UXfQAtjjMRToB29ERho9g","google_primary_type":"family_restaurant","google_primary_type_label":"Family Restaurant","google_types":["family_restaurant","restaurant","point_of_interest","food","establishment"],"google_maps_uri":"https://maps.google.com/?cid=15610427682183348302&g_mp=Cilnb29nbGUubWFwcy5wbGFjZXMudjEuUGxhY2VzLlNlYXJjaE5lYXJieRACGAQgAA","google_icon_mask_base_uri":"https://maps.gstatic.com/mapfiles/place_api/icons/v2/restaurant_pinlet","google_icon_background_color":"#FF9E67","formatted_address":"Sagada, Mountain Province, Philippines","business_status":"OPERATIONAL","rating":null,"user_rating_count":null,"barangay_slug":"banga-an","barangay_name":"Banga-an"},"geometry":{"type":"Point","coordinates":[120.89159009999999,17.1211207]}},{"type":"Feature","properties":{"name":"Pongawi's Sari Sari Store","kind":"business","kind_label":"Business","source":"google_places","google_place_id":"ChIJAWwNfr_TjzMRQyQCGouijUw","google_primary_type":"store","google_primary_type_label":"Store","google_types":["store","point_of_interest","establishment"],"google_maps_uri":"https://maps.google.com/?cid=5516243836919227459&g_mp=Cilnb29nbGUubWFwcy5wbGFjZXMudjEuUGxhY2VzLlNlYXJjaE5lYXJieRACGAQgAA","google_icon_mask_base_uri":"https://maps.gstatic.com/mapfiles/place_api/icons/v2/shopping_pinlet","google_icon_background_color":"#4B96F3","formatted_address":"Aguid, Bangaan Rd, Bangaan, Sagada, 2619 Mountain Province, Philippines","business_status":"OPERATIONAL","rating":null,"user_rating_count":null,"barangay_slug":"banga-an","barangay_name":"Banga-an"},"geometry":{"type":"Point","coordinates":[120.89633429999999,17.1180617]}},{"type":"Feature","properties":{"name":"Rofline Coffee Wines (Sagada Coffee Wine)","kind":"business","kind_label":"Business","source":"google_places","google_place_id":"ChIJt6S6k2UtjjMR6creGy_3hTE","google_primary_type":"home_goods_store","google_primary_type_label":"Home Goods Store","google_types":["home_goods_store","point_of_interest","store","establishment"],"google_maps_uri":"https://maps.google.com/?cid=3568530061464095465&g_mp=Cilnb29nbGUubWFwcy5wbGFjZXMudjEuUGxhY2VzLlNlYXJjaE5lYXJieRACGAQgAA","google_icon_mask_base_uri":"https://maps.gstatic.com/mapfiles/place_api/icons/v2/shopping_pinlet","google_icon_background_color":"#4B96F3","formatted_address":"Pandayan, Sagada, Mountain Province, Philippines","business_status":"OPERATIONAL","rating":null,"user_rating_count":null,"barangay_slug":"banga-an","barangay_name":"Banga-an"},"geometry":{"type":"Point","coordinates":[120.89510670000001,17.1179603]}},{"type":"Feature","properties":{"name":"Sagada 2619 - Main","kind":"business","kind_label":"Business","source":"google_places","google_place_id":"ChIJU07wpkXTjzMRBBqmEZFvW3E","google_primary_type":"cafe","google_primary_type_label":"Cafe","google_types":["cafe","point_of_interest","food","establishment"],"google_maps_uri":"https://maps.google.com/?cid=8168245018023565828&g_mp=Cilnb29nbGUubWFwcy5wbGFjZXMudjEuUGxhY2VzLlNlYXJjaE5lYXJieRACGAQgAA","google_icon_mask_base_uri":"https://maps.gstatic.com/mapfiles/place_api/icons/v2/cafe_pinlet","google_icon_background_color":"#FF9E67","formatted_address":"Bangaan, Sagada, 2619 Mountain Province, Philippines","business_status":"CLOSED_TEMPORARILY","rating":4.7,"user_rating_count":9,"barangay_slug":"banga-an","barangay_name":"Banga-an"},"geometry":{"type":"Point","coordinates":[120.89635549999998,17.1179284]}},{"type":"Feature","properties":{"name":"Treasure Link Cooperative Society - Main Branch Office","kind":"business","kind_label":"Business","source":"google_places","google_place_id":"ChIJBfQ32kwtjjMRneb5JW6K4ME","google_primary_type":"bank","google_primary_type_label":"Bank","google_types":["bank","finance","point_of_interest","establishment"],"google_maps_uri":"https://maps.google.com/?cid=13970318249791448733&g_mp=Cilnb29nbGUubWFwcy5wbGFjZXMudjEuUGxhY2VzLlNlYXJjaE5lYXJieRACGAQgAA","google_icon_mask_base_uri":"https://maps.gstatic.com/mapfiles/place_api/icons/v2/bank-intl_pinlet","google_icon_background_color":"#909CE1","formatted_address":"4V9V+7XX, Sagada, 2619 Mountain Province, Philippines","business_status":"OPERATIONAL","rating":null,"user_rating_count":null,"barangay_slug":"banga-an","barangay_name":"Banga-an"},"geometry":{"type":"Point","coordinates":[120.8949709,17.118233999999998]}},{"type":"Feature","properties":{"name":"ZAYAH VARIETY STORE","kind":"business","kind_label":"Business","source":"google_places","google_place_id":"ChIJQ5keW8wtjjMRCPgJv_1cV9k","google_primary_type":"store","google_primary_type_label":"Store","google_types":["point_of_interest","store","establishment"],"google_maps_uri":"https://maps.google.com/?cid=15661088474105772040&g_mp=Cilnb29nbGUubWFwcy5wbGFjZXMudjEuUGxhY2VzLlNlYXJjaE5lYXJieRACGAQgAA","google_icon_mask_base_uri":"https://maps.gstatic.com/mapfiles/place_api/icons/v2/shopping_pinlet","google_icon_background_color":"#4B96F3","formatted_address":"Pandayan, Sagada, 2619 Mountain Province, Philippines","business_status":"OPERATIONAL","rating":null,"user_rating_count":null,"barangay_slug":"banga-an","barangay_name":"Banga-an"},"geometry":{"type":"Point","coordinates":[120.88721369999999,17.1199471]}},{"type":"Feature","properties":{"name":"Brgy. Bangaan Hall","kind":"govt","kind_label":"Government","source":"google_places","google_place_id":"ChIJpf4GCAAtjjMRdas7Vi3RBpc","google_primary_type":"government_office","google_primary_type_label":"Government Office","google_types":["government_office","point_of_interest","establishment"],"google_maps_uri":"https://maps.google.com/?cid=10882615542237866869&g_mp=Cilnb29nbGUubWFwcy5wbGFjZXMudjEuUGxhY2VzLlNlYXJjaE5lYXJieRACGAQgAA","google_icon_mask_base_uri":"https://maps.gstatic.com/mapfiles/place_api/icons/v2/civic-bldg_pinlet","google_icon_background_color":"#7B9EB0","formatted_address":"4V9V+7JX, Sagada, Mountain Province, Philippines","business_status":"OPERATIONAL","rating":null,"user_rating_count":null,"barangay_slug":"banga-an","barangay_name":"Banga-an"},"geometry":{"type":"Point","coordinates":[120.8940988,17.1182372]}},{"type":"Feature","properties":{"name":"Brgy. hall","kind":"govt","kind_label":"Government","source":"google_places","google_place_id":"ChIJe_tSagAtjjMRLWZTuZWTCpE","google_primary_type":"government_office","google_primary_type_label":"Government Office","google_types":["government_office","point_of_interest","establishment"],"google_maps_uri":"https://maps.google.com/?cid=10451328156535318061&g_mp=Cilnb29nbGUubWFwcy5wbGFjZXMudjEuUGxhY2VzLlNlYXJjaE5lYXJieRACGAQgAA","google_icon_mask_base_uri":"https://maps.gstatic.com/mapfiles/place_api/icons/v2/civic-bldg_pinlet","google_icon_background_color":"#7B9EB0","formatted_address":"4V9P+XVG, Sagada, Mountain Province, Philippines","business_status":"OPERATIONAL","rating":null,"user_rating_count":null,"barangay_slug":"banga-an","barangay_name":"Banga-an"},"geometry":{"type":"Point","coordinates":[120.88721369999999,17.1199471]}},{"type":"Feature","properties":{"name":"Bangaan Elementary School","kind":"school","kind_label":"School","source":"google_places","google_place_id":"ChIJGxZYOLPSjzMRjusVpVeAmN8","google_primary_type":"primary_school","google_primary_type_label":"Elementary School","google_types":["primary_school","school","educational_institution","point_of_interest","establishment"],"google_maps_uri":"https://maps.google.com/?cid=16111768780838136718&g_mp=Cilnb29nbGUubWFwcy5wbGFjZXMudjEuUGxhY2VzLlNlYXJjaE5lYXJieRACGAQgAA","google_icon_mask_base_uri":"https://maps.gstatic.com/mapfiles/place_api/icons/v2/school_pinlet","google_icon_background_color":"#7B9EB0","formatted_address":"4V8W+WM6, Bangaan Rd, Sagada, 2619 Mountain Province, Philippines","business_status":"OPERATIONAL","rating":null,"user_rating_count":null,"barangay_slug":"banga-an","barangay_name":"Banga-an"},"geometry":{"type":"Point","coordinates":[120.89663410000001,17.1172853]}},{"type":"Feature","properties":{"name":"Banga-an Bnb and Coffee House","kind":"tourism","kind_label":"Tourism","source":"google_places","google_place_id":"ChIJwRsJUSPTjzMRKlgNRtbllJo","google_primary_type":"bed_and_breakfast","google_primary_type_label":"Bed & Breakfast","google_types":["bed_and_breakfast","hostel","lodging","point_of_interest","establishment"],"google_maps_uri":"https://maps.google.com/?cid=11138780486855120938&g_mp=Cilnb29nbGUubWFwcy5wbGFjZXMudjEuUGxhY2VzLlNlYXJjaE5lYXJieRACGAQgAA","google_icon_mask_base_uri":"https://maps.gstatic.com/mapfiles/place_api/icons/v2/hotel_pinlet","google_icon_background_color":"#909CE1","formatted_address":"Bangaan Rd, Sagada, 2619 Mountain Province, Philippines","business_status":"OPERATIONAL","rating":4.5,"user_rating_count":37,"barangay_slug":"banga-an","barangay_name":"Banga-an"},"geometry":{"type":"Point","coordinates":[120.89664119999998,17.1160914]}},{"type":"Feature","properties":{"name":"Bangaan Sports Grounds","kind":"tourism","kind_label":"Tourism","source":"google_places","google_place_id":"ChIJq6rqM7PSjzMRmUg6iClalhs","google_primary_type":"sports_activity_location","google_primary_type_label":"Sports Activity Location","google_types":["sports_activity_location","point_of_interest","establishment"],"google_maps_uri":"https://maps.google.com/?cid=1987875419956332697&g_mp=Cilnb29nbGUubWFwcy5wbGFjZXMudjEuUGxhY2VzLlNlYXJjaE5lYXJieRACGAQgAA","google_icon_mask_base_uri":"https://maps.gstatic.com/mapfiles/place_api/icons/v2/generic_pinlet","google_icon_background_color":"#7B9EB0","formatted_address":"4V9W+2C8, Bangaan Rd, Sagada, 2619 Mountain Province, Philippines","business_status":"OPERATIONAL","rating":5,"user_rating_count":1,"barangay_slug":"banga-an","barangay_name":"Banga-an"},"geometry":{"type":"Point","coordinates":[120.8960933,17.1175474]}},{"type":"Feature","properties":{"name":"Bomod-ok Falls Tourist Assistance Desk","kind":"tourism","kind_label":"Tourism","source":"google_places","google_place_id":"ChIJA8LXmMPTjzMRkcds-pNoJFE","google_primary_type":"tourist_attraction","google_primary_type_label":"Tourist Attraction","google_types":["tourist_attraction","point_of_interest","establishment"],"google_maps_uri":"https://maps.google.com/?cid=5846913201004660625&g_mp=Cilnb29nbGUubWFwcy5wbGFjZXMudjEuUGxhY2VzLlNlYXJjaE5lYXJieRACGAQgAA","google_icon_mask_base_uri":"https://maps.gstatic.com/mapfiles/place_api/icons/v2/generic_pinlet","google_icon_background_color":"#13B5C7","formatted_address":"4V8W+VF3, Sagada, Mountain Province, Philippines","business_status":"OPERATIONAL","rating":4.7,"user_rating_count":36,"barangay_slug":"banga-an","barangay_name":"Banga-an"},"geometry":{"type":"Point","coordinates":[120.89629759999998,17.1178203]}},{"type":"Feature","properties":{"name":"Domalsin Homestay","kind":"tourism","kind_label":"Tourism","source":"google_places","google_place_id":"ChIJ8dYS0zotjjMR-_nGwZFMCrw","google_primary_type":"hostel","google_primary_type_label":"Hostel","google_types":["hostel","lodging","point_of_interest","establishment"],"google_maps_uri":"https://maps.google.com/?cid=13549726617802570235&g_mp=Cilnb29nbGUubWFwcy5wbGFjZXMudjEuUGxhY2VzLlNlYXJjaE5lYXJieRACGAQgAA","google_icon_mask_base_uri":"https://maps.gstatic.com/mapfiles/place_api/icons/v2/hotel_pinlet","google_icon_background_color":"#909CE1","formatted_address":"Bangaan Rd, Sagada, Mountain Province, Philippines","business_status":"OPERATIONAL","rating":5,"user_rating_count":2,"barangay_slug":"banga-an","barangay_name":"Banga-an"},"geometry":{"type":"Point","coordinates":[120.8936139,17.118555600000004]}},{"type":"Feature","properties":{"name":"Madegway Homestay","kind":"tourism","kind_label":"Tourism","source":"google_places","google_place_id":"ChIJ-3kp1lYtjjMRNq_zDaPO8E0","google_primary_type":"private_guest_room","google_primary_type_label":"Homestay","google_types":["private_guest_room","lodging","point_of_interest","establishment"],"google_maps_uri":"https://maps.google.com/?cid=5616215935040073526&g_mp=Cilnb29nbGUubWFwcy5wbGFjZXMudjEuUGxhY2VzLlNlYXJjaE5lYXJieRACGAQgAA","google_icon_mask_base_uri":"https://maps.gstatic.com/mapfiles/place_api/icons/v2/hotel_pinlet","google_icon_background_color":"#909CE1","formatted_address":"madegway Road, Sagada, Mountain Province, Philippines","business_status":"OPERATIONAL","rating":5,"user_rating_count":5,"barangay_slug":"banga-an","barangay_name":"Banga-an"},"geometry":{"type":"Point","coordinates":[120.89114709999998,17.119268599999998]}},{"type":"Feature","properties":{"name":"Omay Homestay","kind":"tourism","kind_label":"Tourism","source":"google_places","google_place_id":"ChIJASS-DCctjjMR0FscbG04gaU","google_primary_type":"private_guest_room","google_primary_type_label":"Homestay","google_types":["private_guest_room","lodging","point_of_interest","establishment"],"google_maps_uri":"https://maps.google.com/?cid=11925875330870172624&g_mp=Cilnb29nbGUubWFwcy5wbGFjZXMudjEuUGxhY2VzLlNlYXJjaE5lYXJieRACGAQgAA","google_icon_mask_base_uri":"https://maps.gstatic.com/mapfiles/place_api/icons/v2/hotel_pinlet","google_icon_background_color":"#909CE1","formatted_address":"Palidan, Bangaan, Sagada, 2619 Mountain Province, Philippines","business_status":"OPERATIONAL","rating":null,"user_rating_count":null,"barangay_slug":"banga-an","barangay_name":"Banga-an"},"geometry":{"type":"Point","coordinates":[120.89137449999998,17.1195602]}},{"type":"Feature","properties":{"name":"SAGADA HIDE AWAY HOUSE","kind":"tourism","kind_label":"Tourism","source":"google_places","google_place_id":"ChIJzdfmB0HTjzMR8FbRUVbf0Iw","google_primary_type":"inn","google_primary_type_label":"Inn","google_types":["inn","private_guest_room","lodging","point_of_interest","establishment"],"google_maps_uri":"https://maps.google.com/?cid=10146855522298582768&g_mp=Cilnb29nbGUubWFwcy5wbGFjZXMudjEuUGxhY2VzLlNlYXJjaE5lYXJieRACGAQgAA","google_icon_mask_base_uri":"https://maps.gstatic.com/mapfiles/place_api/icons/v2/hotel_pinlet","google_icon_background_color":"#909CE1","formatted_address":"Bangaan Rd, Sagada, 2619 Mountain Province, Philippines","business_status":"OPERATIONAL","rating":4.7,"user_rating_count":20,"barangay_slug":"banga-an","barangay_name":"Banga-an"},"geometry":{"type":"Point","coordinates":[120.8982047,17.1150143]}},{"type":"Feature","properties":{"name":"Sea of Clouds View Inn","kind":"tourism","kind_label":"Tourism","source":"google_places","google_place_id":"ChIJbczd1QnTjzMRwyBZwMOMunQ","google_primary_type":"private_guest_room","google_primary_type_label":"Homestay","google_types":["private_guest_room","lodging","point_of_interest","establishment"],"google_maps_uri":"https://maps.google.com/?cid=8411190026441400515&g_mp=Cilnb29nbGUubWFwcy5wbGFjZXMudjEuUGxhY2VzLlNlYXJjaE5lYXJieRACGAQgAA","google_icon_mask_base_uri":"https://maps.gstatic.com/mapfiles/place_api/icons/v2/hotel_pinlet","google_icon_background_color":"#909CE1","formatted_address":"Aguid Rd, Sagada, 2619 Mountain Province, Philippines","business_status":"OPERATIONAL","rating":4.6,"user_rating_count":17,"barangay_slug":"banga-an","barangay_name":"Banga-an"},"geometry":{"type":"Point","coordinates":[120.89601959999999,17.1185217]}},{"type":"Feature","properties":{"name":"Sea of clouds view inn - Classic Triple Room","kind":"tourism","kind_label":"Tourism","source":"google_places","google_place_id":"ChIJi1pWLrPSjzMRkGAUPck0tPU","google_primary_type":"lodging","google_primary_type_label":"Lodging","google_types":["lodging","point_of_interest","establishment"],"google_maps_uri":"https://maps.google.com/?cid=17704834074018078864&g_mp=Cilnb29nbGUubWFwcy5wbGFjZXMudjEuUGxhY2VzLlNlYXJjaE5lYXJieRACGAQgAA","google_icon_mask_base_uri":"https://maps.gstatic.com/mapfiles/place_api/icons/v2/hotel_pinlet","google_icon_background_color":"#909CE1","formatted_address":"Sagada, Mountain Province, Philippines","business_status":"OPERATIONAL","rating":null,"user_rating_count":null,"barangay_slug":"banga-an","barangay_name":"Banga-an"},"geometry":{"type":"Point","coordinates":[120.89633179999998,17.1179104]}},{"type":"Feature","properties":{"name":"Tabbak Farm","kind":"tourism","kind_label":"Tourism","source":"google_places","google_place_id":"ChIJ7RWjbwAtjjMR1DjxngP_uHY","google_primary_type":"campground","google_primary_type_label":"Campground","google_types":["campground","lodging","point_of_interest","establishment"],"google_maps_uri":"https://maps.google.com/?cid=8554867883206850772&g_mp=Cilnb29nbGUubWFwcy5wbGFjZXMudjEuUGxhY2VzLlNlYXJjaE5lYXJieRACGAQgAA","google_icon_mask_base_uri":"https://maps.gstatic.com/mapfiles/place_api/icons/v2/camping_pinlet","google_icon_background_color":"#4DB546","formatted_address":"4V8P+9VM, Sagada, Mountain Province, Philippines","business_status":"OPERATIONAL","rating":null,"user_rating_count":null,"barangay_slug":"banga-an","barangay_name":"Banga-an"},"geometry":{"type":"Point","coordinates":[120.88717869999998,17.115950299999998]}},{"type":"Feature","properties":{"name":"Saint Matthew's Church","kind":"worship","kind_label":"Worship","source":"google_places","google_place_id":"ChIJnWgAy0wtjjMR6vVTWf4uh8I","google_primary_type":"church","google_primary_type_label":"Church","google_types":["church","place_of_worship","association_or_organization","point_of_interest","establishment"],"google_maps_uri":"https://maps.google.com/?cid=14017224035169203690&g_mp=Cilnb29nbGUubWFwcy5wbGFjZXMudjEuUGxhY2VzLlNlYXJjaE5lYXJieRACGAQgAA","google_icon_mask_base_uri":"https://maps.gstatic.com/mapfiles/place_api/icons/v2/worship_christian_pinlet","google_icon_background_color":"#7B9EB0","formatted_address":"4V8W+X72, Bangaan Rd, Sagada, 2619 Mountain Province, Philippines","business_status":"OPERATIONAL","rating":5,"user_rating_count":3,"barangay_slug":"banga-an","barangay_name":"Banga-an"},"geometry":{"type":"Point","coordinates":[120.89564949999999,17.1173829]}},{"type":"Feature","properties":{"name":"AJW Cafe","kind":"business","kind_label":"Business","source":"google_places","google_place_id":"ChIJCfTEpLvTjzMRv0C9XbGlVaI","google_primary_type":"cafe","google_primary_type_label":"Cafe","google_types":["cafe","food","point_of_interest","establishment"],"google_maps_uri":"https://maps.google.com/?cid=11697437788365209791&g_mp=Cidnb29nbGUubWFwcy5wbGFjZXMudjEuUGxhY2VzLlNlYXJjaFRleHQQAhgEIAA","google_icon_mask_base_uri":"https://maps.gstatic.com/mapfiles/place_api/icons/v2/cafe_pinlet","google_icon_background_color":"#FF9E67","formatted_address":"Dao-angan, Dagdag, Sagada, 2619 Mountain Province, Philippines","business_status":"OPERATIONAL","rating":null,"user_rating_count":null,"barangay_slug":"dagdag","barangay_name":"Dagdag"},"geometry":{"type":"Point","coordinates":[120.90052759999999,17.0805877]}},{"type":"Feature","properties":{"name":"Alibama Inn","kind":"business","kind_label":"Business","source":"google_places","google_place_id":"ChIJpbSPyi3TjzMRff9BQoE1c7w","google_primary_type":"cafe","google_primary_type_label":"Cafe","google_types":["cafe","restaurant","point_of_interest","food","establishment"],"google_maps_uri":"https://maps.google.com/?cid=13579256130730852221&g_mp=Cilnb29nbGUubWFwcy5wbGFjZXMudjEuUGxhY2VzLlNlYXJjaE5lYXJieRACGAQgAA","google_icon_mask_base_uri":"https://maps.gstatic.com/mapfiles/place_api/icons/v2/cafe_pinlet","google_icon_background_color":"#FF9E67","formatted_address":"Dao-angan,, 3WJ2+35P, Sagada, Mountain Province, Philippines","business_status":"OPERATIONAL","rating":2.8,"user_rating_count":5,"barangay_slug":"dagdag","barangay_name":"Dagdag"},"geometry":{"type":"Point","coordinates":[120.900442,17.0802158]}},{"type":"Feature","properties":{"name":"Alley Cafe & Events Co.","kind":"business","kind_label":"Business","source":"google_places","google_place_id":"ChIJ04ilCavTjzMRO8kGyV3car4","google_primary_type":"cafe","google_primary_type_label":"Cafe","google_types":["cafe","point_of_interest","food","establishment"],"google_maps_uri":"https://maps.google.com/?cid=13721021510100371771&g_mp=Cilnb29nbGUubWFwcy5wbGFjZXMudjEuUGxhY2VzLlNlYXJjaE5lYXJieRACGAQgAA","google_icon_mask_base_uri":"https://maps.gstatic.com/mapfiles/place_api/icons/v2/cafe_pinlet","google_icon_background_color":"#FF9E67","formatted_address":"Dao angan, Sagada, 2619 Mountain Province, Philippines","business_status":"OPERATIONAL","rating":null,"user_rating_count":null,"barangay_slug":"dagdag","barangay_name":"Dagdag"},"geometry":{"type":"Point","coordinates":[120.89887259999999,17.0802962]}},{"type":"Feature","properties":{"name":"Ayeona Restaurant","kind":"business","kind_label":"Business","source":"google_places","google_place_id":"ChIJS_oLzC3TjzMRppzhkjMly50","google_primary_type":"restaurant","google_primary_type_label":"Restaurant","google_types":["restaurant","point_of_interest","food","establishment"],"google_maps_uri":"https://maps.google.com/?cid=11370222587664768166&g_mp=Cidnb29nbGUubWFwcy5wbGFjZXMudjEuUGxhY2VzLlNlYXJjaFRleHQQAhgEIAA","google_icon_mask_base_uri":"https://maps.gstatic.com/mapfiles/place_api/icons/v2/restaurant_pinlet","google_icon_background_color":"#FF9E67","formatted_address":"3WJ2+66J, South Rd, Sagada, 2619 Mountain Province, Philippines","business_status":"OPERATIONAL","rating":4.1,"user_rating_count":15,"barangay_slug":"dagdag","barangay_name":"Dagdag"},"geometry":{"type":"Point","coordinates":[120.90052189999999,17.0805847]}},{"type":"Feature","properties":{"name":"Bana's Coffee","kind":"business","kind_label":"Business","source":"google_places","google_place_id":"ChIJ76fvNSzTjzMR3Qn3ZSXnza4","google_primary_type":"cafe","google_primary_type_label":"Cafe","google_types":["cafe","food","point_of_interest","establishment"],"google_maps_uri":"https://maps.google.com/?cid=12595977880635640285&g_mp=Cilnb29nbGUubWFwcy5wbGFjZXMudjEuUGxhY2VzLlNlYXJjaE5lYXJieRACGAQgAA","google_icon_mask_base_uri":"https://maps.gstatic.com/mapfiles/place_api/icons/v2/cafe_pinlet","google_icon_background_color":"#FF9E67","formatted_address":"South Rd, Poblacion, Sagada, 2619 Mountain Province, Philippines","business_status":"OPERATIONAL","rating":4.4,"user_rating_count":306,"barangay_slug":"dagdag","barangay_name":"Dagdag"},"geometry":{"type":"Point","coordinates":[120.90013929999999,17.0812232]}},{"type":"Feature","properties":{"name":"Campo Santo Cemetery","kind":"business","kind_label":"Business","source":"google_places","google_place_id":"ChIJR1v03S7TjzMRCdNI2Y_mDPc","google_primary_type":"cemetery","google_primary_type_label":"Cemetery","google_types":["cemetery","service","point_of_interest","establishment"],"google_maps_uri":"https://maps.google.com/?cid=17801856932588868361&g_mp=Cilnb29nbGUubWFwcy5wbGFjZXMudjEuUGxhY2VzLlNlYXJjaE5lYXJieRACGAQgAA","google_icon_mask_base_uri":"https://maps.gstatic.com/mapfiles/place_api/icons/v2/cemetery_pinlet","google_icon_background_color":"#7B9EB0","formatted_address":"3WJ3+JHQ, Sagada, Mountain Province, Philippines","business_status":"OPERATIONAL","rating":4.4,"user_rating_count":10,"barangay_slug":"dagdag","barangay_name":"Dagdag"},"geometry":{"type":"Point","coordinates":[120.90399950000001,17.0815929]}},{"type":"Feature","properties":{"name":"Coffee and Bartekology","kind":"business","kind_label":"Business","source":"google_places","google_place_id":"ChIJkZbEGwDTjzMR-OSr9yYdHvY","google_primary_type":"restaurant","google_primary_type_label":"Restaurant","google_types":["restaurant","point_of_interest","food","establishment"],"google_maps_uri":"https://maps.google.com/?cid=17734644435832792312&g_mp=Cilnb29nbGUubWFwcy5wbGFjZXMudjEuUGxhY2VzLlNlYXJjaE5lYXJieRACGAQgAA","google_icon_mask_base_uri":"https://maps.gstatic.com/mapfiles/place_api/icons/v2/restaurant_pinlet","google_icon_background_color":"#FF9E67","formatted_address":"3VHX+WQ3, Dagdag, Sagada, Mountain Province, Philippines","business_status":"OPERATIONAL","rating":null,"user_rating_count":null,"barangay_slug":"dagdag","barangay_name":"Dagdag"},"geometry":{"type":"Point","coordinates":[120.8994098,17.079766799999998]}},{"type":"Feature","properties":{"name":"Damayan Restobar","kind":"business","kind_label":"Business","source":"google_places","google_place_id":"ChIJ-eZGEwDTjzMRH3EWUXbEBS4","google_primary_type":"restaurant","google_primary_type_label":"Restaurant","google_types":["restaurant","point_of_interest","food","establishment"],"google_maps_uri":"https://maps.google.com/?cid=3316272713073848607&g_mp=Cilnb29nbGUubWFwcy5wbGFjZXMudjEuUGxhY2VzLlNlYXJjaE5lYXJieRACGAQgAA","google_icon_mask_base_uri":"https://maps.gstatic.com/mapfiles/place_api/icons/v2/restaurant_pinlet","google_icon_background_color":"#FF9E67","formatted_address":"3WJ2+353, Sagada, Mountain Province, Philippines","business_status":"OPERATIONAL","rating":4.5,"user_rating_count":4,"barangay_slug":"dagdag","barangay_name":"Dagdag"},"geometry":{"type":"Point","coordinates":[120.9004312,17.0801481]}},{"type":"Feature","properties":{"name":"Gawani’s Snack house","kind":"business","kind_label":"Business","source":"google_places","google_place_id":"ChIJAU57KQDTjzMRL8p6-gB-JaA","google_primary_type":"pizza_restaurant","google_primary_type_label":"Pizza Restaurant","google_types":["pizza_restaurant","restaurant","point_of_interest","food","establishment"],"google_maps_uri":"https://maps.google.com/?cid=11539768162874214959&g_mp=Cilnb29nbGUubWFwcy5wbGFjZXMudjEuUGxhY2VzLlNlYXJjaE5lYXJieRACGAQgAA","google_icon_mask_base_uri":"https://maps.gstatic.com/mapfiles/place_api/icons/v2/restaurant_pinlet","google_icon_background_color":"#FF9E67","formatted_address":"Fülöp-szigetek, 2619 Dantay - Sagada Rd, Sagada, 2619 Mountain Province, Philippines","business_status":"OPERATIONAL","rating":null,"user_rating_count":null,"barangay_slug":"dagdag","barangay_name":"Dagdag"},"geometry":{"type":"Point","coordinates":[120.9001029,17.0817533]}},{"type":"Feature","properties":{"name":"J’s Fried Chicken","kind":"business","kind_label":"Business","source":"google_places","google_place_id":"ChIJvZ8eCQDTjzMRiaHkqTftZSU","google_primary_type":"chicken_restaurant","google_primary_type_label":"Chicken Restaurant","google_types":["chicken_restaurant","restaurant","point_of_interest","food","establishment"],"google_maps_uri":"https://maps.google.com/?cid=2694820775380427145&g_mp=Cilnb29nbGUubWFwcy5wbGFjZXMudjEuUGxhY2VzLlNlYXJjaE5lYXJieRACGAQgAA","google_icon_mask_base_uri":"https://maps.gstatic.com/mapfiles/place_api/icons/v2/restaurant_pinlet","google_icon_background_color":"#FF9E67","formatted_address":"3VJX+FX9, Sagada, Mountain Province, Philippines","business_status":"OPERATIONAL","rating":3.5,"user_rating_count":2,"barangay_slug":"dagdag","barangay_name":"Dagdag"},"geometry":{"type":"Point","coordinates":[120.90001059999999,17.0811738]}},{"type":"Feature","properties":{"name":"Lorena Tailoring Services","kind":"business","kind_label":"Business","source":"google_places","google_place_id":"ChIJe1aoFFrTjzMRS3tk33VqSps","google_primary_type":"store","google_primary_type_label":"Store","google_types":["point_of_interest","store","establishment"],"google_maps_uri":"https://maps.google.com/?cid=11189873278647040843&g_mp=Cilnb29nbGUubWFwcy5wbGFjZXMudjEuUGxhY2VzLlNlYXJjaE5lYXJieRACGAQgAA","google_icon_mask_base_uri":"https://maps.gstatic.com/mapfiles/place_api/icons/v2/shopping_pinlet","google_icon_background_color":"#4B96F3","formatted_address":"Sagada, 2619 Mountain Province, Philippines","business_status":"OPERATIONAL","rating":null,"user_rating_count":null,"barangay_slug":"dagdag","barangay_name":"Dagdag"},"geometry":{"type":"Point","coordinates":[120.89909209999998,17.0798657]}},{"type":"Feature","properties":{"name":"Macbas Variety Store","kind":"business","kind_label":"Business","source":"google_places","google_place_id":"ChIJfRMnfvzTjzMROR70O8uBi84","google_primary_type":"store","google_primary_type_label":"Store","google_types":["point_of_interest","store","establishment"],"google_maps_uri":"https://maps.google.com/?cid=14883132103460134457&g_mp=Cilnb29nbGUubWFwcy5wbGFjZXMudjEuUGxhY2VzLlNlYXJjaE5lYXJieRACGAQgAA","google_icon_mask_base_uri":"https://maps.gstatic.com/mapfiles/place_api/icons/v2/shopping_pinlet","google_icon_background_color":"#4B96F3","formatted_address":"3WJ2+G29, South Rd, Poblacion, Sagada, 2619 Mountain Province, Philippines","business_status":"OPERATIONAL","rating":null,"user_rating_count":null,"barangay_slug":"dagdag","barangay_name":"Dagdag"},"geometry":{"type":"Point","coordinates":[120.9001093,17.0812944]}},{"type":"Feature","properties":{"name":"Makaw-ay Souvenir Shop","kind":"business","kind_label":"Business","source":"google_places","google_place_id":"ChIJVVhUYADTjzMR5WDCf2jYOnA","google_primary_type":"gift_shop","google_primary_type_label":"Gift Shop","google_types":["gift_shop","point_of_interest","store","establishment"],"google_maps_uri":"https://maps.google.com/?cid=8087014024228790501&g_mp=Cilnb29nbGUubWFwcy5wbGFjZXMudjEuUGxhY2VzLlNlYXJjaE5lYXJieRACGAQgAA","google_icon_mask_base_uri":"https://maps.gstatic.com/mapfiles/place_api/icons/v2/shopping_pinlet","google_icon_background_color":"#4B96F3","formatted_address":"3WJ2+947, Dagdag, Sagada, Mountain Province, Philippines","business_status":"OPERATIONAL","rating":5,"user_rating_count":1,"barangay_slug":"dagdag","barangay_name":"Dagdag"},"geometry":{"type":"Point","coordinates":[120.90031099999999,17.0809235]}},{"type":"Feature","properties":{"name":"Marie's Pancake Cafe","kind":"business","kind_label":"Business","source":"google_places","google_place_id":"ChIJxbcVDwDTjzMR2tbyUaMSBMM","google_primary_type":"family_restaurant","google_primary_type_label":"Family Restaurant","google_types":["family_restaurant","restaurant","point_of_interest","food","establishment"],"google_maps_uri":"https://maps.google.com/?cid=14052377229966628570&g_mp=Cilnb29nbGUubWFwcy5wbGFjZXMudjEuUGxhY2VzLlNlYXJjaE5lYXJieRACGAQgAA","google_icon_mask_base_uri":"https://maps.gstatic.com/mapfiles/place_api/icons/v2/restaurant_pinlet","google_icon_background_color":"#FF9E67","formatted_address":"3WH2+X5W, Sagada, Mountain Province, Philippines","business_status":"OPERATIONAL","rating":4.7,"user_rating_count":3,"barangay_slug":"dagdag","barangay_name":"Dagdag"},"geometry":{"type":"Point","coordinates":[120.90044999999998,17.0799888]}},{"type":"Feature","properties":{"name":"Pinikpikan Haus","kind":"business","kind_label":"Business","source":"google_places","google_place_id":"ChIJNWw-yS3TjzMRH7hESugZk2w","google_primary_type":"restaurant","google_primary_type_label":"Restaurant","google_types":["restaurant","point_of_interest","food","establishment"],"google_maps_uri":"https://maps.google.com/?cid=7823625463141808159&g_mp=Cilnb29nbGUubWFwcy5wbGFjZXMudjEuUGxhY2VzLlNlYXJjaE5lYXJieRACGAQgAA","google_icon_mask_base_uri":"https://maps.gstatic.com/mapfiles/place_api/icons/v2/restaurant_pinlet","google_icon_background_color":"#FF9E67","formatted_address":"Dao-angan, 2619,, Sagada, Mountain Province, Philippines","business_status":"OPERATIONAL","rating":4.2,"user_rating_count":46,"barangay_slug":"dagdag","barangay_name":"Dagdag"},"geometry":{"type":"Point","coordinates":[120.900442,17.0802171]}},{"type":"Feature","properties":{"name":"Robert's Variety Store","kind":"business","kind_label":"Business","source":"google_places","google_place_id":"ChIJUbqUEQDTjzMRb4bl4Et7Xog","google_primary_type":"store","google_primary_type_label":"Store","google_types":["store","point_of_interest","establishment"],"google_maps_uri":"https://maps.google.com/?cid=9826427002794903151&g_mp=Cilnb29nbGUubWFwcy5wbGFjZXMudjEuUGxhY2VzLlNlYXJjaE5lYXJieRACGAQgAA","google_icon_mask_base_uri":"https://maps.gstatic.com/mapfiles/place_api/icons/v2/shopping_pinlet","google_icon_background_color":"#4B96F3","formatted_address":"Dao-angan, Dagdag, Sagada, Mountain Province, Philippines","business_status":"OPERATIONAL","rating":null,"user_rating_count":null,"barangay_slug":"dagdag","barangay_name":"Dagdag"},"geometry":{"type":"Point","coordinates":[120.90028070000001,17.080152899999998]}},{"type":"Feature","properties":{"name":"Sagada Anglican Cemetery","kind":"business","kind_label":"Business","source":"google_places","google_place_id":"ChIJAQAA3S7TjzMR_8DmQulzoiI","google_primary_type":"cemetery","google_primary_type_label":"Cemetery","google_types":["cemetery","service","point_of_interest","establishment"],"google_maps_uri":"https://maps.google.com/?cid=2495684589203669247&g_mp=Cilnb29nbGUubWFwcy5wbGFjZXMudjEuUGxhY2VzLlNlYXJjaE5lYXJieRACGAQgAA","google_icon_mask_base_uri":"https://maps.gstatic.com/mapfiles/place_api/icons/v2/cemetery_pinlet","google_icon_background_color":"#7B9EB0","formatted_address":"3WJ3+PH2, South Rd, Sagada, Mountain Province, Philippines","business_status":"OPERATIONAL","rating":4.7,"user_rating_count":13,"barangay_slug":"dagdag","barangay_name":"Dagdag"},"geometry":{"type":"Point","coordinates":[120.903896,17.0817609]}},{"type":"Feature","properties":{"name":"Sagada Bistro","kind":"business","kind_label":"Business","source":"google_places","google_place_id":"ChIJEw8_yy3TjzMRbmTLhC4_j0Q","google_primary_type":"restaurant","google_primary_type_label":"Restaurant","google_types":["restaurant","food","point_of_interest","establishment"],"google_maps_uri":"https://maps.google.com/?cid=4940236785277690990&g_mp=Cilnb29nbGUubWFwcy5wbGFjZXMudjEuUGxhY2VzLlNlYXJjaE5lYXJieRACGAQgAA","google_icon_mask_base_uri":"https://maps.gstatic.com/mapfiles/place_api/icons/v2/restaurant_pinlet","google_icon_background_color":"#FF9E67","formatted_address":"3WJ2+85R, Sagada, 2619 Mountain Province, Philippines","business_status":"OPERATIONAL","rating":3.7,"user_rating_count":164,"barangay_slug":"dagdag","barangay_name":"Dagdag"},"geometry":{"type":"Point","coordinates":[120.90038329999999,17.0808736]}},{"type":"Feature","properties":{"name":"Sagada Strawberry Cafe","kind":"business","kind_label":"Business","source":"google_places","google_place_id":"ChIJvd4jMyzTjzMRB6-vigyAAS0","google_primary_type":"cafe","google_primary_type_label":"Cafe","google_types":["cafe","food","point_of_interest","establishment"],"google_maps_uri":"https://maps.google.com/?cid=3243013998038200071&g_mp=Cilnb29nbGUubWFwcy5wbGFjZXMudjEuUGxhY2VzLlNlYXJjaE5lYXJieRACGAQgAA","google_icon_mask_base_uri":"https://maps.gstatic.com/mapfiles/place_api/icons/v2/cafe_pinlet","google_icon_background_color":"#FF9E67","formatted_address":"3WJ2+86Q Makaw-ay, Dagdag, Sagada, 2619 Mountain Province, Philippines","business_status":"OPERATIONAL","rating":4.3,"user_rating_count":162,"barangay_slug":"dagdag","barangay_name":"Dagdag"},"geometry":{"type":"Point","coordinates":[120.9006058,17.0808343]}},{"type":"Feature","properties":{"name":"Sagada Taste Lemon Pie Corner","kind":"business","kind_label":"Business","source":"google_places","google_place_id":"ChIJTUtsNlPTjzMRi5JaSWQX5Is","google_primary_type":"cafe","google_primary_type_label":"Cafe","google_types":["cafe","point_of_interest","food","establishment"],"google_maps_uri":"https://maps.google.com/?cid=10080207585456853643&g_mp=Cilnb29nbGUubWFwcy5wbGFjZXMudjEuUGxhY2VzLlNlYXJjaE5lYXJieRACGAQgAA","google_icon_mask_base_uri":"https://maps.gstatic.com/mapfiles/place_api/icons/v2/cafe_pinlet","google_icon_background_color":"#FF9E67","formatted_address":"3VJX+PX7, Sagada, Mountain Province, Philippines","business_status":"OPERATIONAL","rating":4.3,"user_rating_count":15,"barangay_slug":"dagdag","barangay_name":"Dagdag"},"geometry":{"type":"Point","coordinates":[120.8999296,17.0818428]}},{"type":"Feature","properties":{"name":"SAGGAS","kind":"business","kind_label":"Business","source":"google_places","google_place_id":"ChIJQ1eUSCzTjzMRXldVaqiYdaA","google_primary_type":"travel_agency","google_primary_type_label":"Travel Agency","google_types":["travel_agency","service","point_of_interest","establishment"],"google_maps_uri":"https://maps.google.com/?cid=11562315467449522014&g_mp=Cidnb29nbGUubWFwcy5wbGFjZXMudjEuUGxhY2VzLlNlYXJjaFRleHQQAhgEIAA","google_icon_mask_base_uri":"https://maps.gstatic.com/mapfiles/place_api/icons/v2/generic_pinlet","google_icon_background_color":"#7B9EB0","formatted_address":"South Rd, Sagada, Mountain Province, Philippines","business_status":"OPERATIONAL","rating":4.1,"user_rating_count":20,"barangay_slug":"dagdag","barangay_name":"Dagdag"},"geometry":{"type":"Point","coordinates":[120.89981499999999,17.0816823]}},{"type":"Feature","properties":{"name":"Salt N Pepper","kind":"business","kind_label":"Business","source":"google_places","google_place_id":"ChIJ-6F_SCzTjzMRz81EDXAUfDc","google_primary_type":"restaurant","google_primary_type_label":"Restaurant","google_types":["restaurant","food","point_of_interest","establishment"],"google_maps_uri":"https://maps.google.com/?cid=3998093040689663439&g_mp=Cilnb29nbGUubWFwcy5wbGFjZXMudjEuUGxhY2VzLlNlYXJjaE5lYXJieRACGAQgAA","google_icon_mask_base_uri":"https://maps.gstatic.com/mapfiles/place_api/icons/v2/restaurant_pinlet","google_icon_background_color":"#FF9E67","formatted_address":"South Rd, Sagada, Mountain Province, Philippines","business_status":"OPERATIONAL","rating":3.8,"user_rating_count":387,"barangay_slug":"dagdag","barangay_name":"Dagdag"},"geometry":{"type":"Point","coordinates":[120.89982349999998,17.081622600000003]}},{"type":"Feature","properties":{"name":"Souk Corner Store","kind":"business","kind_label":"Business","source":"google_places","google_place_id":"ChIJaQBZgjstjjMRzwnEcvXkDlQ","google_primary_type":"store","google_primary_type_label":"Store","google_types":["point_of_interest","store","establishment"],"google_maps_uri":"https://maps.google.com/?cid=6057030291703466447&g_mp=Cilnb29nbGUubWFwcy5wbGFjZXMudjEuUGxhY2VzLlNlYXJjaE5lYXJieRACGAQgAA","google_icon_mask_base_uri":"https://maps.gstatic.com/mapfiles/place_api/icons/v2/shopping_pinlet","google_icon_background_color":"#4B96F3","formatted_address":"Dao-angan, Sagada, 2619 Mountain Province, Philippines","business_status":"OPERATIONAL","rating":null,"user_rating_count":null,"barangay_slug":"dagdag","barangay_name":"Dagdag"},"geometry":{"type":"Point","coordinates":[120.8839151,17.0784864]}},{"type":"Feature","properties":{"name":"The Coffee","kind":"business","kind_label":"Business","source":"google_places","google_place_id":"ChIJ05D18pfTjzMR6hoMMoKkpHk","google_primary_type":"cafe","google_primary_type_label":"Cafe","google_types":["cafe","point_of_interest","food","establishment"],"google_maps_uri":"https://maps.google.com/?cid=8765311653862185706&g_mp=Cilnb29nbGUubWFwcy5wbGFjZXMudjEuUGxhY2VzLlNlYXJjaE5lYXJieRACGAQgAA","google_icon_mask_base_uri":"https://maps.gstatic.com/mapfiles/place_api/icons/v2/cafe_pinlet","google_icon_background_color":"#FF9E67","formatted_address":"Macbas, N/A, Sagada, 2619 Mountain Province, Philippines","business_status":"OPERATIONAL","rating":5,"user_rating_count":1,"barangay_slug":"dagdag","barangay_name":"Dagdag"},"geometry":{"type":"Point","coordinates":[120.90013809999999,17.0812226]}},{"type":"Feature","properties":{"name":"Yellow House French Crepes","kind":"business","kind_label":"Business","source":"google_places","google_place_id":"ChIJdwob8qnTjzMRVPpWDy1Lzhs","google_primary_type":"cafe","google_primary_type_label":"Cafe","google_types":["cafe","point_of_interest","food","establishment"],"google_maps_uri":"https://maps.google.com/?cid=2003621541129419348&g_mp=Cilnb29nbGUubWFwcy5wbGFjZXMudjEuUGxhY2VzLlNlYXJjaE5lYXJieRACGAQgAA","google_icon_mask_base_uri":"https://maps.gstatic.com/mapfiles/place_api/icons/v2/cafe_pinlet","google_icon_background_color":"#FF9E67","formatted_address":"2619 Dantay - Sagada Rd, Sagada, 2619 Mountain Province, Philippines","business_status":"OPERATIONAL","rating":4.4,"user_rating_count":25,"barangay_slug":"dagdag","barangay_name":"Dagdag"},"geometry":{"type":"Point","coordinates":[120.90008660000001,17.081752400000003]}},{"type":"Feature","properties":{"name":"Ygorot Cafe","kind":"business","kind_label":"Business","source":"google_places","google_place_id":"ChIJU8QdFnnTjzMR0QWH0A0C6Ic","google_primary_type":"restaurant","google_primary_type_label":"Restaurant","google_types":["restaurant","point_of_interest","food","establishment"],"google_maps_uri":"https://maps.google.com/?cid=9793079648073483729&g_mp=Cilnb29nbGUubWFwcy5wbGFjZXMudjEuUGxhY2VzLlNlYXJjaE5lYXJieRACGAQgAA","google_icon_mask_base_uri":"https://maps.gstatic.com/mapfiles/place_api/icons/v2/restaurant_pinlet","google_icon_background_color":"#FF9E67","formatted_address":"Dagdag, Poblacion, Sagada, 2619 Mountain Province, Philippines","business_status":"OPERATIONAL","rating":null,"user_rating_count":null,"barangay_slug":"dagdag","barangay_name":"Dagdag"},"geometry":{"type":"Point","coordinates":[120.90044429999998,17.0800938]}},{"type":"Feature","properties":{"name":"Yoghurt House","kind":"business","kind_label":"Business","source":"google_places","google_place_id":"ChIJB6HIiCvTjzMRS0f35809ChU","google_primary_type":"restaurant","google_primary_type_label":"Restaurant","google_types":["restaurant","brunch_restaurant","breakfast_restaurant","american_restaurant","filipino_restaurant","food","point_of_interest","establishment"],"google_maps_uri":"https://maps.google.com/?cid=1516092179132925771&g_mp=Cilnb29nbGUubWFwcy5wbGFjZXMudjEuUGxhY2VzLlNlYXJjaE5lYXJieRACGAQgAA","google_icon_mask_base_uri":"https://maps.gstatic.com/mapfiles/place_api/icons/v2/restaurant_pinlet","google_icon_background_color":"#FF9E67","formatted_address":"3WJ2+Q2M, South Rd, Sagada, 2619 Mountain Province, Philippines","business_status":"OPERATIONAL","rating":4.3,"user_rating_count":1127,"barangay_slug":"dagdag","barangay_name":"Dagdag"},"geometry":{"type":"Point","coordinates":[120.9000363,17.0819556]}},{"type":"Feature","properties":{"name":"PHIVOLCS Earthquake Monitoring Station","kind":"govt","kind_label":"Government","source":"google_places","google_place_id":"ChIJNzY5Ol3TjzMRFnVR8qEEyfw","google_primary_type":"association_or_organization","google_primary_type_label":"Association / Organization","google_types":["local_government_office","government_office","association_or_organization","point_of_interest","establishment"],"google_maps_uri":"https://maps.google.com/?cid=18215095261478352150&g_mp=Cilnb29nbGUubWFwcy5wbGFjZXMudjEuUGxhY2VzLlNlYXJjaE5lYXJieRACGAQgAA","google_icon_mask_base_uri":"https://maps.gstatic.com/mapfiles/place_api/icons/v2/civic-bldg_pinlet","google_icon_background_color":"#7B9EB0","formatted_address":"3WH2+XPP, Sagada, Mountain Province, Philippines","business_status":"OPERATIONAL","rating":5,"user_rating_count":1,"barangay_slug":"dagdag","barangay_name":"Dagdag"},"geometry":{"type":"Point","coordinates":[120.90181589999999,17.079963799999998]}},{"type":"Feature","properties":{"name":"502 Trading Main","kind":"market","kind_label":"Market","source":"google_places","google_place_id":"ChIJMT-MjU3TjzMRHQJs4Y9wCdI","google_primary_type":"general_store","google_primary_type_label":"General Store","google_types":["general_store","food_store","food","point_of_interest","store","establishment"],"google_maps_uri":"https://maps.google.com/?cid=15134751786019848733&g_mp=Cilnb29nbGUubWFwcy5wbGFjZXMudjEuUGxhY2VzLlNlYXJjaE5lYXJieRACGAQgAA","google_icon_mask_base_uri":"https://maps.gstatic.com/mapfiles/place_api/icons/v2/shopping_pinlet","google_icon_background_color":"#4B96F3","formatted_address":"Makbas, South Rd, Sagada, 2619 Mountain Province, Philippines","business_status":"OPERATIONAL","rating":null,"user_rating_count":null,"barangay_slug":"dagdag","barangay_name":"Dagdag"},"geometry":{"type":"Point","coordinates":[120.90002559999999,17.081561]}},{"type":"Feature","properties":{"name":"E-dagdag Store","kind":"market","kind_label":"Market","source":"google_places","google_place_id":"ChIJc-XbiL7TjzMRp9WuPC2EeDI","google_primary_type":"grocery_store","google_primary_type_label":"Grocery Store","google_types":["grocery_store","food_store","food","point_of_interest","store","establishment"],"google_maps_uri":"https://maps.google.com/?cid=3636802028928161191&g_mp=Cilnb29nbGUubWFwcy5wbGFjZXMudjEuUGxhY2VzLlNlYXJjaE5lYXJieRACGAQgAA","google_icon_mask_base_uri":"https://maps.gstatic.com/mapfiles/place_api/icons/v2/shoppingcart_pinlet","google_icon_background_color":"#4B96F3","formatted_address":"3WH2+X39, Dagdag, Sagada, Mountain Province, Philippines","business_status":"OPERATIONAL","rating":null,"user_rating_count":null,"barangay_slug":"dagdag","barangay_name":"Dagdag"},"geometry":{"type":"Point","coordinates":[120.90024609999999,17.0799238]}},{"type":"Feature","properties":{"name":"Garahe, Sagada","kind":"market","kind_label":"Market","source":"google_places","google_place_id":"ChIJW21wKRTTjzMRtSQgt8BkBKk","google_primary_type":"coffee_shop","google_primary_type_label":"Coffee Shop","google_types":["coffee_shop","cafe","food_store","store","point_of_interest","food","establishment"],"google_maps_uri":"https://maps.google.com/?cid=12178970071185499317&g_mp=Cilnb29nbGUubWFwcy5wbGFjZXMudjEuUGxhY2VzLlNlYXJjaE5lYXJieRACGAQgAA","google_icon_mask_base_uri":"https://maps.gstatic.com/mapfiles/place_api/icons/v2/cafe_pinlet","google_icon_background_color":"#FF9E67","formatted_address":"3VHX+XR2, Sagada, Mountain Province, Philippines","business_status":"OPERATIONAL","rating":null,"user_rating_count":null,"barangay_slug":"dagdag","barangay_name":"Dagdag"},"geometry":{"type":"Point","coordinates":[120.8995212,17.0798866]}},{"type":"Feature","properties":{"name":"Mountainside store","kind":"market","kind_label":"Market","source":"google_places","google_place_id":"ChIJ8ZWSTgAtjjMRztjRtNoBQiM","google_primary_type":"general_store","google_primary_type_label":"General Store","google_types":["general_store","food_store","food","point_of_interest","store","establishment"],"google_maps_uri":"https://maps.google.com/?cid=2540595178638530766&g_mp=Cilnb29nbGUubWFwcy5wbGFjZXMudjEuUGxhY2VzLlNlYXJjaE5lYXJieRACGAQgAA","google_icon_mask_base_uri":"https://maps.gstatic.com/mapfiles/place_api/icons/v2/shopping_pinlet","google_icon_background_color":"#4B96F3","formatted_address":"3VJM+34P, Dagdag, Sagada, Mountain Province, Philippines","business_status":"OPERATIONAL","rating":null,"user_rating_count":null,"barangay_slug":"dagdag","barangay_name":"Dagdag"},"geometry":{"type":"Point","coordinates":[120.8828195,17.0802212]}},{"type":"Feature","properties":{"name":"Nuwang Single Origin Sagada Coffee","kind":"market","kind_label":"Market","source":"google_places","google_place_id":"ChIJowA-9RLTjzMRTNbgxTaB224","google_primary_type":"coffee_shop","google_primary_type_label":"Coffee Shop","google_types":["coffee_shop","cafe","food_store","store","point_of_interest","food","establishment"],"google_maps_uri":"https://maps.google.com/?cid=7988120436319770188&g_mp=Cilnb29nbGUubWFwcy5wbGFjZXMudjEuUGxhY2VzLlNlYXJjaE5lYXJieRACGAQgAA","google_icon_mask_base_uri":"https://maps.gstatic.com/mapfiles/place_api/icons/v2/cafe_pinlet","google_icon_background_color":"#FF9E67","formatted_address":"Macbas, South Rd, Sagada, 2619 Mountain Province, Philippines","business_status":"OPERATIONAL","rating":null,"user_rating_count":null,"barangay_slug":"dagdag","barangay_name":"Dagdag"},"geometry":{"type":"Point","coordinates":[120.9000246,17.0815583]}},{"type":"Feature","properties":{"name":"Paytokan Echo Trail Cafe","kind":"market","kind_label":"Market","source":"google_places","google_place_id":"ChIJh08sawDTjzMRwsSUFFrVQeM","google_primary_type":"coffee_shop","google_primary_type_label":"Coffee Shop","google_types":["coffee_shop","cafe","food_store","store","point_of_interest","food","establishment"],"google_maps_uri":"https://maps.google.com/?cid=16375604302964901058&g_mp=Cilnb29nbGUubWFwcy5wbGFjZXMudjEuUGxhY2VzLlNlYXJjaE5lYXJieRACGAQgAA","google_icon_mask_base_uri":"https://maps.gstatic.com/mapfiles/place_api/icons/v2/cafe_pinlet","google_icon_background_color":"#FF9E67","formatted_address":"3WJ4+P99, Sagada, Mountain Province, Philippines","business_status":"OPERATIONAL","rating":3,"user_rating_count":1,"barangay_slug":"dagdag","barangay_name":"Dagdag"},"geometry":{"type":"Point","coordinates":[120.90542649999998,17.0812435]}},{"type":"Feature","properties":{"name":"South Road General Merchandise","kind":"market","kind_label":"Market","source":"google_places","google_place_id":"ChIJz7FqdV_TjzMRLmYCTOLdhL0","google_primary_type":"grocery_store","google_primary_type_label":"Grocery Store","google_types":["grocery_store","atm","discount_store","food_store","store","food","finance","service","point_of_interest","establishment"],"google_maps_uri":"https://maps.google.com/?cid=13656283934101759534&g_mp=Cilnb29nbGUubWFwcy5wbGFjZXMudjEuUGxhY2VzLlNlYXJjaE5lYXJieRACGAQgAA","google_icon_mask_base_uri":"https://maps.gstatic.com/mapfiles/place_api/icons/v2/shoppingcart_pinlet","google_icon_background_color":"#4B96F3","formatted_address":"Macbas, South Rd, Dagdag, Sagada, 2619 Mountain Province, Philippines","business_status":"OPERATIONAL","rating":5,"user_rating_count":3,"barangay_slug":"dagdag","barangay_name":"Dagdag"},"geometry":{"type":"Point","coordinates":[120.90003889999998,17.0815672]}},{"type":"Feature","properties":{"name":"Dagdag Daycare Center and Barangay Hall","kind":"school","kind_label":"School","source":"google_places","google_place_id":"ChIJLSQ8iafTjzMRuZ4_MT5X9S4","google_primary_type":"preschool","google_primary_type_label":"Preschool","google_types":["preschool","child_care_agency","school","educational_institution","service","point_of_interest","establishment"],"google_maps_uri":"https://maps.google.com/?cid=3383706619664637625&g_mp=Cilnb29nbGUubWFwcy5wbGFjZXMudjEuUGxhY2VzLlNlYXJjaE5lYXJieRACGAQgAA","google_icon_mask_base_uri":"https://maps.gstatic.com/mapfiles/place_api/icons/v2/school_pinlet","google_icon_background_color":"#7B9EB0","formatted_address":"3VJX+59V, Sagada, Mountain Province, Philippines","business_status":"OPERATIONAL","rating":null,"user_rating_count":null,"barangay_slug":"dagdag","barangay_name":"Dagdag"},"geometry":{"type":"Point","coordinates":[120.89842419999998,17.0804811]}},{"type":"Feature","properties":{"name":"Saint Mary's School of Sagada, Incorporated","kind":"school","kind_label":"School","source":"google_places","google_place_id":"ChIJcyfqmi7TjzMRZb1kfnsOTdY","google_primary_type":"school","google_primary_type_label":"School","google_types":["school","educational_institution","point_of_interest","establishment"],"google_maps_uri":"https://maps.google.com/?cid=15442014620887596389&g_mp=Cilnb29nbGUubWFwcy5wbGFjZXMudjEuUGxhY2VzLlNlYXJjaE5lYXJieRACGAQgAA","google_icon_mask_base_uri":"https://maps.gstatic.com/mapfiles/place_api/icons/v2/school_pinlet","google_icon_background_color":"#7B9EB0","formatted_address":"EPISCOPAL MISSION COMPOUND, Sagada, 2619 Mountain Province, Philippines","business_status":"OPERATIONAL","rating":null,"user_rating_count":null,"barangay_slug":"dagdag","barangay_name":"Dagdag"},"geometry":{"type":"Point","coordinates":[120.90218130000001,17.081426600000004]}},{"type":"Feature","properties":{"name":"Baey Bogan Homestay","kind":"tourism","kind_label":"Tourism","source":"google_places","google_place_id":"ChIJTbbXqC3TjzMR_mHpEMQNfao","google_primary_type":"lodging","google_primary_type_label":"Lodging","google_types":["lodging","point_of_interest","establishment"],"google_maps_uri":"https://maps.google.com/?cid=12284990494285062654&g_mp=Cilnb29nbGUubWFwcy5wbGFjZXMudjEuUGxhY2VzLlNlYXJjaE5lYXJieRACGAQgAA","google_icon_mask_base_uri":"https://maps.gstatic.com/mapfiles/place_api/icons/v2/hotel_pinlet","google_icon_background_color":"#909CE1","formatted_address":"Sagada, Mountain Province, Philippines","business_status":"OPERATIONAL","rating":null,"user_rating_count":null,"barangay_slug":"dagdag","barangay_name":"Dagdag"},"geometry":{"type":"Point","coordinates":[120.89901730000001,17.0806008]}},{"type":"Feature","properties":{"name":"Baey Bōgan Homestay","kind":"tourism","kind_label":"Tourism","source":"google_places","google_place_id":"ChIJ96DLTCzTjzMRa43arxpjp_8","google_primary_type":"private_guest_room","google_primary_type_label":"Homestay","google_types":["private_guest_room","lodging","point_of_interest","establishment"],"google_maps_uri":"https://maps.google.com/?cid=18421801767052938603&g_mp=Cilnb29nbGUubWFwcy5wbGFjZXMudjEuUGxhY2VzLlNlYXJjaE5lYXJieRACGAQgAA","google_icon_mask_base_uri":"https://maps.gstatic.com/mapfiles/place_api/icons/v2/hotel_pinlet","google_icon_background_color":"#909CE1","formatted_address":"South Sagada - Besao Rd, Dagdag, Sagada, 2619 Mountain Province, Philippines","business_status":"OPERATIONAL","rating":4.7,"user_rating_count":23,"barangay_slug":"dagdag","barangay_name":"Dagdag"},"geometry":{"type":"Point","coordinates":[120.89901760000001,17.080508599999998]}},{"type":"Feature","properties":{"name":"Baey Bōgan Homestay - Budget Double Room","kind":"tourism","kind_label":"Tourism","source":"google_places","google_place_id":"ChIJsZaVri3TjzMRgoVKS861fbo","google_primary_type":"lodging","google_primary_type_label":"Lodging","google_types":["lodging","point_of_interest","establishment"],"google_maps_uri":"https://maps.google.com/?cid=13438096760774493570&g_mp=Cilnb29nbGUubWFwcy5wbGFjZXMudjEuUGxhY2VzLlNlYXJjaE5lYXJieRACGAQgAA","google_icon_mask_base_uri":"https://maps.gstatic.com/mapfiles/place_api/icons/v2/hotel_pinlet","google_icon_background_color":"#909CE1","formatted_address":"Sagada, Mountain Province, Philippines","business_status":"OPERATIONAL","rating":null,"user_rating_count":null,"barangay_slug":"dagdag","barangay_name":"Dagdag"},"geometry":{"type":"Point","coordinates":[120.899147,17.0806808]}},{"type":"Feature","properties":{"name":"Baey Bōgan Homestay - Classic Quadruple Room","kind":"tourism","kind_label":"Tourism","source":"google_places","google_place_id":"ChIJsZaVri3TjzMRIa0CoccxfX4","google_primary_type":"lodging","google_primary_type_label":"Lodging","google_types":["lodging","point_of_interest","establishment"],"google_maps_uri":"https://maps.google.com/?cid=9114495954337312033&g_mp=Cilnb29nbGUubWFwcy5wbGFjZXMudjEuUGxhY2VzLlNlYXJjaE5lYXJieRACGAQgAA","google_icon_mask_base_uri":"https://maps.gstatic.com/mapfiles/place_api/icons/v2/hotel_pinlet","google_icon_background_color":"#909CE1","formatted_address":"Sagada, Mountain Province, Philippines","business_status":"OPERATIONAL","rating":null,"user_rating_count":null,"barangay_slug":"dagdag","barangay_name":"Dagdag"},"geometry":{"type":"Point","coordinates":[120.899147,17.0806808]}},{"type":"Feature","properties":{"name":"Baey Bōgan Homestay - Double Room","kind":"tourism","kind_label":"Tourism","source":"google_places","google_place_id":"ChIJqUiVri3TjzMRPxyYCO8GWFo","google_primary_type":"lodging","google_primary_type_label":"Lodging","google_types":["lodging","point_of_interest","establishment"],"google_maps_uri":"https://maps.google.com/?cid=6509960885075188799&g_mp=Cilnb29nbGUubWFwcy5wbGFjZXMudjEuUGxhY2VzLlNlYXJjaE5lYXJieRACGAQgAA","google_icon_mask_base_uri":"https://maps.gstatic.com/mapfiles/place_api/icons/v2/hotel_pinlet","google_icon_background_color":"#909CE1","formatted_address":"Sagada, Mountain Province, Philippines","business_status":"OPERATIONAL","rating":null,"user_rating_count":null,"barangay_slug":"dagdag","barangay_name":"Dagdag"},"geometry":{"type":"Point","coordinates":[120.899147,17.080669399999998]}},{"type":"Feature","properties":{"name":"Ching's Homestay","kind":"tourism","kind_label":"Tourism","source":"google_places","google_place_id":"ChIJwSNBgPLTjzMR2qlrusJ-aik","google_primary_type":"hostel","google_primary_type_label":"Hostel","google_types":["hostel","lodging","point_of_interest","establishment"],"google_maps_uri":"https://maps.google.com/?cid=2984337077902748122&g_mp=Cilnb29nbGUubWFwcy5wbGFjZXMudjEuUGxhY2VzLlNlYXJjaE5lYXJieRACGAQgAA","google_icon_mask_base_uri":"https://maps.gstatic.com/mapfiles/place_api/icons/v2/hotel_pinlet","google_icon_background_color":"#909CE1","formatted_address":"Dagdag, Sagada, 2619 Mountain Province, Philippines","business_status":"OPERATIONAL","rating":null,"user_rating_count":null,"barangay_slug":"dagdag","barangay_name":"Dagdag"},"geometry":{"type":"Point","coordinates":[120.8992323,17.080308]}},{"type":"Feature","properties":{"name":"Dagdag Village Beds","kind":"tourism","kind_label":"Tourism","source":"google_places","google_place_id":"ChIJfxiDpS3TjzMRGhknuTw5_UQ","google_primary_type":"private_guest_room","google_primary_type_label":"Homestay","google_types":["private_guest_room","lodging","point_of_interest","establishment"],"google_maps_uri":"https://maps.google.com/?cid=4971192496654063898&g_mp=Cilnb29nbGUubWFwcy5wbGFjZXMudjEuUGxhY2VzLlNlYXJjaE5lYXJieRACGAQgAA","google_icon_mask_base_uri":"https://maps.gstatic.com/mapfiles/place_api/icons/v2/hotel_pinlet","google_icon_background_color":"#909CE1","formatted_address":"Matuba, Dagdag, Sagada, 2619 Mountain Province, Philippines","business_status":"OPERATIONAL","rating":4.9,"user_rating_count":8,"barangay_slug":"dagdag","barangay_name":"Dagdag"},"geometry":{"type":"Point","coordinates":[120.89918639999999,17.0803677]}},{"type":"Feature","properties":{"name":"Dagdag Village Homestay - Sagada - Four-Bedroom House","kind":"tourism","kind_label":"Tourism","source":"google_places","google_place_id":"ChIJ91VXvC3TjzMRO1QPa2sIdNM","google_primary_type":"lodging","google_primary_type_label":"Lodging","google_types":["lodging","point_of_interest","establishment"],"google_maps_uri":"https://maps.google.com/?cid=15236812696751920187&g_mp=Cilnb29nbGUubWFwcy5wbGFjZXMudjEuUGxhY2VzLlNlYXJjaE5lYXJieRACGAQgAA","google_icon_mask_base_uri":"https://maps.gstatic.com/mapfiles/place_api/icons/v2/hotel_pinlet","google_icon_background_color":"#909CE1","formatted_address":"Sagada, Mountain Province, Philippines","business_status":"OPERATIONAL","rating":null,"user_rating_count":null,"barangay_slug":"dagdag","barangay_name":"Dagdag"},"geometry":{"type":"Point","coordinates":[120.899147,17.080390899999998]}},{"type":"Feature","properties":{"name":"Downtown Resthouse","kind":"tourism","kind_label":"Tourism","source":"google_places","google_place_id":"ChIJE65oPAAtjjMR76qGHJXQyIc","google_primary_type":"private_guest_room","google_primary_type_label":"Homestay","google_types":["private_guest_room","lodging","point_of_interest","establishment"],"google_maps_uri":"https://maps.google.com/?cid=9784299529309694703&g_mp=Cilnb29nbGUubWFwcy5wbGFjZXMudjEuUGxhY2VzLlNlYXJjaE5lYXJieRACGAQgAA","google_icon_mask_base_uri":"https://maps.gstatic.com/mapfiles/place_api/icons/v2/hotel_pinlet","google_icon_background_color":"#909CE1","formatted_address":"3VHM+9P, Sagada, Mountain Province, Philippines","business_status":"OPERATIONAL","rating":null,"user_rating_count":null,"barangay_slug":"dagdag","barangay_name":"Dagdag"},"geometry":{"type":"Point","coordinates":[120.884314,17.0783891]}},{"type":"Feature","properties":{"name":"Hanging Coffins of Sagada","kind":"tourism","kind_label":"Tourism","source":"google_places","google_place_id":"ChIJdaGIRy_TjzMRC53BE6AgjvQ","google_primary_type":"tourist_attraction","google_primary_type_label":"Tourist Attraction","google_types":["tourist_attraction","point_of_interest","establishment"],"google_maps_uri":"https://maps.google.com/?cid=17622058263845641483&g_mp=Cilnb29nbGUubWFwcy5wbGFjZXMudjEuUGxhY2VzLlNlYXJjaE5lYXJieRACGAQgAA","google_icon_mask_base_uri":"https://maps.gstatic.com/mapfiles/place_api/icons/v2/generic_pinlet","google_icon_background_color":"#13B5C7","formatted_address":"Sagada, Mountain Province, Philippines","business_status":"OPERATIONAL","rating":4.5,"user_rating_count":487,"barangay_slug":"dagdag","barangay_name":"Dagdag"},"geometry":{"type":"Point","coordinates":[120.9057343,17.080986499999998]}},{"type":"Feature","properties":{"name":"INN MAUGAY","kind":"tourism","kind_label":"Tourism","source":"google_places","google_place_id":"ChIJ3WGyvS3TjzMRKewJV-RkwdQ","google_primary_type":"inn","google_primary_type_label":"Inn","google_types":["inn","lodging","point_of_interest","establishment"],"google_maps_uri":"https://maps.google.com/?cid=15330645538421468201&g_mp=Cidnb29nbGUubWFwcy5wbGFjZXMudjEuUGxhY2VzLlNlYXJjaFRleHQQAhgEIAA","google_icon_mask_base_uri":"https://maps.gstatic.com/mapfiles/place_api/icons/v2/hotel_pinlet","google_icon_background_color":"#909CE1","formatted_address":"Sagada, Mountain Province, Philippines","business_status":"OPERATIONAL","rating":4.6,"user_rating_count":14,"barangay_slug":"dagdag","barangay_name":"Dagdag"},"geometry":{"type":"Point","coordinates":[120.89966020000001,17.0798325]}},{"type":"Feature","properties":{"name":"Matuba Sojourners' Homestay","kind":"tourism","kind_label":"Tourism","source":"google_places","google_place_id":"ChIJhZ8_XwDTjzMRzx_3WWdQRGY","google_primary_type":"private_guest_room","google_primary_type_label":"Homestay","google_types":["private_guest_room","lodging","point_of_interest","establishment"],"google_maps_uri":"https://maps.google.com/?cid=7369103295106195407&g_mp=Cilnb29nbGUubWFwcy5wbGFjZXMudjEuUGxhY2VzLlNlYXJjaE5lYXJieRACGAQgAA","google_icon_mask_base_uri":"https://maps.gstatic.com/mapfiles/place_api/icons/v2/hotel_pinlet","google_icon_background_color":"#909CE1","formatted_address":"Sagada, Mountain Province, Philippines","business_status":"OPERATIONAL","rating":null,"user_rating_count":null,"barangay_slug":"dagdag","barangay_name":"Dagdag"},"geometry":{"type":"Point","coordinates":[120.89895829999998,17.0803474]}},{"type":"Feature","properties":{"name":"Paytukan Cliff","kind":"tourism","kind_label":"Tourism","source":"google_places","google_place_id":"ChIJc-FCFBjTjzMRyeZdlVjbCGI","google_primary_type":"hiking_area","google_primary_type_label":"Hiking Area","google_types":["hiking_area","sports_activity_location","point_of_interest","establishment"],"google_maps_uri":"https://maps.google.com/?cid=7064137189040187081&g_mp=Cilnb29nbGUubWFwcy5wbGFjZXMudjEuUGxhY2VzLlNlYXJjaE5lYXJieRACGAQgAA","google_icon_mask_base_uri":"https://maps.gstatic.com/mapfiles/place_api/icons/v2/hiking_pinlet","google_icon_background_color":"#4DB546","formatted_address":"3WJ4+P99, Sagada, Mountain Province, Philippines","business_status":"OPERATIONAL","rating":4.5,"user_rating_count":4,"barangay_slug":"dagdag","barangay_name":"Dagdag"},"geometry":{"type":"Point","coordinates":[120.9056602,17.0815557]}},{"type":"Feature","properties":{"name":"Rustic Unit at SAGADA DOWNTOWN RESTHOUSE","kind":"tourism","kind_label":"Tourism","source":"google_places","google_place_id":"ChIJfV8yui3TjzMRUYl5DvLD4v0","google_primary_type":"lodging","google_primary_type_label":"Lodging","google_types":["lodging","point_of_interest","establishment"],"google_maps_uri":"https://maps.google.com/?cid=18294400080724724049&g_mp=Cilnb29nbGUubWFwcy5wbGFjZXMudjEuUGxhY2VzLlNlYXJjaE5lYXJieRACGAQgAA","google_icon_mask_base_uri":"https://maps.gstatic.com/mapfiles/place_api/icons/v2/hotel_pinlet","google_icon_background_color":"#909CE1","formatted_address":"Sagada, Mountain Province, Philippines","business_status":"OPERATIONAL","rating":null,"user_rating_count":null,"barangay_slug":"dagdag","barangay_name":"Dagdag"},"geometry":{"type":"Point","coordinates":[120.89949799999998,17.0803299]}},{"type":"Feature","properties":{"name":"Sagada Pedpew-aw Homestay","kind":"tourism","kind_label":"Tourism","source":"google_places","google_place_id":"ChIJ43thcQDTjzMRAywEL_J1XHI","google_primary_type":"lodging","google_primary_type_label":"Lodging","google_types":["lodging","point_of_interest","establishment"],"google_maps_uri":"https://maps.google.com/?cid=8240591101212503043&g_mp=Cilnb29nbGUubWFwcy5wbGFjZXMudjEuUGxhY2VzLlNlYXJjaE5lYXJieRACGAQgAA","google_icon_mask_base_uri":"https://maps.gstatic.com/mapfiles/place_api/icons/v2/hotel_pinlet","google_icon_background_color":"#909CE1","formatted_address":"Sagada, Mountain Province, Philippines","business_status":"OPERATIONAL","rating":5,"user_rating_count":5,"barangay_slug":"dagdag","barangay_name":"Dagdag"},"geometry":{"type":"Point","coordinates":[120.89948620000001,17.0812895]}},{"type":"Feature","properties":{"name":"Soleil de Sagada Inn","kind":"tourism","kind_label":"Tourism","source":"google_places","google_place_id":"ChIJ_50PpN_TjzMRV4757NhjxBs","google_primary_type":"hostel","google_primary_type_label":"Hostel","google_types":["hostel","lodging","point_of_interest","establishment"],"google_maps_uri":"https://maps.google.com/?cid=2000833917799206487&g_mp=Cilnb29nbGUubWFwcy5wbGFjZXMudjEuUGxhY2VzLlNlYXJjaE5lYXJieRACGAQgAA","google_icon_mask_base_uri":"https://maps.gstatic.com/mapfiles/place_api/icons/v2/hotel_pinlet","google_icon_background_color":"#909CE1","formatted_address":"Dagdag, Sagada, 2619 Mountain Province, Philippines","business_status":"OPERATIONAL","rating":3.7,"user_rating_count":3,"barangay_slug":"dagdag","barangay_name":"Dagdag"},"geometry":{"type":"Point","coordinates":[120.89875110000001,17.0811548]}},{"type":"Feature","properties":{"name":"Yewaint Wortheyof Meynut Field","kind":"tourism","kind_label":"Tourism","source":"google_places","google_place_id":"ChIJtzclHwDTjzMRccGlvVQqBDw","google_primary_type":"park","google_primary_type_label":"Park","google_types":["park","point_of_interest","establishment"],"google_maps_uri":"https://maps.google.com/?cid=4324628085629895025&g_mp=Cilnb29nbGUubWFwcy5wbGFjZXMudjEuUGxhY2VzLlNlYXJjaE5lYXJieRACGAQgAA","google_icon_mask_base_uri":"https://maps.gstatic.com/mapfiles/place_api/icons/v2/tree_pinlet","google_icon_background_color":"#4DB546","formatted_address":"3WJ2+4HV, Dagdag, Sagada, Mountain Province, Philippines","business_status":"OPERATIONAL","rating":null,"user_rating_count":null,"barangay_slug":"dagdag","barangay_name":"Dagdag"},"geometry":{"type":"Point","coordinates":[120.90140780000002,17.080366100000003]}},{"type":"Feature","properties":{"name":"502 Trading","kind":"business","kind_label":"Business","source":"google_places","google_place_id":"ChIJBb6UDzLTjzMR2cTC9wnGFpI","google_primary_type":"electronics_store","google_primary_type_label":"Electronics Store","google_types":["electronics_store","store","point_of_interest","establishment"],"google_maps_uri":"https://maps.google.com/?cid=10526818925138855129&g_mp=Cilnb29nbGUubWFwcy5wbGFjZXMudjEuUGxhY2VzLlNlYXJjaE5lYXJieRACGAQgAA","google_icon_mask_base_uri":"https://maps.gstatic.com/mapfiles/place_api/icons/v2/shopping_pinlet","google_icon_background_color":"#4B96F3","formatted_address":"3WG2+W93, Kiltepan Road, Sagada, Mountain Province, Philippines","business_status":"OPERATIONAL","rating":5,"user_rating_count":1,"barangay_slug":"demang","barangay_name":"Demang"},"geometry":{"type":"Point","coordinates":[120.90090929999998,17.077266599999998]}},{"type":"Feature","properties":{"name":"ASSETG","kind":"business","kind_label":"Business","source":"google_places","google_place_id":"ChIJPx53BgDTjzMR8GQ1swggCKU","google_primary_type":"association_or_organization","google_primary_type_label":"Association / Organization","google_types":["association_or_organization","point_of_interest","establishment"],"google_maps_uri":"https://maps.google.com/?cid=11891790037810242800&g_mp=Cidnb29nbGUubWFwcy5wbGFjZXMudjEuUGxhY2VzLlNlYXJjaFRleHQQAhgEIAA","google_icon_mask_base_uri":"https://maps.gstatic.com/mapfiles/place_api/icons/v2/generic_pinlet","google_icon_background_color":"#7B9EB0","formatted_address":"3WH2+645, South Rd, Sagada, Mountain Province, Philippines","business_status":"OPERATIONAL","rating":5,"user_rating_count":1,"barangay_slug":"demang","barangay_name":"Demang"},"geometry":{"type":"Point","coordinates":[120.90043089999999,17.078145]}},{"type":"Feature","properties":{"name":"B & L VARIETY STORE","kind":"business","kind_label":"Business","source":"google_places","google_place_id":"ChIJKxSVKxjTjzMR2HpFroZOHLE","google_primary_type":"store","google_primary_type_label":"Store","google_types":["point_of_interest","store","establishment"],"google_maps_uri":"https://maps.google.com/?cid=12762161784417516248&g_mp=Cilnb29nbGUubWFwcy5wbGFjZXMudjEuUGxhY2VzLlNlYXJjaE5lYXJieRACGAQgAA","google_icon_mask_base_uri":"https://maps.gstatic.com/mapfiles/place_api/icons/v2/shopping_pinlet","google_icon_background_color":"#4B96F3","formatted_address":"Daoangan, Sagada, 2619 Mountain Province, Philippines","business_status":"OPERATIONAL","rating":null,"user_rating_count":null,"barangay_slug":"demang","barangay_name":"Demang"},"geometry":{"type":"Point","coordinates":[120.9003637,17.079458]}},{"type":"Feature","properties":{"name":"BARRUTI HEALTH AND BEAUTY PRODUCTS TRADING","kind":"business","kind_label":"Business","source":"google_places","google_place_id":"ChIJXc-rcZbTjzMRN6NL1EGJcWM","google_primary_type":"store","google_primary_type_label":"Store","google_types":["point_of_interest","store","establishment"],"google_maps_uri":"https://maps.google.com/?cid=7165659397950776119&g_mp=Cilnb29nbGUubWFwcy5wbGFjZXMudjEuUGxhY2VzLlNlYXJjaE5lYXJieRACGAQgAA","google_icon_mask_base_uri":"https://maps.gstatic.com/mapfiles/place_api/icons/v2/shopping_pinlet","google_icon_background_color":"#4B96F3","formatted_address":"Poblacion South Rd, Sagada, 2619 Mountain Province, Philippines","business_status":"OPERATIONAL","rating":null,"user_rating_count":null,"barangay_slug":"demang","barangay_name":"Demang"},"geometry":{"type":"Point","coordinates":[120.9005606,17.0779194]}},{"type":"Feature","properties":{"name":"Bistangs Pasalubong Center","kind":"business","kind_label":"Business","source":"google_places","google_place_id":"ChIJa-ccRADTjzMRHw7XzCa35y8","google_primary_type":"store","google_primary_type_label":"Store","google_types":["store","point_of_interest","establishment"],"google_maps_uri":"https://maps.google.com/?cid=3451929016676060703&g_mp=Cidnb29nbGUubWFwcy5wbGFjZXMudjEuUGxhY2VzLlNlYXJjaFRleHQQAhgEIAA","google_icon_mask_base_uri":"https://maps.gstatic.com/mapfiles/place_api/icons/v2/shopping_pinlet","google_icon_background_color":"#4B96F3","formatted_address":"2619 Dantay - Sagada Rd, Sagada, 2619 Mountain Province, Philippines","business_status":"OPERATIONAL","rating":5,"user_rating_count":2,"barangay_slug":"demang","barangay_name":"Demang"},"geometry":{"type":"Point","coordinates":[120.90062599999999,17.0781985]}},{"type":"Feature","properties":{"name":"Chapter One Cafe Sagada","kind":"business","kind_label":"Business","source":"google_places","google_place_id":"ChIJl5v3QdHTjzMRnZEspmcXNYY","google_primary_type":"cafe","google_primary_type_label":"Cafe","google_types":["cafe","food","point_of_interest","establishment"],"google_maps_uri":"https://maps.google.com/?cid=9670661508785017245&g_mp=Cilnb29nbGUubWFwcy5wbGFjZXMudjEuUGxhY2VzLlNlYXJjaE5lYXJieRACGAQgAA","google_icon_mask_base_uri":"https://maps.gstatic.com/mapfiles/place_api/icons/v2/cafe_pinlet","google_icon_background_color":"#FF9E67","formatted_address":"4003 Mogtoc, 3WG2+F83, Dantay - Sagada Rd, Sagada, 2619 Mountain Province, Philippines","business_status":"OPERATIONAL","rating":4.4,"user_rating_count":39,"barangay_slug":"demang","barangay_name":"Demang"},"geometry":{"type":"Point","coordinates":[120.90076859999998,17.0763139]}},{"type":"Feature","properties":{"name":"Cuisina Igorhota Restobar","kind":"business","kind_label":"Business","source":"google_places","google_place_id":"ChIJ0ZlRGHLTjzMRPGKnXHBHKAI","google_primary_type":"filipino_restaurant","google_primary_type_label":"Filipino Restaurant","google_types":["filipino_restaurant","restaurant","food","point_of_interest","establishment"],"google_maps_uri":"https://maps.google.com/?cid=155452735060664892&g_mp=Cilnb29nbGUubWFwcy5wbGFjZXMudjEuUGxhY2VzLlNlYXJjaE5lYXJieRACGAQgAA","google_icon_mask_base_uri":"https://maps.gstatic.com/mapfiles/place_api/icons/v2/restaurant_pinlet","google_icon_background_color":"#FF9E67","formatted_address":"3WG2+F89, Dantay - Sagada Rd, Sagada, 2619 Mountain Province, Philippines","business_status":"OPERATIONAL","rating":4.2,"user_rating_count":25,"barangay_slug":"demang","barangay_name":"Demang"},"geometry":{"type":"Point","coordinates":[120.90078989999998,17.0763391]}},{"type":"Feature","properties":{"name":"Dao-angan Store","kind":"business","kind_label":"Business","source":"google_places","google_place_id":"ChIJE6s0EGPTjzMRP-yixm_MN-c","google_primary_type":"home_goods_store","google_primary_type_label":"Home Goods Store","google_types":["home_goods_store","store","point_of_interest","establishment"],"google_maps_uri":"https://maps.google.com/?cid=16661010126926441535&g_mp=Cilnb29nbGUubWFwcy5wbGFjZXMudjEuUGxhY2VzLlNlYXJjaE5lYXJieRACGAQgAA","google_icon_mask_base_uri":"https://maps.gstatic.com/mapfiles/place_api/icons/v2/shopping_pinlet","google_icon_background_color":"#4B96F3","formatted_address":"3WH2+V48, Sagada, Mountain Province, Philippines","business_status":"OPERATIONAL","rating":4,"user_rating_count":1,"barangay_slug":"demang","barangay_name":"Demang"},"geometry":{"type":"Point","coordinates":[120.90033770000001,17.0796632]}},{"type":"Feature","properties":{"name":"Daycare Center","kind":"business","kind_label":"Business","source":"google_places","google_place_id":"ChIJK1zxujLTjzMRLwNVwFg7_XY","google_primary_type":"child_care_agency","google_primary_type_label":"Child Care Agency","google_types":["child_care_agency","point_of_interest","service","establishment"],"google_maps_uri":"https://maps.google.com/?cid=8574074517953250095&g_mp=Cidnb29nbGUubWFwcy5wbGFjZXMudjEuUGxhY2VzLlNlYXJjaFRleHQQAhgEIAA","google_icon_mask_base_uri":"https://maps.gstatic.com/mapfiles/place_api/icons/v2/school_pinlet","google_icon_background_color":"#7B9EB0","formatted_address":"3VHW+6MF, South Rd, Sagada, Mountain Province, Philippines","business_status":"OPERATIONAL","rating":null,"user_rating_count":null,"barangay_slug":"demang","barangay_name":"Demang"},"geometry":{"type":"Point","coordinates":[120.8966569,17.0780651]}},{"type":"Feature","properties":{"name":"Demang","kind":"business","kind_label":"Business","source":"google_places","google_place_id":"ChIJ_2pkkDLTjzMRLhh9hJg0uv0","google_primary_type":null,"google_primary_type_label":null,"google_types":["sublocality_level_2","sublocality","political"],"google_maps_uri":"https://maps.google.com/?cid=18282983466926413870&g_mp=Cidnb29nbGUubWFwcy5wbGFjZXMudjEuUGxhY2VzLlNlYXJjaFRleHQQAhgEIAA","google_icon_mask_base_uri":"https://maps.gstatic.com/mapfiles/place_api/icons/v2/generic_pinlet","google_icon_background_color":"#7B9EB0","formatted_address":"Demang, Sagada, Mountain Province, Philippines","business_status":null,"rating":null,"user_rating_count":null,"barangay_slug":"demang","barangay_name":"Demang"},"geometry":{"type":"Point","coordinates":[120.8886488,17.0762599]}},{"type":"Feature","properties":{"name":"DONGDAEMUN RESTOBAR","kind":"business","kind_label":"Business","source":"google_places","google_place_id":"ChIJfWbAP-PTjzMRqglDb_RGJmY","google_primary_type":"asian_restaurant","google_primary_type_label":"Asian Restaurant","google_types":["asian_restaurant","restaurant","food","point_of_interest","establishment"],"google_maps_uri":"https://maps.google.com/?cid=7360648656636283306&g_mp=Cilnb29nbGUubWFwcy5wbGFjZXMudjEuUGxhY2VzLlNlYXJjaE5lYXJieRACGAQgAA","google_icon_mask_base_uri":"https://maps.gstatic.com/mapfiles/place_api/icons/v2/restaurant_pinlet","google_icon_background_color":"#FF9E67","formatted_address":"3WH2+5GM, kenlibedSagada2619, Mountain Province, Philippines","business_status":"OPERATIONAL","rating":4.2,"user_rating_count":20,"barangay_slug":"demang","barangay_name":"Demang"},"geometry":{"type":"Point","coordinates":[120.9012936,17.0779562]}},{"type":"Feature","properties":{"name":"Happy House Restaurant","kind":"business","kind_label":"Business","source":"google_places","google_place_id":"ChIJ7a2RDzLTjzMRXnM1IuMl19Q","google_primary_type":"restaurant","google_primary_type_label":"Restaurant","google_types":["restaurant","food","point_of_interest","establishment"],"google_maps_uri":"https://maps.google.com/?cid=15336768713495245662&g_mp=Cilnb29nbGUubWFwcy5wbGFjZXMudjEuUGxhY2VzLlNlYXJjaE5lYXJieRACGAQgAA","google_icon_mask_base_uri":"https://maps.gstatic.com/mapfiles/place_api/icons/v2/restaurant_pinlet","google_icon_background_color":"#FF9E67","formatted_address":"3WH2+56H, Sagada, Mountain Province, Philippines","business_status":"OPERATIONAL","rating":3.6,"user_rating_count":83,"barangay_slug":"demang","barangay_name":"Demang"},"geometry":{"type":"Point","coordinates":[120.900604,17.0779452]}},{"type":"Feature","properties":{"name":"Jerin's Sewing Services","kind":"business","kind_label":"Business","source":"google_places","google_place_id":"ChIJCwxxEgDTjzMRsvWSf5pF-50","google_primary_type":"store","google_primary_type_label":"Store","google_types":["point_of_interest","store","establishment"],"google_maps_uri":"https://maps.google.com/?cid=11383769012976678322&g_mp=Cilnb29nbGUubWFwcy5wbGFjZXMudjEuUGxhY2VzLlNlYXJjaE5lYXJieRACGAQgAA","google_icon_mask_base_uri":"https://maps.gstatic.com/mapfiles/place_api/icons/v2/shopping_pinlet","google_icon_background_color":"#4B96F3","formatted_address":"South Rd, Demang, Sagada, 2619 Mountain Province, Philippines","business_status":"OPERATIONAL","rating":null,"user_rating_count":null,"barangay_slug":"demang","barangay_name":"Demang"},"geometry":{"type":"Point","coordinates":[120.89823450000002,17.0773919]}},{"type":"Feature","properties":{"name":"Lam's Tires & Auto Supplies","kind":"business","kind_label":"Business","source":"google_places","google_place_id":"ChIJ9XPJI1fTjzMR7D8uMDrVN-I","google_primary_type":"tire_shop","google_primary_type_label":"Tire Shop","google_types":["tire_shop","auto_parts_store","store","car_repair","service","point_of_interest","establishment"],"google_maps_uri":"https://maps.google.com/?cid=16300731822183956460&g_mp=Cilnb29nbGUubWFwcy5wbGFjZXMudjEuUGxhY2VzLlNlYXJjaE5lYXJieRACGAQgAA","google_icon_mask_base_uri":"https://maps.gstatic.com/mapfiles/place_api/icons/v2/shopping_pinlet","google_icon_background_color":"#4B96F3","formatted_address":"3WH2+38F, Sagada, Mountain Province, Philippines","business_status":"OPERATIONAL","rating":5,"user_rating_count":4,"barangay_slug":"demang","barangay_name":"Demang"},"geometry":{"type":"Point","coordinates":[120.9010357,17.0776185]}},{"type":"Feature","properties":{"name":"Piitik Wines","kind":"business","kind_label":"Business","source":"google_places","google_place_id":"ChIJce8p7y3TjzMR9ytqmUzblYc","google_primary_type":"wine_bar","google_primary_type_label":"Wine Bar","google_types":["wine_bar","bar","food","point_of_interest","establishment"],"google_maps_uri":"https://maps.google.com/?cid=9769956088688028663&g_mp=Cilnb29nbGUubWFwcy5wbGFjZXMudjEuUGxhY2VzLlNlYXJjaE5lYXJieRACGAQgAA","google_icon_mask_base_uri":"https://maps.gstatic.com/mapfiles/place_api/icons/v2/bar_pinlet","google_icon_background_color":"#FF9E67","formatted_address":"Dao-angan, Sagada, Mountain Province, Philippines","business_status":"OPERATIONAL","rating":4.8,"user_rating_count":140,"barangay_slug":"demang","barangay_name":"Demang"},"geometry":{"type":"Point","coordinates":[120.90067040000001,17.0791529]}},{"type":"Feature","properties":{"name":"Rockwall Inn And Restaurant","kind":"business","kind_label":"Business","source":"google_places","google_place_id":"ChIJP-CdIzLTjzMRc7e22cuwr0U","google_primary_type":"restaurant","google_primary_type_label":"Restaurant","google_types":["restaurant","food","point_of_interest","establishment"],"google_maps_uri":"https://maps.google.com/?cid=5021426499118872435&g_mp=Cilnb29nbGUubWFwcy5wbGFjZXMudjEuUGxhY2VzLlNlYXJjaE5lYXJieRACGAQgAA","google_icon_mask_base_uri":"https://maps.gstatic.com/mapfiles/place_api/icons/v2/restaurant_pinlet","google_icon_background_color":"#FF9E67","formatted_address":"3WG2+JC7, Sagada, Mountain Province, Philippines","business_status":"OPERATIONAL","rating":3.7,"user_rating_count":38,"barangay_slug":"demang","barangay_name":"Demang"},"geometry":{"type":"Point","coordinates":[120.90103160000001,17.0765463]}},{"type":"Feature","properties":{"name":"Sagada Brew","kind":"business","kind_label":"Business","source":"google_places","google_place_id":"ChIJtdg29C3TjzMRbO9yCvcZPRw","google_primary_type":"restaurant","google_primary_type_label":"Restaurant","google_types":["restaurant","food","point_of_interest","establishment"],"google_maps_uri":"https://maps.google.com/?cid=2034811155464253292&g_mp=Cilnb29nbGUubWFwcy5wbGFjZXMudjEuUGxhY2VzLlNlYXJjaE5lYXJieRACGAQgAA","google_icon_mask_base_uri":"https://maps.gstatic.com/mapfiles/place_api/icons/v2/restaurant_pinlet","google_icon_background_color":"#FF9E67","formatted_address":"3WH2+95J, Sagada, Mountain Province, Philippines","business_status":"OPERATIONAL","rating":3.8,"user_rating_count":604,"barangay_slug":"demang","barangay_name":"Demang"},"geometry":{"type":"Point","coordinates":[120.90039189999999,17.0784693]}},{"type":"Feature","properties":{"name":"Sagada Hub","kind":"business","kind_label":"Business","source":"google_places","google_place_id":"ChIJ-YufDzLTjzMRQvHpQGdmH6Q","google_primary_type":"restaurant","google_primary_type_label":"Restaurant","google_types":["restaurant","food","point_of_interest","establishment"],"google_maps_uri":"https://maps.google.com/?cid=11826283740154949954&g_mp=Cilnb29nbGUubWFwcy5wbGFjZXMudjEuUGxhY2VzLlNlYXJjaE5lYXJieRACGAQgAA","google_icon_mask_base_uri":"https://maps.gstatic.com/mapfiles/place_api/icons/v2/restaurant_pinlet","google_icon_background_color":"#FF9E67","formatted_address":"Sagada, 2619 Mountain Province, Philippines","business_status":"OPERATIONAL","rating":4.1,"user_rating_count":107,"barangay_slug":"demang","barangay_name":"Demang"},"geometry":{"type":"Point","coordinates":[120.90077889999999,17.077751799999998]}},{"type":"Feature","properties":{"name":"Sagada Lemon Pie House","kind":"business","kind_label":"Business","source":"google_places","google_place_id":"ChIJpcm_CzLTjzMRilkePHqozL4","google_primary_type":"restaurant","google_primary_type_label":"Restaurant","google_types":["restaurant","food","point_of_interest","establishment"],"google_maps_uri":"https://maps.google.com/?cid=13748549005403380106&g_mp=Cilnb29nbGUubWFwcy5wbGFjZXMudjEuUGxhY2VzLlNlYXJjaE5lYXJieRACGAQgAA","google_icon_mask_base_uri":"https://maps.gstatic.com/mapfiles/place_api/icons/v2/restaurant_pinlet","google_icon_background_color":"#FF9E67","formatted_address":"3WH2+45V, South Rd, Sagada, Mountain Province, Philippines","business_status":"OPERATIONAL","rating":4,"user_rating_count":867,"barangay_slug":"demang","barangay_name":"Demang"},"geometry":{"type":"Point","coordinates":[120.90042149999998,17.077871299999998]}},{"type":"Feature","properties":{"name":"Sagada Mountainside Handicrafts Manufacturing","kind":"business","kind_label":"Business","source":"google_places","google_place_id":"ChIJVS4N9C3TjzMRAiVXxbbJ6tQ","google_primary_type":"store","google_primary_type_label":"Store","google_types":["store","point_of_interest","establishment"],"google_maps_uri":"https://maps.google.com/?cid=15342296867423069442&g_mp=Cilnb29nbGUubWFwcy5wbGFjZXMudjEuUGxhY2VzLlNlYXJjaE5lYXJieRACGAQgAA","google_icon_mask_base_uri":"https://maps.gstatic.com/mapfiles/place_api/icons/v2/shopping_pinlet","google_icon_background_color":"#4B96F3","formatted_address":"Demang Rd, Sagada, Mountain Province, Philippines","business_status":"OPERATIONAL","rating":4.8,"user_rating_count":5,"barangay_slug":"demang","barangay_name":"Demang"},"geometry":{"type":"Point","coordinates":[120.89643149999999,17.077782]}},{"type":"Feature","properties":{"name":"T. Ave. Cafe","kind":"business","kind_label":"Business","source":"google_places","google_place_id":"ChIJBzlJBwDTjzMRG3YPj5MFTxg","google_primary_type":"brunch_restaurant","google_primary_type_label":"Brunch Restaurant","google_types":["brunch_restaurant","restaurant","food","point_of_interest","establishment"],"google_maps_uri":"https://maps.google.com/?cid=1751624911388898843&g_mp=Cilnb29nbGUubWFwcy5wbGFjZXMudjEuUGxhY2VzLlNlYXJjaE5lYXJieRACGAQgAA","google_icon_mask_base_uri":"https://maps.gstatic.com/mapfiles/place_api/icons/v2/restaurant_pinlet","google_icon_background_color":"#FF9E67","formatted_address":"3WH2+645, South Rd, Sagada, Mountain Province, Philippines","business_status":"OPERATIONAL","rating":3.9,"user_rating_count":79,"barangay_slug":"demang","barangay_name":"Demang"},"geometry":{"type":"Point","coordinates":[120.9004207,17.0780053]}},{"type":"Feature","properties":{"name":"Vincent's","kind":"business","kind_label":"Business","source":"google_places","google_place_id":"ChIJ1RmD74HTjzMRtu9vvIzEEl0","google_primary_type":"restaurant","google_primary_type_label":"Restaurant","google_types":["restaurant","food","point_of_interest","establishment"],"google_maps_uri":"https://maps.google.com/?cid=6706638903844007862&g_mp=Cilnb29nbGUubWFwcy5wbGFjZXMudjEuUGxhY2VzLlNlYXJjaE5lYXJieRACGAQgAA","google_icon_mask_base_uri":"https://maps.gstatic.com/mapfiles/place_api/icons/v2/restaurant_pinlet","google_icon_background_color":"#FF9E67","formatted_address":"3WH2+V48, Sagada, Mountain Province, Philippines","business_status":"OPERATIONAL","rating":4.6,"user_rating_count":113,"barangay_slug":"demang","barangay_name":"Demang"},"geometry":{"type":"Point","coordinates":[120.90048890000001,17.0795937]}},{"type":"Feature","properties":{"name":"Pikong","kind":"govt","kind_label":"Government","source":"google_places","google_place_id":"ChIJAyZTljLTjzMREksULHlPNZE","google_primary_type":"government_office","google_primary_type_label":"Government Office","google_types":["cultural_center","government_office","point_of_interest","service","establishment"],"google_maps_uri":"https://maps.google.com/?cid=10463356691114380050&g_mp=Cilnb29nbGUubWFwcy5wbGFjZXMudjEuUGxhY2VzLlNlYXJjaE5lYXJieRACGAQgAA","google_icon_mask_base_uri":"https://maps.gstatic.com/mapfiles/place_api/icons/v2/civic-bldg_pinlet","google_icon_background_color":"#7B9EB0","formatted_address":"3VHW+5W4, South Rd, Sagada, Mountain Province, Philippines","business_status":"OPERATIONAL","rating":null,"user_rating_count":null,"barangay_slug":"demang","barangay_name":"Demang"},"geometry":{"type":"Point","coordinates":[120.8973271,17.0778913]}},{"type":"Feature","properties":{"name":"Bayang Store","kind":"market","kind_label":"Market","source":"google_places","google_place_id":"ChIJe7tmhM0sjjMR-BeppaSrCDo","google_primary_type":"convenience_store","google_primary_type_label":"Convenience Store","google_types":["convenience_store","food_store","food","point_of_interest","store","establishment"],"google_maps_uri":"https://maps.google.com/?cid=4181780977655814136&g_mp=Cilnb29nbGUubWFwcy5wbGFjZXMudjEuUGxhY2VzLlNlYXJjaE5lYXJieRACGAQgAA","google_icon_mask_base_uri":"https://maps.gstatic.com/mapfiles/place_api/icons/v2/convenience_pinlet","google_icon_background_color":"#4B96F3","formatted_address":"3VGX+W22, South Rd, Sagada, Mountain Province, Philippines","business_status":"OPERATIONAL","rating":null,"user_rating_count":null,"barangay_slug":"demang","barangay_name":"Demang"},"geometry":{"type":"Point","coordinates":[120.89752089999999,17.0772513]}},{"type":"Feature","properties":{"name":"Coolyah Convenience Store","kind":"market","kind_label":"Market","source":"google_places","google_place_id":"ChIJtzlbGq3TjzMRXMgF2X7bZow","google_primary_type":"convenience_store","google_primary_type_label":"Convenience Store","google_types":["convenience_store","food_store","store","point_of_interest","food","establishment"],"google_maps_uri":"https://maps.google.com/?cid=10117014950787795036&g_mp=Cidnb29nbGUubWFwcy5wbGFjZXMudjEuUGxhY2VzLlNlYXJjaFRleHQQAhgEIAA","google_icon_mask_base_uri":"https://maps.gstatic.com/mapfiles/place_api/icons/v2/convenience_pinlet","google_icon_background_color":"#4B96F3","formatted_address":"Southroad Makingking, Brgy, Demang, Sagada, 2619 Mountain Province, Philippines","business_status":"OPERATIONAL","rating":null,"user_rating_count":null,"barangay_slug":"demang","barangay_name":"Demang"},"geometry":{"type":"Point","coordinates":[120.90104759999998,17.0771967]}},{"type":"Feature","properties":{"name":"D'DomaGaSan Coffee Bar","kind":"market","kind_label":"Market","source":"google_places","google_place_id":"ChIJj3PbNQDTjzMR0bVLIXykH2E","google_primary_type":"coffee_shop","google_primary_type_label":"Coffee Shop","google_types":["coffee_shop","cafe","food_store","store","food","point_of_interest","establishment"],"google_maps_uri":"https://maps.google.com/?cid=6998493198998549969&g_mp=Cilnb29nbGUubWFwcy5wbGFjZXMudjEuUGxhY2VzLlNlYXJjaE5lYXJieRACGAQgAA","google_icon_mask_base_uri":"https://maps.gstatic.com/mapfiles/place_api/icons/v2/cafe_pinlet","google_icon_background_color":"#FF9E67","formatted_address":"3WH2+38F, Sagada, Mountain Province, Philippines","business_status":"OPERATIONAL","rating":5,"user_rating_count":3,"barangay_slug":"demang","barangay_name":"Demang"},"geometry":{"type":"Point","coordinates":[120.90086480000001,17.0774079]}},{"type":"Feature","properties":{"name":"Dapliyan Coffee","kind":"market","kind_label":"Market","source":"google_places","google_place_id":"ChIJSTdFJdnTjzMRyzDTabl_1tU","google_primary_type":"coffee_shop","google_primary_type_label":"Coffee Shop","google_types":["coffee_shop","cafe","food_store","food","point_of_interest","store","establishment"],"google_maps_uri":"https://maps.google.com/?cid=15408643609415856331&g_mp=Cilnb29nbGUubWFwcy5wbGFjZXMudjEuUGxhY2VzLlNlYXJjaE5lYXJieRACGAQgAA","google_icon_mask_base_uri":"https://maps.gstatic.com/mapfiles/place_api/icons/v2/cafe_pinlet","google_icon_background_color":"#FF9E67","formatted_address":"3WG2+99C Making king, Demang, Sagada, Mountain Province, Philippines","business_status":"OPERATIONAL","rating":5,"user_rating_count":37,"barangay_slug":"demang","barangay_name":"Demang"},"geometry":{"type":"Point","coordinates":[120.90087679999999,17.075948]}},{"type":"Feature","properties":{"name":"Kadang Coffee Farms - Sagada Arabica Coffee","kind":"market","kind_label":"Market","source":"google_places","google_place_id":"ChIJtVzsq-TTjzMRMuoD_OiD7Lo","google_primary_type":"food_store","google_primary_type_label":"Food Store","google_types":["food_store","store","food","point_of_interest","establishment"],"google_maps_uri":"https://maps.google.com/?cid=13469285622242077234&g_mp=Cilnb29nbGUubWFwcy5wbGFjZXMudjEuUGxhY2VzLlNlYXJjaE5lYXJieRACGAQgAA","google_icon_mask_base_uri":"https://maps.gstatic.com/mapfiles/place_api/icons/v2/shopping_pinlet","google_icon_background_color":"#4B96F3","formatted_address":"Lokong, Demang, Sagada, 2619 Mountain Province, Philippines","business_status":"OPERATIONAL","rating":5,"user_rating_count":5,"barangay_slug":"demang","barangay_name":"Demang"},"geometry":{"type":"Point","coordinates":[120.8970168,17.076487699999998]}},{"type":"Feature","properties":{"name":"Mabalay Sari sari store","kind":"market","kind_label":"Market","source":"google_places","google_place_id":"ChIJh3COww3TjzMRL5EY37mtDPg","google_primary_type":"grocery_store","google_primary_type_label":"Grocery Store","google_types":["grocery_store","food_store","food","point_of_interest","store","establishment"],"google_maps_uri":"https://maps.google.com/?cid=17873852034950140207&g_mp=Cilnb29nbGUubWFwcy5wbGFjZXMudjEuUGxhY2VzLlNlYXJjaE5lYXJieRACGAQgAA","google_icon_mask_base_uri":"https://maps.gstatic.com/mapfiles/place_api/icons/v2/shoppingcart_pinlet","google_icon_background_color":"#4B96F3","formatted_address":"3VHX+JQF Poblacion, Demang, Sagada, Mountain Province, Philippines","business_status":"OPERATIONAL","rating":null,"user_rating_count":null,"barangay_slug":"demang","barangay_name":"Demang"},"geometry":{"type":"Point","coordinates":[120.89941180000001,17.0790592]}},{"type":"Feature","properties":{"name":"Sagada Homemade Whole Wheat Bread","kind":"market","kind_label":"Market","source":"google_places","google_place_id":"ChIJJYXGzAHTjzMRUj_jqfGJGb4","google_primary_type":"bakery","google_primary_type_label":"Bakery","google_types":["bakery","food_store","food","point_of_interest","store","establishment"],"google_maps_uri":"https://maps.google.com/?cid=13698131412654440274&g_mp=Cilnb29nbGUubWFwcy5wbGFjZXMudjEuUGxhY2VzLlNlYXJjaE5lYXJieRACGAQgAA","google_icon_mask_base_uri":"https://maps.gstatic.com/mapfiles/place_api/icons/v2/restaurant_pinlet","google_icon_background_color":"#FF9E67","formatted_address":"3WG2+XFP, Sagada, Mountain Province, Philippines","business_status":"OPERATIONAL","rating":4.5,"user_rating_count":59,"barangay_slug":"demang","barangay_name":"Demang"},"geometry":{"type":"Point","coordinates":[120.90119699999998,17.0774524]}},{"type":"Feature","properties":{"name":"AJjaa's Place","kind":"tourism","kind_label":"Tourism","source":"google_places","google_place_id":"ChIJ1_FObTLTjzMRx7cGM6unPc4","google_primary_type":"hotel","google_primary_type_label":"Hotel","google_types":["hotel","lodging","point_of_interest","establishment"],"google_maps_uri":"https://maps.google.com/?cid=14861218699129829319&g_mp=Cilnb29nbGUubWFwcy5wbGFjZXMudjEuUGxhY2VzLlNlYXJjaE5lYXJieRACGAQgAA","google_icon_mask_base_uri":"https://maps.gstatic.com/mapfiles/place_api/icons/v2/hotel_pinlet","google_icon_background_color":"#909CE1","formatted_address":"3WG2+X3M, Atey, Demang, Sagada, Mountain Province, Philippines","business_status":"OPERATIONAL","rating":4.1,"user_rating_count":32,"barangay_slug":"demang","barangay_name":"Demang"},"geometry":{"type":"Point","coordinates":[120.90003340000001,17.0775628]}},{"type":"Feature","properties":{"name":"Amlangan lodge","kind":"tourism","kind_label":"Tourism","source":"google_places","google_place_id":"ChIJp793OvXTjzMRQQZXs40XCzU","google_primary_type":"lodging","google_primary_type_label":"Lodging","google_types":["lodging","hotel","point_of_interest","establishment"],"google_maps_uri":"https://maps.google.com/?cid=3822174606120650305&g_mp=Cilnb29nbGUubWFwcy5wbGFjZXMudjEuUGxhY2VzLlNlYXJjaE5lYXJieRACGAQgAA","google_icon_mask_base_uri":"https://maps.gstatic.com/mapfiles/place_api/icons/v2/hotel_pinlet","google_icon_background_color":"#909CE1","formatted_address":"Kenlibed, Demang, Sagada, 2619 Mountain Province, Philippines","business_status":"OPERATIONAL","rating":4.5,"user_rating_count":75,"barangay_slug":"demang","barangay_name":"Demang"},"geometry":{"type":"Point","coordinates":[120.90141829999999,17.077360799999997]}},{"type":"Feature","properties":{"name":"Beit Tefillah Prayer House","kind":"tourism","kind_label":"Tourism","source":"google_places","google_place_id":"ChIJC7ynwDLTjzMRSSeHUar1Yes","google_primary_type":"hotel","google_primary_type_label":"Hotel","google_types":["hotel","lodging","point_of_interest","establishment"],"google_maps_uri":"https://maps.google.com/?cid=16961107783515055945&g_mp=Cilnb29nbGUubWFwcy5wbGFjZXMudjEuUGxhY2VzLlNlYXJjaE5lYXJieRACGAQgAA","google_icon_mask_base_uri":"https://maps.gstatic.com/mapfiles/place_api/icons/v2/hotel_pinlet","google_icon_background_color":"#909CE1","formatted_address":"3VGW+XQW, Sagada, Mountain Province, Philippines","business_status":"OPERATIONAL","rating":null,"user_rating_count":null,"barangay_slug":"demang","barangay_name":"Demang"},"geometry":{"type":"Point","coordinates":[120.8969527,17.0774915]}},{"type":"Feature","properties":{"name":"Biags Foot Homestay","kind":"tourism","kind_label":"Tourism","source":"google_places","google_place_id":"ChIJHYC42VvTjzMREG0aPXhtu4A","google_primary_type":"private_guest_room","google_primary_type_label":"Homestay","google_types":["private_guest_room","lodging","point_of_interest","establishment"],"google_maps_uri":"https://maps.google.com/?cid=9276128220688313616&g_mp=Cilnb29nbGUubWFwcy5wbGFjZXMudjEuUGxhY2VzLlNlYXJjaE5lYXJieRACGAQgAA","google_icon_mask_base_uri":"https://maps.gstatic.com/mapfiles/place_api/icons/v2/hotel_pinlet","google_icon_background_color":"#909CE1","formatted_address":"3VGX+MHH, Demang, Sagada, Mountain Province, Philippines","business_status":"OPERATIONAL","rating":5,"user_rating_count":1,"barangay_slug":"demang","barangay_name":"Demang"},"geometry":{"type":"Point","coordinates":[120.89898629999999,17.0766815]}},{"type":"Feature","properties":{"name":"Capuyan Homestay","kind":"tourism","kind_label":"Tourism","source":"google_places","google_place_id":"ChIJNTk0mv7TjzMRubgvABeb0vI","google_primary_type":"hotel","google_primary_type_label":"Hotel","google_types":["hotel","lodging","point_of_interest","establishment"],"google_maps_uri":"https://maps.google.com/?cid=17497218025377478841&g_mp=Cilnb29nbGUubWFwcy5wbGFjZXMudjEuUGxhY2VzLlNlYXJjaE5lYXJieRACGAQgAA","google_icon_mask_base_uri":"https://maps.gstatic.com/mapfiles/place_api/icons/v2/hotel_pinlet","google_icon_background_color":"#909CE1","formatted_address":"3VHX+5Q3, Sagada, Mountain Province, Philippines","business_status":"OPERATIONAL","rating":5,"user_rating_count":1,"barangay_slug":"demang","barangay_name":"Demang"},"geometry":{"type":"Point","coordinates":[120.8994203,17.0778779]}},{"type":"Feature","properties":{"name":"Dal & Cunn Homestay","kind":"tourism","kind_label":"Tourism","source":"google_places","google_place_id":"ChIJE9UlbADTjzMRH_WG_NBonJ0","google_primary_type":"private_guest_room","google_primary_type_label":"Homestay","google_types":["private_guest_room","lodging","point_of_interest","establishment"],"google_maps_uri":"https://maps.google.com/?cid=11357067607120737567&g_mp=Cilnb29nbGUubWFwcy5wbGFjZXMudjEuUGxhY2VzLlNlYXJjaE5lYXJieRACGAQgAA","google_icon_mask_base_uri":"https://maps.gstatic.com/mapfiles/place_api/icons/v2/hotel_pinlet","google_icon_background_color":"#909CE1","formatted_address":"Sagada, Mountain Province, Philippines","business_status":"OPERATIONAL","rating":5,"user_rating_count":1,"barangay_slug":"demang","barangay_name":"Demang"},"geometry":{"type":"Point","coordinates":[120.8980363,17.0761817]}},{"type":"Feature","properties":{"name":"Domanog's Homestay","kind":"tourism","kind_label":"Tourism","source":"google_places","google_place_id":"ChIJmYQ7x4_TjzMRtDrIzs6F1Ks","google_primary_type":"hotel","google_primary_type_label":"Hotel","google_types":["hotel","lodging","point_of_interest","establishment"],"google_maps_uri":"https://maps.google.com/?cid=12381668398827322036&g_mp=Cilnb29nbGUubWFwcy5wbGFjZXMudjEuUGxhY2VzLlNlYXJjaE5lYXJieRACGAQgAA","google_icon_mask_base_uri":"https://maps.gstatic.com/mapfiles/place_api/icons/v2/hotel_pinlet","google_icon_background_color":"#909CE1","formatted_address":"3VGX+PCQ, Sagada, Mountain Province, Philippines","business_status":"OPERATIONAL","rating":4.5,"user_rating_count":2,"barangay_slug":"demang","barangay_name":"Demang"},"geometry":{"type":"Point","coordinates":[120.8983076,17.0762616]}},{"type":"Feature","properties":{"name":"Ebay's Guesthouse","kind":"tourism","kind_label":"Tourism","source":"google_places","google_place_id":"ChIJuydYFVXTjzMRSpfrBt7J4Bc","google_primary_type":"hotel","google_primary_type_label":"Hotel","google_types":["hotel","lodging","point_of_interest","establishment"],"google_maps_uri":"https://maps.google.com/?cid=1720597013091555146&g_mp=Cilnb29nbGUubWFwcy5wbGFjZXMudjEuUGxhY2VzLlNlYXJjaE5lYXJieRACGAQgAA","google_icon_mask_base_uri":"https://maps.gstatic.com/mapfiles/place_api/icons/v2/hotel_pinlet","google_icon_background_color":"#909CE1","formatted_address":"Dantay - Sagada Rd, Sagada, 2619 Mountain Province, Philippines","business_status":"OPERATIONAL","rating":4.5,"user_rating_count":26,"barangay_slug":"demang","barangay_name":"Demang"},"geometry":{"type":"Point","coordinates":[120.90091369999999,17.075941999999998]}},{"type":"Feature","properties":{"name":"Gueya's Homestay","kind":"tourism","kind_label":"Tourism","source":"google_places","google_place_id":"ChIJ6wX_D8XTjzMRU3_nRGZHvcU","google_primary_type":"hotel","google_primary_type_label":"Hotel","google_types":["hotel","lodging","point_of_interest","establishment"],"google_maps_uri":"https://maps.google.com/?cid=14248623300638375763&g_mp=Cilnb29nbGUubWFwcy5wbGFjZXMudjEuUGxhY2VzLlNlYXJjaE5lYXJieRACGAQgAA","google_icon_mask_base_uri":"https://maps.gstatic.com/mapfiles/place_api/icons/v2/hotel_pinlet","google_icon_background_color":"#909CE1","formatted_address":"3VHX+4R2, Sagada, Mountain Province, Philippines","business_status":"OPERATIONAL","rating":5,"user_rating_count":4,"barangay_slug":"demang","barangay_name":"Demang"},"geometry":{"type":"Point","coordinates":[120.89950630000001,17.0777508]}},{"type":"Feature","properties":{"name":"Hundred Miles","kind":"tourism","kind_label":"Tourism","source":"google_places","google_place_id":"ChIJjSjUr9_TjzMRcGglSYwXnp8","google_primary_type":"private_guest_room","google_primary_type_label":"Homestay","google_types":["private_guest_room","lodging","point_of_interest","establishment"],"google_maps_uri":"https://maps.google.com/?cid=11501656389640874096&g_mp=Cidnb29nbGUubWFwcy5wbGFjZXMudjEuUGxhY2VzLlNlYXJjaFRleHQQAhgEIAA","google_icon_mask_base_uri":"https://maps.gstatic.com/mapfiles/place_api/icons/v2/hotel_pinlet","google_icon_background_color":"#909CE1","formatted_address":"Kinlebed, Sagada, Mountain Province, Philippines","business_status":"OPERATIONAL","rating":4.9,"user_rating_count":8,"barangay_slug":"demang","barangay_name":"Demang"},"geometry":{"type":"Point","coordinates":[120.9012121,17.0777963]}},{"type":"Feature","properties":{"name":"Inandako's BnB","kind":"tourism","kind_label":"Tourism","source":"google_places","google_place_id":"ChIJa9zM3y3TjzMRiaro_X7p-Pw","google_primary_type":"bed_and_breakfast","google_primary_type_label":"Bed & Breakfast","google_types":["bed_and_breakfast","lodging","point_of_interest","establishment"],"google_maps_uri":"https://maps.google.com/?cid=18228576223417117321&g_mp=Cilnb29nbGUubWFwcy5wbGFjZXMudjEuUGxhY2VzLlNlYXJjaE5lYXJieRACGAQgAA","google_icon_mask_base_uri":"https://maps.gstatic.com/mapfiles/place_api/icons/v2/hotel_pinlet","google_icon_background_color":"#909CE1","formatted_address":"Kenlibed, Dagdag, Sagada, 2619 Mountain Province, Philippines","business_status":"OPERATIONAL","rating":4.6,"user_rating_count":72,"barangay_slug":"demang","barangay_name":"Demang"},"geometry":{"type":"Point","coordinates":[120.901855,17.0789322]}},{"type":"Feature","properties":{"name":"Joy Sean Transient House","kind":"tourism","kind_label":"Tourism","source":"google_places","google_place_id":"ChIJV3rPWf_TjzMRW5uh3j_LxMA","google_primary_type":"private_guest_room","google_primary_type_label":"Homestay","google_types":["private_guest_room","lodging","point_of_interest","establishment"],"google_maps_uri":"https://maps.google.com/?cid=13890450625895963483&g_mp=Cidnb29nbGUubWFwcy5wbGFjZXMudjEuUGxhY2VzLlNlYXJjaFRleHQQAhgEIAA","google_icon_mask_base_uri":"https://maps.gstatic.com/mapfiles/place_api/icons/v2/hotel_pinlet","google_icon_background_color":"#909CE1","formatted_address":"Sagada, Mountain Province, Philippines","business_status":"OPERATIONAL","rating":4.8,"user_rating_count":5,"barangay_slug":"demang","barangay_name":"Demang"},"geometry":{"type":"Point","coordinates":[120.89989810000002,17.079602599999998]}},{"type":"Feature","properties":{"name":"Kanip-aw Pines Lodge","kind":"tourism","kind_label":"Tourism","source":"google_places","google_place_id":"ChIJhdVmDzLTjzMRkZanxBXQYWU","google_primary_type":"bed_and_breakfast","google_primary_type_label":"Bed & Breakfast","google_types":["bed_and_breakfast","lodging","point_of_interest","establishment"],"google_maps_uri":"https://maps.google.com/?cid=7305348862483863185&g_mp=Cilnb29nbGUubWFwcy5wbGFjZXMudjEuUGxhY2VzLlNlYXJjaE5lYXJieRACGAQgAA","google_icon_mask_base_uri":"https://maps.gstatic.com/mapfiles/place_api/icons/v2/hotel_pinlet","google_icon_background_color":"#909CE1","formatted_address":"Kinlibed, 3WG2+VJ3, Sagada, Lalawigang Bulubundukin, Philippines","business_status":"OPERATIONAL","rating":4.4,"user_rating_count":206,"barangay_slug":"demang","barangay_name":"Demang"},"geometry":{"type":"Point","coordinates":[120.9015335,17.0771332]}},{"type":"Feature","properties":{"name":"Kenlibed Inn","kind":"tourism","kind_label":"Tourism","source":"google_places","google_place_id":"ChIJgWXmHDLTjzMR9Ji1GItMDbU","google_primary_type":"inn","google_primary_type_label":"Inn","google_types":["inn","lodging","point_of_interest","establishment"],"google_maps_uri":"https://maps.google.com/?cid=13046167855860914420&g_mp=Cilnb29nbGUubWFwcy5wbGFjZXMudjEuUGxhY2VzLlNlYXJjaE5lYXJieRACGAQgAA","google_icon_mask_base_uri":"https://maps.gstatic.com/mapfiles/place_api/icons/v2/hotel_pinlet","google_icon_background_color":"#909CE1","formatted_address":"3WH2+6P7, Kinlibed, Sagada, Mountain Province, Philippines","business_status":"OPERATIONAL","rating":4.3,"user_rating_count":81,"barangay_slug":"demang","barangay_name":"Demang"},"geometry":{"type":"Point","coordinates":[120.9017827,17.0780286]}},{"type":"Feature","properties":{"name":"MAS INS Homestay","kind":"tourism","kind_label":"Tourism","source":"google_places","google_place_id":"ChIJj7cmrTPTjzMRcmQYGbYy05U","google_primary_type":"hotel","google_primary_type_label":"Hotel","google_types":["hotel","lodging","point_of_interest","establishment"],"google_maps_uri":"https://maps.google.com/?cid=10796028489423676530&g_mp=Cilnb29nbGUubWFwcy5wbGFjZXMudjEuUGxhY2VzLlNlYXJjaE5lYXJieRACGAQgAA","google_icon_mask_base_uri":"https://maps.gstatic.com/mapfiles/place_api/icons/v2/hotel_pinlet","google_icon_background_color":"#909CE1","formatted_address":"Sagada, Mountain Province, Philippines","business_status":"OPERATIONAL","rating":4.8,"user_rating_count":5,"barangay_slug":"demang","barangay_name":"Demang"},"geometry":{"type":"Point","coordinates":[120.8992343,17.0758977]}},{"type":"Feature","properties":{"name":"Nuestra Hogar Lodge","kind":"tourism","kind_label":"Tourism","source":"google_places","google_place_id":"ChIJAdA7QUjTjzMRgmzlnGVePsM","google_primary_type":"hotel","google_primary_type_label":"Hotel","google_types":["hotel","lodging","point_of_interest","establishment"],"google_maps_uri":"https://maps.google.com/?cid=14068786076468997250&g_mp=Cilnb29nbGUubWFwcy5wbGFjZXMudjEuUGxhY2VzLlNlYXJjaE5lYXJieRACGAQgAA","google_icon_mask_base_uri":"https://maps.gstatic.com/mapfiles/place_api/icons/v2/hotel_pinlet","google_icon_background_color":"#909CE1","formatted_address":"South Road Makingking, 3VGW+PJF, Sagada, 2619 Mountain Province, Philippines","business_status":"OPERATIONAL","rating":5,"user_rating_count":1,"barangay_slug":"demang","barangay_name":"Demang"},"geometry":{"type":"Point","coordinates":[120.8965329,17.0768242]}},{"type":"Feature","properties":{"name":"RoofTop Unit - Indigenous Inn - Entire Place","kind":"tourism","kind_label":"Tourism","source":"google_places","google_place_id":"ChIJU1JVVcwsjjMRYqyJP9r5TKU","google_primary_type":"lodging","google_primary_type_label":"Lodging","google_types":["lodging","point_of_interest","establishment"],"google_maps_uri":"https://maps.google.com/?cid=11911169830252293218&g_mp=Cilnb29nbGUubWFwcy5wbGFjZXMudjEuUGxhY2VzLlNlYXJjaE5lYXJieRACGAQgAA","google_icon_mask_base_uri":"https://maps.gstatic.com/mapfiles/place_api/icons/v2/hotel_pinlet","google_icon_background_color":"#909CE1","formatted_address":"Sagada, Mountain Province, Philippines","business_status":"OPERATIONAL","rating":null,"user_rating_count":null,"barangay_slug":"demang","barangay_name":"Demang"},"geometry":{"type":"Point","coordinates":[120.89295200000001,17.076852799999998]}},{"type":"Feature","properties":{"name":"Sagada Haven","kind":"tourism","kind_label":"Tourism","source":"google_places","google_place_id":"ChIJSda-x_3TjzMR5SBwqi1Z8l0","google_primary_type":"hotel","google_primary_type_label":"Hotel","google_types":["hotel","lodging","point_of_interest","establishment"],"google_maps_uri":"https://maps.google.com/?cid=6769571242559152357&g_mp=Cilnb29nbGUubWFwcy5wbGFjZXMudjEuUGxhY2VzLlNlYXJjaE5lYXJieRACGAQgAA","google_icon_mask_base_uri":"https://maps.gstatic.com/mapfiles/place_api/icons/v2/hotel_pinlet","google_icon_background_color":"#909CE1","formatted_address":"3VHX+H9W, Sagada, Mountain Province, Philippines","business_status":"OPERATIONAL","rating":5,"user_rating_count":1,"barangay_slug":"demang","barangay_name":"Demang"},"geometry":{"type":"Point","coordinates":[120.8984558,17.078999]}},{"type":"Feature","properties":{"name":"Sagada Lodging Home","kind":"tourism","kind_label":"Tourism","source":"google_places","google_place_id":"ChIJM6GQypjTjzMRe1l4DXyCl-k","google_primary_type":"lodging","google_primary_type_label":"Lodging","google_types":["lodging","point_of_interest","establishment"],"google_maps_uri":"https://maps.google.com/?cid=16832065601634064763&g_mp=Cilnb29nbGUubWFwcy5wbGFjZXMudjEuUGxhY2VzLlNlYXJjaE5lYXJieRACGAQgAA","google_icon_mask_base_uri":"https://maps.gstatic.com/mapfiles/place_api/icons/v2/hotel_pinlet","google_icon_background_color":"#909CE1","formatted_address":"South Rd, Sagada, 2619 Mountain Province, Philippines","business_status":"OPERATIONAL","rating":4.7,"user_rating_count":26,"barangay_slug":"demang","barangay_name":"Demang"},"geometry":{"type":"Point","coordinates":[120.90107300000001,17.0777946]}},{"type":"Feature","properties":{"name":"Shamrock Tavern","kind":"tourism","kind_label":"Tourism","source":"google_places","google_place_id":"ChIJI9v_GDLTjzMRFClGUgxOJl0","google_primary_type":"inn","google_primary_type_label":"Inn","google_types":["inn","bed_and_breakfast","hotel","lodging","point_of_interest","establishment"],"google_maps_uri":"https://maps.google.com/?cid=6712138109469206804&g_mp=Cilnb29nbGUubWFwcy5wbGFjZXMudjEuUGxhY2VzLlNlYXJjaE5lYXJieRACGAQgAA","google_icon_mask_base_uri":"https://maps.gstatic.com/mapfiles/place_api/icons/v2/hotel_pinlet","google_icon_background_color":"#909CE1","formatted_address":"Sagada, Mountain Province, Philippines","business_status":"OPERATIONAL","rating":4.4,"user_rating_count":188,"barangay_slug":"demang","barangay_name":"Demang"},"geometry":{"type":"Point","coordinates":[120.9010509,17.0770537]}},{"type":"Feature","properties":{"name":"Church of St. Simon Peter","kind":"worship","kind_label":"Worship","source":"google_places","google_place_id":"ChIJlSJikDLTjzMRCIxDjTLA9nM","google_primary_type":"church","google_primary_type_label":"Church","google_types":["church","place_of_worship","association_or_organization","point_of_interest","establishment"],"google_maps_uri":"https://maps.google.com/?cid=8356077481983446024&g_mp=Cilnb29nbGUubWFwcy5wbGFjZXMudjEuUGxhY2VzLlNlYXJjaE5lYXJieRACGAQgAA","google_icon_mask_base_uri":"https://maps.gstatic.com/mapfiles/place_api/icons/v2/worship_christian_pinlet","google_icon_background_color":"#7B9EB0","formatted_address":"3VHW+4V5, Sagada, 2619 Mountain Province, Philippines","business_status":"OPERATIONAL","rating":3,"user_rating_count":3,"barangay_slug":"demang","barangay_name":"Demang"},"geometry":{"type":"Point","coordinates":[120.8972421,17.077757599999998]}},{"type":"Feature","properties":{"name":"Kingdom Hall of Jehovah’s Witnesses","kind":"worship","kind_label":"Worship","source":"google_places","google_place_id":"ChIJuTcaZjLTjzMRf_H3cbuTz6Q","google_primary_type":"church","google_primary_type_label":"Church","google_types":["church","place_of_worship","association_or_organization","point_of_interest","establishment"],"google_maps_uri":"https://maps.google.com/?cid=11875873175679529343&g_mp=Cilnb29nbGUubWFwcy5wbGFjZXMudjEuUGxhY2VzLlNlYXJjaE5lYXJieRACGAQgAA","google_icon_mask_base_uri":"https://maps.gstatic.com/mapfiles/place_api/icons/v2/worship_christian_pinlet","google_icon_background_color":"#7B9EB0","formatted_address":"3VGX+WQV, Sagada, Mountain Province, Philippines","business_status":"OPERATIONAL","rating":5,"user_rating_count":2,"barangay_slug":"demang","barangay_name":"Demang"},"geometry":{"type":"Point","coordinates":[120.89942449999998,17.0773747]}},{"type":"Feature","properties":{"name":"Promised Land Bible Baptist Church","kind":"worship","kind_label":"Worship","source":"google_places","google_place_id":"ChIJZxZoLhzTjzMRo8D7uniEYrc","google_primary_type":"church","google_primary_type_label":"Church","google_types":["church","place_of_worship","association_or_organization","point_of_interest","establishment"],"google_maps_uri":"https://maps.google.com/?cid=13214269910726459555&g_mp=Cilnb29nbGUubWFwcy5wbGFjZXMudjEuUGxhY2VzLlNlYXJjaE5lYXJieRACGAQgAA","google_icon_mask_base_uri":"https://maps.gstatic.com/mapfiles/place_api/icons/v2/worship_christian_pinlet","google_icon_background_color":"#7B9EB0","formatted_address":"3WH2+M4X, South Rd, Sagada, Mountain Province, Philippines","business_status":"OPERATIONAL","rating":3,"user_rating_count":1,"barangay_slug":"demang","barangay_name":"Demang"},"geometry":{"type":"Point","coordinates":[120.90036860000001,17.0792304]}},{"type":"Feature","properties":{"name":"Armada Bakaan Restaurant","kind":"business","kind_label":"Business","source":"google_places","google_place_id":"ChIJCZC_bcLTjzMRIXt8kpahZdk","google_primary_type":"restaurant","google_primary_type_label":"Restaurant","google_types":["restaurant","food","point_of_interest","establishment"],"google_maps_uri":"https://maps.google.com/?cid=15665104546952936225&g_mp=Cilnb29nbGUubWFwcy5wbGFjZXMudjEuUGxhY2VzLlNlYXJjaE5lYXJieRACGAQgAA","google_icon_mask_base_uri":"https://maps.gstatic.com/mapfiles/place_api/icons/v2/restaurant_pinlet","google_icon_background_color":"#FF9E67","formatted_address":"4VFX+M5P, Sagada, Mountain Province, Philippines","business_status":"OPERATIONAL","rating":null,"user_rating_count":null,"barangay_slug":"fedilisan","barangay_name":"Fedilisan"},"geometry":{"type":"Point","coordinates":[120.8979498,17.124219699999998]}},{"type":"Feature","properties":{"name":"Fidelisan Barangay Hall","kind":"govt","kind_label":"Government","source":"google_places","google_place_id":"ChIJ3_tE8qzSjzMR6okAEGFPDNA","google_primary_type":"community_center","google_primary_type_label":"Community Center","google_types":["community_center","event_venue","local_government_office","government_office","service","point_of_interest","establishment"],"google_maps_uri":"https://maps.google.com/?cid=14991444537908431338&g_mp=Cilnb29nbGUubWFwcy5wbGFjZXMudjEuUGxhY2VzLlNlYXJjaE5lYXJieRACGAQgAA","google_icon_mask_base_uri":"https://maps.gstatic.com/mapfiles/place_api/icons/v2/generic_pinlet","google_icon_background_color":"#7B9EB0","formatted_address":"4VFX+V77, Kiltepen Trail, Sagada, Mountain Province, Philippines","business_status":"OPERATIONAL","rating":5,"user_rating_count":3,"barangay_slug":"fedilisan","barangay_name":"Fedilisan"},"geometry":{"type":"Point","coordinates":[120.8981627,17.1246705]}},{"type":"Feature","properties":{"name":"Bomod-ok Falls","kind":"tourism","kind_label":"Tourism","source":"google_places","google_place_id":"ChIJg3hE21XNjzMRNsyyxAOjjT8","google_primary_type":"tourist_attraction","google_primary_type_label":"Tourist Attraction","google_types":["tourist_attraction","point_of_interest","establishment"],"google_maps_uri":"https://maps.google.com/?cid=4579495632685943862&g_mp=Cilnb29nbGUubWFwcy5wbGFjZXMudjEuUGxhY2VzLlNlYXJjaE5lYXJieRACGAQgAA","google_icon_mask_base_uri":"https://maps.gstatic.com/mapfiles/place_api/icons/v2/generic_pinlet","google_icon_background_color":"#13B5C7","formatted_address":"4WJ2+WFF, Aguid-Pide-FidelisanTrail, Sagada, 2619 Mountain Province, Philippines","business_status":"OPERATIONAL","rating":4.7,"user_rating_count":448,"barangay_slug":"fedilisan","barangay_name":"Fedilisan"},"geometry":{"type":"Point","coordinates":[120.90116009999998,17.1323067]}},{"type":"Feature","properties":{"name":"Bros Inasal Sagada Mountain Province (Bro's Inasal Sagada Mountain Province)","kind":"business","kind_label":"Business","source":"google_places","google_place_id":"ChIJuQY-XQDTjzMRRGcr1AvUqNM","google_primary_type":"restaurant","google_primary_type_label":"Restaurant","google_types":["restaurant","food","point_of_interest","establishment"],"google_maps_uri":"https://maps.google.com/?cid=15251673285359527748&g_mp=Cilnb29nbGUubWFwcy5wbGFjZXMudjEuUGxhY2VzLlNlYXJjaE5lYXJieRACGAQgAA","google_icon_mask_base_uri":"https://maps.gstatic.com/mapfiles/place_api/icons/v2/restaurant_pinlet","google_icon_background_color":"#FF9E67","formatted_address":"3WPC+FC, Sagada, Mountain Province, Philippines","business_status":"OPERATIONAL","rating":3.2,"user_rating_count":22,"barangay_slug":"kilong","barangay_name":"Kilong"},"geometry":{"type":"Point","coordinates":[120.92112329999999,17.086206699999998]}},{"type":"Feature","properties":{"name":"Cafeteria libu-o","kind":"business","kind_label":"Business","source":"google_places","google_place_id":"ChIJt-SAvY7TjzMRdpxd0HKzRzE","google_primary_type":"restaurant","google_primary_type_label":"Restaurant","google_types":["restaurant","point_of_interest","food","establishment"],"google_maps_uri":"https://maps.google.com/?cid=3551004136908364918&g_mp=Cilnb29nbGUubWFwcy5wbGFjZXMudjEuUGxhY2VzLlNlYXJjaE5lYXJieRACGAQgAA","google_icon_mask_base_uri":"https://maps.gstatic.com/mapfiles/place_api/icons/v2/restaurant_pinlet","google_icon_background_color":"#FF9E67","formatted_address":"Philippines, Mountain Province, Sagada, Am-Ampuwan","business_status":"OPERATIONAL","rating":5,"user_rating_count":7,"barangay_slug":"kilong","barangay_name":"Kilong"},"geometry":{"type":"Point","coordinates":[120.91679610000001,17.084812499999998]}},{"type":"Feature","properties":{"name":"Ganduyan Inatep Cafe","kind":"business","kind_label":"Business","source":"google_places","google_place_id":"ChIJxQIWPODSjzMRtXIS0y8PrU0","google_primary_type":"cafe","google_primary_type_label":"Cafe","google_types":["cafe","point_of_interest","food","establishment"],"google_maps_uri":"https://maps.google.com/?cid=5597146609970475701&g_mp=Cilnb29nbGUubWFwcy5wbGFjZXMudjEuUGxhY2VzLlNlYXJjaE5lYXJieRACGAQgAA","google_icon_mask_base_uri":"https://maps.gstatic.com/mapfiles/place_api/icons/v2/cafe_pinlet","google_icon_background_color":"#FF9E67","formatted_address":"17.085830,120, 917005, Sagada, Lalawigang Bulubundukin, Philippines","business_status":"OPERATIONAL","rating":4.5,"user_rating_count":66,"barangay_slug":"kilong","barangay_name":"Kilong"},"geometry":{"type":"Point","coordinates":[120.91821759999999,17.0860806]}},{"type":"Feature","properties":{"name":"Ginuwine Tagpuan","kind":"business","kind_label":"Business","source":"google_places","google_place_id":"ChIJE8M5or_TjzMRYtfcW5AljKA","google_primary_type":"restaurant","google_primary_type_label":"Restaurant","google_types":["restaurant","point_of_interest","food","establishment"],"google_maps_uri":"https://maps.google.com/?cid=11568662844754679650&g_mp=Cilnb29nbGUubWFwcy5wbGFjZXMudjEuUGxhY2VzLlNlYXJjaE5lYXJieRACGAQgAA","google_icon_mask_base_uri":"https://maps.gstatic.com/mapfiles/place_api/icons/v2/restaurant_pinlet","google_icon_background_color":"#FF9E67","formatted_address":"Kiltepan Road, Sagada, Mountain Province, Philippines","business_status":"CLOSED_TEMPORARILY","rating":5,"user_rating_count":4,"barangay_slug":"kilong","barangay_name":"Kilong"},"geometry":{"type":"Point","coordinates":[120.91562289999999,17.088947]}},{"type":"Feature","properties":{"name":"Greenlite Driving School","kind":"business","kind_label":"Business","source":"google_places","google_place_id":"ChIJvRAxaWrTjzMRcAgsMlJ1Mgk","google_primary_type":"educational_institution","google_primary_type_label":"Educational Institution","google_types":["educational_institution","point_of_interest","establishment"],"google_maps_uri":"https://maps.google.com/?cid=662721091066398832&g_mp=Cidnb29nbGUubWFwcy5wbGFjZXMudjEuUGxhY2VzLlNlYXJjaFRleHQQAhgEIAA","google_icon_mask_base_uri":"https://maps.gstatic.com/mapfiles/place_api/icons/v2/school_pinlet","google_icon_background_color":"#7B9EB0","formatted_address":"17.085830,120, 917005, Sagada, Mountain Province, Philippines","business_status":"OPERATIONAL","rating":null,"user_rating_count":null,"barangay_slug":"kilong","barangay_name":"Kilong"},"geometry":{"type":"Point","coordinates":[120.9171212,17.0865612]}},{"type":"Feature","properties":{"name":"Isang wow cafe by the clouds","kind":"business","kind_label":"Business","source":"google_places","google_place_id":"ChIJu048Mk_TjzMRTAZ3ogO8HAA","google_primary_type":"cafe","google_primary_type_label":"Cafe","google_types":["cafe","food","point_of_interest","establishment"],"google_maps_uri":"https://maps.google.com/?cid=8088023144531532&g_mp=Cilnb29nbGUubWFwcy5wbGFjZXMudjEuUGxhY2VzLlNlYXJjaE5lYXJieRACGAQgAA","google_icon_mask_base_uri":"https://maps.gstatic.com/mapfiles/place_api/icons/v2/cafe_pinlet","google_icon_background_color":"#FF9E67","formatted_address":"3WPC+CFP, Ampanga Heights, Sagada, Mountain Province, Philippines","business_status":"OPERATIONAL","rating":4.4,"user_rating_count":336,"barangay_slug":"kilong","barangay_name":"Kilong"},"geometry":{"type":"Point","coordinates":[120.92119690000001,17.0860915]}},{"type":"Feature","properties":{"name":"Kal-e Vulcanizing Shop","kind":"business","kind_label":"Business","source":"google_places","google_place_id":"ChIJeUt39MjTjzMRkNGNBmjlBG4","google_primary_type":"car_repair","google_primary_type_label":"Car repair and maintenance service","google_types":["car_repair","service","point_of_interest","establishment"],"google_maps_uri":"https://maps.google.com/?cid=7927713479028232592&g_mp=Cidnb29nbGUubWFwcy5wbGFjZXMudjEuUGxhY2VzLlNlYXJjaFRleHQQAhgEIAA","google_icon_mask_base_uri":"https://maps.gstatic.com/mapfiles/place_api/icons/v2/generic_pinlet","google_icon_background_color":"#7B9EB0","formatted_address":"3WMF+C9J, Staunton Rd, Sagada, Mountain Province, Philippines","business_status":"OPERATIONAL","rating":4.5,"user_rating_count":2,"barangay_slug":"kilong","barangay_name":"Kilong"},"geometry":{"type":"Point","coordinates":[120.92340300000001,17.083595199999998]}},{"type":"Feature","properties":{"name":"Kumbasa noodle house","kind":"business","kind_label":"Business","source":"google_places","google_place_id":"ChIJ67_MhI7TjzMRT-PcWDMx94Y","google_primary_type":"restaurant","google_primary_type_label":"Restaurant","google_types":["restaurant","point_of_interest","food","establishment"],"google_maps_uri":"https://maps.google.com/?cid=9725296016933839695&g_mp=Cilnb29nbGUubWFwcy5wbGFjZXMudjEuUGxhY2VzLlNlYXJjaE5lYXJieRACGAQgAA","google_icon_mask_base_uri":"https://maps.gstatic.com/mapfiles/place_api/icons/v2/restaurant_pinlet","google_icon_background_color":"#FF9E67","formatted_address":"kilong, sagada, Kiltepan Road, Sagada, 2619 Mountain Province, Philippines","business_status":"OPERATIONAL","rating":5,"user_rating_count":1,"barangay_slug":"kilong","barangay_name":"Kilong"},"geometry":{"type":"Point","coordinates":[120.9156603,17.0895264]}},{"type":"Feature","properties":{"name":"Mukbang odeng","kind":"business","kind_label":"Business","source":"google_places","google_place_id":"ChIJx3ie5GnTjzMRbFtEVLHn3j4","google_primary_type":"restaurant","google_primary_type_label":"Restaurant","google_types":["restaurant","point_of_interest","food","establishment"],"google_maps_uri":"https://maps.google.com/?cid=4530313023990291308&g_mp=Cilnb29nbGUubWFwcy5wbGFjZXMudjEuUGxhY2VzLlNlYXJjaE5lYXJieRACGAQgAA","google_icon_mask_base_uri":"https://maps.gstatic.com/mapfiles/place_api/icons/v2/restaurant_pinlet","google_icon_background_color":"#FF9E67","formatted_address":"Philippines, Mountain Province, Sagada, 필리핀","business_status":"OPERATIONAL","rating":5,"user_rating_count":4,"barangay_slug":"kilong","barangay_name":"Kilong"},"geometry":{"type":"Point","coordinates":[120.9167705,17.0846743]}},{"type":"Feature","properties":{"name":"Pitch Pine Studios","kind":"business","kind_label":"Business","source":"google_places","google_place_id":"ChIJi-cQPSLTjzMRQIWAOtlcPmk","google_primary_type":"store","google_primary_type_label":"Store","google_types":["point_of_interest","store","establishment"],"google_maps_uri":"https://maps.google.com/?cid=7583600910597653824&g_mp=Cilnb29nbGUubWFwcy5wbGFjZXMudjEuUGxhY2VzLlNlYXJjaE5lYXJieRACGAQgAA","google_icon_mask_base_uri":"https://maps.gstatic.com/mapfiles/place_api/icons/v2/shopping_pinlet","google_icon_background_color":"#4B96F3","formatted_address":"Batalaw, Sagada, 2619 Mountain Province, Philippines","business_status":"OPERATIONAL","rating":null,"user_rating_count":null,"barangay_slug":"kilong","barangay_name":"Kilong"},"geometry":{"type":"Point","coordinates":[120.91578919999999,17.086147399999998]}},{"type":"Feature","properties":{"name":"Can-A-Biscuit","kind":"market","kind_label":"Market","source":"google_places","google_place_id":"ChIJ7Q91V8IjCE8RjwJgsfFsANw","google_primary_type":"bakery","google_primary_type_label":"Bakery","google_types":["bakery","confectionery","food_store","store","point_of_interest","food","establishment"],"google_maps_uri":"https://maps.google.com/?cid=15852790473662923407&g_mp=Cilnb29nbGUubWFwcy5wbGFjZXMudjEuUGxhY2VzLlNlYXJjaE5lYXJieRACGAQgAA","google_icon_mask_base_uri":"https://maps.gstatic.com/mapfiles/place_api/icons/v2/restaurant_pinlet","google_icon_background_color":"#FF9E67","formatted_address":"3WQ8+F33, Sagada, 2619 Mountain Province, Philippines","business_status":"OPERATIONAL","rating":null,"user_rating_count":null,"barangay_slug":"kilong","barangay_name":"Kilong"},"geometry":{"type":"Point","coordinates":[120.91518339999999,17.0886259]}},{"type":"Feature","properties":{"name":"Payanggat Agricultural Farm","kind":"market","kind_label":"Market","source":"google_places","google_place_id":"ChIJjyJAFgDTjzMRC4H86zaQ6cM","google_primary_type":"food_store","google_primary_type_label":"Food Store","google_types":["food_store","food","point_of_interest","store","establishment"],"google_maps_uri":"https://maps.google.com/?cid=14116973072531357963&g_mp=Cilnb29nbGUubWFwcy5wbGFjZXMudjEuUGxhY2VzLlNlYXJjaE5lYXJieRACGAQgAA","google_icon_mask_base_uri":"https://maps.gstatic.com/mapfiles/place_api/icons/v2/shopping_pinlet","google_icon_background_color":"#4B96F3","formatted_address":"3WQ8+G97 Baang Kilong, Sagada, Mountain Province, Philippines","business_status":"OPERATIONAL","rating":null,"user_rating_count":null,"barangay_slug":"kilong","barangay_name":"Kilong"},"geometry":{"type":"Point","coordinates":[120.91591310000001,17.0887895]}},{"type":"Feature","properties":{"name":"ROADSIDE STORE","kind":"market","kind_label":"Market","source":"google_places","google_place_id":"ChIJC2mXFB7TjzMRE8mo1Q_MuCo","google_primary_type":"grocery_store","google_primary_type_label":"Grocery Store","google_types":["grocery_store","food_store","food","point_of_interest","store","establishment"],"google_maps_uri":"https://maps.google.com/?cid=3078434713688918291&g_mp=Cilnb29nbGUubWFwcy5wbGFjZXMudjEuUGxhY2VzLlNlYXJjaE5lYXJieRACGAQgAA","google_icon_mask_base_uri":"https://maps.gstatic.com/mapfiles/place_api/icons/v2/shoppingcart_pinlet","google_icon_background_color":"#4B96F3","formatted_address":"Sagada, Mountain Province, Philippines","business_status":"OPERATIONAL","rating":null,"user_rating_count":null,"barangay_slug":"kilong","barangay_name":"Kilong"},"geometry":{"type":"Point","coordinates":[120.92339700000001,17.0836792]}},{"type":"Feature","properties":{"name":"Aniduwan Lodge Sagada","kind":"tourism","kind_label":"Tourism","source":"google_places","google_place_id":"ChIJ30Ltst7SjzMRFmjogeR2DPc","google_primary_type":"lodging","google_primary_type_label":"Lodging","google_types":["hotel","lodging","point_of_interest","establishment"],"google_maps_uri":"https://maps.google.com/?cid=17801734150892840982&g_mp=Cilnb29nbGUubWFwcy5wbGFjZXMudjEuUGxhY2VzLlNlYXJjaE5lYXJieRACGAQgAA","google_icon_mask_base_uri":"https://maps.gstatic.com/mapfiles/place_api/icons/v2/hotel_pinlet","google_icon_background_color":"#909CE1","formatted_address":"Sagada, Mountain Province, Philippines","business_status":"OPERATIONAL","rating":4.7,"user_rating_count":28,"barangay_slug":"kilong","barangay_name":"Kilong"},"geometry":{"type":"Point","coordinates":[120.91054989999999,17.0922303]}},{"type":"Feature","properties":{"name":"Big Dipper Homestay","kind":"tourism","kind_label":"Tourism","source":"google_places","google_place_id":"ChIJ0RdwOCbTjzMR3AZoE1sfi1s","google_primary_type":"private_guest_room","google_primary_type_label":"Homestay","google_types":["private_guest_room","lodging","point_of_interest","establishment"],"google_maps_uri":"https://maps.google.com/?cid=6596400555242292956&g_mp=Cilnb29nbGUubWFwcy5wbGFjZXMudjEuUGxhY2VzLlNlYXJjaE5lYXJieRACGAQgAA","google_icon_mask_base_uri":"https://maps.gstatic.com/mapfiles/place_api/icons/v2/hotel_pinlet","google_icon_background_color":"#909CE1","formatted_address":"Staunton Rd, Sagada, 2619 Mountain Province, Philippines","business_status":"OPERATIONAL","rating":4.2,"user_rating_count":19,"barangay_slug":"kilong","barangay_name":"Kilong"},"geometry":{"type":"Point","coordinates":[120.9087442,17.0840124]}},{"type":"Feature","properties":{"name":"Eastern Sagada Transient House","kind":"tourism","kind_label":"Tourism","source":"google_places","google_place_id":"ChIJXZMRKdzTjzMRWn9I9zMDYHg","google_primary_type":"private_guest_room","google_primary_type_label":"Homestay","google_types":["private_guest_room","lodging","point_of_interest","establishment"],"google_maps_uri":"https://maps.google.com/?cid=8673936404042514266&g_mp=Cilnb29nbGUubWFwcy5wbGFjZXMudjEuUGxhY2VzLlNlYXJjaE5lYXJieRACGAQgAA","google_icon_mask_base_uri":"https://maps.gstatic.com/mapfiles/place_api/icons/v2/hotel_pinlet","google_icon_background_color":"#909CE1","formatted_address":"3WP9+8FH, Sagada, Mountain Province, Philippines","business_status":"OPERATIONAL","rating":4.7,"user_rating_count":11,"barangay_slug":"kilong","barangay_name":"Kilong"},"geometry":{"type":"Point","coordinates":[120.9187265,17.085813299999998]}},{"type":"Feature","properties":{"name":"Frederick Soria","kind":"tourism","kind_label":"Tourism","source":"google_places","google_place_id":"ChIJQaJ8jnLTjzMRXw7e76nIR5o","google_primary_type":"lodging","google_primary_type_label":"Lodging","google_types":["lodging","point_of_interest","establishment"],"google_maps_uri":"https://maps.google.com/?cid=11117074837386694239&g_mp=Cilnb29nbGUubWFwcy5wbGFjZXMudjEuUGxhY2VzLlNlYXJjaE5lYXJieRACGAQgAA","google_icon_mask_base_uri":"https://maps.gstatic.com/mapfiles/place_api/icons/v2/hotel_pinlet","google_icon_background_color":"#909CE1","formatted_address":"3WRF+67G, Sagada, Mountain Province, Philippines","business_status":"OPERATIONAL","rating":4,"user_rating_count":1,"barangay_slug":"kilong","barangay_name":"Kilong"},"geometry":{"type":"Point","coordinates":[120.92321079999999,17.0905739]}},{"type":"Feature","properties":{"name":"Jean Guesthouse","kind":"tourism","kind_label":"Tourism","source":"google_places","google_place_id":"ChIJSdS6pwrTjzMR37Uut9lNBBo","google_primary_type":"guest_house","google_primary_type_label":"Guest House","google_types":["guest_house","lodging","point_of_interest","establishment"],"google_maps_uri":"https://maps.google.com/?cid=1874708942369502687&g_mp=Cilnb29nbGUubWFwcy5wbGFjZXMudjEuUGxhY2VzLlNlYXJjaE5lYXJieRACGAQgAA","google_icon_mask_base_uri":"https://maps.gstatic.com/mapfiles/place_api/icons/v2/hotel_pinlet","google_icon_background_color":"#909CE1","formatted_address":"3WMF+J44, Staunton Rd, Sagada, Mountain Province, Philippines","business_status":"OPERATIONAL","rating":null,"user_rating_count":null,"barangay_slug":"kilong","barangay_name":"Kilong"},"geometry":{"type":"Point","coordinates":[120.9228217,17.084020499999998]}},{"type":"Feature","properties":{"name":"Kilong Primary School Basketball Court","kind":"tourism","kind_label":"Tourism","source":"google_places","google_place_id":"ChIJVXAftObSjzMRNjFG5RY0I2Y","google_primary_type":"athletic_field","google_primary_type_label":"Athletic Field","google_types":["athletic_field","sports_activity_location","point_of_interest","establishment"],"google_maps_uri":"https://maps.google.com/?cid=7359783488994029878&g_mp=Cilnb29nbGUubWFwcy5wbGFjZXMudjEuUGxhY2VzLlNlYXJjaE5lYXJieRACGAQgAA","google_icon_mask_base_uri":"https://maps.gstatic.com/mapfiles/place_api/icons/v2/generic_pinlet","google_icon_background_color":"#7B9EB0","formatted_address":"3WRF+58X, Road, Sagada, Mountain Province, Philippines","business_status":"OPERATIONAL","rating":5,"user_rating_count":1,"barangay_slug":"kilong","barangay_name":"Kilong"},"geometry":{"type":"Point","coordinates":[120.9233594,17.0904858]}},{"type":"Feature","properties":{"name":"Kiltepan Campsite","kind":"tourism","kind_label":"Tourism","source":"google_places","google_place_id":"ChIJ_3y31rDTjzMRtrcv4pAdRqk","google_primary_type":"campground","google_primary_type_label":"Campground","google_types":["campground","lodging","point_of_interest","establishment"],"google_maps_uri":"https://maps.google.com/?cid=12197469148886841270&g_mp=Cilnb29nbGUubWFwcy5wbGFjZXMudjEuUGxhY2VzLlNlYXJjaE5lYXJieRACGAQgAA","google_icon_mask_base_uri":"https://maps.gstatic.com/mapfiles/place_api/icons/v2/camping_pinlet","google_icon_background_color":"#4DB546","formatted_address":"3WR7+X9P, Kilong, Sagada, Mountain Province, Philippines","business_status":"OPERATIONAL","rating":3.5,"user_rating_count":2,"barangay_slug":"kilong","barangay_name":"Kilong"},"geometry":{"type":"Point","coordinates":[120.913453,17.0924698]}},{"type":"Feature","properties":{"name":"Kiltepan View","kind":"tourism","kind_label":"Tourism","source":"google_places","google_place_id":"ChIJrxZ6PdzSjzMRX2M4EIY35vQ","google_primary_type":"tourist_attraction","google_primary_type_label":"Tourist Attraction","google_types":["tourist_attraction","point_of_interest","establishment"],"google_maps_uri":"https://maps.google.com/?cid=17646853238835143519&g_mp=Cilnb29nbGUubWFwcy5wbGFjZXMudjEuUGxhY2VzLlNlYXJjaE5lYXJieRACGAQgAA","google_icon_mask_base_uri":"https://maps.gstatic.com/mapfiles/place_api/icons/v2/generic_pinlet","google_icon_background_color":"#13B5C7","formatted_address":"Kiltepan Road, Sagada, 2619 Mountain Province, Philippines","business_status":"CLOSED_TEMPORARILY","rating":4.5,"user_rating_count":659,"barangay_slug":"kilong","barangay_name":"Kilong"},"geometry":{"type":"Point","coordinates":[120.9135092,17.093892399999998]}},{"type":"Feature","properties":{"name":"Lolo Dad's Cabin","kind":"tourism","kind_label":"Tourism","source":"google_places","google_place_id":"ChIJbY1s7sXTjzMRxJUVrAEH1Xo","google_primary_type":"camping_cabin","google_primary_type_label":"Camping cabin","google_types":["camping_cabin","lodging","point_of_interest","establishment"],"google_maps_uri":"https://maps.google.com/?cid=8850988346430035396&g_mp=Cilnb29nbGUubWFwcy5wbGFjZXMudjEuUGxhY2VzLlNlYXJjaE5lYXJieRACGAQgAA","google_icon_mask_base_uri":"https://maps.gstatic.com/mapfiles/place_api/icons/v2/hotel_pinlet","google_icon_background_color":"#909CE1","formatted_address":"3WQ8+H3J, Kiltepan Road, Sagada, Mountain Province, Philippines","business_status":"OPERATIONAL","rating":5,"user_rating_count":2,"barangay_slug":"kilong","barangay_name":"Kilong"},"geometry":{"type":"Point","coordinates":[120.9151488,17.0889719]}},{"type":"Feature","properties":{"name":"Pandey Lodge","kind":"tourism","kind_label":"Tourism","source":"google_places","google_place_id":"ChIJOZxEewDTjzMRharlQcSXzHc","google_primary_type":"private_guest_room","google_primary_type_label":"Homestay","google_types":["private_guest_room","bed_and_breakfast","lodging","point_of_interest","establishment"],"google_maps_uri":"https://maps.google.com/?cid=8632441454937352837&g_mp=Cilnb29nbGUubWFwcy5wbGFjZXMudjEuUGxhY2VzLlNlYXJjaE5lYXJieRACGAQgAA","google_icon_mask_base_uri":"https://maps.gstatic.com/mapfiles/place_api/icons/v2/hotel_pinlet","google_icon_background_color":"#909CE1","formatted_address":"Staunton Rd, Sagada, 2619 Mountain Province, Philippines","business_status":"OPERATIONAL","rating":5,"user_rating_count":2,"barangay_slug":"kilong","barangay_name":"Kilong"},"geometry":{"type":"Point","coordinates":[120.9187785,17.0862651]}},{"type":"Feature","properties":{"name":"Pandey Lodge - Sagada","kind":"tourism","kind_label":"Tourism","source":"google_places","google_place_id":"ChIJ-ZxW1cvTjzMR7ryIPPY7j40","google_primary_type":"inn","google_primary_type_label":"Inn","google_types":["inn","lodging","point_of_interest","establishment"],"google_maps_uri":"https://maps.google.com/?cid=10200437609781050606&g_mp=Cilnb29nbGUubWFwcy5wbGFjZXMudjEuUGxhY2VzLlNlYXJjaE5lYXJieRACGAQgAA","google_icon_mask_base_uri":"https://maps.gstatic.com/mapfiles/place_api/icons/v2/hotel_pinlet","google_icon_background_color":"#909CE1","formatted_address":"Sagada, 2619 Mountain Province, Philippines","business_status":"OPERATIONAL","rating":5,"user_rating_count":2,"barangay_slug":"kilong","barangay_name":"Kilong"},"geometry":{"type":"Point","coordinates":[120.91878739999999,17.0862011]}},{"type":"Feature","properties":{"name":"Pilgrim's Haven","kind":"tourism","kind_label":"Tourism","source":"google_places","google_place_id":"ChIJGWtuK37TjzMRM6cW0BboaBM","google_primary_type":"inn","google_primary_type_label":"Inn","google_types":["inn","lodging","point_of_interest","establishment"],"google_maps_uri":"https://maps.google.com/?cid=1398622868976609075&g_mp=Cilnb29nbGUubWFwcy5wbGFjZXMudjEuUGxhY2VzLlNlYXJjaE5lYXJieRACGAQgAA","google_icon_mask_base_uri":"https://maps.gstatic.com/mapfiles/place_api/icons/v2/hotel_pinlet","google_icon_background_color":"#909CE1","formatted_address":"3WQ5+JPM Mapya-aw, Staunton Rd, Sagada, Mountain Province, Philippines","business_status":"OPERATIONAL","rating":4.6,"user_rating_count":24,"barangay_slug":"kilong","barangay_name":"Kilong"},"geometry":{"type":"Point","coordinates":[120.90929609999999,17.0890782]}},{"type":"Feature","properties":{"name":"RedDoorz @ Sagada Sunrise View Homestay","kind":"tourism","kind_label":"Tourism","source":"google_places","google_place_id":"ChIJFc8hPB7TjzMRNrp3HH3HQkM","google_primary_type":"hotel","google_primary_type_label":"Hotel","google_types":["hotel","lodging","point_of_interest","establishment"],"google_maps_uri":"https://maps.google.com/?cid=4846655489166522934&g_mp=Cilnb29nbGUubWFwcy5wbGFjZXMudjEuUGxhY2VzLlNlYXJjaE5lYXJieRACGAQgAA","google_icon_mask_base_uri":"https://maps.gstatic.com/mapfiles/place_api/icons/v2/hotel_pinlet","google_icon_background_color":"#909CE1","formatted_address":"Staunton Rd, Sagada, Mountain Province, Philippines","business_status":"OPERATIONAL","rating":4.2,"user_rating_count":182,"barangay_slug":"kilong","barangay_name":"Kilong"},"geometry":{"type":"Point","coordinates":[120.91955829999999,17.086495700000004]}},{"type":"Feature","properties":{"name":"Sagada Campfire","kind":"tourism","kind_label":"Tourism","source":"google_places","google_place_id":"ChIJJYpQenzTjzMRF8ddY64peLg","google_primary_type":"campground","google_primary_type_label":"Campground","google_types":["campground","lodging","point_of_interest","establishment"],"google_maps_uri":"https://maps.google.com/?cid=13292420129152157463&g_mp=Cilnb29nbGUubWFwcy5wbGFjZXMudjEuUGxhY2VzLlNlYXJjaE5lYXJieRACGAQgAA","google_icon_mask_base_uri":"https://maps.gstatic.com/mapfiles/place_api/icons/v2/camping_pinlet","google_icon_background_color":"#4DB546","formatted_address":"3WQ8+QCH Near, Kilong, Sagada, Mountain Province, Philippines","business_status":"OPERATIONAL","rating":null,"user_rating_count":null,"barangay_slug":"kilong","barangay_name":"Kilong"},"geometry":{"type":"Point","coordinates":[120.9161193,17.0894481]}},{"type":"Feature","properties":{"name":"Sagada Half Tunnel","kind":"tourism","kind_label":"Tourism","source":"google_places","google_place_id":"ChIJpxjSOADTjzMRDrGEefKkIKc","google_primary_type":"tourist_attraction","google_primary_type_label":"Tourist Attraction","google_types":["tourist_attraction","point_of_interest","establishment"],"google_maps_uri":"https://maps.google.com/?cid=12042806764916486414&g_mp=Cilnb29nbGUubWFwcy5wbGFjZXMudjEuUGxhY2VzLlNlYXJjaE5lYXJieRACGAQgAA","google_icon_mask_base_uri":"https://maps.gstatic.com/mapfiles/place_api/icons/v2/generic_pinlet","google_icon_background_color":"#13B5C7","formatted_address":"3WPC+FC, Sagada, Mountain Province, Philippines","business_status":"OPERATIONAL","rating":null,"user_rating_count":null,"barangay_slug":"kilong","barangay_name":"Kilong"},"geometry":{"type":"Point","coordinates":[120.92145029999999,17.0856066]}},{"type":"Feature","properties":{"name":"Sagada Transient House","kind":"tourism","kind_label":"Tourism","source":"google_places","google_place_id":"ChIJCZQt8qXTjzMRHvsyIa4Egh4","google_primary_type":"private_guest_room","google_primary_type_label":"Homestay","google_types":["private_guest_room","lodging","point_of_interest","establishment"],"google_maps_uri":"https://maps.google.com/?cid=2198324714038033182&g_mp=Cilnb29nbGUubWFwcy5wbGFjZXMudjEuUGxhY2VzLlNlYXJjaE5lYXJieRACGAQgAA","google_icon_mask_base_uri":"https://maps.gstatic.com/mapfiles/place_api/icons/v2/hotel_pinlet","google_icon_background_color":"#909CE1","formatted_address":"3WP8+HMJ, Sagada, Mountain Province, Philippines","business_status":"OPERATIONAL","rating":4.8,"user_rating_count":5,"barangay_slug":"kilong","barangay_name":"Kilong"},"geometry":{"type":"Point","coordinates":[120.9166406,17.0864625]}},{"type":"Feature","properties":{"name":"The Lalouette Inn","kind":"tourism","kind_label":"Tourism","source":"google_places","google_place_id":"ChIJJ2E6NcrTjzMR7q54-Kd7h60","google_primary_type":"hotel","google_primary_type_label":"Hotel","google_types":["hotel","lodging","point_of_interest","establishment"],"google_maps_uri":"https://maps.google.com/?cid=12504098851775885038&g_mp=Cilnb29nbGUubWFwcy5wbGFjZXMudjEuUGxhY2VzLlNlYXJjaE5lYXJieRACGAQgAA","google_icon_mask_base_uri":"https://maps.gstatic.com/mapfiles/place_api/icons/v2/hotel_pinlet","google_icon_background_color":"#909CE1","formatted_address":"17.085830, 120, 917005, Sagada, Mountain Province, Philippines","business_status":"OPERATIONAL","rating":4.7,"user_rating_count":45,"barangay_slug":"kilong","barangay_name":"Kilong"},"geometry":{"type":"Point","coordinates":[120.9164081,17.0858101]}},{"type":"Feature","properties":{"name":"The Sagada Hotel","kind":"tourism","kind_label":"Tourism","source":"google_places","google_place_id":"ChIJmUW1JgnTjzMR59oqd_z_iyc","google_primary_type":"hotel","google_primary_type_label":"Hotel","google_types":["hotel","lodging","point_of_interest","establishment"],"google_maps_uri":"https://maps.google.com/?cid=2849652649038109415&g_mp=Cilnb29nbGUubWFwcy5wbGFjZXMudjEuUGxhY2VzLlNlYXJjaE5lYXJieRACGAQgAA","google_icon_mask_base_uri":"https://maps.gstatic.com/mapfiles/place_api/icons/v2/hotel_pinlet","google_icon_background_color":"#909CE1","formatted_address":"Rev, Mabbay, Staunton Rd, Sagada, 2619 Mountain Province, Philippines","business_status":"OPERATIONAL","rating":4.3,"user_rating_count":9,"barangay_slug":"kilong","barangay_name":"Kilong"},"geometry":{"type":"Point","coordinates":[120.90960229999999,17.0832537]}},{"type":"Feature","properties":{"name":"Mini Gas Station","kind":"transport","kind_label":"Transport","source":"google_places","google_place_id":"ChIJ5Yp-JQDTjzMR7ktuB7IONR8","google_primary_type":"gas_station","google_primary_type_label":"Gas Station","google_types":["gas_station","point_of_interest","service","establishment"],"google_maps_uri":"https://maps.google.com/?cid=2248719746733067246&g_mp=Cilnb29nbGUubWFwcy5wbGFjZXMudjEuUGxhY2VzLlNlYXJjaE5lYXJieRACGAQgAA","google_icon_mask_base_uri":"https://maps.gstatic.com/mapfiles/place_api/icons/v2/gas_pinlet","google_icon_background_color":"#909CE1","formatted_address":"17.085830, 120, 917005, Sagada, Mountain Province, Philippines","business_status":"OPERATIONAL","rating":4,"user_rating_count":1,"barangay_slug":"kilong","barangay_name":"Kilong"},"geometry":{"type":"Point","coordinates":[120.91653600000001,17.086019000000004]}},{"type":"Feature","properties":{"name":"Petron","kind":"transport","kind_label":"Transport","source":"google_places","google_place_id":"ChIJp-DajiDTjzMR0CgKv3YCMmw","google_primary_type":"gas_station","google_primary_type_label":"Gas Station","google_types":["gas_station","point_of_interest","service","establishment"],"google_maps_uri":"https://maps.google.com/?cid=7796296613966260432&g_mp=Cilnb29nbGUubWFwcy5wbGFjZXMudjEuUGxhY2VzLlNlYXJjaE5lYXJieRACGAQgAA","google_icon_mask_base_uri":"https://maps.gstatic.com/mapfiles/place_api/icons/v2/gas_pinlet","google_icon_background_color":"#909CE1","formatted_address":"3WP8+65Q, Staunton Rd, Sagada, 2619 Mountain Province, Philippines","business_status":"OPERATIONAL","rating":4.3,"user_rating_count":50,"barangay_slug":"kilong","barangay_name":"Kilong"},"geometry":{"type":"Point","coordinates":[120.91547030000001,17.0855985]}},{"type":"Feature","properties":{"name":"Saint Joseph Church","kind":"worship","kind_label":"Worship","source":"google_places","google_place_id":"ChIJcVPoTeHSjzMRx9go2nQPPb8","google_primary_type":"church","google_primary_type_label":"Church","google_types":["church","place_of_worship","association_or_organization","point_of_interest","establishment"],"google_maps_uri":"https://maps.google.com/?cid=13780187429374318791&g_mp=Cilnb29nbGUubWFwcy5wbGFjZXMudjEuUGxhY2VzLlNlYXJjaE5lYXJieRACGAQgAA","google_icon_mask_base_uri":"https://maps.gstatic.com/mapfiles/place_api/icons/v2/worship_christian_pinlet","google_icon_background_color":"#7B9EB0","formatted_address":"Kilong Road, Road, Sagada, Mountain Province, Philippines","business_status":"OPERATIONAL","rating":4.4,"user_rating_count":13,"barangay_slug":"kilong","barangay_name":"Kilong"},"geometry":{"type":"Point","coordinates":[120.9238819,17.089469599999997]}},{"type":"Feature","properties":{"name":"Iglesia Ni Cristo [Mountain Province] - Madongo GWS","kind":"business","kind_label":"Business","source":"google_places","google_place_id":"ChIJWWkYRQDTjzMRKabaU3hCJ4c","google_primary_type":"place_of_worship","google_primary_type_label":"Place of Worship","google_types":["place_of_worship","association_or_organization","point_of_interest","establishment"],"google_maps_uri":"https://maps.google.com/?cid=9738825803782333993&g_mp=Cidnb29nbGUubWFwcy5wbGFjZXMudjEuUGxhY2VzLlNlYXJjaFRleHQQAhgEIAA","google_icon_mask_base_uri":"https://maps.gstatic.com/mapfiles/place_api/icons/v2/generic_pinlet","google_icon_background_color":"#7B9EB0","formatted_address":"4W52+H6M, Sagada, 2619 Mountain Province, Philippines","business_status":"OPERATIONAL","rating":5,"user_rating_count":2,"barangay_slug":"madongo","barangay_name":"Madongo"},"geometry":{"type":"Point","coordinates":[120.90119000000001,17.108296]}},{"type":"Feature","properties":{"name":"Madongo","kind":"business","kind_label":"Business","source":"google_places","google_place_id":"ChIJhbAcEEotjjMRY7jWh_hbKpk","google_primary_type":null,"google_primary_type_label":null,"google_types":["sublocality_level_2","sublocality","political"],"google_maps_uri":"https://maps.google.com/?cid=11036734959813834851&g_mp=Cidnb29nbGUubWFwcy5wbGFjZXMudjEuUGxhY2VzLlNlYXJjaFRleHQQAhgEIAA","google_icon_mask_base_uri":"https://maps.gstatic.com/mapfiles/place_api/icons/v2/generic_pinlet","google_icon_background_color":"#7B9EB0","formatted_address":"Madongo, Sagada, Mountain Province, Philippines","business_status":null,"rating":null,"user_rating_count":null,"barangay_slug":"madongo","barangay_name":"Madongo"},"geometry":{"type":"Point","coordinates":[120.89295410000001,17.1137145]}},{"type":"Feature","properties":{"name":"Madongo Multipurpose Cooperative ( Mamulco)","kind":"business","kind_label":"Business","source":"google_places","google_place_id":"ChIJvSFM7rXSjzMRQqpCAoJQpf0","google_primary_type":"bank","google_primary_type_label":"Bank","google_types":["bank","finance","point_of_interest","establishment"],"google_maps_uri":"https://maps.google.com/?cid=18277103182066920002&g_mp=Cilnb29nbGUubWFwcy5wbGFjZXMudjEuUGxhY2VzLlNlYXJjaE5lYXJieRACGAQgAA","google_icon_mask_base_uri":"https://maps.gstatic.com/mapfiles/place_api/icons/v2/bank-intl_pinlet","google_icon_background_color":"#909CE1","formatted_address":"4W62+67C, Sagada, 2619 Mountain Province, Philippines","business_status":"OPERATIONAL","rating":null,"user_rating_count":null,"barangay_slug":"madongo","barangay_name":"Madongo"},"geometry":{"type":"Point","coordinates":[120.900646,17.1105537]}},{"type":"Feature","properties":{"name":"Madongo Birthing Clinic & Barangay Health Center ‐ Mcp","kind":"clinic","kind_label":"Clinic","source":"google_places","google_place_id":"ChIJpepDEcrSjzMRcKzwPnQWssQ","google_primary_type":"doctor","google_primary_type_label":"Doctor","google_types":["doctor","health","point_of_interest","establishment"],"google_maps_uri":"https://maps.google.com/?cid=14173415665816349808&g_mp=Cilnb29nbGUubWFwcy5wbGFjZXMudjEuUGxhY2VzLlNlYXJjaE5lYXJieRACGAQgAA","google_icon_mask_base_uri":"https://maps.gstatic.com/mapfiles/place_api/icons/v2/generic_pinlet","google_icon_background_color":"#7B9EB0","formatted_address":"National Road, Madongo, 4W52+H6M, Sagada, 2619 Mountain Province, Philippines","business_status":"OPERATIONAL","rating":null,"user_rating_count":null,"barangay_slug":"madongo","barangay_name":"Madongo"},"geometry":{"type":"Point","coordinates":[120.9005391,17.1089604]}},{"type":"Feature","properties":{"name":"Madongo Barangay Hall","kind":"govt","kind_label":"Government","source":"google_places","google_place_id":"ChIJKQ2VAMrSjzMRBUPgvMYrczE","google_primary_type":"community_center","google_primary_type_label":"Community Center","google_types":["community_center","city_hall","event_venue","local_government_office","government_office","service","point_of_interest","establishment"],"google_maps_uri":"https://maps.google.com/?cid=3563239862752527109&g_mp=Cilnb29nbGUubWFwcy5wbGFjZXMudjEuUGxhY2VzLlNlYXJjaE5lYXJieRACGAQgAA","google_icon_mask_base_uri":"https://maps.gstatic.com/mapfiles/place_api/icons/v2/generic_pinlet","google_icon_background_color":"#7B9EB0","formatted_address":"4W52+RFF, Bangaan Rd, Sagada, Mountain Province, Philippines","business_status":"OPERATIONAL","rating":4,"user_rating_count":2,"barangay_slug":"madongo","barangay_name":"Madongo"},"geometry":{"type":"Point","coordinates":[120.90118310000001,17.1095526]}},{"type":"Feature","properties":{"name":"Pandayan","kind":"market","kind_label":"Market","source":"google_places","google_place_id":"ChIJbf5PoZfTjzMREB8Ui36qx2I","google_primary_type":"food_store","google_primary_type_label":"Food Store","google_types":["food_store","food","point_of_interest","store","establishment"],"google_maps_uri":"https://maps.google.com/?cid=7117845196558311184&g_mp=Cilnb29nbGUubWFwcy5wbGFjZXMudjEuUGxhY2VzLlNlYXJjaE5lYXJieRACGAQgAA","google_icon_mask_base_uri":"https://maps.gstatic.com/mapfiles/place_api/icons/v2/shopping_pinlet","google_icon_background_color":"#4B96F3","formatted_address":"Anga ang, Madongo, Sagada, 2619 Mountain Province, Philippines","business_status":"OPERATIONAL","rating":5,"user_rating_count":1,"barangay_slug":"madongo","barangay_name":"Madongo"},"geometry":{"type":"Point","coordinates":[120.89976399999999,17.113532199999998]}},{"type":"Feature","properties":{"name":"A-Seven House Sagada Quiet Room 3","kind":"tourism","kind_label":"Tourism","source":"google_places","google_place_id":"ChIJOUrKC7XSjzMRX59TqIHB9dM","google_primary_type":"lodging","google_primary_type_label":"Lodging","google_types":["lodging","point_of_interest","establishment"],"google_maps_uri":"https://maps.google.com/?cid=15273326473915899743&g_mp=Cilnb29nbGUubWFwcy5wbGFjZXMudjEuUGxhY2VzLlNlYXJjaE5lYXJieRACGAQgAA","google_icon_mask_base_uri":"https://maps.gstatic.com/mapfiles/place_api/icons/v2/hotel_pinlet","google_icon_background_color":"#909CE1","formatted_address":"Sagada, Mountain Province, Philippines","business_status":"OPERATIONAL","rating":null,"user_rating_count":null,"barangay_slug":"madongo","barangay_name":"Madongo"},"geometry":{"type":"Point","coordinates":[120.89849859999998,17.111721]}},{"type":"Feature","properties":{"name":"Billy's Home Stay","kind":"tourism","kind_label":"Tourism","source":"google_places","google_place_id":"ChIJsZJGu87SjzMRFnCQjFLEDWw","google_primary_type":"farmstay","google_primary_type_label":"Farmstay","google_types":["farmstay","lodging","point_of_interest","establishment"],"google_maps_uri":"https://maps.google.com/?cid=7786095189618094102&g_mp=Cilnb29nbGUubWFwcy5wbGFjZXMudjEuUGxhY2VzLlNlYXJjaE5lYXJieRACGAQgAA","google_icon_mask_base_uri":"https://maps.gstatic.com/mapfiles/place_api/icons/v2/hotel_pinlet","google_icon_background_color":"#909CE1","formatted_address":"Bangaan Rd, Sagada, Mountain Province, Philippines","business_status":"OPERATIONAL","rating":null,"user_rating_count":null,"barangay_slug":"madongo","barangay_name":"Madongo"},"geometry":{"type":"Point","coordinates":[120.90234079999999,17.1033153]}},{"type":"Feature","properties":{"name":"Dogo Siwang Art and Culture Hub","kind":"tourism","kind_label":"Tourism","source":"google_places","google_place_id":"ChIJx_XMWwDTjzMRw_EDzrah44U","google_primary_type":"tourist_attraction","google_primary_type_label":"Tourist Attraction","google_types":["tourist_attraction","point_of_interest","establishment"],"google_maps_uri":"https://maps.google.com/?cid=9647732633270219203&g_mp=Cilnb29nbGUubWFwcy5wbGFjZXMudjEuUGxhY2VzLlNlYXJjaE5lYXJieRACGAQgAA","google_icon_mask_base_uri":"https://maps.gstatic.com/mapfiles/place_api/icons/v2/generic_pinlet","google_icon_background_color":"#13B5C7","formatted_address":"4W32+8W8, Bangaan Rd, Sagada, Mountain Province, Philippines","business_status":"OPERATIONAL","rating":null,"user_rating_count":null,"barangay_slug":"madongo","barangay_name":"Madongo"},"geometry":{"type":"Point","coordinates":[120.90233699999999,17.103275699999998]}},{"type":"Feature","properties":{"name":"EThnique's Nest and Beak's Food","kind":"tourism","kind_label":"Tourism","source":"google_places","google_place_id":"ChIJsS17tmHTjzMRT_ty-FFqIRk","google_primary_type":"inn","google_primary_type_label":"Inn","google_types":["inn","lodging","point_of_interest","establishment"],"google_maps_uri":"https://maps.google.com/?cid=1810845425472830287&g_mp=Cilnb29nbGUubWFwcy5wbGFjZXMudjEuUGxhY2VzLlNlYXJjaE5lYXJieRACGAQgAA","google_icon_mask_base_uri":"https://maps.gstatic.com/mapfiles/place_api/icons/v2/hotel_pinlet","google_icon_background_color":"#909CE1","formatted_address":"Sagada, 2025 Mountain Province, Philippines","business_status":"OPERATIONAL","rating":null,"user_rating_count":null,"barangay_slug":"madongo","barangay_name":"Madongo"},"geometry":{"type":"Point","coordinates":[120.89971480000001,17.112436]}},{"type":"Feature","properties":{"name":"Faby's homestay","kind":"tourism","kind_label":"Tourism","source":"google_places","google_place_id":"ChIJ6cpOBwDTjzMRQsjILwrUdlc","google_primary_type":"private_guest_room","google_primary_type_label":"Homestay","google_types":["private_guest_room","lodging","point_of_interest","establishment"],"google_maps_uri":"https://maps.google.com/?cid=6302457868768036930&g_mp=Cilnb29nbGUubWFwcy5wbGFjZXMudjEuUGxhY2VzLlNlYXJjaE5lYXJieRACGAQgAA","google_icon_mask_base_uri":"https://maps.gstatic.com/mapfiles/place_api/icons/v2/hotel_pinlet","google_icon_background_color":"#909CE1","formatted_address":"4V6X+VW8, Madongo, Sagada, Mountain Province, Philippines","business_status":"OPERATIONAL","rating":5,"user_rating_count":1,"barangay_slug":"madongo","barangay_name":"Madongo"},"geometry":{"type":"Point","coordinates":[120.89981530000001,17.1121679]}},{"type":"Feature","properties":{"name":"Fabys Homestay , Sagada - Three-Bedroom House","kind":"tourism","kind_label":"Tourism","source":"google_places","google_place_id":"ChIJI8Uzs7XSjzMRH-9m8hCXkP0","google_primary_type":"lodging","google_primary_type_label":"Lodging","google_types":["lodging","point_of_interest","establishment"],"google_maps_uri":"https://maps.google.com/?cid=18271269787284205343&g_mp=Cilnb29nbGUubWFwcy5wbGFjZXMudjEuUGxhY2VzLlNlYXJjaE5lYXJieRACGAQgAA","google_icon_mask_base_uri":"https://maps.gstatic.com/mapfiles/place_api/icons/v2/hotel_pinlet","google_icon_background_color":"#909CE1","formatted_address":"Sagada, Mountain Province, Philippines","business_status":"OPERATIONAL","rating":null,"user_rating_count":null,"barangay_slug":"madongo","barangay_name":"Madongo"},"geometry":{"type":"Point","coordinates":[120.89965060000002,17.1125698]}},{"type":"Feature","properties":{"name":"KPN Transient - Double Room with Private Bathroom","kind":"tourism","kind_label":"Tourism","source":"google_places","google_place_id":"ChIJwx9Eu87SjzMRsACBodi9Nro","google_primary_type":"lodging","google_primary_type_label":"Lodging","google_types":["lodging","point_of_interest","establishment"],"google_maps_uri":"https://maps.google.com/?cid=13418120877917143216&g_mp=Cilnb29nbGUubWFwcy5wbGFjZXMudjEuUGxhY2VzLlNlYXJjaE5lYXJieRACGAQgAA","google_icon_mask_base_uri":"https://maps.gstatic.com/mapfiles/place_api/icons/v2/hotel_pinlet","google_icon_background_color":"#909CE1","formatted_address":"Sagada, Mountain Province, Philippines","business_status":"OPERATIONAL","rating":null,"user_rating_count":null,"barangay_slug":"madongo","barangay_name":"Madongo"},"geometry":{"type":"Point","coordinates":[120.9023438,17.1033096]}},{"type":"Feature","properties":{"name":"Modern Rustic Country Home","kind":"tourism","kind_label":"Tourism","source":"google_places","google_place_id":"ChIJZ98msrXSjzMRhlC7b65zVqc","google_primary_type":"lodging","google_primary_type_label":"Lodging","google_types":["lodging","point_of_interest","establishment"],"google_maps_uri":"https://maps.google.com/?cid=12057952245367132294&g_mp=Cilnb29nbGUubWFwcy5wbGFjZXMudjEuUGxhY2VzLlNlYXJjaE5lYXJieRACGAQgAA","google_icon_mask_base_uri":"https://maps.gstatic.com/mapfiles/place_api/icons/v2/hotel_pinlet","google_icon_background_color":"#909CE1","formatted_address":"Sagada, Mountain Province, Philippines","business_status":"OPERATIONAL","rating":null,"user_rating_count":null,"barangay_slug":"madongo","barangay_name":"Madongo"},"geometry":{"type":"Point","coordinates":[120.89952849999999,17.112289399999998]}},{"type":"Feature","properties":{"name":"Nacagang,Sagada","kind":"tourism","kind_label":"Tourism","source":"google_places","google_place_id":"ChIJ_x2-RV7VjzMRuUlSgpoi-_Y","google_primary_type":"private_guest_room","google_primary_type_label":"Homestay","google_types":["private_guest_room","lodging","point_of_interest","establishment"],"google_maps_uri":"https://maps.google.com/?cid=17796856399491385785&g_mp=Cilnb29nbGUubWFwcy5wbGFjZXMudjEuUGxhY2VzLlNlYXJjaE5lYXJieRACGAQgAA","google_icon_mask_base_uri":"https://maps.gstatic.com/mapfiles/place_api/icons/v2/hotel_pinlet","google_icon_background_color":"#909CE1","formatted_address":"2WP3+MCR, Sagada, Mountain Province, Philippines","business_status":"OPERATIONAL","rating":3,"user_rating_count":1,"barangay_slug":"nacagang","barangay_name":"Nacagang"},"geometry":{"type":"Point","coordinates":[120.90352459999998,17.036727199999998]}},{"type":"Feature","properties":{"name":"Pasig city","kind":"worship","kind_label":"Worship","source":"google_places","google_place_id":"ChIJWfyPcADVjzMRtrZ2CPMLXME","google_primary_type":"church","google_primary_type_label":"Church","google_types":["church","place_of_worship","association_or_organization","point_of_interest","establishment"],"google_maps_uri":"https://maps.google.com/?cid=13933024485624428214&g_mp=Cilnb29nbGUubWFwcy5wbGFjZXMudjEuUGxhY2VzLlNlYXJjaE5lYXJieRACGAQgAA","google_icon_mask_base_uri":"https://maps.gstatic.com/mapfiles/place_api/icons/v2/worship_christian_pinlet","google_icon_background_color":"#7B9EB0","formatted_address":"2WR3+649, Sagada, Metro Manila, Philippines","business_status":"OPERATIONAL","rating":null,"user_rating_count":null,"barangay_slug":"nacagang","barangay_name":"Nacagang"},"geometry":{"type":"Point","coordinates":[120.90285589999998,17.040545599999998]}},{"type":"Feature","properties":{"name":"7 J's Diner","kind":"business","kind_label":"Business","source":"google_places","google_place_id":"ChIJ055n5ivTjzMRRyTBNBQPx5M","google_primary_type":"restaurant","google_primary_type_label":"Restaurant","google_types":["restaurant","food","point_of_interest","establishment"],"google_maps_uri":"https://maps.google.com/?cid=10648496423399662663&g_mp=Cilnb29nbGUubWFwcy5wbGFjZXMudjEuUGxhY2VzLlNlYXJjaE5lYXJieRACGAQgAA","google_icon_mask_base_uri":"https://maps.gstatic.com/mapfiles/place_api/icons/v2/restaurant_pinlet","google_icon_background_color":"#FF9E67","formatted_address":"3WM2+Q9Q, Sagada, Mountain Province, Philippines","business_status":"OPERATIONAL","rating":4.8,"user_rating_count":4,"barangay_slug":"patay","barangay_name":"Patay"},"geometry":{"type":"Point","coordinates":[120.90099110000001,17.084466]}},{"type":"Feature","properties":{"name":"Alapo's Restaurant","kind":"business","kind_label":"Business","source":"google_places","google_place_id":"ChIJdZGVxSvTjzMREK7bDyjxF4A","google_primary_type":"restaurant","google_primary_type_label":"Restaurant","google_types":["restaurant","food","point_of_interest","establishment"],"google_maps_uri":"https://maps.google.com/?cid=9230111115686161936&g_mp=Cilnb29nbGUubWFwcy5wbGFjZXMudjEuUGxhY2VzLlNlYXJjaE5lYXJieRACGAQgAA","google_icon_mask_base_uri":"https://maps.gstatic.com/mapfiles/place_api/icons/v2/restaurant_pinlet","google_icon_background_color":"#FF9E67","formatted_address":"3WP2+564, Besao Road, Sagada, Mountain Province, Philippines","business_status":"OPERATIONAL","rating":3.8,"user_rating_count":5,"barangay_slug":"patay","barangay_name":"Patay"},"geometry":{"type":"Point","coordinates":[120.90058619999998,17.0853987]}},{"type":"Feature","properties":{"name":"Alfredo's Inn & Cafe","kind":"business","kind_label":"Business","source":"google_places","google_place_id":"ChIJaXfq7CvTjzMRFbo9k7kQ_7U","google_primary_type":"cafe","google_primary_type_label":"Cafe","google_types":["cafe","food","point_of_interest","establishment"],"google_maps_uri":"https://maps.google.com/?cid=13114219029151463957&g_mp=Cilnb29nbGUubWFwcy5wbGFjZXMudjEuUGxhY2VzLlNlYXJjaE5lYXJieRACGAQgAA","google_icon_mask_base_uri":"https://maps.gstatic.com/mapfiles/place_api/icons/v2/cafe_pinlet","google_icon_background_color":"#FF9E67","formatted_address":"3WM2+Q3G, Besao Road, Sagada, Mountain Province, Philippines","business_status":"OPERATIONAL","rating":null,"user_rating_count":null,"barangay_slug":"patay","barangay_name":"Patay"},"geometry":{"type":"Point","coordinates":[120.90020390000001,17.0844301]}},{"type":"Feature","properties":{"name":"All in one","kind":"business","kind_label":"Business","source":"google_places","google_place_id":"ChIJnz_pVwDTjzMRt9joaMMZwHs","google_primary_type":"fast_food_restaurant","google_primary_type_label":"Fast Food Restaurant","google_types":["fast_food_restaurant","restaurant","food","point_of_interest","establishment"],"google_maps_uri":"https://maps.google.com/?cid=8917155589262989495&g_mp=Cilnb29nbGUubWFwcy5wbGFjZXMudjEuUGxhY2VzLlNlYXJjaE5lYXJieRACGAQgAA","google_icon_mask_base_uri":"https://maps.gstatic.com/mapfiles/place_api/icons/v2/restaurant_pinlet","google_icon_background_color":"#FF9E67","formatted_address":"Sagada - Besao Rd, Sagada, 2619 Mountain Province, Philippines","business_status":"OPERATIONAL","rating":2.3,"user_rating_count":3,"barangay_slug":"patay","barangay_name":"Patay"},"geometry":{"type":"Point","coordinates":[120.9002468,17.0850214]}},{"type":"Feature","properties":{"name":"Baw-Eng Coffee Shop","kind":"business","kind_label":"Business","source":"google_places","google_place_id":"ChIJc5ZeV5bTjzMRuTC9foeTFwI","google_primary_type":"cafe","google_primary_type_label":"Cafe","google_types":["cafe","point_of_interest","food","establishment"],"google_maps_uri":"https://maps.google.com/?cid=150751322696396985&g_mp=Cilnb29nbGUubWFwcy5wbGFjZXMudjEuUGxhY2VzLlNlYXJjaE5lYXJieRACGAQgAA","google_icon_mask_base_uri":"https://maps.gstatic.com/mapfiles/place_api/icons/v2/cafe_pinlet","google_icon_background_color":"#FF9E67","formatted_address":"3WM3+VW, Sagada, Mountain Province, Philippines","business_status":"OPERATIONAL","rating":4.8,"user_rating_count":28,"barangay_slug":"patay","barangay_name":"Patay"},"geometry":{"type":"Point","coordinates":[120.90567089999999,17.0829107]}},{"type":"Feature","properties":{"name":"Cafe St. Joe","kind":"business","kind_label":"Business","source":"google_places","google_place_id":"ChIJWSM78SvTjzMR0t9CQbbZBB8","google_primary_type":"filipino_restaurant","google_primary_type_label":"Filipino Restaurant","google_types":["filipino_restaurant","restaurant","food","point_of_interest","establishment"],"google_maps_uri":"https://maps.google.com/?cid=2235150691884785618&g_mp=Cilnb29nbGUubWFwcy5wbGFjZXMudjEuUGxhY2VzLlNlYXJjaE5lYXJieRACGAQgAA","google_icon_mask_base_uri":"https://maps.gstatic.com/mapfiles/place_api/icons/v2/restaurant_pinlet","google_icon_background_color":"#FF9E67","formatted_address":"South Road, Poblacion, Sagada City, 3WP2+28W, Sagada, 2619 Mountain Province, Philippines","business_status":"OPERATIONAL","rating":4.1,"user_rating_count":12,"barangay_slug":"patay","barangay_name":"Patay"},"geometry":{"type":"Point","coordinates":[120.90083810000002,17.0851084]}},{"type":"Feature","properties":{"name":"Cafe Valeria","kind":"business","kind_label":"Business","source":"google_places","google_place_id":"ChIJIwS0tinTjzMRdAqnv9nUDTk","google_primary_type":"cafe","google_primary_type_label":"Cafe","google_types":["cafe","point_of_interest","food","establishment"],"google_maps_uri":"https://maps.google.com/?cid=4111176066547518068&g_mp=Cilnb29nbGUubWFwcy5wbGFjZXMudjEuUGxhY2VzLlNlYXJjaE5lYXJieRACGAQgAA","google_icon_mask_base_uri":"https://maps.gstatic.com/mapfiles/place_api/icons/v2/cafe_pinlet","google_icon_background_color":"#FF9E67","formatted_address":"3WP3+MJM, Sagada, Mountain Province, Philippines","business_status":"OPERATIONAL","rating":4.7,"user_rating_count":3,"barangay_slug":"patay","barangay_name":"Patay"},"geometry":{"type":"Point","coordinates":[120.90403819999999,17.086714]}},{"type":"Feature","properties":{"name":"Cascade Café","kind":"business","kind_label":"Business","source":"google_places","google_place_id":"ChIJfUVHF9fSjzMRLMlMBT4JSic","google_primary_type":"cafe","google_primary_type_label":"Cafe","google_types":["cafe","point_of_interest","food","establishment"],"google_maps_uri":"https://maps.google.com/?cid=2831085477737318700&g_mp=Cilnb29nbGUubWFwcy5wbGFjZXMudjEuUGxhY2VzLlNlYXJjaE5lYXJieRACGAQgAA","google_icon_mask_base_uri":"https://maps.gstatic.com/mapfiles/place_api/icons/v2/cafe_pinlet","google_icon_background_color":"#FF9E67","formatted_address":"Bangaan Rd, Sagada, 2619 Mountain Province, Philippines","business_status":"OPERATIONAL","rating":3.8,"user_rating_count":4,"barangay_slug":"patay","barangay_name":"Patay"},"geometry":{"type":"Point","coordinates":[120.9052808,17.091589499999998]}},{"type":"Feature","properties":{"name":"Centrum","kind":"business","kind_label":"Business","source":"google_places","google_place_id":"ChIJFeIc5ivTjzMRt2Emr8vQ-ok","google_primary_type":"shopping_mall","google_primary_type_label":"Shopping Mall","google_types":["shopping_mall","point_of_interest","establishment"],"google_maps_uri":"https://maps.google.com/?cid=9942488700609257911&g_mp=Cilnb29nbGUubWFwcy5wbGFjZXMudjEuUGxhY2VzLlNlYXJjaE5lYXJieRACGAQgAA","google_icon_mask_base_uri":"https://maps.gstatic.com/mapfiles/place_api/icons/v2/shopping_pinlet","google_icon_background_color":"#4B96F3","formatted_address":"3WM2+Q8G, Staunton Rd, Sagada, 2619 Mountain Province, Philippines","business_status":"OPERATIONAL","rating":4.1,"user_rating_count":12,"barangay_slug":"patay","barangay_name":"Patay"},"geometry":{"type":"Point","coordinates":[120.90083329999999,17.0844444]}},{"type":"Feature","properties":{"name":"Chow Restaurant (ato)","kind":"business","kind_label":"Business","source":"google_places","google_place_id":"ChIJcXi9SwDTjzMRoGkS_krIGhE","google_primary_type":"asian_restaurant","google_primary_type_label":"Asian Restaurant","google_types":["asian_restaurant","restaurant","food","point_of_interest","establishment"],"google_maps_uri":"https://maps.google.com/?cid=1232517672455006624&g_mp=Cilnb29nbGUubWFwcy5wbGFjZXMudjEuUGxhY2VzLlNlYXJjaE5lYXJieRACGAQgAA","google_icon_mask_base_uri":"https://maps.gstatic.com/mapfiles/place_api/icons/v2/restaurant_pinlet","google_icon_background_color":"#FF9E67","formatted_address":"3WP2+578, Sagada - Besao Rd, Sagada, Mountain Province, Philippines","business_status":"OPERATIONAL","rating":4.9,"user_rating_count":17,"barangay_slug":"patay","barangay_name":"Patay"},"geometry":{"type":"Point","coordinates":[120.9004882,17.0856901]}},{"type":"Feature","properties":{"name":"Church of St. Mary the Virgin Memorial Bell","kind":"business","kind_label":"Business","source":"google_places","google_place_id":"ChIJ53wDXCnTjzMRwTi3Xm4zGMk","google_primary_type":"premise","google_primary_type_label":"Building","google_types":["premise","street_address"],"google_maps_uri":"https://maps.google.com/?cid=14490388350193055937&g_mp=Cidnb29nbGUubWFwcy5wbGFjZXMudjEuUGxhY2VzLlNlYXJjaFRleHQQAhgEIAA","google_icon_mask_base_uri":"https://maps.gstatic.com/mapfiles/place_api/icons/v2/generic_pinlet","google_icon_background_color":"#7B9EB0","formatted_address":"Church of St. Mary the Virgin Memorial Bell, Staunton Rd, Sagada, Mountain Province, Philippines","business_status":null,"rating":null,"user_rating_count":null,"barangay_slug":"patay","barangay_name":"Patay"},"geometry":{"type":"Point","coordinates":[120.90194460000001,17.0842609]}},{"type":"Feature","properties":{"name":"Claethans Eatery","kind":"business","kind_label":"Business","source":"google_places","google_place_id":"ChIJ21Jn3dHTjzMRh5AFLuTQQRw","google_primary_type":"restaurant","google_primary_type_label":"Restaurant","google_types":["restaurant","food","point_of_interest","establishment"],"google_maps_uri":"https://maps.google.com/?cid=2036138184991412359&g_mp=Cidnb29nbGUubWFwcy5wbGFjZXMudjEuUGxhY2VzLlNlYXJjaFRleHQQAhgEIAA","google_icon_mask_base_uri":"https://maps.gstatic.com/mapfiles/place_api/icons/v2/restaurant_pinlet","google_icon_background_color":"#FF9E67","formatted_address":"3WM2+J64, Sagada, Mountain Province, Philippines","business_status":"OPERATIONAL","rating":4.4,"user_rating_count":14,"barangay_slug":"patay","barangay_name":"Patay"},"geometry":{"type":"Point","coordinates":[120.9005781,17.084016]}},{"type":"Feature","properties":{"name":"Coda Lines Sagada","kind":"business","kind_label":"Business","source":"google_places","google_place_id":"ChIJj_1P6yvTjzMRDCqvbGsheXo","google_primary_type":"corporate_office","google_primary_type_label":"Corporate Office","google_types":["corporate_office","point_of_interest","establishment"],"google_maps_uri":"https://maps.google.com/?cid=8825121690077833740&g_mp=Cidnb29nbGUubWFwcy5wbGFjZXMudjEuUGxhY2VzLlNlYXJjaFRleHQQAhgEIAA","google_icon_mask_base_uri":"https://maps.gstatic.com/mapfiles/place_api/icons/v2/generic_pinlet","google_icon_background_color":"#7B9EB0","formatted_address":"3WM2+R2H, Sagada, Mountain Province, Philippines","business_status":"OPERATIONAL","rating":3.7,"user_rating_count":22,"barangay_slug":"patay","barangay_name":"Patay"},"geometry":{"type":"Point","coordinates":[120.90010889999999,17.0845529]}},{"type":"Feature","properties":{"name":"Dap-ayan Bread and Breakfast","kind":"business","kind_label":"Business","source":"google_places","google_place_id":"ChIJw0wV5ivTjzMRyjfmN8THKzQ","google_primary_type":"restaurant","google_primary_type_label":"Restaurant","google_types":["restaurant","food","point_of_interest","establishment"],"google_maps_uri":"https://maps.google.com/?cid=3759317959536162762&g_mp=Cilnb29nbGUubWFwcy5wbGFjZXMudjEuUGxhY2VzLlNlYXJjaE5lYXJieRACGAQgAA","google_icon_mask_base_uri":"https://maps.gstatic.com/mapfiles/place_api/icons/v2/restaurant_pinlet","google_icon_background_color":"#FF9E67","formatted_address":"Food Court, Lower Ground, Centrum, 3WM2+Q9V, Staunton Rd, Sagada, 2619 Lalawigang Bulubundukin, Philippines","business_status":"OPERATIONAL","rating":5,"user_rating_count":2,"barangay_slug":"patay","barangay_name":"Patay"},"geometry":{"type":"Point","coordinates":[120.9009361,17.0844762]}},{"type":"Feature","properties":{"name":"Diawan variety store","kind":"business","kind_label":"Business","source":"google_places","google_place_id":"ChIJ_cDOxZ_TjzMR-pd_Za6vTbg","google_primary_type":"store","google_primary_type_label":"Store","google_types":["store","point_of_interest","establishment"],"google_maps_uri":"https://maps.google.com/?cid=13280464039747491834&g_mp=Cilnb29nbGUubWFwcy5wbGFjZXMudjEuUGxhY2VzLlNlYXJjaE5lYXJieRACGAQgAA","google_icon_mask_base_uri":"https://maps.gstatic.com/mapfiles/place_api/icons/v2/shopping_pinlet","google_icon_background_color":"#4B96F3","formatted_address":"3WP2+M5M, Sagada, Mountain Province, Philippines","business_status":"OPERATIONAL","rating":null,"user_rating_count":null,"barangay_slug":"patay","barangay_name":"Patay"},"geometry":{"type":"Point","coordinates":[120.8999579,17.085263599999998]}},{"type":"Feature","properties":{"name":"EA ELECTRONICS","kind":"business","kind_label":"Business","source":"google_places","google_place_id":"ChIJ5X1b3m4tjjMR_Azd2LuFSsg","google_primary_type":"electronics_store","google_primary_type_label":"Electronics Store","google_types":["electronics_store","store","point_of_interest","establishment"],"google_maps_uri":"https://maps.google.com/?cid=14432494997705919740&g_mp=Cilnb29nbGUubWFwcy5wbGFjZXMudjEuUGxhY2VzLlNlYXJjaE5lYXJieRACGAQgAA","google_icon_mask_base_uri":"https://maps.gstatic.com/mapfiles/place_api/icons/v2/shopping_pinlet","google_icon_background_color":"#4B96F3","formatted_address":"Datil POBLACION, Sagada, 2619 Mountain Province, Philippines","business_status":"OPERATIONAL","rating":null,"user_rating_count":null,"barangay_slug":"patay","barangay_name":"Patay"},"geometry":{"type":"Point","coordinates":[120.8900839,17.095765399999998]}},{"type":"Feature","properties":{"name":"Gabay Wines and Souvenirs","kind":"business","kind_label":"Business","source":"google_places","google_place_id":"ChIJ0QcLwJnTjzMR1bdjesHPOg8","google_primary_type":"store","google_primary_type_label":"Store","google_types":["store","point_of_interest","establishment"],"google_maps_uri":"https://maps.google.com/?cid=1097417889107130325&g_mp=Cilnb29nbGUubWFwcy5wbGFjZXMudjEuUGxhY2VzLlNlYXJjaE5lYXJieRACGAQgAA","google_icon_mask_base_uri":"https://maps.gstatic.com/mapfiles/place_api/icons/v2/shopping_pinlet","google_icon_background_color":"#4B96F3","formatted_address":"3WM2+36C, Sagada, Mountain Province, Philippines","business_status":"OPERATIONAL","rating":4.4,"user_rating_count":7,"barangay_slug":"patay","barangay_name":"Patay"},"geometry":{"type":"Point","coordinates":[120.90050090000001,17.082696]}},{"type":"Feature","properties":{"name":"Ganduyan Souvenir","kind":"business","kind_label":"Business","source":"google_places","google_place_id":"ChIJDWgP6SvTjzMRnLI3ITmoV8g","google_primary_type":"store","google_primary_type_label":"Store","google_types":["store","point_of_interest","establishment"],"google_maps_uri":"https://maps.google.com/?cid=14436192093883314844&g_mp=Cilnb29nbGUubWFwcy5wbGFjZXMudjEuUGxhY2VzLlNlYXJjaE5lYXJieRACGAQgAA","google_icon_mask_base_uri":"https://maps.gstatic.com/mapfiles/place_api/icons/v2/shopping_pinlet","google_icon_background_color":"#4B96F3","formatted_address":"3WM2+V69, Besao Road, Sagada, Mountain Province, Philippines","business_status":"OPERATIONAL","rating":3,"user_rating_count":1,"barangay_slug":"patay","barangay_name":"Patay"},"geometry":{"type":"Point","coordinates":[120.90060129999999,17.0846657]}},{"type":"Feature","properties":{"name":"Gawis Artist Society","kind":"business","kind_label":"Business","source":"google_places","google_place_id":"ChIJTfoEHwDTjzMRmPifo027zds","google_primary_type":"jewelry_store","google_primary_type_label":"Jewelry Store","google_types":["jewelry_store","store","point_of_interest","establishment"],"google_maps_uri":"https://maps.google.com/?cid=15838521406663948440&g_mp=Cilnb29nbGUubWFwcy5wbGFjZXMudjEuUGxhY2VzLlNlYXJjaE5lYXJieRACGAQgAA","google_icon_mask_base_uri":"https://maps.gstatic.com/mapfiles/place_api/icons/v2/shopping_pinlet","google_icon_background_color":"#4B96F3","formatted_address":"3WP3+QPC, Staunton Rd, Sagada, Mountain Province, Philippines","business_status":"OPERATIONAL","rating":5,"user_rating_count":1,"barangay_slug":"patay","barangay_name":"Patay"},"geometry":{"type":"Point","coordinates":[120.90419510000001,17.0869413]}},{"type":"Feature","properties":{"name":"Gayagay’s Restaurant","kind":"business","kind_label":"Business","source":"google_places","google_place_id":"ChIJqTixIQDTjzMRi4xKq3737R0","google_primary_type":"filipino_restaurant","google_primary_type_label":"Filipino Restaurant","google_types":["filipino_restaurant","restaurant","point_of_interest","food","establishment"],"google_maps_uri":"https://maps.google.com/?cid=2156651919992065163&g_mp=Cilnb29nbGUubWFwcy5wbGFjZXMudjEuUGxhY2VzLlNlYXJjaE5lYXJieRACGAQgAA","google_icon_mask_base_uri":"https://maps.gstatic.com/mapfiles/place_api/icons/v2/restaurant_pinlet","google_icon_background_color":"#FF9E67","formatted_address":"3WQ4+HPX, Staunton Rd, Sagada, Mountain Province, Philippines","business_status":"OPERATIONAL","rating":4,"user_rating_count":2,"barangay_slug":"patay","barangay_name":"Patay"},"geometry":{"type":"Point","coordinates":[120.90682459999998,17.088783499999998]}},{"type":"Feature","properties":{"name":"Homestay Diner","kind":"business","kind_label":"Business","source":"google_places","google_place_id":"ChIJsbAtuCvTjzMRoKTm5cUSohM","google_primary_type":"restaurant","google_primary_type_label":"Restaurant","google_types":["restaurant","food","point_of_interest","establishment"],"google_maps_uri":"https://maps.google.com/?cid=1414713874122712224&g_mp=Cilnb29nbGUubWFwcy5wbGFjZXMudjEuUGxhY2VzLlNlYXJjaE5lYXJieRACGAQgAA","google_icon_mask_base_uri":"https://maps.gstatic.com/mapfiles/place_api/icons/v2/restaurant_pinlet","google_icon_background_color":"#FF9E67","formatted_address":"3VPX+6WW, Besao Road, Sagada, Mountain Province, Philippines","business_status":"OPERATIONAL","rating":3.3,"user_rating_count":11,"barangay_slug":"patay","barangay_name":"Patay"},"geometry":{"type":"Point","coordinates":[120.89984109999999,17.0856133]}},{"type":"Feature","properties":{"name":"Jenny Itag Store","kind":"business","kind_label":"Business","source":"google_places","google_place_id":"ChIJae6fTADTjzMRF2wVThZEkX4","google_primary_type":"store","google_primary_type_label":"Store","google_types":["store","point_of_interest","establishment"],"google_maps_uri":"https://maps.google.com/?cid=9120145582991961111&g_mp=Cilnb29nbGUubWFwcy5wbGFjZXMudjEuUGxhY2VzLlNlYXJjaE5lYXJieRACGAQgAA","google_icon_mask_base_uri":"https://maps.gstatic.com/mapfiles/place_api/icons/v2/shopping_pinlet","google_icon_background_color":"#4B96F3","formatted_address":"3WR3+GP3, Sagada, Mountain Province, Philippines","business_status":"OPERATIONAL","rating":null,"user_rating_count":null,"barangay_slug":"patay","barangay_name":"Patay"},"geometry":{"type":"Point","coordinates":[120.90430379999998,17.0912629]}},{"type":"Feature","properties":{"name":"Kalajo \"kilgan\" Resto","kind":"business","kind_label":"Business","source":"google_places","google_place_id":"ChIJ5Sw0G2nTjzMRpWFzW-IJ3rI","google_primary_type":"restaurant","google_primary_type_label":"Restaurant","google_types":["restaurant","food","point_of_interest","establishment"],"google_maps_uri":"https://maps.google.com/?cid=12888750051382485413&g_mp=Cilnb29nbGUubWFwcy5wbGFjZXMudjEuUGxhY2VzLlNlYXJjaE5lYXJieRACGAQgAA","google_icon_mask_base_uri":"https://maps.gstatic.com/mapfiles/place_api/icons/v2/restaurant_pinlet","google_icon_background_color":"#FF9E67","formatted_address":"South Rd Sagada, Bontoc, 2619 Mountain Province, Philippines","business_status":"OPERATIONAL","rating":4.8,"user_rating_count":26,"barangay_slug":"patay","barangay_name":"Patay"},"geometry":{"type":"Point","coordinates":[120.90015779999997,17.0821357]}},{"type":"Feature","properties":{"name":"Kamowan Weaving and Souvenirs","kind":"business","kind_label":"Business","source":"google_places","google_place_id":"ChIJL6uEuinTjzMRkjlUPyeAKHE","google_primary_type":"store","google_primary_type_label":"Store","google_types":["store","point_of_interest","establishment"],"google_maps_uri":"https://maps.google.com/?cid=8153908031408847250&g_mp=Cilnb29nbGUubWFwcy5wbGFjZXMudjEuUGxhY2VzLlNlYXJjaE5lYXJieRACGAQgAA","google_icon_mask_base_uri":"https://maps.gstatic.com/mapfiles/place_api/icons/v2/shopping_pinlet","google_icon_background_color":"#4B96F3","formatted_address":"Nangonogan, Staunton Rd, Sagada, 2619 Mountain Province, Philippines","business_status":"OPERATIONAL","rating":4,"user_rating_count":2,"barangay_slug":"patay","barangay_name":"Patay"},"geometry":{"type":"Point","coordinates":[120.9037017,17.0864729]}},{"type":"Feature","properties":{"name":"Kingat's Chicken Corner","kind":"business","kind_label":"Business","source":"google_places","google_place_id":"ChIJ1wzYeh_TjzMR5b1f4TTgfIE","google_primary_type":"fast_food_restaurant","google_primary_type_label":"Fast Food Restaurant","google_types":["fast_food_restaurant","restaurant","point_of_interest","food","establishment"],"google_maps_uri":"https://maps.google.com/?cid=9330579045728894437&g_mp=Cilnb29nbGUubWFwcy5wbGFjZXMudjEuUGxhY2VzLlNlYXJjaE5lYXJieRACGAQgAA","google_icon_mask_base_uri":"https://maps.gstatic.com/mapfiles/place_api/icons/v2/restaurant_pinlet","google_icon_background_color":"#FF9E67","formatted_address":"Ganduyan Inn, Sagada, Mountain Province, Philippines","business_status":"OPERATIONAL","rating":null,"user_rating_count":null,"barangay_slug":"patay","barangay_name":"Patay"},"geometry":{"type":"Point","coordinates":[120.90730399999998,17.0981353]}},{"type":"Feature","properties":{"name":"Lipsa Book & fency stro","kind":"business","kind_label":"Business","source":"google_places","google_place_id":"ChIJmTajJgDTjzMRBUKGvO68mIk","google_primary_type":"book_store","google_primary_type_label":"Book Store","google_types":["book_store","point_of_interest","store","establishment"],"google_maps_uri":"https://maps.google.com/?cid=9914882313207300613&g_mp=Cilnb29nbGUubWFwcy5wbGFjZXMudjEuUGxhY2VzLlNlYXJjaE5lYXJieRACGAQgAA","google_icon_mask_base_uri":"https://maps.gstatic.com/mapfiles/place_api/icons/v2/shopping_pinlet","google_icon_background_color":"#4B96F3","formatted_address":"3WX4+7W3 Shree jagannath high school, Sagada, Mountain Province, Philippines","business_status":"OPERATIONAL","rating":null,"user_rating_count":null,"barangay_slug":"patay","barangay_name":"Patay"},"geometry":{"type":"Point","coordinates":[120.90730399999998,17.0981353]}},{"type":"Feature","properties":{"name":"Log Cabin Sagada","kind":"business","kind_label":"Business","source":"google_places","google_place_id":"ChIJOyCG6ivTjzMRhmnaUoSO0RA","google_primary_type":"restaurant","google_primary_type_label":"Restaurant","google_types":["restaurant","filipino_restaurant","food","point_of_interest","establishment"],"google_maps_uri":"https://maps.google.com/?cid=1211906473716246918&g_mp=Cilnb29nbGUubWFwcy5wbGFjZXMudjEuUGxhY2VzLlNlYXJjaE5lYXJieRACGAQgAA","google_icon_mask_base_uri":"https://maps.gstatic.com/mapfiles/place_api/icons/v2/restaurant_pinlet","google_icon_background_color":"#FF9E67","formatted_address":"Sagada - Besao Rd, Sagada, 2619 Mountain Province, Philippines","business_status":"OPERATIONAL","rating":4.3,"user_rating_count":395,"barangay_slug":"patay","barangay_name":"Patay"},"geometry":{"type":"Point","coordinates":[120.9002621,17.084969]}},{"type":"Feature","properties":{"name":"Lucky's Shanghai Hauz","kind":"business","kind_label":"Business","source":"google_places","google_place_id":"ChIJLx6BYsXSjzMRuZinIWWjW-w","google_primary_type":"chinese_restaurant","google_primary_type_label":"Chinese Restaurant","google_types":["chinese_restaurant","restaurant","point_of_interest","food","establishment"],"google_maps_uri":"https://maps.google.com/?cid=17031386070583318713&g_mp=Cilnb29nbGUubWFwcy5wbGFjZXMudjEuUGxhY2VzLlNlYXJjaE5lYXJieRACGAQgAA","google_icon_mask_base_uri":"https://maps.gstatic.com/mapfiles/place_api/icons/v2/restaurant_pinlet","google_icon_background_color":"#FF9E67","formatted_address":"3WX4+XWP Dao-angan, Sagada, 2619 Mountain Province, Philippines","business_status":"OPERATIONAL","rating":5,"user_rating_count":3,"barangay_slug":"patay","barangay_name":"Patay"},"geometry":{"type":"Point","coordinates":[120.90732,17.099953]}},{"type":"Feature","properties":{"name":"marfil's variety store","kind":"business","kind_label":"Business","source":"google_places","google_place_id":"ChIJO9lKiNXTjzMRJkLR4loRgyA","google_primary_type":"market","google_primary_type_label":"Market","google_types":["market","point_of_interest","establishment"],"google_maps_uri":"https://maps.google.com/?cid=2342735313212883494&g_mp=Cidnb29nbGUubWFwcy5wbGFjZXMudjEuUGxhY2VzLlNlYXJjaFRleHQQAhgEIAA","google_icon_mask_base_uri":"https://maps.gstatic.com/mapfiles/place_api/icons/v2/shopping_pinlet","google_icon_background_color":"#4B96F3","formatted_address":"Sagada, Mountain Province, Philippines","business_status":"OPERATIONAL","rating":null,"user_rating_count":null,"barangay_slug":"patay","barangay_name":"Patay"},"geometry":{"type":"Point","coordinates":[120.9076473,17.0964945]}},{"type":"Feature","properties":{"name":"Marie's Yoghurt Place (The Best Yoghurt in Town!)","kind":"business","kind_label":"Business","source":"google_places","google_place_id":"ChIJ5fOnKcXTjzMRFQ13v65SaJQ","google_primary_type":"family_restaurant","google_primary_type_label":"Family Restaurant","google_types":["family_restaurant","restaurant","food","point_of_interest","establishment"],"google_maps_uri":"https://maps.google.com/?cid=10693888225681280277&g_mp=Cidnb29nbGUubWFwcy5wbGFjZXMudjEuUGxhY2VzLlNlYXJjaFRleHQQAhgEIAA","google_icon_mask_base_uri":"https://maps.gstatic.com/mapfiles/place_api/icons/v2/restaurant_pinlet","google_icon_background_color":"#FF9E67","formatted_address":"3WM2+952, South Rd, Sagada, Mountain Province, Philippines","business_status":"OPERATIONAL","rating":4.6,"user_rating_count":53,"barangay_slug":"patay","barangay_name":"Patay"},"geometry":{"type":"Point","coordinates":[120.9004315,17.0830283]}},{"type":"Feature","properties":{"name":"Medaz General Merchandise and Ultrasound","kind":"business","kind_label":"Business","source":"google_places","google_place_id":"ChIJGaEg5ivTjzMRQ4hTN_EumIE","google_primary_type":"store","google_primary_type_label":"Store","google_types":["store","point_of_interest","establishment"],"google_maps_uri":"https://maps.google.com/?cid=9338265440902940739&g_mp=Cilnb29nbGUubWFwcy5wbGFjZXMudjEuUGxhY2VzLlNlYXJjaE5lYXJieRACGAQgAA","google_icon_mask_base_uri":"https://maps.gstatic.com/mapfiles/place_api/icons/v2/shopping_pinlet","google_icon_background_color":"#4B96F3","formatted_address":"3WM2+R85, Staunton Rd, Sagada, Mountain Province, Philippines","business_status":"OPERATIONAL","rating":5,"user_rating_count":1,"barangay_slug":"patay","barangay_name":"Patay"},"geometry":{"type":"Point","coordinates":[120.90084759999999,17.084511]}},{"type":"Feature","properties":{"name":"Medaz Store","kind":"business","kind_label":"Business","source":"google_places","google_place_id":"ChIJB7x78ivTjzMRTVojIYJca7U","google_primary_type":"store","google_primary_type_label":"Store","google_types":["store","point_of_interest","establishment"],"google_maps_uri":"https://maps.google.com/?cid=13072644057344465485&g_mp=Cilnb29nbGUubWFwcy5wbGFjZXMudjEuUGxhY2VzLlNlYXJjaE5lYXJieRACGAQgAA","google_icon_mask_base_uri":"https://maps.gstatic.com/mapfiles/place_api/icons/v2/shopping_pinlet","google_icon_background_color":"#4B96F3","formatted_address":"3WM2+P4G, South Rd, Sagada, Mountain Province, Philippines","business_status":"OPERATIONAL","rating":4,"user_rating_count":1,"barangay_slug":"patay","barangay_name":"Patay"},"geometry":{"type":"Point","coordinates":[120.90032319999999,17.0843125]}},{"type":"Feature","properties":{"name":"Natural Drop Water Refilling Station","kind":"business","kind_label":"Business","source":"google_places","google_place_id":"ChIJ49dNHvTTjzMRBKjTHcFo66I","google_primary_type":null,"google_primary_type_label":null,"google_types":["point_of_interest","establishment"],"google_maps_uri":"https://maps.google.com/?cid=11739592032309716996&g_mp=Cidnb29nbGUubWFwcy5wbGFjZXMudjEuUGxhY2VzLlNlYXJjaFRleHQQAhgEIAA","google_icon_mask_base_uri":"https://maps.gstatic.com/mapfiles/place_api/icons/v2/generic_pinlet","google_icon_background_color":"#7B9EB0","formatted_address":"Bangaan Rd, Sagada, 2619 Mountain Province, Philippines","business_status":"OPERATIONAL","rating":null,"user_rating_count":null,"barangay_slug":"patay","barangay_name":"Patay"},"geometry":{"type":"Point","coordinates":[120.9059653,17.1000826]}},{"type":"Feature","properties":{"name":"Pads & Pens School and Office Supplies","kind":"business","kind_label":"Business","source":"google_places","google_place_id":"ChIJH8xETX3TjzMR-w-LN9jU3D8","google_primary_type":"store","google_primary_type_label":"Store","google_types":["store","point_of_interest","establishment"],"google_maps_uri":"https://maps.google.com/?cid=4601786944375689211&g_mp=Cilnb29nbGUubWFwcy5wbGFjZXMudjEuUGxhY2VzLlNlYXJjaE5lYXJieRACGAQgAA","google_icon_mask_base_uri":"https://maps.gstatic.com/mapfiles/place_api/icons/v2/shopping_pinlet","google_icon_background_color":"#4B96F3","formatted_address":"Poblacion, Sagada, 2619 Mountain Province, Philippines","business_status":"OPERATIONAL","rating":null,"user_rating_count":null,"barangay_slug":"patay","barangay_name":"Patay"},"geometry":{"type":"Point","coordinates":[120.9001213,17.0821374]}},{"type":"Feature","properties":{"name":"Patay Barangay Hall","kind":"business","kind_label":"Business","source":"google_places","google_place_id":"ChIJ0YUjmCvTjzMRgl0cxRlOTpE","google_primary_type":"community_center","google_primary_type_label":"Community Center","google_types":["community_center","event_venue","point_of_interest","service","establishment"],"google_maps_uri":"https://maps.google.com/?cid=10470392056271101314&g_mp=Cidnb29nbGUubWFwcy5wbGFjZXMudjEuUGxhY2VzLlNlYXJjaFRleHQQAhgEIAA","google_icon_mask_base_uri":"https://maps.gstatic.com/mapfiles/place_api/icons/v2/generic_pinlet","google_icon_background_color":"#7B9EB0","formatted_address":"3VMX+RRG, Besao Road, Sagada, Mountain Province, Philippines","business_status":"OPERATIONAL","rating":null,"user_rating_count":null,"barangay_slug":"patay","barangay_name":"Patay"},"geometry":{"type":"Point","coordinates":[120.89958430000001,17.0845602]}},{"type":"Feature","properties":{"name":"Patay Coffee and Restaurant","kind":"business","kind_label":"Business","source":"google_places","google_place_id":"ChIJqW5lIyjTjzMR-L-b_M4cGDc","google_primary_type":"restaurant","google_primary_type_label":"Restaurant","google_types":["restaurant","point_of_interest","food","establishment"],"google_maps_uri":"https://maps.google.com/?cid=3969954746853998584&g_mp=Cilnb29nbGUubWFwcy5wbGFjZXMudjEuUGxhY2VzLlNlYXJjaE5lYXJieRACGAQgAA","google_icon_mask_base_uri":"https://maps.gstatic.com/mapfiles/place_api/icons/v2/restaurant_pinlet","google_icon_background_color":"#FF9E67","formatted_address":"3WP4+W6W, Sagada, Mountain Province, Philippines","business_status":"OPERATIONAL","rating":5,"user_rating_count":1,"barangay_slug":"patay","barangay_name":"Patay"},"geometry":{"type":"Point","coordinates":[120.9055681,17.087364]}},{"type":"Feature","properties":{"name":"Pines Town","kind":"business","kind_label":"Business","source":"google_places","google_place_id":"ChIJFSPWc9fSjzMRF2T7mFFOwcc","google_primary_type":"cafe","google_primary_type_label":"Cafe","google_types":["cafe","point_of_interest","food","establishment"],"google_maps_uri":"https://maps.google.com/?cid=14393871996418745367&g_mp=Cilnb29nbGUubWFwcy5wbGFjZXMudjEuUGxhY2VzLlNlYXJjaE5lYXJieRACGAQgAA","google_icon_mask_base_uri":"https://maps.gstatic.com/mapfiles/place_api/icons/v2/cafe_pinlet","google_icon_background_color":"#FF9E67","formatted_address":"3WR4+9F5, Bangaan Rd, Sagada, Mountain Province, Philippines","business_status":"OPERATIONAL","rating":null,"user_rating_count":null,"barangay_slug":"patay","barangay_name":"Patay"},"geometry":{"type":"Point","coordinates":[120.90622539999998,17.0908858]}},{"type":"Feature","properties":{"name":"PM2DS","kind":"business","kind_label":"Business","source":"google_places","google_place_id":"ChIJtT42cT_TjzMR4U0-KUHawFA","google_primary_type":"restaurant","google_primary_type_label":"Restaurant","google_types":["restaurant","food","point_of_interest","establishment"],"google_maps_uri":"https://maps.google.com/?cid=5818890691962359265&g_mp=Cilnb29nbGUubWFwcy5wbGFjZXMudjEuUGxhY2VzLlNlYXJjaE5lYXJieRACGAQgAA","google_icon_mask_base_uri":"https://maps.gstatic.com/mapfiles/place_api/icons/v2/restaurant_pinlet","google_icon_background_color":"#FF9E67","formatted_address":"3WM2+J58, South Rd, Sagada, Mountain Province, Philippines","business_status":"OPERATIONAL","rating":4.8,"user_rating_count":8,"barangay_slug":"patay","barangay_name":"Patay"},"geometry":{"type":"Point","coordinates":[120.9004437,17.084027499999998]}},{"type":"Feature","properties":{"name":"Sagada","kind":"business","kind_label":"Business","source":"google_places","google_place_id":"ChIJLdjX6CvTjzMRz1eoR_kZhsM","google_primary_type":null,"google_primary_type_label":null,"google_types":["point_of_interest","establishment"],"google_maps_uri":"https://maps.google.com/?cid=14088977042714941391&g_mp=Cidnb29nbGUubWFwcy5wbGFjZXMudjEuUGxhY2VzLlNlYXJjaFRleHQQAhgEIAA","google_icon_mask_base_uri":"https://maps.gstatic.com/mapfiles/place_api/icons/v2/generic_pinlet","google_icon_background_color":"#7B9EB0","formatted_address":"Staunton Rd, Sagada, 2619 Mountain Province, Philippines","business_status":"OPERATIONAL","rating":4.6,"user_rating_count":8,"barangay_slug":"patay","barangay_name":"Patay"},"geometry":{"type":"Point","coordinates":[120.90066800000001,17.084476]}},{"type":"Feature","properties":{"name":"Sagada Cellar Door","kind":"business","kind_label":"Business","source":"google_places","google_place_id":"ChIJuZnTfAAtjjMRaGd1AcbBQks","google_primary_type":"bar","google_primary_type_label":"Bar","google_types":["bar","point_of_interest","establishment"],"google_maps_uri":"https://maps.google.com/?cid=5423109957479655272&g_mp=Cilnb29nbGUubWFwcy5wbGFjZXMudjEuUGxhY2VzLlNlYXJjaE5lYXJieRACGAQgAA","google_icon_mask_base_uri":"https://maps.gstatic.com/mapfiles/place_api/icons/v2/bar_pinlet","google_icon_background_color":"#FF9E67","formatted_address":"3VRV+3X, Sagada, Mountain Province, Philippines","business_status":"OPERATIONAL","rating":4,"user_rating_count":2,"barangay_slug":"patay","barangay_name":"Patay"},"geometry":{"type":"Point","coordinates":[120.89500679999999,17.0901285]}},{"type":"Feature","properties":{"name":"Sagada Coffee Shop","kind":"business","kind_label":"Business","source":"google_places","google_place_id":"ChIJl7gTWNDTjzMR8XEWUtYWZLs","google_primary_type":"restaurant","google_primary_type_label":"Restaurant","google_types":["restaurant","point_of_interest","food","establishment"],"google_maps_uri":"https://maps.google.com/?cid=13502942692519604721&g_mp=Cilnb29nbGUubWFwcy5wbGFjZXMudjEuUGxhY2VzLlNlYXJjaE5lYXJieRACGAQgAA","google_icon_mask_base_uri":"https://maps.gstatic.com/mapfiles/place_api/icons/v2/restaurant_pinlet","google_icon_background_color":"#FF9E67","formatted_address":"3WQ4+HHJ, Staunton Rd, Sagada, Mountain Province, Philippines","business_status":"OPERATIONAL","rating":4.5,"user_rating_count":6,"barangay_slug":"patay","barangay_name":"Patay"},"geometry":{"type":"Point","coordinates":[120.90636889999998,17.088949799999998]}},{"type":"Feature","properties":{"name":"Sagada Collections","kind":"business","kind_label":"Business","source":"google_places","google_place_id":"ChIJoRboUyfTjzMRtT69RkBffSg","google_primary_type":"store","google_primary_type_label":"Store","google_types":["store","point_of_interest","establishment"],"google_maps_uri":"https://maps.google.com/?cid=2917592863275302581&g_mp=Cilnb29nbGUubWFwcy5wbGFjZXMudjEuUGxhY2VzLlNlYXJjaE5lYXJieRACGAQgAA","google_icon_mask_base_uri":"https://maps.gstatic.com/mapfiles/place_api/icons/v2/shopping_pinlet","google_icon_background_color":"#4B96F3","formatted_address":"Staunton Rd, Sagada, 2619 Mountain Province, Philippines","business_status":"OPERATIONAL","rating":5,"user_rating_count":4,"barangay_slug":"patay","barangay_name":"Patay"},"geometry":{"type":"Point","coordinates":[120.90443769999999,17.0864948]}},{"type":"Feature","properties":{"name":"Sagada Community Basketball Court","kind":"business","kind_label":"Business","source":"google_places","google_place_id":"ChIJpUauXynTjzMRidiJ7h98w8A","google_primary_type":null,"google_primary_type_label":null,"google_types":["premise","street_address"],"google_maps_uri":"https://maps.google.com/?cid=13890082152328583305&g_mp=Cidnb29nbGUubWFwcy5wbGFjZXMudjEuUGxhY2VzLlNlYXJjaFRleHQQAhgEIAA","google_icon_mask_base_uri":"https://maps.gstatic.com/mapfiles/place_api/icons/v2/generic_pinlet","google_icon_background_color":"#7B9EB0","formatted_address":"Sagada Community Basketball Court, Staunton Rd, Sagada, Mountain Province, Philippines","business_status":null,"rating":null,"user_rating_count":null,"barangay_slug":"patay","barangay_name":"Patay"},"geometry":{"type":"Point","coordinates":[120.90169879999999,17.0844749]}},{"type":"Feature","properties":{"name":"Sagada Community Consumers Cooperative","kind":"business","kind_label":"Business","source":"google_places","google_place_id":"ChIJQSAh-c_SjzMRgbLc28qTxAo","google_primary_type":"bank","google_primary_type_label":"Bank","google_types":["bank","finance","point_of_interest","establishment"],"google_maps_uri":"https://maps.google.com/?cid=775907535295918721&g_mp=Cilnb29nbGUubWFwcy5wbGFjZXMudjEuUGxhY2VzLlNlYXJjaE5lYXJieRACGAQgAA","google_icon_mask_base_uri":"https://maps.gstatic.com/mapfiles/place_api/icons/v2/bank-intl_pinlet","google_icon_background_color":"#909CE1","formatted_address":"3WX4+CRH, Sagada, 2619 Mountain Province, Philippines","business_status":"OPERATIONAL","rating":null,"user_rating_count":null,"barangay_slug":"patay","barangay_name":"Patay"},"geometry":{"type":"Point","coordinates":[120.907113,17.098563000000002]}},{"type":"Feature","properties":{"name":"Sagada Fire Station II","kind":"business","kind_label":"Business","source":"google_places","google_place_id":"ChIJiZyCVQDTjzMRoNZ0KSduFQM","google_primary_type":null,"google_primary_type_label":null,"google_types":["point_of_interest","establishment"],"google_maps_uri":"https://maps.google.com/?cid=222204871103010464&g_mp=Cidnb29nbGUubWFwcy5wbGFjZXMudjEuUGxhY2VzLlNlYXJjaFRleHQQAhgEIAA","google_icon_mask_base_uri":"https://maps.gstatic.com/mapfiles/place_api/icons/v2/school_pinlet","google_icon_background_color":"#7B9EB0","formatted_address":"3WP3+JP6, Dantay - Sagada Rd, Sagada, 2619 Mountain Province, Philippines","business_status":"OPERATIONAL","rating":5,"user_rating_count":1,"barangay_slug":"patay","barangay_name":"Patay"},"geometry":{"type":"Point","coordinates":[120.90425259999999,17.0865485]}},{"type":"Feature","properties":{"name":"Sagada Health Care Pharmacy Cooperative","kind":"business","kind_label":"Business","source":"google_places","google_place_id":"ChIJ5dmTGWktjjMRK8jTSjRmjqU","google_primary_type":"bank","google_primary_type_label":"Bank","google_types":["bank","finance","point_of_interest","association_or_organization","service","establishment"],"google_maps_uri":"https://maps.google.com/?cid=11929584837730748459&g_mp=Cilnb29nbGUubWFwcy5wbGFjZXMudjEuUGxhY2VzLlNlYXJjaE5lYXJieRACGAQgAA","google_icon_mask_base_uri":"https://maps.gstatic.com/mapfiles/place_api/icons/v2/bank-intl_pinlet","google_icon_background_color":"#909CE1","formatted_address":"3VWR+824, Poblacion (Patay), Sagada, Mountain Province, Philippines","business_status":"OPERATIONAL","rating":null,"user_rating_count":null,"barangay_slug":"patay","barangay_name":"Patay"},"geometry":{"type":"Point","coordinates":[120.8900839,17.095765399999998]}},{"type":"Feature","properties":{"name":"Sagada Pottery","kind":"business","kind_label":"Business","source":"google_places","google_place_id":"ChIJFUhsLNUsjjMR1rE2zQHLBOk","google_primary_type":"gift_shop","google_primary_type_label":"Gift Shop","google_types":["gift_shop","store","point_of_interest","establishment"],"google_maps_uri":"https://maps.google.com/?cid=16790768519342371286&g_mp=Cilnb29nbGUubWFwcy5wbGFjZXMudjEuUGxhY2VzLlNlYXJjaE5lYXJieRACGAQgAA","google_icon_mask_base_uri":"https://maps.gstatic.com/mapfiles/place_api/icons/v2/shopping_pinlet","google_icon_background_color":"#4B96F3","formatted_address":"3VPW+W5X, Sagada - Besao Rd, Poblacion (Patay), Sagada, Mountain Province, Philippines","business_status":"OPERATIONAL","rating":4.2,"user_rating_count":294,"barangay_slug":"patay","barangay_name":"Patay"},"geometry":{"type":"Point","coordinates":[120.89549679999999,17.087350999999998]}},{"type":"Feature","properties":{"name":"Sagada Primary Multipurpose Cooperative","kind":"business","kind_label":"Business","source":"google_places","google_place_id":"ChIJQSAh-c_SjzMRfz6cwT0TBKM","google_primary_type":"bank","google_primary_type_label":"Bank","google_types":["bank","finance","point_of_interest","establishment"],"google_maps_uri":"https://maps.google.com/?cid=11746534884051271295&g_mp=Cidnb29nbGUubWFwcy5wbGFjZXMudjEuUGxhY2VzLlNlYXJjaFRleHQQAhgEIAA","google_icon_mask_base_uri":"https://maps.gstatic.com/mapfiles/place_api/icons/v2/bank-intl_pinlet","google_icon_background_color":"#909CE1","formatted_address":"3WM2+P78, Sagada, 2619 Mountain Province, Philippines","business_status":"OPERATIONAL","rating":3.5,"user_rating_count":4,"barangay_slug":"patay","barangay_name":"Patay"},"geometry":{"type":"Point","coordinates":[120.90069509999998,17.0842907]}},{"type":"Feature","properties":{"name":"Sagada Public Market","kind":"business","kind_label":"Business","source":"google_places","google_place_id":"ChIJDZWP8CvTjzMRebiYYwuJfBI","google_primary_type":"market","google_primary_type_label":"Market","google_types":["market","point_of_interest","establishment"],"google_maps_uri":"https://maps.google.com/?cid=1332090271803422841&g_mp=Cidnb29nbGUubWFwcy5wbGFjZXMudjEuUGxhY2VzLlNlYXJjaFRleHQQAhgEIAA","google_icon_mask_base_uri":"https://maps.gstatic.com/mapfiles/place_api/icons/v2/shopping_pinlet","google_icon_background_color":"#4B96F3","formatted_address":"3WM2+J6P, South Rd, Sagada, Mountain Province, Philippines","business_status":"OPERATIONAL","rating":3.9,"user_rating_count":30,"barangay_slug":"patay","barangay_name":"Patay"},"geometry":{"type":"Point","coordinates":[120.90056659999999,17.0840812]}},{"type":"Feature","properties":{"name":"Sagada Rock Cafe","kind":"business","kind_label":"Business","source":"google_places","google_place_id":"ChIJQ37ueffTjzMRxH1rsTUb5Ck","google_primary_type":"bar","google_primary_type_label":"Bar","google_types":["bar","point_of_interest","establishment"],"google_maps_uri":"https://maps.google.com/?cid=3018567567668903364&g_mp=Cilnb29nbGUubWFwcy5wbGFjZXMudjEuUGxhY2VzLlNlYXJjaE5lYXJieRACGAQgAA","google_icon_mask_base_uri":"https://maps.gstatic.com/mapfiles/place_api/icons/v2/bar_pinlet","google_icon_background_color":"#FF9E67","formatted_address":"3WQ4+26M, Sagada, Mountain Province, Philippines","business_status":"CLOSED_TEMPORARILY","rating":4.8,"user_rating_count":5,"barangay_slug":"patay","barangay_name":"Patay"},"geometry":{"type":"Point","coordinates":[120.9055378,17.0875998]}},{"type":"Feature","properties":{"name":"Sagada Taste 2 Resto Bar","kind":"business","kind_label":"Business","source":"google_places","google_place_id":"ChIJZbkks2vTjzMRyw94s0Y34Dk","google_primary_type":"bar","google_primary_type_label":"Bar","google_types":["bar","point_of_interest","establishment"],"google_maps_uri":"https://maps.google.com/?cid=4170394031743307723&g_mp=Cilnb29nbGUubWFwcy5wbGFjZXMudjEuUGxhY2VzLlNlYXJjaE5lYXJieRACGAQgAA","google_icon_mask_base_uri":"https://maps.gstatic.com/mapfiles/place_api/icons/v2/bar_pinlet","google_icon_background_color":"#FF9E67","formatted_address":"3WV4+H5W, Sagada, Mountain Province, Philippines","business_status":"OPERATIONAL","rating":4,"user_rating_count":1,"barangay_slug":"patay","barangay_name":"Patay"},"geometry":{"type":"Point","coordinates":[120.9054649,17.0939957]}},{"type":"Feature","properties":{"name":"Sagada Tourist Assistance Office","kind":"business","kind_label":"Business","source":"google_places","google_place_id":"ChIJ0dg1LI_TjzMRCNjWLmFyC7Q","google_primary_type":"travel_agency","google_primary_type_label":"Travel Agency","google_types":["travel_agency","service","point_of_interest","establishment"],"google_maps_uri":"https://maps.google.com/?cid=12973588913294071816&g_mp=Cilnb29nbGUubWFwcy5wbGFjZXMudjEuUGxhY2VzLlNlYXJjaE5lYXJieRACGAQgAA","google_icon_mask_base_uri":"https://maps.gstatic.com/mapfiles/place_api/icons/v2/generic_pinlet","google_icon_background_color":"#7B9EB0","formatted_address":"Poblacion (Patay), Sagada, 2619 Mountain Province, Philippines","business_status":"OPERATIONAL","rating":4.5,"user_rating_count":2,"barangay_slug":"patay","barangay_name":"Patay"},"geometry":{"type":"Point","coordinates":[120.90024980000001,17.0844166]}},{"type":"Feature","properties":{"name":"Sagada Town Café","kind":"business","kind_label":"Business","source":"google_places","google_place_id":"ChIJvy705ivTjzMRuLBC1wiuFjY","google_primary_type":"cafe","google_primary_type_label":"Cafe","google_types":["cafe","food","point_of_interest","establishment"],"google_maps_uri":"https://maps.google.com/?cid=3897493880530186424&g_mp=Cilnb29nbGUubWFwcy5wbGFjZXMudjEuUGxhY2VzLlNlYXJjaE5lYXJieRACGAQgAA","google_icon_mask_base_uri":"https://maps.gstatic.com/mapfiles/place_api/icons/v2/cafe_pinlet","google_icon_background_color":"#FF9E67","formatted_address":"3WM2+QCV, Sagada, Mountain Province, Philippines","business_status":"OPERATIONAL","rating":4,"user_rating_count":3,"barangay_slug":"patay","barangay_name":"Patay"},"geometry":{"type":"Point","coordinates":[120.90103909999999,17.084481399999998]}},{"type":"Feature","properties":{"name":"Sagada Travel and Tours","kind":"business","kind_label":"Business","source":"google_places","google_place_id":"ChIJ339tdQDTjzMR1Hx8CMKoz8s","google_primary_type":"tour_agency","google_primary_type_label":"Tour Agency","google_types":["tour_agency","travel_agency","point_of_interest","service","establishment"],"google_maps_uri":"https://maps.google.com/?cid=14686142461197974740&g_mp=Cilnb29nbGUubWFwcy5wbGFjZXMudjEuUGxhY2VzLlNlYXJjaE5lYXJieRACGAQgAA","google_icon_mask_base_uri":"https://maps.gstatic.com/mapfiles/place_api/icons/v2/generic_pinlet","google_icon_background_color":"#7B9EB0","formatted_address":"3WX4+7W3, Sagada, Mountain Province, Philippines","business_status":"OPERATIONAL","rating":4,"user_rating_count":1,"barangay_slug":"patay","barangay_name":"Patay"},"geometry":{"type":"Point","coordinates":[120.90730399999998,17.0981353]}},{"type":"Feature","properties":{"name":"Sagada Weaving","kind":"business","kind_label":"Business","source":"google_places","google_place_id":"ChIJt9WztSnTjzMRNl46yuUtjrM","google_primary_type":"store","google_primary_type_label":"Store","google_types":["store","point_of_interest","establishment"],"google_maps_uri":"https://maps.google.com/?cid=12938329244445597238&g_mp=Cilnb29nbGUubWFwcy5wbGFjZXMudjEuUGxhY2VzLlNlYXJjaE5lYXJieRACGAQgAA","google_icon_mask_base_uri":"https://maps.gstatic.com/mapfiles/place_api/icons/v2/shopping_pinlet","google_icon_background_color":"#4B96F3","formatted_address":"Staunton Rd, Sagada, Mountain Province, Philippines","business_status":"OPERATIONAL","rating":4.3,"user_rating_count":382,"barangay_slug":"patay","barangay_name":"Patay"},"geometry":{"type":"Point","coordinates":[120.9042769,17.0869261]}},{"type":"Feature","properties":{"name":"Saint Joseph restaurant","kind":"business","kind_label":"Business","source":"google_places","google_place_id":"ChIJuVP-ck7TjzMRHwckI2NwjQ0","google_primary_type":"restaurant","google_primary_type_label":"Restaurant","google_types":["restaurant","point_of_interest","food","establishment"],"google_maps_uri":"https://maps.google.com/?cid=976560265302902559&g_mp=Cilnb29nbGUubWFwcy5wbGFjZXMudjEuUGxhY2VzLlNlYXJjaE5lYXJieRACGAQgAA","google_icon_mask_base_uri":"https://maps.gstatic.com/mapfiles/place_api/icons/v2/restaurant_pinlet","google_icon_background_color":"#FF9E67","formatted_address":"3WX4+7W3, Sagada, Mountain Province, Philippines","business_status":"OPERATIONAL","rating":5,"user_rating_count":1,"barangay_slug":"patay","barangay_name":"Patay"},"geometry":{"type":"Point","coordinates":[120.90730399999998,17.0981353]}},{"type":"Feature","properties":{"name":"Shamrock Cafe II","kind":"business","kind_label":"Business","source":"google_places","google_place_id":"ChIJXQmn6CvTjzMRYe13XF972LM","google_primary_type":"restaurant","google_primary_type_label":"Restaurant","google_types":["restaurant","food","point_of_interest","establishment"],"google_maps_uri":"https://maps.google.com/?cid=12959243577262075233&g_mp=Cilnb29nbGUubWFwcy5wbGFjZXMudjEuUGxhY2VzLlNlYXJjaE5lYXJieRACGAQgAA","google_icon_mask_base_uri":"https://maps.gstatic.com/mapfiles/place_api/icons/v2/restaurant_pinlet","google_icon_background_color":"#FF9E67","formatted_address":"3WM2+Q8P, Staunton Rd, Sagada, Mountain Province, Philippines","business_status":"OPERATIONAL","rating":4,"user_rating_count":3,"barangay_slug":"patay","barangay_name":"Patay"},"geometry":{"type":"Point","coordinates":[120.90083960000001,17.084466]}},{"type":"Feature","properties":{"name":"SLABHOUSE Sagada Restaurant","kind":"business","kind_label":"Business","source":"google_places","google_place_id":"ChIJBQAAHdbSjzMRJTe2c8v1UEo","google_primary_type":"restaurant","google_primary_type_label":"Restaurant","google_types":["restaurant","food","point_of_interest","establishment"],"google_maps_uri":"https://maps.google.com/?cid=5355050211112007461&g_mp=Cidnb29nbGUubWFwcy5wbGFjZXMudjEuUGxhY2VzLlNlYXJjaFRleHQQAhgEIAA","google_icon_mask_base_uri":"https://maps.gstatic.com/mapfiles/place_api/icons/v2/restaurant_pinlet","google_icon_background_color":"#FF9E67","formatted_address":"Sagada, Mountain Province, Philippines","business_status":"OPERATIONAL","rating":4,"user_rating_count":79,"barangay_slug":"patay","barangay_name":"Patay"},"geometry":{"type":"Point","coordinates":[120.9003959,17.0830215]}},{"type":"Feature","properties":{"name":"SM General Merchandise","kind":"business","kind_label":"Business","source":"google_places","google_place_id":"ChIJNRQg5ivTjzMRdpA-kQfFT8Y","google_primary_type":"store","google_primary_type_label":"Store","google_types":["store","point_of_interest","establishment"],"google_maps_uri":"https://maps.google.com/?cid=14289856778962112630&g_mp=Cilnb29nbGUubWFwcy5wbGFjZXMudjEuUGxhY2VzLlNlYXJjaE5lYXJieRACGAQgAA","google_icon_mask_base_uri":"https://maps.gstatic.com/mapfiles/place_api/icons/v2/shopping_pinlet","google_icon_background_color":"#4B96F3","formatted_address":"3WM2+Q8X, Staunton Rd, Sagada, Mountain Province, Philippines","business_status":"OPERATIONAL","rating":null,"user_rating_count":null,"barangay_slug":"patay","barangay_name":"Patay"},"geometry":{"type":"Point","coordinates":[120.90085160000001,17.084498]}},{"type":"Feature","properties":{"name":"Snack shop","kind":"business","kind_label":"Business","source":"google_places","google_place_id":"ChIJH8taeMzTjzMRdpFd2cVCvpI","google_primary_type":"restaurant","google_primary_type_label":"Restaurant","google_types":["restaurant","point_of_interest","food","establishment"],"google_maps_uri":"https://maps.google.com/?cid=10573962392635281782&g_mp=Cilnb29nbGUubWFwcy5wbGFjZXMudjEuUGxhY2VzLlNlYXJjaE5lYXJieRACGAQgAA","google_icon_mask_base_uri":"https://maps.gstatic.com/mapfiles/place_api/icons/v2/restaurant_pinlet","google_icon_background_color":"#FF9E67","formatted_address":"3WR3+9HQ, Sagada, Mountain Province, Philippines","business_status":"OPERATIONAL","rating":4,"user_rating_count":1,"barangay_slug":"patay","barangay_name":"Patay"},"geometry":{"type":"Point","coordinates":[120.90397469999998,17.0909579]}},{"type":"Feature","properties":{"name":"St. Columba Credit Cooperative","kind":"business","kind_label":"Business","source":"google_places","google_place_id":"ChIJQSAh-c_SjzMRP9wmlve4Qzk","google_primary_type":"bank","google_primary_type_label":"Bank","google_types":["bank","finance","point_of_interest","establishment"],"google_maps_uri":"https://maps.google.com/?cid=4126345057117068351&g_mp=Cilnb29nbGUubWFwcy5wbGFjZXMudjEuUGxhY2VzLlNlYXJjaE5lYXJieRACGAQgAA","google_icon_mask_base_uri":"https://maps.gstatic.com/mapfiles/place_api/icons/v2/bank-intl_pinlet","google_icon_background_color":"#909CE1","formatted_address":"3WX4+CRH, Sagada, 2619 Mountain Province, Philippines","business_status":"OPERATIONAL","rating":null,"user_rating_count":null,"barangay_slug":"patay","barangay_name":"Patay"},"geometry":{"type":"Point","coordinates":[120.907113,17.098563000000002]}},{"type":"Feature","properties":{"name":"Suman Store","kind":"business","kind_label":"Business","source":"google_places","google_place_id":"ChIJtbnQBQDTjzMRwM3nTOZZH0w","google_primary_type":"car_repair","google_primary_type_label":"Car repair and maintenance service","google_types":["car_repair","service","point_of_interest","establishment"],"google_maps_uri":"https://maps.google.com/?cid=5485201716828163520&g_mp=Cidnb29nbGUubWFwcy5wbGFjZXMudjEuUGxhY2VzLlNlYXJjaFRleHQQAhgEIAA","google_icon_mask_base_uri":"https://maps.gstatic.com/mapfiles/place_api/icons/v2/generic_pinlet","google_icon_background_color":"#7B9EB0","formatted_address":"3WX4+7W3, Sagada, Mountain Province, Philippines","business_status":"OPERATIONAL","rating":null,"user_rating_count":null,"barangay_slug":"patay","barangay_name":"Patay"},"geometry":{"type":"Point","coordinates":[120.90730399999998,17.0981353]}},{"type":"Feature","properties":{"name":"Sunset View and Pizza Bar","kind":"business","kind_label":"Business","source":"google_places","google_place_id":"ChIJidzeFKwtjjMRJrBYwE3n8gU","google_primary_type":"restaurant","google_primary_type_label":"Restaurant","google_types":["restaurant","food","point_of_interest","establishment"],"google_maps_uri":"https://maps.google.com/?cid=428659235679154214&g_mp=Cilnb29nbGUubWFwcy5wbGFjZXMudjEuUGxhY2VzLlNlYXJjaE5lYXJieRACGAQgAA","google_icon_mask_base_uri":"https://maps.gstatic.com/mapfiles/place_api/icons/v2/restaurant_pinlet","google_icon_background_color":"#FF9E67","formatted_address":"Sagada, Mountain Province, Philippines","business_status":"OPERATIONAL","rating":4.4,"user_rating_count":51,"barangay_slug":"patay","barangay_name":"Patay"},"geometry":{"type":"Point","coordinates":[120.885673,17.0959283]}},{"type":"Feature","properties":{"name":"Tamaraw CafeBar","kind":"business","kind_label":"Business","source":"google_places","google_place_id":"ChIJE44v1BelkTMR-5FSN_i9hPo","google_primary_type":"sports_bar","google_primary_type_label":"Sports Bar","google_types":["sports_bar","cafe","bar","point_of_interest","food","establishment"],"google_maps_uri":"https://maps.google.com/?cid=18051762080185487867&g_mp=Cilnb29nbGUubWFwcy5wbGFjZXMudjEuUGxhY2VzLlNlYXJjaE5lYXJieRACGAQgAA","google_icon_mask_base_uri":"https://maps.gstatic.com/mapfiles/place_api/icons/v2/bar_pinlet","google_icon_background_color":"#FF9E67","formatted_address":"Capinitan Dogo Capinitan, Poblacion Bangaan Rd, Sagada, 2619 Mountain Province, Philippines","business_status":"OPERATIONAL","rating":null,"user_rating_count":null,"barangay_slug":"patay","barangay_name":"Patay"},"geometry":{"type":"Point","coordinates":[120.90566319999998,17.0958872]}},{"type":"Feature","properties":{"name":"TANMAYA COMPUTER ONLINE WORK & BOOK STORE,SAGADA","kind":"business","kind_label":"Business","source":"google_places","google_place_id":"ChIJ73haBgDTjzMRuuC1XhYGt5g","google_primary_type":"internet_cafe","google_primary_type_label":"Internet Cafe","google_types":["internet_cafe","point_of_interest","service","establishment"],"google_maps_uri":"https://maps.google.com/?cid=11004270907651121338&g_mp=Cidnb29nbGUubWFwcy5wbGFjZXMudjEuUGxhY2VzLlNlYXJjaFRleHQQAhgEIAA","google_icon_mask_base_uri":"https://maps.gstatic.com/mapfiles/place_api/icons/v2/generic_pinlet","google_icon_background_color":"#7B9EB0","formatted_address":"3WX4+7W3 NEAR BUS STAND, Sagada, Mountain Province, Philippines","business_status":"OPERATIONAL","rating":null,"user_rating_count":null,"barangay_slug":"patay","barangay_name":"Patay"},"geometry":{"type":"Point","coordinates":[120.90730399999998,17.0981353]}},{"type":"Feature","properties":{"name":"The black Door","kind":"business","kind_label":"Business","source":"google_places","google_place_id":"ChIJsxOCTCPTjzMRv85D_pkKoo8","google_primary_type":"restaurant","google_primary_type_label":"Restaurant","google_types":["restaurant","point_of_interest","food","establishment"],"google_maps_uri":"https://maps.google.com/?cid=10349846550162951871&g_mp=Cilnb29nbGUubWFwcy5wbGFjZXMudjEuUGxhY2VzLlNlYXJjaE5lYXJieRACGAQgAA","google_icon_mask_base_uri":"https://maps.gstatic.com/mapfiles/place_api/icons/v2/restaurant_pinlet","google_icon_background_color":"#FF9E67","formatted_address":"3WX4+7W3, Sagada, Mountain Province, Philippines","business_status":"OPERATIONAL","rating":4.5,"user_rating_count":2,"barangay_slug":"patay","barangay_name":"Patay"},"geometry":{"type":"Point","coordinates":[120.90730399999998,17.0981353]}},{"type":"Feature","properties":{"name":"The Cauldron","kind":"business","kind_label":"Business","source":"google_places","google_place_id":"ChIJC5WygGjTjzMRXZL7bzHQh18","google_primary_type":"restaurant","google_primary_type_label":"Restaurant","google_types":["restaurant","point_of_interest","food","establishment"],"google_maps_uri":"https://maps.google.com/?cid=6883699466209825373&g_mp=Cilnb29nbGUubWFwcy5wbGFjZXMudjEuUGxhY2VzLlNlYXJjaE5lYXJieRACGAQgAA","google_icon_mask_base_uri":"https://maps.gstatic.com/mapfiles/place_api/icons/v2/restaurant_pinlet","google_icon_background_color":"#FF9E67","formatted_address":"Bangaan Rd, Sagada, 2619 Mountain Province, Philippines","business_status":"CLOSED_TEMPORARILY","rating":4.9,"user_rating_count":16,"barangay_slug":"patay","barangay_name":"Patay"},"geometry":{"type":"Point","coordinates":[120.90648709999998,17.0979891]}},{"type":"Feature","properties":{"name":"Tiffany Wilson","kind":"business","kind_label":"Business","source":"google_places","google_place_id":"ChIJl-qZpRrTjzMRSTQA_prPDUs","google_primary_type":"jewelry_store","google_primary_type_label":"Jewelry Store","google_types":["jewelry_store","store","point_of_interest","establishment"],"google_maps_uri":"https://maps.google.com/?cid=5408206992135173193&g_mp=Cilnb29nbGUubWFwcy5wbGFjZXMudjEuUGxhY2VzLlNlYXJjaE5lYXJieRACGAQgAA","google_icon_mask_base_uri":"https://maps.gstatic.com/mapfiles/place_api/icons/v2/shopping_pinlet","google_icon_background_color":"#4B96F3","formatted_address":"3WX4+7W3, Sagada, Mountain Province, Philippines","business_status":"OPERATIONAL","rating":null,"user_rating_count":null,"barangay_slug":"patay","barangay_name":"Patay"},"geometry":{"type":"Point","coordinates":[120.90730399999998,17.0981353]}},{"type":"Feature","properties":{"name":"Tuding","kind":"business","kind_label":"Business","source":"google_places","google_place_id":"ChIJ_3kQUwDTjzMR-E2YqpyHV3A","google_primary_type":"general_contractor","google_primary_type_label":"General Contractor","google_types":["point_of_interest","general_contractor","service","establishment"],"google_maps_uri":"https://maps.google.com/?cid=8095087962168511992&g_mp=Cidnb29nbGUubWFwcy5wbGFjZXMudjEuUGxhY2VzLlNlYXJjaFRleHQQAhgEIAA","google_icon_mask_base_uri":"https://maps.gstatic.com/mapfiles/place_api/icons/v2/generic_pinlet","google_icon_background_color":"#7B9EB0","formatted_address":"Sagada hill itogon, Sagada, Mountain Province, Philippines","business_status":"OPERATIONAL","rating":5,"user_rating_count":1,"barangay_slug":"patay","barangay_name":"Patay"},"geometry":{"type":"Point","coordinates":[120.90906249999998,17.0990864]}},{"type":"Feature","properties":{"name":"Dr. Claire A. Lalwet","kind":"clinic","kind_label":"Clinic","source":"google_places","google_place_id":"ChIJfTgYZinTjzMRz9d6YGJGs5M","google_primary_type":"doctor","google_primary_type_label":"Doctor","google_types":["doctor","health","point_of_interest","establishment"],"google_maps_uri":"https://maps.google.com/?cid=10642927732746016719&g_mp=Cilnb29nbGUubWFwcy5wbGFjZXMudjEuUGxhY2VzLlNlYXJjaE5lYXJieRACGAQgAA","google_icon_mask_base_uri":"https://maps.gstatic.com/mapfiles/place_api/icons/v2/generic_pinlet","google_icon_background_color":"#7B9EB0","formatted_address":"St. Theodore's Hospital, Staunton Road, 3WM2+WV5, Sagada, 2619 Mountain Province, Philippines","business_status":"OPERATIONAL","rating":null,"user_rating_count":null,"barangay_slug":"patay","barangay_name":"Patay"},"geometry":{"type":"Point","coordinates":[120.90224239999999,17.084760799999998]}},{"type":"Feature","properties":{"name":"Shanelle Pharmacy","kind":"clinic","kind_label":"Clinic","source":"google_places","google_place_id":"ChIJpdOf6CvTjzMRjMvCLtKxx4c","google_primary_type":"pharmacy","google_primary_type_label":"Pharmacy","google_types":["pharmacy","health","store","point_of_interest","establishment"],"google_maps_uri":"https://maps.google.com/?cid=9783984231771458444&g_mp=Cilnb29nbGUubWFwcy5wbGFjZXMudjEuUGxhY2VzLlNlYXJjaE5lYXJieRACGAQgAA","google_icon_mask_base_uri":"https://maps.gstatic.com/mapfiles/place_api/icons/v2/pharmacy_pinlet","google_icon_background_color":"#F88181","formatted_address":"3WM2+Q8G, Staunton Rd, Sagada, 2619 Mountain Province, Philippines","business_status":"OPERATIONAL","rating":null,"user_rating_count":null,"barangay_slug":"patay","barangay_name":"Patay"},"geometry":{"type":"Point","coordinates":[120.90082729999999,17.0844398]}},{"type":"Feature","properties":{"name":"TGP The Generics Pharmacy (Sagada)","kind":"clinic","kind_label":"Clinic","source":"google_places","google_place_id":"ChIJPUJ3zrbTjzMRCpeBTSONlOQ","google_primary_type":"pharmacy","google_primary_type_label":"Pharmacy","google_types":["pharmacy","health","store","point_of_interest","establishment"],"google_maps_uri":"https://maps.google.com/?cid=16470944919964456714&g_mp=Cilnb29nbGUubWFwcy5wbGFjZXMudjEuUGxhY2VzLlNlYXJjaE5lYXJieRACGAQgAA","google_icon_mask_base_uri":"https://maps.gstatic.com/mapfiles/place_api/icons/v2/pharmacy_pinlet","google_icon_background_color":"#F88181","formatted_address":"Sagada, 2619 Mountain Province, Philippines","business_status":"OPERATIONAL","rating":4,"user_rating_count":1,"barangay_slug":"patay","barangay_name":"Patay"},"geometry":{"type":"Point","coordinates":[120.90035499999999,17.084236]}},{"type":"Feature","properties":{"name":"Ankileng Elementary School","kind":"govt","kind_label":"Government","source":"google_places","google_place_id":"ChIJgZCJBtDSjzMR4uXeJ-KnwA8","google_primary_type":"government_office","google_primary_type_label":"Government Office","google_types":["school","educational_institution","government_office","point_of_interest","establishment"],"google_maps_uri":"https://maps.google.com/?cid=1135091695870731746&g_mp=Cilnb29nbGUubWFwcy5wbGFjZXMudjEuUGxhY2VzLlNlYXJjaE5lYXJieRACGAQgAA","google_icon_mask_base_uri":"https://maps.gstatic.com/mapfiles/place_api/icons/v2/school_pinlet","google_icon_background_color":"#7B9EB0","formatted_address":"3WX4+4R8 Ankileng, Bangaan Rd, Sagada, 2619 Mountain Province, Philippines","business_status":"CLOSED_TEMPORARILY","rating":null,"user_rating_count":null,"barangay_slug":"patay","barangay_name":"Patay"},"geometry":{"type":"Point","coordinates":[120.90708499999998,17.0977997]}},{"type":"Feature","properties":{"name":"Antadao Elementary School","kind":"govt","kind_label":"Government","source":"google_places","google_place_id":"ChIJgZCJBtDSjzMRn3-5rtHNxmY","google_primary_type":"government_office","google_primary_type_label":"Government Office","google_types":["school","educational_institution","government_office","point_of_interest","establishment"],"google_maps_uri":"https://maps.google.com/?cid=7405832937720610719&g_mp=Cilnb29nbGUubWFwcy5wbGFjZXMudjEuUGxhY2VzLlNlYXJjaE5lYXJieRACGAQgAA","google_icon_mask_base_uri":"https://maps.gstatic.com/mapfiles/place_api/icons/v2/school_pinlet","google_icon_background_color":"#7B9EB0","formatted_address":"3WX4+4R8, Bangaan Rd, Sagada, 2619 Mountain Province, Philippines","business_status":"CLOSED_TEMPORARILY","rating":null,"user_rating_count":null,"barangay_slug":"patay","barangay_name":"Patay"},"geometry":{"type":"Point","coordinates":[120.90708499999998,17.0977997]}},{"type":"Feature","properties":{"name":"Bangaan National High School","kind":"govt","kind_label":"Government","source":"google_places","google_place_id":"ChIJgZCJBtDSjzMRhF7AkvPW4qY","google_primary_type":"government_office","google_primary_type_label":"Government Office","google_types":["school","educational_institution","government_office","point_of_interest","establishment"],"google_maps_uri":"https://maps.google.com/?cid=12025410296660123268&g_mp=Cilnb29nbGUubWFwcy5wbGFjZXMudjEuUGxhY2VzLlNlYXJjaE5lYXJieRACGAQgAA","google_icon_mask_base_uri":"https://maps.gstatic.com/mapfiles/place_api/icons/v2/school_pinlet","google_icon_background_color":"#7B9EB0","formatted_address":"3WX4+4R8, Bangaan Rd, Sagada, 2619 Mountain Province, Philippines","business_status":"CLOSED_TEMPORARILY","rating":null,"user_rating_count":null,"barangay_slug":"patay","barangay_name":"Patay"},"geometry":{"type":"Point","coordinates":[120.90708499999998,17.0977997]}},{"type":"Feature","properties":{"name":"City Health Office","kind":"govt","kind_label":"Government","source":"google_places","google_place_id":"ChIJBzW86yvTjzMRSUDhRBC-Kbc","google_primary_type":"health","google_primary_type_label":"Health","google_types":["local_government_office","government_office","health","point_of_interest","establishment"],"google_maps_uri":"https://maps.google.com/?cid=13198289160070316105&g_mp=Cilnb29nbGUubWFwcy5wbGFjZXMudjEuUGxhY2VzLlNlYXJjaE5lYXJieRACGAQgAA","google_icon_mask_base_uri":"https://maps.gstatic.com/mapfiles/place_api/icons/v2/civic-bldg_pinlet","google_icon_background_color":"#7B9EB0","formatted_address":"3WM2+R4Q, Sagada, Mountain Province, Philippines","business_status":"OPERATIONAL","rating":4,"user_rating_count":1,"barangay_slug":"patay","barangay_name":"Patay"},"geometry":{"type":"Point","coordinates":[120.9003709,17.0845855]}},{"type":"Feature","properties":{"name":"Comelec","kind":"govt","kind_label":"Government","source":"google_places","google_place_id":"ChIJvx497yvTjzMREPFoWgM5lr0","google_primary_type":"government_office","google_primary_type_label":"Government Office","google_types":["government_office","point_of_interest","establishment"],"google_maps_uri":"https://maps.google.com/?cid=13661169206239490320&g_mp=Cilnb29nbGUubWFwcy5wbGFjZXMudjEuUGxhY2VzLlNlYXJjaE5lYXJieRACGAQgAA","google_icon_mask_base_uri":"https://maps.gstatic.com/mapfiles/place_api/icons/v2/civic-bldg_pinlet","google_icon_background_color":"#7B9EB0","formatted_address":"3WM2+P7P, South Rd, Sagada, 2619 Mountain Province, Philippines","business_status":"OPERATIONAL","rating":null,"user_rating_count":null,"barangay_slug":"patay","barangay_name":"Patay"},"geometry":{"type":"Point","coordinates":[120.9007063,17.084335499999998]}},{"type":"Feature","properties":{"name":"DARMO","kind":"govt","kind_label":"Government","source":"google_places","google_place_id":"ChIJEUR87yvTjzMRO55xa7hAhSU","google_primary_type":"government_office","google_primary_type_label":"Government Office","google_types":["government_office","point_of_interest","establishment"],"google_maps_uri":"https://maps.google.com/?cid=2703638312126619195&g_mp=Cilnb29nbGUubWFwcy5wbGFjZXMudjEuUGxhY2VzLlNlYXJjaE5lYXJieRACGAQgAA","google_icon_mask_base_uri":"https://maps.gstatic.com/mapfiles/place_api/icons/v2/civic-bldg_pinlet","google_icon_background_color":"#7B9EB0","formatted_address":"3WM2+P88, South Rd, Sagada, Mountain Province, Philippines","business_status":"OPERATIONAL","rating":null,"user_rating_count":null,"barangay_slug":"patay","barangay_name":"Patay"},"geometry":{"type":"Point","coordinates":[120.9008316,17.0842776]}},{"type":"Feature","properties":{"name":"DILG","kind":"govt","kind_label":"Government","source":"google_places","google_place_id":"ChIJD6AL7yvTjzMRko5ZXNGkVus","google_primary_type":"government_office","google_primary_type_label":"Government Office","google_types":["government_office","point_of_interest","establishment"],"google_maps_uri":"https://maps.google.com/?cid=16957922666014674578&g_mp=Cilnb29nbGUubWFwcy5wbGFjZXMudjEuUGxhY2VzLlNlYXJjaE5lYXJieRACGAQgAA","google_icon_mask_base_uri":"https://maps.gstatic.com/mapfiles/place_api/icons/v2/civic-bldg_pinlet","google_icon_background_color":"#7B9EB0","formatted_address":"3WM2+P79, South Rd, Sagada, 2619 Mountain Province, Philippines","business_status":"OPERATIONAL","rating":null,"user_rating_count":null,"barangay_slug":"patay","barangay_name":"Patay"},"geometry":{"type":"Point","coordinates":[120.90074569999999,17.0842801]}},{"type":"Feature","properties":{"name":"DOTC","kind":"govt","kind_label":"Government","source":"google_places","google_place_id":"ChIJHcx97yvTjzMRpyP__Q7Lkrw","google_primary_type":"government_office","google_primary_type_label":"Government Office","google_types":["government_office","point_of_interest","establishment"],"google_maps_uri":"https://maps.google.com/?cid=13588146290981544871&g_mp=Cilnb29nbGUubWFwcy5wbGFjZXMudjEuUGxhY2VzLlNlYXJjaE5lYXJieRACGAQgAA","google_icon_mask_base_uri":"https://maps.gstatic.com/mapfiles/place_api/icons/v2/civic-bldg_pinlet","google_icon_background_color":"#7B9EB0","formatted_address":"3WM2+P84, South Rd, Sagada, Mountain Province, Philippines","business_status":"OPERATIONAL","rating":null,"user_rating_count":null,"barangay_slug":"patay","barangay_name":"Patay"},"geometry":{"type":"Point","coordinates":[120.90083690000002,17.0842737]}},{"type":"Feature","properties":{"name":"Fidelisan PS","kind":"govt","kind_label":"Government","source":"google_places","google_place_id":"ChIJgZCJBtDSjzMRITGx7cF3Wog","google_primary_type":"government_office","google_primary_type_label":"Government Office","google_types":["school","educational_institution","government_office","point_of_interest","establishment"],"google_maps_uri":"https://maps.google.com/?cid=9825297211862364449&g_mp=Cilnb29nbGUubWFwcy5wbGFjZXMudjEuUGxhY2VzLlNlYXJjaE5lYXJieRACGAQgAA","google_icon_mask_base_uri":"https://maps.gstatic.com/mapfiles/place_api/icons/v2/school_pinlet","google_icon_background_color":"#7B9EB0","formatted_address":"3WX4+4R8, Bangaan Rd, Sagada, 2619 Mountain Province, Philippines","business_status":"CLOSED_TEMPORARILY","rating":null,"user_rating_count":null,"barangay_slug":"patay","barangay_name":"Patay"},"geometry":{"type":"Point","coordinates":[120.90708499999998,17.0977997]}},{"type":"Feature","properties":{"name":"mdrrmc office","kind":"govt","kind_label":"Government","source":"google_places","google_place_id":"ChIJncbVnCTTjzMRF_wPAj6K2V8","google_primary_type":"government_office","google_primary_type_label":"Government Office","google_types":["government_office","point_of_interest","establishment"],"google_maps_uri":"https://maps.google.com/?cid=6906703502476573719&g_mp=Cilnb29nbGUubWFwcy5wbGFjZXMudjEuUGxhY2VzLlNlYXJjaE5lYXJieRACGAQgAA","google_icon_mask_base_uri":"https://maps.gstatic.com/mapfiles/place_api/icons/v2/civic-bldg_pinlet","google_icon_background_color":"#7B9EB0","formatted_address":"3WM2+M7F, Sagada, Mountain Province, Philippines","business_status":"OPERATIONAL","rating":4,"user_rating_count":1,"barangay_slug":"patay","barangay_name":"Patay"},"geometry":{"type":"Point","coordinates":[120.90066979999999,17.0841883]}},{"type":"Feature","properties":{"name":"Nacagang PS","kind":"govt","kind_label":"Government","source":"google_places","google_place_id":"ChIJgZCJBtDSjzMRh972QUzT1S0","google_primary_type":"government_office","google_primary_type_label":"Government Office","google_types":["school","educational_institution","government_office","point_of_interest","establishment"],"google_maps_uri":"https://maps.google.com/?cid=3302778226223799943&g_mp=Cilnb29nbGUubWFwcy5wbGFjZXMudjEuUGxhY2VzLlNlYXJjaE5lYXJieRACGAQgAA","google_icon_mask_base_uri":"https://maps.gstatic.com/mapfiles/place_api/icons/v2/school_pinlet","google_icon_background_color":"#7B9EB0","formatted_address":"Bangaan Road, Nacagang, 3WX4+4R8, Bangaan Rd, Sagada, 2619 Mountain Province, Philippines","business_status":"CLOSED_TEMPORARILY","rating":null,"user_rating_count":null,"barangay_slug":"patay","barangay_name":"Patay"},"geometry":{"type":"Point","coordinates":[120.90708499999998,17.0977997]}},{"type":"Feature","properties":{"name":"NCIP","kind":"govt","kind_label":"Government","source":"google_places","google_place_id":"ChIJ5bps7yvTjzMRZz6Wt_VOhG0","google_primary_type":"government_office","google_primary_type_label":"Government Office","google_types":["government_office","point_of_interest","establishment"],"google_maps_uri":"https://maps.google.com/?cid=7891519264313982567&g_mp=Cilnb29nbGUubWFwcy5wbGFjZXMudjEuUGxhY2VzLlNlYXJjaE5lYXJieRACGAQgAA","google_icon_mask_base_uri":"https://maps.gstatic.com/mapfiles/place_api/icons/v2/civic-bldg_pinlet","google_icon_background_color":"#7B9EB0","formatted_address":"3WM2+P8C, South Rd, Sagada, 2619 Mountain Province, Philippines","business_status":"OPERATIONAL","rating":null,"user_rating_count":null,"barangay_slug":"patay","barangay_name":"Patay"},"geometry":{"type":"Point","coordinates":[120.9007563,17.0843129]}},{"type":"Feature","properties":{"name":"Negosyo Center Sagada","kind":"govt","kind_label":"Government","source":"google_places","google_place_id":"ChIJj3d0LwDTjzMRWX6VGjGifmk","google_primary_type":"government_office","google_primary_type_label":"Government Office","google_types":["government_office","point_of_interest","establishment"],"google_maps_uri":"https://maps.google.com/?cid=7601691552831077977&g_mp=Cilnb29nbGUubWFwcy5wbGFjZXMudjEuUGxhY2VzLlNlYXJjaE5lYXJieRACGAQgAA","google_icon_mask_base_uri":"https://maps.gstatic.com/mapfiles/place_api/icons/v2/civic-bldg_pinlet","google_icon_background_color":"#7B9EB0","formatted_address":"3WM2+M7F, Sagada, Mountain Province, Philippines","business_status":"OPERATIONAL","rating":null,"user_rating_count":null,"barangay_slug":"patay","barangay_name":"Patay"},"geometry":{"type":"Point","coordinates":[120.9006558,17.084126299999998]}},{"type":"Feature","properties":{"name":"Payag-Eo PS","kind":"govt","kind_label":"Government","source":"google_places","google_place_id":"ChIJgZCJBtDSjzMRDcIYWeew7H4","google_primary_type":"government_office","google_primary_type_label":"Government Office","google_types":["school","educational_institution","government_office","point_of_interest","establishment"],"google_maps_uri":"https://maps.google.com/?cid=9145879450961363469&g_mp=Cilnb29nbGUubWFwcy5wbGFjZXMudjEuUGxhY2VzLlNlYXJjaE5lYXJieRACGAQgAA","google_icon_mask_base_uri":"https://maps.gstatic.com/mapfiles/place_api/icons/v2/school_pinlet","google_icon_background_color":"#7B9EB0","formatted_address":"3WX4+4R8, Bangaan Rd, Sagada, 2619 Mountain Province, Philippines","business_status":"CLOSED_TEMPORARILY","rating":null,"user_rating_count":null,"barangay_slug":"patay","barangay_name":"Patay"},"geometry":{"type":"Point","coordinates":[120.90708499999998,17.0977997]}},{"type":"Feature","properties":{"name":"Post Office","kind":"govt","kind_label":"Government","source":"google_places","google_place_id":"ChIJYc0F7yvTjzMRJdmpRQ8EfS4","google_primary_type":"government_office","google_primary_type_label":"Government Office","google_types":["government_office","point_of_interest","establishment"],"google_maps_uri":"https://maps.google.com/?cid=3349838161473296677&g_mp=Cilnb29nbGUubWFwcy5wbGFjZXMudjEuUGxhY2VzLlNlYXJjaE5lYXJieRACGAQgAA","google_icon_mask_base_uri":"https://maps.gstatic.com/mapfiles/place_api/icons/v2/civic-bldg_pinlet","google_icon_background_color":"#7B9EB0","formatted_address":"3WM2+P78, South Rd, Sagada, Mountain Province, Philippines","business_status":"OPERATIONAL","rating":5,"user_rating_count":3,"barangay_slug":"patay","barangay_name":"Patay"},"geometry":{"type":"Point","coordinates":[120.9007014,17.0842955]}},{"type":"Feature","properties":{"name":"Public Employment Service Office - Sagada","kind":"govt","kind_label":"Government","source":"google_places","google_place_id":"ChIJtUwNA9DSjzMRhsIH2TX3bs4","google_primary_type":"government_office","google_primary_type_label":"Government Office","google_types":["government_office","point_of_interest","establishment"],"google_maps_uri":"https://maps.google.com/?cid=14875098429897818758&g_mp=Cilnb29nbGUubWFwcy5wbGFjZXMudjEuUGxhY2VzLlNlYXJjaE5lYXJieRACGAQgAA","google_icon_mask_base_uri":"https://maps.gstatic.com/mapfiles/place_api/icons/v2/civic-bldg_pinlet","google_icon_background_color":"#7B9EB0","formatted_address":"3WX4+5MX Municipal Social Welfare and Development Office, Bangaan Rd, Sagada, 2619 Mountain Province, Philippines","business_status":"OPERATIONAL","rating":null,"user_rating_count":null,"barangay_slug":"patay","barangay_name":"Patay"},"geometry":{"type":"Point","coordinates":[120.90672499999998,17.097986]}},{"type":"Feature","properties":{"name":"sagada","kind":"govt","kind_label":"Government","source":"google_places","google_place_id":"ChIJ530XZADTjzMRNdi97YDmaI0","google_primary_type":"government_office","google_primary_type_label":"Government Office","google_types":["government_office","point_of_interest","establishment"],"google_maps_uri":"https://maps.google.com/?cid=10189647598344591413&g_mp=Cilnb29nbGUubWFwcy5wbGFjZXMudjEuUGxhY2VzLlNlYXJjaE5lYXJieRACGAQgAA","google_icon_mask_base_uri":"https://maps.gstatic.com/mapfiles/place_api/icons/v2/civic-bldg_pinlet","google_icon_background_color":"#7B9EB0","formatted_address":"3WP3+7WQ, Sagada, Mountain Province, Philippines","business_status":"OPERATIONAL","rating":null,"user_rating_count":null,"barangay_slug":"patay","barangay_name":"Patay"},"geometry":{"type":"Point","coordinates":[120.90482819999998,17.0859313]}},{"type":"Feature","properties":{"name":"Sagada Cental School","kind":"govt","kind_label":"Government","source":"google_places","google_place_id":"ChIJgZCJBtDSjzMRBw5yfVB1W60","google_primary_type":"government_office","google_primary_type_label":"Government Office","google_types":["school","educational_institution","government_office","point_of_interest","establishment"],"google_maps_uri":"https://maps.google.com/?cid=12491706980004662791&g_mp=Cilnb29nbGUubWFwcy5wbGFjZXMudjEuUGxhY2VzLlNlYXJjaE5lYXJieRACGAQgAA","google_icon_mask_base_uri":"https://maps.gstatic.com/mapfiles/place_api/icons/v2/school_pinlet","google_icon_background_color":"#7B9EB0","formatted_address":"3WX4+4R8, Bangaan Rd, Sagada, 2619 Mountain Province, Philippines","business_status":"CLOSED_TEMPORARILY","rating":null,"user_rating_count":null,"barangay_slug":"patay","barangay_name":"Patay"},"geometry":{"type":"Point","coordinates":[120.90708499999998,17.0977997]}},{"type":"Feature","properties":{"name":"SAGADA DEULI UP SCHOOL","kind":"govt","kind_label":"Government","source":"google_places","google_place_id":"ChIJv2czaADTjzMR9dLmeCFaA4E","google_primary_type":"government_office","google_primary_type_label":"Government Office","google_types":["school","educational_institution","government_office","point_of_interest","establishment"],"google_maps_uri":"https://maps.google.com/?cid=9296373155631649525&g_mp=Cilnb29nbGUubWFwcy5wbGFjZXMudjEuUGxhY2VzLlNlYXJjaE5lYXJieRACGAQgAA","google_icon_mask_base_uri":"https://maps.gstatic.com/mapfiles/place_api/icons/v2/school_pinlet","google_icon_background_color":"#7B9EB0","formatted_address":"3WX4+7W3 UP SCHOOL, Sagada, Mountain Province, Philippines","business_status":"OPERATIONAL","rating":null,"user_rating_count":null,"barangay_slug":"patay","barangay_name":"Patay"},"geometry":{"type":"Point","coordinates":[120.90730399999998,17.0981353]}},{"type":"Feature","properties":{"name":"Sagada Fire Station","kind":"govt","kind_label":"Government","source":"google_places","google_place_id":"ChIJibsVZynTjzMRnfldnAI88H4","google_primary_type":"fire_station","google_primary_type_label":"Fire Station","google_types":["fire_station","government_office","service","point_of_interest","establishment"],"google_maps_uri":"https://maps.google.com/?cid=9146876825100482973&g_mp=Cilnb29nbGUubWFwcy5wbGFjZXMudjEuUGxhY2VzLlNlYXJjaE5lYXJieRACGAQgAA","google_icon_mask_base_uri":"https://maps.gstatic.com/mapfiles/place_api/icons/v2/civic-bldg_pinlet","google_icon_background_color":"#7B9EB0","formatted_address":"Mission Road, Sagada, Mountain Province, Philippines","business_status":"OPERATIONAL","rating":4,"user_rating_count":2,"barangay_slug":"patay","barangay_name":"Patay"},"geometry":{"type":"Point","coordinates":[120.90207199999999,17.0846275]}},{"type":"Feature","properties":{"name":"Sagada Municipal Hall","kind":"govt","kind_label":"Government","source":"google_places","google_place_id":"ChIJTWa77ivTjzMRg6rqsLwGlOQ","google_primary_type":"city_hall","google_primary_type_label":"City Hall","google_types":["city_hall","local_government_office","government_office","service","point_of_interest","establishment"],"google_maps_uri":"https://maps.google.com/?cid=16470797144692533891&g_mp=Cilnb29nbGUubWFwcy5wbGFjZXMudjEuUGxhY2VzLlNlYXJjaE5lYXJieRACGAQgAA","google_icon_mask_base_uri":"https://maps.gstatic.com/mapfiles/place_api/icons/v2/civic-bldg_pinlet","google_icon_background_color":"#7B9EB0","formatted_address":"3WM2+P6J, South Rd, Sagada, Mountain Province, Philippines","business_status":"OPERATIONAL","rating":4.3,"user_rating_count":36,"barangay_slug":"patay","barangay_name":"Patay"},"geometry":{"type":"Point","coordinates":[120.90051039999999,17.084325]}},{"type":"Feature","properties":{"name":"Sagada Municipal Police Station","kind":"govt","kind_label":"Government","source":"google_places","google_place_id":"ChIJ6Uf05SvTjzMRB6Wm61wlw-I","google_primary_type":"government_office","google_primary_type_label":"Government Office","google_types":["police","government_office","service","point_of_interest","establishment"],"google_maps_uri":"https://maps.google.com/?cid=16339944954051077383&g_mp=Cilnb29nbGUubWFwcy5wbGFjZXMudjEuUGxhY2VzLlNlYXJjaE5lYXJieRACGAQgAA","google_icon_mask_base_uri":"https://maps.gstatic.com/mapfiles/place_api/icons/v2/police_pinlet","google_icon_background_color":"#F88181","formatted_address":"3WM2+P8F, South Rd, Sagada, Mountain Province, Philippines","business_status":"OPERATIONAL","rating":null,"user_rating_count":null,"barangay_slug":"patay","barangay_name":"Patay"},"geometry":{"type":"Point","coordinates":[120.90080969999998,17.0843045]}},{"type":"Feature","properties":{"name":"Sagada Municipal Tourist Information Center","kind":"govt","kind_label":"Government","source":"google_places","google_place_id":"ChIJgwSzjivTjzMR4nm1g_u-zqk","google_primary_type":"tourist_information_center","google_primary_type_label":"Tourist Information Center","google_types":["tourist_information_center","tour_agency","travel_agency","local_government_office","government_office","service","point_of_interest","establishment"],"google_maps_uri":"https://maps.google.com/?cid=12235927225067993570&g_mp=Cilnb29nbGUubWFwcy5wbGFjZXMudjEuUGxhY2VzLlNlYXJjaE5lYXJieRACGAQgAA","google_icon_mask_base_uri":"https://maps.gstatic.com/mapfiles/place_api/icons/v2/generic_pinlet","google_icon_background_color":"#7B9EB0","formatted_address":"3WP3+PJM, South Rd, Sagada, 2619 Mountain Province, Philippines","business_status":"OPERATIONAL","rating":4.2,"user_rating_count":269,"barangay_slug":"patay","barangay_name":"Patay"},"geometry":{"type":"Point","coordinates":[120.90068300000001,17.084308999999998]}},{"type":"Feature","properties":{"name":"St. Theodore of Tarsus Hospital","kind":"hospital","kind_label":"Hospital","source":"google_places","google_place_id":"ChIJOfcUZinTjzMR0Q7mNw0Td-I","google_primary_type":"hospital","google_primary_type_label":"Hospital","google_types":["hospital","service","health","point_of_interest","establishment"],"google_maps_uri":"https://maps.google.com/?cid=16318532722293608145&g_mp=Cilnb29nbGUubWFwcy5wbGFjZXMudjEuUGxhY2VzLlNlYXJjaE5lYXJieRACGAQgAA","google_icon_mask_base_uri":"https://maps.gstatic.com/mapfiles/place_api/icons/v2/hospital-H_pinlet","google_icon_background_color":"#F88181","formatted_address":"Staunton Rd, Sagada, Mountain Province, Philippines","business_status":"OPERATIONAL","rating":3.6,"user_rating_count":5,"barangay_slug":"patay","barangay_name":"Patay"},"geometry":{"type":"Point","coordinates":[120.90219609999998,17.084906999999998]}},{"type":"Feature","properties":{"name":"7JS 1 STORE","kind":"market","kind_label":"Market","source":"google_places","google_place_id":"ChIJpU45PQDTjzMR0QKcTsp-FRM","google_primary_type":"convenience_store","google_primary_type_label":"Convenience Store","google_types":["convenience_store","food_store","store","food","point_of_interest","establishment"],"google_maps_uri":"https://maps.google.com/?cid=1375144668598895313&g_mp=Cilnb29nbGUubWFwcy5wbGFjZXMudjEuUGxhY2VzLlNlYXJjaE5lYXJieRACGAQgAA","google_icon_mask_base_uri":"https://maps.gstatic.com/mapfiles/place_api/icons/v2/convenience_pinlet","google_icon_background_color":"#4B96F3","formatted_address":"3WM2+P4G, South Rd, Sagada, Mountain Province, Philippines","business_status":"OPERATIONAL","rating":null,"user_rating_count":null,"barangay_slug":"patay","barangay_name":"Patay"},"geometry":{"type":"Point","coordinates":[120.9003558,17.0842292]}},{"type":"Feature","properties":{"name":"Ada's Imported Goods & Liquor","kind":"market","kind_label":"Market","source":"google_places","google_place_id":"ChIJvQwY8ivTjzMR4AY3XC6RqZo","google_primary_type":"convenience_store","google_primary_type_label":"Convenience Store","google_types":["convenience_store","food_store","store","food","point_of_interest","establishment"],"google_maps_uri":"https://maps.google.com/?cid=11144598381206636256&g_mp=Cidnb29nbGUubWFwcy5wbGFjZXMudjEuUGxhY2VzLlNlYXJjaFRleHQQAhgEIAA","google_icon_mask_base_uri":"https://maps.gstatic.com/mapfiles/place_api/icons/v2/convenience_pinlet","google_icon_background_color":"#4B96F3","formatted_address":"2619 Dantay - Sagada Rd, Sagada, Mountain Province, Philippines","business_status":"OPERATIONAL","rating":null,"user_rating_count":null,"barangay_slug":"patay","barangay_name":"Patay"},"geometry":{"type":"Point","coordinates":[120.9004485,17.0840695]}},{"type":"Feature","properties":{"name":"Ap-on Bistang's Convenience Store","kind":"market","kind_label":"Market","source":"google_places","google_place_id":"ChIJiYn4LBjTjzMR7C7-_UJFO0c","google_primary_type":"convenience_store","google_primary_type_label":"Convenience Store","google_types":["convenience_store","food_store","store","food","point_of_interest","establishment"],"google_maps_uri":"https://maps.google.com/?cid=5132772354350264044&g_mp=Cilnb29nbGUubWFwcy5wbGFjZXMudjEuUGxhY2VzLlNlYXJjaE5lYXJieRACGAQgAA","google_icon_mask_base_uri":"https://maps.gstatic.com/mapfiles/place_api/icons/v2/convenience_pinlet","google_icon_background_color":"#4B96F3","formatted_address":"Ato, Sagada, 2619 Mountain Province, Philippines","business_status":"OPERATIONAL","rating":5,"user_rating_count":1,"barangay_slug":"patay","barangay_name":"Patay"},"geometry":{"type":"Point","coordinates":[120.90007930000002,17.0847761]}},{"type":"Feature","properties":{"name":"Audrey's variety store","kind":"market","kind_label":"Market","source":"google_places","google_place_id":"ChIJf4gPjGbTjzMRT-GTdxV4BGU","google_primary_type":"general_store","google_primary_type_label":"General Store","google_types":["general_store","food_store","store","food","point_of_interest","establishment"],"google_maps_uri":"https://maps.google.com/?cid=7279074931333390671&g_mp=Cilnb29nbGUubWFwcy5wbGFjZXMudjEuUGxhY2VzLlNlYXJjaE5lYXJieRACGAQgAA","google_icon_mask_base_uri":"https://maps.gstatic.com/mapfiles/place_api/icons/v2/shopping_pinlet","google_icon_background_color":"#4B96F3","formatted_address":"3WQ2+35V, Sagada, Mountain Province, Philippines","business_status":"OPERATIONAL","rating":null,"user_rating_count":null,"barangay_slug":"patay","barangay_name":"Patay"},"geometry":{"type":"Point","coordinates":[120.9004266,17.0877432]}},{"type":"Feature","properties":{"name":"Batnag's Store","kind":"market","kind_label":"Market","source":"google_places","google_place_id":"ChIJvaorktfSjzMRYJ7FWePSUWY","google_primary_type":"convenience_store","google_primary_type_label":"Convenience Store","google_types":["convenience_store","food_store","food","point_of_interest","store","establishment"],"google_maps_uri":"https://maps.google.com/?cid=7372905938887745120&g_mp=Cilnb29nbGUubWFwcy5wbGFjZXMudjEuUGxhY2VzLlNlYXJjaE5lYXJieRACGAQgAA","google_icon_mask_base_uri":"https://maps.gstatic.com/mapfiles/place_api/icons/v2/convenience_pinlet","google_icon_background_color":"#4B96F3","formatted_address":"3WQ4+RH2, Bangaan Rd, Poblacion (Patay), Sagada, Mountain Province, Philippines","business_status":"OPERATIONAL","rating":3,"user_rating_count":1,"barangay_slug":"patay","barangay_name":"Patay"},"geometry":{"type":"Point","coordinates":[120.90640330000001,17.089514299999998]}},{"type":"Feature","properties":{"name":"Cangbay's Store","kind":"market","kind_label":"Market","source":"google_places","google_place_id":"ChIJQS8nsynTjzMR2E6X3fAeofM","google_primary_type":"convenience_store","google_primary_type_label":"Convenience Store","google_types":["convenience_store","food_store","food","point_of_interest","store","establishment"],"google_maps_uri":"https://maps.google.com/?cid=17555346842325569240&g_mp=Cilnb29nbGUubWFwcy5wbGFjZXMudjEuUGxhY2VzLlNlYXJjaE5lYXJieRACGAQgAA","google_icon_mask_base_uri":"https://maps.gstatic.com/mapfiles/place_api/icons/v2/convenience_pinlet","google_icon_background_color":"#4B96F3","formatted_address":"3WP3+HQW, Staunton Rd, Sagada, 2619 Mountain Province, Philippines","business_status":"OPERATIONAL","rating":4.5,"user_rating_count":2,"barangay_slug":"patay","barangay_name":"Patay"},"geometry":{"type":"Point","coordinates":[120.9044449,17.0864973]}},{"type":"Feature","properties":{"name":"Echo Valley Farm","kind":"market","kind_label":"Market","source":"google_places","google_place_id":"ChIJ85QfDADTjzMRb_QiJfiia2E","google_primary_type":"coffee_shop","google_primary_type_label":"Coffee Shop","google_types":["coffee_shop","cafe","food_store","store","food","point_of_interest","establishment"],"google_maps_uri":"https://maps.google.com/?cid=7019883630845686895&g_mp=Cilnb29nbGUubWFwcy5wbGFjZXMudjEuUGxhY2VzLlNlYXJjaE5lYXJieRACGAQgAA","google_icon_mask_base_uri":"https://maps.gstatic.com/mapfiles/place_api/icons/v2/cafe_pinlet","google_icon_background_color":"#FF9E67","formatted_address":"3WM4+57F, Sagada, Mountain Province, Philippines","business_status":"OPERATIONAL","rating":5,"user_rating_count":10,"barangay_slug":"patay","barangay_name":"Patay"},"geometry":{"type":"Point","coordinates":[120.90566279999999,17.0829274]}},{"type":"Feature","properties":{"name":"Garrison","kind":"market","kind_label":"Market","source":"google_places","google_place_id":"ChIJB2166CvTjzMRZMea64CBY3I","google_primary_type":"convenience_store","google_primary_type_label":"Convenience Store","google_types":["convenience_store","food_store","store","food","point_of_interest","establishment"],"google_maps_uri":"https://maps.google.com/?cid=8242574133726725988&g_mp=Cilnb29nbGUubWFwcy5wbGFjZXMudjEuUGxhY2VzLlNlYXJjaE5lYXJieRACGAQgAA","google_icon_mask_base_uri":"https://maps.gstatic.com/mapfiles/place_api/icons/v2/convenience_pinlet","google_icon_background_color":"#4B96F3","formatted_address":"3WM2+V76, Staunton Rd, Sagada, Mountain Province, Philippines","business_status":"OPERATIONAL","rating":3,"user_rating_count":1,"barangay_slug":"patay","barangay_name":"Patay"},"geometry":{"type":"Point","coordinates":[120.90063140000001,17.084664]}},{"type":"Feature","properties":{"name":"Gawidan's","kind":"market","kind_label":"Market","source":"google_places","google_place_id":"ChIJiaZQvivTjzMRgj812BwZTIA","google_primary_type":"bakery","google_primary_type_label":"Bakery","google_types":["bakery","food_store","food","point_of_interest","store","establishment"],"google_maps_uri":"https://maps.google.com/?cid=9244791746761932674&g_mp=Cilnb29nbGUubWFwcy5wbGFjZXMudjEuUGxhY2VzLlNlYXJjaE5lYXJieRACGAQgAA","google_icon_mask_base_uri":"https://maps.gstatic.com/mapfiles/place_api/icons/v2/restaurant_pinlet","google_icon_background_color":"#FF9E67","formatted_address":"3VPX+2XX, Besao Road, Sagada, Mountain Province, Philippines","business_status":"OPERATIONAL","rating":null,"user_rating_count":null,"barangay_slug":"patay","barangay_name":"Patay"},"geometry":{"type":"Point","coordinates":[120.8999723,17.0851147]}},{"type":"Feature","properties":{"name":"Highland Brews and Tales","kind":"market","kind_label":"Market","source":"google_places","google_place_id":"ChIJSWq1WgDTjzMRx-ktQmR20Go","google_primary_type":"coffee_shop","google_primary_type_label":"Coffee Shop","google_types":["coffee_shop","cafe","food_store","store","point_of_interest","food","establishment"],"google_maps_uri":"https://maps.google.com/?cid=7696781936155290055&g_mp=Cilnb29nbGUubWFwcy5wbGFjZXMudjEuUGxhY2VzLlNlYXJjaE5lYXJieRACGAQgAA","google_icon_mask_base_uri":"https://maps.gstatic.com/mapfiles/place_api/icons/v2/cafe_pinlet","google_icon_background_color":"#FF9E67","formatted_address":"3WX4+7W3 Cliff an kotyaPtY3WJ4+V2p, Sagada, Mountain Province, Philippines","business_status":"OPERATIONAL","rating":null,"user_rating_count":null,"barangay_slug":"patay","barangay_name":"Patay"},"geometry":{"type":"Point","coordinates":[120.90730399999998,17.0981353]}},{"type":"Feature","properties":{"name":"Inso’s Bakeshop","kind":"market","kind_label":"Market","source":"google_places","google_place_id":"ChIJKVmzwCvTjzMRo9Bcd0ilovo","google_primary_type":"bakery","google_primary_type_label":"Bakery","google_types":["bakery","food_store","food","point_of_interest","store","establishment"],"google_maps_uri":"https://maps.google.com/?cid=18060179186367910051&g_mp=Cilnb29nbGUubWFwcy5wbGFjZXMudjEuUGxhY2VzLlNlYXJjaE5lYXJieRACGAQgAA","google_icon_mask_base_uri":"https://maps.gstatic.com/mapfiles/place_api/icons/v2/restaurant_pinlet","google_icon_background_color":"#FF9E67","formatted_address":"3WP2+33G, Besao Road, Sagada, Mountain Province, Philippines","business_status":"OPERATIONAL","rating":4.8,"user_rating_count":4,"barangay_slug":"patay","barangay_name":"Patay"},"geometry":{"type":"Point","coordinates":[120.9001958,17.0851762]}},{"type":"Feature","properties":{"name":"Jed's Variety Store","kind":"market","kind_label":"Market","source":"google_places","google_place_id":"ChIJ34fVv1vTjzMRyu4z_xpyMxQ","google_primary_type":"asian_grocery_store","google_primary_type_label":"Asian Grocery Store","google_types":["asian_grocery_store","grocery_store","food_store","food","point_of_interest","store","establishment"],"google_maps_uri":"https://maps.google.com/?cid=1455632564847111882&g_mp=Cidnb29nbGUubWFwcy5wbGFjZXMudjEuUGxhY2VzLlNlYXJjaFRleHQQAhgEIAA","google_icon_mask_base_uri":"https://maps.gstatic.com/mapfiles/place_api/icons/v2/shoppingcart_pinlet","google_icon_background_color":"#4B96F3","formatted_address":"3WM2+24C, Sagada, Mountain Province, Philippines","business_status":"OPERATIONAL","rating":null,"user_rating_count":null,"barangay_slug":"patay","barangay_name":"Patay"},"geometry":{"type":"Point","coordinates":[120.90025449999999,17.082546]}},{"type":"Feature","properties":{"name":"Leshem’s Nook","kind":"market","kind_label":"Market","source":"google_places","google_place_id":"ChIJz4EkNADTjzMRRoB8c9ijelc","google_primary_type":"coffee_shop","google_primary_type_label":"Coffee Shop","google_types":["coffee_shop","cafe","food_store","food","point_of_interest","store","establishment"],"google_maps_uri":"https://maps.google.com/?cid=6303530778504233030&g_mp=Cilnb29nbGUubWFwcy5wbGFjZXMudjEuUGxhY2VzLlNlYXJjaE5lYXJieRACGAQgAA","google_icon_mask_base_uri":"https://maps.gstatic.com/mapfiles/place_api/icons/v2/cafe_pinlet","google_icon_background_color":"#FF9E67","formatted_address":"3WM2+36C, Sagada, Mountain Province, Philippines","business_status":"OPERATIONAL","rating":1.8,"user_rating_count":5,"barangay_slug":"patay","barangay_name":"Patay"},"geometry":{"type":"Point","coordinates":[120.90018610000001,17.0821813]}},{"type":"Feature","properties":{"name":"Maggie's Lemon Pie","kind":"market","kind_label":"Market","source":"google_places","google_place_id":"ChIJp22GXijTjzMRjmTnKjELbIo","google_primary_type":"bakery","google_primary_type_label":"Bakery","google_types":["bakery","food_store","food","point_of_interest","store","establishment"],"google_maps_uri":"https://maps.google.com/?cid=9974359580519916686&g_mp=Cilnb29nbGUubWFwcy5wbGFjZXMudjEuUGxhY2VzLlNlYXJjaE5lYXJieRACGAQgAA","google_icon_mask_base_uri":"https://maps.gstatic.com/mapfiles/place_api/icons/v2/restaurant_pinlet","google_icon_background_color":"#FF9E67","formatted_address":"3WM3+542, Sagada, Mountain Province, Philippines","business_status":"OPERATIONAL","rating":5,"user_rating_count":33,"barangay_slug":"patay","barangay_name":"Patay"},"geometry":{"type":"Point","coordinates":[120.9027712,17.082882899999998]}},{"type":"Feature","properties":{"name":"Mama Kym's Homebaked Goodies","kind":"market","kind_label":"Market","source":"google_places","google_place_id":"ChIJ_0cKKhbTjzMRDVZ7FPoje_s","google_primary_type":"bakery","google_primary_type_label":"Bakery","google_types":["bakery","food_store","store","point_of_interest","food","establishment"],"google_maps_uri":"https://maps.google.com/?cid=18121117082647746061&g_mp=Cilnb29nbGUubWFwcy5wbGFjZXMudjEuUGxhY2VzLlNlYXJjaE5lYXJieRACGAQgAA","google_icon_mask_base_uri":"https://maps.gstatic.com/mapfiles/place_api/icons/v2/restaurant_pinlet","google_icon_background_color":"#FF9E67","formatted_address":"3VMX+FM3, Sagada, 2619 Mountain Province, Philippines","business_status":"OPERATIONAL","rating":null,"user_rating_count":null,"barangay_slug":"patay","barangay_name":"Patay"},"geometry":{"type":"Point","coordinates":[120.89917129999998,17.0836284]}},{"type":"Feature","properties":{"name":"Misty Lodge and Cafe","kind":"market","kind_label":"Market","source":"google_places","google_place_id":"ChIJ5V44A9jSjzMRoMtpqEB_crg","google_primary_type":"coffee_shop","google_primary_type_label":"Coffee Shop","google_types":["coffee_shop","tour_agency","travel_agency","cafe","food_store","restaurant","food","point_of_interest","store","service","establishment"],"google_maps_uri":"https://maps.google.com/?cid=13290825366003895200&g_mp=Cilnb29nbGUubWFwcy5wbGFjZXMudjEuUGxhY2VzLlNlYXJjaE5lYXJieRACGAQgAA","google_icon_mask_base_uri":"https://maps.gstatic.com/mapfiles/place_api/icons/v2/cafe_pinlet","google_icon_background_color":"#FF9E67","formatted_address":"Staunton Rd, Sagada, Mountain Province, Philippines","business_status":"OPERATIONAL","rating":4.5,"user_rating_count":388,"barangay_slug":"patay","barangay_name":"Patay"},"geometry":{"type":"Point","coordinates":[120.9077133,17.0867827]}},{"type":"Feature","properties":{"name":"Pan de Mia Bakeshop","kind":"market","kind_label":"Market","source":"google_places","google_place_id":"ChIJsUHHUQAtjjMRHbaR5UEMMpc","google_primary_type":"bakery","google_primary_type_label":"Bakery","google_types":["bakery","food_store","store","point_of_interest","food","establishment"],"google_maps_uri":"https://maps.google.com/?cid=10894783925726590493&g_mp=Cilnb29nbGUubWFwcy5wbGFjZXMudjEuUGxhY2VzLlNlYXJjaE5lYXJieRACGAQgAA","google_icon_mask_base_uri":"https://maps.gstatic.com/mapfiles/place_api/icons/v2/restaurant_pinlet","google_icon_background_color":"#FF9E67","formatted_address":"3VWP+97F, Sagada, Mountain Province, Philippines","business_status":"OPERATIONAL","rating":5,"user_rating_count":1,"barangay_slug":"patay","barangay_name":"Patay"},"geometry":{"type":"Point","coordinates":[120.8857297,17.0955418]}},{"type":"Feature","properties":{"name":"Sagada Moon Store","kind":"market","kind_label":"Market","source":"google_places","google_place_id":"ChIJGQsg5ivTjzMRzeu33-Svsyk","google_primary_type":"grocery_store","google_primary_type_label":"Grocery Store","google_types":["grocery_store","food_store","store","food","point_of_interest","establishment"],"google_maps_uri":"https://maps.google.com/?cid=3004938773927029709&g_mp=Cilnb29nbGUubWFwcy5wbGFjZXMudjEuUGxhY2VzLlNlYXJjaE5lYXJieRACGAQgAA","google_icon_mask_base_uri":"https://maps.gstatic.com/mapfiles/place_api/icons/v2/shoppingcart_pinlet","google_icon_background_color":"#4B96F3","formatted_address":"3WM2+Q8X, Staunton Rd, Sagada, Mountain Province, Philippines","business_status":"OPERATIONAL","rating":null,"user_rating_count":null,"barangay_slug":"patay","barangay_name":"Patay"},"geometry":{"type":"Point","coordinates":[120.90084759999999,17.0844993]}},{"type":"Feature","properties":{"name":"Tam Tam Cafe + ROASTERY","kind":"market","kind_label":"Market","source":"google_places","google_place_id":"ChIJE9cpfADTjzMR-0avB-mqq94","google_primary_type":"coffee_shop","google_primary_type_label":"Coffee Shop","google_types":["coffee_shop","cafe","food_store","store","point_of_interest","food","establishment"],"google_maps_uri":"https://maps.google.com/?cid=16045106015270553339&g_mp=Cilnb29nbGUubWFwcy5wbGFjZXMudjEuUGxhY2VzLlNlYXJjaE5lYXJieRACGAQgAA","google_icon_mask_base_uri":"https://maps.gstatic.com/mapfiles/place_api/icons/v2/cafe_pinlet","google_icon_background_color":"#FF9E67","formatted_address":"nangonugan, Sagada, Mountain Province, Philippines","business_status":"OPERATIONAL","rating":5,"user_rating_count":60,"barangay_slug":"patay","barangay_name":"Patay"},"geometry":{"type":"Point","coordinates":[120.90663819999999,17.0891154]}},{"type":"Feature","properties":{"name":"Tam Tam Cafe.ph - Macbas Sagada","kind":"market","kind_label":"Market","source":"google_places","google_place_id":"ChIJQw9WXgDTjzMRFEcy0g30aqI","google_primary_type":"coffee_shop","google_primary_type_label":"Coffee Shop","google_types":["coffee_shop","cafe","food_store","store","food","point_of_interest","establishment"],"google_maps_uri":"https://maps.google.com/?cid=11703434921873917716&g_mp=Cilnb29nbGUubWFwcy5wbGFjZXMudjEuUGxhY2VzLlNlYXJjaE5lYXJieRACGAQgAA","google_icon_mask_base_uri":"https://maps.gstatic.com/mapfiles/place_api/icons/v2/cafe_pinlet","google_icon_background_color":"#FF9E67","formatted_address":"Sagada, Mountain Province, Philippines","business_status":"OPERATIONAL","rating":5,"user_rating_count":331,"barangay_slug":"patay","barangay_name":"Patay"},"geometry":{"type":"Point","coordinates":[120.900312,17.082227700000004]}},{"type":"Feature","properties":{"name":"Yodong's Store","kind":"market","kind_label":"Market","source":"google_places","google_place_id":"ChIJdTmoiNHTjzMRX8c2zYCqVEA","google_primary_type":"general_store","google_primary_type_label":"General Store","google_types":["general_store","food_store","store","food","point_of_interest","establishment"],"google_maps_uri":"https://maps.google.com/?cid=4635517386646538079&g_mp=Cilnb29nbGUubWFwcy5wbGFjZXMudjEuUGxhY2VzLlNlYXJjaE5lYXJieRACGAQgAA","google_icon_mask_base_uri":"https://maps.gstatic.com/mapfiles/place_api/icons/v2/shopping_pinlet","google_icon_background_color":"#4B96F3","formatted_address":"3WM2+V4R, Poblacion (Patay), Sagada, Mountain Province, Philippines","business_status":"OPERATIONAL","rating":5,"user_rating_count":3,"barangay_slug":"patay","barangay_name":"Patay"},"geometry":{"type":"Point","coordinates":[120.9002683,17.084739]}},{"type":"Feature","properties":{"name":"Yogurt House","kind":"market","kind_label":"Market","source":"google_places","google_place_id":"ChIJuVMhTADTjzMRAR6QecBbnf0","google_primary_type":"coffee_shop","google_primary_type_label":"Coffee Shop","google_types":["coffee_shop","cafe","food_store","store","point_of_interest","food","establishment"],"google_maps_uri":"https://maps.google.com/?cid=18274863745170677249&g_mp=Cilnb29nbGUubWFwcy5wbGFjZXMudjEuUGxhY2VzLlNlYXJjaE5lYXJieRACGAQgAA","google_icon_mask_base_uri":"https://maps.gstatic.com/mapfiles/place_api/icons/v2/cafe_pinlet","google_icon_background_color":"#FF9E67","formatted_address":"3WX4+7W3, Sagada, Mountain Province, Philippines","business_status":"OPERATIONAL","rating":3,"user_rating_count":1,"barangay_slug":"patay","barangay_name":"Patay"},"geometry":{"type":"Point","coordinates":[120.90730399999998,17.0981353]}},{"type":"Feature","properties":{"name":"Yugama-Noodle & Novel Nook","kind":"market","kind_label":"Market","source":"google_places","google_place_id":"ChIJAaaHGwDTjzMRxAq3JCyI8fk","google_primary_type":"grocery_store","google_primary_type_label":"Grocery Store","google_types":["grocery_store","food_store","store","food","point_of_interest","establishment"],"google_maps_uri":"https://maps.google.com/?cid=18010326108007238340&g_mp=Cilnb29nbGUubWFwcy5wbGFjZXMudjEuUGxhY2VzLlNlYXJjaE5lYXJieRACGAQgAA","google_icon_mask_base_uri":"https://maps.gstatic.com/mapfiles/place_api/icons/v2/shoppingcart_pinlet","google_icon_background_color":"#4B96F3","formatted_address":"3WP2+667, Sagada - Besao Rd, Sagada, Mountain Province, Philippines","business_status":"OPERATIONAL","rating":null,"user_rating_count":null,"barangay_slug":"patay","barangay_name":"Patay"},"geometry":{"type":"Point","coordinates":[120.90054789999999,17.085535399999998]}},{"type":"Feature","properties":{"name":"Nacagang Primary School","kind":"school","kind_label":"School","source":"google_places","google_place_id":"ChIJZbztdCzTjzMRqJ4aDVs_RdE","google_primary_type":"primary_school","google_primary_type_label":"Primary School","google_types":["primary_school","school","educational_institution","point_of_interest","establishment"],"google_maps_uri":"https://maps.google.com/?cid=15079528587614396072&g_mp=Cilnb29nbGUubWFwcy5wbGFjZXMudjEuUGxhY2VzLlNlYXJjaE5lYXJieRACGAQgAA","google_icon_mask_base_uri":"https://maps.gstatic.com/mapfiles/place_api/icons/v2/school_pinlet","google_icon_background_color":"#7B9EB0","formatted_address":"3WM2+82C, Sagada, Mountain Province, Philippines","business_status":"OPERATIONAL","rating":null,"user_rating_count":null,"barangay_slug":"patay","barangay_name":"Patay"},"geometry":{"type":"Point","coordinates":[120.90000669999999,17.0833056]}},{"type":"Feature","properties":{"name":"Nagasiva pol","kind":"school","kind_label":"School","source":"google_places","google_place_id":"ChIJR_1ESafTjzMRsMgVWvZyqx0","google_primary_type":"university","google_primary_type_label":"College","google_types":["university","educational_institution","point_of_interest","establishment"],"google_maps_uri":"https://maps.google.com/?cid=2137928850516330672&g_mp=Cilnb29nbGUubWFwcy5wbGFjZXMudjEuUGxhY2VzLlNlYXJjaE5lYXJieRACGAQgAA","google_icon_mask_base_uri":"https://maps.gstatic.com/mapfiles/place_api/icons/v2/school_pinlet","google_icon_background_color":"#7B9EB0","formatted_address":"3WX4+7W3, Sagada, Mountain Province, Philippines","business_status":"OPERATIONAL","rating":null,"user_rating_count":null,"barangay_slug":"patay","barangay_name":"Patay"},"geometry":{"type":"Point","coordinates":[120.90730399999998,17.0981353]}},{"type":"Feature","properties":{"name":"Tanulong Elementary School","kind":"school","kind_label":"School","source":"google_places","google_place_id":"ChIJZbztdCzTjzMRTZ5wB1O7vQ0","google_primary_type":"primary_school","google_primary_type_label":"Elementary School","google_types":["primary_school","school","educational_institution","point_of_interest","establishment"],"google_maps_uri":"https://maps.google.com/?cid=990153458372877901&g_mp=Cidnb29nbGUubWFwcy5wbGFjZXMudjEuUGxhY2VzLlNlYXJjaFRleHQQAhgEIAA","google_icon_mask_base_uri":"https://maps.gstatic.com/mapfiles/place_api/icons/v2/school_pinlet","google_icon_background_color":"#7B9EB0","formatted_address":"3WM2+82C, Sagada, Mountain Province, Philippines","business_status":"CLOSED_PERMANENTLY","rating":null,"user_rating_count":null,"barangay_slug":"patay","barangay_name":"Patay"},"geometry":{"type":"Point","coordinates":[120.90000669999999,17.0833056]}},{"type":"Feature","properties":{"name":"7 J's Homestay","kind":"tourism","kind_label":"Tourism","source":"google_places","google_place_id":"ChIJIyUtUCLTjzMRYsMb60YIqbY","google_primary_type":"private_guest_room","google_primary_type_label":"Homestay","google_types":["private_guest_room","lodging","point_of_interest","establishment"],"google_maps_uri":"https://maps.google.com/?cid=13162060486652183394&g_mp=Cidnb29nbGUubWFwcy5wbGFjZXMudjEuUGxhY2VzLlNlYXJjaFRleHQQAhgEIAA","google_icon_mask_base_uri":"https://maps.gstatic.com/mapfiles/place_api/icons/v2/hotel_pinlet","google_icon_background_color":"#909CE1","formatted_address":"Sagada, Mountain Province, Philippines","business_status":"OPERATIONAL","rating":3.9,"user_rating_count":21,"barangay_slug":"patay","barangay_name":"Patay"},"geometry":{"type":"Point","coordinates":[120.90045939999999,17.0868808]}},{"type":"Feature","properties":{"name":"7Js Viewdeck","kind":"tourism","kind_label":"Tourism","source":"google_places","google_place_id":"ChIJjVLYbQDTjzMRIK8NnlFI9C4","google_primary_type":"tourist_attraction","google_primary_type_label":"Tourist Attraction","google_types":["tourist_attraction","point_of_interest","establishment"],"google_maps_uri":"https://maps.google.com/?cid=3383408735443332896&g_mp=Cilnb29nbGUubWFwcy5wbGFjZXMudjEuUGxhY2VzLlNlYXJjaE5lYXJieRACGAQgAA","google_icon_mask_base_uri":"https://maps.gstatic.com/mapfiles/place_api/icons/v2/generic_pinlet","google_icon_background_color":"#13B5C7","formatted_address":"3VMX+RRG, Sagada, Mountain Province, Philippines","business_status":"OPERATIONAL","rating":null,"user_rating_count":null,"barangay_slug":"patay","barangay_name":"Patay"},"geometry":{"type":"Point","coordinates":[120.89958430000001,17.0845602]}},{"type":"Feature","properties":{"name":"A-SEVEN HOMESTAY AND ADVENTURES","kind":"tourism","kind_label":"Tourism","source":"google_places","google_place_id":"ChIJcXPe7NfSjzMRhZCafpf2yLg","google_primary_type":"hotel","google_primary_type_label":"Hotel","google_types":["hotel","lodging","point_of_interest","establishment"],"google_maps_uri":"https://maps.google.com/?cid=13315163428845424773&g_mp=Cilnb29nbGUubWFwcy5wbGFjZXMudjEuUGxhY2VzLlNlYXJjaE5lYXJieRACGAQgAA","google_icon_mask_base_uri":"https://maps.gstatic.com/mapfiles/place_api/icons/v2/hotel_pinlet","google_icon_background_color":"#909CE1","formatted_address":"3WQ4+PJC, Bangaan Rd, Sagada, Mountain Province, Philippines","business_status":"OPERATIONAL","rating":4.5,"user_rating_count":17,"barangay_slug":"patay","barangay_name":"Patay"},"geometry":{"type":"Point","coordinates":[120.9065151,17.089312600000003]}},{"type":"Feature","properties":{"name":"Andrew & Mary’s Lodging House","kind":"tourism","kind_label":"Tourism","source":"google_places","google_place_id":"ChIJqzrthy_TjzMRe5Hnt2TllLU","google_primary_type":"lodging","google_primary_type_label":"Lodging","google_types":["lodging","point_of_interest","establishment"],"google_maps_uri":"https://maps.google.com/?cid=13084335038163030395&g_mp=Cidnb29nbGUubWFwcy5wbGFjZXMudjEuUGxhY2VzLlNlYXJjaFRleHQQAhgEIAA","google_icon_mask_base_uri":"https://maps.gstatic.com/mapfiles/place_api/icons/v2/hotel_pinlet","google_icon_background_color":"#909CE1","formatted_address":"Lower patay, Sagada, Mountain Province, Philippines","business_status":"OPERATIONAL","rating":4.1,"user_rating_count":15,"barangay_slug":"patay","barangay_name":"Patay"},"geometry":{"type":"Point","coordinates":[120.89948869999998,17.0839862]}},{"type":"Feature","properties":{"name":"Apolonia Guest House","kind":"tourism","kind_label":"Tourism","source":"google_places","google_place_id":"ChIJDborW5AtjjMRYtIh7fuGkP8","google_primary_type":"bed_and_breakfast","google_primary_type_label":"Bed & Breakfast","google_types":["bed_and_breakfast","lodging","point_of_interest","establishment"],"google_maps_uri":"https://maps.google.com/?cid=18415367292891288162&g_mp=Cilnb29nbGUubWFwcy5wbGFjZXMudjEuUGxhY2VzLlNlYXJjaE5lYXJieRACGAQgAA","google_icon_mask_base_uri":"https://maps.gstatic.com/mapfiles/place_api/icons/v2/hotel_pinlet","google_icon_background_color":"#909CE1","formatted_address":"Danonoy, Sagada, 2619 Mountain Province, Philippines","business_status":"OPERATIONAL","rating":3,"user_rating_count":1,"barangay_slug":"patay","barangay_name":"Patay"},"geometry":{"type":"Point","coordinates":[120.89340869999998,17.0877277]}},{"type":"Feature","properties":{"name":"B & P TAVERN","kind":"tourism","kind_label":"Tourism","source":"google_places","google_place_id":"ChIJe16El7rTjzMRPo_fnYGUdUE","google_primary_type":"private_guest_room","google_primary_type_label":"Homestay","google_types":["private_guest_room","lodging","point_of_interest","establishment"],"google_maps_uri":"https://maps.google.com/?cid=4716839469160828734&g_mp=Cilnb29nbGUubWFwcy5wbGFjZXMudjEuUGxhY2VzLlNlYXJjaE5lYXJieRACGAQgAA","google_icon_mask_base_uri":"https://maps.gstatic.com/mapfiles/place_api/icons/v2/hotel_pinlet","google_icon_background_color":"#909CE1","formatted_address":"Bangaan Rd, Sagada, 2619 Mountain Province, Philippines","business_status":"OPERATIONAL","rating":4.7,"user_rating_count":10,"barangay_slug":"patay","barangay_name":"Patay"},"geometry":{"type":"Point","coordinates":[120.90544129999999,17.0952906]}},{"type":"Feature","properties":{"name":"Banao lake","kind":"tourism","kind_label":"Tourism","source":"google_places","google_place_id":"ChIJ5bfpaAAtjjMR9m-mbvpkGKs","google_primary_type":"tourist_attraction","google_primary_type_label":"Tourist Attraction","google_types":["tourist_attraction","point_of_interest","establishment"],"google_maps_uri":"https://maps.google.com/?cid=12328715006687735798&g_mp=Cilnb29nbGUubWFwcy5wbGFjZXMudjEuUGxhY2VzLlNlYXJjaE5lYXJieRACGAQgAA","google_icon_mask_base_uri":"https://maps.gstatic.com/mapfiles/place_api/icons/v2/generic_pinlet","google_icon_background_color":"#13B5C7","formatted_address":"3VVM+WP5 Banao lake, Besao, Mountain Province, Philippines","business_status":"OPERATIONAL","rating":null,"user_rating_count":null,"barangay_slug":"patay","barangay_name":"Patay"},"geometry":{"type":"Point","coordinates":[120.88434900000001,17.0947647]}},{"type":"Feature","properties":{"name":"Best Barkada Staycation in Sagada - Unit 2","kind":"tourism","kind_label":"Tourism","source":"google_places","google_place_id":"ChIJI1iqqi4tjjMRm_yM0kAe9Ro","google_primary_type":"lodging","google_primary_type_label":"Lodging","google_types":["lodging","point_of_interest","establishment"],"google_maps_uri":"https://maps.google.com/?cid=1942492078039432347&g_mp=Cilnb29nbGUubWFwcy5wbGFjZXMudjEuUGxhY2VzLlNlYXJjaE5lYXJieRACGAQgAA","google_icon_mask_base_uri":"https://maps.gstatic.com/mapfiles/place_api/icons/v2/hotel_pinlet","google_icon_background_color":"#909CE1","formatted_address":"Sagada, Mountain Province, Philippines","business_status":"OPERATIONAL","rating":null,"user_rating_count":null,"barangay_slug":"patay","barangay_name":"Patay"},"geometry":{"type":"Point","coordinates":[120.89007569999998,17.0957775]}},{"type":"Feature","properties":{"name":"Bokong Falls","kind":"tourism","kind_label":"Tourism","source":"google_places","google_place_id":"ChIJiU47DmDTjzMRUDKAFAWIgto","google_primary_type":"tourist_attraction","google_primary_type_label":"Tourist Attraction","google_types":["tourist_attraction","point_of_interest","establishment"],"google_maps_uri":"https://maps.google.com/?cid=15745296802640835152&g_mp=Cilnb29nbGUubWFwcy5wbGFjZXMudjEuUGxhY2VzLlNlYXJjaE5lYXJieRACGAQgAA","google_icon_mask_base_uri":"https://maps.gstatic.com/mapfiles/place_api/icons/v2/generic_pinlet","google_icon_background_color":"#13B5C7","formatted_address":"3WR3+V9F, Bangaan Rd, Sagada, 2619 Mountain Province, Philippines","business_status":"OPERATIONAL","rating":4.4,"user_rating_count":85,"barangay_slug":"patay","barangay_name":"Patay"},"geometry":{"type":"Point","coordinates":[120.9034212,17.0921901]}},{"type":"Feature","properties":{"name":"Boston Haus by Ginas Homes - Entire Place","kind":"tourism","kind_label":"Tourism","source":"google_places","google_place_id":"ChIJmQEAANDSjzMRHpXr7eLVwqk","google_primary_type":"lodging","google_primary_type_label":"Lodging","google_types":["lodging","point_of_interest","establishment"],"google_maps_uri":"https://maps.google.com/?cid=12232574708522652958&g_mp=Cilnb29nbGUubWFwcy5wbGFjZXMudjEuUGxhY2VzLlNlYXJjaE5lYXJieRACGAQgAA","google_icon_mask_base_uri":"https://maps.gstatic.com/mapfiles/place_api/icons/v2/hotel_pinlet","google_icon_background_color":"#909CE1","formatted_address":"Sagada, Mountain Province, Philippines","business_status":"OPERATIONAL","rating":null,"user_rating_count":null,"barangay_slug":"patay","barangay_name":"Patay"},"geometry":{"type":"Point","coordinates":[120.90730289999999,17.098135]}},{"type":"Feature","properties":{"name":"Boston Haus by Ginas Homes - Two-Bedroom Apartment","kind":"tourism","kind_label":"Tourism","source":"google_places","google_place_id":"ChIJS4v__8_SjzMRcStP6awEf7U","google_primary_type":"lodging","google_primary_type_label":"Lodging","google_types":["lodging","point_of_interest","establishment"],"google_maps_uri":"https://maps.google.com/?cid=13078176983602375537&g_mp=Cilnb29nbGUubWFwcy5wbGFjZXMudjEuUGxhY2VzLlNlYXJjaE5lYXJieRACGAQgAA","google_icon_mask_base_uri":"https://maps.gstatic.com/mapfiles/place_api/icons/v2/hotel_pinlet","google_icon_background_color":"#909CE1","formatted_address":"Sagada, Mountain Province, Philippines","business_status":"OPERATIONAL","rating":null,"user_rating_count":null,"barangay_slug":"patay","barangay_name":"Patay"},"geometry":{"type":"Point","coordinates":[120.90730289999999,17.0981407]}},{"type":"Feature","properties":{"name":"Brave' Ap-on Camolo-Jhao Homestay","kind":"tourism","kind_label":"Tourism","source":"google_places","google_place_id":"ChIJlfA_VMXSjzMROqN-u4IaLSU","google_primary_type":"lodging","google_primary_type_label":"Lodging","google_types":["lodging","point_of_interest","establishment"],"google_maps_uri":"https://maps.google.com/?cid=2678826502149022522&g_mp=Cilnb29nbGUubWFwcy5wbGFjZXMudjEuUGxhY2VzLlNlYXJjaE5lYXJieRACGAQgAA","google_icon_mask_base_uri":"https://maps.gstatic.com/mapfiles/place_api/icons/v2/hotel_pinlet","google_icon_background_color":"#909CE1","formatted_address":"Sagada, Mountain Province, Philippines","business_status":"OPERATIONAL","rating":null,"user_rating_count":null,"barangay_slug":"patay","barangay_name":"Patay"},"geometry":{"type":"Point","coordinates":[120.9075699,17.0983391]}},{"type":"Feature","properties":{"name":"Bugnay Cabin of The Shire - Entire Place","kind":"tourism","kind_label":"Tourism","source":"google_places","google_place_id":"ChIJpz9HoNXSjzMRvAUvL1WSPi4","google_primary_type":"lodging","google_primary_type_label":"Lodging","google_types":["lodging","point_of_interest","establishment"],"google_maps_uri":"https://maps.google.com/?cid=3332261668862231996&g_mp=Cilnb29nbGUubWFwcy5wbGFjZXMudjEuUGxhY2VzLlNlYXJjaE5lYXJieRACGAQgAA","google_icon_mask_base_uri":"https://maps.gstatic.com/mapfiles/place_api/icons/v2/hotel_pinlet","google_icon_background_color":"#909CE1","formatted_address":"Sagada, Mountain Province, Philippines","business_status":"OPERATIONAL","rating":null,"user_rating_count":null,"barangay_slug":"patay","barangay_name":"Patay"},"geometry":{"type":"Point","coordinates":[120.89881129999999,17.0904369]}},{"type":"Feature","properties":{"name":"Bugnay Cabin of The Shire - One-Bedroom Villa","kind":"tourism","kind_label":"Tourism","source":"google_places","google_place_id":"ChIJpyFHoNXSjzMRMc6QbCJQI70","google_primary_type":"lodging","google_primary_type_label":"Lodging","google_types":["lodging","point_of_interest","establishment"],"google_maps_uri":"https://maps.google.com/?cid=13628825006133792305&g_mp=Cilnb29nbGUubWFwcy5wbGFjZXMudjEuUGxhY2VzLlNlYXJjaE5lYXJieRACGAQgAA","google_icon_mask_base_uri":"https://maps.gstatic.com/mapfiles/place_api/icons/v2/hotel_pinlet","google_icon_background_color":"#909CE1","formatted_address":"Sagada, Mountain Province, Philippines","business_status":"OPERATIONAL","rating":null,"user_rating_count":null,"barangay_slug":"patay","barangay_name":"Patay"},"geometry":{"type":"Point","coordinates":[120.89881129999999,17.0904407]}},{"type":"Feature","properties":{"name":"Camping ground","kind":"tourism","kind_label":"Tourism","source":"google_places","google_place_id":"ChIJ2wO-dgDTjzMRCx980dfnQCE","google_primary_type":"campground","google_primary_type_label":"Campground","google_types":["campground","lodging","point_of_interest","establishment"],"google_maps_uri":"https://maps.google.com/?cid=2396169915879661323&g_mp=Cilnb29nbGUubWFwcy5wbGFjZXMudjEuUGxhY2VzLlNlYXJjaE5lYXJieRACGAQgAA","google_icon_mask_base_uri":"https://maps.gstatic.com/mapfiles/place_api/icons/v2/camping_pinlet","google_icon_background_color":"#4DB546","formatted_address":"3WQ4+6CH, Poblacion (Patay), Sagada, Mountain Province, Philippines","business_status":"OPERATIONAL","rating":null,"user_rating_count":null,"barangay_slug":"patay","barangay_name":"Patay"},"geometry":{"type":"Point","coordinates":[120.9060957,17.088073299999998]}},{"type":"Feature","properties":{"name":"Casa Robina","kind":"tourism","kind_label":"Tourism","source":"google_places","google_place_id":"ChIJf8K6HNDSjzMREZ61tGViuo0","google_primary_type":"private_guest_room","google_primary_type_label":"Homestay","google_types":["private_guest_room","lodging","point_of_interest","establishment"],"google_maps_uri":"https://maps.google.com/?cid=10212583293979041297&g_mp=Cilnb29nbGUubWFwcy5wbGFjZXMudjEuUGxhY2VzLlNlYXJjaE5lYXJieRACGAQgAA","google_icon_mask_base_uri":"https://maps.gstatic.com/mapfiles/place_api/icons/v2/hotel_pinlet","google_icon_background_color":"#909CE1","formatted_address":"Dogo, 3WX4+5JV, Patay, Sagada, 2619 Mountain Province, Philippines","business_status":"OPERATIONAL","rating":4.9,"user_rating_count":9,"barangay_slug":"patay","barangay_name":"Patay"},"geometry":{"type":"Point","coordinates":[120.906534,17.097982]}},{"type":"Feature","properties":{"name":"Clairence Inn","kind":"tourism","kind_label":"Tourism","source":"google_places","google_place_id":"ChIJfdQ5lSvTjzMRFhIDIZEO2cQ","google_primary_type":"inn","google_primary_type_label":"Inn","google_types":["inn","lodging","point_of_interest","establishment"],"google_maps_uri":"https://maps.google.com/?cid=14184384517866983958&g_mp=Cilnb29nbGUubWFwcy5wbGFjZXMudjEuUGxhY2VzLlNlYXJjaE5lYXJieRACGAQgAA","google_icon_mask_base_uri":"https://maps.gstatic.com/mapfiles/place_api/icons/v2/hotel_pinlet","google_icon_background_color":"#909CE1","formatted_address":"Sagada, Mountain Province, Philippines","business_status":"OPERATIONAL","rating":4.5,"user_rating_count":38,"barangay_slug":"patay","barangay_name":"Patay"},"geometry":{"type":"Point","coordinates":[120.90002500000001,17.0847968]}},{"type":"Feature","properties":{"name":"Damayan Tribal Art Center","kind":"tourism","kind_label":"Tourism","source":"google_places","google_place_id":"ChIJ81KeIAAtjjMRgRlZtxcqPG8","google_primary_type":"art_museum","google_primary_type_label":"Art museum","google_types":["art_museum","museum","point_of_interest","establishment"],"google_maps_uri":"https://maps.google.com/?cid=8015327718161324417&g_mp=Cilnb29nbGUubWFwcy5wbGFjZXMudjEuUGxhY2VzLlNlYXJjaE5lYXJieRACGAQgAA","google_icon_mask_base_uri":"https://maps.gstatic.com/mapfiles/place_api/icons/v2/museum_pinlet","google_icon_background_color":"#13B5C7","formatted_address":"3VMV+WQG Danonoy, Sagada, Mountain Province, Philippines","business_status":"OPERATIONAL","rating":4,"user_rating_count":4,"barangay_slug":"patay","barangay_name":"Patay"},"geometry":{"type":"Point","coordinates":[120.89446359999998,17.084805700000004]}},{"type":"Feature","properties":{"name":"DJ Sagada Forrest Lodge","kind":"tourism","kind_label":"Tourism","source":"google_places","google_place_id":"ChIJjy-uMJEtjjMRqrCat6-qGBw","google_primary_type":"lodging","google_primary_type_label":"Lodging","google_types":["lodging","point_of_interest","establishment"],"google_maps_uri":"https://maps.google.com/?cid=2024555704179404970&g_mp=Cilnb29nbGUubWFwcy5wbGFjZXMudjEuUGxhY2VzLlNlYXJjaE5lYXJieRACGAQgAA","google_icon_mask_base_uri":"https://maps.gstatic.com/mapfiles/place_api/icons/v2/hotel_pinlet","google_icon_background_color":"#909CE1","formatted_address":"3VQV+9G2, Besao Road, Sagada, Mountain Province, Philippines","business_status":"OPERATIONAL","rating":5,"user_rating_count":6,"barangay_slug":"patay","barangay_name":"Patay"},"geometry":{"type":"Point","coordinates":[120.8937777,17.0883814]}},{"type":"Feature","properties":{"name":"Echo Valley","kind":"tourism","kind_label":"Tourism","source":"google_places","google_place_id":"ChIJGebTLy_TjzMR-U72c3JjXvc","google_primary_type":"park","google_primary_type_label":"Park","google_types":["tourist_attraction","park","point_of_interest","establishment"],"google_maps_uri":"https://maps.google.com/?cid=17824793718401945337&g_mp=Cilnb29nbGUubWFwcy5wbGFjZXMudjEuUGxhY2VzLlNlYXJjaE5lYXJieRACGAQgAA","google_icon_mask_base_uri":"https://maps.gstatic.com/mapfiles/place_api/icons/v2/tree_pinlet","google_icon_background_color":"#4DB546","formatted_address":"3WJ4+V2H, Sagada, Mountain Province, Philippines","business_status":"OPERATIONAL","rating":4.4,"user_rating_count":251,"barangay_slug":"patay","barangay_name":"Patay"},"geometry":{"type":"Point","coordinates":[120.90512469999997,17.0821944]}},{"type":"Feature","properties":{"name":"ELVEN VILLAS of the The Shire","kind":"tourism","kind_label":"Tourism","source":"google_places","google_place_id":"ChIJ809BoNXSjzMR8ysoUOT25Rg","google_primary_type":"lodging","google_primary_type_label":"Lodging","google_types":["lodging","point_of_interest","establishment"],"google_maps_uri":"https://maps.google.com/?cid=1794111487034797043&g_mp=Cilnb29nbGUubWFwcy5wbGFjZXMudjEuUGxhY2VzLlNlYXJjaE5lYXJieRACGAQgAA","google_icon_mask_base_uri":"https://maps.gstatic.com/mapfiles/place_api/icons/v2/hotel_pinlet","google_icon_background_color":"#909CE1","formatted_address":"Sagada, Mountain Province, Philippines","business_status":"OPERATIONAL","rating":null,"user_rating_count":null,"barangay_slug":"patay","barangay_name":"Patay"},"geometry":{"type":"Point","coordinates":[120.89881129999999,17.0904407]}},{"type":"Feature","properties":{"name":"ELVEN VILLAS of the The Shire - One-Bedroom Villa","kind":"tourism","kind_label":"Tourism","source":"google_places","google_place_id":"ChIJpyFHoNXSjzMRid5VkHaa02U","google_primary_type":"lodging","google_primary_type_label":"Lodging","google_types":["lodging","point_of_interest","establishment"],"google_maps_uri":"https://maps.google.com/?cid=7337378051935035017&g_mp=Cilnb29nbGUubWFwcy5wbGFjZXMudjEuUGxhY2VzLlNlYXJjaE5lYXJieRACGAQgAA","google_icon_mask_base_uri":"https://maps.gstatic.com/mapfiles/place_api/icons/v2/hotel_pinlet","google_icon_background_color":"#909CE1","formatted_address":"Sagada, Mountain Province, Philippines","business_status":"OPERATIONAL","rating":null,"user_rating_count":null,"barangay_slug":"patay","barangay_name":"Patay"},"geometry":{"type":"Point","coordinates":[120.89881129999999,17.0904407]}},{"type":"Feature","properties":{"name":"Esperanza Hill","kind":"tourism","kind_label":"Tourism","source":"google_places","google_place_id":"ChIJaUovKADTjzMRF8vUtPbGkgM","google_primary_type":"tourist_attraction","google_primary_type_label":"Tourist Attraction","google_types":["tourist_attraction","point_of_interest","establishment"],"google_maps_uri":"https://maps.google.com/?cid=257486891611638551&g_mp=Cilnb29nbGUubWFwcy5wbGFjZXMudjEuUGxhY2VzLlNlYXJjaE5lYXJieRACGAQgAA","google_icon_mask_base_uri":"https://maps.gstatic.com/mapfiles/place_api/icons/v2/generic_pinlet","google_icon_background_color":"#13B5C7","formatted_address":"3WV4+F5V, Sagada, Mountain Province, Philippines","business_status":"OPERATIONAL","rating":4,"user_rating_count":1,"barangay_slug":"patay","barangay_name":"Patay"},"geometry":{"type":"Point","coordinates":[120.90542040000001,17.0937382]}},{"type":"Feature","properties":{"name":"French crepes","kind":"tourism","kind_label":"Tourism","source":"google_places","google_place_id":"ChIJsRc3EmXTjzMRMTbXO3YHZEo","google_primary_type":"bed_and_breakfast","google_primary_type_label":"Bed & Breakfast","google_types":["bed_and_breakfast","lodging","point_of_interest","establishment"],"google_maps_uri":"https://maps.google.com/?cid=5360417660869228081&g_mp=Cilnb29nbGUubWFwcy5wbGFjZXMudjEuUGxhY2VzLlNlYXJjaE5lYXJieRACGAQgAA","google_icon_mask_base_uri":"https://maps.gstatic.com/mapfiles/place_api/icons/v2/hotel_pinlet","google_icon_background_color":"#909CE1","formatted_address":"Sagada, 2619 Mountain Province, Philippines","business_status":"OPERATIONAL","rating":5,"user_rating_count":2,"barangay_slug":"patay","barangay_name":"Patay"},"geometry":{"type":"Point","coordinates":[120.90730399999998,17.0981353]}},{"type":"Feature","properties":{"name":"Ganduyan Inn","kind":"tourism","kind_label":"Tourism","source":"google_places","google_place_id":"ChIJ7yMT6SvTjzMRCIUJqlszQFc","google_primary_type":"lodging","google_primary_type_label":"Lodging","google_types":["lodging","point_of_interest","establishment"],"google_maps_uri":"https://maps.google.com/?cid=6287081548597003528&g_mp=Cidnb29nbGUubWFwcy5wbGFjZXMudjEuUGxhY2VzLlNlYXJjaFRleHQQAhgEIAA","google_icon_mask_base_uri":"https://maps.gstatic.com/mapfiles/place_api/icons/v2/hotel_pinlet","google_icon_background_color":"#909CE1","formatted_address":"3WP2+452, Sagada - Besao Rd, Sagada, Mountain Province, Philippines","business_status":"OPERATIONAL","rating":3.8,"user_rating_count":20,"barangay_slug":"patay","barangay_name":"Patay"},"geometry":{"type":"Point","coordinates":[120.90038709999999,17.085260899999998]}},{"type":"Feature","properties":{"name":"Ganduyan Museum","kind":"tourism","kind_label":"Tourism","source":"google_places","google_place_id":"ChIJm5Vx6SvTjzMROMWJ0_XUNd4","google_primary_type":"museum","google_primary_type_label":"Museum","google_types":["museum","tourist_attraction","point_of_interest","establishment"],"google_maps_uri":"https://maps.google.com/?cid=16011938202466764088&g_mp=Cilnb29nbGUubWFwcy5wbGFjZXMudjEuUGxhY2VzLlNlYXJjaE5lYXJieRACGAQgAA","google_icon_mask_base_uri":"https://maps.gstatic.com/mapfiles/place_api/icons/v2/museum_pinlet","google_icon_background_color":"#13B5C7","formatted_address":"3WM2+V6M, Dantay - Sagada Rd, Sagada, Mountain Province, Philippines","business_status":"OPERATIONAL","rating":4.7,"user_rating_count":42,"barangay_slug":"patay","barangay_name":"Patay"},"geometry":{"type":"Point","coordinates":[120.90055539999999,17.084707299999998]}},{"type":"Feature","properties":{"name":"Glydee Lodging Home - Standard Room","kind":"tourism","kind_label":"Tourism","source":"google_places","google_place_id":"ChIJOZIUvCvTjzMRkmGcmltTLzY","google_primary_type":"lodging","google_primary_type_label":"Lodging","google_types":["lodging","point_of_interest","establishment"],"google_maps_uri":"https://maps.google.com/?cid=3904431054854578578&g_mp=Cilnb29nbGUubWFwcy5wbGFjZXMudjEuUGxhY2VzLlNlYXJjaE5lYXJieRACGAQgAA","google_icon_mask_base_uri":"https://maps.gstatic.com/mapfiles/place_api/icons/v2/hotel_pinlet","google_icon_background_color":"#909CE1","formatted_address":"Sagada, Mountain Province, Philippines","business_status":"OPERATIONAL","rating":null,"user_rating_count":null,"barangay_slug":"patay","barangay_name":"Patay"},"geometry":{"type":"Point","coordinates":[120.88803100000001,17.0916996]}},{"type":"Feature","properties":{"name":"Govind","kind":"tourism","kind_label":"Tourism","source":"google_places","google_place_id":"ChIJcWsvIgDTjzMRlFlPFztqD2k","google_primary_type":"hostel","google_primary_type_label":"Hostel","google_types":["hostel","lodging","point_of_interest","establishment"],"google_maps_uri":"https://maps.google.com/?cid=7570386300659784084&g_mp=Cilnb29nbGUubWFwcy5wbGFjZXMudjEuUGxhY2VzLlNlYXJjaE5lYXJieRACGAQgAA","google_icon_mask_base_uri":"https://maps.gstatic.com/mapfiles/place_api/icons/v2/hotel_pinlet","google_icon_background_color":"#909CE1","formatted_address":"3WX4+7W3, Sagada, Mountain Province, Philippines","business_status":"OPERATIONAL","rating":null,"user_rating_count":null,"barangay_slug":"patay","barangay_name":"Patay"},"geometry":{"type":"Point","coordinates":[120.90730399999998,17.0981353]}},{"type":"Feature","properties":{"name":"Ina-Picaw's D' Carpenter's House","kind":"tourism","kind_label":"Tourism","source":"google_places","google_place_id":"ChIJYQ7APg_TjzMRRTg_rJLi64I","google_primary_type":"inn","google_primary_type_label":"Inn","google_types":["inn","lodging","point_of_interest","establishment"],"google_maps_uri":"https://maps.google.com/?cid=9433882964040562757&g_mp=Cilnb29nbGUubWFwcy5wbGFjZXMudjEuUGxhY2VzLlNlYXJjaE5lYXJieRACGAQgAA","google_icon_mask_base_uri":"https://maps.gstatic.com/mapfiles/place_api/icons/v2/hotel_pinlet","google_icon_background_color":"#909CE1","formatted_address":"Danonoy, Sagada, 2619 Mountain Province, Philippines","business_status":"OPERATIONAL","rating":4.8,"user_rating_count":15,"barangay_slug":"patay","barangay_name":"Patay"},"geometry":{"type":"Point","coordinates":[120.8930104,17.0877342]}},{"type":"Feature","properties":{"name":"Isabelo's Inn and Cafe Sagada","kind":"tourism","kind_label":"Tourism","source":"google_places","google_place_id":"ChIJdZfj8ivTjzMR8onyL6cYGEA","google_primary_type":"bed_and_breakfast","google_primary_type_label":"Bed & Breakfast","google_types":["bed_and_breakfast","inn","lodging","point_of_interest","establishment"],"google_maps_uri":"https://maps.google.com/?cid=4618468524211472882&g_mp=Cilnb29nbGUubWFwcy5wbGFjZXMudjEuUGxhY2VzLlNlYXJjaE5lYXJieRACGAQgAA","google_icon_mask_base_uri":"https://maps.gstatic.com/mapfiles/place_api/icons/v2/hotel_pinlet","google_icon_background_color":"#909CE1","formatted_address":"South Rd, Sagada, Mountain Province, Philippines","business_status":"OPERATIONAL","rating":4.2,"user_rating_count":200,"barangay_slug":"patay","barangay_name":"Patay"},"geometry":{"type":"Point","coordinates":[120.9002886,17.084177999999998]}},{"type":"Feature","properties":{"name":"Kapinitan Transient House","kind":"tourism","kind_label":"Tourism","source":"google_places","google_place_id":"ChIJ2evlWADTjzMRsz7zx6SHzxA","google_primary_type":"private_guest_room","google_primary_type_label":"Homestay","google_types":["private_guest_room","lodging","point_of_interest","establishment"],"google_maps_uri":"https://maps.google.com/?cid=1211335966584946355&g_mp=Cilnb29nbGUubWFwcy5wbGFjZXMudjEuUGxhY2VzLlNlYXJjaE5lYXJieRACGAQgAA","google_icon_mask_base_uri":"https://maps.gstatic.com/mapfiles/place_api/icons/v2/hotel_pinlet","google_icon_background_color":"#909CE1","formatted_address":"Patay, Kapinitan, Sagada, Mountain Province, Philippines","business_status":"OPERATIONAL","rating":5,"user_rating_count":3,"barangay_slug":"patay","barangay_name":"Patay"},"geometry":{"type":"Point","coordinates":[120.90603829999999,17.0944844]}},{"type":"Feature","properties":{"name":"Ligaya's House and Cottages","kind":"tourism","kind_label":"Tourism","source":"google_places","google_place_id":"ChIJUZAGbtfSjzMRXMLuYmSrua8","google_primary_type":"cottage","google_primary_type_label":"Cottage","google_types":["cottage","lodging","point_of_interest","establishment"],"google_maps_uri":"https://maps.google.com/?cid=12662340274973753948&g_mp=Cilnb29nbGUubWFwcy5wbGFjZXMudjEuUGxhY2VzLlNlYXJjaE5lYXJieRACGAQgAA","google_icon_mask_base_uri":"https://maps.gstatic.com/mapfiles/place_api/icons/v2/hotel_pinlet","google_icon_background_color":"#909CE1","formatted_address":"Kapinitan, Sagada, 2619 Mountain Province, Philippines","business_status":"OPERATIONAL","rating":4.6,"user_rating_count":85,"barangay_slug":"patay","barangay_name":"Patay"},"geometry":{"type":"Point","coordinates":[120.90556249999999,17.0940625]}},{"type":"Feature","properties":{"name":"Lodge Labanet","kind":"tourism","kind_label":"Tourism","source":"google_places","google_place_id":"ChIJ4ylrDCzTjzMRTIQyi3CXRgg","google_primary_type":"lodging","google_primary_type_label":"Lodging","google_types":["lodging","point_of_interest","establishment"],"google_maps_uri":"https://maps.google.com/?cid=596330510300644428&g_mp=Cilnb29nbGUubWFwcy5wbGFjZXMudjEuUGxhY2VzLlNlYXJjaE5lYXJieRACGAQgAA","google_icon_mask_base_uri":"https://maps.gstatic.com/mapfiles/place_api/icons/v2/hotel_pinlet","google_icon_background_color":"#909CE1","formatted_address":"Sagada, Mountain Province, Philippines","business_status":"OPERATIONAL","rating":4.3,"user_rating_count":195,"barangay_slug":"patay","barangay_name":"Patay"},"geometry":{"type":"Point","coordinates":[120.90027559999999,17.082571299999998]}},{"type":"Feature","properties":{"name":"Log In Sagada","kind":"tourism","kind_label":"Tourism","source":"google_places","google_place_id":"ChIJv-YM1TXTjzMRgjBMTYzLu34","google_primary_type":"private_guest_room","google_primary_type_label":"Homestay","google_types":["private_guest_room","lodging","point_of_interest","establishment"],"google_maps_uri":"https://maps.google.com/?cid=9132116472876511362&g_mp=Cilnb29nbGUubWFwcy5wbGFjZXMudjEuUGxhY2VzLlNlYXJjaE5lYXJieRACGAQgAA","google_icon_mask_base_uri":"https://maps.gstatic.com/mapfiles/place_api/icons/v2/hotel_pinlet","google_icon_background_color":"#909CE1","formatted_address":"3WP3+PHX, Sagada, Mountain Province, Philippines","business_status":"OPERATIONAL","rating":4.7,"user_rating_count":20,"barangay_slug":"patay","barangay_name":"Patay"},"geometry":{"type":"Point","coordinates":[120.90399869999997,17.086860599999998]}},{"type":"Feature","properties":{"name":"Madongo","kind":"tourism","kind_label":"Tourism","source":"google_places","google_place_id":"ChIJuZz0MP7TjzMRG_XycFwMYEE","google_primary_type":"hiking_area","google_primary_type_label":"Hiking Area","google_types":["hiking_area","sports_activity_location","point_of_interest","establishment"],"google_maps_uri":"https://maps.google.com/?cid=4710778801401034011&g_mp=Cilnb29nbGUubWFwcy5wbGFjZXMudjEuUGxhY2VzLlNlYXJjaE5lYXJieRACGAQgAA","google_icon_mask_base_uri":"https://maps.gstatic.com/mapfiles/place_api/icons/v2/hiking_pinlet","google_icon_background_color":"#4DB546","formatted_address":"3WX4+7W3, Sagada, Mountain Province, Philippines","business_status":"OPERATIONAL","rating":null,"user_rating_count":null,"barangay_slug":"patay","barangay_name":"Patay"},"geometry":{"type":"Point","coordinates":[120.90730399999998,17.0981353]}},{"type":"Feature","properties":{"name":"Mamakde Inn","kind":"tourism","kind_label":"Tourism","source":"google_places","google_place_id":"ChIJx0I0mc_SjzMRi4ryDl38N7k","google_primary_type":"lodging","google_primary_type_label":"Lodging","google_types":["lodging","point_of_interest","establishment"],"google_maps_uri":"https://maps.google.com/?cid=13346413497348688523&g_mp=Cilnb29nbGUubWFwcy5wbGFjZXMudjEuUGxhY2VzLlNlYXJjaE5lYXJieRACGAQgAA","google_icon_mask_base_uri":"https://maps.gstatic.com/mapfiles/place_api/icons/v2/hotel_pinlet","google_icon_background_color":"#909CE1","formatted_address":"4W24+6FV, Sagada, Mountain Province, Philippines","business_status":"OPERATIONAL","rating":4.6,"user_rating_count":18,"barangay_slug":"patay","barangay_name":"Patay"},"geometry":{"type":"Point","coordinates":[120.90615679999999,17.100620000000003]}},{"type":"Feature","properties":{"name":"Mapiyaaw Pension Inn","kind":"tourism","kind_label":"Tourism","source":"google_places","google_place_id":"ChIJH918NdjSjzMRs8InFAPIdxs","google_primary_type":"hotel","google_primary_type_label":"Hotel","google_types":["hotel","lodging","point_of_interest","establishment"],"google_maps_uri":"https://maps.google.com/?cid=1979270476801229491&g_mp=Cilnb29nbGUubWFwcy5wbGFjZXMudjEuUGxhY2VzLlNlYXJjaE5lYXJieRACGAQgAA","google_icon_mask_base_uri":"https://maps.gstatic.com/mapfiles/place_api/icons/v2/hotel_pinlet","google_icon_background_color":"#909CE1","formatted_address":"3WQ5+WFX, Staunton Rd, Sagada, Mountain Province, Philippines","business_status":"OPERATIONAL","rating":4.1,"user_rating_count":38,"barangay_slug":"patay","barangay_name":"Patay"},"geometry":{"type":"Point","coordinates":[120.9087253,17.0898705]}},{"type":"Feature","properties":{"name":"Masferre Country Inn and Restaurant","kind":"tourism","kind_label":"Tourism","source":"google_places","google_place_id":"ChIJwT3G9ivTjzMRwHdpNYi-RG8","google_primary_type":"bed_and_breakfast","google_primary_type_label":"Bed & Breakfast","google_types":["bed_and_breakfast","lodging","point_of_interest","establishment"],"google_maps_uri":"https://maps.google.com/?cid=8017742728847259584&g_mp=Cilnb29nbGUubWFwcy5wbGFjZXMudjEuUGxhY2VzLlNlYXJjaE5lYXJieRACGAQgAA","google_icon_mask_base_uri":"https://maps.gstatic.com/mapfiles/place_api/icons/v2/hotel_pinlet","google_icon_background_color":"#909CE1","formatted_address":"Poblacion, 3WM2+G6G, Patay, Sagada, 2619 Mountain Province, Philippines","business_status":"OPERATIONAL","rating":3.8,"user_rating_count":225,"barangay_slug":"patay","barangay_name":"Patay"},"geometry":{"type":"Point","coordinates":[120.9005832,17.0838078]}},{"type":"Feature","properties":{"name":"Masferre Photograph's","kind":"tourism","kind_label":"Tourism","source":"google_places","google_place_id":"ChIJwWl67NfSjzMRLSbtM8ka9BU","google_primary_type":"museum","google_primary_type_label":"Museum","google_types":["museum","point_of_interest","establishment"],"google_maps_uri":"https://maps.google.com/?cid=1581918820575815213&g_mp=Cilnb29nbGUubWFwcy5wbGFjZXMudjEuUGxhY2VzLlNlYXJjaE5lYXJieRACGAQgAA","google_icon_mask_base_uri":"https://maps.gstatic.com/mapfiles/place_api/icons/v2/museum_pinlet","google_icon_background_color":"#13B5C7","formatted_address":"3WQ4+F8V, Bangaan Rd, Sagada, Mountain Province, Philippines","business_status":"OPERATIONAL","rating":4.1,"user_rating_count":16,"barangay_slug":"patay","barangay_name":"Patay"},"geometry":{"type":"Point","coordinates":[120.90578819999999,17.088725699999998]}},{"type":"Feature","properties":{"name":"Mastered country inn","kind":"tourism","kind_label":"Tourism","source":"google_places","google_place_id":"ChIJFfKLkCMtjjMRV6f3_HZerAM","google_primary_type":"hotel","google_primary_type_label":"Hotel","google_types":["hotel","lodging","point_of_interest","establishment"],"google_maps_uri":"https://maps.google.com/?cid=264690343251257175&g_mp=Cilnb29nbGUubWFwcy5wbGFjZXMudjEuUGxhY2VzLlNlYXJjaE5lYXJieRACGAQgAA","google_icon_mask_base_uri":"https://maps.gstatic.com/mapfiles/place_api/icons/v2/hotel_pinlet","google_icon_background_color":"#909CE1","formatted_address":"3VWR+824, Sagada, Mountain Province, Philippines","business_status":"OPERATIONAL","rating":null,"user_rating_count":null,"barangay_slug":"patay","barangay_name":"Patay"},"geometry":{"type":"Point","coordinates":[120.8900839,17.095765399999998]}},{"type":"Feature","properties":{"name":"Melchor’s Lodge","kind":"tourism","kind_label":"Tourism","source":"google_places","google_place_id":"ChIJK2o0MQAtjjMRnTT7Br65b1A","google_primary_type":"private_guest_room","google_primary_type_label":"Homestay","google_types":["private_guest_room","lodging","point_of_interest","establishment"],"google_maps_uri":"https://maps.google.com/?cid=5796055471261168797&g_mp=Cilnb29nbGUubWFwcy5wbGFjZXMudjEuUGxhY2VzLlNlYXJjaE5lYXJieRACGAQgAA","google_icon_mask_base_uri":"https://maps.gstatic.com/mapfiles/place_api/icons/v2/hotel_pinlet","google_icon_background_color":"#909CE1","formatted_address":"Sagada - Besao Rd, Poblacion (Patay), Sagada, Mountain Province, Philippines","business_status":"OPERATIONAL","rating":4.6,"user_rating_count":8,"barangay_slug":"patay","barangay_name":"Patay"},"geometry":{"type":"Point","coordinates":[120.892634,17.0877352]}},{"type":"Feature","properties":{"name":"Mt.province","kind":"tourism","kind_label":"Tourism","source":"google_places","google_place_id":"ChIJV16-AwDTjzMRtkKXiN317kE","google_primary_type":"tourist_attraction","google_primary_type_label":"Tourist Attraction","google_types":["tourist_attraction","point_of_interest","establishment"],"google_maps_uri":"https://maps.google.com/?cid=4751004988750643894&g_mp=Cilnb29nbGUubWFwcy5wbGFjZXMudjEuUGxhY2VzLlNlYXJjaE5lYXJieRACGAQgAA","google_icon_mask_base_uri":"https://maps.gstatic.com/mapfiles/place_api/icons/v2/generic_pinlet","google_icon_background_color":"#13B5C7","formatted_address":"3WX4+7W3, Sagada, Mountain Province, Philippines","business_status":"OPERATIONAL","rating":null,"user_rating_count":null,"barangay_slug":"patay","barangay_name":"Patay"},"geometry":{"type":"Point","coordinates":[120.90730399999998,17.0981353]}},{"type":"Feature","properties":{"name":"Mushroomville Transient Homes","kind":"tourism","kind_label":"Tourism","source":"google_places","google_place_id":"ChIJqcDbgvLTjzMRc1X-KWM5Ae0","google_primary_type":"private_guest_room","google_primary_type_label":"Homestay","google_types":["private_guest_room","lodging","point_of_interest","establishment"],"google_maps_uri":"https://maps.google.com/?cid=17077994360034710899&g_mp=Cilnb29nbGUubWFwcy5wbGFjZXMudjEuUGxhY2VzLlNlYXJjaE5lYXJieRACGAQgAA","google_icon_mask_base_uri":"https://maps.gstatic.com/mapfiles/place_api/icons/v2/hotel_pinlet","google_icon_background_color":"#909CE1","formatted_address":"Mabbay, 3WX4+7W3, Sagada, Mountain Province, Philippines","business_status":"OPERATIONAL","rating":null,"user_rating_count":null,"barangay_slug":"patay","barangay_name":"Patay"},"geometry":{"type":"Point","coordinates":[120.90730399999998,17.0981353]}},{"type":"Feature","properties":{"name":"Quarrybay Hometel","kind":"tourism","kind_label":"Tourism","source":"google_places","google_place_id":"ChIJe1DmwSfTjzMRzG2d8cBrJo8","google_primary_type":"hotel","google_primary_type_label":"Hotel","google_types":["hotel","lodging","restaurant","food","point_of_interest","establishment"],"google_maps_uri":"https://maps.google.com/?cid=10315050472970218956&g_mp=Cilnb29nbGUubWFwcy5wbGFjZXMudjEuUGxhY2VzLlNlYXJjaE5lYXJieRACGAQgAA","google_icon_mask_base_uri":"https://maps.gstatic.com/mapfiles/place_api/icons/v2/hotel_pinlet","google_icon_background_color":"#909CE1","formatted_address":"Staunton Rd, Sagada, Mountain Province, Philippines","business_status":"OPERATIONAL","rating":4.2,"user_rating_count":126,"barangay_slug":"patay","barangay_name":"Patay"},"geometry":{"type":"Point","coordinates":[120.9071743,17.088738499999998]}},{"type":"Feature","properties":{"name":"Rm 203 Mhapiya-aw Pensione Inn - Large Twin Room","kind":"tourism","kind_label":"Tourism","source":"google_places","google_place_id":"ChIJB4eJSdjSjzMRAcM1z69PxRQ","google_primary_type":"lodging","google_primary_type_label":"Lodging","google_types":["lodging","point_of_interest","establishment"],"google_maps_uri":"https://maps.google.com/?cid=1496690067684836097&g_mp=Cilnb29nbGUubWFwcy5wbGFjZXMudjEuUGxhY2VzLlNlYXJjaE5lYXJieRACGAQgAA","google_icon_mask_base_uri":"https://maps.gstatic.com/mapfiles/place_api/icons/v2/hotel_pinlet","google_icon_background_color":"#909CE1","formatted_address":"Sagada, Mountain Province, Philippines","business_status":"OPERATIONAL","rating":null,"user_rating_count":null,"barangay_slug":"patay","barangay_name":"Patay"},"geometry":{"type":"Point","coordinates":[120.90885159999998,17.0896397]}},{"type":"Feature","properties":{"name":"Rm 204 Mhapiya-aw Pensione Inn - Double Room","kind":"tourism","kind_label":"Tourism","source":"google_places","google_place_id":"ChIJM9a0S9jSjzMRl5nftesxrOo","google_primary_type":"lodging","google_primary_type_label":"Lodging","google_types":["lodging","point_of_interest","establishment"],"google_maps_uri":"https://maps.google.com/?cid=16909945589307775383&g_mp=Cilnb29nbGUubWFwcy5wbGFjZXMudjEuUGxhY2VzLlNlYXJjaE5lYXJieRACGAQgAA","google_icon_mask_base_uri":"https://maps.gstatic.com/mapfiles/place_api/icons/v2/hotel_pinlet","google_icon_background_color":"#909CE1","formatted_address":"Sagada, Mountain Province, Philippines","business_status":"OPERATIONAL","rating":null,"user_rating_count":null,"barangay_slug":"patay","barangay_name":"Patay"},"geometry":{"type":"Point","coordinates":[120.90892029999998,17.0897293]}},{"type":"Feature","properties":{"name":"Rm 207 Mhapiya-aw Pensione Inn - Large Twin Room","kind":"tourism","kind_label":"Tourism","source":"google_places","google_place_id":"ChIJsRMlStjSjzMRrIODp-K1MUE","google_primary_type":"lodging","google_primary_type_label":"Lodging","google_types":["lodging","point_of_interest","establishment"],"google_maps_uri":"https://maps.google.com/?cid=4697735871401788332&g_mp=Cilnb29nbGUubWFwcy5wbGFjZXMudjEuUGxhY2VzLlNlYXJjaE5lYXJieRACGAQgAA","google_icon_mask_base_uri":"https://maps.gstatic.com/mapfiles/place_api/icons/v2/hotel_pinlet","google_icon_background_color":"#909CE1","formatted_address":"Sagada, Mountain Province, Philippines","business_status":"OPERATIONAL","rating":null,"user_rating_count":null,"barangay_slug":"patay","barangay_name":"Patay"},"geometry":{"type":"Point","coordinates":[120.90886689999999,17.089679699999998]}},{"type":"Feature","properties":{"name":"Rocky Valley Inn and Cafè","kind":"tourism","kind_label":"Tourism","source":"google_places","google_place_id":"ChIJT50ZyynTjzMRsGiufl0jb54","google_primary_type":"inn","google_primary_type_label":"Inn","google_types":["inn","lodging","point_of_interest","establishment"],"google_maps_uri":"https://maps.google.com/?cid=11416382464871786672&g_mp=Cilnb29nbGUubWFwcy5wbGFjZXMudjEuUGxhY2VzLlNlYXJjaE5lYXJieRACGAQgAA","google_icon_mask_base_uri":"https://maps.gstatic.com/mapfiles/place_api/icons/v2/hotel_pinlet","google_icon_background_color":"#909CE1","formatted_address":"Dantay - Sagada Rd, Mountain Province, 2619 Mountain Province, Philippines","business_status":"OPERATIONAL","rating":4.1,"user_rating_count":54,"barangay_slug":"patay","barangay_name":"Patay"},"geometry":{"type":"Point","coordinates":[120.9053579,17.0872846]}},{"type":"Feature","properties":{"name":"Rose Cabin of The Shire - One-Bedroom Villa","kind":"tourism","kind_label":"Tourism","source":"google_places","google_place_id":"ChIJhz3En9XSjzMRVYw83bHR_os","google_primary_type":"lodging","google_primary_type_label":"Lodging","google_types":["lodging","point_of_interest","establishment"],"google_maps_uri":"https://maps.google.com/?cid=10087730777207639125&g_mp=Cilnb29nbGUubWFwcy5wbGFjZXMudjEuUGxhY2VzLlNlYXJjaE5lYXJieRACGAQgAA","google_icon_mask_base_uri":"https://maps.gstatic.com/mapfiles/place_api/icons/v2/hotel_pinlet","google_icon_background_color":"#909CE1","formatted_address":"Sagada, Mountain Province, Philippines","business_status":"OPERATIONAL","rating":null,"user_rating_count":null,"barangay_slug":"patay","barangay_name":"Patay"},"geometry":{"type":"Point","coordinates":[120.89875789999999,17.090249999999997]}},{"type":"Feature","properties":{"name":"S. Point","kind":"tourism","kind_label":"Tourism","source":"google_places","google_place_id":"ChIJx20eVgDTjzMRVN3Nq7UMQUM","google_primary_type":"tourist_attraction","google_primary_type_label":"Tourist Attraction","google_types":["tourist_attraction","point_of_interest","establishment"],"google_maps_uri":"https://maps.google.com/?cid=4846168648438373716&g_mp=Cilnb29nbGUubWFwcy5wbGFjZXMudjEuUGxhY2VzLlNlYXJjaE5lYXJieRACGAQgAA","google_icon_mask_base_uri":"https://maps.gstatic.com/mapfiles/place_api/icons/v2/generic_pinlet","google_icon_background_color":"#13B5C7","formatted_address":"3VPX+6RX, Sagada, Mountain Province, Philippines","business_status":"OPERATIONAL","rating":5,"user_rating_count":1,"barangay_slug":"patay","barangay_name":"Patay"},"geometry":{"type":"Point","coordinates":[120.89903509999999,17.0858235]}},{"type":"Feature","properties":{"name":"SAGADA 2026","kind":"tourism","kind_label":"Tourism","source":"google_places","google_place_id":"ChIJx7mAcQDTjzMRoc_7mJIcw48","google_primary_type":"tourist_attraction","google_primary_type_label":"Tourist Attraction","google_types":["tourist_attraction","point_of_interest","establishment"],"google_maps_uri":"https://maps.google.com/?cid=10359154983839715233&g_mp=Cilnb29nbGUubWFwcy5wbGFjZXMudjEuUGxhY2VzLlNlYXJjaE5lYXJieRACGAQgAA","google_icon_mask_base_uri":"https://maps.gstatic.com/mapfiles/place_api/icons/v2/generic_pinlet","google_icon_background_color":"#13B5C7","formatted_address":"3WX4+7W3, Sagada, Mountain Province, Philippines","business_status":"OPERATIONAL","rating":null,"user_rating_count":null,"barangay_slug":"patay","barangay_name":"Patay"},"geometry":{"type":"Point","coordinates":[120.90730399999998,17.0981353]}},{"type":"Feature","properties":{"name":"Sagada Community Court","kind":"tourism","kind_label":"Tourism","source":"google_places","google_place_id":"ChIJR1abVV3TjzMRd2moaC51fjU","google_primary_type":"athletic_field","google_primary_type_label":"Athletic Field","google_types":["athletic_field","sports_activity_location","point_of_interest","establishment"],"google_maps_uri":"https://maps.google.com/?cid=3854647173260536183&g_mp=Cilnb29nbGUubWFwcy5wbGFjZXMudjEuUGxhY2VzLlNlYXJjaE5lYXJieRACGAQgAA","google_icon_mask_base_uri":"https://maps.gstatic.com/mapfiles/place_api/icons/v2/generic_pinlet","google_icon_background_color":"#7B9EB0","formatted_address":"Mission Road, Sagada, Mountain Province, Philippines","business_status":"OPERATIONAL","rating":4.3,"user_rating_count":4,"barangay_slug":"patay","barangay_name":"Patay"},"geometry":{"type":"Point","coordinates":[120.9016405,17.0845093]}},{"type":"Feature","properties":{"name":"Sagada Green Hills Transient House","kind":"tourism","kind_label":"Tourism","source":"google_places","google_place_id":"ChIJY_RtsCvTjzMR-NfLwUWI1gY","google_primary_type":"hotel","google_primary_type_label":"Hotel","google_types":["hotel","guest_house","extended_stay_hotel","lodging","service","point_of_interest","establishment"],"google_maps_uri":"https://maps.google.com/?cid=492731042429130744&g_mp=Cilnb29nbGUubWFwcy5wbGFjZXMudjEuUGxhY2VzLlNlYXJjaE5lYXJieRACGAQgAA","google_icon_mask_base_uri":"https://maps.gstatic.com/mapfiles/place_api/icons/v2/hotel_pinlet","google_icon_background_color":"#909CE1","formatted_address":"Danonoy, Sagada, 2619 Mountain Province, Philippines","business_status":"OPERATIONAL","rating":4.2,"user_rating_count":50,"barangay_slug":"patay","barangay_name":"Patay"},"geometry":{"type":"Point","coordinates":[120.89254109999997,17.087839]}},{"type":"Feature","properties":{"name":"Sagada Homestay Inn and Restaurant","kind":"tourism","kind_label":"Tourism","source":"google_places","google_place_id":"ChIJIxRluCvTjzMRR65EKT4KUXg","google_primary_type":"hotel","google_primary_type_label":"Hotel","google_types":["hotel","lodging","point_of_interest","establishment"],"google_maps_uri":"https://maps.google.com/?cid=8669722019761532487&g_mp=Cilnb29nbGUubWFwcy5wbGFjZXMudjEuUGxhY2VzLlNlYXJjaE5lYXJieRACGAQgAA","google_icon_mask_base_uri":"https://maps.gstatic.com/mapfiles/place_api/icons/v2/hotel_pinlet","google_icon_background_color":"#909CE1","formatted_address":"3VPX+8X5, Sagada - Besao Rd, Sagada, Mountain Province, Philippines","business_status":"OPERATIONAL","rating":4.2,"user_rating_count":388,"barangay_slug":"patay","barangay_name":"Patay"},"geometry":{"type":"Point","coordinates":[120.8999779,17.0857553]}},{"type":"Feature","properties":{"name":"Sagada Public Campsite","kind":"tourism","kind_label":"Tourism","source":"google_places","google_place_id":"ChIJBahpT1PTjzMRwDU6kMDQX4Q","google_primary_type":"campground","google_primary_type_label":"Campground","google_types":["campground","lodging","point_of_interest","establishment"],"google_maps_uri":"https://maps.google.com/?cid=9538572061266032064&g_mp=Cilnb29nbGUubWFwcy5wbGFjZXMudjEuUGxhY2VzLlNlYXJjaE5lYXJieRACGAQgAA","google_icon_mask_base_uri":"https://maps.gstatic.com/mapfiles/place_api/icons/v2/camping_pinlet","google_icon_background_color":"#4DB546","formatted_address":"2619 South Rd, Sagada, 2619 Mountain Province, Philippines","business_status":"OPERATIONAL","rating":5,"user_rating_count":1,"barangay_slug":"patay","barangay_name":"Patay"},"geometry":{"type":"Point","coordinates":[120.9021364,17.082694399999998]}},{"type":"Feature","properties":{"name":"Sagada Rock Climbing","kind":"tourism","kind_label":"Tourism","source":"google_places","google_place_id":"ChIJzfXfRgDTjzMRt5bGbgTH7jM","google_primary_type":"hiking_area","google_primary_type_label":"Hiking Area","google_types":["hiking_area","sports_activity_location","point_of_interest","establishment"],"google_maps_uri":"https://maps.google.com/?cid=3742147162243765943&g_mp=Cilnb29nbGUubWFwcy5wbGFjZXMudjEuUGxhY2VzLlNlYXJjaE5lYXJieRACGAQgAA","google_icon_mask_base_uri":"https://maps.gstatic.com/mapfiles/place_api/icons/v2/hiking_pinlet","google_icon_background_color":"#4DB546","formatted_address":"3VMX+RRG Brgy, Sagada, Mountain Province, Philippines","business_status":"OPERATIONAL","rating":null,"user_rating_count":null,"barangay_slug":"patay","barangay_name":"Patay"},"geometry":{"type":"Point","coordinates":[120.89958430000001,17.0845602]}},{"type":"Feature","properties":{"name":"Sagada Tudor House","kind":"tourism","kind_label":"Tourism","source":"google_places","google_place_id":"ChIJK1QA8FvTjzMRdch9n7jhTk4","google_primary_type":"inn","google_primary_type_label":"Inn","google_types":["inn","lodging","point_of_interest","establishment"],"google_maps_uri":"https://maps.google.com/?cid=5642695566207862901&g_mp=Cilnb29nbGUubWFwcy5wbGFjZXMudjEuUGxhY2VzLlNlYXJjaE5lYXJieRACGAQgAA","google_icon_mask_base_uri":"https://maps.gstatic.com/mapfiles/place_api/icons/v2/hotel_pinlet","google_icon_background_color":"#909CE1","formatted_address":"Bangaan Rd, Sagada, 2619 Mountain Province, Philippines","business_status":"OPERATIONAL","rating":4.5,"user_rating_count":8,"barangay_slug":"patay","barangay_name":"Patay"},"geometry":{"type":"Point","coordinates":[120.90643829999999,17.0979966]}},{"type":"Feature","properties":{"name":"Sagada Underground River","kind":"tourism","kind_label":"Tourism","source":"google_places","google_place_id":"ChIJo4-6QCjTjzMR0iXL3w4gcbg","google_primary_type":"tourist_attraction","google_primary_type_label":"Tourist Attraction","google_types":["tourist_attraction","point_of_interest","establishment"],"google_maps_uri":"https://maps.google.com/?cid=13290439223603307986&g_mp=Cilnb29nbGUubWFwcy5wbGFjZXMudjEuUGxhY2VzLlNlYXJjaE5lYXJieRACGAQgAA","google_icon_mask_base_uri":"https://maps.gstatic.com/mapfiles/place_api/icons/v2/generic_pinlet","google_icon_background_color":"#13B5C7","formatted_address":"3WP3+7WQ, Sagada, Mountain Province, Philippines","business_status":"OPERATIONAL","rating":4.6,"user_rating_count":104,"barangay_slug":"patay","barangay_name":"Patay"},"geometry":{"type":"Point","coordinates":[120.90485419999999,17.0857127]}},{"type":"Feature","properties":{"name":"Sagada yellowhouse bungalow","kind":"tourism","kind_label":"Tourism","source":"google_places","google_place_id":"ChIJlclFc9DSjzMReLszExlZOw0","google_primary_type":"lodging","google_primary_type_label":"Lodging","google_types":["lodging","point_of_interest","establishment"],"google_maps_uri":"https://maps.google.com/?cid=953453710350203768&g_mp=Cilnb29nbGUubWFwcy5wbGFjZXMudjEuUGxhY2VzLlNlYXJjaE5lYXJieRACGAQgAA","google_icon_mask_base_uri":"https://maps.gstatic.com/mapfiles/place_api/icons/v2/hotel_pinlet","google_icon_background_color":"#909CE1","formatted_address":"Sagada, Mountain Province, Philippines","business_status":"OPERATIONAL","rating":null,"user_rating_count":null,"barangay_slug":"patay","barangay_name":"Patay"},"geometry":{"type":"Point","coordinates":[120.9068832,17.0968399]}},{"type":"Feature","properties":{"name":"Sagada Younganaut Lodge","kind":"tourism","kind_label":"Tourism","source":"google_places","google_place_id":"ChIJE1uFk4rTjzMRhz_5mzZYG_4","google_primary_type":"hotel","google_primary_type_label":"Hotel","google_types":["hotel","lodging","point_of_interest","establishment"],"google_maps_uri":"https://maps.google.com/?cid=18310325701573164935&g_mp=Cilnb29nbGUubWFwcy5wbGFjZXMudjEuUGxhY2VzLlNlYXJjaE5lYXJieRACGAQgAA","google_icon_mask_base_uri":"https://maps.gstatic.com/mapfiles/place_api/icons/v2/hotel_pinlet","google_icon_background_color":"#909CE1","formatted_address":"Kapinitan, Sagada, Lalawigang Bulubundukin, Philippines","business_status":"OPERATIONAL","rating":4.5,"user_rating_count":11,"barangay_slug":"patay","barangay_name":"Patay"},"geometry":{"type":"Point","coordinates":[120.90576750000001,17.095329]}},{"type":"Feature","properties":{"name":"Saint Joseph Resthouse","kind":"tourism","kind_label":"Tourism","source":"google_places","google_place_id":"ChIJ4S2oxivTjzMRDEfGXErmXlk","google_primary_type":"cottage","google_primary_type_label":"Cottage","google_types":["cottage","inn","hotel","lodging","point_of_interest","establishment"],"google_maps_uri":"https://maps.google.com/?cid=6439837724244854540&g_mp=Cilnb29nbGUubWFwcy5wbGFjZXMudjEuUGxhY2VzLlNlYXJjaE5lYXJieRACGAQgAA","google_icon_mask_base_uri":"https://maps.gstatic.com/mapfiles/place_api/icons/v2/hotel_pinlet","google_icon_background_color":"#909CE1","formatted_address":"3WP2+3CC, Staunton Rd, Sagada, Mountain Province, Philippines","business_status":"OPERATIONAL","rating":4.1,"user_rating_count":165,"barangay_slug":"patay","barangay_name":"Patay"},"geometry":{"type":"Point","coordinates":[120.9010104,17.0851902]}},{"type":"Feature","properties":{"name":"Shagay Inn","kind":"tourism","kind_label":"Tourism","source":"google_places","google_place_id":"ChIJGTHckVPTjzMRsrKRP5x1EPI","google_primary_type":"inn","google_primary_type_label":"Inn","google_types":["inn","lodging","point_of_interest","establishment"],"google_maps_uri":"https://maps.google.com/?cid=17442570670747792050&g_mp=Cidnb29nbGUubWFwcy5wbGFjZXMudjEuUGxhY2VzLlNlYXJjaFRleHQQAhgEIAA","google_icon_mask_base_uri":"https://maps.gstatic.com/mapfiles/place_api/icons/v2/hotel_pinlet","google_icon_background_color":"#909CE1","formatted_address":"3WP2+327, Besao Road, Sagada, Mountain Province, Philippines","business_status":"OPERATIONAL","rating":4.8,"user_rating_count":16,"barangay_slug":"patay","barangay_name":"Patay"},"geometry":{"type":"Point","coordinates":[120.9000433,17.085156299999998]}},{"type":"Feature","properties":{"name":"SID HOMESTAY","kind":"tourism","kind_label":"Tourism","source":"google_places","google_place_id":"ChIJdcgmJ6TTjzMRKNcoixOVklo","google_primary_type":"hotel","google_primary_type_label":"Hotel","google_types":["hotel","lodging","point_of_interest","establishment"],"google_maps_uri":"https://maps.google.com/?cid=6526442721184896808&g_mp=Cilnb29nbGUubWFwcy5wbGFjZXMudjEuUGxhY2VzLlNlYXJjaE5lYXJieRACGAQgAA","google_icon_mask_base_uri":"https://maps.gstatic.com/mapfiles/place_api/icons/v2/hotel_pinlet","google_icon_background_color":"#909CE1","formatted_address":"3WW4+96V, Bangaan Rd, Sagada, 2619 Mountain Province, Philippines","business_status":"OPERATIONAL","rating":5,"user_rating_count":2,"barangay_slug":"patay","barangay_name":"Patay"},"geometry":{"type":"Point","coordinates":[120.90548609999999,17.0960322]}},{"type":"Feature","properties":{"name":"Talubin","kind":"tourism","kind_label":"Tourism","source":"google_places","google_place_id":"ChIJK7kCfADTjzMRU9aeYyVxqt4","google_primary_type":"hotel","google_primary_type_label":"Hotel","google_types":["hotel","lodging","point_of_interest","establishment"],"google_maps_uri":"https://maps.google.com/?cid=16044761027859895891&g_mp=Cilnb29nbGUubWFwcy5wbGFjZXMudjEuUGxhY2VzLlNlYXJjaE5lYXJieRACGAQgAA","google_icon_mask_base_uri":"https://maps.gstatic.com/mapfiles/place_api/icons/v2/hotel_pinlet","google_icon_background_color":"#909CE1","formatted_address":"3WX5+62Q, Sagada, Mountain Province, Philippines","business_status":"OPERATIONAL","rating":null,"user_rating_count":null,"barangay_slug":"patay","barangay_name":"Patay"},"geometry":{"type":"Point","coordinates":[120.90761210000001,17.0980988]}},{"type":"Feature","properties":{"name":"Tanap Dwelling Inn","kind":"tourism","kind_label":"Tourism","source":"google_places","google_place_id":"ChIJm64JvXbTjzMR5mdSkkDz1Zs","google_primary_type":"private_guest_room","google_primary_type_label":"Homestay","google_types":["private_guest_room","lodging","point_of_interest","establishment"],"google_maps_uri":"https://maps.google.com/?cid=11229148704576530406&g_mp=Cidnb29nbGUubWFwcy5wbGFjZXMudjEuUGxhY2VzLlNlYXJjaFRleHQQAhgEIAA","google_icon_mask_base_uri":"https://maps.gstatic.com/mapfiles/place_api/icons/v2/hotel_pinlet","google_icon_background_color":"#909CE1","formatted_address":"3VPX+6RX, Sagada, Mountain Province, Philippines","business_status":"OPERATIONAL","rating":null,"user_rating_count":null,"barangay_slug":"patay","barangay_name":"Patay"},"geometry":{"type":"Point","coordinates":[120.89961849999999,17.0856107]}},{"type":"Feature","properties":{"name":"The House of D's","kind":"tourism","kind_label":"Tourism","source":"google_places","google_place_id":"ChIJkT0GLQDTjzMRzT5YQwOBlRU","google_primary_type":"bed_and_breakfast","google_primary_type_label":"Bed & Breakfast","google_types":["bed_and_breakfast","lodging","point_of_interest","establishment"],"google_maps_uri":"https://maps.google.com/?cid=1555291097341116109&g_mp=Cilnb29nbGUubWFwcy5wbGFjZXMudjEuUGxhY2VzLlNlYXJjaE5lYXJieRACGAQgAA","google_icon_mask_base_uri":"https://maps.gstatic.com/mapfiles/place_api/icons/v2/hotel_pinlet","google_icon_background_color":"#909CE1","formatted_address":"3WP5+P38, Staunton Rd, Sagada, Mountain Province, Philippines","business_status":"OPERATIONAL","rating":4.8,"user_rating_count":19,"barangay_slug":"patay","barangay_name":"Patay"},"geometry":{"type":"Point","coordinates":[120.90838760000001,17.086315799999998]}},{"type":"Feature","properties":{"name":"The Shire of Sagada","kind":"tourism","kind_label":"Tourism","source":"google_places","google_place_id":"ChIJeSGXpoXTjzMRMjvtnqtISbw","google_primary_type":"hotel","google_primary_type_label":"Hotel","google_types":["hotel","lodging","restaurant","food","point_of_interest","establishment"],"google_maps_uri":"https://maps.google.com/?cid=13567455254373284658&g_mp=Cilnb29nbGUubWFwcy5wbGFjZXMudjEuUGxhY2VzLlNlYXJjaE5lYXJieRACGAQgAA","google_icon_mask_base_uri":"https://maps.gstatic.com/mapfiles/place_api/icons/v2/hotel_pinlet","google_icon_background_color":"#909CE1","formatted_address":"Unnamed Road, Sagada, Mountain Province, Philippines","business_status":"OPERATIONAL","rating":4.5,"user_rating_count":89,"barangay_slug":"patay","barangay_name":"Patay"},"geometry":{"type":"Point","coordinates":[120.89881249999999,17.0904375]}},{"type":"Feature","properties":{"name":"The Shire of Sagada - Double Room With Garden View","kind":"tourism","kind_label":"Tourism","source":"google_places","google_place_id":"ChIJ809BoNXSjzMR5vDBKBK4Udg","google_primary_type":"lodging","google_primary_type_label":"Lodging","google_types":["lodging","point_of_interest","establishment"],"google_maps_uri":"https://maps.google.com/?cid=15587442173438718182&g_mp=Cilnb29nbGUubWFwcy5wbGFjZXMudjEuUGxhY2VzLlNlYXJjaE5lYXJieRACGAQgAA","google_icon_mask_base_uri":"https://maps.gstatic.com/mapfiles/place_api/icons/v2/hotel_pinlet","google_icon_background_color":"#909CE1","formatted_address":"Sagada, Mountain Province, Philippines","business_status":"OPERATIONAL","rating":null,"user_rating_count":null,"barangay_slug":"patay","barangay_name":"Patay"},"geometry":{"type":"Point","coordinates":[120.8988037,17.0904503]}},{"type":"Feature","properties":{"name":"The Shire's Private Cabin with breathtaking Sagada Views- First Cabin - One-Bedroom Villa","kind":"tourism","kind_label":"Tourism","source":"google_places","google_place_id":"ChIJhz3En9XSjzMRQ3x6L6sEJrk","google_primary_type":"lodging","google_primary_type_label":"Lodging","google_types":["lodging","point_of_interest","establishment"],"google_maps_uri":"https://maps.google.com/?cid=13341356079414148163&g_mp=Cilnb29nbGUubWFwcy5wbGFjZXMudjEuUGxhY2VzLlNlYXJjaE5lYXJieRACGAQgAA","google_icon_mask_base_uri":"https://maps.gstatic.com/mapfiles/place_api/icons/v2/hotel_pinlet","google_icon_background_color":"#909CE1","formatted_address":"Sagada, Mountain Province, Philippines","business_status":"OPERATIONAL","rating":null,"user_rating_count":null,"barangay_slug":"patay","barangay_name":"Patay"},"geometry":{"type":"Point","coordinates":[120.89875789999999,17.090249999999997]}},{"type":"Feature","properties":{"name":"Tree house","kind":"tourism","kind_label":"Tourism","source":"google_places","google_place_id":"ChIJxyMPzJvTjzMRh_ZzW2OzyI4","google_primary_type":"park","google_primary_type_label":"Park","google_types":["park","point_of_interest","establishment"],"google_maps_uri":"https://maps.google.com/?cid=10288670588045358727&g_mp=Cilnb29nbGUubWFwcy5wbGFjZXMudjEuUGxhY2VzLlNlYXJjaE5lYXJieRACGAQgAA","google_icon_mask_base_uri":"https://maps.gstatic.com/mapfiles/place_api/icons/v2/tree_pinlet","google_icon_background_color":"#4DB546","formatted_address":"3WM4+G3F, Sagada, Mountain Province, Philippines","business_status":"OPERATIONAL","rating":5,"user_rating_count":1,"barangay_slug":"patay","barangay_name":"Patay"},"geometry":{"type":"Point","coordinates":[120.90515719999999,17.0838136]}},{"type":"Feature","properties":{"name":"Triple J's Inn Sagada","kind":"tourism","kind_label":"Tourism","source":"google_places","google_place_id":"ChIJm_aaHBLTjzMRIU9YtUhxeaI","google_primary_type":"lodging","google_primary_type_label":"Lodging","google_types":["lodging","point_of_interest","establishment"],"google_maps_uri":"https://maps.google.com/?cid=11707513263420362529&g_mp=Cilnb29nbGUubWFwcy5wbGFjZXMudjEuUGxhY2VzLlNlYXJjaE5lYXJieRACGAQgAA","google_icon_mask_base_uri":"https://maps.gstatic.com/mapfiles/place_api/icons/v2/hotel_pinlet","google_icon_background_color":"#909CE1","formatted_address":"3WX4+9P3, Bangaan Rd, Sagada, 2619 Mountain Province, Philippines","business_status":"OPERATIONAL","rating":4.1,"user_rating_count":13,"barangay_slug":"patay","barangay_name":"Patay"},"geometry":{"type":"Point","coordinates":[120.90680209999998,17.0983977]}},{"type":"Feature","properties":{"name":"Veronica's Transient House","kind":"tourism","kind_label":"Tourism","source":"google_places","google_place_id":"ChIJyYOd1kgtjjMRxvBJmzhUAMo","google_primary_type":"private_guest_room","google_primary_type_label":"Homestay","google_types":["private_guest_room","lodging","point_of_interest","establishment"],"google_maps_uri":"https://maps.google.com/?cid=14555726597761659078&g_mp=Cilnb29nbGUubWFwcy5wbGFjZXMudjEuUGxhY2VzLlNlYXJjaE5lYXJieRACGAQgAA","google_icon_mask_base_uri":"https://maps.gstatic.com/mapfiles/place_api/icons/v2/hotel_pinlet","google_icon_background_color":"#909CE1","formatted_address":"Sagada - Besao Rd, Sagada, Mountain Province, Philippines","business_status":"OPERATIONAL","rating":4.3,"user_rating_count":3,"barangay_slug":"patay","barangay_name":"Patay"},"geometry":{"type":"Point","coordinates":[120.89042369999999,17.089393299999998]}},{"type":"Feature","properties":{"name":"Cycles Gas Station","kind":"transport","kind_label":"Transport","source":"google_places","google_place_id":"ChIJg3BZIQDTjzMRuiYQJCui-Bw","google_primary_type":"gas_station","google_primary_type_label":"Gas Station","google_types":["gas_station","point_of_interest","service","establishment"],"google_maps_uri":"https://maps.google.com/?cid=2087596733458556602&g_mp=Cilnb29nbGUubWFwcy5wbGFjZXMudjEuUGxhY2VzLlNlYXJjaE5lYXJieRACGAQgAA","google_icon_mask_base_uri":"https://maps.gstatic.com/mapfiles/place_api/icons/v2/gas_pinlet","google_icon_background_color":"#909CE1","formatted_address":"3WX4+3P2, Sagada, Mountain Province, Philippines","business_status":"OPERATIONAL","rating":null,"user_rating_count":null,"barangay_slug":"patay","barangay_name":"Patay"},"geometry":{"type":"Point","coordinates":[120.9067766,17.0976331]}},{"type":"Feature","properties":{"name":"House of Sol, Sagada Philippines","kind":"transport","kind_label":"Transport","source":"google_places","google_place_id":"ChIJGWJtmdQsjjMRQcWyJ41Imfo","google_primary_type":"guest_house","google_primary_type_label":"Guest House","google_types":["guest_house","parking_garage","parking_lot","parking","transportation_service","lodging","service","point_of_interest","establishment"],"google_maps_uri":"https://maps.google.com/?cid=18057543952012330305&g_mp=Cilnb29nbGUubWFwcy5wbGFjZXMudjEuUGxhY2VzLlNlYXJjaE5lYXJieRACGAQgAA","google_icon_mask_base_uri":"https://maps.gstatic.com/mapfiles/place_api/icons/v2/hotel_pinlet","google_icon_background_color":"#909CE1","formatted_address":"Danonoy, Sagada, 2619 Mountain Province, Philippines","business_status":"OPERATIONAL","rating":4.1,"user_rating_count":22,"barangay_slug":"patay","barangay_name":"Patay"},"geometry":{"type":"Point","coordinates":[120.89416659999998,17.0851124]}},{"type":"Feature","properties":{"name":"Kiltepan Fuel Station","kind":"transport","kind_label":"Transport","source":"google_places","google_place_id":"ChIJ25uyOQAtjjMRV-simDyeyF4","google_primary_type":"gas_station","google_primary_type_label":"Gas Station","google_types":["gas_station","point_of_interest","service","establishment"],"google_maps_uri":"https://maps.google.com/?cid=6829882817995008855&g_mp=Cilnb29nbGUubWFwcy5wbGFjZXMudjEuUGxhY2VzLlNlYXJjaE5lYXJieRACGAQgAA","google_icon_mask_base_uri":"https://maps.gstatic.com/mapfiles/place_api/icons/v2/gas_pinlet","google_icon_background_color":"#909CE1","formatted_address":"3VWR+824 Nangunugan, Sagada, Mountain Province, Philippines","business_status":"OPERATIONAL","rating":null,"user_rating_count":null,"barangay_slug":"patay","barangay_name":"Patay"},"geometry":{"type":"Point","coordinates":[120.8900839,17.095765399999998]}},{"type":"Feature","properties":{"name":"Central Sagada Baptist Church","kind":"worship","kind_label":"Worship","source":"google_places","google_place_id":"ChIJ2QoXCAfTjzMR9PflUBmURbY","google_primary_type":"church","google_primary_type_label":"Church","google_types":["church","place_of_worship","association_or_organization","point_of_interest","establishment"],"google_maps_uri":"https://maps.google.com/?cid=13134066724748261364&g_mp=Cilnb29nbGUubWFwcy5wbGFjZXMudjEuUGxhY2VzLlNlYXJjaE5lYXJieRACGAQgAA","google_icon_mask_base_uri":"https://maps.gstatic.com/mapfiles/place_api/icons/v2/worship_christian_pinlet","google_icon_background_color":"#7B9EB0","formatted_address":"Sagada, Mountain Province, Philippines","business_status":"OPERATIONAL","rating":null,"user_rating_count":null,"barangay_slug":"patay","barangay_name":"Patay"},"geometry":{"type":"Point","coordinates":[120.9053383,17.087161]}},{"type":"Feature","properties":{"name":"Our Lady of Mt. Carmel Church","kind":"worship","kind_label":"Worship","source":"google_places","google_place_id":"ChIJFc8hPB7TjzMRsYjxtRBujcM","google_primary_type":"church","google_primary_type_label":"Church","google_types":["church","place_of_worship","association_or_organization","point_of_interest","establishment"],"google_maps_uri":"https://maps.google.com/?cid=14091039827163187377&g_mp=Cilnb29nbGUubWFwcy5wbGFjZXMudjEuUGxhY2VzLlNlYXJjaE5lYXJieRACGAQgAA","google_icon_mask_base_uri":"https://maps.gstatic.com/mapfiles/place_api/icons/v2/worship_christian_pinlet","google_icon_background_color":"#7B9EB0","formatted_address":"3WQ4+HPX, Staunton Rd, Sagada, Mountain Province, Philippines","business_status":"OPERATIONAL","rating":4.6,"user_rating_count":39,"barangay_slug":"patay","barangay_name":"Patay"},"geometry":{"type":"Point","coordinates":[120.90685599999999,17.0889998]}},{"type":"Feature","properties":{"name":"St. Mary's Episcopal Church","kind":"worship","kind_label":"Worship","source":"google_places","google_place_id":"ChIJZSxMUCnTjzMRNNHGKp6IUn4","google_primary_type":"church","google_primary_type_label":"Church","google_types":["tourist_attraction","church","place_of_worship","association_or_organization","point_of_interest","establishment"],"google_maps_uri":"https://maps.google.com/?cid=9102488009773076788&g_mp=Cilnb29nbGUubWFwcy5wbGFjZXMudjEuUGxhY2VzLlNlYXJjaE5lYXJieRACGAQgAA","google_icon_mask_base_uri":"https://maps.gstatic.com/mapfiles/place_api/icons/v2/worship_christian_pinlet","google_icon_background_color":"#7B9EB0","formatted_address":"Mission Road, Sagada, Mountain Province, Philippines","business_status":"OPERATIONAL","rating":4.6,"user_rating_count":225,"barangay_slug":"patay","barangay_name":"Patay"},"geometry":{"type":"Point","coordinates":[120.90214410000002,17.0837244]}},{"type":"Feature","properties":{"name":"Tetep-an Community Bible Church","kind":"worship","kind_label":"Worship","source":"google_places","google_place_id":"ChIJeeO7A9DSjzMRJbRIUyV-llo","google_primary_type":"church","google_primary_type_label":"Church","google_types":["church","place_of_worship","association_or_organization","point_of_interest","establishment"],"google_maps_uri":"https://maps.google.com/?cid=6527543408696276005&g_mp=Cilnb29nbGUubWFwcy5wbGFjZXMudjEuUGxhY2VzLlNlYXJjaE5lYXJieRACGAQgAA","google_icon_mask_base_uri":"https://maps.gstatic.com/mapfiles/place_api/icons/v2/worship_christian_pinlet","google_icon_background_color":"#7B9EB0","formatted_address":"Bangaan Road, Tetep-an Norte, 3WX4+5PV, Sagada, 2619 Mountain Province, Philippines","business_status":"OPERATIONAL","rating":null,"user_rating_count":null,"barangay_slug":"patay","barangay_name":"Patay"},"geometry":{"type":"Point","coordinates":[120.90678279999999,17.0979952]}},{"type":"Feature","properties":{"name":"Fidelisan Rice Terraces","kind":"tourism","kind_label":"Tourism","source":"google_places","google_place_id":"ChIJ91UlS6rSjzMRYmqAAiSC56Y","google_primary_type":"tourist_attraction","google_primary_type_label":"Tourist Attraction","google_types":["tourist_attraction","point_of_interest","establishment"],"google_maps_uri":"https://maps.google.com/?cid=12026724421088602722&g_mp=Cilnb29nbGUubWFwcy5wbGFjZXMudjEuUGxhY2VzLlNlYXJjaE5lYXJieRACGAQgAA","google_icon_mask_base_uri":"https://maps.gstatic.com/mapfiles/place_api/icons/v2/generic_pinlet","google_icon_background_color":"#13B5C7","formatted_address":"4VHX+9X2, Bomod-ok Trail, Sagada, Mountain Province, Philippines","business_status":"OPERATIONAL","rating":4.5,"user_rating_count":55,"barangay_slug":"pide","barangay_name":"Pide"},"geometry":{"type":"Point","coordinates":[120.89990619999999,17.128384699999998]}},{"type":"Feature","properties":{"name":"00","kind":"worship","kind_label":"Worship","source":"google_places","google_place_id":"ChIJ7wVyVyktjjMRvfR5QmaFIfA","google_primary_type":"church","google_primary_type_label":"Church","google_types":["church","place_of_worship","association_or_organization","point_of_interest","establishment"],"google_maps_uri":"https://maps.google.com/?cid=17303257917582603453&g_mp=Cilnb29nbGUubWFwcy5wbGFjZXMudjEuUGxhY2VzLlNlYXJjaE5lYXJieRACGAQgAA","google_icon_mask_base_uri":"https://maps.gstatic.com/mapfiles/place_api/icons/v2/worship_christian_pinlet","google_icon_background_color":"#7B9EB0","formatted_address":"Sagada, 2619 Mountain Province, Philippines","business_status":"OPERATIONAL","rating":null,"user_rating_count":null,"barangay_slug":"pide","barangay_name":"Pide"},"geometry":{"type":"Point","coordinates":[120.8900839,17.1273643]}},{"type":"Feature","properties":{"name":"Ankileng-Nacagang-Taccong-Suyo Multipurpose Cooperative","kind":"business","kind_label":"Business","source":"google_places","google_place_id":"ChIJ7eh4v1_TjzMRTYxFtVrw__8","google_primary_type":"bank","google_primary_type_label":"Bank","google_types":["bank","finance","point_of_interest","establishment"],"google_maps_uri":"https://maps.google.com/?cid=18446726871111797837&g_mp=Cilnb29nbGUubWFwcy5wbGFjZXMudjEuUGxhY2VzLlNlYXJjaE5lYXJieRACGAQgAA","google_icon_mask_base_uri":"https://maps.gstatic.com/mapfiles/place_api/icons/v2/bank-intl_pinlet","google_icon_background_color":"#909CE1","formatted_address":"2WW8+4W8, Sagada, 2619 Mountain Province, Philippines","business_status":"OPERATIONAL","rating":5,"user_rating_count":1,"barangay_slug":"suyo","barangay_name":"Suyo"},"geometry":{"type":"Point","coordinates":[120.91731899999999,17.045296]}},{"type":"Feature","properties":{"name":"Paatan Autoshop and Car Care","kind":"business","kind_label":"Business","source":"google_places","google_place_id":"ChIJZ9IsYWbTjzMRmKhGayn6oC0","google_primary_type":"auto_parts_store","google_primary_type_label":"Auto Parts Store","google_types":["auto_parts_store","car_repair","point_of_interest","service","store","establishment"],"google_maps_uri":"https://maps.google.com/?cid=3287902783780858008&g_mp=Cilnb29nbGUubWFwcy5wbGFjZXMudjEuUGxhY2VzLlNlYXJjaE5lYXJieRACGAQgAA","google_icon_mask_base_uri":"https://maps.gstatic.com/mapfiles/place_api/icons/v2/shopping_pinlet","google_icon_background_color":"#4B96F3","formatted_address":"South Rd, Langtiw, Sagada, 2619 Mountain Province, Philippines","business_status":"OPERATIONAL","rating":null,"user_rating_count":null,"barangay_slug":"suyo","barangay_name":"Suyo"},"geometry":{"type":"Point","coordinates":[120.90281230000001,17.066560499999998]}},{"type":"Feature","properties":{"name":"Sagada information center","kind":"business","kind_label":"Business","source":"google_places","google_place_id":"ChIJgbBDmEHTjzMRx0q8p_hgL9c","google_primary_type":"tourist_information_center","google_primary_type_label":"Tourist Information Center","google_types":["tourist_information_center","tour_agency","travel_agency","service","point_of_interest","establishment"],"google_maps_uri":"https://maps.google.com/?cid=15505718663142197959&g_mp=Cilnb29nbGUubWFwcy5wbGFjZXMudjEuUGxhY2VzLlNlYXJjaE5lYXJieRACGAQgAA","google_icon_mask_base_uri":"https://maps.gstatic.com/mapfiles/place_api/icons/v2/generic_pinlet","google_icon_background_color":"#7B9EB0","formatted_address":"2WW8+GFR, Sounthern, Sagada, Mountain Province, Philippines","business_status":"OPERATIONAL","rating":5,"user_rating_count":3,"barangay_slug":"suyo","barangay_name":"Suyo"},"geometry":{"type":"Point","coordinates":[120.91614829999999,17.0463508]}},{"type":"Feature","properties":{"name":"Sumaguing Restaurant and Transient","kind":"business","kind_label":"Business","source":"google_places","google_place_id":"ChIJD-FrZk_TjzMRCulsg70njOQ","google_primary_type":"fast_food_restaurant","google_primary_type_label":"Fast Food Restaurant","google_types":["fast_food_restaurant","restaurant","food","point_of_interest","establishment"],"google_maps_uri":"https://maps.google.com/?cid=16468581632294316298&g_mp=Cilnb29nbGUubWFwcy5wbGFjZXMudjEuUGxhY2VzLlNlYXJjaE5lYXJieRACGAQgAA","google_icon_mask_base_uri":"https://maps.gstatic.com/mapfiles/place_api/icons/v2/restaurant_pinlet","google_icon_background_color":"#FF9E67","formatted_address":"2nd Floor, Sumaguing Restaurant and Transient, Sagada, Mountain Province, Philippines","business_status":"OPERATIONAL","rating":4.7,"user_rating_count":7,"barangay_slug":"suyo","barangay_name":"Suyo"},"geometry":{"type":"Point","coordinates":[120.9023465,17.066263499999998]}},{"type":"Feature","properties":{"name":"Maduto Hub","kind":"govt","kind_label":"Government","source":"google_places","google_place_id":"ChIJ63CTb6LTjzMR35fujEe7JiY","google_primary_type":"government_office","google_primary_type_label":"Government Office","google_types":["government_office","point_of_interest","establishment"],"google_maps_uri":"https://maps.google.com/?cid=2749090538537785311&g_mp=Cilnb29nbGUubWFwcy5wbGFjZXMudjEuUGxhY2VzLlNlYXJjaE5lYXJieRACGAQgAA","google_icon_mask_base_uri":"https://maps.gstatic.com/mapfiles/place_api/icons/v2/civic-bldg_pinlet","google_icon_background_color":"#7B9EB0","formatted_address":"3W36+2JG, Maduto, Sagada, Mountain Province, Philippines","business_status":"OPERATIONAL","rating":null,"user_rating_count":null,"barangay_slug":"suyo","barangay_name":"Suyo"},"geometry":{"type":"Point","coordinates":[120.9115882,17.0525606]}},{"type":"Feature","properties":{"name":"Sagada Cave Man","kind":"market","kind_label":"Market","source":"google_places","google_place_id":"ChIJeVWrbUjTjzMRJBQJ2CmJPg0","google_primary_type":"convenience_store","google_primary_type_label":"Convenience Store","google_types":["convenience_store","food_store","store","food","point_of_interest","establishment"],"google_maps_uri":"https://maps.google.com/?cid=954350983860261924&g_mp=Cilnb29nbGUubWFwcy5wbGFjZXMudjEuUGxhY2VzLlNlYXJjaE5lYXJieRACGAQgAA","google_icon_mask_base_uri":"https://maps.gstatic.com/mapfiles/place_api/icons/v2/convenience_pinlet","google_icon_background_color":"#4B96F3","formatted_address":"3W83+329, South Rd, Suyo, Sagada, Mountain Province, Philippines","business_status":"OPERATIONAL","rating":4.1,"user_rating_count":23,"barangay_slug":"suyo","barangay_name":"Suyo"},"geometry":{"type":"Point","coordinates":[120.902617,17.065164499999998]}},{"type":"Feature","properties":{"name":"Adventure Abound","kind":"tourism","kind_label":"Tourism","source":"google_places","google_place_id":"ChIJ6br-UgDTjzMRiTFRCf5yB2g","google_primary_type":"private_guest_room","google_primary_type_label":"Homestay","google_types":["private_guest_room","lodging","point_of_interest","establishment"],"google_maps_uri":"https://maps.google.com/?cid=7496086540185055625&g_mp=Cilnb29nbGUubWFwcy5wbGFjZXMudjEuUGxhY2VzLlNlYXJjaE5lYXJieRACGAQgAA","google_icon_mask_base_uri":"https://maps.gstatic.com/mapfiles/place_api/icons/v2/hotel_pinlet","google_icon_background_color":"#909CE1","formatted_address":"3W92+3JX, Besao Road, Besao, Mountain Province, Philippines","business_status":"OPERATIONAL","rating":null,"user_rating_count":null,"barangay_slug":"suyo","barangay_name":"Suyo"},"geometry":{"type":"Point","coordinates":[120.9015946,17.0677386]}},{"type":"Feature","properties":{"name":"Atiwag Transient House","kind":"tourism","kind_label":"Tourism","source":"google_places","google_place_id":"ChIJ5_CoeIbTjzMRTF6RS378uUg","google_primary_type":"hotel","google_primary_type_label":"Hotel","google_types":["hotel","lodging","point_of_interest","establishment"],"google_maps_uri":"https://maps.google.com/?cid=5240497260786179660&g_mp=Cilnb29nbGUubWFwcy5wbGFjZXMudjEuUGxhY2VzLlNlYXJjaE5lYXJieRACGAQgAA","google_icon_mask_base_uri":"https://maps.gstatic.com/mapfiles/place_api/icons/v2/hotel_pinlet","google_icon_background_color":"#909CE1","formatted_address":"Ankileng, Sagada, 2619 Mountain Province, Philippines","business_status":"OPERATIONAL","rating":5,"user_rating_count":1,"barangay_slug":"suyo","barangay_name":"Suyo"},"geometry":{"type":"Point","coordinates":[120.90415089999999,17.057801599999998]}},{"type":"Feature","properties":{"name":"Ayadong's Homestay","kind":"tourism","kind_label":"Tourism","source":"google_places","google_place_id":"ChIJk6c6JlfTjzMRFwAHUvyWQ6s","google_primary_type":"private_guest_room","google_primary_type_label":"Homestay","google_types":["private_guest_room","lodging","point_of_interest","establishment"],"google_maps_uri":"https://maps.google.com/?cid=12340873414377406487&g_mp=Cilnb29nbGUubWFwcy5wbGFjZXMudjEuUGxhY2VzLlNlYXJjaE5lYXJieRACGAQgAA","google_icon_mask_base_uri":"https://maps.gstatic.com/mapfiles/place_api/icons/v2/hotel_pinlet","google_icon_background_color":"#909CE1","formatted_address":"3W23+5WP, South Rd, Sagada, Mountain Province, Philippines","business_status":"OPERATIONAL","rating":4.7,"user_rating_count":12,"barangay_slug":"suyo","barangay_name":"Suyo"},"geometry":{"type":"Point","coordinates":[120.90482130000001,17.0504547]}},{"type":"Feature","properties":{"name":"Balai Igorot Inn","kind":"tourism","kind_label":"Tourism","source":"google_places","google_place_id":"ChIJi1FW7sTTjzMRIvfSP0OqH-Q","google_primary_type":"inn","google_primary_type_label":"Inn","google_types":["inn","camping_cabin","lodging","point_of_interest","establishment"],"google_maps_uri":"https://maps.google.com/?cid=16438044370735920930&g_mp=Cilnb29nbGUubWFwcy5wbGFjZXMudjEuUGxhY2VzLlNlYXJjaE5lYXJieRACGAQgAA","google_icon_mask_base_uri":"https://maps.gstatic.com/mapfiles/place_api/icons/v2/hotel_pinlet","google_icon_background_color":"#909CE1","formatted_address":"Brgy Sagada S Rd, Sagada, Mountain Province, Philippines","business_status":"OPERATIONAL","rating":4.6,"user_rating_count":22,"barangay_slug":"suyo","barangay_name":"Suyo"},"geometry":{"type":"Point","coordinates":[120.90396829999999,17.0480622]}},{"type":"Feature","properties":{"name":"Balangagan Cave","kind":"tourism","kind_label":"Tourism","source":"google_places","google_place_id":"ChIJbS3sxFjTjzMRJ6yTm0C8sVQ","google_primary_type":"tourist_attraction","google_primary_type_label":"Tourist Attraction","google_types":["tourist_attraction","point_of_interest","establishment"],"google_maps_uri":"https://maps.google.com/?cid=6102865955737807911&g_mp=Cilnb29nbGUubWFwcy5wbGFjZXMudjEuUGxhY2VzLlNlYXJjaE5lYXJieRACGAQgAA","google_icon_mask_base_uri":"https://maps.gstatic.com/mapfiles/place_api/icons/v2/generic_pinlet","google_icon_background_color":"#13B5C7","formatted_address":"Sagada, Mountain Province, Philippines","business_status":"OPERATIONAL","rating":4.3,"user_rating_count":27,"barangay_slug":"suyo","barangay_name":"Suyo"},"geometry":{"type":"Point","coordinates":[120.9150775,17.0450992]}},{"type":"Feature","properties":{"name":"Best Wholehouse Staycation in Sagada by Odane - Three-Bedroom Apartment","kind":"tourism","kind_label":"Tourism","source":"google_places","google_place_id":"ChIJe1nlCVvTjzMRUS-0lS2kAC8","google_primary_type":"lodging","google_primary_type_label":"Lodging","google_types":["lodging","point_of_interest","establishment"],"google_maps_uri":"https://maps.google.com/?cid=3386887435474710353&g_mp=Cilnb29nbGUubWFwcy5wbGFjZXMudjEuUGxhY2VzLlNlYXJjaE5lYXJieRACGAQgAA","google_icon_mask_base_uri":"https://maps.gstatic.com/mapfiles/place_api/icons/v2/hotel_pinlet","google_icon_background_color":"#909CE1","formatted_address":"Sagada, Mountain Province, Philippines","business_status":"OPERATIONAL","rating":null,"user_rating_count":null,"barangay_slug":"suyo","barangay_name":"Suyo"},"geometry":{"type":"Point","coordinates":[120.9112014,17.0527707]}},{"type":"Feature","properties":{"name":"Exclusive House for Family and Friends - Entire Place","kind":"tourism","kind_label":"Tourism","source":"google_places","google_place_id":"ChIJu0fdSVnTjzMRef-f9v00QdI","google_primary_type":"lodging","google_primary_type_label":"Lodging","google_types":["lodging","point_of_interest","establishment"],"google_maps_uri":"https://maps.google.com/?cid=15150448886820110201&g_mp=Cilnb29nbGUubWFwcy5wbGFjZXMudjEuUGxhY2VzLlNlYXJjaE5lYXJieRACGAQgAA","google_icon_mask_base_uri":"https://maps.gstatic.com/mapfiles/place_api/icons/v2/hotel_pinlet","google_icon_background_color":"#909CE1","formatted_address":"Sagada, Mountain Province, Philippines","business_status":"OPERATIONAL","rating":null,"user_rating_count":null,"barangay_slug":"suyo","barangay_name":"Suyo"},"geometry":{"type":"Point","coordinates":[120.91259,17.0485878]}},{"type":"Feature","properties":{"name":"GDN Inn","kind":"tourism","kind_label":"Tourism","source":"google_places","google_place_id":"ChIJlehcJ1fTjzMR1bIclZpWQQ0","google_primary_type":"lodging","google_primary_type_label":"Lodging","google_types":["lodging","point_of_interest","establishment"],"google_maps_uri":"https://maps.google.com/?cid=955139817905894101&g_mp=Cilnb29nbGUubWFwcy5wbGFjZXMudjEuUGxhY2VzLlNlYXJjaE5lYXJieRACGAQgAA","google_icon_mask_base_uri":"https://maps.gstatic.com/mapfiles/place_api/icons/v2/hotel_pinlet","google_icon_background_color":"#909CE1","formatted_address":"Sagada, Mountain Province, Philippines","business_status":"OPERATIONAL","rating":null,"user_rating_count":null,"barangay_slug":"suyo","barangay_name":"Suyo"},"geometry":{"type":"Point","coordinates":[120.9044724,17.0503101]}},{"type":"Feature","properties":{"name":"GUINDALOS HOMESTAY","kind":"tourism","kind_label":"Tourism","source":"google_places","google_place_id":"ChIJf11EBwDTjzMRc2mA2I2K-Dg","google_primary_type":"private_guest_room","google_primary_type_label":"Homestay","google_types":["private_guest_room","lodging","point_of_interest","establishment"],"google_maps_uri":"https://maps.google.com/?cid=4105183402175523187&g_mp=Cilnb29nbGUubWFwcy5wbGFjZXMudjEuUGxhY2VzLlNlYXJjaE5lYXJieRACGAQgAA","google_icon_mask_base_uri":"https://maps.gstatic.com/mapfiles/place_api/icons/v2/hotel_pinlet","google_icon_background_color":"#909CE1","formatted_address":"2WX8+529, Sagada, Mountain Province, Philippines","business_status":"OPERATIONAL","rating":3.7,"user_rating_count":3,"barangay_slug":"suyo","barangay_name":"Suyo"},"geometry":{"type":"Point","coordinates":[120.91509599999998,17.0479216]}},{"type":"Feature","properties":{"name":"Joan Homestay","kind":"tourism","kind_label":"Tourism","source":"google_places","google_place_id":"ChIJCSo6jMPTjzMRC70yHNDFH_w","google_primary_type":"private_guest_room","google_primary_type_label":"Homestay","google_types":["private_guest_room","lodging","point_of_interest","establishment"],"google_maps_uri":"https://maps.google.com/?cid=18167456919452826891&g_mp=Cilnb29nbGUubWFwcy5wbGFjZXMudjEuUGxhY2VzLlNlYXJjaE5lYXJieRACGAQgAA","google_icon_mask_base_uri":"https://maps.gstatic.com/mapfiles/place_api/icons/v2/hotel_pinlet","google_icon_background_color":"#909CE1","formatted_address":"Barangay, Balili Road, Taccong, Sagada, 2619 Mountain Province, Philippines","business_status":"OPERATIONAL","rating":4.9,"user_rating_count":8,"barangay_slug":"suyo","barangay_name":"Suyo"},"geometry":{"type":"Point","coordinates":[120.91444459999998,17.0471139]}},{"type":"Feature","properties":{"name":"Joey's Homestay","kind":"tourism","kind_label":"Tourism","source":"google_places","google_place_id":"ChIJE86_NQDVjzMR8H1W2cRk6sU","google_primary_type":"private_guest_room","google_primary_type_label":"Homestay","google_types":["private_guest_room","lodging","point_of_interest","establishment"],"google_maps_uri":"https://maps.google.com/?cid=14261321966644788720&g_mp=Cilnb29nbGUubWFwcy5wbGFjZXMudjEuUGxhY2VzLlNlYXJjaE5lYXJieRACGAQgAA","google_icon_mask_base_uri":"https://maps.gstatic.com/mapfiles/place_api/icons/v2/hotel_pinlet","google_icon_background_color":"#909CE1","formatted_address":"2WV7+J4, Sagada, Mountain Province, Philippines","business_status":"OPERATIONAL","rating":5,"user_rating_count":1,"barangay_slug":"suyo","barangay_name":"Suyo"},"geometry":{"type":"Point","coordinates":[120.9128527,17.0440418]}},{"type":"Feature","properties":{"name":"KABUSASAN HOMESTAY","kind":"tourism","kind_label":"Tourism","source":"google_places","google_place_id":"ChIJR-nlHgDTjzMRD4SNe_Ysfpc","google_primary_type":"private_guest_room","google_primary_type_label":"Homestay","google_types":["private_guest_room","lodging","point_of_interest","establishment"],"google_maps_uri":"https://maps.google.com/?cid=10916211983939109903&g_mp=Cilnb29nbGUubWFwcy5wbGFjZXMudjEuUGxhY2VzLlNlYXJjaE5lYXJieRACGAQgAA","google_icon_mask_base_uri":"https://maps.gstatic.com/mapfiles/place_api/icons/v2/hotel_pinlet","google_icon_background_color":"#909CE1","formatted_address":"2WW8+JC4, Sagada, Mountain Province, Philippines","business_status":"OPERATIONAL","rating":4,"user_rating_count":2,"barangay_slug":"suyo","barangay_name":"Suyo"},"geometry":{"type":"Point","coordinates":[120.91607390000001,17.0465132]}},{"type":"Feature","properties":{"name":"Kamanwigit Eco Park","kind":"tourism","kind_label":"Tourism","source":"google_places","google_place_id":"ChIJI-lCTA_TjzMRmT4YI9zo9mw","google_primary_type":"tourist_attraction","google_primary_type_label":"Tourist Attraction","google_types":["tourist_attraction","point_of_interest","establishment"],"google_maps_uri":"https://maps.google.com/?cid=7851719032546279065&g_mp=Cilnb29nbGUubWFwcy5wbGFjZXMudjEuUGxhY2VzLlNlYXJjaE5lYXJieRACGAQgAA","google_icon_mask_base_uri":"https://maps.gstatic.com/mapfiles/place_api/icons/v2/generic_pinlet","google_icon_background_color":"#13B5C7","formatted_address":"2WW8+WR2, Sagada, Mountain Province, Philippines","business_status":"OPERATIONAL","rating":null,"user_rating_count":null,"barangay_slug":"suyo","barangay_name":"Suyo"},"geometry":{"type":"Point","coordinates":[120.9170096,17.0472595]}},{"type":"Feature","properties":{"name":"Kampo De Christina","kind":"tourism","kind_label":"Tourism","source":"google_places","google_place_id":"ChIJh9fVVwDTjzMRgYGofOddLQU","google_primary_type":"bed_and_breakfast","google_primary_type_label":"Bed & Breakfast","google_types":["bed_and_breakfast","lodging","point_of_interest","establishment"],"google_maps_uri":"https://maps.google.com/?cid=373057592951865729&g_mp=Cilnb29nbGUubWFwcy5wbGFjZXMudjEuUGxhY2VzLlNlYXJjaE5lYXJieRACGAQgAA","google_icon_mask_base_uri":"https://maps.gstatic.com/mapfiles/place_api/icons/v2/hotel_pinlet","google_icon_background_color":"#909CE1","formatted_address":"2WX6+9FM Maduto, Sagada, Mountain Province, Philippines","business_status":"OPERATIONAL","rating":5,"user_rating_count":5,"barangay_slug":"suyo","barangay_name":"Suyo"},"geometry":{"type":"Point","coordinates":[120.91118039999999,17.0484545]}},{"type":"Feature","properties":{"name":"Lumiang Cave","kind":"tourism","kind_label":"Tourism","source":"google_places","google_place_id":"ChIJFZSrRTbTjzMRaip6sF4zmLk","google_primary_type":"tourist_attraction","google_primary_type_label":"Tourist Attraction","google_types":["tourist_attraction","point_of_interest","establishment"],"google_maps_uri":"https://maps.google.com/?cid=13373495575257426538&g_mp=Cilnb29nbGUubWFwcy5wbGFjZXMudjEuUGxhY2VzLlNlYXJjaE5lYXJieRACGAQgAA","google_icon_mask_base_uri":"https://maps.gstatic.com/mapfiles/place_api/icons/v2/generic_pinlet","google_icon_background_color":"#13B5C7","formatted_address":"3W93+HCM, South Rd, Sagada, 2619 Mountain Province, Philippines","business_status":"OPERATIONAL","rating":4.7,"user_rating_count":99,"barangay_slug":"suyo","barangay_name":"Suyo"},"geometry":{"type":"Point","coordinates":[120.90355299999999,17.068969]}},{"type":"Feature","properties":{"name":"Mabisil Footprints Inn","kind":"tourism","kind_label":"Tourism","source":"google_places","google_place_id":"ChIJKWYj3wHTjzMRqwxmQn2VsIw","google_primary_type":"lodging","google_primary_type_label":"Lodging","google_types":["lodging","point_of_interest","establishment"],"google_maps_uri":"https://maps.google.com/?cid=10137767126428421291&g_mp=Cilnb29nbGUubWFwcy5wbGFjZXMudjEuUGxhY2VzLlNlYXJjaE5lYXJieRACGAQgAA","google_icon_mask_base_uri":"https://maps.gstatic.com/mapfiles/place_api/icons/v2/hotel_pinlet","google_icon_background_color":"#909CE1","formatted_address":"3W53+X7M, Sagada, Mountain Province, Philippines","business_status":"OPERATIONAL","rating":4.5,"user_rating_count":18,"barangay_slug":"suyo","barangay_name":"Suyo"},"geometry":{"type":"Point","coordinates":[120.90316000000001,17.059967099999998]}},{"type":"Feature","properties":{"name":"Mabisil Haven Homestay","kind":"tourism","kind_label":"Tourism","source":"google_places","google_place_id":"ChIJ7ZyiWQDTjzMRg4N2ed4xc78","google_primary_type":"private_guest_room","google_primary_type_label":"Homestay","google_types":["private_guest_room","lodging","point_of_interest","establishment"],"google_maps_uri":"https://maps.google.com/?cid=13795424915156272003&g_mp=Cilnb29nbGUubWFwcy5wbGFjZXMudjEuUGxhY2VzLlNlYXJjaE5lYXJieRACGAQgAA","google_icon_mask_base_uri":"https://maps.gstatic.com/mapfiles/place_api/icons/v2/hotel_pinlet","google_icon_background_color":"#909CE1","formatted_address":"3W62+8HW, Mabisil - Payag-eo - Balili Rd, Sagada, Mountain Province, Philippines","business_status":"OPERATIONAL","rating":4.9,"user_rating_count":11,"barangay_slug":"suyo","barangay_name":"Suyo"},"geometry":{"type":"Point","coordinates":[120.90145179999998,17.0608684]}},{"type":"Feature","properties":{"name":"Mabisil PeeWee Organic Farm Inn","kind":"tourism","kind_label":"Tourism","source":"google_places","google_place_id":"ChIJMxk3NV3TjzMRLFXklcncJsY","google_primary_type":"inn","google_primary_type_label":"Inn","google_types":["inn","private_guest_room","lodging","point_of_interest","establishment"],"google_maps_uri":"https://maps.google.com/?cid=14278342426986042668&g_mp=Cilnb29nbGUubWFwcy5wbGFjZXMudjEuUGxhY2VzLlNlYXJjaE5lYXJieRACGAQgAA","google_icon_mask_base_uri":"https://maps.gstatic.com/mapfiles/place_api/icons/v2/hotel_pinlet","google_icon_background_color":"#909CE1","formatted_address":"South Sagada Mabisil, Sagada, 2619 Mountain Province, Philippines","business_status":"OPERATIONAL","rating":5,"user_rating_count":6,"barangay_slug":"suyo","barangay_name":"Suyo"},"geometry":{"type":"Point","coordinates":[120.90507350000001,17.055931299999997]}},{"type":"Feature","properties":{"name":"MAC Transient","kind":"tourism","kind_label":"Tourism","source":"google_places","google_place_id":"ChIJ_55_HV3TjzMRh8tgcs6cjkI","google_primary_type":"private_guest_room","google_primary_type_label":"Homestay","google_types":["private_guest_room","lodging","point_of_interest","establishment"],"google_maps_uri":"https://maps.google.com/?cid=4795943063692299143&g_mp=Cilnb29nbGUubWFwcy5wbGFjZXMudjEuUGxhY2VzLlNlYXJjaE5lYXJieRACGAQgAA","google_icon_mask_base_uri":"https://maps.gstatic.com/mapfiles/place_api/icons/v2/hotel_pinlet","google_icon_background_color":"#909CE1","formatted_address":"3W43+QX, Sagada, Mountain Province, Philippines","business_status":"OPERATIONAL","rating":5,"user_rating_count":2,"barangay_slug":"suyo","barangay_name":"Suyo"},"geometry":{"type":"Point","coordinates":[120.90496999999999,17.056950999999998]}},{"type":"Feature","properties":{"name":"Maduto Sea of Clouds Homestay","kind":"tourism","kind_label":"Tourism","source":"google_places","google_place_id":"ChIJ27RsDgDTjzMRvxHW2Q2Y38c","google_primary_type":"private_guest_room","google_primary_type_label":"Homestay","google_types":["private_guest_room","lodging","point_of_interest","establishment"],"google_maps_uri":"https://maps.google.com/?cid=14402397318610817471&g_mp=Cilnb29nbGUubWFwcy5wbGFjZXMudjEuUGxhY2VzLlNlYXJjaE5lYXJieRACGAQgAA","google_icon_mask_base_uri":"https://maps.gstatic.com/mapfiles/place_api/icons/v2/hotel_pinlet","google_icon_background_color":"#909CE1","formatted_address":"2WX6+QMF, Sagada, Mountain Province, Philippines","business_status":"OPERATIONAL","rating":4.5,"user_rating_count":10,"barangay_slug":"suyo","barangay_name":"Suyo"},"geometry":{"type":"Point","coordinates":[120.91168569999999,17.049449199999998]}},{"type":"Feature","properties":{"name":"Montana Inn","kind":"tourism","kind_label":"Tourism","source":"google_places","google_place_id":"ChIJFx3WCF_TjzMRQEcih357vUs","google_primary_type":"hotel","google_primary_type_label":"Hotel","google_types":["hotel","lodging","point_of_interest","establishment"],"google_maps_uri":"https://maps.google.com/?cid=5457654106806175552&g_mp=Cilnb29nbGUubWFwcy5wbGFjZXMudjEuUGxhY2VzLlNlYXJjaE5lYXJieRACGAQgAA","google_icon_mask_base_uri":"https://maps.gstatic.com/mapfiles/place_api/icons/v2/hotel_pinlet","google_icon_background_color":"#909CE1","formatted_address":"2WW8+968, Mabisil - Payag-eo - Balili Rd, Sagada, Mountain Province, Philippines","business_status":"OPERATIONAL","rating":5,"user_rating_count":4,"barangay_slug":"suyo","barangay_name":"Suyo"},"geometry":{"type":"Point","coordinates":[120.91557999999999,17.04591]}},{"type":"Feature","properties":{"name":"Obwa Falls","kind":"tourism","kind_label":"Tourism","source":"google_places","google_place_id":"ChIJIRuIIwDTjzMRas9QFChDa-Q","google_primary_type":"tourist_attraction","google_primary_type_label":"Tourist Attraction","google_types":["tourist_attraction","point_of_interest","establishment"],"google_maps_uri":"https://maps.google.com/?cid=16459323102574202730&g_mp=Cilnb29nbGUubWFwcy5wbGFjZXMudjEuUGxhY2VzLlNlYXJjaE5lYXJieRACGAQgAA","google_icon_mask_base_uri":"https://maps.gstatic.com/mapfiles/place_api/icons/v2/generic_pinlet","google_icon_background_color":"#13B5C7","formatted_address":"2WV7+XM5, Suyo, Sagada, Mountain Province, Philippines","business_status":"OPERATIONAL","rating":5,"user_rating_count":1,"barangay_slug":"suyo","barangay_name":"Suyo"},"geometry":{"type":"Point","coordinates":[120.9142284,17.0448999]}},{"type":"Feature","properties":{"name":"Pitang Cliff","kind":"tourism","kind_label":"Tourism","source":"google_places","google_place_id":"ChIJEwx7gnnTjzMR8UITN7OH6vA","google_primary_type":"tourist_attraction","google_primary_type_label":"Tourist Attraction","google_types":["tourist_attraction","point_of_interest","establishment"],"google_maps_uri":"https://maps.google.com/?cid=17359836917445903089&g_mp=Cilnb29nbGUubWFwcy5wbGFjZXMudjEuUGxhY2VzLlNlYXJjaE5lYXJieRACGAQgAA","google_icon_mask_base_uri":"https://maps.gstatic.com/mapfiles/place_api/icons/v2/generic_pinlet","google_icon_background_color":"#13B5C7","formatted_address":"3W5C+784, Unnamed Road, Sagada, Mountain Province, Philippines","business_status":"OPERATIONAL","rating":4.8,"user_rating_count":13,"barangay_slug":"suyo","barangay_name":"Suyo"},"geometry":{"type":"Point","coordinates":[120.9208374,17.058127]}},{"type":"Feature","properties":{"name":"R&B TRANSIENT HOUSE","kind":"tourism","kind_label":"Tourism","source":"google_places","google_place_id":"ChIJB3ndF37TjzMRs6ZVfamwh6Q","google_primary_type":"hotel","google_primary_type_label":"Hotel","google_types":["hotel","lodging","point_of_interest","establishment"],"google_maps_uri":"https://maps.google.com/?cid=11855638786074846899&g_mp=Cilnb29nbGUubWFwcy5wbGFjZXMudjEuUGxhY2VzLlNlYXJjaE5lYXJieRACGAQgAA","google_icon_mask_base_uri":"https://maps.gstatic.com/mapfiles/place_api/icons/v2/hotel_pinlet","google_icon_background_color":"#909CE1","formatted_address":"Sagada, 2619 Mountain Province, Philippines","business_status":"OPERATIONAL","rating":5,"user_rating_count":2,"barangay_slug":"suyo","barangay_name":"Suyo"},"geometry":{"type":"Point","coordinates":[120.9140569,17.047375199999998]}},{"type":"Feature","properties":{"name":"Reddoorz @ Sagada Bilza Lodge","kind":"tourism","kind_label":"Tourism","source":"google_places","google_place_id":"ChIJ9yrBO0nTjzMRfwQOqbqgdgg","google_primary_type":"hotel","google_primary_type_label":"Hotel","google_types":["hotel","lodging","point_of_interest","establishment"],"google_maps_uri":"https://maps.google.com/?cid=609851523115910271&g_mp=Cilnb29nbGUubWFwcy5wbGFjZXMudjEuUGxhY2VzLlNlYXJjaE5lYXJieRACGAQgAA","google_icon_mask_base_uri":"https://maps.gstatic.com/mapfiles/place_api/icons/v2/hotel_pinlet","google_icon_background_color":"#909CE1","formatted_address":"Mampukong, South Rd, Sagada, 2619 Lalawigang Bulubundukin, Philippines","business_status":"OPERATIONAL","rating":4.2,"user_rating_count":37,"barangay_slug":"suyo","barangay_name":"Suyo"},"geometry":{"type":"Point","coordinates":[120.90343589999999,17.0628156]}},{"type":"Feature","properties":{"name":"Rice Terrascam","kind":"tourism","kind_label":"Tourism","source":"google_places","google_place_id":"ChIJvW-LOADTjzMR6BqiRAErI0o","google_primary_type":"tourist_attraction","google_primary_type_label":"Tourist Attraction","google_types":["tourist_attraction","point_of_interest","establishment"],"google_maps_uri":"https://maps.google.com/?cid=5342160867437976296&g_mp=Cilnb29nbGUubWFwcy5wbGFjZXMudjEuUGxhY2VzLlNlYXJjaE5lYXJieRACGAQgAA","google_icon_mask_base_uri":"https://maps.gstatic.com/mapfiles/place_api/icons/v2/generic_pinlet","google_icon_background_color":"#13B5C7","formatted_address":"3W92+9F7, Sagada, Mountain Province, Philippines","business_status":"OPERATIONAL","rating":null,"user_rating_count":null,"barangay_slug":"suyo","barangay_name":"Suyo"},"geometry":{"type":"Point","coordinates":[120.9011658,17.068413]}},{"type":"Feature","properties":{"name":"Sagada Blue Mountain Cabins","kind":"tourism","kind_label":"Tourism","source":"google_places","google_place_id":"ChIJ9azhTV7TjzMRyigF8WSEXlQ","google_primary_type":"hotel","google_primary_type_label":"Hotel","google_types":["hotel","lodging","point_of_interest","establishment"],"google_maps_uri":"https://maps.google.com/?cid=6079442116071991498&g_mp=Cilnb29nbGUubWFwcy5wbGFjZXMudjEuUGxhY2VzLlNlYXJjaE5lYXJieRACGAQgAA","google_icon_mask_base_uri":"https://maps.gstatic.com/mapfiles/place_api/icons/v2/hotel_pinlet","google_icon_background_color":"#909CE1","formatted_address":"Mabisil - Payag-eo - Balili Rd, Sagada, Mountain Province, Philippines","business_status":"OPERATIONAL","rating":4.6,"user_rating_count":171,"barangay_slug":"suyo","barangay_name":"Suyo"},"geometry":{"type":"Point","coordinates":[120.9172369,17.0465732]}},{"type":"Feature","properties":{"name":"Sagada Cave Pension Haus","kind":"tourism","kind_label":"Tourism","source":"google_places","google_place_id":"ChIJC6Lxq07TjzMRJiICORnGPxY","google_primary_type":"private_guest_room","google_primary_type_label":"Homestay","google_types":["private_guest_room","lodging","point_of_interest","establishment"],"google_maps_uri":"https://maps.google.com/?cid=1603217804000109094&g_mp=Cilnb29nbGUubWFwcy5wbGFjZXMudjEuUGxhY2VzLlNlYXJjaE5lYXJieRACGAQgAA","google_icon_mask_base_uri":"https://maps.gstatic.com/mapfiles/place_api/icons/v2/hotel_pinlet","google_icon_background_color":"#909CE1","formatted_address":"3W62+MR9, Intowad, Sagada, Mountain Province, Philippines","business_status":"OPERATIONAL","rating":4.6,"user_rating_count":34,"barangay_slug":"suyo","barangay_name":"Suyo"},"geometry":{"type":"Point","coordinates":[120.9021094,17.0616625]}},{"type":"Feature","properties":{"name":"Sagada Checkered Hut In The Sky! - Tent","kind":"tourism","kind_label":"Tourism","source":"google_places","google_place_id":"ChIJZ7_cUVbTjzMRr2Ttj8EFRGc","google_primary_type":"lodging","google_primary_type_label":"Lodging","google_types":["lodging","point_of_interest","establishment"],"google_maps_uri":"https://maps.google.com/?cid=7441078813224428719&g_mp=Cilnb29nbGUubWFwcy5wbGFjZXMudjEuUGxhY2VzLlNlYXJjaE5lYXJieRACGAQgAA","google_icon_mask_base_uri":"https://maps.gstatic.com/mapfiles/place_api/icons/v2/hotel_pinlet","google_icon_background_color":"#909CE1","formatted_address":"Sagada, Mountain Province, Philippines","business_status":"OPERATIONAL","rating":null,"user_rating_count":null,"barangay_slug":"suyo","barangay_name":"Suyo"},"geometry":{"type":"Point","coordinates":[120.90396880000002,17.0480594]}},{"type":"Feature","properties":{"name":"Sagada Heritage Village","kind":"tourism","kind_label":"Tourism","source":"google_places","google_place_id":"ChIJtZduOknTjzMR2kHOKsXtWf4","google_primary_type":"lodging","google_primary_type_label":"Lodging","google_types":["campground","lodging","point_of_interest","establishment"],"google_maps_uri":"https://maps.google.com/?cid=18327941589643444698&g_mp=Cilnb29nbGUubWFwcy5wbGFjZXMudjEuUGxhY2VzLlNlYXJjaE5lYXJieRACGAQgAA","google_icon_mask_base_uri":"https://maps.gstatic.com/mapfiles/place_api/icons/v2/hotel_pinlet","google_icon_background_color":"#909CE1","formatted_address":"South Rd, Sagada, Mountain Province, Philippines","business_status":"OPERATIONAL","rating":4.3,"user_rating_count":184,"barangay_slug":"suyo","barangay_name":"Suyo"},"geometry":{"type":"Point","coordinates":[120.9034379,17.0628033]}},{"type":"Feature","properties":{"name":"Sagada Heritage Village - Basic Triple Room","kind":"tourism","kind_label":"Tourism","source":"google_places","google_place_id":"ChIJSShzj0nTjzMRpEkUH52w6b8","google_primary_type":"lodging","google_primary_type_label":"Lodging","google_types":["lodging","point_of_interest","establishment"],"google_maps_uri":"https://maps.google.com/?cid=13828778319695595940&g_mp=Cilnb29nbGUubWFwcy5wbGFjZXMudjEuUGxhY2VzLlNlYXJjaE5lYXJieRACGAQgAA","google_icon_mask_base_uri":"https://maps.gstatic.com/mapfiles/place_api/icons/v2/hotel_pinlet","google_icon_background_color":"#909CE1","formatted_address":"Sagada, Mountain Province, Philippines","business_status":"OPERATIONAL","rating":null,"user_rating_count":null,"barangay_slug":"suyo","barangay_name":"Suyo"},"geometry":{"type":"Point","coordinates":[120.90206909999999,17.065530799999998]}},{"type":"Feature","properties":{"name":"Sagada Heritage Village - Classic Quadruple Room","kind":"tourism","kind_label":"Tourism","source":"google_places","google_place_id":"ChIJSShzj0nTjzMRr0HqYO2xpeU","google_primary_type":"lodging","google_primary_type_label":"Lodging","google_types":["lodging","point_of_interest","establishment"],"google_maps_uri":"https://maps.google.com/?cid=16547828038934086063&g_mp=Cilnb29nbGUubWFwcy5wbGFjZXMudjEuUGxhY2VzLlNlYXJjaE5lYXJieRACGAQgAA","google_icon_mask_base_uri":"https://maps.gstatic.com/mapfiles/place_api/icons/v2/hotel_pinlet","google_icon_background_color":"#909CE1","formatted_address":"Sagada, Mountain Province, Philippines","business_status":"OPERATIONAL","rating":null,"user_rating_count":null,"barangay_slug":"suyo","barangay_name":"Suyo"},"geometry":{"type":"Point","coordinates":[120.90206909999999,17.065530799999998]}},{"type":"Feature","properties":{"name":"Sagada Heritage Village - Double Room with Mountain View","kind":"tourism","kind_label":"Tourism","source":"google_places","google_place_id":"ChIJz7tyj0nTjzMRWUtqgAISJg0","google_primary_type":"lodging","google_primary_type_label":"Lodging","google_types":["lodging","point_of_interest","establishment"],"google_maps_uri":"https://maps.google.com/?cid=947464573561752409&g_mp=Cilnb29nbGUubWFwcy5wbGFjZXMudjEuUGxhY2VzLlNlYXJjaE5lYXJieRACGAQgAA","google_icon_mask_base_uri":"https://maps.gstatic.com/mapfiles/place_api/icons/v2/hotel_pinlet","google_icon_background_color":"#909CE1","formatted_address":"Sagada, Mountain Province, Philippines","business_status":"OPERATIONAL","rating":null,"user_rating_count":null,"barangay_slug":"suyo","barangay_name":"Suyo"},"geometry":{"type":"Point","coordinates":[120.90206909999999,17.065530799999998]}},{"type":"Feature","properties":{"name":"Sagada Heritage Village - Family Room with Private Bathroom","kind":"tourism","kind_label":"Tourism","source":"google_places","google_place_id":"ChIJSShzj0nTjzMRDND7TvITwDs","google_primary_type":"lodging","google_primary_type_label":"Lodging","google_types":["lodging","point_of_interest","establishment"],"google_maps_uri":"https://maps.google.com/?cid=4305463175194333196&g_mp=Cilnb29nbGUubWFwcy5wbGFjZXMudjEuUGxhY2VzLlNlYXJjaE5lYXJieRACGAQgAA","google_icon_mask_base_uri":"https://maps.gstatic.com/mapfiles/place_api/icons/v2/hotel_pinlet","google_icon_background_color":"#909CE1","formatted_address":"Sagada, Mountain Province, Philippines","business_status":"OPERATIONAL","rating":null,"user_rating_count":null,"barangay_slug":"suyo","barangay_name":"Suyo"},"geometry":{"type":"Point","coordinates":[120.90206909999999,17.065530799999998]}},{"type":"Feature","properties":{"name":"SHAD's Haven Lodge","kind":"tourism","kind_label":"Tourism","source":"google_places","google_place_id":"ChIJp_ZqRejTjzMRisNEcLZ1r3M","google_primary_type":"private_guest_room","google_primary_type_label":"Homestay","google_types":["private_guest_room","lodging","point_of_interest","establishment"],"google_maps_uri":"https://maps.google.com/?cid=8336010861714129802&g_mp=Cilnb29nbGUubWFwcy5wbGFjZXMudjEuUGxhY2VzLlNlYXJjaE5lYXJieRACGAQgAA","google_icon_mask_base_uri":"https://maps.gstatic.com/mapfiles/place_api/icons/v2/hotel_pinlet","google_icon_background_color":"#909CE1","formatted_address":"Maduto, Sagada, 2619 Mountain Province, Philippines","business_status":"OPERATIONAL","rating":null,"user_rating_count":null,"barangay_slug":"suyo","barangay_name":"Suyo"},"geometry":{"type":"Point","coordinates":[120.9111708,17.0483093]}},{"type":"Feature","properties":{"name":"Sumaguing Cave","kind":"tourism","kind_label":"Tourism","source":"google_places","google_place_id":"ChIJVQrA8y3TjzMRNzfzFuurbvY","google_primary_type":"tourist_attraction","google_primary_type_label":"Tourist Attraction","google_types":["tourist_attraction","point_of_interest","establishment"],"google_maps_uri":"https://maps.google.com/?cid=17757319406959146807&g_mp=Cilnb29nbGUubWFwcy5wbGFjZXMudjEuUGxhY2VzLlNlYXJjaE5lYXJieRACGAQgAA","google_icon_mask_base_uri":"https://maps.gstatic.com/mapfiles/place_api/icons/v2/generic_pinlet","google_icon_background_color":"#13B5C7","formatted_address":"3W83+75M, South Rd, Sagada, 2619 Mountain Province, Philippines","business_status":"OPERATIONAL","rating":4.7,"user_rating_count":869,"barangay_slug":"suyo","barangay_name":"Suyo"},"geometry":{"type":"Point","coordinates":[120.90290999999999,17.065718]}},{"type":"Feature","properties":{"name":"Tatayaen Cave","kind":"tourism","kind_label":"Tourism","source":"google_places","google_place_id":"ChIJ5VWEfADTjzMRyI5iG4WiUaA","google_primary_type":"tourist_attraction","google_primary_type_label":"Tourist Attraction","google_types":["tourist_attraction","point_of_interest","establishment"],"google_maps_uri":"https://maps.google.com/?cid=11552193211755826888&g_mp=Cilnb29nbGUubWFwcy5wbGFjZXMudjEuUGxhY2VzLlNlYXJjaE5lYXJieRACGAQgAA","google_icon_mask_base_uri":"https://maps.gstatic.com/mapfiles/place_api/icons/v2/generic_pinlet","google_icon_background_color":"#13B5C7","formatted_address":"3W64+8M, Sagada, Mountain Province, Philippines","business_status":"OPERATIONAL","rating":5,"user_rating_count":3,"barangay_slug":"suyo","barangay_name":"Suyo"},"geometry":{"type":"Point","coordinates":[120.90672599999999,17.0607877]}},{"type":"Feature","properties":{"name":"Tuking Mt. Inn and Restaurant","kind":"tourism","kind_label":"Tourism","source":"google_places","google_place_id":"ChIJHzERaADTjzMRTSQz8nSfnWI","google_primary_type":"inn","google_primary_type_label":"Inn","google_types":["inn","hostel","lodging","point_of_interest","establishment"],"google_maps_uri":"https://maps.google.com/?cid=7106011111688971341&g_mp=Cilnb29nbGUubWFwcy5wbGFjZXMudjEuUGxhY2VzLlNlYXJjaE5lYXJieRACGAQgAA","google_icon_mask_base_uri":"https://maps.gstatic.com/mapfiles/place_api/icons/v2/hotel_pinlet","google_icon_background_color":"#909CE1","formatted_address":"Kabusasan, Sagada, 2619 Mountain Province, Philippines","business_status":"OPERATIONAL","rating":5,"user_rating_count":9,"barangay_slug":"suyo","barangay_name":"Suyo"},"geometry":{"type":"Point","coordinates":[120.9157725,17.0466998]}},{"type":"Feature","properties":{"name":"Wagaz Coffee shop and Homestay","kind":"tourism","kind_label":"Tourism","source":"google_places","google_place_id":"ChIJsfoDRJzTjzMRDIzETlWv5G0","google_primary_type":"coffee_shop","google_primary_type_label":"Coffee Shop","google_types":["coffee_shop","private_guest_room","cafe","lodging","food_store","store","food","point_of_interest","establishment"],"google_maps_uri":"https://maps.google.com/?cid=7918646825752759308&g_mp=Cilnb29nbGUubWFwcy5wbGFjZXMudjEuUGxhY2VzLlNlYXJjaE5lYXJieRACGAQgAA","google_icon_mask_base_uri":"https://maps.gstatic.com/mapfiles/place_api/icons/v2/cafe_pinlet","google_icon_background_color":"#FF9E67","formatted_address":"Mabisil, Sagada, 2619 Mountain Province, Philippines","business_status":"CLOSED_TEMPORARILY","rating":5,"user_rating_count":5,"barangay_slug":"suyo","barangay_name":"Suyo"},"geometry":{"type":"Point","coordinates":[120.9014515,17.060869399999998]}},{"type":"Feature","properties":{"name":"Wagaz Homestay and Cafe","kind":"tourism","kind_label":"Tourism","source":"google_places","google_place_id":"ChIJk7M4IEzTjzMRP-znwc1nuF0","google_primary_type":"lodging","google_primary_type_label":"Lodging","google_types":["lodging","point_of_interest","establishment"],"google_maps_uri":"https://maps.google.com/?cid=6753261774661217343&g_mp=Cilnb29nbGUubWFwcy5wbGFjZXMudjEuUGxhY2VzLlNlYXJjaE5lYXJieRACGAQgAA","google_icon_mask_base_uri":"https://maps.gstatic.com/mapfiles/place_api/icons/v2/hotel_pinlet","google_icon_background_color":"#909CE1","formatted_address":"Sagada, Mountain Province, Philippines","business_status":"OPERATIONAL","rating":null,"user_rating_count":null,"barangay_slug":"suyo","barangay_name":"Suyo"},"geometry":{"type":"Point","coordinates":[120.9014511,17.0608692]}},{"type":"Feature","properties":{"name":"Zieneth 45 Homestay","kind":"tourism","kind_label":"Tourism","source":"google_places","google_place_id":"ChIJ7YBhAgDTjzMRHzUywBuW-Ag","google_primary_type":"private_guest_room","google_primary_type_label":"Homestay","google_types":["private_guest_room","lodging","point_of_interest","establishment"],"google_maps_uri":"https://maps.google.com/?cid=646431592460465439&g_mp=Cilnb29nbGUubWFwcy5wbGFjZXMudjEuUGxhY2VzLlNlYXJjaE5lYXJieRACGAQgAA","google_icon_mask_base_uri":"https://maps.gstatic.com/mapfiles/place_api/icons/v2/hotel_pinlet","google_icon_background_color":"#909CE1","formatted_address":"2WX7+C2, Sagada, Mountain Province, Philippines","business_status":"OPERATIONAL","rating":5,"user_rating_count":9,"barangay_slug":"suyo","barangay_name":"Suyo"},"geometry":{"type":"Point","coordinates":[120.91259369999999,17.048588499999997]}},{"type":"Feature","properties":{"name":"Zolidraks Homestay","kind":"tourism","kind_label":"Tourism","source":"google_places","google_place_id":"ChIJVyJnQgDTjzMRx5oIms9oN0M","google_primary_type":"private_guest_room","google_primary_type_label":"Homestay","google_types":["private_guest_room","lodging","point_of_interest","establishment"],"google_maps_uri":"https://maps.google.com/?cid=4843455165112031943&g_mp=Cilnb29nbGUubWFwcy5wbGFjZXMudjEuUGxhY2VzLlNlYXJjaE5lYXJieRACGAQgAA","google_icon_mask_base_uri":"https://maps.gstatic.com/mapfiles/place_api/icons/v2/hotel_pinlet","google_icon_background_color":"#909CE1","formatted_address":"Mabisil - Payag-eo - Balili Rd, Sagada, Mountain Province, Philippines","business_status":"OPERATIONAL","rating":5,"user_rating_count":1,"barangay_slug":"suyo","barangay_name":"Suyo"},"geometry":{"type":"Point","coordinates":[120.91515539999997,17.0466189]}},{"type":"Feature","properties":{"name":"ASGC (All Saints Global Church, Mabisil)","kind":"worship","kind_label":"Worship","source":"google_places","google_place_id":"ChIJ7XFneADTjzMReizzKZZa2io","google_primary_type":"church","google_primary_type_label":"Church","google_types":["church","place_of_worship","association_or_organization","point_of_interest","establishment"],"google_maps_uri":"https://maps.google.com/?cid=3087880095511293050&g_mp=Cilnb29nbGUubWFwcy5wbGFjZXMudjEuUGxhY2VzLlNlYXJjaE5lYXJieRACGAQgAA","google_icon_mask_base_uri":"https://maps.gstatic.com/mapfiles/place_api/icons/v2/worship_christian_pinlet","google_icon_background_color":"#7B9EB0","formatted_address":"3W24+W59, Mabisil - Payag-eo - Balili Rd, Sagada, Mountain Province, Philippines","business_status":"OPERATIONAL","rating":null,"user_rating_count":null,"barangay_slug":"suyo","barangay_name":"Suyo"},"geometry":{"type":"Point","coordinates":[120.9054751,17.052297499999998]}},{"type":"Feature","properties":{"name":"Church of Corpus Christi","kind":"worship","kind_label":"Worship","source":"google_places","google_place_id":"ChIJWVGKOlbTjzMRw6lrJx0-KcA","google_primary_type":"church","google_primary_type_label":"Church","google_types":["church","place_of_worship","association_or_organization","point_of_interest","establishment"],"google_maps_uri":"https://maps.google.com/?cid=13846666824263641539&g_mp=Cilnb29nbGUubWFwcy5wbGFjZXMudjEuUGxhY2VzLlNlYXJjaE5lYXJieRACGAQgAA","google_icon_mask_base_uri":"https://maps.gstatic.com/mapfiles/place_api/icons/v2/worship_christian_pinlet","google_icon_background_color":"#7B9EB0","formatted_address":"2WW3+CJP, South Rd, Sagada, 2619 Mountain Province, Philippines","business_status":"OPERATIONAL","rating":4.3,"user_rating_count":3,"barangay_slug":"suyo","barangay_name":"Suyo"},"geometry":{"type":"Point","coordinates":[120.90408380000001,17.0460754]}},{"type":"Feature","properties":{"name":"A.E PRINTING SHOP","kind":"business","kind_label":"Business","source":"google_places","google_place_id":"ChIJ3X_LWfzVjzMRKLHNaYzkG1A","google_primary_type":"manufacturer","google_primary_type_label":"Manufacturer","google_types":["manufacturer","point_of_interest","store","service","establishment"],"google_maps_uri":"https://maps.google.com/?cid=5772458639127064872&g_mp=Cilnb29nbGUubWFwcy5wbGFjZXMudjEuUGxhY2VzLlNlYXJjaE5lYXJieRACGAQgAA","google_icon_mask_base_uri":"https://maps.gstatic.com/mapfiles/place_api/icons/v2/shopping_pinlet","google_icon_background_color":"#4B96F3","formatted_address":"2WQ5+WQC, Sagada, Mountain Province, Philippines","business_status":"OPERATIONAL","rating":null,"user_rating_count":null,"barangay_slug":"taccong","barangay_name":"Taccong"},"geometry":{"type":"Point","coordinates":[120.90940320000001,17.0398231]}},{"type":"Feature","properties":{"name":"Kitkat","kind":"business","kind_label":"Business","source":"google_places","google_place_id":"ChIJ0btomxDVjzMRzU0Xv6T6wtE","google_primary_type":"store","google_primary_type_label":"Store","google_types":["store","point_of_interest","establishment"],"google_maps_uri":"https://maps.google.com/?cid=15114918884896361933&g_mp=Cilnb29nbGUubWFwcy5wbGFjZXMudjEuUGxhY2VzLlNlYXJjaE5lYXJieRACGAQgAA","google_icon_mask_base_uri":"https://maps.gstatic.com/mapfiles/place_api/icons/v2/shopping_pinlet","google_icon_background_color":"#4B96F3","formatted_address":"Sabangan, 2622 Mountain Province, Philippines","business_status":"OPERATIONAL","rating":null,"user_rating_count":null,"barangay_slug":"taccong","barangay_name":"Taccong"},"geometry":{"type":"Point","coordinates":[120.90586909999999,17.0391498]}},{"type":"Feature","properties":{"name":"Taccong Elementary School","kind":"school","kind_label":"School","source":"google_places","google_place_id":"ChIJfXNbP6bUjzMRMm1I7GQGYV4","google_primary_type":"primary_school","google_primary_type_label":"Elementary School","google_types":["primary_school","school","educational_institution","point_of_interest","establishment"],"google_maps_uri":"https://maps.google.com/?cid=6800723942836825394&g_mp=Cilnb29nbGUubWFwcy5wbGFjZXMudjEuUGxhY2VzLlNlYXJjaE5lYXJieRACGAQgAA","google_icon_mask_base_uri":"https://maps.gstatic.com/mapfiles/place_api/icons/v2/school_pinlet","google_icon_background_color":"#7B9EB0","formatted_address":"2WR5+JFP, South Rd, Sagada, Mountain Province, Philippines","business_status":"OPERATIONAL","rating":null,"user_rating_count":null,"barangay_slug":"taccong","barangay_name":"Taccong"},"geometry":{"type":"Point","coordinates":[120.90870380000001,17.0415781]}},{"type":"Feature","properties":{"name":"Blue Lagoon","kind":"tourism","kind_label":"Tourism","source":"google_places","google_place_id":"ChIJ-RIo-RfVjzMRaHEfkksm0u4","google_primary_type":"tourist_attraction","google_primary_type_label":"Tourist Attraction","google_types":["tourist_attraction","point_of_interest","establishment"],"google_maps_uri":"https://maps.google.com/?cid=17208859232152023400&g_mp=Cilnb29nbGUubWFwcy5wbGFjZXMudjEuUGxhY2VzLlNlYXJjaE5lYXJieRACGAQgAA","google_icon_mask_base_uri":"https://maps.gstatic.com/mapfiles/place_api/icons/v2/generic_pinlet","google_icon_background_color":"#13B5C7","formatted_address":"2WMC+V47, Mabisil - Payag-eo - Balili Rd, Sagada, Mountain Province, Philippines","business_status":"OPERATIONAL","rating":4.5,"user_rating_count":22,"barangay_slug":"taccong","barangay_name":"Taccong"},"geometry":{"type":"Point","coordinates":[120.92028519999998,17.0346617]}},{"type":"Feature","properties":{"name":"Kampo De Christina Lodge - Entire Place","kind":"tourism","kind_label":"Tourism","source":"google_places","google_place_id":"ChIJObmQdqPUjzMRPfU2BbqILmM","google_primary_type":"lodging","google_primary_type_label":"Lodging","google_types":["lodging","point_of_interest","establishment"],"google_maps_uri":"https://maps.google.com/?cid=7146799991216338237&g_mp=Cilnb29nbGUubWFwcy5wbGFjZXMudjEuUGxhY2VzLlNlYXJjaE5lYXJieRACGAQgAA","google_icon_mask_base_uri":"https://maps.gstatic.com/mapfiles/place_api/icons/v2/hotel_pinlet","google_icon_background_color":"#909CE1","formatted_address":"Sagada, Mountain Province, Philippines","business_status":"OPERATIONAL","rating":null,"user_rating_count":null,"barangay_slug":"taccong","barangay_name":"Taccong"},"geometry":{"type":"Point","coordinates":[120.9140702,17.0362358]}},{"type":"Feature","properties":{"name":"Liked Home","kind":"tourism","kind_label":"Tourism","source":"google_places","google_place_id":"ChIJTzd5GqPVjzMR9_nNkLIF-YE","google_primary_type":"private_guest_room","google_primary_type_label":"Homestay","google_types":["private_guest_room","lodging","point_of_interest","establishment"],"google_maps_uri":"https://maps.google.com/?cid=9365523164585392631&g_mp=Cilnb29nbGUubWFwcy5wbGFjZXMudjEuUGxhY2VzLlNlYXJjaE5lYXJieRACGAQgAA","google_icon_mask_base_uri":"https://maps.gstatic.com/mapfiles/place_api/icons/v2/hotel_pinlet","google_icon_background_color":"#909CE1","formatted_address":"2WQ4+M85, Sagada, Mountain Province, Philippines","business_status":"OPERATIONAL","rating":null,"user_rating_count":null,"barangay_slug":"taccong","barangay_name":"Taccong"},"geometry":{"type":"Point","coordinates":[120.90586909999999,17.0391498]}},{"type":"Feature","properties":{"name":"Patok-aw","kind":"tourism","kind_label":"Tourism","source":"google_places","google_place_id":"ChIJy60zeKbUjzMRWr5jrD_0bDo","google_primary_type":"hotel","google_primary_type_label":"Hotel","google_types":["hotel","lodging","point_of_interest","establishment"],"google_maps_uri":"https://maps.google.com/?cid=4210008305996906074&g_mp=Cilnb29nbGUubWFwcy5wbGFjZXMudjEuUGxhY2VzLlNlYXJjaE5lYXJieRACGAQgAA","google_icon_mask_base_uri":"https://maps.gstatic.com/mapfiles/place_api/icons/v2/hotel_pinlet","google_icon_background_color":"#909CE1","formatted_address":"2WR5+2R2, Sagada, Mountain Province, Philippines","business_status":"OPERATIONAL","rating":null,"user_rating_count":null,"barangay_slug":"taccong","barangay_name":"Taccong"},"geometry":{"type":"Point","coordinates":[120.90951349999999,17.0400067]}},{"type":"Feature","properties":{"name":"NORTHERN LUZON PRESBYTERIAN CHURCH","kind":"worship","kind_label":"Worship","source":"google_places","google_place_id":"ChIJURQSbQDVjzMRwAvd073PQmY","google_primary_type":"church","google_primary_type_label":"Church","google_types":["church","place_of_worship","association_or_organization","point_of_interest","establishment"],"google_maps_uri":"https://maps.google.com/?cid=7368680354541800384&g_mp=Cilnb29nbGUubWFwcy5wbGFjZXMudjEuUGxhY2VzLlNlYXJjaE5lYXJieRACGAQgAA","google_icon_mask_base_uri":"https://maps.gstatic.com/mapfiles/place_api/icons/v2/worship_christian_pinlet","google_icon_background_color":"#7B9EB0","formatted_address":"2WQ5+WQC, Sagada, Mountain Province, Philippines","business_status":"OPERATIONAL","rating":null,"user_rating_count":null,"barangay_slug":"taccong","barangay_name":"Taccong"},"geometry":{"type":"Point","coordinates":[120.9082495,17.040022099999998]}},{"type":"Feature","properties":{"name":"Patok Hill","kind":"tourism","kind_label":"Tourism","source":"google_places","google_place_id":"ChIJheWIYQDTjzMRE0xJqkD1yIo","google_primary_type":"hiking_area","google_primary_type_label":"Hiking Area","google_types":["hiking_area","sports_activity_location","point_of_interest","establishment"],"google_maps_uri":"https://maps.google.com/?cid=10000512630659828755&g_mp=Cilnb29nbGUubWFwcy5wbGFjZXMudjEuUGxhY2VzLlNlYXJjaE5lYXJieRACGAQgAA","google_icon_mask_base_uri":"https://maps.gstatic.com/mapfiles/place_api/icons/v2/hiking_pinlet","google_icon_background_color":"#4DB546","formatted_address":"4W56+WXF, Tanulong, Sagada, Mountain Province, Philippines","business_status":"OPERATIONAL","rating":5,"user_rating_count":1,"barangay_slug":"tanulong","barangay_name":"Tanulong"},"geometry":{"type":"Point","coordinates":[120.91241559999997,17.1098227]}},{"type":"Feature","properties":{"name":"Tanulong Rice Terraces","kind":"tourism","kind_label":"Tourism","source":"google_places","google_place_id":"ChIJ09nIXQDTjzMRc73Kdk_SmwQ","google_primary_type":"tourist_attraction","google_primary_type_label":"Tourist Attraction","google_types":["tourist_attraction","point_of_interest","establishment"],"google_maps_uri":"https://maps.google.com/?cid=332090236279111027&g_mp=Cilnb29nbGUubWFwcy5wbGFjZXMudjEuUGxhY2VzLlNlYXJjaE5lYXJieRACGAQgAA","google_icon_mask_base_uri":"https://maps.gstatic.com/mapfiles/place_api/icons/v2/generic_pinlet","google_icon_background_color":"#13B5C7","formatted_address":"4W73+84F, Tanulong, Sagada, Mountain Province, Philippines","business_status":"OPERATIONAL","rating":5,"user_rating_count":1,"barangay_slug":"tanulong","barangay_name":"Tanulong"},"geometry":{"type":"Point","coordinates":[120.90278350000001,17.1133144]}},{"type":"Feature","properties":{"name":"San Lorenzo Ruiz Chapel Tanulong Sagada Catholic Church","kind":"worship","kind_label":"Worship","source":"google_places","google_place_id":"ChIJ84zidmnTjzMRzpU9LjM6GTo","google_primary_type":"church","google_primary_type_label":"Church","google_types":["church","place_of_worship","association_or_organization","point_of_interest","establishment"],"google_maps_uri":"https://maps.google.com/?cid=4186441320111117774&g_mp=Cilnb29nbGUubWFwcy5wbGFjZXMudjEuUGxhY2VzLlNlYXJjaE5lYXJieRACGAQgAA","google_icon_mask_base_uri":"https://maps.gstatic.com/mapfiles/place_api/icons/v2/worship_christian_pinlet","google_icon_background_color":"#7B9EB0","formatted_address":"4W66+H3H, Tanulong, Sagada, Mountain Province, Philippines","business_status":"OPERATIONAL","rating":null,"user_rating_count":null,"barangay_slug":"tanulong","barangay_name":"Tanulong"},"geometry":{"type":"Point","coordinates":[120.91022799999999,17.1114493]}},{"type":"Feature","properties":{"name":"Cbaz bungalow house","kind":"tourism","kind_label":"Tourism","source":"google_places","google_place_id":"ChIJ_Sk6QsTSjzMRlSPp2RmzeR4","google_primary_type":"lodging","google_primary_type_label":"Lodging","google_types":["lodging","point_of_interest","establishment"],"google_maps_uri":"https://maps.google.com/?cid=2195983216931316629&g_mp=Cilnb29nbGUubWFwcy5wbGFjZXMudjEuUGxhY2VzLlNlYXJjaE5lYXJieRACGAQgAA","google_icon_mask_base_uri":"https://maps.gstatic.com/mapfiles/place_api/icons/v2/hotel_pinlet","google_icon_background_color":"#909CE1","formatted_address":"Sagada, Mountain Province, Philippines","business_status":"OPERATIONAL","rating":null,"user_rating_count":null,"barangay_slug":"tetep-an-norte","barangay_name":"Tetep-an Norte"},"geometry":{"type":"Point","coordinates":[120.9114838,17.1009903]}},{"type":"Feature","properties":{"name":"Pog-O Viewpoint & Campsite","kind":"tourism","kind_label":"Tourism","source":"google_places","google_place_id":"ChIJrdKCoKjTjzMRgaLgqUdibXk","google_primary_type":"campground","google_primary_type_label":"Campground","google_types":["campground","lodging","point_of_interest","establishment"],"google_maps_uri":"https://maps.google.com/?cid=8749757710983012993&g_mp=Cilnb29nbGUubWFwcy5wbGFjZXMudjEuUGxhY2VzLlNlYXJjaE5lYXJieRACGAQgAA","google_icon_mask_base_uri":"https://maps.gstatic.com/mapfiles/place_api/icons/v2/camping_pinlet","google_icon_background_color":"#4DB546","formatted_address":"Pog-O Viewpoint & Campsite Staunton Rd, Kiltepan Road, Sagada, 2619 Mountain Province, Philippines","business_status":"OPERATIONAL","rating":4.5,"user_rating_count":48,"barangay_slug":"tetep-an-norte","barangay_name":"Tetep-an Norte"},"geometry":{"type":"Point","coordinates":[120.9132956,17.096286499999998]}},{"type":"Feature","properties":{"name":"Catholic church","kind":"worship","kind_label":"Worship","source":"google_places","google_place_id":"ChIJ96LMPUDTjzMRoStCHByyn3U","google_primary_type":"church","google_primary_type_label":"Church","google_types":["church","place_of_worship","association_or_organization","point_of_interest","establishment"],"google_maps_uri":"https://maps.google.com/?cid=8475688857537489825&g_mp=Cilnb29nbGUubWFwcy5wbGFjZXMudjEuUGxhY2VzLlNlYXJjaE5lYXJieRACGAQgAA","google_icon_mask_base_uri":"https://maps.gstatic.com/mapfiles/place_api/icons/v2/worship_christian_pinlet","google_icon_background_color":"#7B9EB0","formatted_address":"Baang, 4W39+PMV, Sagada, Mountain Province, Philippines","business_status":"OPERATIONAL","rating":null,"user_rating_count":null,"barangay_slug":"tetep-an-norte","barangay_name":"Tetep-an Norte"},"geometry":{"type":"Point","coordinates":[120.91916599999999,17.1043739]}},{"type":"Feature","properties":{"name":"St. Mark Parish","kind":"worship","kind_label":"Worship","source":"google_places","google_place_id":"ChIJkbX5QADTjzMRRCZPzjUQwRQ","google_primary_type":"church","google_primary_type_label":"Church","google_types":["church","place_of_worship","association_or_organization","point_of_interest","establishment"],"google_maps_uri":"https://maps.google.com/?cid=1495494374544320068&g_mp=Cilnb29nbGUubWFwcy5wbGFjZXMudjEuUGxhY2VzLlNlYXJjaE5lYXJieRACGAQgAA","google_icon_mask_base_uri":"https://maps.gstatic.com/mapfiles/place_api/icons/v2/worship_christian_pinlet","google_icon_background_color":"#7B9EB0","formatted_address":"3WRG+XM, Sagada, Mountain Province, Philippines","business_status":"OPERATIONAL","rating":5,"user_rating_count":1,"barangay_slug":"tetep-an-norte","barangay_name":"Tetep-an Norte"},"geometry":{"type":"Point","coordinates":[120.9266545,17.0924488]}},{"type":"Feature","properties":{"name":"GANGA RESIDENCE","kind":"business","kind_label":"Business","source":"google_places","google_place_id":"ChIJM0H0GQDTjzMRqXsdxINLB0A","google_primary_type":"store","google_primary_type_label":"Store","google_types":["store","point_of_interest","establishment"],"google_maps_uri":"https://maps.google.com/?cid=4613739372567428009&g_mp=Cilnb29nbGUubWFwcy5wbGFjZXMudjEuUGxhY2VzLlNlYXJjaE5lYXJieRACGAQgAA","google_icon_mask_base_uri":"https://maps.gstatic.com/mapfiles/place_api/icons/v2/shopping_pinlet","google_icon_background_color":"#4B96F3","formatted_address":"3WQJ+C58, Sagada, Mountain Province, Philippines","business_status":"OPERATIONAL","rating":null,"user_rating_count":null,"barangay_slug":"tetep-an-sur","barangay_name":"Tetep-an Sur"},"geometry":{"type":"Point","coordinates":[120.93085749999997,17.0891344]}},{"type":"Feature","properties":{"name":"Tetep-an Elementary School","kind":"school","kind_label":"School","source":"google_places","google_place_id":"ChIJZR2jt-bSjzMRysRtEGdza2c","google_primary_type":"primary_school","google_primary_type_label":"Elementary School","google_types":["primary_school","school","educational_institution","point_of_interest","establishment"],"google_maps_uri":"https://maps.google.com/?cid=7452176894909072586&g_mp=Cilnb29nbGUubWFwcy5wbGFjZXMudjEuUGxhY2VzLlNlYXJjaE5lYXJieRACGAQgAA","google_icon_mask_base_uri":"https://maps.gstatic.com/mapfiles/place_api/icons/v2/school_pinlet","google_icon_background_color":"#7B9EB0","formatted_address":"3WRJ+627, Road, Sagada, Mountain Province, Philippines","business_status":"OPERATIONAL","rating":null,"user_rating_count":null,"barangay_slug":"tetep-an-sur","barangay_name":"Tetep-an Sur"},"geometry":{"type":"Point","coordinates":[120.93005459999998,17.090533699999998]}},{"type":"Feature","properties":{"name":"Rowena’s Maligcong Home Stay","kind":"tourism","kind_label":"Tourism","source":"google_places","google_place_id":"ChIJb5eabADTjzMRx0BnoCA1gho","google_primary_type":"private_guest_room","google_primary_type_label":"Homestay","google_types":["private_guest_room","lodging","point_of_interest","establishment"],"google_maps_uri":"https://maps.google.com/?cid=1910147606204858567&g_mp=Cilnb29nbGUubWFwcy5wbGFjZXMudjEuUGxhY2VzLlNlYXJjaE5lYXJieRACGAQgAA","google_icon_mask_base_uri":"https://maps.gstatic.com/mapfiles/place_api/icons/v2/hotel_pinlet","google_icon_background_color":"#909CE1","formatted_address":"3WPM+GF, Sagada, Mountain Province, Philippines","business_status":"OPERATIONAL","rating":null,"user_rating_count":null,"barangay_slug":"tetep-an-sur","barangay_name":"Tetep-an Sur"},"geometry":{"type":"Point","coordinates":[120.93370999999999,17.086288]}}]}
