{"type":"FeatureCollection","features":[{"type":"Feature","properties":{"name":"Abatan National High School","kind":"business","kind_label":"Business","source":"google_places","google_place_id":"ChIJdX0FcmIqjjMR6rY8EztSLuo","google_primary_type":null,"google_primary_type_label":null,"google_types":["premise","street_address"],"google_maps_uri":"https://maps.google.com/?cid=16874515267483121386&g_mp=Cidnb29nbGUubWFwcy5wbGFjZXMudjEuUGxhY2VzLlNlYXJjaFRleHQQAhgEIAA","google_icon_mask_base_uri":"https://maps.gstatic.com/mapfiles/place_api/icons/v2/generic_pinlet","google_icon_background_color":"#7B9EB0","formatted_address":"Abatan National High School, Tagudin - Cervantes - Sabangan Rd, Tadian, Mountain Province, Philippines","business_status":null,"rating":null,"user_rating_count":null,"barangay_slug":"balaoa","barangay_name":"Balaoa"},"geometry":{"type":"Point","coordinates":[120.84908689999999,16.9850677]}},{"type":"Feature","properties":{"name":"Amgayang Autoshop","kind":"business","kind_label":"Business","source":"google_places","google_place_id":"ChIJwSytWwArjjMRPiA8oCLl7mY","google_primary_type":"car_repair","google_primary_type_label":"Car repair and maintenance service","google_types":["car_repair","service","point_of_interest","establishment"],"google_maps_uri":"https://maps.google.com/?cid=7417117573205729342&g_mp=Cidnb29nbGUubWFwcy5wbGFjZXMudjEuUGxhY2VzLlNlYXJjaFRleHQQAhgEIAA","google_icon_mask_base_uri":"https://maps.gstatic.com/mapfiles/place_api/icons/v2/generic_pinlet","google_icon_background_color":"#7B9EB0","formatted_address":"XRQQ+958, Tadian, Mountain Province, Philippines","business_status":"OPERATIONAL","rating":5,"user_rating_count":1,"barangay_slug":"balaoa","barangay_name":"Balaoa"},"geometry":{"type":"Point","coordinates":[120.83796,16.988401]}},{"type":"Feature","properties":{"name":"Balaoa","kind":"business","kind_label":"Business","source":"google_places","google_place_id":"ChIJlQ41w2oqjjMRjwHgCvaXsg8","google_primary_type":null,"google_primary_type_label":null,"google_types":["sublocality_level_2","sublocality","political"],"google_maps_uri":"https://maps.google.com/?cid=1131133539423617423&g_mp=Cidnb29nbGUubWFwcy5wbGFjZXMudjEuUGxhY2VzLlNlYXJjaFRleHQQAhgEIAA","google_icon_mask_base_uri":"https://maps.gstatic.com/mapfiles/place_api/icons/v2/generic_pinlet","google_icon_background_color":"#7B9EB0","formatted_address":"Balaoa, Tadian, Mountain Province, Philippines","business_status":null,"rating":null,"user_rating_count":null,"barangay_slug":"balaoa","barangay_name":"Balaoa"},"geometry":{"type":"Point","coordinates":[120.8297947,16.9926465]}},{"type":"Feature","properties":{"name":"Balaoa Barangay Hall","kind":"business","kind_label":"Business","source":"google_places","google_place_id":"ChIJk1vxnW4qjjMRtlFGePBXcUI","google_primary_type":null,"google_primary_type_label":null,"google_types":["point_of_interest","establishment"],"google_maps_uri":"https://maps.google.com/?cid=4787704569193189814&g_mp=Cidnb29nbGUubWFwcy5wbGFjZXMudjEuUGxhY2VzLlNlYXJjaFRleHQQAhgEIAA","google_icon_mask_base_uri":"https://maps.gstatic.com/mapfiles/place_api/icons/v2/generic_pinlet","google_icon_background_color":"#7B9EB0","formatted_address":"Cervantes, Tadian Road, Tadian, Mountain Province, Philippines","business_status":"OPERATIONAL","rating":null,"user_rating_count":null,"barangay_slug":"balaoa","barangay_name":"Balaoa"},"geometry":{"type":"Point","coordinates":[120.83269270000001,16.987824900000003]}},{"type":"Feature","properties":{"name":"C & S Water Refilling Station","kind":"business","kind_label":"Business","source":"google_places","google_place_id":"ChIJTSbDq0MqjjMR1gj6jjoULPE","google_primary_type":"point_of_interest","google_primary_type_label":"Point of interest","google_types":["point_of_interest","establishment"],"google_maps_uri":"https://maps.google.com/?cid=17378287303855311062&g_mp=Cidnb29nbGUubWFwcy5wbGFjZXMudjEuUGxhY2VzLlNlYXJjaFRleHQQAhgEIAA","google_icon_mask_base_uri":"https://maps.gstatic.com/mapfiles/place_api/icons/v2/generic_pinlet","google_icon_background_color":"#7B9EB0","formatted_address":"Tadian, Mountain Province, Philippines","business_status":"OPERATIONAL","rating":null,"user_rating_count":null,"barangay_slug":"balaoa","barangay_name":"Balaoa"},"geometry":{"type":"Point","coordinates":[120.83528340000001,16.997257599999998]}},{"type":"Feature","properties":{"name":"Cafe Kawagay","kind":"business","kind_label":"Business","source":"google_places","google_place_id":"ChIJP5hWJgArjjMROERAl12Vnkk","google_primary_type":"restaurant","google_primary_type_label":"Restaurant","google_types":["restaurant","point_of_interest","food","establishment"],"google_maps_uri":"https://maps.google.com/?cid=5304841640291091512&g_mp=Cilnb29nbGUubWFwcy5wbGFjZXMudjEuUGxhY2VzLlNlYXJjaE5lYXJieRACGAQgAA","google_icon_mask_base_uri":"https://maps.gstatic.com/mapfiles/place_api/icons/v2/restaurant_pinlet","google_icon_background_color":"#FF9E67","formatted_address":"XRPV+73, Tadian, Mountain Province, Philippines","business_status":"OPERATIONAL","rating":null,"user_rating_count":null,"barangay_slug":"balaoa","barangay_name":"Balaoa"},"geometry":{"type":"Point","coordinates":[120.84266039999999,16.9857878]}},{"type":"Feature","properties":{"name":"Chicken John & Tavuk Grill Kape","kind":"business","kind_label":"Business","source":"google_places","google_place_id":"ChIJmeTjXgArjjMRt3vTbyZRFvQ","google_primary_type":"chicken_restaurant","google_primary_type_label":"Chicken Restaurant","google_types":["chicken_restaurant","restaurant","food","point_of_interest","establishment"],"google_maps_uri":"https://maps.google.com/?cid=17588334620268788663&g_mp=Cilnb29nbGUubWFwcy5wbGFjZXMudjEuUGxhY2VzLlNlYXJjaE5lYXJieRACGAQgAA","google_icon_mask_base_uri":"https://maps.gstatic.com/mapfiles/place_api/icons/v2/restaurant_pinlet","google_icon_background_color":"#FF9E67","formatted_address":"Malupa street, Bauko, 2621 Mountain Province, Philippines","business_status":"OPERATIONAL","rating":4.7,"user_rating_count":12,"barangay_slug":"balaoa","barangay_name":"Balaoa"},"geometry":{"type":"Point","coordinates":[120.84833379999999,16.9833461]}},{"type":"Feature","properties":{"name":"Eagles Variety Store","kind":"business","kind_label":"Business","source":"google_places","google_place_id":"ChIJZSc7NwArjjMRUonWFybti20","google_primary_type":"store","google_primary_type_label":"Store","google_types":["store","point_of_interest","establishment"],"google_maps_uri":"https://maps.google.com/?cid=7893663519761402194&g_mp=Cilnb29nbGUubWFwcy5wbGFjZXMudjEuUGxhY2VzLlNlYXJjaE5lYXJieRACGAQgAA","google_icon_mask_base_uri":"https://maps.gstatic.com/mapfiles/place_api/icons/v2/shopping_pinlet","google_icon_background_color":"#4B96F3","formatted_address":"XRVP+M6R Cabunagan, Tadian, Mountain Province, Philippines","business_status":"OPERATIONAL","rating":null,"user_rating_count":null,"barangay_slug":"balaoa","barangay_name":"Balaoa"},"geometry":{"type":"Point","coordinates":[120.83552139999998,16.9942438]}},{"type":"Feature","properties":{"name":"East sticker printing services","kind":"business","kind_label":"Business","source":"google_places","google_place_id":"ChIJ3UK0j7srjjMRkhxUozE4DZ0","google_primary_type":"manufacturer","google_primary_type_label":"Manufacturer","google_types":["manufacturer","service","store","point_of_interest","establishment"],"google_maps_uri":"https://maps.google.com/?cid=11316763224496675986&g_mp=Cilnb29nbGUubWFwcy5wbGFjZXMudjEuUGxhY2VzLlNlYXJjaE5lYXJieRACGAQgAA","google_icon_mask_base_uri":"https://maps.gstatic.com/mapfiles/place_api/icons/v2/shopping_pinlet","google_icon_background_color":"#4B96F3","formatted_address":"XRMX+38F, Tagudin - Cervantes - Sabangan Rd, Tadian, Mountain Province, Philippines","business_status":"OPERATIONAL","rating":null,"user_rating_count":null,"barangay_slug":"balaoa","barangay_name":"Balaoa"},"geometry":{"type":"Point","coordinates":[120.8482884,16.9826861]}},{"type":"Feature","properties":{"name":"Jomar Hardware","kind":"business","kind_label":"Business","source":"google_places","google_place_id":"ChIJI2_hpGMqjjMRDQaGM2msQCQ","google_primary_type":"hardware_store","google_primary_type_label":"Hardware Store","google_types":["hardware_store","building_materials_store","store","point_of_interest","establishment"],"google_maps_uri":"https://maps.google.com/?cid=2612277351710852621&g_mp=Cilnb29nbGUubWFwcy5wbGFjZXMudjEuUGxhY2VzLlNlYXJjaE5lYXJieRACGAQgAA","google_icon_mask_base_uri":"https://maps.gstatic.com/mapfiles/place_api/icons/v2/shopping_pinlet","google_icon_background_color":"#4B96F3","formatted_address":"XRPW+3CQ, Tagudin - Cervantes - Sabangan Rd, Tadian, Mountain Province, Philippines","business_status":"OPERATIONAL","rating":5,"user_rating_count":1,"barangay_slug":"balaoa","barangay_name":"Balaoa"},"geometry":{"type":"Point","coordinates":[120.84611090000001,16.9852178]}},{"type":"Feature","properties":{"name":"M & M Eatery","kind":"business","kind_label":"Business","source":"google_places","google_place_id":"ChIJFUCUdgArjjMRbMU1EVi5kpM","google_primary_type":"restaurant","google_primary_type_label":"Restaurant","google_types":["restaurant","point_of_interest","food","establishment"],"google_maps_uri":"https://maps.google.com/?cid=10633765458072159596&g_mp=Cilnb29nbGUubWFwcy5wbGFjZXMudjEuUGxhY2VzLlNlYXJjaE5lYXJieRACGAQgAA","google_icon_mask_base_uri":"https://maps.gstatic.com/mapfiles/place_api/icons/v2/restaurant_pinlet","google_icon_background_color":"#FF9E67","formatted_address":"XRMW+XGC, Bauko, Mountain Province, Philippines","business_status":"OPERATIONAL","rating":null,"user_rating_count":null,"barangay_slug":"balaoa","barangay_name":"Balaoa"},"geometry":{"type":"Point","coordinates":[120.8462523,16.984934499999998]}},{"type":"Feature","properties":{"name":"CENRO SABANGAN (Tadian)","kind":"govt","kind_label":"Government","source":"google_places","google_place_id":"ChIJVc80UQArjjMR3Edp883ANKQ","google_primary_type":"government_office","google_primary_type_label":"Government Office","google_types":["government_office","point_of_interest","establishment"],"google_maps_uri":"https://maps.google.com/?cid=11832294111793727452&g_mp=Cilnb29nbGUubWFwcy5wbGFjZXMudjEuUGxhY2VzLlNlYXJjaE5lYXJieRACGAQgAA","google_icon_mask_base_uri":"https://maps.gstatic.com/mapfiles/place_api/icons/v2/civic-bldg_pinlet","google_icon_background_color":"#7B9EB0","formatted_address":"XRWP+R6W Cabunagan, Tadian, Mountain Province, Philippines","business_status":"OPERATIONAL","rating":5,"user_rating_count":1,"barangay_slug":"balaoa","barangay_name":"Balaoa"},"geometry":{"type":"Point","coordinates":[120.8355854,16.9971228]}},{"type":"Feature","properties":{"name":"Lakay Sito's Water Supply","kind":"govt","kind_label":"Government","source":"google_places","google_place_id":"ChIJM6lqwEMqjjMRjldXs7NCfuY","google_primary_type":"government_office","google_primary_type_label":"Government Office","google_types":["manufacturer","government_office","service","point_of_interest","establishment"],"google_maps_uri":"https://maps.google.com/?cid=16608785815364392846&g_mp=Cilnb29nbGUubWFwcy5wbGFjZXMudjEuUGxhY2VzLlNlYXJjaE5lYXJieRACGAQgAA","google_icon_mask_base_uri":"https://maps.gstatic.com/mapfiles/place_api/icons/v2/civic-bldg_pinlet","google_icon_background_color":"#7B9EB0","formatted_address":"XRXM+9JC, Tagudin - Cervantes - Sabangan Rd, Tadian, Mountain Province, Philippines","business_status":"OPERATIONAL","rating":null,"user_rating_count":null,"barangay_slug":"balaoa","barangay_name":"Balaoa"},"geometry":{"type":"Point","coordinates":[120.83401369999999,16.9984405]}},{"type":"Feature","properties":{"name":"C' Cafe","kind":"market","kind_label":"Market","source":"google_places","google_place_id":"ChIJQfNgrlgrjjMRPAtPPzCRQxk","google_primary_type":"coffee_shop","google_primary_type_label":"Coffee Shop","google_types":["coffee_shop","cafe","food_store","food","point_of_interest","store","establishment"],"google_maps_uri":"https://maps.google.com/?cid=1820458310794414908&g_mp=Cilnb29nbGUubWFwcy5wbGFjZXMudjEuUGxhY2VzLlNlYXJjaE5lYXJieRACGAQgAA","google_icon_mask_base_uri":"https://maps.gstatic.com/mapfiles/place_api/icons/v2/cafe_pinlet","google_icon_background_color":"#FF9E67","formatted_address":"XRWM+CRC Cabunagan, Balaoa, Tadian, Mountain Province, Philippines","business_status":"CLOSED_TEMPORARILY","rating":5,"user_rating_count":4,"barangay_slug":"balaoa","barangay_name":"Balaoa"},"geometry":{"type":"Point","coordinates":[120.8345209,16.996074399999998]}},{"type":"Feature","properties":{"name":"Nyra's store","kind":"market","kind_label":"Market","source":"google_places","google_place_id":"ChIJz17loHIrjjMRzUTFsFBVrDc","google_primary_type":"general_store","google_primary_type_label":"General Store","google_types":["general_store","food_store","store","point_of_interest","food","establishment"],"google_maps_uri":"https://maps.google.com/?cid=4011675173131732173&g_mp=Cilnb29nbGUubWFwcy5wbGFjZXMudjEuUGxhY2VzLlNlYXJjaE5lYXJieRACGAQgAA","google_icon_mask_base_uri":"https://maps.gstatic.com/mapfiles/place_api/icons/v2/shopping_pinlet","google_icon_background_color":"#4B96F3","formatted_address":"XRMX+67F, Abatan, Tadian, Mountain Province, Philippines","business_status":"OPERATIONAL","rating":5,"user_rating_count":1,"barangay_slug":"balaoa","barangay_name":"Balaoa"},"geometry":{"type":"Point","coordinates":[120.84818500000002,16.9830739]}},{"type":"Feature","properties":{"name":"The Baker's Brew","kind":"market","kind_label":"Market","source":"google_places","google_place_id":"ChIJB4kb1VcrjjMRklySxXF9Mvs","google_primary_type":"coffee_shop","google_primary_type_label":"Coffee Shop","google_types":["coffee_shop","cafe","food_store","food","point_of_interest","store","establishment"],"google_maps_uri":"https://maps.google.com/?cid=18100667779954924690&g_mp=Cilnb29nbGUubWFwcy5wbGFjZXMudjEuUGxhY2VzLlNlYXJjaE5lYXJieRACGAQgAA","google_icon_mask_base_uri":"https://maps.gstatic.com/mapfiles/place_api/icons/v2/cafe_pinlet","google_icon_background_color":"#FF9E67","formatted_address":"XRPW+975, Tadian, Mountain Province, Philippines","business_status":"OPERATIONAL","rating":4.6,"user_rating_count":8,"barangay_slug":"balaoa","barangay_name":"Balaoa"},"geometry":{"type":"Point","coordinates":[120.8457279,16.985882699999998]}},{"type":"Feature","properties":{"name":"Balaoa Elementary School","kind":"school","kind_label":"School","source":"google_places","google_place_id":"ChIJMUho7m0qjjMRgjEQEQVQqMs","google_primary_type":"primary_school","google_primary_type_label":"Elementary School","google_types":["primary_school","school","educational_institution","point_of_interest","establishment"],"google_maps_uri":"https://maps.google.com/?cid=14675067368478093698&g_mp=Cilnb29nbGUubWFwcy5wbGFjZXMudjEuUGxhY2VzLlNlYXJjaE5lYXJieRACGAQgAA","google_icon_mask_base_uri":"https://maps.gstatic.com/mapfiles/place_api/icons/v2/school_pinlet","google_icon_background_color":"#7B9EB0","formatted_address":"XRPJ+2MR, Cervantes - Tadian Rd, Tadian, Mountain Province, Philippines","business_status":"OPERATIONAL","rating":null,"user_rating_count":null,"barangay_slug":"balaoa","barangay_name":"Balaoa"},"geometry":{"type":"Point","coordinates":[120.8316346,16.9851244]}},{"type":"Feature","properties":{"name":"Abatan bauko mountain province","kind":"tourism","kind_label":"Tourism","source":"google_places","google_place_id":"ChIJfTiS2EkrjjMRVRbXih65FZ4","google_primary_type":"lodging","google_primary_type_label":"Lodging","google_types":["lodging","point_of_interest","establishment"],"google_maps_uri":"https://maps.google.com/?cid=11391214373333046869&g_mp=Cilnb29nbGUubWFwcy5wbGFjZXMudjEuUGxhY2VzLlNlYXJjaE5lYXJieRACGAQgAA","google_icon_mask_base_uri":"https://maps.gstatic.com/mapfiles/place_api/icons/v2/hotel_pinlet","google_icon_background_color":"#909CE1","formatted_address":"Tadian, Mountain Province, Philippines","business_status":"OPERATIONAL","rating":4.6,"user_rating_count":5,"barangay_slug":"balaoa","barangay_name":"Balaoa"},"geometry":{"type":"Point","coordinates":[120.84451419999999,16.985912499999998]}},{"type":"Feature","properties":{"name":"Cabunagan","kind":"tourism","kind_label":"Tourism","source":"google_places","google_place_id":"ChIJibZUT80rjjMRu7x9lAFUiEI","google_primary_type":"swimming_pool","google_primary_type_label":"Swimming Pool","google_types":["swimming_pool","sports_activity_location","point_of_interest","establishment"],"google_maps_uri":"https://maps.google.com/?cid=4794174169098861755&g_mp=Cilnb29nbGUubWFwcy5wbGFjZXMudjEuUGxhY2VzLlNlYXJjaE5lYXJieRACGAQgAA","google_icon_mask_base_uri":"https://maps.gstatic.com/mapfiles/place_api/icons/v2/generic_pinlet","google_icon_background_color":"#7B9EB0","formatted_address":"XRWP+R6W, Mount Prov - Ilocos Sur via Kayan Rd, Tadian, Mountain Province, Philippines","business_status":"OPERATIONAL","rating":null,"user_rating_count":null,"barangay_slug":"balaoa","barangay_name":"Balaoa"},"geometry":{"type":"Point","coordinates":[120.8355854,16.9971228]}},{"type":"Feature","properties":{"name":"Dbs Apartelle","kind":"tourism","kind_label":"Tourism","source":"google_places","google_place_id":"ChIJ3yhRSAArjjMRrDbS6oK7PpU","google_primary_type":"private_guest_room","google_primary_type_label":"Homestay","google_types":["private_guest_room","lodging","point_of_interest","establishment"],"google_maps_uri":"https://maps.google.com/?cid=10754239131167110828&g_mp=Cilnb29nbGUubWFwcy5wbGFjZXMudjEuUGxhY2VzLlNlYXJjaE5lYXJieRACGAQgAA","google_icon_mask_base_uri":"https://maps.gstatic.com/mapfiles/place_api/icons/v2/hotel_pinlet","google_icon_background_color":"#909CE1","formatted_address":"XRPV+8XH, Bauko, Mountain Province, Philippines","business_status":"OPERATIONAL","rating":null,"user_rating_count":null,"barangay_slug":"balaoa","barangay_name":"Balaoa"},"geometry":{"type":"Point","coordinates":[120.8449852,16.9858032]}},{"type":"Feature","properties":{"name":"HD Mountain Ville - Malupa","kind":"tourism","kind_label":"Tourism","source":"google_places","google_place_id":"ChIJ8XSw8kgrjjMRQWpaK9_0R5A","google_primary_type":"resort_hotel","google_primary_type_label":"Resort hotel","google_types":["resort_hotel","hotel","lodging","point_of_interest","establishment"],"google_maps_uri":"https://maps.google.com/?cid=10396547504150309441&g_mp=Cilnb29nbGUubWFwcy5wbGFjZXMudjEuUGxhY2VzLlNlYXJjaE5lYXJieRACGAQgAA","google_icon_mask_base_uri":"https://maps.gstatic.com/mapfiles/place_api/icons/v2/hotel_pinlet","google_icon_background_color":"#909CE1","formatted_address":"Mountain Ville, Malupa, Tadian, Mountain Province, Philippines","business_status":"OPERATIONAL","rating":null,"user_rating_count":null,"barangay_slug":"balaoa","barangay_name":"Balaoa"},"geometry":{"type":"Point","coordinates":[120.84684720000001,16.985177099999998]}},{"type":"Feature","properties":{"name":"Layaan Burial Cave","kind":"tourism","kind_label":"Tourism","source":"google_places","google_place_id":"ChIJR_hcg3ArjjMREbyBph_7Gq4","google_primary_type":"tourist_attraction","google_primary_type_label":"Tourist Attraction","google_types":["tourist_attraction","point_of_interest","establishment"],"google_maps_uri":"https://maps.google.com/?cid=12545615825350016017&g_mp=Cilnb29nbGUubWFwcy5wbGFjZXMudjEuUGxhY2VzLlNlYXJjaE5lYXJieRACGAQgAA","google_icon_mask_base_uri":"https://maps.gstatic.com/mapfiles/place_api/icons/v2/generic_pinlet","google_icon_background_color":"#13B5C7","formatted_address":"XVV2+CXJ, Poblacion (Bauko), Tadian, Mountain Province, Philippines","business_status":"OPERATIONAL","rating":5,"user_rating_count":2,"barangay_slug":"balaoa","barangay_name":"Balaoa"},"geometry":{"type":"Point","coordinates":[120.85240160000001,16.9935951]}},{"type":"Feature","properties":{"name":"Nicasio Hotel","kind":"tourism","kind_label":"Tourism","source":"google_places","google_place_id":"ChIJjyOh0SsrjjMR9h2t2-1ql2U","google_primary_type":"lodging","google_primary_type_label":"Lodging","google_types":["lodging","point_of_interest","establishment"],"google_maps_uri":"https://maps.google.com/?cid=7320437289139379702&g_mp=Cilnb29nbGUubWFwcy5wbGFjZXMudjEuUGxhY2VzLlNlYXJjaE5lYXJieRACGAQgAA","google_icon_mask_base_uri":"https://maps.gstatic.com/mapfiles/place_api/icons/v2/hotel_pinlet","google_icon_background_color":"#909CE1","formatted_address":"Sitio Malupa, Balaoa, Tadian, 2621 Mountain Province, Philippines","business_status":"OPERATIONAL","rating":4.5,"user_rating_count":2,"barangay_slug":"balaoa","barangay_name":"Balaoa"},"geometry":{"type":"Point","coordinates":[120.8427529,16.9859588]}},{"type":"Feature","properties":{"name":"JMR FUELS","kind":"transport","kind_label":"Transport","source":"google_places","google_place_id":"ChIJqxKCLwArjjMRd4iWYBpY9Gc","google_primary_type":"gas_station","google_primary_type_label":"Gas Station","google_types":["gas_station","point_of_interest","service","establishment"],"google_maps_uri":"https://maps.google.com/?cid=7490708950536849527&g_mp=Cilnb29nbGUubWFwcy5wbGFjZXMudjEuUGxhY2VzLlNlYXJjaE5lYXJieRACGAQgAA","google_icon_mask_base_uri":"https://maps.gstatic.com/mapfiles/place_api/icons/v2/gas_pinlet","google_icon_background_color":"#909CE1","formatted_address":"XRPW+3CQ, Tagudin - Cervantes - Sabangan Rd, Tadian, Mountain Province, Philippines","business_status":"OPERATIONAL","rating":null,"user_rating_count":null,"barangay_slug":"balaoa","barangay_name":"Balaoa"},"geometry":{"type":"Point","coordinates":[120.84612380000002,16.985472599999998]}},{"type":"Feature","properties":{"name":"RDA GAS","kind":"transport","kind_label":"Transport","source":"google_places","google_place_id":"ChIJ8zQTbXQrjjMRYDizOnooSxE","google_primary_type":null,"google_primary_type_label":null,"google_types":["gas_station","point_of_interest","service","establishment"],"google_maps_uri":"https://maps.google.com/?cid=1246134227334019168&g_mp=Cilnb29nbGUubWFwcy5wbGFjZXMudjEuUGxhY2VzLlNlYXJjaE5lYXJieRACGAQgAA","google_icon_mask_base_uri":"https://maps.gstatic.com/mapfiles/place_api/icons/v2/generic_pinlet","google_icon_background_color":"#7B9EB0","formatted_address":"Cabunagqn, Tadian, 2620 Mountain Province, Philippines","business_status":"OPERATIONAL","rating":null,"user_rating_count":null,"barangay_slug":"balaoa","barangay_name":"Balaoa"},"geometry":{"type":"Point","coordinates":[120.83463329999998,16.996155899999998]}},{"type":"Feature","properties":{"name":"Roman Catholic Church","kind":"worship","kind_label":"Worship","source":"google_places","google_place_id":"ChIJ1YbyJ2wqjjMRp1DYnNpbEm4","google_primary_type":"church","google_primary_type_label":"Church","google_types":["church","place_of_worship","association_or_organization","point_of_interest","establishment"],"google_maps_uri":"https://maps.google.com/?cid=7931502888245285031&g_mp=Cilnb29nbGUubWFwcy5wbGFjZXMudjEuUGxhY2VzLlNlYXJjaE5lYXJieRACGAQgAA","google_icon_mask_base_uri":"https://maps.gstatic.com/mapfiles/place_api/icons/v2/worship_christian_pinlet","google_icon_background_color":"#7B9EB0","formatted_address":"XRQM+324, Tadian, Mountain Province, Philippines","business_status":"OPERATIONAL","rating":null,"user_rating_count":null,"barangay_slug":"balaoa","barangay_name":"Balaoa"},"geometry":{"type":"Point","coordinates":[120.8325833,16.9876271]}},{"type":"Feature","properties":{"name":"St. Thomas' Church","kind":"worship","kind_label":"Worship","source":"google_places","google_place_id":"ChIJnceYIGwqjjMR7a_1MYjTGL0","google_primary_type":"church","google_primary_type_label":"Church","google_types":["church","place_of_worship","association_or_organization","point_of_interest","establishment"],"google_maps_uri":"https://maps.google.com/?cid=13625873254516633581&g_mp=Cilnb29nbGUubWFwcy5wbGFjZXMudjEuUGxhY2VzLlNlYXJjaE5lYXJieRACGAQgAA","google_icon_mask_base_uri":"https://maps.gstatic.com/mapfiles/place_api/icons/v2/worship_christian_pinlet","google_icon_background_color":"#7B9EB0","formatted_address":"Cervantes, Tadian Road, Tadian, Mountain Province, Philippines","business_status":"OPERATIONAL","rating":null,"user_rating_count":null,"barangay_slug":"balaoa","barangay_name":"Balaoa"},"geometry":{"type":"Point","coordinates":[120.8327038,16.988028]}},{"type":"Feature","properties":{"name":"United Church of Christ in the Philippines","kind":"worship","kind_label":"Worship","source":"google_places","google_place_id":"ChIJ04Onn24qjjMRvVGoh23dPz4","google_primary_type":"church","google_primary_type_label":"Church","google_types":["church","place_of_worship","association_or_organization","point_of_interest","establishment"],"google_maps_uri":"https://maps.google.com/?cid=4485547216381432253&g_mp=Cilnb29nbGUubWFwcy5wbGFjZXMudjEuUGxhY2VzLlNlYXJjaE5lYXJieRACGAQgAA","google_icon_mask_base_uri":"https://maps.gstatic.com/mapfiles/place_api/icons/v2/worship_christian_pinlet","google_icon_background_color":"#7B9EB0","formatted_address":"XRQM+64G, Cervantes - Tadian Rd, Tadian, Mountain Province, Philippines","business_status":"OPERATIONAL","rating":null,"user_rating_count":null,"barangay_slug":"balaoa","barangay_name":"Balaoa"},"geometry":{"type":"Point","coordinates":[120.8328432,16.9880735]}},{"type":"Feature","properties":{"name":"Bana-ao Elementary School","kind":"school","kind_label":"School","source":"google_places","google_place_id":"ChIJlZegJTTUkTMRuaelQWNEA44","google_primary_type":"primary_school","google_primary_type_label":"Elementary School","google_types":["primary_school","school","educational_institution","point_of_interest","establishment"],"google_maps_uri":"https://maps.google.com/?cid=10233097971409725369&g_mp=Cilnb29nbGUubWFwcy5wbGFjZXMudjEuUGxhY2VzLlNlYXJjaE5lYXJieRACGAQgAA","google_icon_mask_base_uri":"https://maps.gstatic.com/mapfiles/place_api/icons/v2/school_pinlet","google_icon_background_color":"#7B9EB0","formatted_address":"WRHF+979, Tadian, Mountain Province, Philippines","business_status":"OPERATIONAL","rating":null,"user_rating_count":null,"barangay_slug":"banaao","barangay_name":"Banaao"},"geometry":{"type":"Point","coordinates":[120.8232272,16.928421399999998]}},{"type":"Feature","properties":{"name":"Mogao Splash","kind":"tourism","kind_label":"Tourism","source":"google_places","google_place_id":"ChIJMTYTtKfVkTMROIFzdR5nP8E","google_primary_type":"swimming_pool","google_primary_type_label":"Swimming Pool","google_types":["swimming_pool","sports_activity_location","point_of_interest","establishment"],"google_maps_uri":"https://maps.google.com/?cid=13924961953370046776&g_mp=Cilnb29nbGUubWFwcy5wbGFjZXMudjEuUGxhY2VzLlNlYXJjaE5lYXJieRACGAQgAA","google_icon_mask_base_uri":"https://maps.gstatic.com/mapfiles/place_api/icons/v2/generic_pinlet","google_icon_background_color":"#7B9EB0","formatted_address":"Taepey, Banaao, Tadian, 2620 Mountain Province, Philippines","business_status":"OPERATIONAL","rating":5,"user_rating_count":1,"barangay_slug":"banaao","barangay_name":"Banaao"},"geometry":{"type":"Point","coordinates":[120.82541010000001,16.9409542]}},{"type":"Feature","properties":{"name":"Bantey Elementary School","kind":"school","kind_label":"School","source":"google_places","google_place_id":"ChIJKSHzKY4rjjMRk4sordLLlpc","google_primary_type":"school","google_primary_type_label":"School","google_types":["school","educational_institution","point_of_interest","establishment"],"google_maps_uri":"https://maps.google.com/?cid=10923142051942402963&g_mp=Cilnb29nbGUubWFwcy5wbGFjZXMudjEuUGxhY2VzLlNlYXJjaE5lYXJieRACGAQgAA","google_icon_mask_base_uri":"https://maps.gstatic.com/mapfiles/place_api/icons/v2/school_pinlet","google_icon_background_color":"#7B9EB0","formatted_address":"2RWP+V36, Tadian, Mountain Province, Philippines","business_status":"OPERATIONAL","rating":null,"user_rating_count":null,"barangay_slug":"bantey","barangay_name":"Bantey"},"geometry":{"type":"Point","coordinates":[120.8351418,17.0471677]}},{"type":"Feature","properties":{"name":"Mount malubo","kind":"tourism","kind_label":"Tourism","source":"google_places","google_place_id":"ChIJtWUoNQAtjjMRfFWk52Q5bXo","google_primary_type":"hiking_area","google_primary_type_label":"Hiking Area","google_types":["hiking_area","sports_activity_location","point_of_interest","establishment"],"google_maps_uri":"https://maps.google.com/?cid=8821770350634489212&g_mp=Cilnb29nbGUubWFwcy5wbGFjZXMudjEuUGxhY2VzLlNlYXJjaE5lYXJieRACGAQgAA","google_icon_mask_base_uri":"https://maps.gstatic.com/mapfiles/place_api/icons/v2/hiking_pinlet","google_icon_background_color":"#4DB546","formatted_address":"3V44+76, Tadian, Mountain Province, Philippines","business_status":"OPERATIONAL","rating":null,"user_rating_count":null,"barangay_slug":"bantey","barangay_name":"Bantey"},"geometry":{"type":"Point","coordinates":[120.85553999999999,17.055681]}},{"type":"Feature","properties":{"name":"Mt. Ag-aging","kind":"tourism","kind_label":"Tourism","source":"google_places","google_place_id":"ChIJ81oaRwArjjMRXQ9RKDdnsXc","google_primary_type":"hiking_area","google_primary_type_label":"Hiking Area","google_types":["hiking_area","sports_activity_location","point_of_interest","establishment"],"google_maps_uri":"https://maps.google.com/?cid=8624788247988473693&g_mp=Cilnb29nbGUubWFwcy5wbGFjZXMudjEuUGxhY2VzLlNlYXJjaE5lYXJieRACGAQgAA","google_icon_mask_base_uri":"https://maps.gstatic.com/mapfiles/place_api/icons/v2/hiking_pinlet","google_icon_background_color":"#4DB546","formatted_address":"3R6M+MXC, Tadian, Mountain Province, Philippines","business_status":"OPERATIONAL","rating":null,"user_rating_count":null,"barangay_slug":"bantey","barangay_name":"Bantey"},"geometry":{"type":"Point","coordinates":[120.8348988,17.0616925]}},{"type":"Feature","properties":{"name":"Mt. Patang","kind":"tourism","kind_label":"Tourism","source":"google_places","google_place_id":"ChIJo2u4A6QtjjMRWHMgAKAN6B8","google_primary_type":"hiking_area","google_primary_type_label":"Hiking Area","google_types":["hiking_area","sports_activity_location","point_of_interest","establishment"],"google_maps_uri":"https://maps.google.com/?cid=2299102590620693336&g_mp=Cilnb29nbGUubWFwcy5wbGFjZXMudjEuUGxhY2VzLlNlYXJjaE5lYXJieRACGAQgAA","google_icon_mask_base_uri":"https://maps.gstatic.com/mapfiles/place_api/icons/v2/hiking_pinlet","google_icon_background_color":"#4DB546","formatted_address":"3R6M+MWM, Tadian, Mountain Province, Philippines","business_status":"OPERATIONAL","rating":null,"user_rating_count":null,"barangay_slug":"bantey","barangay_name":"Bantey"},"geometry":{"type":"Point","coordinates":[120.83479489999999,17.061719999999998]}},{"type":"Feature","properties":{"name":"Mt. Tiningdanan","kind":"tourism","kind_label":"Tourism","source":"google_places","google_place_id":"ChIJqfO4HEQtjjMRJKSTUFp1Mnc","google_primary_type":"hiking_area","google_primary_type_label":"Hiking Area","google_types":["hiking_area","sports_activity_location","point_of_interest","establishment"],"google_maps_uri":"https://maps.google.com/?cid=8589056470108316708&g_mp=Cilnb29nbGUubWFwcy5wbGFjZXMudjEuUGxhY2VzLlNlYXJjaE5lYXJieRACGAQgAA","google_icon_mask_base_uri":"https://maps.gstatic.com/mapfiles/place_api/icons/v2/hiking_pinlet","google_icon_background_color":"#4DB546","formatted_address":"3V43+2J4, Tadian, Mountain Province, Philippines","business_status":"OPERATIONAL","rating":null,"user_rating_count":null,"barangay_slug":"bantey","barangay_name":"Bantey"},"geometry":{"type":"Point","coordinates":[120.85407810000001,17.0550125]}},{"type":"Feature","properties":{"name":"Batayan","kind":"business","kind_label":"Business","source":"google_places","google_place_id":"ChIJo7li7vArjjMRGEXao03DKrQ","google_primary_type":null,"google_primary_type_label":null,"google_types":["sublocality_level_2","sublocality","political"],"google_maps_uri":"https://maps.google.com/?cid=12982403614077764888&g_mp=Cidnb29nbGUubWFwcy5wbGFjZXMudjEuUGxhY2VzLlNlYXJjaFRleHQQAhgEIAA","google_icon_mask_base_uri":"https://maps.gstatic.com/mapfiles/place_api/icons/v2/generic_pinlet","google_icon_background_color":"#7B9EB0","formatted_address":"Batayan, Tadian, Mountain Province, Philippines","business_status":null,"rating":null,"user_rating_count":null,"barangay_slug":"batayan","barangay_name":"Batayan"},"geometry":{"type":"Point","coordinates":[120.8183077,17.052498099999998]}},{"type":"Feature","properties":{"name":"Batayan-Bantey Rice Terraces","kind":"business","kind_label":"Business","source":"google_places","google_place_id":"ChIJNwl0NZArjjMRlPOPBNdfio8","google_primary_type":"natural_feature","google_primary_type_label":"Natural Feature","google_types":["natural_feature","establishment"],"google_maps_uri":"https://maps.google.com/?cid=10343184871308915604&g_mp=Cidnb29nbGUubWFwcy5wbGFjZXMudjEuUGxhY2VzLlNlYXJjaFRleHQQAhgEIAA","google_icon_mask_base_uri":"https://maps.gstatic.com/mapfiles/place_api/icons/v2/generic_pinlet","google_icon_background_color":"#7B9EB0","formatted_address":"Batayan-Bantey Rice Terraces, Tadian, Mountain Province, Philippines","business_status":null,"rating":3,"user_rating_count":1,"barangay_slug":"batayan","barangay_name":"Batayan"},"geometry":{"type":"Point","coordinates":[120.8348199,17.0451273]}},{"type":"Feature","properties":{"name":"Batayan Elementary School","kind":"school","kind_label":"School","source":"google_places","google_place_id":"ChIJf0BjDwArjjMRQiMb99YMUac","google_primary_type":"primary_school","google_primary_type_label":"Elementary School","google_types":["primary_school","school","educational_institution","point_of_interest","establishment"],"google_maps_uri":"https://maps.google.com/?cid=12056431794855813954&g_mp=Cilnb29nbGUubWFwcy5wbGFjZXMudjEuUGxhY2VzLlNlYXJjaE5lYXJieRACGAQgAA","google_icon_mask_base_uri":"https://maps.gstatic.com/mapfiles/place_api/icons/v2/school_pinlet","google_icon_background_color":"#7B9EB0","formatted_address":"2RWJ+MFV, Batayan, Tadian, Mountain Province, Philippines","business_status":"OPERATIONAL","rating":null,"user_rating_count":null,"barangay_slug":"batayan","barangay_name":"Batayan"},"geometry":{"type":"Point","coordinates":[120.83118560000001,17.0467479]}},{"type":"Feature","properties":{"name":"Frog Stone","kind":"tourism","kind_label":"Tourism","source":"google_places","google_place_id":"ChIJGfZaBgArjjMRx3Nk1cZhdJM","google_primary_type":"tourist_attraction","google_primary_type_label":"Tourist Attraction","google_types":["tourist_attraction","point_of_interest","establishment"],"google_maps_uri":"https://maps.google.com/?cid=10625224927485391815&g_mp=Cilnb29nbGUubWFwcy5wbGFjZXMudjEuUGxhY2VzLlNlYXJjaE5lYXJieRACGAQgAA","google_icon_mask_base_uri":"https://maps.gstatic.com/mapfiles/place_api/icons/v2/generic_pinlet","google_icon_background_color":"#13B5C7","formatted_address":"2RVH+RVF, Tadian, Mountain Province, Philippines","business_status":"OPERATIONAL","rating":null,"user_rating_count":null,"barangay_slug":"batayan","barangay_name":"Batayan"},"geometry":{"type":"Point","coordinates":[120.82967049999999,17.0445705]}},{"type":"Feature","properties":{"name":"Taraki Fuel Station","kind":"transport","kind_label":"Transport","source":"google_places","google_place_id":"ChIJZTwPAAArjjMRds2Hf_H3C9o","google_primary_type":"gas_station","google_primary_type_label":"Gas Station","google_types":["gas_station","service","point_of_interest","establishment"],"google_maps_uri":"https://maps.google.com/?cid=15711924341610892662&g_mp=Cilnb29nbGUubWFwcy5wbGFjZXMudjEuUGxhY2VzLlNlYXJjaE5lYXJieRACGAQgAA","google_icon_mask_base_uri":"https://maps.gstatic.com/mapfiles/place_api/icons/v2/gas_pinlet","google_icon_background_color":"#909CE1","formatted_address":"2RXH+934, Bantey Rd, Tadian, Mountain Province, Philippines","business_status":"OPERATIONAL","rating":null,"user_rating_count":null,"barangay_slug":"batayan","barangay_name":"Batayan"},"geometry":{"type":"Point","coordinates":[120.827693,17.0483984]}},{"type":"Feature","properties":{"name":"Holy Innocents Church","kind":"worship","kind_label":"Worship","source":"google_places","google_place_id":"ChIJ09v7jxErjjMRgsaHgrgEvDY","google_primary_type":"church","google_primary_type_label":"Church","google_types":["church","place_of_worship","association_or_organization","point_of_interest","establishment"],"google_maps_uri":"https://maps.google.com/?cid=3944032564180141698&g_mp=Cilnb29nbGUubWFwcy5wbGFjZXMudjEuUGxhY2VzLlNlYXJjaE5lYXJieRACGAQgAA","google_icon_mask_base_uri":"https://maps.gstatic.com/mapfiles/place_api/icons/v2/worship_christian_pinlet","google_icon_background_color":"#7B9EB0","formatted_address":"2RWJ+RV4, Tadian, Mountain Province, Philippines","business_status":"OPERATIONAL","rating":null,"user_rating_count":null,"barangay_slug":"batayan","barangay_name":"Batayan"},"geometry":{"type":"Point","coordinates":[120.83219129999999,17.0470093]}},{"type":"Feature","properties":{"name":"Elementary School Compound","kind":"business","kind_label":"Business","source":"google_places","google_place_id":"ChIJjd9s_b8pjjMRKt9Ry6lduK4","google_primary_type":null,"google_primary_type_label":null,"google_types":["premise","street_address"],"google_maps_uri":"https://maps.google.com/?cid=12589915742156218154&g_mp=Cidnb29nbGUubWFwcy5wbGFjZXMudjEuUGxhY2VzLlNlYXJjaFRleHQQAhgEIAA","google_icon_mask_base_uri":"https://maps.gstatic.com/mapfiles/place_api/icons/v2/generic_pinlet","google_icon_background_color":"#7B9EB0","formatted_address":"Elementary School Compound, Tadian, Mountain Province, Philippines","business_status":null,"rating":null,"user_rating_count":null,"barangay_slug":"bunga","barangay_name":"Bunga"},"geometry":{"type":"Point","coordinates":[120.78083290000001,17.0039764]}},{"type":"Feature","properties":{"name":"JaceRussel","kind":"business","kind_label":"Business","source":"google_places","google_place_id":"ChIJcdeJYS8pjjMR6PLjC9qmHBY","google_primary_type":"market","google_primary_type_label":"Market","google_types":["market","point_of_interest","establishment"],"google_maps_uri":"https://maps.google.com/?cid=1593331823614882536&g_mp=Cidnb29nbGUubWFwcy5wbGFjZXMudjEuUGxhY2VzLlNlYXJjaFRleHQQAhgEIAA","google_icon_mask_base_uri":"https://maps.gstatic.com/mapfiles/place_api/icons/v2/shopping_pinlet","google_icon_background_color":"#4B96F3","formatted_address":"Indap-o, Gayang, Bunga, Tadian, 2620 Mountain Province, Philippines","business_status":"OPERATIONAL","rating":null,"user_rating_count":null,"barangay_slug":"bunga","barangay_name":"Bunga"},"geometry":{"type":"Point","coordinates":[120.79533049999999,17.003659499999998]}},{"type":"Feature","properties":{"name":"Pideng","kind":"tourism","kind_label":"Tourism","source":"google_places","google_place_id":"ChIJXfnNFQArjjMR7nWe3DTrE4A","google_primary_type":"hiking_area","google_primary_type_label":"Hiking Area","google_types":["hiking_area","sports_activity_location","point_of_interest","establishment"],"google_maps_uri":"https://maps.google.com/?cid=9228978673684477422&g_mp=Cilnb29nbGUubWFwcy5wbGFjZXMudjEuUGxhY2VzLlNlYXJjaE5lYXJieRACGAQgAA","google_icon_mask_base_uri":"https://maps.gstatic.com/mapfiles/place_api/icons/v2/hiking_pinlet","google_icon_background_color":"#4DB546","formatted_address":"XRX3+C47, Poblacion, Tadian, Mountain Province, Philippines","business_status":"OPERATIONAL","rating":5,"user_rating_count":1,"barangay_slug":"bunga","barangay_name":"Bunga"},"geometry":{"type":"Point","coordinates":[120.8028058,16.9985447]}},{"type":"Feature","properties":{"name":"High Crest Bible Baptist Church Mission","kind":"worship","kind_label":"Worship","source":"google_places","google_place_id":"ChIJr2491PIpjjMR6trpij4b2F4","google_primary_type":"church","google_primary_type_label":"Church","google_types":["church","place_of_worship","association_or_organization","point_of_interest","establishment"],"google_maps_uri":"https://maps.google.com/?cid=6834242389967231722&g_mp=Cilnb29nbGUubWFwcy5wbGFjZXMudjEuUGxhY2VzLlNlYXJjaE5lYXJieRACGAQgAA","google_icon_mask_base_uri":"https://maps.gstatic.com/mapfiles/place_api/icons/v2/worship_christian_pinlet","google_icon_background_color":"#7B9EB0","formatted_address":"Namontocan, XQXJ+6QW, Tadian, Mountain Province, Philippines","business_status":"OPERATIONAL","rating":null,"user_rating_count":null,"barangay_slug":"bunga","barangay_name":"Bunga"},"geometry":{"type":"Point","coordinates":[120.78194429999999,16.998118599999998]}},{"type":"Feature","properties":{"name":"Baangan-Escapade Snack House","kind":"business","kind_label":"Business","source":"google_places","google_place_id":"ChIJGQpbyOTVkTMRl0umIUviMY4","google_primary_type":"restaurant","google_primary_type_label":"Restaurant","google_types":["restaurant","point_of_interest","food","establishment"],"google_maps_uri":"https://maps.google.com/?cid=10246219439559560087&g_mp=Cilnb29nbGUubWFwcy5wbGFjZXMudjEuUGxhY2VzLlNlYXJjaE5lYXJieRACGAQgAA","google_icon_mask_base_uri":"https://maps.gstatic.com/mapfiles/place_api/icons/v2/restaurant_pinlet","google_icon_background_color":"#FF9E67","formatted_address":"WR3W+CHJ, Tadian, Mountain Province, Philippines","business_status":"OPERATIONAL","rating":5,"user_rating_count":3,"barangay_slug":"cadad-anan","barangay_name":"Cadad-anan"},"geometry":{"type":"Point","coordinates":[120.84640350000001,16.903596399999998]}},{"type":"Feature","properties":{"name":"Cadad-anan","kind":"business","kind_label":"Business","source":"google_places","google_place_id":"ChIJgXzdR_vUkTMRfLBy-5L344A","google_primary_type":null,"google_primary_type_label":null,"google_types":["sublocality_level_2","sublocality","political"],"google_maps_uri":"https://maps.google.com/?cid=9287539067223978108&g_mp=Cidnb29nbGUubWFwcy5wbGFjZXMudjEuUGxhY2VzLlNlYXJjaFRleHQQAhgEIAA","google_icon_mask_base_uri":"https://maps.gstatic.com/mapfiles/place_api/icons/v2/generic_pinlet","google_icon_background_color":"#7B9EB0","formatted_address":"Cadad-anan, Tadian, Mountain Province, Philippines","business_status":null,"rating":null,"user_rating_count":null,"barangay_slug":"cadad-anan","barangay_name":"Cadad-anan"},"geometry":{"type":"Point","coordinates":[120.844152,16.9139262]}},{"type":"Feature","properties":{"name":"Kayan, Tadian, Mt. Province","kind":"business","kind_label":"Business","source":"google_places","google_place_id":"ChIJHaWMWQDVkTMRYiY3O5n3wcc","google_primary_type":"housing_complex","google_primary_type_label":"Housing Complex","google_types":["housing_complex","point_of_interest","service","establishment"],"google_maps_uri":"https://maps.google.com/?cid=14394058121548342882&g_mp=Cidnb29nbGUubWFwcy5wbGFjZXMudjEuUGxhY2VzLlNlYXJjaFRleHQQAhgEIAA","google_icon_mask_base_uri":"https://maps.gstatic.com/mapfiles/place_api/icons/v2/generic_pinlet","google_icon_background_color":"#7B9EB0","formatted_address":"WR8R+X3, Tadian, Mountain Province, Philippines","business_status":"OPERATIONAL","rating":null,"user_rating_count":null,"barangay_slug":"cadad-anan","barangay_name":"Cadad-anan"},"geometry":{"type":"Point","coordinates":[120.840228,16.917447]}},{"type":"Feature","properties":{"name":"PILINGEN'S SNACK HOUSE","kind":"market","kind_label":"Market","source":"google_places","google_place_id":"ChIJSYsItcvVkTMRt8IeJfzKe50","google_primary_type":"coffee_shop","google_primary_type_label":"Coffee Shop","google_types":["coffee_shop","cafe","food_store","store","point_of_interest","food","establishment"],"google_maps_uri":"https://maps.google.com/?cid=11347886870393438903&g_mp=Cilnb29nbGUubWFwcy5wbGFjZXMudjEuUGxhY2VzLlNlYXJjaE5lYXJieRACGAQgAA","google_icon_mask_base_uri":"https://maps.gstatic.com/mapfiles/place_api/icons/v2/cafe_pinlet","google_icon_background_color":"#FF9E67","formatted_address":"WR4P+X96 Am-am, Balili, Mankayan, Benguet, Philippines","business_status":"OPERATIONAL","rating":null,"user_rating_count":null,"barangay_slug":"cadad-anan","barangay_name":"Cadad-anan"},"geometry":{"type":"Point","coordinates":[120.83587800000001,16.9074183]}},{"type":"Feature","properties":{"name":"Am-am National High School","kind":"school","kind_label":"School","source":"google_places","google_place_id":"ChIJF6CDAmfUkTMRII72lyc62-0","google_primary_type":"secondary_school","google_primary_type_label":"High school","google_types":["secondary_school","school","educational_institution","point_of_interest","establishment"],"google_maps_uri":"https://maps.google.com/?cid=17139356748616207904&g_mp=Cilnb29nbGUubWFwcy5wbGFjZXMudjEuUGxhY2VzLlNlYXJjaE5lYXJieRACGAQgAA","google_icon_mask_base_uri":"https://maps.gstatic.com/mapfiles/place_api/icons/v2/school_pinlet","google_icon_background_color":"#7B9EB0","formatted_address":"WR4R+HPH, Tadian, Mountain Province, Philippines","business_status":"OPERATIONAL","rating":null,"user_rating_count":null,"barangay_slug":"cadad-anan","barangay_name":"Cadad-anan"},"geometry":{"type":"Point","coordinates":[120.84185240000001,16.9064296]}},{"type":"Feature","properties":{"name":"Baangan Escapade","kind":"tourism","kind_label":"Tourism","source":"google_places","google_place_id":"ChIJrXJx48rVkTMRgGvgSwRL_7Q","google_primary_type":"park","google_primary_type_label":"Park","google_types":["park","point_of_interest","establishment"],"google_maps_uri":"https://maps.google.com/?cid=13042225527713196928&g_mp=Cilnb29nbGUubWFwcy5wbGFjZXMudjEuUGxhY2VzLlNlYXJjaE5lYXJieRACGAQgAA","google_icon_mask_base_uri":"https://maps.gstatic.com/mapfiles/place_api/icons/v2/tree_pinlet","google_icon_background_color":"#4DB546","formatted_address":"Am-am Barangay Rd, Tadian, Mountain Province, Philippines","business_status":"OPERATIONAL","rating":4.8,"user_rating_count":11,"barangay_slug":"cadad-anan","barangay_name":"Cadad-anan"},"geometry":{"type":"Point","coordinates":[120.84384600000001,16.9054023]}},{"type":"Feature","properties":{"name":"Enudey Water Falls","kind":"tourism","kind_label":"Tourism","source":"google_places","google_place_id":"ChIJu31_fGHUkTMRporUzrhSkeg","google_primary_type":"tourist_attraction","google_primary_type_label":"Tourist Attraction","google_types":["tourist_attraction","point_of_interest","establishment"],"google_maps_uri":"https://maps.google.com/?cid=16758266642119821990&g_mp=Cilnb29nbGUubWFwcy5wbGFjZXMudjEuUGxhY2VzLlNlYXJjaE5lYXJieRACGAQgAA","google_icon_mask_base_uri":"https://maps.gstatic.com/mapfiles/place_api/icons/v2/generic_pinlet","google_icon_background_color":"#13B5C7","formatted_address":"WR3W+CRP, Tadian, Mountain Province, Philippines","business_status":"OPERATIONAL","rating":5,"user_rating_count":5,"barangay_slug":"cadad-anan","barangay_name":"Cadad-anan"},"geometry":{"type":"Point","coordinates":[120.8470666,16.9035759]}},{"type":"Feature","properties":{"name":"Cagubatan","kind":"business","kind_label":"Business","source":"google_places","google_place_id":"ChIJHVyn_vzVkTMRDU0kZFNTu_4","google_primary_type":"store","google_primary_type_label":"Store","google_types":["store","point_of_interest","establishment"],"google_maps_uri":"https://maps.google.com/?cid=18355356323906080013&g_mp=Cilnb29nbGUubWFwcy5wbGFjZXMudjEuUGxhY2VzLlNlYXJjaE5lYXJieRACGAQgAA","google_icon_mask_base_uri":"https://maps.gstatic.com/mapfiles/place_api/icons/v2/shopping_pinlet","google_icon_background_color":"#4B96F3","formatted_address":"WRWF+PWJ, Cagubatan, Tadian, Mountain Province, Philippines","business_status":"OPERATIONAL","rating":null,"user_rating_count":null,"barangay_slug":"cagubatan","barangay_name":"Cagubatan"},"geometry":{"type":"Point","coordinates":[120.8247532,16.9468377]}},{"type":"Feature","properties":{"name":"Cagubatan","kind":"business","kind_label":"Business","source":"google_places","google_place_id":"ChIJJzwPHcbVkTMRKoCRGSREPPY","google_primary_type":null,"google_primary_type_label":null,"google_types":["sublocality_level_2","sublocality","political"],"google_maps_uri":"https://maps.google.com/?cid=17743131553771388970&g_mp=Cidnb29nbGUubWFwcy5wbGFjZXMudjEuUGxhY2VzLlNlYXJjaFRleHQQAhgEIAA","google_icon_mask_base_uri":"https://maps.gstatic.com/mapfiles/place_api/icons/v2/generic_pinlet","google_icon_background_color":"#7B9EB0","formatted_address":"Cagubatan, Tadian, Mountain Province, Philippines","business_status":null,"rating":null,"user_rating_count":null,"barangay_slug":"cagubatan","barangay_name":"Cagubatan"},"geometry":{"type":"Point","coordinates":[120.8240513,16.9514829]}},{"type":"Feature","properties":{"name":"Cagubatan Ginawang","kind":"business","kind_label":"Business","source":"google_places","google_place_id":"ChIJhTbhYwDVkTMRTCQEG7hPvWg","google_primary_type":"community_center","google_primary_type_label":"Community Center","google_types":["community_center","event_venue","point_of_interest","service","establishment"],"google_maps_uri":"https://maps.google.com/?cid=7547276202688652364&g_mp=Cidnb29nbGUubWFwcy5wbGFjZXMudjEuUGxhY2VzLlNlYXJjaFRleHQQAhgEIAA","google_icon_mask_base_uri":"https://maps.gstatic.com/mapfiles/place_api/icons/v2/generic_pinlet","google_icon_background_color":"#7B9EB0","formatted_address":"WRWG+P43, Cagubatan-Bana-ao Rd, Tadian, Mountain Province, Philippines","business_status":"OPERATIONAL","rating":null,"user_rating_count":null,"barangay_slug":"cagubatan","barangay_name":"Cagubatan"},"geometry":{"type":"Point","coordinates":[120.8253062,16.9467516]}},{"type":"Feature","properties":{"name":"Cagubatan Elementary School","kind":"school","kind_label":"School","source":"google_places","google_place_id":"ChIJBUUkxMfVkTMRO4D6QFamQw0","google_primary_type":"primary_school","google_primary_type_label":"Elementary School","google_types":["primary_school","school","educational_institution","point_of_interest","establishment"],"google_maps_uri":"https://maps.google.com/?cid=955790435320234043&g_mp=Cilnb29nbGUubWFwcy5wbGFjZXMudjEuUGxhY2VzLlNlYXJjaE5lYXJieRACGAQgAA","google_icon_mask_base_uri":"https://maps.gstatic.com/mapfiles/place_api/icons/v2/school_pinlet","google_icon_background_color":"#7B9EB0","formatted_address":"WRVF+QX8, Tadian, Mountain Province, Philippines","business_status":"OPERATIONAL","rating":null,"user_rating_count":null,"barangay_slug":"cagubatan","barangay_name":"Cagubatan"},"geometry":{"type":"Point","coordinates":[120.824968,16.9444046]}},{"type":"Feature","properties":{"name":"Cagubatan Enchanted Eel","kind":"tourism","kind_label":"Tourism","source":"google_places","google_place_id":"ChIJdWjVFMDVkTMRcxPGOsFA344","google_primary_type":"tourist_attraction","google_primary_type_label":"Tourist Attraction","google_types":["tourist_attraction","point_of_interest","establishment"],"google_maps_uri":"https://maps.google.com/?cid=10295018471851168627&g_mp=Cilnb29nbGUubWFwcy5wbGFjZXMudjEuUGxhY2VzLlNlYXJjaE5lYXJieRACGAQgAA","google_icon_mask_base_uri":"https://maps.gstatic.com/mapfiles/place_api/icons/v2/generic_pinlet","google_icon_background_color":"#13B5C7","formatted_address":"WRWF+FM6, Tadian, Mountain Province, Philippines","business_status":"OPERATIONAL","rating":4.8,"user_rating_count":8,"barangay_slug":"cagubatan","barangay_name":"Cagubatan"},"geometry":{"type":"Point","coordinates":[120.8241448,16.946154099999998]}},{"type":"Feature","properties":{"name":"Mt. Mogao","kind":"tourism","kind_label":"Tourism","source":"google_places","google_place_id":"ChIJVU_5ZgDVkTMRb1Htur6tJjI","google_primary_type":"hiking_area","google_primary_type_label":"Hiking Area","google_types":["hiking_area","sports_activity_location","point_of_interest","establishment"],"google_maps_uri":"https://maps.google.com/?cid=3613766785702908271&g_mp=Cilnb29nbGUubWFwcy5wbGFjZXMudjEuUGxhY2VzLlNlYXJjaE5lYXJieRACGAQgAA","google_icon_mask_base_uri":"https://maps.gstatic.com/mapfiles/place_api/icons/v2/hiking_pinlet","google_icon_background_color":"#4DB546","formatted_address":"WRWJ+CRP, Cagubatan, Tadian, Mountain Province, Philippines","business_status":"OPERATIONAL","rating":5,"user_rating_count":4,"barangay_slug":"cagubatan","barangay_name":"Cagubatan"},"geometry":{"type":"Point","coordinates":[120.8320636,16.946095]}},{"type":"Feature","properties":{"name":"D'Sunnyside Fuel Station","kind":"transport","kind_label":"Transport","source":"google_places","google_place_id":"ChIJy1D0MgDVkTMRQfNFsORGBeo","google_primary_type":"gas_station","google_primary_type_label":"Gas Station","google_types":["gas_station","service","point_of_interest","establishment"],"google_maps_uri":"https://maps.google.com/?cid=16862962327782552385&g_mp=Cilnb29nbGUubWFwcy5wbGFjZXMudjEuUGxhY2VzLlNlYXJjaE5lYXJieRACGAQgAA","google_icon_mask_base_uri":"https://maps.gstatic.com/mapfiles/place_api/icons/v2/gas_pinlet","google_icon_background_color":"#909CE1","formatted_address":"Cagubatan Rd, Tadian, Mountain Province, Philippines","business_status":"OPERATIONAL","rating":null,"user_rating_count":null,"barangay_slug":"cagubatan","barangay_name":"Cagubatan"},"geometry":{"type":"Point","coordinates":[120.82767599999998,16.948702600000004]}},{"type":"Feature","properties":{"name":"Roman Catholic Church","kind":"worship","kind_label":"Worship","source":"google_places","google_place_id":"ChIJeb-QFsfVkTMRqL50GTqpUPg","google_primary_type":"church","google_primary_type_label":"Church","google_types":["church","place_of_worship","association_or_organization","point_of_interest","establishment"],"google_maps_uri":"https://maps.google.com/?cid=17892987386543259304&g_mp=Cilnb29nbGUubWFwcy5wbGFjZXMudjEuUGxhY2VzLlNlYXJjaE5lYXJieRACGAQgAA","google_icon_mask_base_uri":"https://maps.gstatic.com/mapfiles/place_api/icons/v2/worship_christian_pinlet","google_icon_background_color":"#7B9EB0","formatted_address":"WRWG+V27, Tadian, Mountain Province, Philippines","business_status":"OPERATIONAL","rating":5,"user_rating_count":1,"barangay_slug":"cagubatan","barangay_name":"Cagubatan"},"geometry":{"type":"Point","coordinates":[120.8250337,16.947152]}},{"type":"Feature","properties":{"name":"St. Francis Episcopal Church","kind":"worship","kind_label":"Worship","source":"google_places","google_place_id":"ChIJD_0gScfVkTMRg5AQFaqmew0","google_primary_type":"church","google_primary_type_label":"Church","google_types":["church","place_of_worship","association_or_organization","point_of_interest","establishment"],"google_maps_uri":"https://maps.google.com/?cid=971553394056532099&g_mp=Cilnb29nbGUubWFwcy5wbGFjZXMudjEuUGxhY2VzLlNlYXJjaE5lYXJieRACGAQgAA","google_icon_mask_base_uri":"https://maps.gstatic.com/mapfiles/place_api/icons/v2/worship_christian_pinlet","google_icon_background_color":"#7B9EB0","formatted_address":"WRXG+68J, Tadian, Mountain Province, Philippines","business_status":"OPERATIONAL","rating":1,"user_rating_count":1,"barangay_slug":"cagubatan","barangay_name":"Cagubatan"},"geometry":{"type":"Point","coordinates":[120.825767,16.948086099999998]}},{"type":"Feature","properties":{"name":"St. Francis of Assisi","kind":"worship","kind_label":"Worship","source":"google_places","google_place_id":"ChIJVZcQScfVkTMR4BH9Yh_WqR8","google_primary_type":"church","google_primary_type_label":"Church","google_types":["church","place_of_worship","association_or_organization","point_of_interest","establishment"],"google_maps_uri":"https://maps.google.com/?cid=2281590116532949472&g_mp=Cilnb29nbGUubWFwcy5wbGFjZXMudjEuUGxhY2VzLlNlYXJjaE5lYXJieRACGAQgAA","google_icon_mask_base_uri":"https://maps.gstatic.com/mapfiles/place_api/icons/v2/worship_christian_pinlet","google_icon_background_color":"#7B9EB0","formatted_address":"WRXG+67X, Tadian, Mountain Province, Philippines","business_status":"OPERATIONAL","rating":4,"user_rating_count":1,"barangay_slug":"cagubatan","barangay_name":"Cagubatan"},"geometry":{"type":"Point","coordinates":[120.82572700000001,16.948121999999998]}},{"type":"Feature","properties":{"name":"Sayapot Multipurpose Cooperative","kind":"business","kind_label":"Business","source":"google_places","google_place_id":"ChIJVVVVFRnUkTMR6ptJFjaf26M","google_primary_type":"bank","google_primary_type_label":"Bank","google_types":["bank","finance","point_of_interest","establishment"],"google_maps_uri":"https://maps.google.com/?cid=11807205902732860394&g_mp=Cilnb29nbGUubWFwcy5wbGFjZXMudjEuUGxhY2VzLlNlYXJjaE5lYXJieRACGAQgAA","google_icon_mask_base_uri":"https://maps.gstatic.com/mapfiles/place_api/icons/v2/bank-intl_pinlet","google_icon_background_color":"#909CE1","formatted_address":"WR66+3FJ, Tadian, 2620 Mountain Province, Philippines","business_status":"OPERATIONAL","rating":null,"user_rating_count":null,"barangay_slug":"dacudac","barangay_name":"Dacudac"},"geometry":{"type":"Point","coordinates":[120.81112780000001,16.9102006]}},{"type":"Feature","properties":{"name":"RGJC STORE","kind":"market","kind_label":"Market","source":"google_places","google_place_id":"ChIJNW12eQDVkTMRlS3QcBZdHYM","google_primary_type":"general_store","google_primary_type_label":"General Store","google_types":["general_store","food_store","food","point_of_interest","store","establishment"],"google_maps_uri":"https://maps.google.com/?cid=9447809944256523669&g_mp=Cilnb29nbGUubWFwcy5wbGFjZXMudjEuUGxhY2VzLlNlYXJjaE5lYXJieRACGAQgAA","google_icon_mask_base_uri":"https://maps.gstatic.com/mapfiles/place_api/icons/v2/shopping_pinlet","google_icon_background_color":"#4B96F3","formatted_address":"WR56+PFJ, Tadian, Mountain Province, Philippines","business_status":"OPERATIONAL","rating":null,"user_rating_count":null,"barangay_slug":"dacudac","barangay_name":"Dacudac"},"geometry":{"type":"Point","coordinates":[120.81152200000001,16.909672]}},{"type":"Feature","properties":{"name":"Dacudac National High School","kind":"school","kind_label":"School","source":"google_places","google_place_id":"ChIJBx-jqvLVkTMRsgzTZBpvXjs","google_primary_type":"secondary_school","google_primary_type_label":"High school","google_types":["secondary_school","school","educational_institution","point_of_interest","establishment"],"google_maps_uri":"https://maps.google.com/?cid=4277978855199935666&g_mp=Cilnb29nbGUubWFwcy5wbGFjZXMudjEuUGxhY2VzLlNlYXJjaE5lYXJieRACGAQgAA","google_icon_mask_base_uri":"https://maps.gstatic.com/mapfiles/place_api/icons/v2/school_pinlet","google_icon_background_color":"#7B9EB0","formatted_address":"WR66+36V, Tadian, Mountain Province, Philippines","business_status":"OPERATIONAL","rating":null,"user_rating_count":null,"barangay_slug":"dacudac","barangay_name":"Dacudac"},"geometry":{"type":"Point","coordinates":[120.81055,16.9102325]}},{"type":"Feature","properties":{"name":"Paytokan","kind":"tourism","kind_label":"Tourism","source":"google_places","google_place_id":"ChIJ_2pnAQDXkTMRBIid5d7ROSw","google_primary_type":"hiking_area","google_primary_type_label":"Hiking Area","google_types":["hiking_area","sports_activity_location","point_of_interest","establishment"],"google_maps_uri":"https://maps.google.com/?cid=3186808966606587908&g_mp=Cilnb29nbGUubWFwcy5wbGFjZXMudjEuUGxhY2VzLlNlYXJjaE5lYXJieRACGAQgAA","google_icon_mask_base_uri":"https://maps.gstatic.com/mapfiles/place_api/icons/v2/hiking_pinlet","google_icon_background_color":"#4DB546","formatted_address":"XQ6W+595, Tadian, Mountain Province, Philippines","business_status":"OPERATIONAL","rating":null,"user_rating_count":null,"barangay_slug":"dacudac","barangay_name":"Dacudac"},"geometry":{"type":"Point","coordinates":[120.79564939999997,16.9602225]}},{"type":"Feature","properties":{"name":"Red Soil View Point","kind":"tourism","kind_label":"Tourism","source":"google_places","google_place_id":"ChIJO-2nl3LXkTMR_gQ-pynVNnk","google_primary_type":"park","google_primary_type_label":"Park","google_types":["park","point_of_interest","establishment"],"google_maps_uri":"https://maps.google.com/?cid=8734402902207890686&g_mp=Cilnb29nbGUubWFwcy5wbGFjZXMudjEuUGxhY2VzLlNlYXJjaE5lYXJieRACGAQgAA","google_icon_mask_base_uri":"https://maps.gstatic.com/mapfiles/place_api/icons/v2/tree_pinlet","google_icon_background_color":"#4DB546","formatted_address":"WQHQ+QPP, Dacodac-Pilipil Rd, Tadian, Mountain Province, Philippines","business_status":"OPERATIONAL","rating":4.5,"user_rating_count":4,"barangay_slug":"dacudac","barangay_name":"Dacudac"},"geometry":{"type":"Point","coordinates":[120.78931829999999,16.9294738]}},{"type":"Feature","properties":{"name":"Mankayan Bible Baptist Mission - Dacudac Tadian","kind":"worship","kind_label":"Worship","source":"google_places","google_place_id":"ChIJL1j3cQDVkTMRgM28G_XJ1qA","google_primary_type":"church","google_primary_type_label":"Church","google_types":["church","place_of_worship","association_or_organization","point_of_interest","establishment"],"google_maps_uri":"https://maps.google.com/?cid=11589672745654078848&g_mp=Cilnb29nbGUubWFwcy5wbGFjZXMudjEuUGxhY2VzLlNlYXJjaE5lYXJieRACGAQgAA","google_icon_mask_base_uri":"https://maps.gstatic.com/mapfiles/place_api/icons/v2/worship_christian_pinlet","google_icon_background_color":"#7B9EB0","formatted_address":"WR56+GXR, Dacodac Barangay Rd, Tadian, Benguet, Philippines","business_status":"OPERATIONAL","rating":null,"user_rating_count":null,"barangay_slug":"dacudac","barangay_name":"Dacudac"},"geometry":{"type":"Point","coordinates":[120.8123844,16.9088603]}},{"type":"Feature","properties":{"name":"St. Andrew the Apostle Catholic Chapel","kind":"worship","kind_label":"Worship","source":"google_places","google_place_id":"ChIJTezDH1vVkTMRdc5W-RMF84s","google_primary_type":"church","google_primary_type_label":"Church","google_types":["church","place_of_worship","association_or_organization","point_of_interest","establishment"],"google_maps_uri":"https://maps.google.com/?cid=10084409573958405749&g_mp=Cilnb29nbGUubWFwcy5wbGFjZXMudjEuUGxhY2VzLlNlYXJjaE5lYXJieRACGAQgAA","google_icon_mask_base_uri":"https://maps.gstatic.com/mapfiles/place_api/icons/v2/worship_christian_pinlet","google_icon_background_color":"#7B9EB0","formatted_address":"WR66+FRQ, Dacodac Barangay Rd, Tadian, Mountain Province, Philippines","business_status":"OPERATIONAL","rating":5,"user_rating_count":3,"barangay_slug":"dacudac","barangay_name":"Dacudac"},"geometry":{"type":"Point","coordinates":[120.81210399999999,16.911212]}},{"type":"Feature","properties":{"name":"St. John the Evangelist Church","kind":"worship","kind_label":"Worship","source":"google_places","google_place_id":"ChIJoYibXZbWkTMRZcoeLl27hxU","google_primary_type":"church","google_primary_type_label":"Church","google_types":["church","place_of_worship","association_or_organization","point_of_interest","establishment"],"google_maps_uri":"https://maps.google.com/?cid=1551414605532547685&g_mp=Cilnb29nbGUubWFwcy5wbGFjZXMudjEuUGxhY2VzLlNlYXJjaE5lYXJieRACGAQgAA","google_icon_mask_base_uri":"https://maps.gstatic.com/mapfiles/place_api/icons/v2/worship_christian_pinlet","google_icon_background_color":"#7B9EB0","formatted_address":"WQCQ+27W, Tadian, Mountain Province, Philippines","business_status":"OPERATIONAL","rating":null,"user_rating_count":null,"barangay_slug":"dacudac","barangay_name":"Dacudac"},"geometry":{"type":"Point","coordinates":[120.7882082,16.9201125]}},{"type":"Feature","properties":{"name":"Duagan","kind":"business","kind_label":"Business","source":"google_places","google_place_id":"ChIJrd4PlqUrjjMRKBHYHNYu6po","google_primary_type":"point_of_interest","google_primary_type_label":"Point of interest","google_types":["point_of_interest","establishment"],"google_maps_uri":"https://maps.google.com/?cid=11162786123532996904&g_mp=Cidnb29nbGUubWFwcy5wbGFjZXMudjEuUGxhY2VzLlNlYXJjaFRleHQQAhgEIAA","google_icon_mask_base_uri":"https://maps.gstatic.com/mapfiles/place_api/icons/v2/generic_pinlet","google_icon_background_color":"#7B9EB0","formatted_address":"2RGR+CWG, Tadian, Mountain Province, Philippines","business_status":"OPERATIONAL","rating":4.8,"user_rating_count":4,"barangay_slug":"duagan","barangay_name":"Duagan"},"geometry":{"type":"Point","coordinates":[120.84231380000001,17.0260523]}},{"type":"Feature","properties":{"name":"Duagan","kind":"business","kind_label":"Business","source":"google_places","google_place_id":"ChIJ72M_b7QrjjMRn-x1oxqSzac","google_primary_type":null,"google_primary_type_label":null,"google_types":["sublocality_level_2","sublocality","political"],"google_maps_uri":"https://maps.google.com/?cid=12091481217668869279&g_mp=Cidnb29nbGUubWFwcy5wbGFjZXMudjEuUGxhY2VzLlNlYXJjaFRleHQQAhgEIAA","google_icon_mask_base_uri":"https://maps.gstatic.com/mapfiles/place_api/icons/v2/generic_pinlet","google_icon_background_color":"#7B9EB0","formatted_address":"Duagan, Tadian, Mountain Province, Philippines","business_status":null,"rating":null,"user_rating_count":null,"barangay_slug":"duagan","barangay_name":"Duagan"},"geometry":{"type":"Point","coordinates":[120.83266629999999,17.0211295]}},{"type":"Feature","properties":{"name":"Subasub Masla","kind":"tourism","kind_label":"Tourism","source":"google_places","google_place_id":"ChIJs77gjKErjjMRgsCN9KzM9GA","google_primary_type":"tourist_attraction","google_primary_type_label":"Tourist Attraction","google_types":["tourist_attraction","point_of_interest","establishment"],"google_maps_uri":"https://maps.google.com/?cid=6986433965167853698&g_mp=Cilnb29nbGUubWFwcy5wbGFjZXMudjEuUGxhY2VzLlNlYXJjaE5lYXJieRACGAQgAA","google_icon_mask_base_uri":"https://maps.gstatic.com/mapfiles/place_api/icons/v2/generic_pinlet","google_icon_background_color":"#13B5C7","formatted_address":"Masla, 2RGG+JF9, Tadian, Mountain Province, Philippines","business_status":"OPERATIONAL","rating":4,"user_rating_count":1,"barangay_slug":"duagan","barangay_name":"Duagan"},"geometry":{"type":"Point","coordinates":[120.8262443,17.0265403]}},{"type":"Feature","properties":{"name":"Kayan Cemetery","kind":"business","kind_label":"Business","source":"google_places","google_place_id":"ChIJe1QfNvgpjjMRqL4oD5H8RA4","google_primary_type":"cemetery","google_primary_type_label":"Cemetery","google_types":["cemetery","service","point_of_interest","establishment"],"google_maps_uri":"https://maps.google.com/?cid=1028224314902101672&g_mp=Cilnb29nbGUubWFwcy5wbGFjZXMudjEuUGxhY2VzLlNlYXJjaE5lYXJieRACGAQgAA","google_icon_mask_base_uri":"https://maps.gstatic.com/mapfiles/place_api/icons/v2/cemetery_pinlet","google_icon_background_color":"#7B9EB0","formatted_address":"XRQ2+7J6, Tagudin - Cervantes - Sabangan Rd, Tadian, Mountain Province, Philippines","business_status":"OPERATIONAL","rating":null,"user_rating_count":null,"barangay_slug":"kayan-east","barangay_name":"Kayan East"},"geometry":{"type":"Point","coordinates":[120.80152269999999,16.9881635]}},{"type":"Feature","properties":{"name":"Kayan East","kind":"business","kind_label":"Business","source":"google_places","google_place_id":"ChIJN_XCUwQqjjMRDuxEEuk26HY","google_primary_type":null,"google_primary_type_label":null,"google_types":["sublocality_level_2","sublocality","political"],"google_maps_uri":"https://maps.google.com/?cid=8568158665734155278&g_mp=Cidnb29nbGUubWFwcy5wbGFjZXMudjEuUGxhY2VzLlNlYXJjaFRleHQQAhgEIAA","google_icon_mask_base_uri":"https://maps.gstatic.com/mapfiles/place_api/icons/v2/generic_pinlet","google_icon_background_color":"#7B9EB0","formatted_address":"Kayan East, Tadian, Mountain Province, Philippines","business_status":null,"rating":null,"user_rating_count":null,"barangay_slug":"kayan-east","barangay_name":"Kayan East"},"geometry":{"type":"Point","coordinates":[120.81112780000001,16.9839104]}},{"type":"Feature","properties":{"name":"Kayan East Public Market","kind":"business","kind_label":"Business","source":"google_places","google_place_id":"ChIJfQM0g20rjjMRS1P5puAEWDE","google_primary_type":"market","google_primary_type_label":"Market","google_types":["market","point_of_interest","establishment"],"google_maps_uri":"https://maps.google.com/?cid=3555597268729549643&g_mp=Cidnb29nbGUubWFwcy5wbGFjZXMudjEuUGxhY2VzLlNlYXJjaFRleHQQAhgEIAA","google_icon_mask_base_uri":"https://maps.gstatic.com/mapfiles/place_api/icons/v2/shopping_pinlet","google_icon_background_color":"#4B96F3","formatted_address":"XRP4+GV8, Tadian, Mountain Province, Philippines","business_status":"OPERATIONAL","rating":null,"user_rating_count":null,"barangay_slug":"kayan-east","barangay_name":"Kayan East"},"geometry":{"type":"Point","coordinates":[120.80739639999999,16.9863441]}},{"type":"Feature","properties":{"name":"Kayan Marker","kind":"business","kind_label":"Business","source":"google_places","google_place_id":"ChIJx6Y3tQgpjjMRmmq9zuDekaI","google_primary_type":"historical_landmark","google_primary_type_label":"Historical Landmark","google_types":["historical_landmark","historical_place","point_of_interest","establishment"],"google_maps_uri":"https://maps.google.com/?cid=11714389162889931418&g_mp=Cidnb29nbGUubWFwcy5wbGFjZXMudjEuUGxhY2VzLlNlYXJjaFRleHQQAhgEIAA","google_icon_mask_base_uri":"https://maps.gstatic.com/mapfiles/place_api/icons/v2/historic_pinlet","google_icon_background_color":"#13B5C7","formatted_address":"XRQ2+4MQ, Tadian, Mountain Province, Philippines","business_status":"OPERATIONAL","rating":5,"user_rating_count":2,"barangay_slug":"kayan-east","barangay_name":"Kayan East"},"geometry":{"type":"Point","coordinates":[120.8017353,16.987847900000002]}},{"type":"Feature","properties":{"name":"Kayan Rice Terraces","kind":"business","kind_label":"Business","source":"google_places","google_place_id":"ChIJ2xI3bAEqjjMRX_G08p8yHIA","google_primary_type":"natural_feature","google_primary_type_label":"Natural Feature","google_types":["natural_feature","establishment"],"google_maps_uri":"https://maps.google.com/?cid=9231308998755807583&g_mp=Cidnb29nbGUubWFwcy5wbGFjZXMudjEuUGxhY2VzLlNlYXJjaFRleHQQAhgEIAA","google_icon_mask_base_uri":"https://maps.gstatic.com/mapfiles/place_api/icons/v2/generic_pinlet","google_icon_background_color":"#7B9EB0","formatted_address":"Kayan Rice Terraces, Tadian, Mountain Province, Philippines","business_status":null,"rating":4.3,"user_rating_count":6,"barangay_slug":"kayan-east","barangay_name":"Kayan East"},"geometry":{"type":"Point","coordinates":[120.8046655,16.9830121]}},{"type":"Feature","properties":{"name":"The Tue Tree","kind":"business","kind_label":"Business","source":"google_places","google_place_id":"ChIJTbpJMgArjjMRtz4FLtuX8nE","google_primary_type":"historical_landmark","google_primary_type_label":"Historical Landmark","google_types":["historical_landmark","historical_place","point_of_interest","establishment"],"google_maps_uri":"https://maps.google.com/?cid=8210792038275563191&g_mp=Cidnb29nbGUubWFwcy5wbGFjZXMudjEuUGxhY2VzLlNlYXJjaFRleHQQAhgEIAA","google_icon_mask_base_uri":"https://maps.gstatic.com/mapfiles/place_api/icons/v2/historic_pinlet","google_icon_background_color":"#13B5C7","formatted_address":"XRQ5+7MC, Bulala, Kayan East, Tadian, Mountain Province, Philippines","business_status":"OPERATIONAL","rating":null,"user_rating_count":null,"barangay_slug":"kayan-east","barangay_name":"Kayan East"},"geometry":{"type":"Point","coordinates":[120.80811430000001,16.9874988]}},{"type":"Feature","properties":{"name":"Kayan East Barangay Hall","kind":"govt","kind_label":"Government","source":"google_places","google_place_id":"ChIJPXsrqgMqjjMRUbDwAMfYoQ4","google_primary_type":"government_office","google_primary_type_label":"Government Office","google_types":["government_office","point_of_interest","establishment"],"google_maps_uri":"https://maps.google.com/?cid=1054362137007272017&g_mp=Cilnb29nbGUubWFwcy5wbGFjZXMudjEuUGxhY2VzLlNlYXJjaE5lYXJieRACGAQgAA","google_icon_mask_base_uri":"https://maps.gstatic.com/mapfiles/place_api/icons/v2/civic-bldg_pinlet","google_icon_background_color":"#7B9EB0","formatted_address":"XRP4+GXC, Tadian, Mountain Province, Philippines","business_status":"OPERATIONAL","rating":4.3,"user_rating_count":4,"barangay_slug":"kayan-east","barangay_name":"Kayan East"},"geometry":{"type":"Point","coordinates":[120.80737870000002,16.9863008]}},{"type":"Feature","properties":{"name":"Kayan East Social Hall","kind":"govt","kind_label":"Government","source":"google_places","google_place_id":"ChIJP3YJBAMqjjMR0Tqq58w-H8k","google_primary_type":"city_hall","google_primary_type_label":"City Hall","google_types":["city_hall","local_government_office","government_office","service","point_of_interest","establishment"],"google_maps_uri":"https://maps.google.com/?cid=14492371175682489041&g_mp=Cilnb29nbGUubWFwcy5wbGFjZXMudjEuUGxhY2VzLlNlYXJjaE5lYXJieRACGAQgAA","google_icon_mask_base_uri":"https://maps.gstatic.com/mapfiles/place_api/icons/v2/civic-bldg_pinlet","google_icon_background_color":"#7B9EB0","formatted_address":"XRP4+7VR, Tadian, Mountain Province, Philippines","business_status":"OPERATIONAL","rating":null,"user_rating_count":null,"barangay_slug":"kayan-east","barangay_name":"Kayan East"},"geometry":{"type":"Point","coordinates":[120.80715029999999,16.9857251]}},{"type":"Feature","properties":{"name":"Bebe Viewdeck","kind":"tourism","kind_label":"Tourism","source":"google_places","google_place_id":"ChIJj9bVsJ8rjjMRnRSG_xJk3ac","google_primary_type":"park","google_primary_type_label":"Park","google_types":["park","point_of_interest","establishment"],"google_maps_uri":"https://maps.google.com/?cid=12095934206946186397&g_mp=Cilnb29nbGUubWFwcy5wbGFjZXMudjEuUGxhY2VzLlNlYXJjaE5lYXJieRACGAQgAA","google_icon_mask_base_uri":"https://maps.gstatic.com/mapfiles/place_api/icons/v2/tree_pinlet","google_icon_background_color":"#4DB546","formatted_address":"XRQ5+7MC, Tadian, Mountain Province, Philippines","business_status":"OPERATIONAL","rating":4,"user_rating_count":2,"barangay_slug":"kayan-east","barangay_name":"Kayan East"},"geometry":{"type":"Point","coordinates":[120.8091355,16.9881766]}},{"type":"Feature","properties":{"name":"Free Believers in Christ Fellowship Church","kind":"worship","kind_label":"Worship","source":"google_places","google_place_id":"ChIJr6WynZ0rjjMRr2JF_tcxauI","google_primary_type":"church","google_primary_type_label":"Church","google_types":["church","place_of_worship","association_or_organization","point_of_interest","establishment"],"google_maps_uri":"https://maps.google.com/?cid=16314907403856732847&g_mp=Cilnb29nbGUubWFwcy5wbGFjZXMudjEuUGxhY2VzLlNlYXJjaE5lYXJieRACGAQgAA","google_icon_mask_base_uri":"https://maps.gstatic.com/mapfiles/place_api/icons/v2/worship_christian_pinlet","google_icon_background_color":"#7B9EB0","formatted_address":"XRP3+GMW, Tadian, Mountain Province, Philippines","business_status":"OPERATIONAL","rating":null,"user_rating_count":null,"barangay_slug":"kayan-east","barangay_name":"Kayan East"},"geometry":{"type":"Point","coordinates":[120.80418879999999,16.9863742]}},{"type":"Feature","properties":{"name":"Our Lady of The Holy Rosary Church","kind":"worship","kind_label":"Worship","source":"google_places","google_place_id":"ChIJbQD-DgMqjjMRpQX7O_gH5zo","google_primary_type":"church","google_primary_type_label":"Church","google_types":["church","place_of_worship","association_or_organization","point_of_interest","establishment"],"google_maps_uri":"https://maps.google.com/?cid=4244369936559572389&g_mp=Cilnb29nbGUubWFwcy5wbGFjZXMudjEuUGxhY2VzLlNlYXJjaE5lYXJieRACGAQgAA","google_icon_mask_base_uri":"https://maps.gstatic.com/mapfiles/place_api/icons/v2/worship_christian_pinlet","google_icon_background_color":"#7B9EB0","formatted_address":"XRP5+G34, Tadian, Mountain Province, Philippines","business_status":"OPERATIONAL","rating":5,"user_rating_count":1,"barangay_slug":"kayan-east","barangay_name":"Kayan East"},"geometry":{"type":"Point","coordinates":[120.80771759999999,16.9862684]}},{"type":"Feature","properties":{"name":"Saint Ignatius Church","kind":"worship","kind_label":"Worship","source":"google_places","google_place_id":"ChIJhXY5fQIqjjMR32Dd5bwAjU0","google_primary_type":"church","google_primary_type_label":"Church","google_types":["church","place_of_worship","association_or_organization","point_of_interest","establishment"],"google_maps_uri":"https://maps.google.com/?cid=5588123523946995935&g_mp=Cilnb29nbGUubWFwcy5wbGFjZXMudjEuUGxhY2VzLlNlYXJjaE5lYXJieRACGAQgAA","google_icon_mask_base_uri":"https://maps.gstatic.com/mapfiles/place_api/icons/v2/worship_christian_pinlet","google_icon_background_color":"#7B9EB0","formatted_address":"XRP3+FRQ, Tadian, Mountain Province, Philippines","business_status":"OPERATIONAL","rating":3,"user_rating_count":1,"barangay_slug":"kayan-east","barangay_name":"Kayan East"},"geometry":{"type":"Point","coordinates":[120.80459859999999,16.9862172]}},{"type":"Feature","properties":{"name":"Esencia","kind":"business","kind_label":"Business","source":"google_places","google_place_id":"ChIJFbmYEwApjjMRUjNF1495IlA","google_primary_type":"store","google_primary_type_label":"Store","google_types":["point_of_interest","store","supplier","establishment"],"google_maps_uri":"https://maps.google.com/?cid=5774311330941317970&g_mp=Cilnb29nbGUubWFwcy5wbGFjZXMudjEuUGxhY2VzLlNlYXJjaE5lYXJieRACGAQgAA","google_icon_mask_base_uri":"https://maps.gstatic.com/mapfiles/place_api/icons/v2/shopping_pinlet","google_icon_background_color":"#4B96F3","formatted_address":"XQMX+6C, Tadian, Mountain Province, Philippines","business_status":"OPERATIONAL","rating":null,"user_rating_count":null,"barangay_slug":"kayan-west","barangay_name":"Kayan West"},"geometry":{"type":"Point","coordinates":[120.79854149999998,16.9831629]}},{"type":"Feature","properties":{"name":"Kayan West Barangay Hall","kind":"business","kind_label":"Business","source":"google_places","google_place_id":"ChIJsYfyzP4pjjMR30tdCdhYkkM","google_primary_type":null,"google_primary_type_label":null,"google_types":["point_of_interest","establishment"],"google_maps_uri":"https://maps.google.com/?cid=4869051832034216927&g_mp=Cidnb29nbGUubWFwcy5wbGFjZXMudjEuUGxhY2VzLlNlYXJjaFRleHQQAhgEIAA","google_icon_mask_base_uri":"https://maps.gstatic.com/mapfiles/place_api/icons/v2/generic_pinlet","google_icon_background_color":"#7B9EB0","formatted_address":"XRM2+P24, Tagudin - Cervantes - Sabangan Rd, Tadian, Mountain Province, Philippines","business_status":"OPERATIONAL","rating":5,"user_rating_count":1,"barangay_slug":"kayan-west","barangay_name":"Kayan West"},"geometry":{"type":"Point","coordinates":[120.8000741,16.9842704]}},{"type":"Feature","properties":{"name":"Anayasan","kind":"market","kind_label":"Market","source":"google_places","google_place_id":"ChIJiy50TgApjjMRKbapr984VA4","google_primary_type":"convenience_store","google_primary_type_label":"Convenience Store","google_types":["convenience_store","food_store","food","point_of_interest","store","establishment"],"google_maps_uri":"https://maps.google.com/?cid=1032512747950683689&g_mp=Cilnb29nbGUubWFwcy5wbGFjZXMudjEuUGxhY2VzLlNlYXJjaE5lYXJieRACGAQgAA","google_icon_mask_base_uri":"https://maps.gstatic.com/mapfiles/place_api/icons/v2/convenience_pinlet","google_icon_background_color":"#4B96F3","formatted_address":"XQJX+G55 Cadso, Tadian, Mountain Province, Philippines","business_status":"OPERATIONAL","rating":null,"user_rating_count":null,"barangay_slug":"kayan-west","barangay_name":"Kayan West"},"geometry":{"type":"Point","coordinates":[120.79797950000001,16.9812536]}},{"type":"Feature","properties":{"name":"Kayan Elementary School","kind":"school","kind_label":"School","source":"google_places","google_place_id":"ChIJLQIAAPDVkTMRf2-kNlhWPOk","google_primary_type":"primary_school","google_primary_type_label":"Elementary School","google_types":["primary_school","school","educational_institution","point_of_interest","establishment"],"google_maps_uri":"https://maps.google.com/?cid=16806402846313705343&g_mp=Cilnb29nbGUubWFwcy5wbGFjZXMudjEuUGxhY2VzLlNlYXJjaE5lYXJieRACGAQgAA","google_icon_mask_base_uri":"https://maps.gstatic.com/mapfiles/place_api/icons/v2/school_pinlet","google_icon_background_color":"#7B9EB0","formatted_address":"Kayan West, XRM2+P32, Tadian, Mountain Province, Philippines","business_status":"OPERATIONAL","rating":null,"user_rating_count":null,"barangay_slug":"kayan-west","barangay_name":"Kayan West"},"geometry":{"type":"Point","coordinates":[120.80013939999999,16.9842708]}},{"type":"Feature","properties":{"name":"Miracle Church","kind":"worship","kind_label":"Worship","source":"google_places","google_place_id":"ChIJFeuXYMgpjjMRz6m5T6_hZ2A","google_primary_type":"church","google_primary_type_label":"Church","google_types":["church","place_of_worship","association_or_organization","point_of_interest","establishment"],"google_maps_uri":"https://maps.google.com/?cid=6946769093315373519&g_mp=Cilnb29nbGUubWFwcy5wbGFjZXMudjEuUGxhY2VzLlNlYXJjaE5lYXJieRACGAQgAA","google_icon_mask_base_uri":"https://maps.gstatic.com/mapfiles/place_api/icons/v2/worship_christian_pinlet","google_icon_background_color":"#7B9EB0","formatted_address":"XQJX+G2V, Tadian, Mountain Province, Philippines","business_status":"OPERATIONAL","rating":5,"user_rating_count":1,"barangay_slug":"kayan-west","barangay_name":"Kayan West"},"geometry":{"type":"Point","coordinates":[120.79754679999999,16.9813625]}},{"type":"Feature","properties":{"name":"Lenga","kind":"business","kind_label":"Business","source":"google_places","google_place_id":"ChIJD2IFrz7UkTMR-EWd7RtvhUg","google_primary_type":null,"google_primary_type_label":null,"google_types":["sublocality_level_2","sublocality","political"],"google_maps_uri":"https://maps.google.com/?cid=5225705108374636024&g_mp=Cidnb29nbGUubWFwcy5wbGFjZXMudjEuUGxhY2VzLlNlYXJjaFRleHQQAhgEIAA","google_icon_mask_base_uri":"https://maps.gstatic.com/mapfiles/place_api/icons/v2/generic_pinlet","google_icon_background_color":"#7B9EB0","formatted_address":"Lenga, Tadian, Mountain Province, Philippines","business_status":null,"rating":null,"user_rating_count":null,"barangay_slug":"lenga","barangay_name":"Lenga"},"geometry":{"type":"Point","coordinates":[120.8240513,16.9146345]}},{"type":"Feature","properties":{"name":"Lenga Baranggay Hall","kind":"govt","kind_label":"Government","source":"google_places","google_place_id":"ChIJ-wCnX3vVkTMRIjVWZ_tR_YU","google_primary_type":"government_office","google_primary_type_label":"Government Office","google_types":["government_office","point_of_interest","establishment"],"google_maps_uri":"https://maps.google.com/?cid=9654963316364555554&g_mp=Cidnb29nbGUubWFwcy5wbGFjZXMudjEuUGxhY2VzLlNlYXJjaFRleHQQAhgEIAA","google_icon_mask_base_uri":"https://maps.gstatic.com/mapfiles/place_api/icons/v2/civic-bldg_pinlet","google_icon_background_color":"#7B9EB0","formatted_address":"WR9C+42, Tadian, Mountain Province, Philippines","business_status":"CLOSED_PERMANENTLY","rating":null,"user_rating_count":null,"barangay_slug":"lenga","barangay_name":"Lenga"},"geometry":{"type":"Point","coordinates":[120.8200599,16.9177774]}},{"type":"Feature","properties":{"name":"Lenga Elementary School","kind":"school","kind_label":"School","source":"google_places","google_place_id":"ChIJFfmNIADVkTMRL190ypkl5Pk","google_primary_type":"primary_school","google_primary_type_label":"Elementary School","google_types":["primary_school","school","educational_institution","point_of_interest","establishment"],"google_maps_uri":"https://maps.google.com/?cid=18006558552590933807&g_mp=Cilnb29nbGUubWFwcy5wbGFjZXMudjEuUGxhY2VzLlNlYXJjaE5lYXJieRACGAQgAA","google_icon_mask_base_uri":"https://maps.gstatic.com/mapfiles/place_api/icons/v2/school_pinlet","google_icon_background_color":"#7B9EB0","formatted_address":"Lenga, Tadian, Mountain Province, Philippines","business_status":"OPERATIONAL","rating":null,"user_rating_count":null,"barangay_slug":"lenga","barangay_name":"Lenga"},"geometry":{"type":"Point","coordinates":[120.82049430000001,16.91646]}},{"type":"Feature","properties":{"name":"baey mi na haha","kind":"business","kind_label":"Business","source":"google_places","google_place_id":"ChIJH6RxYAArjjMRgdrV1Diwomo","google_primary_type":"apartment_building","google_primary_type_label":"Apartment Building","google_types":["apartment_building","point_of_interest","service","establishment"],"google_maps_uri":"https://maps.google.com/?cid=7683897672382929537&g_mp=Cidnb29nbGUubWFwcy5wbGFjZXMudjEuUGxhY2VzLlNlYXJjaFRleHQQAhgEIAA","google_icon_mask_base_uri":"https://maps.gstatic.com/mapfiles/place_api/icons/v2/generic_pinlet","google_icon_background_color":"#7B9EB0","formatted_address":"2RH7+3M8 Lubon Elementary School Compound, Tadian - Besao Rd, Tadian, Mountain Province, Philippines","business_status":"OPERATIONAL","rating":4,"user_rating_count":1,"barangay_slug":"lubon","barangay_name":"Lubon"},"geometry":{"type":"Point","coordinates":[120.81337239999998,17.0284955]}},{"type":"Feature","properties":{"name":"i-Laydongan Motor Shop","kind":"business","kind_label":"Business","source":"google_places","google_place_id":"ChIJRcECTwArjjMRj1xkr1aqViE","google_primary_type":"car_repair","google_primary_type_label":"Car repair and maintenance service","google_types":["car_repair","service","point_of_interest","establishment"],"google_maps_uri":"https://maps.google.com/?cid=2402294740535237775&g_mp=Cidnb29nbGUubWFwcy5wbGFjZXMudjEuUGxhY2VzLlNlYXJjaFRleHQQAhgEIAA","google_icon_mask_base_uri":"https://maps.gstatic.com/mapfiles/place_api/icons/v2/generic_pinlet","google_icon_background_color":"#7B9EB0","formatted_address":"2RF6+VJP, Tadian - Besao Rd, Tadian, Mountain Province, Philippines","business_status":"OPERATIONAL","rating":null,"user_rating_count":null,"barangay_slug":"lubon","barangay_name":"Lubon"},"geometry":{"type":"Point","coordinates":[120.8115638,17.0247247]}},{"type":"Feature","properties":{"name":"Kating Motor Shop","kind":"business","kind_label":"Business","source":"google_places","google_place_id":"ChIJY5N_dgArjjMRx61bY-ZyIv0","google_primary_type":"car_repair","google_primary_type_label":"Car repair and maintenance service","google_types":["car_repair","service","point_of_interest","establishment"],"google_maps_uri":"https://maps.google.com/?cid=18240267774638927303&g_mp=Cidnb29nbGUubWFwcy5wbGFjZXMudjEuUGxhY2VzLlNlYXJjaFRleHQQAhgEIAA","google_icon_mask_base_uri":"https://maps.gstatic.com/mapfiles/place_api/icons/v2/generic_pinlet","google_icon_background_color":"#7B9EB0","formatted_address":"2RJ3+HPJ, Tadian, Mountain Province, Philippines","business_status":"OPERATIONAL","rating":null,"user_rating_count":null,"barangay_slug":"lubon","barangay_name":"Lubon"},"geometry":{"type":"Point","coordinates":[120.80427429999999,17.031469599999998]}},{"type":"Feature","properties":{"name":"La-ao Hardware","kind":"business","kind_label":"Business","source":"google_places","google_place_id":"ChIJ3w3CGgArjjMRbmY2jH5Azao","google_primary_type":"building_materials_store","google_primary_type_label":"Building Materials Store","google_types":["building_materials_store","point_of_interest","store","establishment"],"google_maps_uri":"https://maps.google.com/?cid=12307564268935865966&g_mp=Cilnb29nbGUubWFwcy5wbGFjZXMudjEuUGxhY2VzLlNlYXJjaE5lYXJieRACGAQgAA","google_icon_mask_base_uri":"https://maps.gstatic.com/mapfiles/place_api/icons/v2/shopping_pinlet","google_icon_background_color":"#4B96F3","formatted_address":"2RC5+HCM, Tadian, Mountain Province, Philippines","business_status":"OPERATIONAL","rating":null,"user_rating_count":null,"barangay_slug":"lubon","barangay_name":"Lubon"},"geometry":{"type":"Point","coordinates":[120.80854609999999,17.0214689]}},{"type":"Feature","properties":{"name":"Lubon Elementary School Compound","kind":"business","kind_label":"Business","source":"google_places","google_place_id":"ChIJpdWEONArjjMRk3UJ35RYRVw","google_primary_type":null,"google_primary_type_label":null,"google_types":["premise","street_address"],"google_maps_uri":"https://maps.google.com/?cid=6648817821302748563&g_mp=Cidnb29nbGUubWFwcy5wbGFjZXMudjEuUGxhY2VzLlNlYXJjaFRleHQQAhgEIAA","google_icon_mask_base_uri":"https://maps.gstatic.com/mapfiles/place_api/icons/v2/generic_pinlet","google_icon_background_color":"#7B9EB0","formatted_address":"2RH7+3M8 Lubon Elementary School Compound, Tadian - Besao Rd, Tadian, Mountain Province, Philippines","business_status":null,"rating":null,"user_rating_count":null,"barangay_slug":"lubon","barangay_name":"Lubon"},"geometry":{"type":"Point","coordinates":[120.81408959999999,17.0277712]}},{"type":"Feature","properties":{"name":"Lumina's Corner Store","kind":"business","kind_label":"Business","source":"google_places","google_place_id":"ChIJ36ZZYtErjjMRFtbK2MDLli0","google_primary_type":"point_of_interest","google_primary_type_label":"Point of interest","google_types":["point_of_interest","establishment"],"google_maps_uri":"https://maps.google.com/?cid=3285037007344686614&g_mp=Cidnb29nbGUubWFwcy5wbGFjZXMudjEuUGxhY2VzLlNlYXJjaFRleHQQAhgEIAA","google_icon_mask_base_uri":"https://maps.gstatic.com/mapfiles/place_api/icons/v2/generic_pinlet","google_icon_background_color":"#7B9EB0","formatted_address":"2RF6+WM2, Besao Road, Tadian, Mountain Province, Philippines","business_status":"OPERATIONAL","rating":null,"user_rating_count":null,"barangay_slug":"lubon","barangay_name":"Lubon"},"geometry":{"type":"Point","coordinates":[120.8116512,17.0247533]}},{"type":"Feature","properties":{"name":"Makitkiteb","kind":"business","kind_label":"Business","source":"google_places","google_place_id":"ChIJa5lMSwArjjMRmdZv-ecV5aE","google_primary_type":"restaurant","google_primary_type_label":"Restaurant","google_types":["restaurant","food","point_of_interest","establishment"],"google_maps_uri":"https://maps.google.com/?cid=11665754495839622809&g_mp=Cilnb29nbGUubWFwcy5wbGFjZXMudjEuUGxhY2VzLlNlYXJjaE5lYXJieRACGAQgAA","google_icon_mask_base_uri":"https://maps.gstatic.com/mapfiles/place_api/icons/v2/restaurant_pinlet","google_icon_background_color":"#FF9E67","formatted_address":"2RJ9+FMC, Tadian - Besao Rd, Tadian, Mountain Province, Philippines","business_status":"OPERATIONAL","rating":null,"user_rating_count":null,"barangay_slug":"lubon","barangay_name":"Lubon"},"geometry":{"type":"Point","coordinates":[120.8191552,17.0311758]}},{"type":"Feature","properties":{"name":"New Lubon Elementary School","kind":"business","kind_label":"Business","source":"google_places","google_place_id":"ChIJC4MA5dUrjjMRRPlDmot1Gq4","google_primary_type":"educational_institution","google_primary_type_label":"Educational Institution","google_types":["educational_institution","point_of_interest","establishment"],"google_maps_uri":"https://maps.google.com/?cid=12545468954442987844&g_mp=Cidnb29nbGUubWFwcy5wbGFjZXMudjEuUGxhY2VzLlNlYXJjaFRleHQQAhgEIAA","google_icon_mask_base_uri":"https://maps.gstatic.com/mapfiles/place_api/icons/v2/school_pinlet","google_icon_background_color":"#7B9EB0","formatted_address":"2RG3+4W5, Tadian, Mountain Province, Philippines","business_status":"OPERATIONAL","rating":null,"user_rating_count":null,"barangay_slug":"lubon","barangay_name":"Lubon"},"geometry":{"type":"Point","coordinates":[120.80484399999999,17.0252698]}},{"type":"Feature","properties":{"name":"Saint Gabriel's Credit Cooperative","kind":"business","kind_label":"Business","source":"google_places","google_place_id":"ChIJea9av9ErjjMRa7IeMjWl7oI","google_primary_type":"bank","google_primary_type_label":"Bank","google_types":["bank","finance","point_of_interest","establishment"],"google_maps_uri":"https://maps.google.com/?cid=9434659917280490091&g_mp=Cilnb29nbGUubWFwcy5wbGFjZXMudjEuUGxhY2VzLlNlYXJjaE5lYXJieRACGAQgAA","google_icon_mask_base_uri":"https://maps.gstatic.com/mapfiles/place_api/icons/v2/bank-intl_pinlet","google_icon_background_color":"#909CE1","formatted_address":"2RG7+8HW, Tadian, 2620 Mountain Province, Philippines","business_status":"OPERATIONAL","rating":null,"user_rating_count":null,"barangay_slug":"lubon","barangay_name":"Lubon"},"geometry":{"type":"Point","coordinates":[120.8139576,17.0258573]}},{"type":"Feature","properties":{"name":"Tita Ems Store","kind":"business","kind_label":"Business","source":"google_places","google_place_id":"ChIJq8hxGecrjjMRfMiQ1EBQsto","google_primary_type":"food_delivery","google_primary_type_label":"Food Delivery","google_types":["food_delivery","point_of_interest","food","establishment"],"google_maps_uri":"https://maps.google.com/?cid=15758746285497174140&g_mp=Cidnb29nbGUubWFwcy5wbGFjZXMudjEuUGxhY2VzLlNlYXJjaFRleHQQAhgEIAA","google_icon_mask_base_uri":"https://maps.gstatic.com/mapfiles/place_api/icons/v2/generic_pinlet","google_icon_background_color":"#7B9EB0","formatted_address":"2RM3+5W8, Tadian, Mountain Province, Philippines","business_status":"OPERATIONAL","rating":null,"user_rating_count":null,"barangay_slug":"lubon","barangay_name":"Lubon"},"geometry":{"type":"Point","coordinates":[120.80483179999999,17.0329071]}},{"type":"Feature","properties":{"name":"Lubon Barangay Health Center","kind":"govt","kind_label":"Government","source":"google_places","google_place_id":"ChIJ2dQJ_JkrjjMRTRCFpsmrlfQ","google_primary_type":"local_government_office","google_primary_type_label":"Local Government Office","google_types":["local_government_office","government_office","point_of_interest","establishment"],"google_maps_uri":"https://maps.google.com/?cid=17624181599354818637&g_mp=Cilnb29nbGUubWFwcy5wbGFjZXMudjEuUGxhY2VzLlNlYXJjaE5lYXJieRACGAQgAA","google_icon_mask_base_uri":"https://maps.gstatic.com/mapfiles/place_api/icons/v2/civic-bldg_pinlet","google_icon_background_color":"#7B9EB0","formatted_address":"2RG7+M95, Tadian - Besao Rd, Tadian, Mountain Province, Philippines","business_status":"OPERATIONAL","rating":5,"user_rating_count":3,"barangay_slug":"lubon","barangay_name":"Lubon"},"geometry":{"type":"Point","coordinates":[120.81348240000001,17.0266254]}},{"type":"Feature","properties":{"name":"Toon","kind":"market","kind_label":"Market","source":"google_places","google_place_id":"ChIJGacuCRIrjjMRqail3-LCh5c","google_primary_type":"bakery","google_primary_type_label":"Bakery","google_types":["bakery","food_store","food","point_of_interest","store","establishment"],"google_maps_uri":"https://maps.google.com/?cid=10918910101253630121&g_mp=Cilnb29nbGUubWFwcy5wbGFjZXMudjEuUGxhY2VzLlNlYXJjaE5lYXJieRACGAQgAA","google_icon_mask_base_uri":"https://maps.gstatic.com/mapfiles/place_api/icons/v2/restaurant_pinlet","google_icon_background_color":"#FF9E67","formatted_address":"2RG7+6HH, Tadian, Mountain Province, Philippines","business_status":"OPERATIONAL","rating":null,"user_rating_count":null,"barangay_slug":"lubon","barangay_name":"Lubon"},"geometry":{"type":"Point","coordinates":[120.81399979999999,17.0255641]}},{"type":"Feature","properties":{"name":"Lubon National High School","kind":"school","kind_label":"School","source":"google_places","google_place_id":"ChIJTfw4PNYrjjMRhGluZl9uLL8","google_primary_type":"secondary_school","google_primary_type_label":"High school","google_types":["secondary_school","school","educational_institution","point_of_interest","establishment"],"google_maps_uri":"https://maps.google.com/?cid=13775506716238965124&g_mp=Cilnb29nbGUubWFwcy5wbGFjZXMudjEuUGxhY2VzLlNlYXJjaE5lYXJieRACGAQgAA","google_icon_mask_base_uri":"https://maps.gstatic.com/mapfiles/place_api/icons/v2/school_pinlet","google_icon_background_color":"#7B9EB0","formatted_address":"2RG3+WX8, Lubon, Tadian, Mountain Province, Philippines","business_status":"OPERATIONAL","rating":null,"user_rating_count":null,"barangay_slug":"lubon","barangay_name":"Lubon"},"geometry":{"type":"Point","coordinates":[120.8049452,17.0272936]}},{"type":"Feature","properties":{"name":"Laydongan Gas Station","kind":"transport","kind_label":"Transport","source":"google_places","google_place_id":"ChIJWVhtHwArjjMRKxVcU1ygERg","google_primary_type":"gas_station","google_primary_type_label":"Gas Station","google_types":["gas_station","point_of_interest","service","establishment"],"google_maps_uri":"https://maps.google.com/?cid=1734343649910330667&g_mp=Cilnb29nbGUubWFwcy5wbGFjZXMudjEuUGxhY2VzLlNlYXJjaE5lYXJieRACGAQgAA","google_icon_mask_base_uri":"https://maps.gstatic.com/mapfiles/place_api/icons/v2/gas_pinlet","google_icon_background_color":"#909CE1","formatted_address":"2RC6+6WM, Tadian, Mountain Province, Philippines","business_status":"OPERATIONAL","rating":null,"user_rating_count":null,"barangay_slug":"lubon","barangay_name":"Lubon"},"geometry":{"type":"Point","coordinates":[120.81230690000001,17.0205912]}},{"type":"Feature","properties":{"name":"Saint Francis Church","kind":"worship","kind_label":"Worship","source":"google_places","google_place_id":"ChIJVdBWESQrjjMRZkUfiHlnmm4","google_primary_type":"church","google_primary_type_label":"Church","google_types":["church","place_of_worship","association_or_organization","point_of_interest","establishment"],"google_maps_uri":"https://maps.google.com/?cid=7969796262257968486&g_mp=Cilnb29nbGUubWFwcy5wbGFjZXMudjEuUGxhY2VzLlNlYXJjaE5lYXJieRACGAQgAA","google_icon_mask_base_uri":"https://maps.gstatic.com/mapfiles/place_api/icons/v2/worship_christian_pinlet","google_icon_background_color":"#7B9EB0","formatted_address":"2RG3+MW5, Lubon, Tadian, Mountain Province, Philippines","business_status":"OPERATIONAL","rating":null,"user_rating_count":null,"barangay_slug":"lubon","barangay_name":"Lubon"},"geometry":{"type":"Point","coordinates":[120.8048658,17.0266461]}},{"type":"Feature","properties":{"name":"Mabalite Elementary School","kind":"school","kind_label":"School","source":"google_places","google_place_id":"ChIJuVd1qUApjjMRcQweY5prt-s","google_primary_type":"primary_school","google_primary_type_label":"Elementary School","google_types":["primary_school","school","educational_institution","point_of_interest","establishment"],"google_maps_uri":"https://maps.google.com/?cid=16985162830483164273&g_mp=Cilnb29nbGUubWFwcy5wbGFjZXMudjEuUGxhY2VzLlNlYXJjaE5lYXJieRACGAQgAA","google_icon_mask_base_uri":"https://maps.gstatic.com/mapfiles/place_api/icons/v2/school_pinlet","google_icon_background_color":"#7B9EB0","formatted_address":"Mina, Mabalite, Tadian, Mountain Province, Philippines","business_status":"OPERATIONAL","rating":null,"user_rating_count":null,"barangay_slug":"mabalite","barangay_name":"Mabalite"},"geometry":{"type":"Point","coordinates":[120.7809304,17.0574065]}},{"type":"Feature","properties":{"name":"Iglesia Ni Cristo [Mountain Province] - Masla","kind":"business","kind_label":"Business","source":"google_places","google_place_id":"ChIJM9sSSOorjjMRKLl3Sy78Kd8","google_primary_type":"place_of_worship","google_primary_type_label":"Place of Worship","google_types":["place_of_worship","association_or_organization","point_of_interest","establishment"],"google_maps_uri":"https://maps.google.com/?cid=16080661220267899176&g_mp=Cidnb29nbGUubWFwcy5wbGFjZXMudjEuUGxhY2VzLlNlYXJjaFRleHQQAhgEIAA","google_icon_mask_base_uri":"https://maps.gstatic.com/mapfiles/place_api/icons/v2/generic_pinlet","google_icon_background_color":"#7B9EB0","formatted_address":"2RR8+V7J Barangay, Tadian, 2620 Mountain Province, Philippines","business_status":"OPERATIONAL","rating":4,"user_rating_count":4,"barangay_slug":"masla","barangay_name":"Masla"},"geometry":{"type":"Point","coordinates":[120.81563349999999,17.0422106]}},{"type":"Feature","properties":{"name":"Just Buy Masla Store","kind":"business","kind_label":"Business","source":"google_places","google_place_id":"ChIJxzObDPsrjjMRcZ3sOkQ1GQE","google_primary_type":"store","google_primary_type_label":"Store","google_types":["store","point_of_interest","establishment"],"google_maps_uri":"https://maps.google.com/?cid=79153035618327921&g_mp=Cilnb29nbGUubWFwcy5wbGFjZXMudjEuUGxhY2VzLlNlYXJjaE5lYXJieRACGAQgAA","google_icon_mask_base_uri":"https://maps.gstatic.com/mapfiles/place_api/icons/v2/shopping_pinlet","google_icon_background_color":"#4B96F3","formatted_address":"2RR9+8C7, Tadian, Mountain Province, Philippines","business_status":"OPERATIONAL","rating":null,"user_rating_count":null,"barangay_slug":"masla","barangay_name":"Masla"},"geometry":{"type":"Point","coordinates":[120.81855789999999,17.0407986]}},{"type":"Feature","properties":{"name":"Masla","kind":"business","kind_label":"Business","source":"google_places","google_place_id":"ChIJ6fb2JcMrjjMRlQCUVjamPlE","google_primary_type":null,"google_primary_type_label":null,"google_types":["sublocality_level_2","sublocality","political"],"google_maps_uri":"https://maps.google.com/?cid=5854299317939208341&g_mp=Cidnb29nbGUubWFwcy5wbGFjZXMudjEuUGxhY2VzLlNlYXJjaFRleHQQAhgEIAA","google_icon_mask_base_uri":"https://maps.gstatic.com/mapfiles/place_api/icons/v2/generic_pinlet","google_icon_background_color":"#7B9EB0","formatted_address":"Masla, Tadian, Mountain Province, Philippines","business_status":null,"rating":null,"user_rating_count":null,"barangay_slug":"masla","barangay_name":"Masla"},"geometry":{"type":"Point","coordinates":[120.8183077,17.036695599999998]}},{"type":"Feature","properties":{"name":"Masla Public Market","kind":"business","kind_label":"Business","source":"google_places","google_place_id":"ChIJlVxhHhYrjjMRngODcdQGPuE","google_primary_type":"market","google_primary_type_label":"Market","google_types":["market","point_of_interest","establishment"],"google_maps_uri":"https://maps.google.com/?cid=16230417616597091230&g_mp=Cidnb29nbGUubWFwcy5wbGFjZXMudjEuUGxhY2VzLlNlYXJjaFRleHQQAhgEIAA","google_icon_mask_base_uri":"https://maps.gstatic.com/mapfiles/place_api/icons/v2/shopping_pinlet","google_icon_background_color":"#4B96F3","formatted_address":"2RR9+3V7, Tadian, Mountain Province, Philippines","business_status":"OPERATIONAL","rating":3,"user_rating_count":1,"barangay_slug":"masla","barangay_name":"Masla"},"geometry":{"type":"Point","coordinates":[120.8196742,17.0401518]}},{"type":"Feature","properties":{"name":"Masla Barangay Hall (Camarin)","kind":"govt","kind_label":"Government","source":"google_places","google_place_id":"ChIJEbz6XXMrjjMRbsXkwsFvCxk","google_primary_type":"government_office","google_primary_type_label":"Government Office","google_types":["government_office","point_of_interest","establishment"],"google_maps_uri":"https://maps.google.com/?cid=1804658953681159534&g_mp=Cilnb29nbGUubWFwcy5wbGFjZXMudjEuUGxhY2VzLlNlYXJjaE5lYXJieRACGAQgAA","google_icon_mask_base_uri":"https://maps.gstatic.com/mapfiles/place_api/icons/v2/civic-bldg_pinlet","google_icon_background_color":"#7B9EB0","formatted_address":"2RQF+M49, Tadian, Mountain Province, Philippines","business_status":"OPERATIONAL","rating":null,"user_rating_count":null,"barangay_slug":"masla","barangay_name":"Masla"},"geometry":{"type":"Point","coordinates":[120.82287,17.0391737]}},{"type":"Feature","properties":{"name":"Masla National High School","kind":"govt","kind_label":"Government","source":"google_places","google_place_id":"ChIJLQIAAPDVkTMRtfT3Z0AeGgc","google_primary_type":"government_office","google_primary_type_label":"Government Office","google_types":["school","educational_institution","government_office","point_of_interest","establishment"],"google_maps_uri":"https://maps.google.com/?cid=511754769631016117&g_mp=Cilnb29nbGUubWFwcy5wbGFjZXMudjEuUGxhY2VzLlNlYXJjaE5lYXJieRACGAQgAA","google_icon_mask_base_uri":"https://maps.gstatic.com/mapfiles/place_api/icons/v2/school_pinlet","google_icon_background_color":"#7B9EB0","formatted_address":"Masla, 2RQ9+MQW, Tadian, Mountain Province, Philippines","business_status":"OPERATIONAL","rating":null,"user_rating_count":null,"barangay_slug":"masla","barangay_name":"Masla"},"geometry":{"type":"Point","coordinates":[120.8194422,17.0392361]}},{"type":"Feature","properties":{"name":"Bangnan Store","kind":"market","kind_label":"Market","source":"google_places","google_place_id":"ChIJY6Bd4ccrjjMRcEFom3fLBBY","google_primary_type":"grocery_store","google_primary_type_label":"Grocery Store","google_types":["grocery_store","food_store","store","point_of_interest","food","establishment"],"google_maps_uri":"https://maps.google.com/?cid=1586616683310104944&g_mp=Cilnb29nbGUubWFwcy5wbGFjZXMudjEuUGxhY2VzLlNlYXJjaE5lYXJieRACGAQgAA","google_icon_mask_base_uri":"https://maps.gstatic.com/mapfiles/place_api/icons/v2/shoppingcart_pinlet","google_icon_background_color":"#4B96F3","formatted_address":"2RRC+55W, Tadian, Mountain Province, Philippines","business_status":"OPERATIONAL","rating":3,"user_rating_count":1,"barangay_slug":"masla","barangay_name":"Masla"},"geometry":{"type":"Point","coordinates":[120.8204662,17.0404917]}},{"type":"Feature","properties":{"name":"Masla Sumasaa b","kind":"tourism","kind_label":"Tourism","source":"google_places","google_place_id":"ChIJK9TTtaYrjjMRuZNZhDlQWGA","google_primary_type":"tourist_attraction","google_primary_type_label":"Tourist Attraction","google_types":["tourist_attraction","point_of_interest","establishment"],"google_maps_uri":"https://maps.google.com/?cid=6942387033555440569&g_mp=Cilnb29nbGUubWFwcy5wbGFjZXMudjEuUGxhY2VzLlNlYXJjaE5lYXJieRACGAQgAA","google_icon_mask_base_uri":"https://maps.gstatic.com/mapfiles/place_api/icons/v2/generic_pinlet","google_icon_background_color":"#13B5C7","formatted_address":"2RQF+X2H, Tadian, Mountain Province, Philippines","business_status":"OPERATIONAL","rating":null,"user_rating_count":null,"barangay_slug":"masla","barangay_name":"Masla"},"geometry":{"type":"Point","coordinates":[120.82261549999998,17.0399261]}},{"type":"Feature","properties":{"name":"Masla Seventh-Day Adventist Church","kind":"worship","kind_label":"Worship","source":"google_places","google_place_id":"ChIJiTmxua0rjjMRKZ4ny0ChT00","google_primary_type":"church","google_primary_type_label":"Church","google_types":["church","place_of_worship","association_or_organization","point_of_interest","establishment"],"google_maps_uri":"https://maps.google.com/?cid=5570848563738943017&g_mp=Cilnb29nbGUubWFwcy5wbGFjZXMudjEuUGxhY2VzLlNlYXJjaE5lYXJieRACGAQgAA","google_icon_mask_base_uri":"https://maps.gstatic.com/mapfiles/place_api/icons/v2/worship_christian_pinlet","google_icon_background_color":"#7B9EB0","formatted_address":"2RQF+QWG, Tadian, Mountain Province, Philippines","business_status":"OPERATIONAL","rating":5,"user_rating_count":1,"barangay_slug":"masla","barangay_name":"Masla"},"geometry":{"type":"Point","coordinates":[120.8248229,17.0394359]}},{"type":"Feature","properties":{"name":"St. Joseph Episcopal Church","kind":"worship","kind_label":"Worship","source":"google_places","google_place_id":"ChIJ050n4zkrjjMRV9rQv27KxK0","google_primary_type":"church","google_primary_type_label":"Church","google_types":["church","place_of_worship","association_or_organization","point_of_interest","establishment"],"google_maps_uri":"https://maps.google.com/?cid=12521355441010170455&g_mp=Cilnb29nbGUubWFwcy5wbGFjZXMudjEuUGxhY2VzLlNlYXJjaE5lYXJieRACGAQgAA","google_icon_mask_base_uri":"https://maps.gstatic.com/mapfiles/place_api/icons/v2/worship_christian_pinlet","google_icon_background_color":"#7B9EB0","formatted_address":"2RRC+5JR, Tadian, Mountain Province, Philippines","business_status":"OPERATIONAL","rating":5,"user_rating_count":1,"barangay_slug":"masla","barangay_name":"Masla"},"geometry":{"type":"Point","coordinates":[120.82151359999997,17.040477]}},{"type":"Feature","properties":{"name":"Pandayan","kind":"business","kind_label":"Business","source":"google_places","google_place_id":"ChIJmY8brabVkTMRvvaTy3LetB4","google_primary_type":null,"google_primary_type_label":null,"google_types":["sublocality_level_2","sublocality","political"],"google_maps_uri":"https://maps.google.com/?cid=2212637901568865982&g_mp=Cidnb29nbGUubWFwcy5wbGFjZXMudjEuUGxhY2VzLlNlYXJjaFRleHQQAhgEIAA","google_icon_mask_base_uri":"https://maps.gstatic.com/mapfiles/place_api/icons/v2/generic_pinlet","google_icon_background_color":"#7B9EB0","formatted_address":"Pandayan, Tadian, Mountain Province, Philippines","business_status":null,"rating":null,"user_rating_count":null,"barangay_slug":"pandayan","barangay_name":"Pandayan"},"geometry":{"type":"Point","coordinates":[120.8412807,16.9433512]}},{"type":"Feature","properties":{"name":"PANDAYAN","kind":"business","kind_label":"Business","source":"google_places","google_place_id":"ChIJj90TQgDVkTMRD3IhA-yAocU","google_primary_type":"point_of_interest","google_primary_type_label":"Point of interest","google_types":["point_of_interest","establishment"],"google_maps_uri":"https://maps.google.com/?cid=14240805247875379727&g_mp=Cidnb29nbGUubWFwcy5wbGFjZXMudjEuUGxhY2VzLlNlYXJjaFRleHQQAhgEIAA","google_icon_mask_base_uri":"https://maps.gstatic.com/mapfiles/place_api/icons/v2/generic_pinlet","google_icon_background_color":"#7B9EB0","formatted_address":"WRPP+XRM, Tadian, Mountain Province, Philippines","business_status":"OPERATIONAL","rating":null,"user_rating_count":null,"barangay_slug":"pandayan","barangay_name":"Pandayan"},"geometry":{"type":"Point","coordinates":[120.8370384,16.937471]}},{"type":"Feature","properties":{"name":"Pandayan Dap-ay","kind":"govt","kind_label":"Government","source":"google_places","google_place_id":"ChIJr8dJsrHVkTMR0bOabJxWb7s","google_primary_type":"government_office","google_primary_type_label":"Government Office","google_types":["government_office","point_of_interest","service","establishment"],"google_maps_uri":"https://maps.google.com/?cid=13506109037344371665&g_mp=Cilnb29nbGUubWFwcy5wbGFjZXMudjEuUGxhY2VzLlNlYXJjaE5lYXJieRACGAQgAA","google_icon_mask_base_uri":"https://maps.gstatic.com/mapfiles/place_api/icons/v2/civic-bldg_pinlet","google_icon_background_color":"#7B9EB0","formatted_address":"WRQP+FHQ, Cagubatan-Panadayan Rd, Tadian, Mountain Province, Philippines","business_status":"OPERATIONAL","rating":5,"user_rating_count":1,"barangay_slug":"pandayan","barangay_name":"Pandayan"},"geometry":{"type":"Point","coordinates":[120.83647540000001,16.9387127]}},{"type":"Feature","properties":{"name":"4G Variety Store","kind":"market","kind_label":"Market","source":"google_places","google_place_id":"ChIJ6_O-JwDVkTMR8neY2NYHOJE","google_primary_type":"convenience_store","google_primary_type_label":"Convenience Store","google_types":["convenience_store","food_store","store","point_of_interest","food","establishment"],"google_maps_uri":"https://maps.google.com/?cid=10464122353533614066&g_mp=Cilnb29nbGUubWFwcy5wbGFjZXMudjEuUGxhY2VzLlNlYXJjaE5lYXJieRACGAQgAA","google_icon_mask_base_uri":"https://maps.gstatic.com/mapfiles/place_api/icons/v2/convenience_pinlet","google_icon_background_color":"#4B96F3","formatted_address":"WRQP+RGH, Cagubatan-Panadayan Rd, Tadian, Mountain Province, Philippines","business_status":"OPERATIONAL","rating":5,"user_rating_count":1,"barangay_slug":"pandayan","barangay_name":"Pandayan"},"geometry":{"type":"Point","coordinates":[120.8363515,16.939561800000003]}},{"type":"Feature","properties":{"name":"Briones Store","kind":"market","kind_label":"Market","source":"google_places","google_place_id":"ChIJDxiQVQDVkTMR5AD-E_Sm50c","google_primary_type":"grocery_store","google_primary_type_label":"Grocery Store","google_types":["grocery_store","food_store","store","point_of_interest","food","establishment"],"google_maps_uri":"https://maps.google.com/?cid=5181293463550689508&g_mp=Cilnb29nbGUubWFwcy5wbGFjZXMudjEuUGxhY2VzLlNlYXJjaE5lYXJieRACGAQgAA","google_icon_mask_base_uri":"https://maps.gstatic.com/mapfiles/place_api/icons/v2/shoppingcart_pinlet","google_icon_background_color":"#4B96F3","formatted_address":"WRPP+WM6, Cagubatan-Panadayan Rd, Tadian, Mountain Province, Philippines","business_status":"OPERATIONAL","rating":null,"user_rating_count":null,"barangay_slug":"pandayan","barangay_name":"Pandayan"},"geometry":{"type":"Point","coordinates":[120.8375746,16.9374669]}},{"type":"Feature","properties":{"name":"Pandayan Elementary School","kind":"school","kind_label":"School","source":"google_places","google_place_id":"ChIJPbz_ULDVkTMR8OJVRR_juOA","google_primary_type":"primary_school","google_primary_type_label":"Elementary School","google_types":["primary_school","school","educational_institution","point_of_interest","establishment"],"google_maps_uri":"https://maps.google.com/?cid=16192942183657366256&g_mp=Cilnb29nbGUubWFwcy5wbGFjZXMudjEuUGxhY2VzLlNlYXJjaE5lYXJieRACGAQgAA","google_icon_mask_base_uri":"https://maps.gstatic.com/mapfiles/place_api/icons/v2/school_pinlet","google_icon_background_color":"#7B9EB0","formatted_address":"WRQP+QCP, Tadian, Mountain Province, Philippines","business_status":"OPERATIONAL","rating":null,"user_rating_count":null,"barangay_slug":"pandayan","barangay_name":"Pandayan"},"geometry":{"type":"Point","coordinates":[120.83606959999997,16.9394548]}},{"type":"Feature","properties":{"name":"Roman Catholic Church","kind":"worship","kind_label":"Worship","source":"google_places","google_place_id":"ChIJy4fqUrDVkTMR1CFZLVdc9L4","google_primary_type":"church","google_primary_type_label":"Church","google_types":["church","place_of_worship","association_or_organization","point_of_interest","establishment"],"google_maps_uri":"https://maps.google.com/?cid=13759724291016434132&g_mp=Cilnb29nbGUubWFwcy5wbGFjZXMudjEuUGxhY2VzLlNlYXJjaE5lYXJieRACGAQgAA","google_icon_mask_base_uri":"https://maps.gstatic.com/mapfiles/place_api/icons/v2/worship_christian_pinlet","google_icon_background_color":"#7B9EB0","formatted_address":"WRQP+JF6, Cagubatan-Panadayan Rd, Tadian, Mountain Province, Philippines","business_status":"OPERATIONAL","rating":null,"user_rating_count":null,"barangay_slug":"pandayan","barangay_name":"Pandayan"},"geometry":{"type":"Point","coordinates":[120.8361554,16.939025]}},{"type":"Feature","properties":{"name":"Saint Charles Borromeo Church","kind":"worship","kind_label":"Worship","source":"google_places","google_place_id":"ChIJSVWVUrDVkTMRCbn2rBJRuK8","google_primary_type":"church","google_primary_type_label":"Church","google_types":["church","place_of_worship","association_or_organization","point_of_interest","establishment"],"google_maps_uri":"https://maps.google.com/?cid=12661959493005261065&g_mp=Cilnb29nbGUubWFwcy5wbGFjZXMudjEuUGxhY2VzLlNlYXJjaE5lYXJieRACGAQgAA","google_icon_mask_base_uri":"https://maps.gstatic.com/mapfiles/place_api/icons/v2/worship_christian_pinlet","google_icon_background_color":"#7B9EB0","formatted_address":"WRQP+JF3, Tadian, Mountain Province, Philippines","business_status":"OPERATIONAL","rating":null,"user_rating_count":null,"barangay_slug":"pandayan","barangay_name":"Pandayan"},"geometry":{"type":"Point","coordinates":[120.8361661,16.939021200000003]}},{"type":"Feature","properties":{"name":"St anselm of canterbury (anglican)","kind":"worship","kind_label":"Worship","source":"google_places","google_place_id":"ChIJ7YFtaADVkTMRbG7lqj04XtM","google_primary_type":"church","google_primary_type_label":"Church","google_types":["church","place_of_worship","association_or_organization","point_of_interest","establishment"],"google_maps_uri":"https://maps.google.com/?cid=15230672827324919404&g_mp=Cilnb29nbGUubWFwcy5wbGFjZXMudjEuUGxhY2VzLlNlYXJjaE5lYXJieRACGAQgAA","google_icon_mask_base_uri":"https://maps.gstatic.com/mapfiles/place_api/icons/v2/worship_christian_pinlet","google_icon_background_color":"#7B9EB0","formatted_address":"WRVR+8GR, Panadayan, Tadian, Mountain Province, Philippines","business_status":"OPERATIONAL","rating":null,"user_rating_count":null,"barangay_slug":"pandayan","barangay_name":"Pandayan"},"geometry":{"type":"Point","coordinates":[120.8412807,16.9433512]}},{"type":"Feature","properties":{"name":"St Anselm's Church","kind":"worship","kind_label":"Worship","source":"google_places","google_place_id":"ChIJZYbbTLDVkTMRD-mBeQUvp3s","google_primary_type":"church","google_primary_type_label":"Church","google_types":["church","place_of_worship","association_or_organization","point_of_interest","establishment"],"google_maps_uri":"https://maps.google.com/?cid=8910142088335714575&g_mp=Cilnb29nbGUubWFwcy5wbGFjZXMudjEuUGxhY2VzLlNlYXJjaE5lYXJieRACGAQgAA","google_icon_mask_base_uri":"https://maps.gstatic.com/mapfiles/place_api/icons/v2/worship_christian_pinlet","google_icon_background_color":"#7B9EB0","formatted_address":"St. Anselm's Rectory, Cagubatan-Panadayan Rd, Tadian, Mountain Province, Philippines","business_status":"OPERATIONAL","rating":4,"user_rating_count":1,"barangay_slug":"pandayan","barangay_name":"Pandayan"},"geometry":{"type":"Point","coordinates":[120.83625169999999,16.9388185]}},{"type":"Feature","properties":{"name":"ADJ Anengyao Store","kind":"business","kind_label":"Business","source":"google_places","google_place_id":"ChIJPZtJdgArjjMR7nCrneFfUOY","google_primary_type":"store","google_primary_type_label":"Store","google_types":["store","point_of_interest","establishment"],"google_maps_uri":"https://maps.google.com/?cid=16595870049477816558&g_mp=Cilnb29nbGUubWFwcy5wbGFjZXMudjEuUGxhY2VzLlNlYXJjaE5lYXJieRACGAQgAA","google_icon_mask_base_uri":"https://maps.gstatic.com/mapfiles/place_api/icons/v2/shopping_pinlet","google_icon_background_color":"#4B96F3","formatted_address":"120-3, 120 Tadian - Besao Rd, Tadian, Mountain Province, Philippines","business_status":"OPERATIONAL","rating":null,"user_rating_count":null,"barangay_slug":"poblacion","barangay_name":"Poblacion"},"geometry":{"type":"Point","coordinates":[120.82028909999998,16.9965673]}},{"type":"Feature","properties":{"name":"AJJ FOOD HUB","kind":"business","kind_label":"Business","source":"google_places","google_place_id":"ChIJhR5GFpkrjjMR0FwI_lAinsg","google_primary_type":"food","google_primary_type_label":"Food","google_types":["point_of_interest","food","establishment"],"google_maps_uri":"https://maps.google.com/?cid=14456029585160559824&g_mp=Cidnb29nbGUubWFwcy5wbGFjZXMudjEuUGxhY2VzLlNlYXJjaFRleHQQAhgEIAA","google_icon_mask_base_uri":"https://maps.gstatic.com/mapfiles/place_api/icons/v2/generic_pinlet","google_icon_background_color":"#7B9EB0","formatted_address":"EGAN, Poblacion, Tadian, 2620 Mountain Province, Philippines","business_status":"OPERATIONAL","rating":null,"user_rating_count":null,"barangay_slug":"poblacion","barangay_name":"Poblacion"},"geometry":{"type":"Point","coordinates":[120.81492929999999,16.9999632]}},{"type":"Feature","properties":{"name":"Alluha Japan Surplus","kind":"business","kind_label":"Business","source":"google_places","google_place_id":"ChIJVyP6aOkrjjMRMH65TxlgV0E","google_primary_type":"home_goods_store","google_primary_type_label":"Home Goods Store","google_types":["home_goods_store","point_of_interest","store","establishment"],"google_maps_uri":"https://maps.google.com/?cid=4708337597267148336&g_mp=Cilnb29nbGUubWFwcy5wbGFjZXMudjEuUGxhY2VzLlNlYXJjaE5lYXJieRACGAQgAA","google_icon_mask_base_uri":"https://maps.gstatic.com/mapfiles/place_api/icons/v2/shopping_pinlet","google_icon_background_color":"#4B96F3","formatted_address":"XRWC+4X7, Poblacion, Tadian, Mountain Province, Philippines","business_status":"OPERATIONAL","rating":null,"user_rating_count":null,"barangay_slug":"poblacion","barangay_name":"Poblacion"},"geometry":{"type":"Point","coordinates":[120.82242280000001,16.99529]}},{"type":"Feature","properties":{"name":"Alluha Resto","kind":"business","kind_label":"Business","source":"google_places","google_place_id":"ChIJXQPnmUgrjjMRARoTcqOFbMM","google_primary_type":"restaurant","google_primary_type_label":"Restaurant","google_types":["restaurant","point_of_interest","food","establishment"],"google_maps_uri":"https://maps.google.com/?cid=14081777071920716289&g_mp=Cilnb29nbGUubWFwcy5wbGFjZXMudjEuUGxhY2VzLlNlYXJjaE5lYXJieRACGAQgAA","google_icon_mask_base_uri":"https://maps.gstatic.com/mapfiles/place_api/icons/v2/restaurant_pinlet","google_icon_background_color":"#FF9E67","formatted_address":"XRWC+4XG, Poblacion, Tadian, Mountain Province, Philippines","business_status":"OPERATIONAL","rating":null,"user_rating_count":null,"barangay_slug":"poblacion","barangay_name":"Poblacion"},"geometry":{"type":"Point","coordinates":[120.822447,16.995319200000004]}},{"type":"Feature","properties":{"name":"Bikini Bottom Diner","kind":"business","kind_label":"Business","source":"google_places","google_place_id":"ChIJAQEcDr8rjjMRc21wNAysrEo","google_primary_type":"american_restaurant","google_primary_type_label":"American Restaurant","google_types":["american_restaurant","restaurant","point_of_interest","food","establishment"],"google_maps_uri":"https://maps.google.com/?cid=5380864823220268403&g_mp=Cilnb29nbGUubWFwcy5wbGFjZXMudjEuUGxhY2VzLlNlYXJjaE5lYXJieRACGAQgAA","google_icon_mask_base_uri":"https://maps.gstatic.com/mapfiles/place_api/icons/v2/restaurant_pinlet","google_icon_background_color":"#FF9E67","formatted_address":"2R3F+MJ3, Tadian, Mountain Province, Philippines","business_status":"OPERATIONAL","rating":null,"user_rating_count":null,"barangay_slug":"poblacion","barangay_name":"Poblacion"},"geometry":{"type":"Point","coordinates":[120.8240513,17.004136400000004]}},{"type":"Feature","properties":{"name":"Bolibo Cafe'","kind":"business","kind_label":"Business","source":"google_places","google_place_id":"ChIJL6QG9dwrjjMRpv-NEGQwYXM","google_primary_type":"cafe","google_primary_type_label":"Cafe","google_types":["cafe","point_of_interest","food","establishment"],"google_maps_uri":"https://maps.google.com/?cid=8313979593435250598&g_mp=Cilnb29nbGUubWFwcy5wbGFjZXMudjEuUGxhY2VzLlNlYXJjaE5lYXJieRACGAQgAA","google_icon_mask_base_uri":"https://maps.gstatic.com/mapfiles/place_api/icons/v2/cafe_pinlet","google_icon_background_color":"#FF9E67","formatted_address":"XRX8+X57, Besao Road, Tadian, Mountain Province, Philippines","business_status":"OPERATIONAL","rating":5,"user_rating_count":3,"barangay_slug":"poblacion","barangay_name":"Poblacion"},"geometry":{"type":"Point","coordinates":[120.81540729999999,16.9999102]}},{"type":"Feature","properties":{"name":"Camjo Cafe & Inn","kind":"business","kind_label":"Business","source":"google_places","google_place_id":"ChIJO3Bo6xUqjjMRkXgI7GEBCIQ","google_primary_type":"cafe","google_primary_type_label":"Cafe","google_types":["cafe","point_of_interest","food","establishment"],"google_maps_uri":"https://maps.google.com/?cid=9513855732903606417&g_mp=Cilnb29nbGUubWFwcy5wbGFjZXMudjEuUGxhY2VzLlNlYXJjaE5lYXJieRACGAQgAA","google_icon_mask_base_uri":"https://maps.gstatic.com/mapfiles/place_api/icons/v2/cafe_pinlet","google_icon_background_color":"#FF9E67","formatted_address":"Tadian, Mountain Province, Philippines","business_status":"OPERATIONAL","rating":null,"user_rating_count":null,"barangay_slug":"poblacion","barangay_name":"Poblacion"},"geometry":{"type":"Point","coordinates":[120.8225714,16.9954732]}},{"type":"Feature","properties":{"name":"Church Cemetery","kind":"business","kind_label":"Business","source":"google_places","google_place_id":"ChIJq6p6eT4qjjMR86OSuk1dkeo","google_primary_type":"cemetery","google_primary_type_label":"Cemetery","google_types":["cemetery","point_of_interest","service","establishment"],"google_maps_uri":"https://maps.google.com/?cid=16902393464922219507&g_mp=Cilnb29nbGUubWFwcy5wbGFjZXMudjEuUGxhY2VzLlNlYXJjaE5lYXJieRACGAQgAA","google_icon_mask_base_uri":"https://maps.gstatic.com/mapfiles/place_api/icons/v2/cemetery_pinlet","google_icon_background_color":"#7B9EB0","formatted_address":"XRXC+GHQ, Tadian, Mountain Province, Philippines","business_status":"OPERATIONAL","rating":null,"user_rating_count":null,"barangay_slug":"poblacion","barangay_name":"Poblacion"},"geometry":{"type":"Point","coordinates":[120.8214937,16.9988444]}},{"type":"Feature","properties":{"name":"CRISTINA'S STORE","kind":"business","kind_label":"Business","source":"google_places","google_place_id":"ChIJ65CRHBYqjjMRgILcmwJiPI8","google_primary_type":"clothing_store","google_primary_type_label":"Clothing Store","google_types":["clothing_store","point_of_interest","store","establishment"],"google_maps_uri":"https://maps.google.com/?cid=10321232209370710656&g_mp=Cilnb29nbGUubWFwcy5wbGFjZXMudjEuUGxhY2VzLlNlYXJjaE5lYXJieRACGAQgAA","google_icon_mask_base_uri":"https://maps.gstatic.com/mapfiles/place_api/icons/v2/shopping_pinlet","google_icon_background_color":"#4B96F3","formatted_address":"15 Tadian - Besao Rd, Tadian, Mountain Province, Philippines","business_status":"OPERATIONAL","rating":null,"user_rating_count":null,"barangay_slug":"poblacion","barangay_name":"Poblacion"},"geometry":{"type":"Point","coordinates":[120.82028940000001,16.996565999999998]}},{"type":"Feature","properties":{"name":"Dwyne Jhayden Food Haus","kind":"business","kind_label":"Business","source":"google_places","google_place_id":"ChIJr5g9GgArjjMRBkbDMLrsnXE","google_primary_type":"food_court","google_primary_type_label":"Food Court","google_types":["food_court","point_of_interest","food","establishment"],"google_maps_uri":"https://maps.google.com/?cid=8186959982055605766&g_mp=Cidnb29nbGUubWFwcy5wbGFjZXMudjEuUGxhY2VzLlNlYXJjaFRleHQQAhgEIAA","google_icon_mask_base_uri":"https://maps.gstatic.com/mapfiles/place_api/icons/v2/restaurant_pinlet","google_icon_background_color":"#FF9E67","formatted_address":"XRWC+98H, Poblacion, Tadian, Mountain Province, Philippines","business_status":"OPERATIONAL","rating":null,"user_rating_count":null,"barangay_slug":"poblacion","barangay_name":"Poblacion"},"geometry":{"type":"Point","coordinates":[120.82084429999999,16.9959465]}},{"type":"Feature","properties":{"name":"Enyaki Hauss Restaurant & Catering Services","kind":"business","kind_label":"Business","source":"google_places","google_place_id":"ChIJxSB3QMErjjMRkEr52lwF1Gg","google_primary_type":"restaurant","google_primary_type_label":"Restaurant","google_types":["restaurant","point_of_interest","food","establishment"],"google_maps_uri":"https://maps.google.com/?cid=7553668371376065168&g_mp=Cilnb29nbGUubWFwcy5wbGFjZXMudjEuUGxhY2VzLlNlYXJjaE5lYXJieRACGAQgAA","google_icon_mask_base_uri":"https://maps.gstatic.com/mapfiles/place_api/icons/v2/restaurant_pinlet","google_icon_background_color":"#FF9E67","formatted_address":"Papacdean, XRXF+87W, Tadian, Mountain Province, Philippines","business_status":"OPERATIONAL","rating":5,"user_rating_count":2,"barangay_slug":"poblacion","barangay_name":"Poblacion"},"geometry":{"type":"Point","coordinates":[120.82319129999998,16.998352000000004]}},{"type":"Feature","properties":{"name":"Filomina's Eatery","kind":"business","kind_label":"Business","source":"google_places","google_place_id":"ChIJ3XqmjBUqjjMR8pxYQwOcsTs","google_primary_type":"restaurant","google_primary_type_label":"Restaurant","google_types":["restaurant","point_of_interest","food","establishment"],"google_maps_uri":"https://maps.google.com/?cid=4301390656944250098&g_mp=Cilnb29nbGUubWFwcy5wbGFjZXMudjEuUGxhY2VzLlNlYXJjaE5lYXJieRACGAQgAA","google_icon_mask_base_uri":"https://maps.gstatic.com/mapfiles/place_api/icons/v2/restaurant_pinlet","google_icon_background_color":"#FF9E67","formatted_address":"XRWF+C3V, Tagudin - Cervantes - Sabangan Rd, Tadian, Mountain Province, Philippines","business_status":"OPERATIONAL","rating":null,"user_rating_count":null,"barangay_slug":"poblacion","barangay_name":"Poblacion"},"geometry":{"type":"Point","coordinates":[120.8226693,16.9961205]}},{"type":"Feature","properties":{"name":"Handy Man Gadget Repair Shop","kind":"business","kind_label":"Business","source":"google_places","google_place_id":"ChIJ5dKdimArjjMRNbZ-BsJCKJ0","google_primary_type":"service","google_primary_type_label":"Services","google_types":["service","point_of_interest","establishment"],"google_maps_uri":"https://maps.google.com/?cid=11324374664123168309&g_mp=Cidnb29nbGUubWFwcy5wbGFjZXMudjEuUGxhY2VzLlNlYXJjaFRleHQQAhgEIAA","google_icon_mask_base_uri":"https://maps.gstatic.com/mapfiles/place_api/icons/v2/generic_pinlet","google_icon_background_color":"#7B9EB0","formatted_address":"Papatayan, Poblacion, Tadian, 2620 Mountain Province, Philippines","business_status":"OPERATIONAL","rating":5,"user_rating_count":3,"barangay_slug":"poblacion","barangay_name":"Poblacion"},"geometry":{"type":"Point","coordinates":[120.8225228,16.996591]}},{"type":"Feature","properties":{"name":"Iglesia Ni Cristo [Mountain Province] - Tadian","kind":"business","kind_label":"Business","source":"google_places","google_place_id":"ChIJ06K2NxQqjjMRdocif3ZS-KY","google_primary_type":"place_of_worship","google_primary_type_label":"Place of Worship","google_types":["place_of_worship","association_or_organization","point_of_interest","establishment"],"google_maps_uri":"https://maps.google.com/?cid=12031457073412867958&g_mp=Cidnb29nbGUubWFwcy5wbGFjZXMudjEuUGxhY2VzLlNlYXJjaFRleHQQAhgEIAA","google_icon_mask_base_uri":"https://maps.gstatic.com/mapfiles/place_api/icons/v2/generic_pinlet","google_icon_background_color":"#7B9EB0","formatted_address":"Supang Poblacion, XRVF+82F, Tadian, 2620 Mountain Province, Philippines","business_status":"OPERATIONAL","rating":4.5,"user_rating_count":2,"barangay_slug":"poblacion","barangay_name":"Poblacion"},"geometry":{"type":"Point","coordinates":[120.8225406,16.9933133]}},{"type":"Feature","properties":{"name":"Jireh's Gasoline Station","kind":"business","kind_label":"Business","source":"google_places","google_place_id":"ChIJJ-I868QrjjMR60XLTtHfh_Y","google_primary_type":"store","google_primary_type_label":"Store","google_types":["store","point_of_interest","establishment"],"google_maps_uri":"https://maps.google.com/?cid=17764413345249314283&g_mp=Cilnb29nbGUubWFwcy5wbGFjZXMudjEuUGxhY2VzLlNlYXJjaE5lYXJieRACGAQgAA","google_icon_mask_base_uri":"https://maps.gstatic.com/mapfiles/place_api/icons/v2/shopping_pinlet","google_icon_background_color":"#4B96F3","formatted_address":"Tadian, Mountain Province, Philippines","business_status":"OPERATIONAL","rating":null,"user_rating_count":null,"barangay_slug":"poblacion","barangay_name":"Poblacion"},"geometry":{"type":"Point","coordinates":[120.8252055,16.9987131]}},{"type":"Feature","properties":{"name":"JKD Pizza House","kind":"business","kind_label":"Business","source":"google_places","google_place_id":"ChIJ0-oP5RUqjjMRpzncTSyQ1_o","google_primary_type":"restaurant","google_primary_type_label":"Restaurant","google_types":["restaurant","point_of_interest","food","establishment"],"google_maps_uri":"https://maps.google.com/?cid=18075074149434014119&g_mp=Cilnb29nbGUubWFwcy5wbGFjZXMudjEuUGxhY2VzLlNlYXJjaE5lYXJieRACGAQgAA","google_icon_mask_base_uri":"https://maps.gstatic.com/mapfiles/place_api/icons/v2/restaurant_pinlet","google_icon_background_color":"#FF9E67","formatted_address":"XRWC+8PJ, Tadian, Mountain Province, Philippines","business_status":"OPERATIONAL","rating":null,"user_rating_count":null,"barangay_slug":"poblacion","barangay_name":"Poblacion"},"geometry":{"type":"Point","coordinates":[120.82177379999999,16.9958316]}},{"type":"Feature","properties":{"name":"Karhel's Electrical Supply","kind":"business","kind_label":"Business","source":"google_places","google_place_id":"ChIJuxs02RUqjjMRPfUt2Nzl6Ng","google_primary_type":"service","google_primary_type_label":"Services","google_types":["point_of_interest","service","store","establishment"],"google_maps_uri":"https://maps.google.com/?cid=15629995243471762749&g_mp=Cilnb29nbGUubWFwcy5wbGFjZXMudjEuUGxhY2VzLlNlYXJjaE5lYXJieRACGAQgAA","google_icon_mask_base_uri":"https://maps.gstatic.com/mapfiles/place_api/icons/v2/shopping_pinlet","google_icon_background_color":"#4B96F3","formatted_address":"XRVC+XHM, Besao Road, Tadian, Mountain Province, Philippines","business_status":"OPERATIONAL","rating":null,"user_rating_count":null,"barangay_slug":"poblacion","barangay_name":"Poblacion"},"geometry":{"type":"Point","coordinates":[120.8214367,16.994969599999997]}},{"type":"Feature","properties":{"name":"Kisofen Hardware Store","kind":"business","kind_label":"Business","source":"google_places","google_place_id":"ChIJH_RuBRYqjjMRLAOkpTRFCqA","google_primary_type":"building_materials_store","google_primary_type_label":"Building Materials Store","google_types":["building_materials_store","point_of_interest","store","establishment"],"google_maps_uri":"https://maps.google.com/?cid=11532105888255181612&g_mp=Cilnb29nbGUubWFwcy5wbGFjZXMudjEuUGxhY2VzLlNlYXJjaE5lYXJieRACGAQgAA","google_icon_mask_base_uri":"https://maps.gstatic.com/mapfiles/place_api/icons/v2/shopping_pinlet","google_icon_background_color":"#4B96F3","formatted_address":"XRWC+F6V, Besao Road, Tadian, Mountain Province, Philippines","business_status":"OPERATIONAL","rating":4,"user_rating_count":1,"barangay_slug":"poblacion","barangay_name":"Poblacion"},"geometry":{"type":"Point","coordinates":[120.8205417,16.9962432]}},{"type":"Feature","properties":{"name":"Klay's Sip and Savor","kind":"business","kind_label":"Business","source":"google_places","google_place_id":"ChIJv_1YbLQrjjMRxCgHzQwhM5c","google_primary_type":"food","google_primary_type_label":"Food","google_types":["food","point_of_interest","establishment"],"google_maps_uri":"https://maps.google.com/?cid=10895088262402484420&g_mp=Cidnb29nbGUubWFwcy5wbGFjZXMudjEuUGxhY2VzLlNlYXJjaFRleHQQAhgEIAA","google_icon_mask_base_uri":"https://maps.gstatic.com/mapfiles/place_api/icons/v2/generic_pinlet","google_icon_background_color":"#7B9EB0","formatted_address":"Egan, Poblacion, Tadian, 2620 Mountain Province, Philippines","business_status":"OPERATIONAL","rating":5,"user_rating_count":1,"barangay_slug":"poblacion","barangay_name":"Poblacion"},"geometry":{"type":"Point","coordinates":[120.82694749999999,17.0019935]}},{"type":"Feature","properties":{"name":"Marie June Bakeshop and Refilling Station","kind":"business","kind_label":"Business","source":"google_places","google_place_id":"ChIJJ5BlPz0qjjMRZ8cFuimpudY","google_primary_type":"cafe","google_primary_type_label":"Cafe","google_types":["cafe","point_of_interest","food","establishment"],"google_maps_uri":"https://maps.google.com/?cid=15472583991487743847&g_mp=Cilnb29nbGUubWFwcy5wbGFjZXMudjEuUGxhY2VzLlNlYXJjaE5lYXJieRACGAQgAA","google_icon_mask_base_uri":"https://maps.gstatic.com/mapfiles/place_api/icons/v2/cafe_pinlet","google_icon_background_color":"#FF9E67","formatted_address":"XRX8+GJP, Besao Road, Tadian, Mountain Province, Philippines","business_status":"OPERATIONAL","rating":null,"user_rating_count":null,"barangay_slug":"poblacion","barangay_name":"Poblacion"},"geometry":{"type":"Point","coordinates":[120.81658910000002,16.9988396]}},{"type":"Feature","properties":{"name":"MarrGun Restaurant","kind":"business","kind_label":"Business","source":"google_places","google_place_id":"ChIJa_4iOW0rjjMRMZrySULnlow","google_primary_type":"restaurant","google_primary_type_label":"Restaurant","google_types":["restaurant","point_of_interest","food","establishment"],"google_maps_uri":"https://maps.google.com/?cid=10130538683711003185&g_mp=Cilnb29nbGUubWFwcy5wbGFjZXMudjEuUGxhY2VzLlNlYXJjaE5lYXJieRACGAQgAA","google_icon_mask_base_uri":"https://maps.gstatic.com/mapfiles/place_api/icons/v2/restaurant_pinlet","google_icon_background_color":"#FF9E67","formatted_address":"Egan, Poblacion, Tadian, 2620 Mountain Province, Philippines","business_status":"OPERATIONAL","rating":null,"user_rating_count":null,"barangay_slug":"poblacion","barangay_name":"Poblacion"},"geometry":{"type":"Point","coordinates":[120.8166938,16.999051899999998]}},{"type":"Feature","properties":{"name":"Md's Cafe And Restaurant","kind":"business","kind_label":"Business","source":"google_places","google_place_id":"ChIJpYfwBBYqjjMRBHxOot_m0U4","google_primary_type":"restaurant","google_primary_type_label":"Restaurant","google_types":["restaurant","point_of_interest","food","establishment"],"google_maps_uri":"https://maps.google.com/?cid=5679574453266054148&g_mp=Cilnb29nbGUubWFwcy5wbGFjZXMudjEuUGxhY2VzLlNlYXJjaE5lYXJieRACGAQgAA","google_icon_mask_base_uri":"https://maps.gstatic.com/mapfiles/place_api/icons/v2/restaurant_pinlet","google_icon_background_color":"#FF9E67","formatted_address":"Tadian, Mountain Province, Philippines","business_status":"OPERATIONAL","rating":null,"user_rating_count":null,"barangay_slug":"poblacion","barangay_name":"Poblacion"},"geometry":{"type":"Point","coordinates":[120.8206079,16.9963612]}},{"type":"Feature","properties":{"name":"Members Church Of God International Tadian","kind":"business","kind_label":"Business","source":"google_places","google_place_id":"ChIJZTbIez0qjjMRjTrH9S75dJE","google_primary_type":"association_or_organization","google_primary_type_label":"Association / Organization","google_types":["association_or_organization","point_of_interest","establishment"],"google_maps_uri":"https://maps.google.com/?cid=10481276212885273229&g_mp=Cidnb29nbGUubWFwcy5wbGFjZXMudjEuUGxhY2VzLlNlYXJjaFRleHQQAhgEIAA","google_icon_mask_base_uri":"https://maps.gstatic.com/mapfiles/place_api/icons/v2/generic_pinlet","google_icon_background_color":"#7B9EB0","formatted_address":"XRX9+34P, Tadian - Besao Rd, Tadian, Mountain Province, Philippines","business_status":"OPERATIONAL","rating":5,"user_rating_count":2,"barangay_slug":"poblacion","barangay_name":"Poblacion"},"geometry":{"type":"Point","coordinates":[120.8178365,16.997718499999998]}},{"type":"Feature","properties":{"name":"Mountain Province State Polytechnic College - Tadian Campus","kind":"business","kind_label":"Business","source":"google_places","google_place_id":"ChIJxeHKLwArjjMRZxWTpVR-4sg","google_primary_type":"educational_institution","google_primary_type_label":"Educational Institution","google_types":["educational_institution","point_of_interest","establishment"],"google_maps_uri":"https://maps.google.com/?cid=14475271054342428007&g_mp=Cidnb29nbGUubWFwcy5wbGFjZXMudjEuUGxhY2VzLlNlYXJjaFRleHQQAhgEIAA","google_icon_mask_base_uri":"https://maps.gstatic.com/mapfiles/place_api/icons/v2/school_pinlet","google_icon_background_color":"#7B9EB0","formatted_address":"XRX7+P69, Tadian - Besao Rd, Tadian, Mountain Province, Philippines","business_status":"OPERATIONAL","rating":5,"user_rating_count":2,"barangay_slug":"poblacion","barangay_name":"Poblacion"},"geometry":{"type":"Point","coordinates":[120.81271459999999,16.998026]}},{"type":"Feature","properties":{"name":"Nebur hardware tools trading","kind":"business","kind_label":"Business","source":"google_places","google_place_id":"ChIJPU6yMKwrjjMRRqZT-regbjo","google_primary_type":"hardware_store","google_primary_type_label":"Hardware Store","google_types":["hardware_store","building_materials_store","point_of_interest","store","establishment"],"google_maps_uri":"https://maps.google.com/?cid=4210479413677237830&g_mp=Cilnb29nbGUubWFwcy5wbGFjZXMudjEuUGxhY2VzLlNlYXJjaE5lYXJieRACGAQgAA","google_icon_mask_base_uri":"https://maps.gstatic.com/mapfiles/place_api/icons/v2/shopping_pinlet","google_icon_background_color":"#4B96F3","formatted_address":"XRXC+5W4, Papacdean, Tadian, Mountain Province, Philippines","business_status":"OPERATIONAL","rating":null,"user_rating_count":null,"barangay_slug":"poblacion","barangay_name":"Poblacion"},"geometry":{"type":"Point","coordinates":[120.82233430000001,16.9978865]}},{"type":"Feature","properties":{"name":"Pagtaengan ti Native Delicacies","kind":"business","kind_label":"Business","source":"google_places","google_place_id":"ChIJf6fPSNsrjjMRi5eqn1V2k8k","google_primary_type":"restaurant","google_primary_type_label":"Restaurant","google_types":["restaurant","point_of_interest","food","establishment"],"google_maps_uri":"https://maps.google.com/?cid=14525083333323036555&g_mp=Cilnb29nbGUubWFwcy5wbGFjZXMudjEuUGxhY2VzLlNlYXJjaE5lYXJieRACGAQgAA","google_icon_mask_base_uri":"https://maps.gstatic.com/mapfiles/place_api/icons/v2/restaurant_pinlet","google_icon_background_color":"#FF9E67","formatted_address":"XRVF+J6G, Diversion Rd, Biday, San Fernando, La Union, Philippines","business_status":"OPERATIONAL","rating":1,"user_rating_count":1,"barangay_slug":"poblacion","barangay_name":"Poblacion"},"geometry":{"type":"Point","coordinates":[120.82307159999998,16.994059099999998]}},{"type":"Feature","properties":{"name":"Poblacion Tadian Community Center","kind":"business","kind_label":"Business","source":"google_places","google_place_id":"ChIJB--fDhYqjjMRpb9V-J5MM1Y","google_primary_type":"community_center","google_primary_type_label":"Community Center","google_types":["community_center","event_venue","point_of_interest","service","establishment"],"google_maps_uri":"https://maps.google.com/?cid=6211392556728958885&g_mp=Cidnb29nbGUubWFwcy5wbGFjZXMudjEuUGxhY2VzLlNlYXJjaFRleHQQAhgEIAA","google_icon_mask_base_uri":"https://maps.gstatic.com/mapfiles/place_api/icons/v2/generic_pinlet","google_icon_background_color":"#7B9EB0","formatted_address":"XRXF+43V, Tadian, Mountain Province, Philippines","business_status":"OPERATIONAL","rating":4.7,"user_rating_count":9,"barangay_slug":"poblacion","barangay_name":"Poblacion"},"geometry":{"type":"Point","coordinates":[120.82268059999998,16.9978552]}},{"type":"Feature","properties":{"name":"Poblacion,Tadian poblacion mountain province","kind":"business","kind_label":"Business","source":"google_places","google_place_id":"ChIJTeN9YAArjjMRAW6egLGG4mw","google_primary_type":"association_or_organization","google_primary_type_label":"Association / Organization","google_types":["association_or_organization","service","point_of_interest","establishment"],"google_maps_uri":"https://maps.google.com/?cid=7845981597758025217&g_mp=Cidnb29nbGUubWFwcy5wbGFjZXMudjEuUGxhY2VzLlNlYXJjaFRleHQQAhgEIAA","google_icon_mask_base_uri":"https://maps.gstatic.com/mapfiles/place_api/icons/v2/generic_pinlet","google_icon_background_color":"#7B9EB0","formatted_address":"2R3F+MJ3, Poblacion, Tadian, Mountain Province, Philippines","business_status":"OPERATIONAL","rating":5,"user_rating_count":1,"barangay_slug":"poblacion","barangay_name":"Poblacion"},"geometry":{"type":"Point","coordinates":[120.8240513,17.004136400000004]}},{"type":"Feature","properties":{"name":"Q","kind":"business","kind_label":"Business","source":"google_places","google_place_id":"ChIJLY0AVkArjjMRPzznvinl9p4","google_primary_type":"finance","google_primary_type_label":"Banking and Finance","google_types":["finance","consultant","service","point_of_interest","establishment"],"google_maps_uri":"https://maps.google.com/?cid=11454594669722680383&g_mp=Cidnb29nbGUubWFwcy5wbGFjZXMudjEuUGxhY2VzLlNlYXJjaFRleHQQAhgEIAA","google_icon_mask_base_uri":"https://maps.gstatic.com/mapfiles/place_api/icons/v2/generic_pinlet","google_icon_background_color":"#7B9EB0","formatted_address":"Egan, Tadian, 2620 Mountain Province, Philippines","business_status":"OPERATIONAL","rating":null,"user_rating_count":null,"barangay_slug":"poblacion","barangay_name":"Poblacion"},"geometry":{"type":"Point","coordinates":[120.81613159999999,16.9993029]}},{"type":"Feature","properties":{"name":"Siomaiyan @ Ol-is","kind":"business","kind_label":"Business","source":"google_places","google_place_id":"ChIJ4_JoiOArjjMRdQLFby5LQHE","google_primary_type":"cafe","google_primary_type_label":"Cafe","google_types":["cafe","point_of_interest","food","establishment"],"google_maps_uri":"https://maps.google.com/?cid=8160605187611099765&g_mp=Cilnb29nbGUubWFwcy5wbGFjZXMudjEuUGxhY2VzLlNlYXJjaE5lYXJieRACGAQgAA","google_icon_mask_base_uri":"https://maps.gstatic.com/mapfiles/place_api/icons/v2/cafe_pinlet","google_icon_background_color":"#FF9E67","formatted_address":"2R28+CMP, Tadian, Mountain Province, Philippines","business_status":"OPERATIONAL","rating":4.9,"user_rating_count":7,"barangay_slug":"poblacion","barangay_name":"Poblacion"},"geometry":{"type":"Point","coordinates":[120.8166952,17.001081799999998]}},{"type":"Feature","properties":{"name":"SMAA Basketball Court","kind":"business","kind_label":"Business","source":"google_places","google_place_id":"ChIJ8QVt7j0qjjMR4VsnGf-KJ3I","google_primary_type":null,"google_primary_type_label":null,"google_types":["premise","street_address"],"google_maps_uri":"https://maps.google.com/?cid=8225696072658803681&g_mp=Cidnb29nbGUubWFwcy5wbGFjZXMudjEuUGxhY2VzLlNlYXJjaFRleHQQAhgEIAA","google_icon_mask_base_uri":"https://maps.gstatic.com/mapfiles/place_api/icons/v2/generic_pinlet","google_icon_background_color":"#7B9EB0","formatted_address":"SMAA Basketball Court, Tadian - Besao Rd, Tadian, Mountain Province, Philippines","business_status":null,"rating":null,"user_rating_count":null,"barangay_slug":"poblacion","barangay_name":"Poblacion"},"geometry":{"type":"Point","coordinates":[120.8201251,16.9976534]}},{"type":"Feature","properties":{"name":"St. Michael And All Angels Anglican Cemetery","kind":"business","kind_label":"Business","source":"google_places","google_place_id":"ChIJoXOAWg4rjjMRzhfuwjBdqKk","google_primary_type":"cemetery","google_primary_type_label":"Cemetery","google_types":["cemetery","point_of_interest","service","establishment"],"google_maps_uri":"https://maps.google.com/?cid=12225123652507408334&g_mp=Cilnb29nbGUubWFwcy5wbGFjZXMudjEuUGxhY2VzLlNlYXJjaE5lYXJieRACGAQgAA","google_icon_mask_base_uri":"https://maps.gstatic.com/mapfiles/place_api/icons/v2/cemetery_pinlet","google_icon_background_color":"#7B9EB0","formatted_address":"XRXC+65M Besao Road, Tadian, Mountain Province, Philippines","business_status":"OPERATIONAL","rating":5,"user_rating_count":2,"barangay_slug":"poblacion","barangay_name":"Poblacion"},"geometry":{"type":"Point","coordinates":[120.8204307,16.9980998]}},{"type":"Feature","properties":{"name":"SUMMIT BANK","kind":"business","kind_label":"Business","source":"google_places","google_place_id":"ChIJx5CYLBQqjjMRZK0XcKqUfqo","google_primary_type":"bank","google_primary_type_label":"Bank","google_types":["bank","finance","point_of_interest","establishment"],"google_maps_uri":"https://maps.google.com/?cid=12285420293259242852&g_mp=Cilnb29nbGUubWFwcy5wbGFjZXMudjEuUGxhY2VzLlNlYXJjaE5lYXJieRACGAQgAA","google_icon_mask_base_uri":"https://maps.gstatic.com/mapfiles/place_api/icons/v2/bank-intl_pinlet","google_icon_background_color":"#909CE1","formatted_address":"XRVC+HJG, Tadian, Mountain Province, Philippines","business_status":"OPERATIONAL","rating":1,"user_rating_count":1,"barangay_slug":"poblacion","barangay_name":"Poblacion"},"geometry":{"type":"Point","coordinates":[120.8215682,16.9939334]}},{"type":"Feature","properties":{"name":"TADE’s Billiards","kind":"business","kind_label":"Business","source":"google_places","google_place_id":"ChIJ-wHcN8ErjjMR7DMOfVmQ-hI","google_primary_type":"store","google_primary_type_label":"Store","google_types":["point_of_interest","store","establishment"],"google_maps_uri":"https://maps.google.com/?cid=1367564150884938732&g_mp=Cilnb29nbGUubWFwcy5wbGFjZXMudjEuUGxhY2VzLlNlYXJjaE5lYXJieRACGAQgAA","google_icon_mask_base_uri":"https://maps.gstatic.com/mapfiles/place_api/icons/v2/shopping_pinlet","google_icon_background_color":"#4B96F3","formatted_address":"Ol-is, Poblacion, Tadian, 2620 Mountain Province, Philippines","business_status":"OPERATIONAL","rating":null,"user_rating_count":null,"barangay_slug":"poblacion","barangay_name":"Poblacion"},"geometry":{"type":"Point","coordinates":[120.81722490000001,17.0017623]}},{"type":"Feature","properties":{"name":"TADIAN CEMETRY","kind":"business","kind_label":"Business","source":"google_places","google_place_id":"ChIJO1Z7XBArjjMR_MwZIb_MDQQ","google_primary_type":"cemetery","google_primary_type_label":"Cemetery","google_types":["cemetery","point_of_interest","service","establishment"],"google_maps_uri":"https://maps.google.com/?cid=292114672115109116&g_mp=Cilnb29nbGUubWFwcy5wbGFjZXMudjEuUGxhY2VzLlNlYXJjaE5lYXJieRACGAQgAA","google_icon_mask_base_uri":"https://maps.gstatic.com/mapfiles/place_api/icons/v2/cemetery_pinlet","google_icon_background_color":"#7B9EB0","formatted_address":"XRVF+WGH, Tadian, Mountain Province, Philippines","business_status":"OPERATIONAL","rating":null,"user_rating_count":null,"barangay_slug":"poblacion","barangay_name":"Poblacion"},"geometry":{"type":"Point","coordinates":[120.8238464,16.9948116]}},{"type":"Feature","properties":{"name":"Tadian Credit Cooperative","kind":"business","kind_label":"Business","source":"google_places","google_place_id":"ChIJ7bWOchYqjjMR_BveenrsiqI","google_primary_type":"bank","google_primary_type_label":"Bank","google_types":["bank","finance","point_of_interest","establishment"],"google_maps_uri":"https://maps.google.com/?cid=11712433791721937916&g_mp=Cilnb29nbGUubWFwcy5wbGFjZXMudjEuUGxhY2VzLlNlYXJjaE5lYXJieRACGAQgAA","google_icon_mask_base_uri":"https://maps.gstatic.com/mapfiles/place_api/icons/v2/bank-intl_pinlet","google_icon_background_color":"#909CE1","formatted_address":"XRWC+45W, Back St, Tadian, 2620 Mountain Province, Philippines","business_status":"OPERATIONAL","rating":4,"user_rating_count":1,"barangay_slug":"poblacion","barangay_name":"Poblacion"},"geometry":{"type":"Point","coordinates":[120.82044869999999,16.9953528]}},{"type":"Feature","properties":{"name":"Tadian Poblacion Intersection","kind":"business","kind_label":"Business","source":"google_places","google_place_id":"ChIJyTZKDxYqjjMRebO9MUDJPiU","google_primary_type":"point_of_interest","google_primary_type_label":"Point of interest","google_types":["point_of_interest","establishment"],"google_maps_uri":"https://maps.google.com/?cid=2683803705509000057&g_mp=Cidnb29nbGUubWFwcy5wbGFjZXMudjEuUGxhY2VzLlNlYXJjaFRleHQQAhgEIAA","google_icon_mask_base_uri":"https://maps.gstatic.com/mapfiles/place_api/icons/v2/generic_pinlet","google_icon_background_color":"#7B9EB0","formatted_address":"Tadian, Mountain Province, Philippines","business_status":"OPERATIONAL","rating":null,"user_rating_count":null,"barangay_slug":"poblacion","barangay_name":"Poblacion"},"geometry":{"type":"Point","coordinates":[120.8208025,16.9960474]}},{"type":"Feature","properties":{"name":"Tadian Poultry Supply Store","kind":"business","kind_label":"Business","source":"google_places","google_place_id":"ChIJ8UDw2RUqjjMR5Yt9KW9DkXA","google_primary_type":"store","google_primary_type_label":"Store","google_types":["food","point_of_interest","store","supplier","establishment"],"google_maps_uri":"https://maps.google.com/?cid=8111338548587498469&g_mp=Cilnb29nbGUubWFwcy5wbGFjZXMudjEuUGxhY2VzLlNlYXJjaE5lYXJieRACGAQgAA","google_icon_mask_base_uri":"https://maps.gstatic.com/mapfiles/place_api/icons/v2/shopping_pinlet","google_icon_background_color":"#4B96F3","formatted_address":"XRVC+WH5, Besao Road, Tadian, Mountain Province, Philippines","business_status":"OPERATIONAL","rating":5,"user_rating_count":1,"barangay_slug":"poblacion","barangay_name":"Poblacion"},"geometry":{"type":"Point","coordinates":[120.82149589999997,16.9947512]}},{"type":"Feature","properties":{"name":"Tadian Public Market","kind":"business","kind_label":"Business","source":"google_places","google_place_id":"ChIJa2GfDxYqjjMRyr0SXtEBi88","google_primary_type":"market","google_primary_type_label":"Market","google_types":["market","point_of_interest","establishment"],"google_maps_uri":"https://maps.google.com/?cid=14955048986351943114&g_mp=Cidnb29nbGUubWFwcy5wbGFjZXMudjEuUGxhY2VzLlNlYXJjaFRleHQQAhgEIAA","google_icon_mask_base_uri":"https://maps.gstatic.com/mapfiles/place_api/icons/v2/shopping_pinlet","google_icon_background_color":"#4B96F3","formatted_address":"XRWC+C7C, Besao Road, Tadian, Mountain Province, Philippines","business_status":"OPERATIONAL","rating":4.4,"user_rating_count":47,"barangay_slug":"poblacion","barangay_name":"Poblacion"},"geometry":{"type":"Point","coordinates":[120.82062540000001,16.9960692]}},{"type":"Feature","properties":{"name":"The Gourmet Cafe","kind":"business","kind_label":"Business","source":"google_places","google_place_id":"ChIJpwEohcorjjMRL5b5qRfMaEw","google_primary_type":"restaurant","google_primary_type_label":"Restaurant","google_types":["restaurant","point_of_interest","food","establishment"],"google_maps_uri":"https://maps.google.com/?cid=5505874946468451887&g_mp=Cilnb29nbGUubWFwcy5wbGFjZXMudjEuUGxhY2VzLlNlYXJjaE5lYXJieRACGAQgAA","google_icon_mask_base_uri":"https://maps.gstatic.com/mapfiles/place_api/icons/v2/restaurant_pinlet","google_icon_background_color":"#FF9E67","formatted_address":"XRX8+FMP, Tadian, Mountain Province, Philippines","business_status":"OPERATIONAL","rating":5,"user_rating_count":1,"barangay_slug":"poblacion","barangay_name":"Poblacion"},"geometry":{"type":"Point","coordinates":[120.8167046,16.998701399999998]}},{"type":"Feature","properties":{"name":"Yaj Computers Store","kind":"business","kind_label":"Business","source":"google_places","google_place_id":"ChIJ6cVHgT0qjjMRfveLTxxiRWo","google_primary_type":"electronics_store","google_primary_type_label":"Electronics Store","google_types":["electronics_store","manufacturer","consultant","service","association_or_organization","store","point_of_interest","establishment"],"google_maps_uri":"https://maps.google.com/?cid=7657634615146575742&g_mp=Cilnb29nbGUubWFwcy5wbGFjZXMudjEuUGxhY2VzLlNlYXJjaE5lYXJieRACGAQgAA","google_icon_mask_base_uri":"https://maps.gstatic.com/mapfiles/place_api/icons/v2/shopping_pinlet","google_icon_background_color":"#4B96F3","formatted_address":"Tadian - Besao Rd, Tadian, Mountain Province, Philippines","business_status":"OPERATIONAL","rating":null,"user_rating_count":null,"barangay_slug":"poblacion","barangay_name":"Poblacion"},"geometry":{"type":"Point","coordinates":[120.8187056,16.997363699999998]}},{"type":"Feature","properties":{"name":"Tadian Pharmacy and Merchandising","kind":"clinic","kind_label":"Clinic","source":"google_places","google_place_id":"ChIJS9LWCBYqjjMR1bw7Qed6Pao","google_primary_type":"pharmacy","google_primary_type_label":"Pharmacy","google_types":["pharmacy","health","store","point_of_interest","establishment"],"google_maps_uri":"https://maps.google.com/?cid=12267096093677567189&g_mp=Cilnb29nbGUubWFwcy5wbGFjZXMudjEuUGxhY2VzLlNlYXJjaE5lYXJieRACGAQgAA","google_icon_mask_base_uri":"https://maps.gstatic.com/mapfiles/place_api/icons/v2/pharmacy_pinlet","google_icon_background_color":"#F88181","formatted_address":"XRWC+98Q, Tadian, Mountain Province, Philippines","business_status":"OPERATIONAL","rating":null,"user_rating_count":null,"barangay_slug":"poblacion","barangay_name":"Poblacion"},"geometry":{"type":"Point","coordinates":[120.82085979999998,16.9959593]}},{"type":"Feature","properties":{"name":"TGP The Generics Pharmacy","kind":"clinic","kind_label":"Clinic","source":"google_places","google_place_id":"ChIJl0ShXj4qjjMRgsIS-ZSjT58","google_primary_type":"pharmacy","google_primary_type_label":"Pharmacy","google_types":["pharmacy","store","health","point_of_interest","establishment"],"google_maps_uri":"https://maps.google.com/?cid=11479573835419927170&g_mp=Cilnb29nbGUubWFwcy5wbGFjZXMudjEuUGxhY2VzLlNlYXJjaE5lYXJieRACGAQgAA","google_icon_mask_base_uri":"https://maps.gstatic.com/mapfiles/place_api/icons/v2/pharmacy_pinlet","google_icon_background_color":"#F88181","formatted_address":"UNIT #2 GROUND FLOOR NINEU BLDG., PUROK EB-EB, POBLACION, TADIAN, MOUNTAIN PROVI, Tadian, 2620 Mountain Province, Philippines","business_status":"OPERATIONAL","rating":null,"user_rating_count":null,"barangay_slug":"poblacion","barangay_name":"Poblacion"},"geometry":{"type":"Point","coordinates":[120.82290309999999,16.9987504]}},{"type":"Feature","properties":{"name":"Babalaan Police Camp","kind":"govt","kind_label":"Government","source":"google_places","google_place_id":"ChIJIdks6xAqjjMRH8eFmXhVTxw","google_primary_type":"government_office","google_primary_type_label":"Government Office","google_types":["police","government_office","service","point_of_interest","establishment"],"google_maps_uri":"https://maps.google.com/?cid=2039943132682241823&g_mp=Cilnb29nbGUubWFwcy5wbGFjZXMudjEuUGxhY2VzLlNlYXJjaE5lYXJieRACGAQgAA","google_icon_mask_base_uri":"https://maps.gstatic.com/mapfiles/place_api/icons/v2/police_pinlet","google_icon_background_color":"#F88181","formatted_address":"XRR8+6PH, Tagudin - Cervantes - Sabangan Rd, Tadian, Mountain Province, Philippines","business_status":"OPERATIONAL","rating":null,"user_rating_count":null,"barangay_slug":"poblacion","barangay_name":"Poblacion"},"geometry":{"type":"Point","coordinates":[120.8168538,16.9905674]}},{"type":"Feature","properties":{"name":"Barangay Hall","kind":"govt","kind_label":"Government","source":"google_places","google_place_id":"ChIJVWjHDhYqjjMRw3ptfkIn_Eo","google_primary_type":"city_hall","google_primary_type_label":"City Hall","google_types":["city_hall","community_center","local_government_office","event_venue","government_office","service","point_of_interest","establishment"],"google_maps_uri":"https://maps.google.com/?cid=5403236819480181443&g_mp=Cilnb29nbGUubWFwcy5wbGFjZXMudjEuUGxhY2VzLlNlYXJjaE5lYXJieRACGAQgAA","google_icon_mask_base_uri":"https://maps.gstatic.com/mapfiles/place_api/icons/v2/civic-bldg_pinlet","google_icon_background_color":"#7B9EB0","formatted_address":"XRWC+982, Tadian, Mountain Province, Philippines","business_status":"OPERATIONAL","rating":5,"user_rating_count":2,"barangay_slug":"poblacion","barangay_name":"Poblacion"},"geometry":{"type":"Point","coordinates":[120.82075950000001,16.9958845]}},{"type":"Feature","properties":{"name":"MSWDO","kind":"govt","kind_label":"Government","source":"google_places","google_place_id":"ChIJSY668xUqjjMRIq_fM-RIo_g","google_primary_type":"association_or_organization","google_primary_type_label":"Association / Organization","google_types":["local_government_office","association_or_organization","government_office","point_of_interest","establishment"],"google_maps_uri":"https://maps.google.com/?cid=17916243887570005794&g_mp=Cilnb29nbGUubWFwcy5wbGFjZXMudjEuUGxhY2VzLlNlYXJjaE5lYXJieRACGAQgAA","google_icon_mask_base_uri":"https://maps.gstatic.com/mapfiles/place_api/icons/v2/civic-bldg_pinlet","google_icon_background_color":"#7B9EB0","formatted_address":"XRWC+CXP, Tagudin - Cervantes - Sabangan Rd, Tadian, Mountain Province, Philippines","business_status":"OPERATIONAL","rating":null,"user_rating_count":null,"barangay_slug":"poblacion","barangay_name":"Poblacion"},"geometry":{"type":"Point","coordinates":[120.82246719999999,16.9960898]}},{"type":"Feature","properties":{"name":"Municipal Agriculture of Tadian","kind":"govt","kind_label":"Government","source":"google_places","google_place_id":"ChIJi4in-hUqjjMR9bErcFNaB-I","google_primary_type":"government_office","google_primary_type_label":"Government Office","google_types":["government_office","point_of_interest","establishment"],"google_maps_uri":"https://maps.google.com/?cid=16287085891819385333&g_mp=Cilnb29nbGUubWFwcy5wbGFjZXMudjEuUGxhY2VzLlNlYXJjaE5lYXJieRACGAQgAA","google_icon_mask_base_uri":"https://maps.gstatic.com/mapfiles/place_api/icons/v2/civic-bldg_pinlet","google_icon_background_color":"#7B9EB0","formatted_address":"XRWC+8QM, Tadian, Mountain Province, Philippines","business_status":"OPERATIONAL","rating":null,"user_rating_count":null,"barangay_slug":"poblacion","barangay_name":"Poblacion"},"geometry":{"type":"Point","coordinates":[120.821926,16.9958264]}},{"type":"Feature","properties":{"name":"Municipal Council","kind":"govt","kind_label":"Government","source":"google_places","google_place_id":"ChIJc3cX7BUqjjMRQ53L37sUCkM","google_primary_type":"government_office","google_primary_type_label":"Government Office","google_types":["government_office","point_of_interest","establishment"],"google_maps_uri":"https://maps.google.com/?cid=4830696347454381379&g_mp=Cilnb29nbGUubWFwcy5wbGFjZXMudjEuUGxhY2VzLlNlYXJjaE5lYXJieRACGAQgAA","google_icon_mask_base_uri":"https://maps.gstatic.com/mapfiles/place_api/icons/v2/civic-bldg_pinlet","google_icon_background_color":"#7B9EB0","formatted_address":"XRWF+72J, Tadian, Mountain Province, Philippines","business_status":"OPERATIONAL","rating":null,"user_rating_count":null,"barangay_slug":"poblacion","barangay_name":"Poblacion"},"geometry":{"type":"Point","coordinates":[120.82250699999997,16.995711099999998]}},{"type":"Feature","properties":{"name":"Municipal Health Office","kind":"govt","kind_label":"Government","source":"google_places","google_place_id":"ChIJC6BY8hUqjjMRoCFQ8pqK7fM","google_primary_type":"health","google_primary_type_label":"Health","google_types":["local_government_office","government_office","health","point_of_interest","establishment"],"google_maps_uri":"https://maps.google.com/?cid=17576857318791848352&g_mp=Cilnb29nbGUubWFwcy5wbGFjZXMudjEuUGxhY2VzLlNlYXJjaE5lYXJieRACGAQgAA","google_icon_mask_base_uri":"https://maps.gstatic.com/mapfiles/place_api/icons/v2/civic-bldg_pinlet","google_icon_background_color":"#7B9EB0","formatted_address":"XRWF+92M, Tagudin - Cervantes - Sabangan Rd, Tadian, Mountain Province, Philippines","business_status":"OPERATIONAL","rating":null,"user_rating_count":null,"barangay_slug":"poblacion","barangay_name":"Poblacion"},"geometry":{"type":"Point","coordinates":[120.82254820000001,16.9959739]}},{"type":"Feature","properties":{"name":"Municipal Jail","kind":"govt","kind_label":"Government","source":"google_places","google_place_id":"ChIJBflh9xUqjjMRmgQnetm3xUE","google_primary_type":"courthouse","google_primary_type_label":"Courthouse","google_types":["courthouse","government_office","point_of_interest","service","establishment"],"google_maps_uri":"https://maps.google.com/?cid=4739396327562478746&g_mp=Cilnb29nbGUubWFwcy5wbGFjZXMudjEuUGxhY2VzLlNlYXJjaE5lYXJieRACGAQgAA","google_icon_mask_base_uri":"https://maps.gstatic.com/mapfiles/place_api/icons/v2/civic-bldg_pinlet","google_icon_background_color":"#7B9EB0","formatted_address":"XRWC+GQR, Tadian, Mountain Province, Philippines","business_status":"OPERATIONAL","rating":null,"user_rating_count":null,"barangay_slug":"poblacion","barangay_name":"Poblacion"},"geometry":{"type":"Point","coordinates":[120.82189950000001,16.996369299999998]}},{"type":"Feature","properties":{"name":"Negosyo Center-Tadian","kind":"govt","kind_label":"Government","source":"google_places","google_place_id":"ChIJhRboRgArjjMRliZMgPI-YE0","google_primary_type":"government_office","google_primary_type_label":"Government Office","google_types":["government_office","point_of_interest","establishment"],"google_maps_uri":"https://maps.google.com/?cid=5575525549940156054&g_mp=Cilnb29nbGUubWFwcy5wbGFjZXMudjEuUGxhY2VzLlNlYXJjaE5lYXJieRACGAQgAA","google_icon_mask_base_uri":"https://maps.gstatic.com/mapfiles/place_api/icons/v2/civic-bldg_pinlet","google_icon_background_color":"#7B9EB0","formatted_address":"XRWC+JMV Bagsakan Trading Center, Poblacion, Tadian, Mountain Province, Philippines","business_status":"OPERATIONAL","rating":null,"user_rating_count":null,"barangay_slug":"poblacion","barangay_name":"Poblacion"},"geometry":{"type":"Point","coordinates":[120.8216856,16.9966011]}},{"type":"Feature","properties":{"name":"Police Station","kind":"govt","kind_label":"Government","source":"google_places","google_place_id":"ChIJ2V9B8BUqjjMR4HmxtGG5CnA","google_primary_type":"government_office","google_primary_type_label":"Government Office","google_types":["police","government_office","point_of_interest","service","establishment"],"google_maps_uri":"https://maps.google.com/?cid=8073469111309531616&g_mp=Cidnb29nbGUubWFwcy5wbGFjZXMudjEuUGxhY2VzLlNlYXJjaFRleHQQAhgEIAA","google_icon_mask_base_uri":"https://maps.gstatic.com/mapfiles/place_api/icons/v2/police_pinlet","google_icon_background_color":"#F88181","formatted_address":"XRVC+RP7, Tadian, Mountain Province, Philippines","business_status":"OPERATIONAL","rating":null,"user_rating_count":null,"barangay_slug":"poblacion","barangay_name":"Poblacion"},"geometry":{"type":"Point","coordinates":[120.8217923,16.9945371]}},{"type":"Feature","properties":{"name":"Post Office of Tadian","kind":"govt","kind_label":"Government","source":"google_places","google_place_id":"ChIJrQpZ5RUqjjMRQ3KRHhrlAic","google_primary_type":"post_office","google_primary_type_label":"Post Office","google_types":["post_office","shipping_service","finance","association_or_organization","government_office","point_of_interest","service","establishment"],"google_maps_uri":"https://maps.google.com/?cid=2811061017777369667&g_mp=Cilnb29nbGUubWFwcy5wbGFjZXMudjEuUGxhY2VzLlNlYXJjaE5lYXJieRACGAQgAA","google_icon_mask_base_uri":"https://maps.gstatic.com/mapfiles/place_api/icons/v2/postoffice_pinlet","google_icon_background_color":"#909CE1","formatted_address":"XRWC+9Q2, Tadian, Mountain Province, Philippines","business_status":"OPERATIONAL","rating":null,"user_rating_count":null,"barangay_slug":"poblacion","barangay_name":"Poblacion"},"geometry":{"type":"Point","coordinates":[120.82188070000001,16.995889599999998]}},{"type":"Feature","properties":{"name":"Public Employment Service Office - Tadian","kind":"govt","kind_label":"Government","source":"google_places","google_place_id":"ChIJf-965RUqjjMRausb6w5zshM","google_primary_type":"government_office","google_primary_type_label":"Government Office","google_types":["government_office","point_of_interest","establishment"],"google_maps_uri":"https://maps.google.com/?cid=1419323340486339434&g_mp=Cilnb29nbGUubWFwcy5wbGFjZXMudjEuUGxhY2VzLlNlYXJjaE5lYXJieRACGAQgAA","google_icon_mask_base_uri":"https://maps.gstatic.com/mapfiles/place_api/icons/v2/civic-bldg_pinlet","google_icon_background_color":"#7B9EB0","formatted_address":"XRWC+8PH Tadian Municipal Hall, Besao Road, Tadian, 2620 Mountain Province, Philippines","business_status":"OPERATIONAL","rating":null,"user_rating_count":null,"barangay_slug":"poblacion","barangay_name":"Poblacion"},"geometry":{"type":"Point","coordinates":[120.821861,16.995814]}},{"type":"Feature","properties":{"name":"Sangguniang Bayan Office","kind":"govt","kind_label":"Government","source":"google_places","google_place_id":"ChIJb-8d7RUqjjMR9yDETAzGAVk","google_primary_type":"government_office","google_primary_type_label":"Government Office","google_types":["government_office","point_of_interest","establishment"],"google_maps_uri":"https://maps.google.com/?cid=6413625100482126071&g_mp=Cilnb29nbGUubWFwcy5wbGFjZXMudjEuUGxhY2VzLlNlYXJjaE5lYXJieRACGAQgAA","google_icon_mask_base_uri":"https://maps.gstatic.com/mapfiles/place_api/icons/v2/civic-bldg_pinlet","google_icon_background_color":"#7B9EB0","formatted_address":"XRWF+72C, Tadian, Mountain Province, Philippines","business_status":"OPERATIONAL","rating":null,"user_rating_count":null,"barangay_slug":"poblacion","barangay_name":"Poblacion"},"geometry":{"type":"Point","coordinates":[120.8225003,16.9956767]}},{"type":"Feature","properties":{"name":"Tadian Fire Station","kind":"govt","kind_label":"Government","source":"google_places","google_place_id":"ChIJf6G9_zErjjMRHA-SXVBW_6A","google_primary_type":"fire_station","google_primary_type_label":"Fire Station","google_types":["fire_station","government_office","service","point_of_interest","establishment"],"google_maps_uri":"https://maps.google.com/?cid=11601086068296912668&g_mp=Cilnb29nbGUubWFwcy5wbGFjZXMudjEuUGxhY2VzLlNlYXJjaE5lYXJieRACGAQgAA","google_icon_mask_base_uri":"https://maps.gstatic.com/mapfiles/place_api/icons/v2/civic-bldg_pinlet","google_icon_background_color":"#7B9EB0","formatted_address":"XRWC+CP7, Tadian, Mountain Province, Philippines","business_status":"OPERATIONAL","rating":null,"user_rating_count":null,"barangay_slug":"poblacion","barangay_name":"Poblacion"},"geometry":{"type":"Point","coordinates":[120.8217962,16.9961082]}},{"type":"Feature","properties":{"name":"Tadian Municipal Hall","kind":"govt","kind_label":"Government","source":"google_places","google_place_id":"ChIJ-0B75RUqjjMR3efJCTQ3UJ4","google_primary_type":"city_hall","google_primary_type_label":"City Hall","google_types":["city_hall","local_government_office","government_office","service","point_of_interest","establishment"],"google_maps_uri":"https://maps.google.com/?cid=11407678552771520477&g_mp=Cilnb29nbGUubWFwcy5wbGFjZXMudjEuUGxhY2VzLlNlYXJjaE5lYXJieRACGAQgAA","google_icon_mask_base_uri":"https://maps.gstatic.com/mapfiles/place_api/icons/v2/civic-bldg_pinlet","google_icon_background_color":"#7B9EB0","formatted_address":"XRWC+8PH, Tadian, Mountain Province, Philippines","business_status":"OPERATIONAL","rating":4.5,"user_rating_count":22,"barangay_slug":"poblacion","barangay_name":"Poblacion"},"geometry":{"type":"Point","coordinates":[120.82187429999999,16.9958216]}},{"type":"Feature","properties":{"name":"Tadian Municipal Police Station","kind":"govt","kind_label":"Government","source":"google_places","google_place_id":"ChIJzzvA-hUqjjMR1ib_P3Z40ss","google_primary_type":"government_office","google_primary_type_label":"Government Office","google_types":["police","government_office","service","point_of_interest","establishment"],"google_maps_uri":"https://maps.google.com/?cid=14686933784083769046&g_mp=Cilnb29nbGUubWFwcy5wbGFjZXMudjEuUGxhY2VzLlNlYXJjaE5lYXJieRACGAQgAA","google_icon_mask_base_uri":"https://maps.gstatic.com/mapfiles/place_api/icons/v2/police_pinlet","google_icon_background_color":"#F88181","formatted_address":"XRWC+CRM, Tadian, Mountain Province, Philippines","business_status":"OPERATIONAL","rating":null,"user_rating_count":null,"barangay_slug":"poblacion","barangay_name":"Poblacion"},"geometry":{"type":"Point","coordinates":[120.8220373,16.9960962]}},{"type":"Feature","properties":{"name":"Tadian Police Assistance Center","kind":"govt","kind_label":"Government","source":"google_places","google_place_id":"ChIJ8cHVDhYqjjMRPdF5aUR2OKI","google_primary_type":"government_office","google_primary_type_label":"Government Office","google_types":["police","government_office","point_of_interest","service","establishment"],"google_maps_uri":"https://maps.google.com/?cid=11689222869039567165&g_mp=Cilnb29nbGUubWFwcy5wbGFjZXMudjEuUGxhY2VzLlNlYXJjaE5lYXJieRACGAQgAA","google_icon_mask_base_uri":"https://maps.gstatic.com/mapfiles/place_api/icons/v2/police_pinlet","google_icon_background_color":"#F88181","formatted_address":"XRWC+98G, Tadian, Mountain Province, Philippines","business_status":"OPERATIONAL","rating":null,"user_rating_count":null,"barangay_slug":"poblacion","barangay_name":"Poblacion"},"geometry":{"type":"Point","coordinates":[120.82082279999999,16.9959287]}},{"type":"Feature","properties":{"name":"TSAT Library","kind":"govt","kind_label":"Government","source":"google_places","google_place_id":"ChIJO6R31TwqjjMRSZQNfO1yAsE","google_primary_type":"library","google_primary_type_label":"Library","google_types":["library","service","point_of_interest","establishment"],"google_maps_uri":"https://maps.google.com/?cid=13907804963587593289&g_mp=Cilnb29nbGUubWFwcy5wbGFjZXMudjEuUGxhY2VzLlNlYXJjaE5lYXJieRACGAQgAA","google_icon_mask_base_uri":"https://maps.gstatic.com/mapfiles/place_api/icons/v2/library_pinlet","google_icon_background_color":"#7B9EB0","formatted_address":"TSAT Administration Building, Besao Road, Tadian, Mountain Province, Philippines","business_status":"OPERATIONAL","rating":null,"user_rating_count":null,"barangay_slug":"poblacion","barangay_name":"Poblacion"},"geometry":{"type":"Point","coordinates":[120.8154236,17.0005628]}},{"type":"Feature","properties":{"name":"Almars variety store","kind":"market","kind_label":"Market","source":"google_places","google_place_id":"ChIJk6x7HhorjjMRDkOyivahA9A","google_primary_type":"grocery_store","google_primary_type_label":"Grocery Store","google_types":["grocery_store","food_store","food","point_of_interest","store","establishment"],"google_maps_uri":"https://maps.google.com/?cid=14989002065080107790&g_mp=Cilnb29nbGUubWFwcy5wbGFjZXMudjEuUGxhY2VzLlNlYXJjaE5lYXJieRACGAQgAA","google_icon_mask_base_uri":"https://maps.gstatic.com/mapfiles/place_api/icons/v2/shoppingcart_pinlet","google_icon_background_color":"#4B96F3","formatted_address":"XRXF+56Q, Poblacion, Tadian, Mountain Province, Philippines","business_status":"OPERATIONAL","rating":null,"user_rating_count":null,"barangay_slug":"poblacion","barangay_name":"Poblacion"},"geometry":{"type":"Point","coordinates":[120.8231175,16.997968699999998]}},{"type":"Feature","properties":{"name":"C and S Remittance Center/Variety Store","kind":"market","kind_label":"Market","source":"google_places","google_place_id":"ChIJ0WY31vorjjMRozSOs2AEZdI","google_primary_type":"general_store","google_primary_type_label":"General Store","google_types":["general_store","food_store","store","point_of_interest","food","establishment"],"google_maps_uri":"https://maps.google.com/?cid=15160528533988455587&g_mp=Cilnb29nbGUubWFwcy5wbGFjZXMudjEuUGxhY2VzLlNlYXJjaE5lYXJieRACGAQgAA","google_icon_mask_base_uri":"https://maps.gstatic.com/mapfiles/place_api/icons/v2/shopping_pinlet","google_icon_background_color":"#4B96F3","formatted_address":"1st floor Poblacion Barangay Hall, Poblacion, Tadian, Mountain Province, Philippines","business_status":"OPERATIONAL","rating":null,"user_rating_count":null,"barangay_slug":"poblacion","barangay_name":"Poblacion"},"geometry":{"type":"Point","coordinates":[120.82075950000001,16.9958845]}},{"type":"Feature","properties":{"name":"Cha tien milk tea shop - tadian","kind":"market","kind_label":"Market","source":"google_places","google_place_id":"ChIJidPR06UrjjMRogH_6egrW18","google_primary_type":"coffee_shop","google_primary_type_label":"Coffee Shop","google_types":["coffee_shop","cafe","food_store","store","point_of_interest","food","establishment"],"google_maps_uri":"https://maps.google.com/?cid=6871133935842034082&g_mp=Cilnb29nbGUubWFwcy5wbGFjZXMudjEuUGxhY2VzLlNlYXJjaE5lYXJieRACGAQgAA","google_icon_mask_base_uri":"https://maps.gstatic.com/mapfiles/place_api/icons/v2/cafe_pinlet","google_icon_background_color":"#FF9E67","formatted_address":"XRX8+X65 Egan, Tadian, Mountain Province, Philippines","business_status":"OPERATIONAL","rating":5,"user_rating_count":1,"barangay_slug":"poblacion","barangay_name":"Poblacion"},"geometry":{"type":"Point","coordinates":[120.81559899999999,16.9998879]}},{"type":"Feature","properties":{"name":"Egan Jhem Businesses","kind":"market","kind_label":"Market","source":"google_places","google_place_id":"ChIJmz0bbuYrjjMRwOL-ArtZyHw","google_primary_type":"convenience_store","google_primary_type_label":"Convenience Store","google_types":["convenience_store","cafe","clothing_store","food_store","store","point_of_interest","food","establishment"],"google_maps_uri":"https://maps.google.com/?cid=8991535315789210304&g_mp=Cilnb29nbGUubWFwcy5wbGFjZXMudjEuUGxhY2VzLlNlYXJjaE5lYXJieRACGAQgAA","google_icon_mask_base_uri":"https://maps.gstatic.com/mapfiles/place_api/icons/v2/convenience_pinlet","google_icon_background_color":"#4B96F3","formatted_address":"Egan, XRX8+CQF, Hillside Egan, Poblacion, Tadian, 2620 Mountain Province, Philippines","business_status":"OPERATIONAL","rating":2,"user_rating_count":1,"barangay_slug":"poblacion","barangay_name":"Poblacion"},"geometry":{"type":"Point","coordinates":[120.81690269999999,16.9986253]}},{"type":"Feature","properties":{"name":"Egan Jhem Cafe","kind":"market","kind_label":"Market","source":"google_places","google_place_id":"ChIJvREyFwArjjMR3eD6AN4ph5I","google_primary_type":"coffee_shop","google_primary_type_label":"Coffee Shop","google_types":["coffee_shop","cafe","food_store","store","point_of_interest","food","establishment"],"google_maps_uri":"https://maps.google.com/?cid=10558453884869337309&g_mp=Cilnb29nbGUubWFwcy5wbGFjZXMudjEuUGxhY2VzLlNlYXJjaE5lYXJieRACGAQgAA","google_icon_mask_base_uri":"https://maps.gstatic.com/mapfiles/place_api/icons/v2/cafe_pinlet","google_icon_background_color":"#FF9E67","formatted_address":"Hillside Egan, Poblacion, Tadian, Mountain Province, Philippines","business_status":"OPERATIONAL","rating":null,"user_rating_count":null,"barangay_slug":"poblacion","barangay_name":"Poblacion"},"geometry":{"type":"Point","coordinates":[120.8169025,16.9985152]}},{"type":"Feature","properties":{"name":"JnJ Convenience Store","kind":"market","kind_label":"Market","source":"google_places","google_place_id":"ChIJwz1kKQArjjMR_ZU2w6-_KCk","google_primary_type":"convenience_store","google_primary_type_label":"Convenience Store","google_types":["convenience_store","food_store","store","point_of_interest","food","establishment"],"google_maps_uri":"https://maps.google.com/?cid=2965831116238788093&g_mp=Cilnb29nbGUubWFwcy5wbGFjZXMudjEuUGxhY2VzLlNlYXJjaE5lYXJieRACGAQgAA","google_icon_mask_base_uri":"https://maps.gstatic.com/mapfiles/place_api/icons/v2/convenience_pinlet","google_icon_background_color":"#4B96F3","formatted_address":"XRX7+JFW, Poblacion, Tadian, Mountain Province, Philippines","business_status":"OPERATIONAL","rating":null,"user_rating_count":null,"barangay_slug":"poblacion","barangay_name":"Poblacion"},"geometry":{"type":"Point","coordinates":[120.81369660000001,16.999102999999998]}},{"type":"Feature","properties":{"name":"Karhel's Electrical Supplies and Allied Services","kind":"market","kind_label":"Market","source":"google_places","google_place_id":"ChIJNyakI6crjjMRkxgsPAnBxUU","google_primary_type":"coffee_shop","google_primary_type_label":"Coffee Shop","google_types":["coffee_shop","cafe","food_store","store","point_of_interest","food","establishment"],"google_maps_uri":"https://maps.google.com/?cid=5027636804437416083&g_mp=Cilnb29nbGUubWFwcy5wbGFjZXMudjEuUGxhY2VzLlNlYXJjaE5lYXJieRACGAQgAA","google_icon_mask_base_uri":"https://maps.gstatic.com/mapfiles/place_api/icons/v2/cafe_pinlet","google_icon_background_color":"#FF9E67","formatted_address":"Egan, Tadian, 2620 Mountain Province, Philippines","business_status":"OPERATIONAL","rating":null,"user_rating_count":null,"barangay_slug":"poblacion","barangay_name":"Poblacion"},"geometry":{"type":"Point","coordinates":[120.8155743,16.999855]}},{"type":"Feature","properties":{"name":"Kisofen Grocery & Feed Supply","kind":"market","kind_label":"Market","source":"google_places","google_place_id":"ChIJ0USUBRYqjjMR5rmjE6JJGvc","google_primary_type":"grocery_store","google_primary_type_label":"Grocery Store","google_types":["grocery_store","food_store","food","point_of_interest","store","establishment"],"google_maps_uri":"https://maps.google.com/?cid=17805625037225703910&g_mp=Cilnb29nbGUubWFwcy5wbGFjZXMudjEuUGxhY2VzLlNlYXJjaE5lYXJieRACGAQgAA","google_icon_mask_base_uri":"https://maps.gstatic.com/mapfiles/place_api/icons/v2/shoppingcart_pinlet","google_icon_background_color":"#4B96F3","formatted_address":"XRWC+F8M, Besao Road, Tadian, Mountain Province, Philippines","business_status":"OPERATIONAL","rating":null,"user_rating_count":null,"barangay_slug":"poblacion","barangay_name":"Poblacion"},"geometry":{"type":"Point","coordinates":[120.82080450000001,16.9962092]}},{"type":"Feature","properties":{"name":"TEA-llali hAuSs","kind":"market","kind_label":"Market","source":"google_places","google_place_id":"ChIJGa6X8sYrjjMRDoGURFkzcFI","google_primary_type":"coffee_shop","google_primary_type_label":"Coffee Shop","google_types":["coffee_shop","cafe","food_store","store","point_of_interest","food","establishment"],"google_maps_uri":"https://maps.google.com/?cid=5940304366997373198&g_mp=Cilnb29nbGUubWFwcy5wbGFjZXMudjEuUGxhY2VzLlNlYXJjaE5lYXJieRACGAQgAA","google_icon_mask_base_uri":"https://maps.gstatic.com/mapfiles/place_api/icons/v2/cafe_pinlet","google_icon_background_color":"#FF9E67","formatted_address":"XRWC+F2V, Tadian, Mountain Province, Philippines","business_status":"OPERATIONAL","rating":5,"user_rating_count":1,"barangay_slug":"poblacion","barangay_name":"Poblacion"},"geometry":{"type":"Point","coordinates":[120.82004630000002,16.996230500000003]}},{"type":"Feature","properties":{"name":"Valen' s Dry Goofs","kind":"market","kind_label":"Market","source":"google_places","google_place_id":"ChIJZyAGaQArjjMRFU0Qx8q4Vuo","google_primary_type":"general_store","google_primary_type_label":"General Store","google_types":["general_store","food_store","food","point_of_interest","store","establishment"],"google_maps_uri":"https://maps.google.com/?cid=16885887033934892309&g_mp=Cilnb29nbGUubWFwcy5wbGFjZXMudjEuUGxhY2VzLlNlYXJjaE5lYXJieRACGAQgAA","google_icon_mask_base_uri":"https://maps.gstatic.com/mapfiles/place_api/icons/v2/shopping_pinlet","google_icon_background_color":"#4B96F3","formatted_address":"XRWC+C7C, Besao Road, Tadian, Mountain Province, Philippines","business_status":"OPERATIONAL","rating":null,"user_rating_count":null,"barangay_slug":"poblacion","barangay_name":"Poblacion"},"geometry":{"type":"Point","coordinates":[120.8206117,16.9960849]}},{"type":"Feature","properties":{"name":"Zankar Trading","kind":"market","kind_label":"Market","source":"google_places","google_place_id":"ChIJhV-XMpkrjjMRW4QK1UgRN7A","google_primary_type":"supermarket","google_primary_type_label":"Supermarket","google_types":["supermarket","grocery_store","food_store","store","point_of_interest","food","establishment"],"google_maps_uri":"https://maps.google.com/?cid=12697636678903956571&g_mp=Cilnb29nbGUubWFwcy5wbGFjZXMudjEuUGxhY2VzLlNlYXJjaE5lYXJieRACGAQgAA","google_icon_mask_base_uri":"https://maps.gstatic.com/mapfiles/place_api/icons/v2/shoppingcart_pinlet","google_icon_background_color":"#4B96F3","formatted_address":"3 Tadian - Besao Rd, Tadian, Mountain Province, Philippines","business_status":"OPERATIONAL","rating":null,"user_rating_count":null,"barangay_slug":"poblacion","barangay_name":"Poblacion"},"geometry":{"type":"Point","coordinates":[120.820428,16.9965023]}},{"type":"Feature","properties":{"name":"Blue house","kind":"school","kind_label":"School","source":"google_places","google_place_id":"ChIJrbBu8iIqjjMRWcosnR26DDk","google_primary_type":"university","google_primary_type_label":"University","google_types":["university","educational_institution","point_of_interest","establishment"],"google_maps_uri":"https://maps.google.com/?cid=4110865196236196441&g_mp=Cilnb29nbGUubWFwcy5wbGFjZXMudjEuUGxhY2VzLlNlYXJjaE5lYXJieRACGAQgAA","google_icon_mask_base_uri":"https://maps.gstatic.com/mapfiles/place_api/icons/v2/school_pinlet","google_icon_background_color":"#7B9EB0","formatted_address":"XRX7+626, Luton, Tadian, Mountain Province, Philippines","business_status":"OPERATIONAL","rating":4.8,"user_rating_count":12,"barangay_slug":"poblacion","barangay_name":"Poblacion"},"geometry":{"type":"Point","coordinates":[120.81251519999998,16.9980354]}},{"type":"Feature","properties":{"name":"Luton National High School","kind":"school","kind_label":"School","source":"google_places","google_place_id":"ChIJGVt2cAwrjjMR9KElGzp4hzM","google_primary_type":"school","google_primary_type_label":"School","google_types":["school","educational_institution","point_of_interest","establishment"],"google_maps_uri":"https://maps.google.com/?cid=3713068608749150708&g_mp=Cilnb29nbGUubWFwcy5wbGFjZXMudjEuUGxhY2VzLlNlYXJjaE5lYXJieRACGAQgAA","google_icon_mask_base_uri":"https://maps.gstatic.com/mapfiles/place_api/icons/v2/school_pinlet","google_icon_background_color":"#7B9EB0","formatted_address":"XRX7+626, Luton, Tadian, Mountain Province, Philippines","business_status":"OPERATIONAL","rating":null,"user_rating_count":null,"barangay_slug":"poblacion","barangay_name":"Poblacion"},"geometry":{"type":"Point","coordinates":[120.81251519999998,16.9980354]}},{"type":"Feature","properties":{"name":"Masla Adventist Multigrade School","kind":"school","kind_label":"School","source":"google_places","google_place_id":"ChIJWYfxeD0qjjMRIKYY7pcLtTo","google_primary_type":"primary_school","google_primary_type_label":"Primary School","google_types":["primary_school","school","educational_institution","point_of_interest","establishment"],"google_maps_uri":"https://maps.google.com/?cid=4230300172147009056&g_mp=Cidnb29nbGUubWFwcy5wbGFjZXMudjEuUGxhY2VzLlNlYXJjaFRleHQQAhgEIAA","google_icon_mask_base_uri":"https://maps.gstatic.com/mapfiles/place_api/icons/v2/school_pinlet","google_icon_background_color":"#7B9EB0","formatted_address":"121 Tadian - Besao Rd, Tadian, 2620 Mountain Province, Philippines","business_status":"OPERATIONAL","rating":null,"user_rating_count":null,"barangay_slug":"poblacion","barangay_name":"Poblacion"},"geometry":{"type":"Point","coordinates":[120.81819549999999,16.9976754]}},{"type":"Feature","properties":{"name":"Tadian Central School","kind":"school","kind_label":"School","source":"google_places","google_place_id":"ChIJo9WzDVsrjjMR0mBIg4vspHI","google_primary_type":"school","google_primary_type_label":"School","google_types":["school","educational_institution","point_of_interest","establishment"],"google_maps_uri":"https://maps.google.com/?cid=8260987700451500242&g_mp=Cilnb29nbGUubWFwcy5wbGFjZXMudjEuUGxhY2VzLlNlYXJjaE5lYXJieRACGAQgAA","google_icon_mask_base_uri":"https://maps.gstatic.com/mapfiles/place_api/icons/v2/school_pinlet","google_icon_background_color":"#7B9EB0","formatted_address":"XRVC+RVG, Tadian, Mountain Province, Philippines","business_status":"OPERATIONAL","rating":null,"user_rating_count":null,"barangay_slug":"poblacion","barangay_name":"Poblacion"},"geometry":{"type":"Point","coordinates":[120.8221983,16.9945614]}},{"type":"Feature","properties":{"name":"Tadian School of Arts and Trades","kind":"school","kind_label":"School","source":"google_places","google_place_id":"ChIJj-s61SIqjjMRzZaIoocK_Hg","google_primary_type":"secondary_school","google_primary_type_label":"High school","google_types":["secondary_school","school","educational_institution","point_of_interest","establishment"],"google_maps_uri":"https://maps.google.com/?cid=8717854556346160845&g_mp=Cilnb29nbGUubWFwcy5wbGFjZXMudjEuUGxhY2VzLlNlYXJjaE5lYXJieRACGAQgAA","google_icon_mask_base_uri":"https://maps.gstatic.com/mapfiles/place_api/icons/v2/school_pinlet","google_icon_background_color":"#7B9EB0","formatted_address":"2R28+549, Besao Road, Tadian, Mountain Province, Philippines","business_status":"OPERATIONAL","rating":null,"user_rating_count":null,"barangay_slug":"poblacion","barangay_name":"Poblacion"},"geometry":{"type":"Point","coordinates":[120.81537439999998,17.0004174]}},{"type":"Feature","properties":{"name":"Egan Jem Resort","kind":"tourism","kind_label":"Tourism","source":"google_places","google_place_id":"ChIJDda5ET0qjjMRwROxVpewfaA","google_primary_type":"resort_hotel","google_primary_type_label":"Resort hotel","google_types":["resort_hotel","hotel","lodging","point_of_interest","establishment"],"google_maps_uri":"https://maps.google.com/?cid=11564593582198297537&g_mp=Cilnb29nbGUubWFwcy5wbGFjZXMudjEuUGxhY2VzLlNlYXJjaE5lYXJieRACGAQgAA","google_icon_mask_base_uri":"https://maps.gstatic.com/mapfiles/place_api/icons/v2/hotel_pinlet","google_icon_background_color":"#909CE1","formatted_address":"XRX8+JX5, Tadian - Besao Rd, Tadian, Mountain Province, Philippines","business_status":"OPERATIONAL","rating":2.7,"user_rating_count":3,"barangay_slug":"poblacion","barangay_name":"Poblacion"},"geometry":{"type":"Point","coordinates":[120.81747630000001,16.9990099]}},{"type":"Feature","properties":{"name":"Laban's Residence","kind":"tourism","kind_label":"Tourism","source":"google_places","google_place_id":"ChIJUxCRBwArjjMRcqyEJQmHTc0","google_primary_type":"lodging","google_primary_type_label":"Lodging","google_types":["lodging","point_of_interest","establishment"],"google_maps_uri":"https://maps.google.com/?cid=14793628824335854706&g_mp=Cilnb29nbGUubWFwcy5wbGFjZXMudjEuUGxhY2VzLlNlYXJjaE5lYXJieRACGAQgAA","google_icon_mask_base_uri":"https://maps.gstatic.com/mapfiles/place_api/icons/v2/hotel_pinlet","google_icon_background_color":"#909CE1","formatted_address":"XRW7+R73, Poblacion, Tadian, Mountain Province, Philippines","business_status":"OPERATIONAL","rating":null,"user_rating_count":null,"barangay_slug":"poblacion","barangay_name":"Poblacion"},"geometry":{"type":"Point","coordinates":[120.81316749999998,16.997023]}},{"type":"Feature","properties":{"name":"MPSPC Basketball Court","kind":"tourism","kind_label":"Tourism","source":"google_places","google_place_id":"ChIJw1yGgRgqjjMRZgh5EFj9_Qo","google_primary_type":"athletic_field","google_primary_type_label":"Athletic Field","google_types":["athletic_field","sports_activity_location","point_of_interest","establishment"],"google_maps_uri":"https://maps.google.com/?cid=792067664162392166&g_mp=Cilnb29nbGUubWFwcy5wbGFjZXMudjEuUGxhY2VzLlNlYXJjaE5lYXJieRACGAQgAA","google_icon_mask_base_uri":"https://maps.gstatic.com/mapfiles/place_api/icons/v2/generic_pinlet","google_icon_background_color":"#7B9EB0","formatted_address":"XRX6+6VQ, Besao Road, Tadian, Mountain Province, Philippines","business_status":"OPERATIONAL","rating":null,"user_rating_count":null,"barangay_slug":"poblacion","barangay_name":"Poblacion"},"geometry":{"type":"Point","coordinates":[120.8122207,16.9980789]}},{"type":"Feature","properties":{"name":"Nineu Lodge and Bistro","kind":"tourism","kind_label":"Tourism","source":"google_places","google_place_id":"ChIJGUGj2ZkrjjMRrrJ3I8a4Cbk","google_primary_type":"lodging","google_primary_type_label":"Lodging","google_types":["lodging","point_of_interest","establishment"],"google_maps_uri":"https://maps.google.com/?cid=13333391332945146542&g_mp=Cilnb29nbGUubWFwcy5wbGFjZXMudjEuUGxhY2VzLlNlYXJjaE5lYXJieRACGAQgAA","google_icon_mask_base_uri":"https://maps.gstatic.com/mapfiles/place_api/icons/v2/hotel_pinlet","google_icon_background_color":"#909CE1","formatted_address":"Eb-eb, Tadian - Besao Rd, Poblacion, Tadian, 2620 Mountain Province, Philippines","business_status":"OPERATIONAL","rating":5,"user_rating_count":1,"barangay_slug":"poblacion","barangay_name":"Poblacion"},"geometry":{"type":"Point","coordinates":[120.82044690000001,16.9965185]}},{"type":"Feature","properties":{"name":"SMAA Guest House","kind":"tourism","kind_label":"Tourism","source":"google_places","google_place_id":"ChIJ5WIe7z0qjjMRyFUC25JSIvY","google_primary_type":"guest_house","google_primary_type_label":"Guest House","google_types":["guest_house","lodging","point_of_interest","establishment"],"google_maps_uri":"https://maps.google.com/?cid=17735829073231500744&g_mp=Cilnb29nbGUubWFwcy5wbGFjZXMudjEuUGxhY2VzLlNlYXJjaE5lYXJieRACGAQgAA","google_icon_mask_base_uri":"https://maps.gstatic.com/mapfiles/place_api/icons/v2/hotel_pinlet","google_icon_background_color":"#909CE1","formatted_address":"XRXC+443, Besao Road, Tadian, Mountain Province, Philippines","business_status":"OPERATIONAL","rating":5,"user_rating_count":4,"barangay_slug":"poblacion","barangay_name":"Poblacion"},"geometry":{"type":"Point","coordinates":[120.82029279999999,16.9977518]}},{"type":"Feature","properties":{"name":"Sunnyside view Inn","kind":"tourism","kind_label":"Tourism","source":"google_places","google_place_id":"ChIJFUr4ZQArjjMR5EMua94TsTw","google_primary_type":"inn","google_primary_type_label":"Inn","google_types":["inn","lodging","point_of_interest","establishment"],"google_maps_uri":"https://maps.google.com/?cid=4373298559155323876&g_mp=Cilnb29nbGUubWFwcy5wbGFjZXMudjEuUGxhY2VzLlNlYXJjaE5lYXJieRACGAQgAA","google_icon_mask_base_uri":"https://maps.gstatic.com/mapfiles/place_api/icons/v2/hotel_pinlet","google_icon_background_color":"#909CE1","formatted_address":"592 Tadian - Besao Rd, Tadian, Mountain Province, Philippines","business_status":"OPERATIONAL","rating":null,"user_rating_count":null,"barangay_slug":"poblacion","barangay_name":"Poblacion"},"geometry":{"type":"Point","coordinates":[120.8167273,16.9989962]}},{"type":"Feature","properties":{"name":"Tadian Binangi House","kind":"tourism","kind_label":"Tourism","source":"google_places","google_place_id":"ChIJkZpfsQcrjjMR_QpT_rOi3Ow","google_primary_type":"tourist_attraction","google_primary_type_label":"Tourist Attraction","google_types":["tourist_attraction","point_of_interest","establishment"],"google_maps_uri":"https://maps.google.com/?cid=17067695581777038077&g_mp=Cilnb29nbGUubWFwcy5wbGFjZXMudjEuUGxhY2VzLlNlYXJjaE5lYXJieRACGAQgAA","google_icon_mask_base_uri":"https://maps.gstatic.com/mapfiles/place_api/icons/v2/generic_pinlet","google_icon_background_color":"#13B5C7","formatted_address":"XRWC+7RH, Tadian, Mountain Province, Philippines","business_status":"OPERATIONAL","rating":5,"user_rating_count":1,"barangay_slug":"poblacion","barangay_name":"Poblacion"},"geometry":{"type":"Point","coordinates":[120.82209490000001,16.9956963]}},{"type":"Feature","properties":{"name":"Bisen's Gasoline Station","kind":"transport","kind_label":"Transport","source":"google_places","google_place_id":"ChIJM4VtTz4qjjMRCUAspSvcHN0","google_primary_type":"gas_station","google_primary_type_label":"Gas Station","google_types":["gas_station","point_of_interest","service","establishment"],"google_maps_uri":"https://maps.google.com/?cid=15932851661742817289&g_mp=Cilnb29nbGUubWFwcy5wbGFjZXMudjEuUGxhY2VzLlNlYXJjaE5lYXJieRACGAQgAA","google_icon_mask_base_uri":"https://maps.gstatic.com/mapfiles/place_api/icons/v2/gas_pinlet","google_icon_background_color":"#909CE1","formatted_address":"XRXF+69V, Tagudin - Cervantes - Sabangan Rd, Tadian, Mountain Province, Philippines","business_status":"OPERATIONAL","rating":4,"user_rating_count":2,"barangay_slug":"poblacion","barangay_name":"Poblacion"},"geometry":{"type":"Point","coordinates":[120.82340959999999,16.9981109]}},{"type":"Feature","properties":{"name":"TADIAN GASOLINE STATION","kind":"transport","kind_label":"Transport","source":"google_places","google_place_id":"ChIJOar2RT4qjjMRPMRm73b5pB8","google_primary_type":"gas_station","google_primary_type_label":"Gas Station","google_types":["gas_station","point_of_interest","service","establishment"],"google_maps_uri":"https://maps.google.com/?cid=2280221600574260284&g_mp=Cilnb29nbGUubWFwcy5wbGFjZXMudjEuUGxhY2VzLlNlYXJjaE5lYXJieRACGAQgAA","google_icon_mask_base_uri":"https://maps.gstatic.com/mapfiles/place_api/icons/v2/gas_pinlet","google_icon_background_color":"#909CE1","formatted_address":"Tadian, Mountain Province, Philippines","business_status":"OPERATIONAL","rating":null,"user_rating_count":null,"barangay_slug":"poblacion","barangay_name":"Poblacion"},"geometry":{"type":"Point","coordinates":[120.82331210000001,16.9980676]}},{"type":"Feature","properties":{"name":"Bible Baptist Mission - Tadian outreach","kind":"worship","kind_label":"Worship","source":"google_places","google_place_id":"ChIJydgRmdIrjjMR-y61n1gTI24","google_primary_type":"church","google_primary_type_label":"Church","google_types":["church","place_of_worship","association_or_organization","point_of_interest","establishment"],"google_maps_uri":"https://maps.google.com/?cid=7936208239714447099&g_mp=Cilnb29nbGUubWFwcy5wbGFjZXMudjEuUGxhY2VzLlNlYXJjaE5lYXJieRACGAQgAA","google_icon_mask_base_uri":"https://maps.gstatic.com/mapfiles/place_api/icons/v2/worship_christian_pinlet","google_icon_background_color":"#7B9EB0","formatted_address":"Katapag, XRRF+R5Q, Poblacion, Tadian, Mountain Province, Philippines","business_status":"OPERATIONAL","rating":null,"user_rating_count":null,"barangay_slug":"poblacion","barangay_name":"Poblacion"},"geometry":{"type":"Point","coordinates":[120.822969,16.992095199999998]}},{"type":"Feature","properties":{"name":"Bible Believing Baptist Church (BBBC) Poblacion Tadian","kind":"worship","kind_label":"Worship","source":"google_places","google_place_id":"ChIJDaSIWgArjjMRHa83KpqF9J0","google_primary_type":"church","google_primary_type_label":"Church","google_types":["church","place_of_worship","association_or_organization","point_of_interest","establishment"],"google_maps_uri":"https://maps.google.com/?cid=11381869055451836189&g_mp=Cidnb29nbGUubWFwcy5wbGFjZXMudjEuUGxhY2VzLlNlYXJjaFRleHQQAhgEIAA","google_icon_mask_base_uri":"https://maps.gstatic.com/mapfiles/place_api/icons/v2/worship_christian_pinlet","google_icon_background_color":"#7B9EB0","formatted_address":"XRVC+R2J, Mount Prov - Ilocos Sur via Kayan Rd, Tadian, Mountain Province, Philippines","business_status":"OPERATIONAL","rating":5,"user_rating_count":1,"barangay_slug":"poblacion","barangay_name":"Poblacion"},"geometry":{"type":"Point","coordinates":[120.82002080000001,16.994588399999998]}},{"type":"Feature","properties":{"name":"JA1 Tadian Mt Province","kind":"worship","kind_label":"Worship","source":"google_places","google_place_id":"ChIJ2y9RaQArjjMR6_gp6xUfq3s","google_primary_type":"church","google_primary_type_label":"Church","google_types":["church","place_of_worship","association_or_organization","point_of_interest","establishment"],"google_maps_uri":"https://maps.google.com/?cid=8911250466682829035&g_mp=Cilnb29nbGUubWFwcy5wbGFjZXMudjEuUGxhY2VzLlNlYXJjaE5lYXJieRACGAQgAA","google_icon_mask_base_uri":"https://maps.gstatic.com/mapfiles/place_api/icons/v2/worship_christian_pinlet","google_icon_background_color":"#7B9EB0","formatted_address":"XRXF+425, Tagudin - Cervantes - Sabangan Rd, Tadian, Mountain Province, Philippines","business_status":"OPERATIONAL","rating":null,"user_rating_count":null,"barangay_slug":"poblacion","barangay_name":"Poblacion"},"geometry":{"type":"Point","coordinates":[120.8223957,16.997196499999998]}},{"type":"Feature","properties":{"name":"Roman Catholic Church","kind":"worship","kind_label":"Worship","source":"google_places","google_place_id":"ChIJb9M1NrkrjjMRoag_Qhigy6c","google_primary_type":"church","google_primary_type_label":"Church","google_types":["church","place_of_worship","association_or_organization","point_of_interest","establishment"],"google_maps_uri":"https://maps.google.com/?cid=12090933650657355937&g_mp=Cidnb29nbGUubWFwcy5wbGFjZXMudjEuUGxhY2VzLlNlYXJjaFRleHQQAhgEIAA","google_icon_mask_base_uri":"https://maps.gstatic.com/mapfiles/place_api/icons/v2/worship_christian_pinlet","google_icon_background_color":"#7B9EB0","formatted_address":"XRWC+595, Poblacion, Tadian, Mountain Province, Philippines","business_status":"OPERATIONAL","rating":null,"user_rating_count":null,"barangay_slug":"poblacion","barangay_name":"Poblacion"},"geometry":{"type":"Point","coordinates":[120.82098119999999,16.995376399999998]}},{"type":"Feature","properties":{"name":"St. Michael and All Angels Church","kind":"worship","kind_label":"Worship","source":"google_places","google_place_id":"ChIJwdTa8z0qjjMRrDA9CQDlOuQ","google_primary_type":"church","google_primary_type_label":"Church","google_types":["church","place_of_worship","association_or_organization","point_of_interest","establishment"],"google_maps_uri":"https://maps.google.com/?cid=16445708777614553260&g_mp=Cilnb29nbGUubWFwcy5wbGFjZXMudjEuUGxhY2VzLlNlYXJjaE5lYXJieRACGAQgAA","google_icon_mask_base_uri":"https://maps.gstatic.com/mapfiles/place_api/icons/v2/worship_christian_pinlet","google_icon_background_color":"#7B9EB0","formatted_address":"XRWC+W2M, Besao Road, Tadian, Mountain Province, Philippines","business_status":"OPERATIONAL","rating":4.6,"user_rating_count":5,"barangay_slug":"poblacion","barangay_name":"Poblacion"},"geometry":{"type":"Point","coordinates":[120.82005809999998,16.9973466]}},{"type":"Feature","properties":{"name":"Barangay Health Center","kind":"business","kind_label":"Business","source":"google_places","google_place_id":"ChIJWdc3A5QrjjMRzuj1tzxrOuI","google_primary_type":"medical_clinic","google_primary_type_label":"Medical Clinic","google_types":["medical_clinic","health","point_of_interest","establishment"],"google_maps_uri":"https://maps.google.com/?cid=16301459709749487822&g_mp=Cidnb29nbGUubWFwcy5wbGFjZXMudjEuUGxhY2VzLlNlYXJjaFRleHQQAhgEIAA","google_icon_mask_base_uri":"https://maps.gstatic.com/mapfiles/place_api/icons/v2/generic_pinlet","google_icon_background_color":"#7B9EB0","formatted_address":"2RRJ+JXJ, Tadian, Mountain Province, Philippines","business_status":"OPERATIONAL","rating":null,"user_rating_count":null,"barangay_slug":"sumadel","barangay_name":"Sumadel"},"geometry":{"type":"Point","coordinates":[120.8323889,17.0415779]}},{"type":"Feature","properties":{"name":"School Covered Court","kind":"business","kind_label":"Business","source":"google_places","google_place_id":"ChIJfUggHpQrjjMRJZcK24ZHo2Q","google_primary_type":null,"google_primary_type_label":null,"google_types":["premise","street_address"],"google_maps_uri":"https://maps.google.com/?cid=7251718469522724645&g_mp=Cidnb29nbGUubWFwcy5wbGFjZXMudjEuUGxhY2VzLlNlYXJjaFRleHQQAhgEIAA","google_icon_mask_base_uri":"https://maps.gstatic.com/mapfiles/place_api/icons/v2/generic_pinlet","google_icon_background_color":"#7B9EB0","formatted_address":"School Covered Court, Tadian - Besao Rd, Tadian, Mountain Province, Philippines","business_status":null,"rating":null,"user_rating_count":null,"barangay_slug":"sumadel","barangay_name":"Sumadel"},"geometry":{"type":"Point","coordinates":[120.8326214,17.0411745]}},{"type":"Feature","properties":{"name":"Up-seed","kind":"business","kind_label":"Business","source":"google_places","google_place_id":"ChIJs4M456ErjjMR1ue9_AD6AQQ","google_primary_type":"auto_parts_store","google_primary_type_label":"Auto Parts Store","google_types":["auto_parts_store","car_repair","service","store","point_of_interest","establishment"],"google_maps_uri":"https://maps.google.com/?cid=288786733275670486&g_mp=Cilnb29nbGUubWFwcy5wbGFjZXMudjEuUGxhY2VzLlNlYXJjaE5lYXJieRACGAQgAA","google_icon_mask_base_uri":"https://maps.gstatic.com/mapfiles/place_api/icons/v2/shopping_pinlet","google_icon_background_color":"#4B96F3","formatted_address":"Tadian, 2620 Mountain Province, Philippines","business_status":"OPERATIONAL","rating":null,"user_rating_count":null,"barangay_slug":"sumadel","barangay_name":"Sumadel"},"geometry":{"type":"Point","coordinates":[120.83553780000001,17.039082099999998]}},{"type":"Feature","properties":{"name":"Barangay Multipurpose Hall","kind":"govt","kind_label":"Government","source":"google_places","google_place_id":"ChIJGXvbqJYrjjMR3i_qgAznE4M","google_primary_type":"local_government_office","google_primary_type_label":"Local Government Office","google_types":["local_government_office","government_office","point_of_interest","establishment"],"google_maps_uri":"https://maps.google.com/?cid=9445146884414517214&g_mp=Cilnb29nbGUubWFwcy5wbGFjZXMudjEuUGxhY2VzLlNlYXJjaE5lYXJieRACGAQgAA","google_icon_mask_base_uri":"https://maps.gstatic.com/mapfiles/place_api/icons/v2/civic-bldg_pinlet","google_icon_background_color":"#7B9EB0","formatted_address":"2RRM+M54, Tadian, Mountain Province, Philippines","business_status":"OPERATIONAL","rating":null,"user_rating_count":null,"barangay_slug":"sumadel","barangay_name":"Sumadel"},"geometry":{"type":"Point","coordinates":[120.8329533,17.0416301]}},{"type":"Feature","properties":{"name":"Mjis Go Malagkit","kind":"market","kind_label":"Market","source":"google_places","google_place_id":"ChIJRRT1t9hGxkERc4BwR55rkM0","google_primary_type":"food_store","google_primary_type_label":"Food Store","google_types":["food_store","store","point_of_interest","food","establishment"],"google_maps_uri":"https://maps.google.com/?cid=14812457501969121395&g_mp=Cilnb29nbGUubWFwcy5wbGFjZXMudjEuUGxhY2VzLlNlYXJjaE5lYXJieRACGAQgAA","google_icon_mask_base_uri":"https://maps.gstatic.com/mapfiles/place_api/icons/v2/shopping_pinlet","google_icon_background_color":"#4B96F3","formatted_address":"Tangadan None, 2RRP+9G6, Sumadel, Tadian, 2620 Mountain Province, Philippines","business_status":"OPERATIONAL","rating":null,"user_rating_count":null,"barangay_slug":"sumadel","barangay_name":"Sumadel"},"geometry":{"type":"Point","coordinates":[120.83626489999997,17.040916799999998]}},{"type":"Feature","properties":{"name":"SUBABA National High School","kind":"school","kind_label":"School","source":"google_places","google_place_id":"ChIJhWeZqJYrjjMRuA6aidhA1cQ","google_primary_type":"secondary_school","google_primary_type_label":"High school","google_types":["secondary_school","school","educational_institution","point_of_interest","establishment"],"google_maps_uri":"https://maps.google.com/?cid=14183313900238933688&g_mp=Cilnb29nbGUubWFwcy5wbGFjZXMudjEuUGxhY2VzLlNlYXJjaE5lYXJieRACGAQgAA","google_icon_mask_base_uri":"https://maps.gstatic.com/mapfiles/place_api/icons/v2/school_pinlet","google_icon_background_color":"#7B9EB0","formatted_address":"2RRM+J53, Tadian - Besao Rd, Tadian, Mountain Province, Philippines","business_status":"OPERATIONAL","rating":null,"user_rating_count":null,"barangay_slug":"sumadel","barangay_name":"Sumadel"},"geometry":{"type":"Point","coordinates":[120.83291530000001,17.0415216]}},{"type":"Feature","properties":{"name":"Tadian","kind":"school","kind_label":"School","source":"google_places","google_place_id":"ChIJd6KokzgrjjMR6iy-0Eka1tA","google_primary_type":"secondary_school","google_primary_type_label":"High school","google_types":["secondary_school","school","educational_institution","point_of_interest","establishment"],"google_maps_uri":"https://maps.google.com/?cid=15048244109242150122&g_mp=Cilnb29nbGUubWFwcy5wbGFjZXMudjEuUGxhY2VzLlNlYXJjaE5lYXJieRACGAQgAA","google_icon_mask_base_uri":"https://maps.gstatic.com/mapfiles/place_api/icons/v2/school_pinlet","google_icon_background_color":"#7B9EB0","formatted_address":"2RRP+9G6, Tadian, Mountain Province, Philippines","business_status":"OPERATIONAL","rating":null,"user_rating_count":null,"barangay_slug":"sumadel","barangay_name":"Sumadel"},"geometry":{"type":"Point","coordinates":[120.83626470000002,17.0409166]}},{"type":"Feature","properties":{"name":"NC’s MAJESTIC MANSION","kind":"tourism","kind_label":"Tourism","source":"google_places","google_place_id":"ChIJM8jtHAArjjMRclm3hbdUIf4","google_primary_type":"hostel","google_primary_type_label":"Hostel","google_types":["hostel","lodging","point_of_interest","establishment"],"google_maps_uri":"https://maps.google.com/?cid=18312010707064281458&g_mp=Cilnb29nbGUubWFwcy5wbGFjZXMudjEuUGxhY2VzLlNlYXJjaE5lYXJieRACGAQgAA","google_icon_mask_base_uri":"https://maps.gstatic.com/mapfiles/place_api/icons/v2/hotel_pinlet","google_icon_background_color":"#909CE1","formatted_address":"2RRM+H9F, Tadian, Mountain Province, Philippines","business_status":"OPERATIONAL","rating":null,"user_rating_count":null,"barangay_slug":"sumadel","barangay_name":"Sumadel"},"geometry":{"type":"Point","coordinates":[120.83343699999999,17.041427799999997]}},{"type":"Feature","properties":{"name":"Papatay Cultural Heritage Park","kind":"tourism","kind_label":"Tourism","source":"google_places","google_place_id":"ChIJq6qqOpcrjjMRkG282Bfpdpw","google_primary_type":"park","google_primary_type_label":"Park","google_types":["park","point_of_interest","establishment"],"google_maps_uri":"https://maps.google.com/?cid=11274455005798362512&g_mp=Cilnb29nbGUubWFwcy5wbGFjZXMudjEuUGxhY2VzLlNlYXJjaE5lYXJieRACGAQgAA","google_icon_mask_base_uri":"https://maps.gstatic.com/mapfiles/place_api/icons/v2/tree_pinlet","google_icon_background_color":"#4DB546","formatted_address":"2RRP+9GC, Tadian, Mountain Province, Philippines","business_status":"OPERATIONAL","rating":null,"user_rating_count":null,"barangay_slug":"sumadel","barangay_name":"Sumadel"},"geometry":{"type":"Point","coordinates":[120.8362557,17.040937]}},{"type":"Feature","properties":{"name":"Anglican Church","kind":"worship","kind_label":"Worship","source":"google_places","google_place_id":"ChIJJyAy6JkrjjMRa-Pbxt5eoWY","google_primary_type":"church","google_primary_type_label":"Church","google_types":["church","place_of_worship","association_or_organization","point_of_interest","establishment"],"google_maps_uri":"https://maps.google.com/?cid=7395296374031115115&g_mp=Cilnb29nbGUubWFwcy5wbGFjZXMudjEuUGxhY2VzLlNlYXJjaE5lYXJieRACGAQgAA","google_icon_mask_base_uri":"https://maps.gstatic.com/mapfiles/place_api/icons/v2/worship_christian_pinlet","google_icon_background_color":"#7B9EB0","formatted_address":"2RRM+C77, Tadian, Mountain Province, Philippines","business_status":"OPERATIONAL","rating":null,"user_rating_count":null,"barangay_slug":"sumadel","barangay_name":"Sumadel"},"geometry":{"type":"Point","coordinates":[120.83317939999998,17.0410291]}},{"type":"Feature","properties":{"name":"21CycleParts&Accessories","kind":"business","kind_label":"Business","source":"google_places","google_place_id":"ChIJM3_tso7VkTMRketYw38uX-Y","google_primary_type":"store","google_primary_type_label":"Store","google_types":["auto_parts_store","car_repair","point_of_interest","service","store","establishment"],"google_maps_uri":"https://maps.google.com/?cid=16600037877784046481&g_mp=Cilnb29nbGUubWFwcy5wbGFjZXMudjEuUGxhY2VzLlNlYXJjaE5lYXJieRACGAQgAA","google_icon_mask_base_uri":"https://maps.gstatic.com/mapfiles/place_api/icons/v2/shopping_pinlet","google_icon_background_color":"#4B96F3","formatted_address":"Tue Pathway, Tadian, Mountain Province, Philippines","business_status":"OPERATIONAL","rating":5,"user_rating_count":3,"barangay_slug":"tue","barangay_name":"Tue"},"geometry":{"type":"Point","coordinates":[120.82578969999999,16.972955199999998]}},{"type":"Feature","properties":{"name":"Iglesia Ni Cristo [Mountain Province] - Balaoa Extension","kind":"business","kind_label":"Business","source":"google_places","google_place_id":"ChIJl8sjsVTVkTMRpYSo2cBLDsQ","google_primary_type":"place_of_worship","google_primary_type_label":"Place of Worship","google_types":["place_of_worship","association_or_organization","point_of_interest","establishment"],"google_maps_uri":"https://maps.google.com/?cid=14127312372765328549&g_mp=Cidnb29nbGUubWFwcy5wbGFjZXMudjEuUGxhY2VzLlNlYXJjaFRleHQQAhgEIAA","google_icon_mask_base_uri":"https://maps.gstatic.com/mapfiles/place_api/icons/v2/generic_pinlet","google_icon_background_color":"#7B9EB0","formatted_address":"Cervantes, Tadian Road, Tadian, Mountain Province, Philippines","business_status":"OPERATIONAL","rating":null,"user_rating_count":null,"barangay_slug":"tue","barangay_name":"Tue"},"geometry":{"type":"Point","coordinates":[120.81635270000001,16.9636898]}},{"type":"Feature","properties":{"name":"Tadian","kind":"business","kind_label":"Business","source":"google_places","google_place_id":"ChIJA5_6fv0pjjMRry4j84TJpFk","google_primary_type":null,"google_primary_type_label":null,"google_types":["locality","political"],"google_maps_uri":"https://maps.google.com/?cid=6459509338408169135&g_mp=Cidnb29nbGUubWFwcy5wbGFjZXMudjEuUGxhY2VzLlNlYXJjaFRleHQQAhgEIAA","google_icon_mask_base_uri":"https://maps.gstatic.com/mapfiles/place_api/icons/v2/generic_pinlet","google_icon_background_color":"#7B9EB0","formatted_address":"Tadian, Mountain Province, Philippines","business_status":null,"rating":null,"user_rating_count":null,"barangay_slug":"tue","barangay_name":"Tue"},"geometry":{"type":"Point","coordinates":[120.81543579999999,16.966079399999998]}},{"type":"Feature","properties":{"name":"Tadian Mini Hardware/Paint Center","kind":"business","kind_label":"Business","source":"google_places","google_place_id":"ChIJKfaFlD7VkTMRNmez4vZq-qA","google_primary_type":"building_materials_store","google_primary_type_label":"Building Materials Store","google_types":["building_materials_store","point_of_interest","home_goods_store","store","establishment"],"google_maps_uri":"https://maps.google.com/?cid=11599701398844041014&g_mp=Cilnb29nbGUubWFwcy5wbGFjZXMudjEuUGxhY2VzLlNlYXJjaE5lYXJieRACGAQgAA","google_icon_mask_base_uri":"https://maps.gstatic.com/mapfiles/place_api/icons/v2/shopping_pinlet","google_icon_background_color":"#4B96F3","formatted_address":"Kenkentaan, Tadian, 2620 Mountain Province, Philippines","business_status":"OPERATIONAL","rating":null,"user_rating_count":null,"barangay_slug":"tue","barangay_name":"Tue"},"geometry":{"type":"Point","coordinates":[120.81543579999999,16.966079399999998]}},{"type":"Feature","properties":{"name":"Little Cacco's Pharmacy","kind":"clinic","kind_label":"Clinic","source":"google_places","google_place_id":"ChIJoSBzAyXVkTMRi2Ym-NMQpxM","google_primary_type":"pharmacy","google_primary_type_label":"Pharmacy","google_types":["pharmacy","store","health","point_of_interest","establishment"],"google_maps_uri":"https://maps.google.com/?cid=1416119110418720395&g_mp=Cilnb29nbGUubWFwcy5wbGFjZXMudjEuUGxhY2VzLlNlYXJjaE5lYXJieRACGAQgAA","google_icon_mask_base_uri":"https://maps.gstatic.com/mapfiles/place_api/icons/v2/pharmacy_pinlet","google_icon_background_color":"#F88181","formatted_address":"Market, Tadian, 2620 Mountain Province, Philippines","business_status":"OPERATIONAL","rating":null,"user_rating_count":null,"barangay_slug":"tue","barangay_name":"Tue"},"geometry":{"type":"Point","coordinates":[120.81543579999999,16.966079399999998]}},{"type":"Feature","properties":{"name":"Abungo PS","kind":"govt","kind_label":"Government","source":"google_places","google_place_id":"ChIJz_cQ8e_VkTMR9ibVBv8Hahs","google_primary_type":"government_office","google_primary_type_label":"Government Office","google_types":["school","educational_institution","government_office","point_of_interest","establishment"],"google_maps_uri":"https://maps.google.com/?cid=1975400178468071158&g_mp=Cilnb29nbGUubWFwcy5wbGFjZXMudjEuUGxhY2VzLlNlYXJjaE5lYXJieRACGAQgAA","google_icon_mask_base_uri":"https://maps.gstatic.com/mapfiles/place_api/icons/v2/school_pinlet","google_icon_background_color":"#7B9EB0","formatted_address":"XR88+393, Cervantes - Tadian Rd, Tadian, 2620 Mountain Province, Philippines","business_status":"CLOSED_TEMPORARILY","rating":null,"user_rating_count":null,"barangay_slug":"tue","barangay_name":"Tue"},"geometry":{"type":"Point","coordinates":[120.81591800000001,16.965128]}},{"type":"Feature","properties":{"name":"New Lubon Primary School","kind":"govt","kind_label":"Government","source":"google_places","google_place_id":"ChIJLQIAAPDVkTMRu3bWV2bO3kQ","google_primary_type":"government_office","google_primary_type_label":"Government Office","google_types":["school","educational_institution","government_office","point_of_interest","establishment"],"google_maps_uri":"https://maps.google.com/?cid=4962630778364524219&g_mp=Cilnb29nbGUubWFwcy5wbGFjZXMudjEuUGxhY2VzLlNlYXJjaE5lYXJieRACGAQgAA","google_icon_mask_base_uri":"https://maps.gstatic.com/mapfiles/place_api/icons/v2/school_pinlet","google_icon_background_color":"#7B9EB0","formatted_address":"Lubon, XR88+C5M, Tadian, Mountain Province, Philippines","business_status":"CLOSED_TEMPORARILY","rating":null,"user_rating_count":null,"barangay_slug":"tue","barangay_name":"Tue"},"geometry":{"type":"Point","coordinates":[120.81543730000001,16.966079699999998]}},{"type":"Feature","properties":{"name":"RMFB1502ND TADIAN","kind":"govt","kind_label":"Government","source":"google_places","google_place_id":"ChIJC_UrfADVkTMRuOQR4Oc9n68","google_primary_type":"government_office","google_primary_type_label":"Government Office","google_types":["government_office","point_of_interest","establishment"],"google_maps_uri":"https://maps.google.com/?cid=12654901544040391864&g_mp=Cilnb29nbGUubWFwcy5wbGFjZXMudjEuUGxhY2VzLlNlYXJjaE5lYXJieRACGAQgAA","google_icon_mask_base_uri":"https://maps.gstatic.com/mapfiles/place_api/icons/v2/civic-bldg_pinlet","google_icon_background_color":"#7B9EB0","formatted_address":"XR88+C5M, Tadian, Mountain Province, Philippines","business_status":"OPERATIONAL","rating":null,"user_rating_count":null,"barangay_slug":"tue","barangay_name":"Tue"},"geometry":{"type":"Point","coordinates":[120.81543579999999,16.966079399999998]}},{"type":"Feature","properties":{"name":"Sayapot Primary School","kind":"govt","kind_label":"Government","source":"google_places","google_place_id":"ChIJLQIAAPDVkTMRlI_wwuSUyZU","google_primary_type":"government_office","google_primary_type_label":"Government Office","google_types":["school","educational_institution","government_office","point_of_interest","establishment"],"google_maps_uri":"https://maps.google.com/?cid=10793321692214103956&g_mp=Cilnb29nbGUubWFwcy5wbGFjZXMudjEuUGxhY2VzLlNlYXJjaE5lYXJieRACGAQgAA","google_icon_mask_base_uri":"https://maps.gstatic.com/mapfiles/place_api/icons/v2/school_pinlet","google_icon_background_color":"#7B9EB0","formatted_address":"Dacudac, XR88+C5M, Tadian, Mountain Province, Philippines","business_status":"CLOSED_TEMPORARILY","rating":null,"user_rating_count":null,"barangay_slug":"tue","barangay_name":"Tue"},"geometry":{"type":"Point","coordinates":[120.81543730000001,16.966079699999998]}},{"type":"Feature","properties":{"name":"hsh","kind":"market","kind_label":"Market","source":"google_places","google_place_id":"ChIJf6rBQ9fVkTMRGAGarvmjSdA","google_primary_type":"bakery","google_primary_type_label":"Bakery","google_types":["bakery","food_store","store","point_of_interest","food","establishment"],"google_maps_uri":"https://maps.google.com/?cid=15008707525960401176&g_mp=Cilnb29nbGUubWFwcy5wbGFjZXMudjEuUGxhY2VzLlNlYXJjaE5lYXJieRACGAQgAA","google_icon_mask_base_uri":"https://maps.gstatic.com/mapfiles/place_api/icons/v2/restaurant_pinlet","google_icon_background_color":"#FF9E67","formatted_address":"XR88+C5M, Tadian, baguio, Philippines","business_status":"OPERATIONAL","rating":null,"user_rating_count":null,"barangay_slug":"tue","barangay_name":"Tue"},"geometry":{"type":"Point","coordinates":[120.81543579999999,16.966079399999998]}},{"type":"Feature","properties":{"name":"Mangasin Lake","kind":"tourism","kind_label":"Tourism","source":"google_places","google_place_id":"ChIJmYAI1pLVkTMRGX6HgM3yBjM","google_primary_type":"park","google_primary_type_label":"Park","google_types":["park","point_of_interest","establishment"],"google_maps_uri":"https://maps.google.com/?cid=3676893110233169433&g_mp=Cilnb29nbGUubWFwcy5wbGFjZXMudjEuUGxhY2VzLlNlYXJjaE5lYXJieRACGAQgAA","google_icon_mask_base_uri":"https://maps.gstatic.com/mapfiles/place_api/icons/v2/tree_pinlet","google_icon_background_color":"#4DB546","formatted_address":"XR6G+JW3, Tadian, Mountain Province, Philippines","business_status":"OPERATIONAL","rating":5,"user_rating_count":1,"barangay_slug":"tue","barangay_name":"Tue"},"geometry":{"type":"Point","coordinates":[120.82729339999999,16.9615146]}},{"type":"Feature","properties":{"name":"Église Pentecôte du Togo de Tadjan","kind":"worship","kind_label":"Worship","source":"google_places","google_place_id":"ChIJBU6WPwDVkTMRNHiOslaFLhs","google_primary_type":"church","google_primary_type_label":"Church","google_types":["church","place_of_worship","association_or_organization","point_of_interest","establishment"],"google_maps_uri":"https://maps.google.com/?cid=1958649495362107444&g_mp=Cilnb29nbGUubWFwcy5wbGFjZXMudjEuUGxhY2VzLlNlYXJjaE5lYXJieRACGAQgAA","google_icon_mask_base_uri":"https://maps.gstatic.com/mapfiles/place_api/icons/v2/worship_christian_pinlet","google_icon_background_color":"#7B9EB0","formatted_address":"XR88+C5M, Tadian, Mountain Province, Philippines","business_status":"OPERATIONAL","rating":null,"user_rating_count":null,"barangay_slug":"tue","barangay_name":"Tue"},"geometry":{"type":"Point","coordinates":[120.81543579999999,16.966079399999998]}},{"type":"Feature","properties":{"name":"Roman Catholic Church","kind":"worship","kind_label":"Worship","source":"google_places","google_place_id":"ChIJ46yJFIvVkTMRo8aYd3191hk","google_primary_type":"church","google_primary_type_label":"Church","google_types":["church","place_of_worship","association_or_organization","point_of_interest","establishment"],"google_maps_uri":"https://maps.google.com/?cid=1861813473795163811&g_mp=Cilnb29nbGUubWFwcy5wbGFjZXMudjEuUGxhY2VzLlNlYXJjaE5lYXJieRACGAQgAA","google_icon_mask_base_uri":"https://maps.gstatic.com/mapfiles/place_api/icons/v2/worship_christian_pinlet","google_icon_background_color":"#7B9EB0","formatted_address":"XRCH+6CW, Tadian, Mountain Province, Philippines","business_status":"OPERATIONAL","rating":3.7,"user_rating_count":3,"barangay_slug":"tue","barangay_name":"Tue"},"geometry":{"type":"Point","coordinates":[120.82856649999998,16.9706161]}},{"type":"Feature","properties":{"name":"St. Phillip's Church","kind":"worship","kind_label":"Worship","source":"google_places","google_place_id":"ChIJeZxM1vTVkTMRRSr_Lk6q3-c","google_primary_type":"church","google_primary_type_label":"Church","google_types":["church","place_of_worship","association_or_organization","point_of_interest","establishment"],"google_maps_uri":"https://maps.google.com/?cid=16708260395340474949&g_mp=Cilnb29nbGUubWFwcy5wbGFjZXMudjEuUGxhY2VzLlNlYXJjaE5lYXJieRACGAQgAA","google_icon_mask_base_uri":"https://maps.gstatic.com/mapfiles/place_api/icons/v2/worship_christian_pinlet","google_icon_background_color":"#7B9EB0","formatted_address":"Cervantes, Tadian Road, Tadian, Mountain Province, Philippines","business_status":"OPERATIONAL","rating":null,"user_rating_count":null,"barangay_slug":"tue","barangay_name":"Tue"},"geometry":{"type":"Point","coordinates":[120.8263574,16.9720788]}}]}
